Recording timestamp,Computer timestamp,Sensor,Project name,Export date,Participant name,Recording name,Recording date,Recording date UTC,Recording start time,Recording start time UTC,Recording duration,Timeline name,Recording Fixation filter name,Recording software version,Recording resolution height,Recording resolution width,Recording monitor latency,Average calibration accuracy (mm),Average calibration precision SD (mm),Average calibration precision RMS (mm),Average calibration accuracy (degrees),Average calibration precision SD (degrees),Average calibration precision RMS (degrees),Average calibration accuracy (pixels),Average calibration precision SD (pixels),Average calibration precision RMS (pixels),Average validation accuracy (mm),Average validation precision SD (mm),Average validation precision RMS (mm),Average validation accuracy (degrees),Average validation precision SD (degrees),Average validation precision RMS (degrees),Average validation accuracy (pixels),Average validation precision SD (pixels),Average validation precision RMS (pixels),Eyetracker timestamp,Event,Event value,Gaze point X,Gaze point Y,Gaze point left X,Gaze point left Y,Gaze point right X,Gaze point right Y,Gaze direction left X,Gaze direction left Y,Gaze direction left Z,Gaze direction right X,Gaze direction right Y,Gaze direction right Z,Pupil diameter left,Pupil diameter right,Pupil diameter filtered,Eye openness left,Eye openness right,Eye openness filtered,Validity left,Validity right,Eye position left X (DACSmm),Eye position left Y (DACSmm),Eye position left Z (DACSmm),Eye position right X (DACSmm),Eye position right Y (DACSmm),Eye position right Z (DACSmm),Gaze point left X (DACSmm),Gaze point left Y (DACSmm),Gaze point right X (DACSmm),Gaze point right Y (DACSmm),Gaze point X (MCSnorm),Gaze point Y (MCSnorm),Gaze point left X (MCSnorm),Gaze point left Y (MCSnorm),Gaze point right X (MCSnorm),Gaze point right Y (MCSnorm),Presented Stimulus name,Presented Media name,Presented Media width,Presented Media height,Presented Media position X (DACSpx),Presented Media position Y (DACSpx),Original Media width,Original Media height,Eye movement type,Gaze event duration,Eye movement type index,Fixation point X,Fixation point Y,Fixation point X (MCSnorm),Fixation point Y (MCSnorm),Ungrouped,Client area position X (DACSpx),Client area position Y (DACSpx),Viewport position X,Viewport position Y,Viewport width,Viewport height,Full page width,Full page height,Mouse position X,Mouse position Y
94038889,472177032629,Eye Tracker,LipReading_BJ,10/21/2025,CJY,Recording8,10/18/2025,10/18/2025,10:09:23.595,02:09:23.595,431768,Timeline1,Tobii I-VT (Fixation),1.241.54219,1080,1920,10.0,3.7,2.3,2.7,0.31,0.19,0.23,13,8,10,4.3,4.1,3.4,0.38,0.36,0.3,16,15,12,7394164973,,,959,770,974,778,945,763,0.08477,0.10309,-0.99105,-0.05114,0.0974,-0.99393,3.866,3.881,3.864,,,,Valid,Valid,225.8,163.4,474.4,283.0,162.5,472.9,266.4,212.8,258.7,208.9,0.4997,0.7133,0.507,0.7199,0.4923,0.7066,Screen Recording,Screen Recording Recording8.mp4,1920,1080,0,0,960,540,Fixation,924,216,960,771,0.4999,0.7136,,,,,,,,,,,
94042889,472177036629,Eye Tracker,LipReading_BJ,10/21/2025,CJY,Recording8,10/18/2025,10/18/2025,10:09:23.595,02:09:23.595,431768,Timeline1,Tobii I-VT (Fixation),1.241.54219,1080,1920,10.0,3.7,2.3,2.7,0.31,0.19,0.23,13,8,10,4.3,4.1,3.4,0.38,0.36,0.3,16,15,12,7394168973,,,958,771,978,785,938,757,0.08737,0.10734,-0.99038,-0.05552,0.09364,-0.99406,3.87,3.844,3.864,,,,Valid,Valid,225.8,163.4,474.4,283.0,162.5,472.9,267.7,214.8,256.6,207.1,0.4989,0.7137,0.5095,0.7269,0.4884,0.7005,Screen Recording,Screen Recording Recording8.mp4,1920,1080,0,0,960,540,Fixation,924,216,960,771,0.4999,0.7136,,,,,,,,,,,
94046888,472177040628,Eye Tracker,LipReading_BJ,10/21/2025,CJY,Recording8,10/18/2025,10/18/2025,10:09:23.595,02:09:23.595,431768,Timeline1,Tobii I-VT (Fixation),1.241.54219,1080,1920,10.0,3.7,2.3,2.7,0.31,0.19,0.23,13,8,10,4.3,4.1,3.4,0.38,0.36,0.3,16,15,12,7394172973,,,954,768,973,779,934,757,0.08432,0.10394,-0.991,-0.05736,0.09415,-0.9939,3.895,3.859,3.867,,,,Valid,Valid,225.8,163.4,474.4,283.0,162.5,472.9,266.2,213.2,255.7,207.3,0.4966,0.7113,0.5066,0.7213,0.4867,0.7014,Screen Recording,Screen Recording Recording8.mp4,1920,1080,0,0,960,540,Fixation,924,216,960,771,0.4999,0.7136,,,,,,,,,,,
94050888,472177044628,Eye Tracker,LipReading_BJ,10/21/2025,CJY,Recording8,10/18/2025,10/18/2025,10:09:23.595,02:09:23.595,431768,Timeline1,Tobii I-VT (Fixation),1.241.54219,1080,1920,10.0,3.7,2.3,2.7,0.31,0.19,0.23,13,8,10,4.3,4.1,3.4,0.38,0.36,0.3,16,15,12,7394176973,,,955,769,975,782,936,756,0.08548,0.10547,-0.99074,-0.05632,0.0935,-0.99402,3.885,3.864,3.874,,,,Valid,Valid,225.8,163.4,474.4,283.0,162.5,472.9,266.8,213.9,256.2,207.0,0.4976,0.712,0.5077,0.7237,0.4876,0.7003,Screen Recording,Screen Recording Recording8.mp4,1920,1080,0,0,960,540,Fixation,924,216,960,771,0.4999,0.7136,,,,,,,,,,,
94054888,472177048628,Eye Tracker,LipReading_BJ,10/21/2025,CJY,Recording8,10/18/2025,10/18/2025,10:09:23.595,02:09:23.595,431768,Timeline1,Tobii I-VT (Fixation),1.241.54219,1080,1920,10.0,3.7,2.3,2.7,0.31,0.19,0.23,13,8,10,4.3,4.1,3.4,0.38,0.36,0.3,16,15,12,7394180973,,,959,766,976,776,942,757,0.08612,0.10225,-0.99102,-0.05292,0.09381,-0.99418,3.861,3.866,3.875,,,,Valid,Valid,225.8,163.4,474.5,283.0,162.5,472.9,267.0,212.3,257.8,207.1,0.4995,0.7095,0.5082,0.7184,0.4907,0.7007,Screen Recording,Screen Recording Recording8.mp4,1920,1080,0,0,960,540,Fixation,924,216,960,771,0.4999,0.7136,,,,,,,,,,,
94058888,472177052628,Eye Tracker,LipReading_BJ,10/21/2025,CJY,Recording8,10/18/2025,10/18/2025,10:09:23.595,02:09:23.595,431768,Timeline1,Tobii I-VT (Fixation),1.241.54219,1080,1920,10.0,3.7,2.3,2.7,0.31,0.19,0.23,13,8,10,4.3,4.1,3.4,0.38,0.36,0.3,16,15,12,7394184973,,,956,768,974,776,938,759,0.08482,0.1025,-0.99111,-0.05541,0.09539,-0.9939,3.884,3.893,3.878,,,,Valid,Valid,225.8,163.4,474.5,283.0,162.4,473.0,266.4,212.4,256.6,207.8,0.4977,0.711,0.507,0.7188,0.4884,0.7032,Screen Recording,Screen Recording Recording8.mp4,1920,1080,0,0,960,540,Fixation,924,216,960,771,0.4999,0.7136,,,,,,,,,,,
94062888,472177056628,Eye Tracker,LipReading_BJ,10/21/2025,CJY,Recording8,10/18/2025,10/18/2025,10:09:23.595,02:09:23.595,431768,Timeline1,Tobii I-VT (Fixation),1.241.54219,1080,1920,10.0,3.7,2.3,2.7,0.31,0.19,0.23,13,8,10,4.3,4.1,3.4,0.38,0.36,0.3,16,15,12,7394188973,,,957,770,977,779,937,760,0.08678,0.10408,-0.99078,-0.05606,0.09603,-0.9938,3.875,3.872,3.874,,,,Valid,Valid,225.8,163.4,474.5,283.0,162.4,473.0,267.4,213.2,256.3,208.1,0.4983,0.7127,0.5088,0.7213,0.4878,0.7041,Screen Recording,Screen Recording Recording8.mp4,1920,1080,0,0,960,540,Fixation,924,216,960,771,0.4999,0.7136,,,,,,,,,,,
94066888,472177060628,Eye Tracker,LipReading_BJ,10/21/2025,CJY,Recording8,10/18/2025,10/18/2025,10:09:23.595,02:09:23.595,431768,Timeline1,Tobii I-VT (Fixation),1.241.54219,1080,1920,10.0,3.7,2.3,2.7,0.31,0.19,0.23,13,8,10,4.3,4.1,3.4,0.38,0.36,0.3,16,15,12,7394192973,,,961,772,977,784,944,761,0.087,0.1069,-0.99046,-0.05155,0.09635,-0.99401,3.905,3.899,3.882,,,,Valid,Valid,225.8,163.3,474.5,283.0,162.4,473.1,267.5,214.6,258.4,208.2,0.5004,0.7152,0.509,0.7259,0.4918,0.7046,Screen Recording,Screen Recording Recording8.mp4,1920,1080,0,0,960,540,Fixation,924,216,960,771,0.4999,0.7136,,,,,,,,,,,
94070888,472177064628,Eye Tracker,LipReading_BJ,10/21/2025,CJY,Recording8,10/18/2025,10/18/2025,10:09:23.595,02:09:23.595,431768,Timeline1,Tobii I-VT (Fixation),1.241.54219,1080,1920,10.0,3.7,2.3,2.7,0.31,0.19,0.23,13,8,10,4.3,4.1,3.4,0.38,0.36,0.3,16,15,12,7394196973,,,959,769,974,782,945,755,0.08531,0.10571,-0.99073,-0.05144,0.09321,-0.99432,3.862,3.87,3.879,,,,Valid,Valid,225.8,163.3,474.5,283.0,162.4,473.1,266.6,214.0,258.5,206.7,0.4997,0.7116,0.5075,0.7239,0.4919,0.6994,Screen Recording,Screen Recording Recording8.mp4,1920,1080,0,0,960,540,Fixation,924,216,960,771,0.4999,0.7136,,,,,,,,,,,
94074888,472177068628,Eye Tracker,LipReading_BJ,10/21/2025,CJY,Recording8,10/18/2025,10/18/2025,10:09:23.595,02:09:23.595,431768,Timeline1,Tobii I-VT (Fixation),1.241.54219,1080,1920,10.0,3.7,2.3,2.7,0.31,0.19,0.23,13,8,10,4.3,4.1,3.4,0.38,0.36,0.3,16,15,12,7394200973,,,960,765,976,773,945,758,0.0864,0.10058,-0.99117,-0.05132,0.09469,-0.99418,3.885,3.88,3.878,,,,Valid,Valid,225.8,163.3,474.5,283.0,162.3,473.1,267.1,211.5,258.5,207.4,0.5002,0.7086,0.5084,0.7155,0.492,0.7017,Screen Recording,Screen Recording Recording8.mp4,1920,1080,0,0,960,540,Fixation,924,216,960,771,0.4999,0.7136,,,,,,,,,,,
94078888,472177072628,Eye Tracker,LipReading_BJ,10/21/2025,CJY,Recording8,10/18/2025,10/18/2025,10:09:23.595,02:09:23.595,431768,Timeline1,Tobii I-VT (Fixation),1.241.54219,1080,1920,10.0,3.7,2.3,2.7,0.31,0.19,0.23,13,8,10,4.3,4.1,3.4,0.38,0.36,0.3,16,15,12,7394204973,,,958,764,972,772,944,755,0.08413,0.10038,-0.99139,-0.05158,0.09295,-0.99433,3.896,3.868,3.878,,,,Valid,Valid,225.8,163.3,474.5,282.9,162.3,473.2,266.0,211.4,258.4,206.5,0.4991,0.7069,0.5063,0.7151,0.4918,0.6988,Screen Recording,Screen Recording Recording8.mp4,1920,1080,0,0,960,540,Fixation,924,216,960,771,0.4999,0.7136,,,,,,,,,,,
94082888,472177076628,Eye Tracker,LipReading_BJ,10/21/2025,CJY,Recording8,10/18/2025,10/18/2025,10:09:23.595,02:09:23.595,431768,Timeline1,Tobii I-VT (Fixation),1.241.54219,1080,1920,10.0,3.7,2.3,2.7,0.31,0.19,0.23,13,8,10,4.3,4.1,3.4,0.38,0.36,0.3,16,15,12,7394208973,,,962,761,980,764,944,759,0.0888,0.09549,-0.99146,-0.05177,0.09541,-0.99409,3.887,3.866,3.888,,,,Valid,Valid,225.8,163.3,474.5,282.9,162.3,473.2,268.3,209.0,258.3,207.7,0.5011,0.7049,0.5106,0.7071,0.4916,0.7027,Screen Recording,Screen Recording Recording8.mp4,1920,1080,0,0,960,540,Fixation,924,216,960,771,0.4999,0.7136,,,,,,,,,,,
94086888,472177080628,Eye Tracker,LipReading_BJ,10/21/2025,CJY,Recording8,10/18/2025,10/18/2025,10:09:23.595,02:09:23.595,431768,Timeline1,Tobii I-VT (Fixation),1.241.54219,1080,1920,10.0,3.7,2.3,2.7,0.31,0.19,0.23,13,8,10,4.3,4.1,3.4,0.38,0.36,0.3,16,15,12,7394212973,,,959,765,976,776,941,754,0.08656,0.10272,-0.99094,-0.05317,0.0927,-0.99427,3.907,3.9,3.885,,,,Valid,Valid,225.8,163.2,474.6,282.9,162.3,473.2,267.2,212.4,257.6,206.4,0.4994,0.7085,0.5085,0.7187,0.4903,0.6983,Screen Recording,Screen Recording Recording8.mp4,1920,1080,0,0,960,540,Fixation,924,216,960,771,0.4999,0.7136,,,,,,,,,,,
94090888,472177084628,Eye Tracker,LipReading_BJ,10/21/2025,CJY,Recording8,10/18/2025,10/18/2025,10:09:23.595,02:09:23.595,431768,Timeline1,Tobii I-VT (Fixation),1.241.54219,1080,1920,10.0,3.7,2.3,2.7,0.31,0.19,0.23,13,8,10,4.3,4.1,3.4,0.38,0.36,0.3,16,15,12,7394216973,,,955,768,972,775,938,761,0.08387,0.10208,-0.99123,-0.05536,0.09642,-0.9938,3.899,3.894,3.898,,,,Valid,Valid,225.8,163.2,474.6,282.9,162.2,473.2,265.9,212.1,256.6,208.2,0.4972,0.7109,0.5061,0.7176,0.4883,0.7043,Screen Recording,Screen Recording Recording8.mp4,1920,1080,0,0,960,540,Fixation,924,216,960,771,0.4999,0.7136,,,,,,,,,,,
94094888,472177088628,Eye Tracker,LipReading_BJ,10/21/2025,CJY,Recording8,10/18/2025,10/18/2025,10:09:23.595,02:09:23.595,431768,Timeline1,Tobii I-VT (Fixation),1.241.54219,1080,1920,10.0,3.7,2.3,2.7,0.31,0.19,0.23,13,8,10,4.3,4.1,3.4,0.38,0.36,0.3,16,15,12,7394220973,,,956,763,975,770,938,755,0.08557,0.09958,-0.99134,-0.05539,0.0931,-0.99411,3.909,3.871,3.901,,,,Valid,Valid,225.7,163.2,474.6,282.9,162.2,473.3,266.7,210.9,256.6,206.5,0.498,0.7061,0.5076,0.7134,0.4883,0.6988,Screen Recording,Screen Recording Recording8.mp4,1920,1080,0,0,960,540,Saccade,12,379,,,,,,,,,,,,,,,
94098886,472177092626,Eye Tracker,LipReading_BJ,10/21/2025,CJY,Recording8,10/18/2025,10/18/2025,10:09:23.595,02:09:23.595,431768,Timeline1,Tobii I-VT (Fixation),1.241.54219,1080,1920,10.0,3.7,2.3,2.7,0.31,0.19,0.23,13,8,10,4.3,4.1,3.4,0.38,0.36,0.3,16,15,12,7394224971,,,954,754,977,768,930,741,0.08687,0.09808,-0.99138,-0.05966,0.08531,-0.99457,3.902,3.904,3.903,,,,Valid,Valid,225.7,163.2,474.6,282.9,162.2,473.3,267.3,210.1,254.6,202.8,0.4966,0.6985,0.5088,0.7109,0.4845,0.6861,Screen Recording,Screen Recording Recording8.mp4,1920,1080,0,0,960,540,Saccade,12,379,,,,,,,,,,,,,,,
94102885,472177096625,Eye Tracker,LipReading_BJ,10/21/2025,CJY,Recording8,10/18/2025,10/18/2025,10:09:23.595,02:09:23.595,431768,Timeline1,Tobii I-VT (Fixation),1.241.54219,1080,1920,10.0,3.7,2.3,2.7,0.31,0.19,0.23,13,8,10,4.3,4.1,3.4,0.38,0.36,0.3,16,15,12,7394228971,,,932,728,,,932,728,,,,-0.05876,0.07816,-0.99521,,3.908,3.908,,,,Invalid,Valid,,,,283.0,162.1,473.5,,,255.0,199.3,0.4853,0.6743,,,0.4853,0.6743,Screen Recording,Screen Recording Recording8.mp4,1920,1080,0,0,960,540,Saccade,12,379,,,,,,,,,,,,,,,
94106885,472177100625,Eye Tracker,LipReading_BJ,10/21/2025,CJY,Recording8,10/18/2025,10/18/2025,10:09:23.595,02:09:23.595,431768,Timeline1,Tobii I-VT (Fixation),1.241.54219,1080,1920,10.0,3.7,2.3,2.7,0.31,0.19,0.23,13,8,10,4.3,4.1,3.4,0.38,0.36,0.3,16,15,12,7394232971,,,,,,,,,,,,,,,,,,,,,Invalid,Invalid,,,,,,,,,,,,,,,,,Screen Recording,Screen Recording Recording8.mp4,1920,1080,0,0,960,540,EyesNotFound,168,64,,,,,,,,,,,,,,,
94110885,472177104625,Eye Tracker,LipReading_BJ,10/21/2025,CJY,Recording8,10/18/2025,10/18/2025,10:09:23.595,02:09:23.595,431768,Timeline1,Tobii I-VT (Fixation),1.241.54219,1080,1920,10.0,3.7,2.3,2.7,0.31,0.19,0.23,13,8,10,4.3,4.1,3.4,0.38,0.36,0.3,16,15,12,7394236971,,,,,,,,,,,,,,,,,,,,,Invalid,Invalid,,,,,,,,,,,,,,,,,Screen Recording,Screen Recording Recording8.mp4,1920,1080,0,0,960,540,EyesNotFound,168,64,,,,,,,,,,,,,,,
94114885,472177108625,Eye Tracker,LipReading_BJ,10/21/2025,CJY,Recording8,10/18/2025,10/18/2025,10:09:23.595,02:09:23.595,431768,Timeline1,Tobii I-VT (Fixation),1.241.54219,1080,1920,10.0,3.7,2.3,2.7,0.31,0.19,0.23,13,8,10,4.3,4.1,3.4,0.38,0.36,0.3,16,15,12,7394240971,,,,,,,,,,,,,,,,,,,,,Invalid,Invalid,,,,,,,,,,,,,,,,,Screen Recording,Screen Recording Recording8.mp4,1920,1080,0,0,960,540,EyesNotFound,168,64,,,,,,,,,,,,,,,
94118885,472177112625,Eye Tracker,LipReading_BJ,10/21/2025,CJY,Recording8,10/18/2025,10/18/2025,10:09:23.595,02:09:23.595,431768,Timeline1,Tobii I-VT (Fixation),1.241.54219,1080,1920,10.0,3.7,2.3,2.7,0.31,0.19,0.23,13,8,10,4.3,4.1,3.4,0.38,0.36,0.3,16,15,12,7394244971,,,,,,,,,,,,,,,,,,,,,Invalid,Invalid,,,,,,,,,,,,,,,,,Screen Recording,Screen Recording Recording8.mp4,1920,1080,0,0,960,540,EyesNotFound,168,64,,,,,,,,,,,,,,,
94122885,472177116625,Eye Tracker,LipReading_BJ,10/21/2025,CJY,Recording8,10/18/2025,10/18/2025,10:09:23.595,02:09:23.595,431768,Timeline1,Tobii I-VT (Fixation),1.241.54219,1080,1920,10.0,3.7,2.3,2.7,0.31,0.19,0.23,13,8,10,4.3,4.1,3.4,0.38,0.36,0.3,16,15,12,7394248971,,,,,,,,,,,,,,,,,,,,,Invalid,Invalid,,,,,,,,,,,,,,,,,Screen Recording,Screen Recording Recording8.mp4,1920,1080,0,0,960,540,EyesNotFound,168,64,,,,,,,,,,,,,,,
94126885,472177120625,Eye Tracker,LipReading_BJ,10/21/2025,CJY,Recording8,10/18/2025,10/18/2025,10:09:23.595,02:09:23.595,431768,Timeline1,Tobii I-VT (Fixation),1.241.54219,1080,1920,10.0,3.7,2.3,2.7,0.31,0.19,0.23,13,8,10,4.3,4.1,3.4,0.38,0.36,0.3,16,15,12,7394252971,,,,,,,,,,,,,,,,,,,,,Invalid,Invalid,,,,,,,,,,,,,,,,,Screen Recording,Screen Recording Recording8.mp4,1920,1080,0,0,960,540,EyesNotFound,168,64,,,,,,,,,,,,,,,
94130886,472177124626,Eye Tracker,LipReading_BJ,10/21/2025,CJY,Recording8,10/18/2025,10/18/2025,10:09:23.595,02:09:23.595,431768,Timeline1,Tobii I-VT (Fixation),1.241.54219,1080,1920,10.0,3.7,2.3,2.7,0.31,0.19,0.23,13,8,10,4.3,4.1,3.4,0.38,0.36,0.3,16,15,12,7394256972,,,,,,,,,,,,,,,,,,,,,Invalid,Invalid,,,,,,,,,,,,,,,,,Screen Recording,Screen Recording Recording8.mp4,1920,1080,0,0,960,540,EyesNotFound,168,64,,,,,,,,,,,,,,,
94134886,472177128626,Eye Tracker,LipReading_BJ,10/21/2025,CJY,Recording8,10/18/2025,10/18/2025,10:09:23.595,02:09:23.595,431768,Timeline1,Tobii I-VT (Fixation),1.241.54219,1080,1920,10.0,3.7,2.3,2.7,0.31,0.19,0.23,13,8,10,4.3,4.1,3.4,0.38,0.36,0.3,16,15,12,7394260972,,,,,,,,,,,,,,,,,,,,,Invalid,Invalid,,,,,,,,,,,,,,,,,Screen Recording,Screen Recording Recording8.mp4,1920,1080,0,0,960,540,EyesNotFound,168,64,,,,,,,,,,,,,,,
94138885,472177132625,Eye Tracker,LipReading_BJ,10/21/2025,CJY,Recording8,10/18/2025,10/18/2025,10:09:23.595,02:09:23.595,431768,Timeline1,Tobii I-VT (Fixation),1.241.54219,1080,1920,10.0,3.7,2.3,2.7,0.31,0.19,0.23,13,8,10,4.3,4.1,3.4,0.38,0.36,0.3,16,15,12,7394264971,,,,,,,,,,,,,,,,,,,,,Invalid,Invalid,,,,,,,,,,,,,,,,,Screen Recording,Screen Recording Recording8.mp4,1920,1080,0,0,960,540,EyesNotFound,168,64,,,,,,,,,,,,,,,
94142886,472177136626,Eye Tracker,LipReading_BJ,10/21/2025,CJY,Recording8,10/18/2025,10/18/2025,10:09:23.595,02:09:23.595,431768,Timeline1,Tobii I-VT (Fixation),1.241.54219,1080,1920,10.0,3.7,2.3,2.7,0.31,0.19,0.23,13,8,10,4.3,4.1,3.4,0.38,0.36,0.3,16,15,12,7394268972,,,,,,,,,,,,,,,,,,,,,Invalid,Invalid,,,,,,,,,,,,,,,,,Screen Recording,Screen Recording Recording8.mp4,1920,1080,0,0,960,540,EyesNotFound,168,64,,,,,,,,,,,,,,,
94146886,472177140626,Eye Tracker,LipReading_BJ,10/21/2025,CJY,Recording8,10/18/2025,10/18/2025,10:09:23.595,02:09:23.595,431768,Timeline1,Tobii I-VT (Fixation),1.241.54219,1080,1920,10.0,3.7,2.3,2.7,0.31,0.19,0.23,13,8,10,4.3,4.1,3.4,0.38,0.36,0.3,16,15,12,7394272972,,,,,,,,,,,,,,,,,,,,,Invalid,Invalid,,,,,,,,,,,,,,,,,Screen Recording,Screen Recording Recording8.mp4,1920,1080,0,0,960,540,EyesNotFound,168,64,,,,,,,,,,,,,,,
94150885,472177144625,Eye Tracker,LipReading_BJ,10/21/2025,CJY,Recording8,10/18/2025,10/18/2025,10:09:23.595,02:09:23.595,431768,Timeline1,Tobii I-VT (Fixation),1.241.54219,1080,1920,10.0,3.7,2.3,2.7,0.31,0.19,0.23,13,8,10,4.3,4.1,3.4,0.38,0.36,0.3,16,15,12,7394276971,,,,,,,,,,,,,,,,,,,,,Invalid,Invalid,,,,,,,,,,,,,,,,,Screen Recording,Screen Recording Recording8.mp4,1920,1080,0,0,960,540,EyesNotFound,168,64,,,,,,,,,,,,,,,
94154885,472177148625,Eye Tracker,LipReading_BJ,10/21/2025,CJY,Recording8,10/18/2025,10/18/2025,10:09:23.595,02:09:23.595,431768,Timeline1,Tobii I-VT (Fixation),1.241.54219,1080,1920,10.0,3.7,2.3,2.7,0.31,0.19,0.23,13,8,10,4.3,4.1,3.4,0.38,0.36,0.3,16,15,12,7394280971,,,,,,,,,,,,,,,,,,,,,Invalid,Invalid,,,,,,,,,,,,,,,,,Screen Recording,Screen Recording Recording8.mp4,1920,1080,0,0,960,540,EyesNotFound,168,64,,,,,,,,,,,,,,,
94158886,472177152626,Eye Tracker,LipReading_BJ,10/21/2025,CJY,Recording8,10/18/2025,10/18/2025,10:09:23.595,02:09:23.595,431768,Timeline1,Tobii I-VT (Fixation),1.241.54219,1080,1920,10.0,3.7,2.3,2.7,0.31,0.19,0.23,13,8,10,4.3,4.1,3.4,0.38,0.36,0.3,16,15,12,7394284972,,,,,,,,,,,,,,,,,,,,,Invalid,Invalid,,,,,,,,,,,,,,,,,Screen Recording,Screen Recording Recording8.mp4,1920,1080,0,0,960,540,EyesNotFound,168,64,,,,,,,,,,,,,,,
94162885,472177156625,Eye Tracker,LipReading_BJ,10/21/2025,CJY,Recording8,10/18/2025,10/18/2025,10:09:23.595,02:09:23.595,431768,Timeline1,Tobii I-VT (Fixation),1.241.54219,1080,1920,10.0,3.7,2.3,2.7,0.31,0.19,0.23,13,8,10,4.3,4.1,3.4,0.38,0.36,0.3,16,15,12,7394288971,,,,,,,,,,,,,,,,,,,,,Invalid,Invalid,,,,,,,,,,,,,,,,,Screen Recording,Screen Recording Recording8.mp4,1920,1080,0,0,960,540,EyesNotFound,168,64,,,,,,,,,,,,,,,
94166885,472177160625,Eye Tracker,LipReading_BJ,10/21/2025,CJY,Recording8,10/18/2025,10/18/2025,10:09:23.595,02:09:23.595,431768,Timeline1,Tobii I-VT (Fixation),1.241.54219,1080,1920,10.0,3.7,2.3,2.7,0.31,0.19,0.23,13,8,10,4.3,4.1,3.4,0.38,0.36,0.3,16,15,12,7394292971,,,,,,,,,,,,,,,,,,,,,Invalid,Invalid,,,,,,,,,,,,,,,,,Screen Recording,Screen Recording Recording8.mp4,1920,1080,0,0,960,540,EyesNotFound,168,64,,,,,,,,,,,,,,,
94170886,472177164626,Eye Tracker,LipReading_BJ,10/21/2025,CJY,Recording8,10/18/2025,10/18/2025,10:09:23.595,02:09:23.595,431768,Timeline1,Tobii I-VT (Fixation),1.241.54219,1080,1920,10.0,3.7,2.3,2.7,0.31,0.19,0.23,13,8,10,4.3,4.1,3.4,0.38,0.36,0.3,16,15,12,7394296972,,,,,,,,,,,,,,,,,,,,,Invalid,Invalid,,,,,,,,,,,,,,,,,Screen Recording,Screen Recording Recording8.mp4,1920,1080,0,0,960,540,EyesNotFound,168,64,,,,,,,,,,,,,,,
94174886,472177168626,Eye Tracker,LipReading_BJ,10/21/2025,CJY,Recording8,10/18/2025,10/18/2025,10:09:23.595,02:09:23.595,431768,Timeline1,Tobii I-VT (Fixation),1.241.54219,1080,1920,10.0,3.7,2.3,2.7,0.31,0.19,0.23,13,8,10,4.3,4.1,3.4,0.38,0.36,0.3,16,15,12,7394300972,,,,,,,,,,,,,,,,,,,,,Invalid,Invalid,,,,,,,,,,,,,,,,,Screen Recording,Screen Recording Recording8.mp4,1920,1080,0,0,960,540,EyesNotFound,168,64,,,,,,,,,,,,,,,
94178885,472177172625,Eye Tracker,LipReading_BJ,10/21/2025,CJY,Recording8,10/18/2025,10/18/2025,10:09:23.595,02:09:23.595,431768,Timeline1,Tobii I-VT (Fixation),1.241.54219,1080,1920,10.0,3.7,2.3,2.7,0.31,0.19,0.23,13,8,10,4.3,4.1,3.4,0.38,0.36,0.3,16,15,12,7394304971,,,,,,,,,,,,,,,,,,,,,Invalid,Invalid,,,,,,,,,,,,,,,,,Screen Recording,Screen Recording Recording8.mp4,1920,1080,0,0,960,540,EyesNotFound,168,64,,,,,,,,,,,,,,,
94182886,472177176626,Eye Tracker,LipReading_BJ,10/21/2025,CJY,Recording8,10/18/2025,10/18/2025,10:09:23.595,02:09:23.595,431768,Timeline1,Tobii I-VT (Fixation),1.241.54219,1080,1920,10.0,3.7,2.3,2.7,0.31,0.19,0.23,13,8,10,4.3,4.1,3.4,0.38,0.36,0.3,16,15,12,7394308972,,,,,,,,,,,,,,,,,,,,,Invalid,Invalid,,,,,,,,,,,,,,,,,Screen Recording,Screen Recording Recording8.mp4,1920,1080,0,0,960,540,EyesNotFound,168,64,,,,,,,,,,,,,,,
94186885,472177180625,Eye Tracker,LipReading_BJ,10/21/2025,CJY,Recording8,10/18/2025,10/18/2025,10:09:23.595,02:09:23.595,431768,Timeline1,Tobii I-VT (Fixation),1.241.54219,1080,1920,10.0,3.7,2.3,2.7,0.31,0.19,0.23,13,8,10,4.3,4.1,3.4,0.38,0.36,0.3,16,15,12,7394312972,,,,,,,,,,,,,,,,,,,,,Invalid,Invalid,,,,,,,,,,,,,,,,,Screen Recording,Screen Recording Recording8.mp4,1920,1080,0,0,960,540,EyesNotFound,168,64,,,,,,,,,,,,,,,
94190884,472177184624,Eye Tracker,LipReading_BJ,10/21/2025,CJY,Recording8,10/18/2025,10/18/2025,10:09:23.595,02:09:23.595,431768,Timeline1,Tobii I-VT (Fixation),1.241.54219,1080,1920,10.0,3.7,2.3,2.7,0.31,0.19,0.23,13,8,10,4.3,4.1,3.4,0.38,0.36,0.3,16,15,12,7394316971,,,,,,,,,,,,,,,,,,,,,Invalid,Invalid,,,,,,,,,,,,,,,,,Screen Recording,Screen Recording Recording8.mp4,1920,1080,0,0,960,540,EyesNotFound,168,64,,,,,,,,,,,,,,,
94194884,472177188624,Eye Tracker,LipReading_BJ,10/21/2025,CJY,Recording8,10/18/2025,10/18/2025,10:09:23.595,02:09:23.595,431768,Timeline1,Tobii I-VT (Fixation),1.241.54219,1080,1920,10.0,3.7,2.3,2.7,0.31,0.19,0.23,13,8,10,4.3,4.1,3.4,0.38,0.36,0.3,16,15,12,7394320971,,,,,,,,,,,,,,,,,,,,,Invalid,Invalid,,,,,,,,,,,,,,,,,Screen Recording,Screen Recording Recording8.mp4,1920,1080,0,0,960,540,EyesNotFound,168,64,,,,,,,,,,,,,,,
94198885,472177192625,Eye Tracker,LipReading_BJ,10/21/2025,CJY,Recording8,10/18/2025,10/18/2025,10:09:23.595,02:09:23.595,431768,Timeline1,Tobii I-VT (Fixation),1.241.54219,1080,1920,10.0,3.7,2.3,2.7,0.31,0.19,0.23,13,8,10,4.3,4.1,3.4,0.38,0.36,0.3,16,15,12,7394324972,,,,,,,,,,,,,,,,,,,,,Invalid,Invalid,,,,,,,,,,,,,,,,,Screen Recording,Screen Recording Recording8.mp4,1920,1080,0,0,960,540,EyesNotFound,168,64,,,,,,,,,,,,,,,
94202884,472177196624,Eye Tracker,LipReading_BJ,10/21/2025,CJY,Recording8,10/18/2025,10/18/2025,10:09:23.595,02:09:23.595,431768,Timeline1,Tobii I-VT (Fixation),1.241.54219,1080,1920,10.0,3.7,2.3,2.7,0.31,0.19,0.23,13,8,10,4.3,4.1,3.4,0.38,0.36,0.3,16,15,12,7394328971,,,,,,,,,,,,,,,,,,,,,Invalid,Invalid,,,,,,,,,,,,,,,,,Screen Recording,Screen Recording Recording8.mp4,1920,1080,0,0,960,540,EyesNotFound,168,64,,,,,,,,,,,,,,,
94206884,472177200624,Eye Tracker,LipReading_BJ,10/21/2025,CJY,Recording8,10/18/2025,10/18/2025,10:09:23.595,02:09:23.595,431768,Timeline1,Tobii I-VT (Fixation),1.241.54219,1080,1920,10.0,3.7,2.3,2.7,0.31,0.19,0.23,13,8,10,4.3,4.1,3.4,0.38,0.36,0.3,16,15,12,7394332971,,,,,,,,,,,,,,,,,,,,,Invalid,Invalid,,,,,,,,,,,,,,,,,Screen Recording,Screen Recording Recording8.mp4,1920,1080,0,0,960,540,EyesNotFound,168,64,,,,,,,,,,,,,,,
94210885,472177204625,Eye Tracker,LipReading_BJ,10/21/2025,CJY,Recording8,10/18/2025,10/18/2025,10:09:23.595,02:09:23.595,431768,Timeline1,Tobii I-VT (Fixation),1.241.54219,1080,1920,10.0,3.7,2.3,2.7,0.31,0.19,0.23,13,8,10,4.3,4.1,3.4,0.38,0.36,0.3,16,15,12,7394336972,,,,,,,,,,,,,,,,,,,,,Invalid,Invalid,,,,,,,,,,,,,,,,,Screen Recording,Screen Recording Recording8.mp4,1920,1080,0,0,960,540,EyesNotFound,168,64,,,,,,,,,,,,,,,
94214885,472177208625,Eye Tracker,LipReading_BJ,10/21/2025,CJY,Recording8,10/18/2025,10/18/2025,10:09:23.595,02:09:23.595,431768,Timeline1,Tobii I-VT (Fixation),1.241.54219,1080,1920,10.0,3.7,2.3,2.7,0.31,0.19,0.23,13,8,10,4.3,4.1,3.4,0.38,0.36,0.3,16,15,12,7394340972,,,,,,,,,,,,,,,,,,,,,Invalid,Invalid,,,,,,,,,,,,,,,,,Screen Recording,Screen Recording Recording8.mp4,1920,1080,0,0,960,540,EyesNotFound,168,64,,,,,,,,,,,,,,,
94218884,472177212624,Eye Tracker,LipReading_BJ,10/21/2025,CJY,Recording8,10/18/2025,10/18/2025,10:09:23.595,02:09:23.595,431768,Timeline1,Tobii I-VT (Fixation),1.241.54219,1080,1920,10.0,3.7,2.3,2.7,0.31,0.19,0.23,13,8,10,4.3,4.1,3.4,0.38,0.36,0.3,16,15,12,7394344971,,,,,,,,,,,,,,,,,,,,,Invalid,Invalid,,,,,,,,,,,,,,,,,Screen Recording,Screen Recording Recording8.mp4,1920,1080,0,0,960,540,EyesNotFound,168,64,,,,,,,,,,,,,,,
94222885,472177216625,Eye Tracker,LipReading_BJ,10/21/2025,CJY,Recording8,10/18/2025,10/18/2025,10:09:23.595,02:09:23.595,431768,Timeline1,Tobii I-VT (Fixation),1.241.54219,1080,1920,10.0,3.7,2.3,2.7,0.31,0.19,0.23,13,8,10,4.3,4.1,3.4,0.38,0.36,0.3,16,15,12,7394348972,,,,,,,,,,,,,,,,,,,,,Invalid,Invalid,,,,,,,,,,,,,,,,,Screen Recording,Screen Recording Recording8.mp4,1920,1080,0,0,960,540,EyesNotFound,168,64,,,,,,,,,,,,,,,
94226885,472177220625,Eye Tracker,LipReading_BJ,10/21/2025,CJY,Recording8,10/18/2025,10/18/2025,10:09:23.595,02:09:23.595,431768,Timeline1,Tobii I-VT (Fixation),1.241.54219,1080,1920,10.0,3.7,2.3,2.7,0.31,0.19,0.23,13,8,10,4.3,4.1,3.4,0.38,0.36,0.3,16,15,12,7394352972,,,,,,,,,,,,,,,,,,,,,Invalid,Invalid,,,,,,,,,,,,,,,,,Screen Recording,Screen Recording Recording8.mp4,1920,1080,0,0,960,540,EyesNotFound,168,64,,,,,,,,,,,,,,,
94230882,472177224622,Eye Tracker,LipReading_BJ,10/21/2025,CJY,Recording8,10/18/2025,10/18/2025,10:09:23.595,02:09:23.595,431768,Timeline1,Tobii I-VT (Fixation),1.241.54219,1080,1920,10.0,3.7,2.3,2.7,0.31,0.19,0.23,13,8,10,4.3,4.1,3.4,0.38,0.36,0.3,16,15,12,7394356969,,,,,,,,,,,,,,,,,,,,,Invalid,Invalid,,,,,,,,,,,,,,,,,Screen Recording,Screen Recording Recording8.mp4,1920,1080,0,0,960,540,EyesNotFound,168,64,,,,,,,,,,,,,,,
94234882,472177228622,Eye Tracker,LipReading_BJ,10/21/2025,CJY,Recording8,10/18/2025,10/18/2025,10:09:23.595,02:09:23.595,431768,Timeline1,Tobii I-VT (Fixation),1.241.54219,1080,1920,10.0,3.7,2.3,2.7,0.31,0.19,0.23,13,8,10,4.3,4.1,3.4,0.38,0.36,0.3,16,15,12,7394360969,,,,,,,,,,,,,,,,,,,,,Invalid,Invalid,,,,,,,,,,,,,,,,,Screen Recording,Screen Recording Recording8.mp4,1920,1080,0,0,960,540,EyesNotFound,168,64,,,,,,,,,,,,,,,
94238883,472177232623,Eye Tracker,LipReading_BJ,10/21/2025,CJY,Recording8,10/18/2025,10/18/2025,10:09:23.595,02:09:23.595,431768,Timeline1,Tobii I-VT (Fixation),1.241.54219,1080,1920,10.0,3.7,2.3,2.7,0.31,0.19,0.23,13,8,10,4.3,4.1,3.4,0.38,0.36,0.3,16,15,12,7394364970,,,,,,,,,,,,,,,,,,,,,Invalid,Invalid,,,,,,,,,,,,,,,,,Screen Recording,Screen Recording Recording8.mp4,1920,1080,0,0,960,540,EyesNotFound,168,64,,,,,,,,,,,,,,,
94242882,472177236622,Eye Tracker,LipReading_BJ,10/21/2025,CJY,Recording8,10/18/2025,10/18/2025,10:09:23.595,02:09:23.595,431768,Timeline1,Tobii I-VT (Fixation),1.241.54219,1080,1920,10.0,3.7,2.3,2.7,0.31,0.19,0.23,13,8,10,4.3,4.1,3.4,0.38,0.36,0.3,16,15,12,7394368969,,,,,,,,,,,,,,,,,,,,,Invalid,Invalid,,,,,,,,,,,,,,,,,Screen Recording,Screen Recording Recording8.mp4,1920,1080,0,0,960,540,EyesNotFound,168,64,,,,,,,,,,,,,,,
94246882,472177240622,Eye Tracker,LipReading_BJ,10/21/2025,CJY,Recording8,10/18/2025,10/18/2025,10:09:23.595,02:09:23.595,431768,Timeline1,Tobii I-VT (Fixation),1.241.54219,1080,1920,10.0,3.7,2.3,2.7,0.31,0.19,0.23,13,8,10,4.3,4.1,3.4,0.38,0.36,0.3,16,15,12,7394372969,,,,,,,,,,,,,,,,,,,,,Invalid,Invalid,,,,,,,,,,,,,,,,,Screen Recording,Screen Recording Recording8.mp4,1920,1080,0,0,960,540,EyesNotFound,168,64,,,,,,,,,,,,,,,
94250883,472177244623,Eye Tracker,LipReading_BJ,10/21/2025,CJY,Recording8,10/18/2025,10/18/2025,10:09:23.595,02:09:23.595,431768,Timeline1,Tobii I-VT (Fixation),1.241.54219,1080,1920,10.0,3.7,2.3,2.7,0.31,0.19,0.23,13,8,10,4.3,4.1,3.4,0.38,0.36,0.3,16,15,12,7394376970,,,,,,,,,,,,,,,,,,,,,Invalid,Invalid,,,,,,,,,,,,,,,,,Screen Recording,Screen Recording Recording8.mp4,1920,1080,0,0,960,540,EyesNotFound,168,64,,,,,,,,,,,,,,,
94254882,472177248622,Eye Tracker,LipReading_BJ,10/21/2025,CJY,Recording8,10/18/2025,10/18/2025,10:09:23.595,02:09:23.595,431768,Timeline1,Tobii I-VT (Fixation),1.241.54219,1080,1920,10.0,3.7,2.3,2.7,0.31,0.19,0.23,13,8,10,4.3,4.1,3.4,0.38,0.36,0.3,16,15,12,7394380969,,,,,,,,,,,,,,,,,,,,,Invalid,Invalid,,,,,,,,,,,,,,,,,Screen Recording,Screen Recording Recording8.mp4,1920,1080,0,0,960,540,EyesNotFound,168,64,,,,,,,,,,,,,,,
94258882,472177252622,Eye Tracker,LipReading_BJ,10/21/2025,CJY,Recording8,10/18/2025,10/18/2025,10:09:23.595,02:09:23.595,431768,Timeline1,Tobii I-VT (Fixation),1.241.54219,1080,1920,10.0,3.7,2.3,2.7,0.31,0.19,0.23,13,8,10,4.3,4.1,3.4,0.38,0.36,0.3,16,15,12,7394384969,,,,,,,,,,,,,,,,,,,,,Invalid,Invalid,,,,,,,,,,,,,,,,,Screen Recording,Screen Recording Recording8.mp4,1920,1080,0,0,960,540,EyesNotFound,168,64,,,,,,,,,,,,,,,
94262883,472177256623,Eye Tracker,LipReading_BJ,10/21/2025,CJY,Recording8,10/18/2025,10/18/2025,10:09:23.595,02:09:23.595,431768,Timeline1,Tobii I-VT (Fixation),1.241.54219,1080,1920,10.0,3.7,2.3,2.7,0.31,0.19,0.23,13,8,10,4.3,4.1,3.4,0.38,0.36,0.3,16,15,12,7394388970,,,,,,,,,,,,,,,,,,,,,Invalid,Invalid,,,,,,,,,,,,,,,,,Screen Recording,Screen Recording Recording8.mp4,1920,1080,0,0,960,540,EyesNotFound,168,64,,,,,,,,,,,,,,,
94266882,472177260622,Eye Tracker,LipReading_BJ,10/21/2025,CJY,Recording8,10/18/2025,10/18/2025,10:09:23.595,02:09:23.595,431768,Timeline1,Tobii I-VT (Fixation),1.241.54219,1080,1920,10.0,3.7,2.3,2.7,0.31,0.19,0.23,13,8,10,4.3,4.1,3.4,0.38,0.36,0.3,16,15,12,7394392969,,,,,,,,,,,,,,,,,,,,,Invalid,Invalid,,,,,,,,,,,,,,,,,Screen Recording,Screen Recording Recording8.mp4,1920,1080,0,0,960,540,EyesNotFound,168,64,,,,,,,,,,,,,,,
94270882,472177264622,Eye Tracker,LipReading_BJ,10/21/2025,CJY,Recording8,10/18/2025,10/18/2025,10:09:23.595,02:09:23.595,431768,Timeline1,Tobii I-VT (Fixation),1.241.54219,1080,1920,10.0,3.7,2.3,2.7,0.31,0.19,0.23,13,8,10,4.3,4.1,3.4,0.38,0.36,0.3,16,15,12,7394396969,,,,,,,,,,,,,,,,,,,,,Invalid,Invalid,,,,,,,,,,,,,,,,,Screen Recording,Screen Recording Recording8.mp4,1920,1080,0,0,960,540,EyesNotFound,168,64,,,,,,,,,,,,,,,
94274882,472177268622,Eye Tracker,LipReading_BJ,10/21/2025,CJY,Recording8,10/18/2025,10/18/2025,10:09:23.595,02:09:23.595,431768,Timeline1,Tobii I-VT (Fixation),1.241.54219,1080,1920,10.0,3.7,2.3,2.7,0.31,0.19,0.23,13,8,10,4.3,4.1,3.4,0.38,0.36,0.3,16,15,12,7394400969,,,942,739,,,942,739,,,,-0.05298,0.08463,-0.995,,3.922,3.922,,,,Invalid,Valid,,,,282.9,161.8,474.2,,,257.7,202.1,0.4904,0.6839,,,0.4904,0.6839,Screen Recording,Screen Recording Recording8.mp4,1920,1080,0,0,960,540,Unclassified,4,172,,,,,,,,,,,,,,,
94278883,472177272623,Eye Tracker,LipReading_BJ,10/21/2025,CJY,Recording8,10/18/2025,10/18/2025,10:09:23.595,02:09:23.595,431768,Timeline1,Tobii I-VT (Fixation),1.241.54219,1080,1920,10.0,3.7,2.3,2.7,0.31,0.19,0.23,13,8,10,4.3,4.1,3.4,0.38,0.36,0.3,16,15,12,7394404970,,,,,,,,,,,,,,,,,3.92,,,,Invalid,Invalid,,,,,,,,,,,,,,,,,Screen Recording,Screen Recording Recording8.mp4,1920,1080,0,0,960,540,EyesNotFound,4,65,,,,,,,,,,,,,,,
94282882,472177276622,Eye Tracker,LipReading_BJ,10/21/2025,CJY,Recording8,10/18/2025,10/18/2025,10:09:23.595,02:09:23.595,431768,Timeline1,Tobii I-VT (Fixation),1.241.54219,1080,1920,10.0,3.7,2.3,2.7,0.31,0.19,0.23,13,8,10,4.3,4.1,3.4,0.38,0.36,0.3,16,15,12,7394408969,,,965,746,987,746,943,745,0.09254,0.0866,-0.99194,-0.05201,0.08837,-0.99473,3.962,3.918,3.942,,,,Valid,Valid,225.7,162.7,475.8,282.9,161.8,474.2,270.1,204.3,258.1,203.9,0.5026,0.6905,0.514,0.6912,0.4912,0.6899,Screen Recording,Screen Recording Recording8.mp4,1920,1080,0,0,960,540,Fixation,2604,217,972,748,0.5063,0.6928,,,,,,,,,,,
94286881,472177280621,Eye Tracker,LipReading_BJ,10/21/2025,CJY,Recording8,10/18/2025,10/18/2025,10:09:23.595,02:09:23.595,431768,Timeline1,Tobii I-VT (Fixation),1.241.54219,1080,1920,10.0,3.7,2.3,2.7,0.31,0.19,0.23,13,8,10,4.3,4.1,3.4,0.38,0.36,0.3,16,15,12,7394412969,,,971,743,1001,750,942,736,0.10075,0.08873,-0.99095,-0.05294,0.08327,-0.99512,3.96,3.937,3.948,,,,Valid,Valid,225.7,162.7,475.9,282.9,161.8,474.2,274.0,205.3,257.7,201.5,0.506,0.6882,0.5215,0.6947,0.4904,0.6817,Screen Recording,Screen Recording Recording8.mp4,1920,1080,0,0,960,540,Fixation,2604,217,972,748,0.5063,0.6928,,,,,,,,,,,
94290882,472177284622,Eye Tracker,LipReading_BJ,10/21/2025,CJY,Recording8,10/18/2025,10/18/2025,10:09:23.595,02:09:23.595,431768,Timeline1,Tobii I-VT (Fixation),1.241.54219,1080,1920,10.0,3.7,2.3,2.7,0.31,0.19,0.23,13,8,10,4.3,4.1,3.4,0.38,0.36,0.3,16,15,12,7394416970,,,961,753,986,767,935,740,0.09194,0.09795,-0.99093,-0.05657,0.08523,-0.99475,3.95,3.937,3.949,,,,Valid,Valid,225.7,162.8,475.7,282.9,161.8,474.2,269.8,209.8,255.9,202.4,0.5003,0.6974,0.5135,0.7098,0.4871,0.6849,Screen Recording,Screen Recording Recording8.mp4,1920,1080,0,0,960,540,Fixation,2604,217,972,748,0.5063,0.6928,,,,,,,,,,,
94294882,472177288622,Eye Tracker,LipReading_BJ,10/21/2025,CJY,Recording8,10/18/2025,10/18/2025,10:09:23.595,02:09:23.595,431768,Timeline1,Tobii I-VT (Fixation),1.241.54219,1080,1920,10.0,3.7,2.3,2.7,0.31,0.19,0.23,13,8,10,4.3,4.1,3.4,0.38,0.36,0.3,16,15,12,7394420970,,,940,730,,,940,730,,,,-0.05365,0.07958,-0.99538,,3.964,3.95,,,,Invalid,Valid,,,,282.9,161.8,474.1,,,257.3,199.7,0.4897,0.6758,,,0.4897,0.6758,Screen Recording,Screen Recording Recording8.mp4,1920,1080,0,0,960,540,Fixation,2604,217,972,748,0.5063,0.6928,,,,,,,,,,,
94298882,472177292622,Eye Tracker,LipReading_BJ,10/21/2025,CJY,Recording8,10/18/2025,10/18/2025,10:09:23.595,02:09:23.595,431768,Timeline1,Tobii I-VT (Fixation),1.241.54219,1080,1920,10.0,3.7,2.3,2.7,0.31,0.19,0.23,13,8,10,4.3,4.1,3.4,0.38,0.36,0.3,16,15,12,7394424970,,,975,731,1001,733,948,729,0.1008,0.07888,-0.99177,-0.04929,0.0789,-0.99566,3.987,3.939,3.947,,,,Valid,Valid,225.7,162.8,475.6,282.9,161.9,474.0,274.0,200.7,259.4,199.4,0.5076,0.6768,0.5215,0.6789,0.4937,0.6747,Screen Recording,Screen Recording Recording8.mp4,1920,1080,0,0,960,540,Fixation,2604,217,972,748,0.5063,0.6928,,,,,,,,,,,
94302882,472177296622,Eye Tracker,LipReading_BJ,10/21/2025,CJY,Recording8,10/18/2025,10/18/2025,10:09:23.595,02:09:23.595,431768,Timeline1,Tobii I-VT (Fixation),1.241.54219,1080,1920,10.0,3.7,2.3,2.7,0.31,0.19,0.23,13,8,10,4.3,4.1,3.4,0.38,0.36,0.3,16,15,12,7394428970,,,964,742,984,752,945,733,0.09081,0.08947,-0.99184,-0.0508,0.08132,-0.99539,3.949,3.945,3.959,,,,Valid,Valid,225.7,162.8,475.6,282.9,161.9,474.1,269.2,205.7,258.7,200.6,0.5023,0.6874,0.5124,0.6961,0.4923,0.6786,Screen Recording,Screen Recording Recording8.mp4,1920,1080,0,0,960,540,Fixation,2604,217,972,748,0.5063,0.6928,,,,,,,,,,,
94306882,472177300622,Eye Tracker,LipReading_BJ,10/21/2025,CJY,Recording8,10/18/2025,10/18/2025,10:09:23.595,02:09:23.595,431768,Timeline1,Tobii I-VT (Fixation),1.241.54219,1080,1920,10.0,3.7,2.3,2.7,0.31,0.19,0.23,13,8,10,4.3,4.1,3.4,0.38,0.36,0.3,16,15,12,7394432970,,,977,745,1008,763,946,727,0.1044,0.09586,-0.98991,-0.05016,0.07763,-0.99572,3.874,3.969,3.954,,,,Valid,Valid,225.7,162.8,475.7,282.9,161.9,474.1,275.8,208.9,259.0,198.8,0.5089,0.6897,0.5249,0.7067,0.4929,0.6727,Screen Recording,Screen Recording Recording8.mp4,1920,1080,0,0,960,540,Fixation,2604,217,972,748,0.5063,0.6928,,,,,,,,,,,
94310881,472177304621,Eye Tracker,LipReading_BJ,10/21/2025,CJY,Recording8,10/18/2025,10/18/2025,10:09:23.595,02:09:23.595,431768,Timeline1,Tobii I-VT (Fixation),1.241.54219,1080,1920,10.0,3.7,2.3,2.7,0.31,0.19,0.23,13,8,10,4.3,4.1,3.4,0.38,0.36,0.3,16,15,12,7394436969,,,972,741,991,746,953,736,0.09476,0.08645,-0.99174,-0.0464,0.08322,-0.99545,3.968,3.95,3.951,,,,Valid,Valid,225.7,162.8,475.7,282.9,161.9,474.0,271.1,204.3,260.8,201.5,0.5061,0.6865,0.516,0.6912,0.4963,0.6818,Screen Recording,Screen Recording Recording8.mp4,1920,1080,0,0,960,540,Fixation,2604,217,972,748,0.5063,0.6928,,,,,,,,,,,
94314881,472177308621,Eye Tracker,LipReading_BJ,10/21/2025,CJY,Recording8,10/18/2025,10/18/2025,10:09:23.595,02:09:23.595,431768,Timeline1,Tobii I-VT (Fixation),1.241.54219,1080,1920,10.0,3.7,2.3,2.7,0.31,0.19,0.23,13,8,10,4.3,4.1,3.4,0.38,0.36,0.3,16,15,12,7394440969,,,953,745,,,953,745,,,,-0.04635,0.08828,-0.99502,,3.929,3.953,,,,Invalid,Valid,,,,282.8,161.9,474.0,,,260.8,203.9,0.4963,0.69,,,0.4963,0.69,Screen Recording,Screen Recording Recording8.mp4,1920,1080,0,0,960,540,Fixation,2604,217,972,748,0.5063,0.6928,,,,,,,,,,,
94318881,472177312621,Eye Tracker,LipReading_BJ,10/21/2025,CJY,Recording8,10/18/2025,10/18/2025,10:09:23.595,02:09:23.595,431768,Timeline1,Tobii I-VT (Fixation),1.241.54219,1080,1920,10.0,3.7,2.3,2.7,0.31,0.19,0.23,13,8,10,4.3,4.1,3.4,0.38,0.36,0.3,16,15,12,7394444969,,,969,745,994,747,945,744,0.09641,0.08641,-0.99158,-0.05102,0.08754,-0.99485,3.958,3.944,3.948,,,,Valid,Valid,225.7,162.9,475.6,282.8,161.9,474.0,271.9,204.3,258.5,203.6,0.5047,0.69,0.5175,0.6913,0.492,0.6888,Screen Recording,Screen Recording Recording8.mp4,1920,1080,0,0,960,540,Fixation,2604,217,972,748,0.5063,0.6928,,,,,,,,,,,
94322882,472177316622,Eye Tracker,LipReading_BJ,10/21/2025,CJY,Recording8,10/18/2025,10/18/2025,10:09:23.595,02:09:23.595,431768,Timeline1,Tobii I-VT (Fixation),1.241.54219,1080,1920,10.0,3.7,2.3,2.7,0.31,0.19,0.23,13,8,10,4.3,4.1,3.4,0.38,0.36,0.3,16,15,12,7394448970,,,969,739,991,730,947,749,0.09525,0.07693,-0.99248,-0.04939,0.09029,-0.99469,4.018,3.926,3.946,,,,Valid,Valid,225.7,162.9,475.6,282.8,161.9,474.0,271.3,199.8,259.3,204.9,0.5049,0.6846,0.5163,0.6758,0.4935,0.6934,Screen Recording,Screen Recording Recording8.mp4,1920,1080,0,0,960,540,Fixation,2604,217,972,748,0.5063,0.6928,,,,,,,,,,,
94326882,472177320622,Eye Tracker,LipReading_BJ,10/21/2025,CJY,Recording8,10/18/2025,10/18/2025,10:09:23.595,02:09:23.595,431768,Timeline1,Tobii I-VT (Fixation),1.241.54219,1080,1920,10.0,3.7,2.3,2.7,0.31,0.19,0.23,13,8,10,4.3,4.1,3.4,0.38,0.36,0.3,16,15,12,7394452970,,,970,738,994,731,946,745,0.09647,0.0774,-0.99232,-0.05026,0.08818,-0.99484,3.99,3.927,3.959,,,,Valid,Valid,225.7,162.9,475.7,282.8,161.9,474.0,271.9,200.0,258.9,203.9,0.5051,0.6833,0.5175,0.6766,0.4927,0.69,Screen Recording,Screen Recording Recording8.mp4,1920,1080,0,0,960,540,Fixation,2604,217,972,748,0.5063,0.6928,,,,,,,,,,,
94330881,472177324621,Eye Tracker,LipReading_BJ,10/21/2025,CJY,Recording8,10/18/2025,10/18/2025,10:09:23.595,02:09:23.595,431768,Timeline1,Tobii I-VT (Fixation),1.241.54219,1080,1920,10.0,3.7,2.3,2.7,0.31,0.19,0.23,13,8,10,4.3,4.1,3.4,0.38,0.36,0.3,16,15,12,7394456969,,,965,750,987,756,944,744,0.09267,0.09179,-0.99146,-0.05165,0.08722,-0.99485,3.964,3.917,3.959,,,,Valid,Valid,225.7,162.9,475.7,282.8,161.9,474.0,270.1,206.9,258.2,203.5,0.5027,0.6943,0.5141,0.7001,0.4914,0.6885,Screen Recording,Screen Recording Recording8.mp4,1920,1080,0,0,960,540,Fixation,2604,217,972,748,0.5063,0.6928,,,,,,,,,,,
94334881,472177328621,Eye Tracker,LipReading_BJ,10/21/2025,CJY,Recording8,10/18/2025,10/18/2025,10:09:23.595,02:09:23.595,431768,Timeline1,Tobii I-VT (Fixation),1.241.54219,1080,1920,10.0,3.7,2.3,2.7,0.31,0.19,0.23,13,8,10,4.3,4.1,3.4,0.38,0.36,0.3,16,15,12,7394460969,,,954,744,,,954,744,,,,-0.04571,0.08737,-0.99513,,3.94,3.959,,,,Invalid,Valid,,,,282.8,161.9,474.0,,,261.0,203.6,0.4968,0.6887,,,0.4968,0.6887,Screen Recording,Screen Recording Recording8.mp4,1920,1080,0,0,960,540,Fixation,2604,217,972,748,0.5063,0.6928,,,,,,,,,,,
94338881,472177332621,Eye Tracker,LipReading_BJ,10/21/2025,CJY,Recording8,10/18/2025,10/18/2025,10:09:23.595,02:09:23.595,431768,Timeline1,Tobii I-VT (Fixation),1.241.54219,1080,1920,10.0,3.7,2.3,2.7,0.31,0.19,0.23,13,8,10,4.3,4.1,3.4,0.38,0.36,0.3,16,15,12,7394464969,,,971,738,991,736,950,739,0.095,0.08058,-0.99221,-0.0478,0.08442,-0.99528,4.016,3.939,3.962,,,,Valid,Valid,225.7,162.9,475.7,282.8,161.9,474.0,271.2,201.5,260.0,202.1,0.5055,0.6829,0.5161,0.6819,0.4949,0.6839,Screen Recording,Screen Recording Recording8.mp4,1920,1080,0,0,960,540,Fixation,2604,217,972,748,0.5063,0.6928,,,,,,,,,,,
94342882,472177336622,Eye Tracker,LipReading_BJ,10/21/2025,CJY,Recording8,10/18/2025,10/18/2025,10:09:23.595,02:09:23.595,431768,Timeline1,Tobii I-VT (Fixation),1.241.54219,1080,1920,10.0,3.7,2.3,2.7,0.31,0.19,0.23,13,8,10,4.3,4.1,3.4,0.38,0.36,0.3,16,15,12,7394468970,,,950,745,,,950,745,,,,-0.04771,0.08825,-0.99496,,3.924,3.973,,,,Invalid,Valid,,,,282.8,161.9,474.1,,,260.1,204.0,0.495,0.6902,,,0.495,0.6902,Screen Recording,Screen Recording Recording8.mp4,1920,1080,0,0,960,540,Fixation,2604,217,972,748,0.5063,0.6928,,,,,,,,,,,
94346882,472177340622,Eye Tracker,LipReading_BJ,10/21/2025,CJY,Recording8,10/18/2025,10/18/2025,10:09:23.595,02:09:23.595,431768,Timeline1,Tobii I-VT (Fixation),1.241.54219,1080,1920,10.0,3.7,2.3,2.7,0.31,0.19,0.23,13,8,10,4.3,4.1,3.4,0.38,0.36,0.3,16,15,12,7394472970,,,970,740,987,737,953,742,0.09277,0.08101,-0.99239,-0.04633,0.08656,-0.99517,4.0,3.919,3.973,,,,Valid,Valid,225.6,162.9,475.8,282.8,161.9,474.1,270.1,201.7,260.7,203.2,0.5052,0.685,0.5141,0.6825,0.4962,0.6874,Screen Recording,Screen Recording Recording8.mp4,1920,1080,0,0,960,540,Fixation,2604,217,972,748,0.5063,0.6928,,,,,,,,,,,
94350881,472177344621,Eye Tracker,LipReading_BJ,10/21/2025,CJY,Recording8,10/18/2025,10/18/2025,10:09:23.595,02:09:23.595,431768,Timeline1,Tobii I-VT (Fixation),1.241.54219,1080,1920,10.0,3.7,2.3,2.7,0.31,0.19,0.23,13,8,10,4.3,4.1,3.4,0.38,0.36,0.3,16,15,12,7394476969,,,978,738,999,734,956,741,0.09977,0.07902,-0.99187,-0.04434,0.08601,-0.99531,4.03,3.955,3.975,,,,Valid,Valid,225.6,162.9,475.9,282.8,161.9,474.1,273.5,200.8,261.7,202.9,0.5093,0.6829,0.5205,0.6793,0.498,0.6865,Screen Recording,Screen Recording Recording8.mp4,1920,1080,0,0,960,540,Fixation,2604,217,972,748,0.5063,0.6928,,,,,,,,,,,
94354880,472177348620,Eye Tracker,LipReading_BJ,10/21/2025,CJY,Recording8,10/18/2025,10/18/2025,10:09:23.595,02:09:23.595,431768,Timeline1,Tobii I-VT (Fixation),1.241.54219,1080,1920,10.0,3.7,2.3,2.7,0.31,0.19,0.23,13,8,10,4.3,4.1,3.4,0.38,0.36,0.3,16,15,12,7394480969,,,986,740,986,740,,,0.09205,0.0824,-0.99234,,,,3.986,,3.968,,,,Valid,Invalid,225.6,162.9,475.9,,,,269.8,202.4,,,0.5134,0.6848,0.5134,0.6848,,,Screen Recording,Screen Recording Recording8.mp4,1920,1080,0,0,960,540,Fixation,2604,217,972,748,0.5063,0.6928,,,,,,,,,,,
94358876,472177352616,Eye Tracker,LipReading_BJ,10/21/2025,CJY,Recording8,10/18/2025,10/18/2025,10:09:23.595,02:09:23.595,431768,Timeline1,Tobii I-VT (Fixation),1.241.54219,1080,1920,10.0,3.7,2.3,2.7,0.31,0.19,0.23,13,8,10,4.3,4.1,3.4,0.38,0.36,0.3,16,15,12,7394484965,,,952,744,,,952,744,,,,-0.04679,0.08714,-0.9951,,3.95,3.967,,,,Invalid,Valid,,,,282.8,162.0,474.1,,,260.5,203.5,0.4958,0.6884,,,0.4958,0.6884,Screen Recording,Screen Recording Recording8.mp4,1920,1080,0,0,960,540,Fixation,2604,217,972,748,0.5063,0.6928,,,,,,,,,,,
94362876,472177356616,Eye Tracker,LipReading_BJ,10/21/2025,CJY,Recording8,10/18/2025,10/18/2025,10:09:23.595,02:09:23.595,431768,Timeline1,Tobii I-VT (Fixation),1.241.54219,1080,1920,10.0,3.7,2.3,2.7,0.31,0.19,0.23,13,8,10,4.3,4.1,3.4,0.38,0.36,0.3,16,15,12,7394488965,,,957,741,,,957,741,,,,-0.04374,0.08578,-0.99535,,3.933,3.966,,,,Invalid,Valid,,,,282.8,162.0,474.2,,,262.0,202.8,0.4986,0.6862,,,0.4986,0.6862,Screen Recording,Screen Recording Recording8.mp4,1920,1080,0,0,960,540,Fixation,2604,217,972,748,0.5063,0.6928,,,,,,,,,,,
94366876,472177360616,Eye Tracker,LipReading_BJ,10/21/2025,CJY,Recording8,10/18/2025,10/18/2025,10:09:23.595,02:09:23.595,431768,Timeline1,Tobii I-VT (Fixation),1.241.54219,1080,1920,10.0,3.7,2.3,2.7,0.31,0.19,0.23,13,8,10,4.3,4.1,3.4,0.38,0.36,0.3,16,15,12,7394492965,,,957,743,,,957,743,,,,-0.0438,0.08681,-0.99526,,3.95,3.964,,,,Invalid,Valid,,,,282.8,162.0,474.1,,,262.0,203.3,0.4985,0.688,,,0.4985,0.688,Screen Recording,Screen Recording Recording8.mp4,1920,1080,0,0,960,540,Fixation,2604,217,972,748,0.5063,0.6928,,,,,,,,,,,
94370876,472177364616,Eye Tracker,LipReading_BJ,10/21/2025,CJY,Recording8,10/18/2025,10/18/2025,10:09:23.595,02:09:23.595,431768,Timeline1,Tobii I-VT (Fixation),1.241.54219,1080,1920,10.0,3.7,2.3,2.7,0.31,0.19,0.23,13,8,10,4.3,4.1,3.4,0.38,0.36,0.3,16,15,12,7394496965,,,973,751,988,755,958,748,0.09309,0.09096,-0.99149,-0.04329,0.08941,-0.99505,3.979,3.947,3.964,,,,Valid,Valid,225.7,162.9,475.9,282.8,162.0,474.2,270.3,206.6,262.2,204.6,0.5067,0.6956,0.5145,0.699,0.499,0.6922,Screen Recording,Screen Recording Recording8.mp4,1920,1080,0,0,960,540,Fixation,2604,217,972,748,0.5063,0.6928,,,,,,,,,,,
94374877,472177368617,Eye Tracker,LipReading_BJ,10/21/2025,CJY,Recording8,10/18/2025,10/18/2025,10:09:23.595,02:09:23.595,431768,Timeline1,Tobii I-VT (Fixation),1.241.54219,1080,1920,10.0,3.7,2.3,2.7,0.31,0.19,0.23,13,8,10,4.3,4.1,3.4,0.38,0.36,0.3,16,15,12,7394500966,,,976,750,995,755,957,746,0.09715,0.09069,-0.99113,-0.04366,0.08821,-0.99514,3.98,3.941,3.963,,,,Valid,Valid,225.7,163.0,475.8,282.8,162.0,474.2,272.3,206.5,262.0,204.0,0.5085,0.6945,0.5182,0.6987,0.4987,0.6903,Screen Recording,Screen Recording Recording8.mp4,1920,1080,0,0,960,540,Fixation,2604,217,972,748,0.5063,0.6928,,,,,,,,,,,
94378877,472177372617,Eye Tracker,LipReading_BJ,10/21/2025,CJY,Recording8,10/18/2025,10/18/2025,10:09:23.595,02:09:23.595,431768,Timeline1,Tobii I-VT (Fixation),1.241.54219,1080,1920,10.0,3.7,2.3,2.7,0.31,0.19,0.23,13,8,10,4.3,4.1,3.4,0.38,0.36,0.3,16,15,12,7394504966,,,957,749,,,957,749,,,,-0.04377,0.08997,-0.99498,,3.947,3.963,,,,Invalid,Valid,,,,282.8,162.0,474.2,,,262.0,204.9,0.4986,0.6931,,,0.4986,0.6931,Screen Recording,Screen Recording Recording8.mp4,1920,1080,0,0,960,540,Fixation,2604,217,972,748,0.5063,0.6928,,,,,,,,,,,
94382877,472177376617,Eye Tracker,LipReading_BJ,10/21/2025,CJY,Recording8,10/18/2025,10/18/2025,10:09:23.595,02:09:23.595,431768,Timeline1,Tobii I-VT (Fixation),1.241.54219,1080,1920,10.0,3.7,2.3,2.7,0.31,0.19,0.23,13,8,10,4.3,4.1,3.4,0.38,0.36,0.3,16,15,12,7394508966,,,975,748,997,753,954,744,0.0981,0.08978,-0.99112,-0.04566,0.08715,-0.99515,3.96,3.953,3.961,,,,Valid,Valid,225.7,163.0,475.8,282.8,162.0,474.2,272.8,206.1,261.1,203.5,0.508,0.6929,0.5191,0.6972,0.4969,0.6886,Screen Recording,Screen Recording Recording8.mp4,1920,1080,0,0,960,540,Fixation,2604,217,972,748,0.5063,0.6928,,,,,,,,,,,
94386877,472177380617,Eye Tracker,LipReading_BJ,10/21/2025,CJY,Recording8,10/18/2025,10/18/2025,10:09:23.595,02:09:23.595,431768,Timeline1,Tobii I-VT (Fixation),1.241.54219,1080,1920,10.0,3.7,2.3,2.7,0.31,0.19,0.23,13,8,10,4.3,4.1,3.4,0.38,0.36,0.3,16,15,12,7394512966,,,953,742,,,953,742,,,,-0.04623,0.08606,-0.99522,,3.938,3.965,,,,Invalid,Valid,,,,282.8,162.0,474.2,,,260.8,203.0,0.4964,0.6868,,,0.4964,0.6868,Screen Recording,Screen Recording Recording8.mp4,1920,1080,0,0,960,540,Fixation,2604,217,972,748,0.5063,0.6928,,,,,,,,,,,
94390876,472177384616,Eye Tracker,LipReading_BJ,10/21/2025,CJY,Recording8,10/18/2025,10/18/2025,10:09:23.595,02:09:23.595,431768,Timeline1,Tobii I-VT (Fixation),1.241.54219,1080,1920,10.0,3.7,2.3,2.7,0.31,0.19,0.23,13,8,10,4.3,4.1,3.4,0.38,0.36,0.3,16,15,12,7394516965,,,977,750,996,749,958,752,0.09791,0.08756,-0.99134,-0.04314,0.09185,-0.99484,4.006,3.931,3.974,,,,Valid,Valid,225.7,163.0,475.9,282.9,162.0,474.3,272.7,205.0,262.3,205.8,0.5091,0.6949,0.519,0.6936,0.4992,0.6962,Screen Recording,Screen Recording Recording8.mp4,1920,1080,0,0,960,540,Fixation,2604,217,972,748,0.5063,0.6928,,,,,,,,,,,
94394877,472177388617,Eye Tracker,LipReading_BJ,10/21/2025,CJY,Recording8,10/18/2025,10/18/2025,10:09:23.595,02:09:23.595,431768,Timeline1,Tobii I-VT (Fixation),1.241.54219,1080,1920,10.0,3.7,2.3,2.7,0.31,0.19,0.23,13,8,10,4.3,4.1,3.4,0.38,0.36,0.3,16,15,12,7394520966,,,955,748,,,955,748,,,,-0.04537,0.08945,-0.99496,,3.963,3.974,,,,Invalid,Valid,,,,282.9,162.0,474.3,,,261.2,204.6,0.4972,0.6923,,,0.4972,0.6923,Screen Recording,Screen Recording Recording8.mp4,1920,1080,0,0,960,540,Fixation,2604,217,972,748,0.5063,0.6928,,,,,,,,,,,
94398877,472177392617,Eye Tracker,LipReading_BJ,10/21/2025,CJY,Recording8,10/18/2025,10/18/2025,10:09:23.595,02:09:23.595,431768,Timeline1,Tobii I-VT (Fixation),1.241.54219,1080,1920,10.0,3.7,2.3,2.7,0.31,0.19,0.23,13,8,10,4.3,4.1,3.4,0.38,0.36,0.3,16,15,12,7394524966,,,958,747,,,958,747,,,,-0.04342,0.08882,-0.9951,,3.948,3.978,,,,Invalid,Valid,,,,282.9,162.0,474.3,,,262.2,204.3,0.499,0.6913,,,0.499,0.6913,Screen Recording,Screen Recording Recording8.mp4,1920,1080,0,0,960,540,Fixation,2604,217,972,748,0.5063,0.6928,,,,,,,,,,,
94402877,472177396617,Eye Tracker,LipReading_BJ,10/21/2025,CJY,Recording8,10/18/2025,10/18/2025,10:09:23.595,02:09:23.595,431768,Timeline1,Tobii I-VT (Fixation),1.241.54219,1080,1920,10.0,3.7,2.3,2.7,0.31,0.19,0.23,13,8,10,4.3,4.1,3.4,0.38,0.36,0.3,16,15,12,7394528966,,,955,745,,,955,745,,,,-0.04539,0.08786,-0.9951,,3.954,3.981,,,,Invalid,Valid,,,,282.9,162.0,474.4,,,261.2,203.8,0.4972,0.6897,,,0.4972,0.6897,Screen Recording,Screen Recording Recording8.mp4,1920,1080,0,0,960,540,Fixation,2604,217,972,748,0.5063,0.6928,,,,,,,,,,,
94406877,472177400617,Eye Tracker,LipReading_BJ,10/21/2025,CJY,Recording8,10/18/2025,10/18/2025,10:09:23.595,02:09:23.595,431768,Timeline1,Tobii I-VT (Fixation),1.241.54219,1080,1920,10.0,3.7,2.3,2.7,0.31,0.19,0.23,13,8,10,4.3,4.1,3.4,0.38,0.36,0.3,16,15,12,7394532966,,,954,745,,,954,745,,,,-0.04581,0.08822,-0.99505,,3.98,3.989,,,,Invalid,Valid,,,,282.9,162.0,474.4,,,261.0,204.0,0.4968,0.6903,,,0.4968,0.6903,Screen Recording,Screen Recording Recording8.mp4,1920,1080,0,0,960,540,Fixation,2604,217,972,748,0.5063,0.6928,,,,,,,,,,,
94410876,472177404616,Eye Tracker,LipReading_BJ,10/21/2025,CJY,Recording8,10/18/2025,10/18/2025,10:09:23.595,02:09:23.595,431768,Timeline1,Tobii I-VT (Fixation),1.241.54219,1080,1920,10.0,3.7,2.3,2.7,0.31,0.19,0.23,13,8,10,4.3,4.1,3.4,0.38,0.36,0.3,16,15,12,7394536965,,,977,745,1000,742,955,748,0.0998,0.08343,-0.9915,-0.04531,0.08969,-0.99494,3.994,3.986,3.989,,,,Valid,Valid,225.7,162.9,476.0,282.9,161.9,474.4,273.6,203.0,261.3,204.7,0.509,0.6897,0.5208,0.6868,0.4973,0.6926,Screen Recording,Screen Recording Recording8.mp4,1920,1080,0,0,960,540,Fixation,2604,217,972,748,0.5063,0.6928,,,,,,,,,,,
94414876,472177408616,Eye Tracker,LipReading_BJ,10/21/2025,CJY,Recording8,10/18/2025,10/18/2025,10:09:23.595,02:09:23.595,431768,Timeline1,Tobii I-VT (Fixation),1.241.54219,1080,1920,10.0,3.7,2.3,2.7,0.31,0.19,0.23,13,8,10,4.3,4.1,3.4,0.38,0.36,0.3,16,15,12,7394540965,,,976,751,997,753,954,749,0.09803,0.08962,-0.99114,-0.04548,0.09011,-0.99489,4.003,3.982,3.989,,,,Valid,Valid,225.7,162.9,476.1,282.9,161.9,474.5,272.8,206.0,261.2,204.9,0.5082,0.695,0.5192,0.6968,0.4971,0.6933,Screen Recording,Screen Recording Recording8.mp4,1920,1080,0,0,960,540,Fixation,2604,217,972,748,0.5063,0.6928,,,,,,,,,,,
94418876,472177412616,Eye Tracker,LipReading_BJ,10/21/2025,CJY,Recording8,10/18/2025,10/18/2025,10:09:23.595,02:09:23.595,431768,Timeline1,Tobii I-VT (Fixation),1.241.54219,1080,1920,10.0,3.7,2.3,2.7,0.31,0.19,0.23,13,8,10,4.3,4.1,3.4,0.38,0.36,0.3,16,15,12,7394544965,,,979,744,1000,745,959,743,0.09972,0.08504,-0.99138,-0.04292,0.08708,-0.99528,3.995,3.981,3.992,,,,Valid,Valid,225.8,162.9,476.0,282.9,161.9,474.5,273.6,203.8,262.5,203.4,0.5101,0.6888,0.5208,0.6894,0.4995,0.6883,Screen Recording,Screen Recording Recording8.mp4,1920,1080,0,0,960,540,Fixation,2604,217,972,748,0.5063,0.6928,,,,,,,,,,,
94422877,472177416617,Eye Tracker,LipReading_BJ,10/21/2025,CJY,Recording8,10/18/2025,10/18/2025,10:09:23.595,02:09:23.595,431768,Timeline1,Tobii I-VT (Fixation),1.241.54219,1080,1920,10.0,3.7,2.3,2.7,0.31,0.19,0.23,13,8,10,4.3,4.1,3.4,0.38,0.36,0.3,16,15,12,7394548966,,,956,752,,,956,752,,,,-0.04458,0.09226,-0.99474,,3.956,3.992,,,,Invalid,Valid,,,,282.9,161.9,474.5,,,261.6,205.9,0.498,0.6967,,,0.498,0.6967,Screen Recording,Screen Recording Recording8.mp4,1920,1080,0,0,960,540,Fixation,2604,217,972,748,0.5063,0.6928,,,,,,,,,,,
94426877,472177420617,Eye Tracker,LipReading_BJ,10/21/2025,CJY,Recording8,10/18/2025,10/18/2025,10:09:23.595,02:09:23.595,431768,Timeline1,Tobii I-VT (Fixation),1.241.54219,1080,1920,10.0,3.7,2.3,2.7,0.31,0.19,0.23,13,8,10,4.3,4.1,3.4,0.38,0.36,0.3,16,15,12,7394552966,,,979,749,999,749,958,748,0.09917,0.08792,-0.99118,-0.04335,0.0896,-0.99503,4.011,3.96,3.981,,,,Valid,Valid,225.8,162.9,476.1,282.9,161.9,474.5,273.4,205.1,262.2,204.6,0.5097,0.6931,0.5203,0.6939,0.4991,0.6923,Screen Recording,Screen Recording Recording8.mp4,1920,1080,0,0,960,540,Fixation,2604,217,972,748,0.5063,0.6928,,,,,,,,,,,
94430876,472177424616,Eye Tracker,LipReading_BJ,10/21/2025,CJY,Recording8,10/18/2025,10/18/2025,10:09:23.595,02:09:23.595,431768,Timeline1,Tobii I-VT (Fixation),1.241.54219,1080,1920,10.0,3.7,2.3,2.7,0.31,0.19,0.23,13,8,10,4.3,4.1,3.4,0.38,0.36,0.3,16,15,12,7394556965,,,969,748,,,969,748,,,,-0.03737,0.09005,-0.99524,,3.995,3.981,,,,Invalid,Valid,,,,282.9,161.9,474.6,,,265.1,204.8,0.5045,0.693,,,0.5045,0.693,Screen Recording,Screen Recording Recording8.mp4,1920,1080,0,0,960,540,Fixation,2604,217,972,748,0.5063,0.6928,,,,,,,,,,,
94434877,472177428617,Eye Tracker,LipReading_BJ,10/21/2025,CJY,Recording8,10/18/2025,10/18/2025,10:09:23.595,02:09:23.595,431768,Timeline1,Tobii I-VT (Fixation),1.241.54219,1080,1920,10.0,3.7,2.3,2.7,0.31,0.19,0.23,13,8,10,4.3,4.1,3.4,0.38,0.36,0.3,16,15,12,7394560966,,,978,745,995,747,960,743,0.09704,0.08677,-0.99149,-0.04223,0.08671,-0.99534,4.003,3.958,3.986,,,,Valid,Valid,225.8,162.9,476.1,282.9,161.9,474.6,272.4,204.5,262.8,203.2,0.5092,0.6898,0.5184,0.692,0.5001,0.6876,Screen Recording,Screen Recording Recording8.mp4,1920,1080,0,0,960,540,Fixation,2604,217,972,748,0.5063,0.6928,,,,,,,,,,,
94438877,472177432617,Eye Tracker,LipReading_BJ,10/21/2025,CJY,Recording8,10/18/2025,10/18/2025,10:09:23.595,02:09:23.595,431768,Timeline1,Tobii I-VT (Fixation),1.241.54219,1080,1920,10.0,3.7,2.3,2.7,0.31,0.19,0.23,13,8,10,4.3,4.1,3.4,0.38,0.36,0.3,16,15,12,7394564966,,,974,750,992,755,956,746,0.0954,0.0909,-0.99128,-0.04448,0.08862,-0.99507,4.0,3.97,3.985,,,,Valid,Valid,225.8,162.9,476.0,282.9,161.9,474.6,271.6,206.5,261.7,204.1,0.5075,0.6947,0.5169,0.6988,0.4981,0.6907,Screen Recording,Screen Recording Recording8.mp4,1920,1080,0,0,960,540,Fixation,2604,217,972,748,0.5063,0.6928,,,,,,,,,,,
94442876,472177436616,Eye Tracker,LipReading_BJ,10/21/2025,CJY,Recording8,10/18/2025,10/18/2025,10:09:23.595,02:09:23.595,431768,Timeline1,Tobii I-VT (Fixation),1.241.54219,1080,1920,10.0,3.7,2.3,2.7,0.31,0.19,0.23,13,8,10,4.3,4.1,3.4,0.38,0.36,0.3,16,15,12,7394568965,,,977,748,994,752,960,744,0.09609,0.08949,-0.99134,-0.04234,0.08735,-0.99528,3.973,3.969,3.985,,,,Valid,Valid,225.8,162.9,476.0,282.9,161.9,474.6,271.9,205.8,262.8,203.5,0.5088,0.6925,0.5175,0.6964,0.5001,0.6886,Screen Recording,Screen Recording Recording8.mp4,1920,1080,0,0,960,540,Fixation,2604,217,972,748,0.5063,0.6928,,,,,,,,,,,
94446877,472177440617,Eye Tracker,LipReading_BJ,10/21/2025,CJY,Recording8,10/18/2025,10/18/2025,10:09:23.595,02:09:23.595,431768,Timeline1,Tobii I-VT (Fixation),1.241.54219,1080,1920,10.0,3.7,2.3,2.7,0.31,0.19,0.23,13,8,10,4.3,4.1,3.4,0.38,0.36,0.3,16,15,12,7394572966,,,981,748,999,749,962,748,0.09906,0.08755,-0.99122,-0.04111,0.08994,-0.9951,3.992,4.006,3.995,,,,Valid,Valid,225.8,162.8,476.1,282.9,161.8,474.7,273.4,204.9,263.3,204.7,0.5107,0.693,0.5203,0.6932,0.5012,0.6927,Screen Recording,Screen Recording Recording8.mp4,1920,1080,0,0,960,540,Fixation,2604,217,972,748,0.5063,0.6928,,,,,,,,,,,
94450876,472177444616,Eye Tracker,LipReading_BJ,10/21/2025,CJY,Recording8,10/18/2025,10/18/2025,10:09:23.595,02:09:23.595,431768,Timeline1,Tobii I-VT (Fixation),1.241.54219,1080,1920,10.0,3.7,2.3,2.7,0.31,0.19,0.23,13,8,10,4.3,4.1,3.4,0.38,0.36,0.3,16,15,12,7394576965,,,979,744,1000,745,958,743,0.09994,0.08571,-0.99129,-0.04336,0.08723,-0.99524,4.003,3.99,3.997,,,,Valid,Valid,225.8,162.8,476.2,283.0,161.8,474.7,273.8,204.0,262.3,203.4,0.5101,0.6892,0.5211,0.6902,0.4991,0.6883,Screen Recording,Screen Recording Recording8.mp4,1920,1080,0,0,960,540,Fixation,2604,217,972,748,0.5063,0.6928,,,,,,,,,,,
94454875,472177448615,Eye Tracker,LipReading_BJ,10/21/2025,CJY,Recording8,10/18/2025,10/18/2025,10:09:23.595,02:09:23.595,431768,Timeline1,Tobii I-VT (Fixation),1.241.54219,1080,1920,10.0,3.7,2.3,2.7,0.31,0.19,0.23,13,8,10,4.3,4.1,3.4,0.38,0.36,0.3,16,15,12,7394580965,,,977,743,999,739,955,746,0.09893,0.08232,-0.99168,-0.04523,0.0889,-0.99501,4.022,3.991,3.997,,,,Valid,Valid,225.8,162.8,476.1,283.0,161.8,474.7,273.3,202.3,261.4,204.2,0.5088,0.6878,0.5201,0.6846,0.4974,0.691,Screen Recording,Screen Recording Recording8.mp4,1920,1080,0,0,960,540,Fixation,2604,217,972,748,0.5063,0.6928,,,,,,,,,,,
94458875,472177452615,Eye Tracker,LipReading_BJ,10/21/2025,CJY,Recording8,10/18/2025,10/18/2025,10:09:23.595,02:09:23.595,431768,Timeline1,Tobii I-VT (Fixation),1.241.54219,1080,1920,10.0,3.7,2.3,2.7,0.31,0.19,0.23,13,8,10,4.3,4.1,3.4,0.38,0.36,0.3,16,15,12,7394584965,,,979,748,997,754,961,743,0.09819,0.09072,-0.99102,-0.04162,0.08676,-0.99536,4.003,3.99,3.997,,,,Valid,Valid,225.8,162.8,476.1,283.0,161.8,474.7,273.0,206.4,263.1,203.2,0.5101,0.6929,0.5195,0.6984,0.5008,0.6875,Screen Recording,Screen Recording Recording8.mp4,1920,1080,0,0,960,540,Fixation,2604,217,972,748,0.5063,0.6928,,,,,,,,,,,
94462875,472177456615,Eye Tracker,LipReading_BJ,10/21/2025,CJY,Recording8,10/18/2025,10/18/2025,10:09:23.595,02:09:23.595,431768,Timeline1,Tobii I-VT (Fixation),1.241.54219,1080,1920,10.0,3.7,2.3,2.7,0.31,0.19,0.23,13,8,10,4.3,4.1,3.4,0.38,0.36,0.3,16,15,12,7394588965,,,978,749,996,754,960,745,0.09719,0.09034,-0.99116,-0.04221,0.08802,-0.99522,4.002,4.004,4.003,,,,Valid,Valid,225.8,162.8,476.1,283.0,161.8,474.8,272.5,206.2,262.8,203.8,0.5094,0.6936,0.5186,0.6977,0.5002,0.6896,Screen Recording,Screen Recording Recording8.mp4,1920,1080,0,0,960,540,Fixation,2604,217,972,748,0.5063,0.6928,,,,,,,,,,,
94466876,472177460616,Eye Tracker,LipReading_BJ,10/21/2025,CJY,Recording8,10/18/2025,10/18/2025,10:09:23.595,02:09:23.595,431768,Timeline1,Tobii I-VT (Fixation),1.241.54219,1080,1920,10.0,3.7,2.3,2.7,0.31,0.19,0.23,13,8,10,4.3,4.1,3.4,0.38,0.36,0.3,16,15,12,7394592966,,,982,744,1002,741,961,747,0.10077,0.08338,-0.99141,-0.0417,0.08918,-0.99514,4.022,4.003,4.002,,,,Valid,Valid,225.8,162.8,476.2,283.0,161.8,474.8,274.2,202.9,263.1,204.4,0.5113,0.6889,0.5218,0.6863,0.5007,0.6914,Screen Recording,Screen Recording Recording8.mp4,1920,1080,0,0,960,540,Fixation,2604,217,972,748,0.5063,0.6928,,,,,,,,,,,
94470875,472177464615,Eye Tracker,LipReading_BJ,10/21/2025,CJY,Recording8,10/18/2025,10/18/2025,10:09:23.595,02:09:23.595,431768,Timeline1,Tobii I-VT (Fixation),1.241.54219,1080,1920,10.0,3.7,2.3,2.7,0.31,0.19,0.23,13,8,10,4.3,4.1,3.4,0.38,0.36,0.3,16,15,12,7394596965,,,979,747,1002,751,957,742,0.10095,0.08888,-0.99091,-0.04445,0.08674,-0.99524,4.002,4.003,4.003,,,,Valid,Valid,225.8,162.8,476.2,283.0,161.8,474.8,274.3,205.5,261.8,203.2,0.5101,0.6914,0.5221,0.6953,0.4982,0.6875,Screen Recording,Screen Recording Recording8.mp4,1920,1080,0,0,960,540,Fixation,2604,217,972,748,0.5063,0.6928,,,,,,,,,,,
94474876,472177468616,Eye Tracker,LipReading_BJ,10/21/2025,CJY,Recording8,10/18/2025,10/18/2025,10:09:23.595,02:09:23.595,431768,Timeline1,Tobii I-VT (Fixation),1.241.54219,1080,1920,10.0,3.7,2.3,2.7,0.31,0.19,0.23,13,8,10,4.3,4.1,3.4,0.38,0.36,0.3,16,15,12,7394600966,,,982,748,1011,755,953,740,0.10596,0.09133,-0.99017,-0.04646,0.08556,-0.99525,3.992,3.992,4.007,,,,Valid,Valid,225.8,162.8,476.2,283.0,161.8,474.8,276.8,206.7,260.8,202.6,0.5116,0.6925,0.5267,0.6994,0.4964,0.6856,Screen Recording,Screen Recording Recording8.mp4,1920,1080,0,0,960,540,Fixation,2604,217,972,748,0.5063,0.6928,,,,,,,,,,,
94478876,472177472616,Eye Tracker,LipReading_BJ,10/21/2025,CJY,Recording8,10/18/2025,10/18/2025,10:09:23.595,02:09:23.595,431768,Timeline1,Tobii I-VT (Fixation),1.241.54219,1080,1920,10.0,3.7,2.3,2.7,0.31,0.19,0.23,13,8,10,4.3,4.1,3.4,0.38,0.36,0.3,16,15,12,7394604966,,,981,744,1000,744,963,744,0.09934,0.08503,-0.99141,-0.04061,0.08736,-0.99535,4.019,4.024,4.003,,,,Valid,Valid,225.8,162.8,476.2,283.0,161.8,474.9,273.5,203.7,263.6,203.5,0.5111,0.6888,0.5206,0.689,0.5017,0.6885,Screen Recording,Screen Recording Recording8.mp4,1920,1080,0,0,960,540,Fixation,2604,217,972,748,0.5063,0.6928,,,,,,,,,,,
94482876,472177476616,Eye Tracker,LipReading_BJ,10/21/2025,CJY,Recording8,10/18/2025,10/18/2025,10:09:23.595,02:09:23.595,431768,Timeline1,Tobii I-VT (Fixation),1.241.54219,1080,1920,10.0,3.7,2.3,2.7,0.31,0.19,0.23,13,8,10,4.3,4.1,3.4,0.38,0.36,0.3,16,15,12,7394608966,,,978,743,1001,744,955,742,0.10003,0.08521,-0.99133,-0.04521,0.0863,-0.99524,4.012,4.005,4.008,,,,Valid,Valid,225.8,162.8,476.3,283.0,161.8,474.9,273.9,203.7,261.4,203.0,0.5094,0.6881,0.5212,0.6893,0.4975,0.6868,Screen Recording,Screen Recording Recording8.mp4,1920,1080,0,0,960,540,Fixation,2604,217,972,748,0.5063,0.6928,,,,,,,,,,,
94486876,472177480616,Eye Tracker,LipReading_BJ,10/21/2025,CJY,Recording8,10/18/2025,10/18/2025,10:09:23.595,02:09:23.595,431768,Timeline1,Tobii I-VT (Fixation),1.241.54219,1080,1920,10.0,3.7,2.3,2.7,0.31,0.19,0.23,13,8,10,4.3,4.1,3.4,0.38,0.36,0.3,16,15,12,7394612966,,,978,745,998,750,959,740,0.0982,0.08822,-0.99125,-0.04338,0.08512,-0.99543,3.998,4.006,4.009,,,,Valid,Valid,225.8,162.8,476.2,283.0,161.8,474.9,273.0,205.2,262.3,202.4,0.5094,0.6896,0.5196,0.6943,0.4992,0.6849,Screen Recording,Screen Recording Recording8.mp4,1920,1080,0,0,960,540,Fixation,2604,217,972,748,0.5063,0.6928,,,,,,,,,,,
94490874,472177484614,Eye Tracker,LipReading_BJ,10/21/2025,CJY,Recording8,10/18/2025,10/18/2025,10:09:23.595,02:09:23.595,431768,Timeline1,Tobii I-VT (Fixation),1.241.54219,1080,1920,10.0,3.7,2.3,2.7,0.31,0.19,0.23,13,8,10,4.3,4.1,3.4,0.38,0.36,0.3,16,15,12,7394616964,,,978,745,1001,745,954,746,0.10016,0.0855,-0.99129,-0.04581,0.08845,-0.99503,4.019,4.001,4.002,,,,Valid,Valid,225.8,162.8,476.3,283.0,161.8,474.9,274.0,203.9,261.2,204.0,0.5092,0.6901,0.5214,0.6899,0.497,0.6903,Screen Recording,Screen Recording Recording8.mp4,1920,1080,0,0,960,540,Fixation,2604,217,972,748,0.5063,0.6928,,,,,,,,,,,
94494874,472177488614,Eye Tracker,LipReading_BJ,10/21/2025,CJY,Recording8,10/18/2025,10/18/2025,10:09:23.595,02:09:23.595,431768,Timeline1,Tobii I-VT (Fixation),1.241.54219,1080,1920,10.0,3.7,2.3,2.7,0.31,0.19,0.23,13,8,10,4.3,4.1,3.4,0.38,0.36,0.3,16,15,12,7394620964,,,980,748,1001,747,958,750,0.10027,0.0865,-0.99119,-0.0436,0.09087,-0.99491,3.997,4.02,4.004,,,,Valid,Valid,225.8,162.8,476.3,283.0,161.8,474.9,274.0,204.4,262.2,205.2,0.5103,0.6929,0.5215,0.6915,0.499,0.6943,Screen Recording,Screen Recording Recording8.mp4,1920,1080,0,0,960,540,Fixation,2604,217,972,748,0.5063,0.6928,,,,,,,,,,,
94498874,472177492614,Eye Tracker,LipReading_BJ,10/21/2025,CJY,Recording8,10/18/2025,10/18/2025,10:09:23.595,02:09:23.595,431768,Timeline1,Tobii I-VT (Fixation),1.241.54219,1080,1920,10.0,3.7,2.3,2.7,0.31,0.19,0.23,13,8,10,4.3,4.1,3.4,0.38,0.36,0.3,16,15,12,7394624964,,,955,747,,,955,747,,,,-0.04553,0.08925,-0.99497,,4.009,4.004,,,,Invalid,Valid,,,,283.0,161.8,474.9,,,261.3,204.4,0.4973,0.6917,,,0.4973,0.6917,Screen Recording,Screen Recording Recording8.mp4,1920,1080,0,0,960,540,Fixation,2604,217,972,748,0.5063,0.6928,,,,,,,,,,,
94502874,472177496614,Eye Tracker,LipReading_BJ,10/21/2025,CJY,Recording8,10/18/2025,10/18/2025,10:09:23.595,02:09:23.595,431768,Timeline1,Tobii I-VT (Fixation),1.241.54219,1080,1920,10.0,3.7,2.3,2.7,0.31,0.19,0.23,13,8,10,4.3,4.1,3.4,0.38,0.36,0.3,16,15,12,7394628964,,,978,748,997,748,959,747,0.09761,0.08741,-0.99138,-0.04342,0.08921,-0.99507,3.999,4.013,4.005,,,,Valid,Valid,225.9,162.8,476.3,283.0,161.9,474.9,272.8,204.8,262.3,204.4,0.5092,0.6923,0.5191,0.693,0.4992,0.6917,Screen Recording,Screen Recording Recording8.mp4,1920,1080,0,0,960,540,Fixation,2604,217,972,748,0.5063,0.6928,,,,,,,,,,,
94506874,472177500614,Eye Tracker,LipReading_BJ,10/21/2025,CJY,Recording8,10/18/2025,10/18/2025,10:09:23.595,02:09:23.595,431768,Timeline1,Tobii I-VT (Fixation),1.241.54219,1080,1920,10.0,3.7,2.3,2.7,0.31,0.19,0.23,13,8,10,4.3,4.1,3.4,0.38,0.36,0.3,16,15,12,7394632964,,,975,744,996,748,954,740,0.09703,0.08717,-0.99146,-0.04587,0.08515,-0.99531,3.989,4.001,4.005,,,,Valid,Valid,225.9,162.8,476.3,283.1,161.9,474.9,272.5,204.7,261.2,202.5,0.5078,0.6889,0.5186,0.6927,0.497,0.6851,Screen Recording,Screen Recording Recording8.mp4,1920,1080,0,0,960,540,Fixation,2604,217,972,748,0.5063,0.6928,,,,,,,,,,,
94510874,472177504614,Eye Tracker,LipReading_BJ,10/21/2025,CJY,Recording8,10/18/2025,10/18/2025,10:09:23.595,02:09:23.595,431768,Timeline1,Tobii I-VT (Fixation),1.241.54219,1080,1920,10.0,3.7,2.3,2.7,0.31,0.19,0.23,13,8,10,4.3,4.1,3.4,0.38,0.36,0.3,16,15,12,7394636964,,,976,747,997,751,955,742,0.0978,0.08901,-0.99122,-0.04554,0.08655,-0.99521,4.013,4.015,4.007,,,,Valid,Valid,225.9,162.8,476.4,283.1,161.9,475.0,272.9,205.6,261.3,203.2,0.5083,0.6915,0.5193,0.6957,0.4974,0.6874,Screen Recording,Screen Recording Recording8.mp4,1920,1080,0,0,960,540,Fixation,2604,217,972,748,0.5063,0.6928,,,,,,,,,,,
94514875,472177508615,Eye Tracker,LipReading_BJ,10/21/2025,CJY,Recording8,10/18/2025,10/18/2025,10:09:23.595,02:09:23.595,431768,Timeline1,Tobii I-VT (Fixation),1.241.54219,1080,1920,10.0,3.7,2.3,2.7,0.31,0.19,0.23,13,8,10,4.3,4.1,3.4,0.38,0.36,0.3,16,15,12,7394640965,,,975,743,1000,744,950,743,0.09968,0.08483,-0.9914,-0.04814,0.08673,-0.99507,3.993,4.023,4.01,,,,Valid,Valid,225.9,162.9,476.3,283.1,161.9,475.0,273.8,203.6,260.1,203.3,0.508,0.6883,0.521,0.6889,0.495,0.6878,Screen Recording,Screen Recording Recording8.mp4,1920,1080,0,0,960,540,Fixation,2604,217,972,748,0.5063,0.6928,,,,,,,,,,,
94518874,472177512614,Eye Tracker,LipReading_BJ,10/21/2025,CJY,Recording8,10/18/2025,10/18/2025,10:09:23.595,02:09:23.595,431768,Timeline1,Tobii I-VT (Fixation),1.241.54219,1080,1920,10.0,3.7,2.3,2.7,0.31,0.19,0.23,13,8,10,4.3,4.1,3.4,0.38,0.36,0.3,16,15,12,7394644964,,,979,743,996,742,962,744,0.09724,0.08354,-0.99175,-0.04166,0.08716,-0.99532,4.009,4.023,4.01,,,,Valid,Valid,225.9,162.9,476.4,283.1,161.9,475.0,272.6,203.0,263.2,203.5,0.5098,0.6876,0.5188,0.6868,0.5009,0.6885,Screen Recording,Screen Recording Recording8.mp4,1920,1080,0,0,960,540,Fixation,2604,217,972,748,0.5063,0.6928,,,,,,,,,,,
94522875,472177516615,Eye Tracker,LipReading_BJ,10/21/2025,CJY,Recording8,10/18/2025,10/18/2025,10:09:23.595,02:09:23.595,431768,Timeline1,Tobii I-VT (Fixation),1.241.54219,1080,1920,10.0,3.7,2.3,2.7,0.31,0.19,0.23,13,8,10,4.3,4.1,3.4,0.38,0.36,0.3,16,15,12,7394648965,,,976,743,996,742,955,743,0.09714,0.08342,-0.99177,-0.04526,0.08705,-0.99518,4.005,4.011,4.01,,,,Valid,Valid,225.9,162.9,476.4,283.1,161.9,475.0,272.6,203.0,261.5,203.4,0.5082,0.6875,0.5187,0.6867,0.4976,0.6883,Screen Recording,Screen Recording Recording8.mp4,1920,1080,0,0,960,540,Fixation,2604,217,972,748,0.5063,0.6928,,,,,,,,,,,
94526874,472177520614,Eye Tracker,LipReading_BJ,10/21/2025,CJY,Recording8,10/18/2025,10/18/2025,10:09:23.595,02:09:23.595,431768,Timeline1,Tobii I-VT (Fixation),1.241.54219,1080,1920,10.0,3.7,2.3,2.7,0.31,0.19,0.23,13,8,10,4.3,4.1,3.4,0.38,0.36,0.3,16,15,12,7394652964,,,974,746,995,747,952,745,0.09667,0.08656,-0.99154,-0.04707,0.08774,-0.99503,4.002,4.015,4.009,,,,Valid,Valid,225.9,162.9,476.4,283.1,161.9,475.0,272.4,204.5,260.6,203.8,0.5072,0.6907,0.5183,0.6918,0.496,0.6895,Screen Recording,Screen Recording Recording8.mp4,1920,1080,0,0,960,540,Fixation,2604,217,972,748,0.5063,0.6928,,,,,,,,,,,
94530874,472177524614,Eye Tracker,LipReading_BJ,10/21/2025,CJY,Recording8,10/18/2025,10/18/2025,10:09:23.595,02:09:23.595,431768,Timeline1,Tobii I-VT (Fixation),1.241.54219,1080,1920,10.0,3.7,2.3,2.7,0.31,0.19,0.23,13,8,10,4.3,4.1,3.4,0.38,0.36,0.3,16,15,12,7394656964,,,973,739,994,737,951,742,0.09611,0.08079,-0.99209,-0.04786,0.08595,-0.99515,4.018,4.008,4.008,,,,Valid,Valid,225.9,162.9,476.4,283.1,161.9,475.0,272.1,201.7,260.2,202.9,0.5065,0.6845,0.5178,0.6824,0.4953,0.6866,Screen Recording,Screen Recording Recording8.mp4,1920,1080,0,0,960,540,Fixation,2604,217,972,748,0.5063,0.6928,,,,,,,,,,,
94534874,472177528614,Eye Tracker,LipReading_BJ,10/21/2025,CJY,Recording8,10/18/2025,10/18/2025,10:09:23.595,02:09:23.595,431768,Timeline1,Tobii I-VT (Fixation),1.241.54219,1080,1920,10.0,3.7,2.3,2.7,0.31,0.19,0.23,13,8,10,4.3,4.1,3.4,0.38,0.36,0.3,16,15,12,7394660964,,,969,746,984,752,954,740,0.09006,0.08924,-0.99193,-0.046,0.08527,-0.9953,4.005,4.014,4.005,,,,Valid,Valid,225.9,162.9,476.4,283.1,161.9,475.0,269.2,205.8,261.1,202.6,0.5046,0.6909,0.5123,0.6962,0.497,0.6856,Screen Recording,Screen Recording Recording8.mp4,1920,1080,0,0,960,540,Fixation,2604,217,972,748,0.5063,0.6928,,,,,,,,,,,
94538875,472177532615,Eye Tracker,LipReading_BJ,10/21/2025,CJY,Recording8,10/18/2025,10/18/2025,10:09:23.595,02:09:23.595,431768,Timeline1,Tobii I-VT (Fixation),1.241.54219,1080,1920,10.0,3.7,2.3,2.7,0.31,0.19,0.23,13,8,10,4.3,4.1,3.4,0.38,0.36,0.3,16,15,12,7394664965,,,975,743,995,743,955,744,0.0968,0.08424,-0.99173,-0.04533,0.08704,-0.99517,3.98,4.007,4.006,,,,Valid,Valid,225.9,162.9,476.4,283.1,161.9,475.0,272.4,203.4,261.4,203.5,0.508,0.6883,0.5184,0.6881,0.4976,0.6885,Screen Recording,Screen Recording Recording8.mp4,1920,1080,0,0,960,540,Fixation,2604,217,972,748,0.5063,0.6928,,,,,,,,,,,
94542874,472177536614,Eye Tracker,LipReading_BJ,10/21/2025,CJY,Recording8,10/18/2025,10/18/2025,10:09:23.595,02:09:23.595,431768,Timeline1,Tobii I-VT (Fixation),1.241.54219,1080,1920,10.0,3.7,2.3,2.7,0.31,0.19,0.23,13,8,10,4.3,4.1,3.4,0.38,0.36,0.3,16,15,12,7394668964,,,974,743,993,743,954,743,0.09573,0.08426,-0.99183,-0.04602,0.08648,-0.99519,3.979,4.004,3.998,,,,Valid,Valid,225.9,162.9,476.4,283.1,162.0,475.0,271.9,203.4,261.1,203.2,0.5072,0.6879,0.5174,0.6882,0.4969,0.6876,Screen Recording,Screen Recording Recording8.mp4,1920,1080,0,0,960,540,Fixation,2604,217,972,748,0.5063,0.6928,,,,,,,,,,,
94546874,472177540614,Eye Tracker,LipReading_BJ,10/21/2025,CJY,Recording8,10/18/2025,10/18/2025,10:09:23.595,02:09:23.595,431768,Timeline1,Tobii I-VT (Fixation),1.241.54219,1080,1920,10.0,3.7,2.3,2.7,0.31,0.19,0.23,13,8,10,4.3,4.1,3.4,0.38,0.36,0.3,16,15,12,7394672964,,,970,744,987,749,953,740,0.09231,0.08759,-0.99187,-0.04643,0.08485,-0.99531,4.005,4.005,3.998,,,,Valid,Valid,225.9,162.9,476.4,283.1,162.0,475.0,270.2,205.0,260.9,202.5,0.5054,0.6893,0.5143,0.6936,0.4966,0.685,Screen Recording,Screen Recording Recording8.mp4,1920,1080,0,0,960,540,Fixation,2604,217,972,748,0.5063,0.6928,,,,,,,,,,,
94550874,472177544614,Eye Tracker,LipReading_BJ,10/21/2025,CJY,Recording8,10/18/2025,10/18/2025,10:09:23.595,02:09:23.595,431768,Timeline1,Tobii I-VT (Fixation),1.241.54219,1080,1920,10.0,3.7,2.3,2.7,0.31,0.19,0.23,13,8,10,4.3,4.1,3.4,0.38,0.36,0.3,16,15,12,7394676964,,,977,744,999,750,956,738,0.09864,0.08789,-0.99123,-0.04477,0.08375,-0.99548,3.991,3.992,3.998,,,,Valid,Valid,225.9,162.9,476.5,283.1,162.0,475.0,273.3,205.2,261.7,201.9,0.5091,0.6887,0.5201,0.6942,0.4981,0.6832,Screen Recording,Screen Recording Recording8.mp4,1920,1080,0,0,960,540,Fixation,2604,217,972,748,0.5063,0.6928,,,,,,,,,,,
94554874,472177548614,Eye Tracker,LipReading_BJ,10/21/2025,CJY,Recording8,10/18/2025,10/18/2025,10:09:23.595,02:09:23.595,431768,Timeline1,Tobii I-VT (Fixation),1.241.54219,1080,1920,10.0,3.7,2.3,2.7,0.31,0.19,0.23,13,8,10,4.3,4.1,3.4,0.38,0.36,0.3,16,15,12,7394680964,,,976,745,998,749,953,741,0.09847,0.08743,-0.99129,-0.04678,0.08574,-0.99522,4.002,3.989,3.999,,,,Valid,Valid,225.9,162.9,476.5,283.1,162.0,475.0,273.2,205.0,260.7,202.9,0.5081,0.6899,0.52,0.6934,0.4962,0.6864,Screen Recording,Screen Recording Recording8.mp4,1920,1080,0,0,960,540,Fixation,2604,217,972,748,0.5063,0.6928,,,,,,,,,,,
94558873,472177552613,Eye Tracker,LipReading_BJ,10/21/2025,CJY,Recording8,10/18/2025,10/18/2025,10:09:23.595,02:09:23.595,431768,Timeline1,Tobii I-VT (Fixation),1.241.54219,1080,1920,10.0,3.7,2.3,2.7,0.31,0.19,0.23,13,8,10,4.3,4.1,3.4,0.38,0.36,0.3,16,15,12,7394684964,,,974,743,994,747,955,739,0.09628,0.0861,-0.99162,-0.04575,0.08465,-0.99536,3.974,4.005,3.994,,,,Valid,Valid,225.9,162.9,476.5,283.1,161.9,475.1,272.1,204.3,261.2,202.4,0.5075,0.6879,0.5179,0.6912,0.4971,0.6846,Screen Recording,Screen Recording Recording8.mp4,1920,1080,0,0,960,540,Fixation,2604,217,972,748,0.5063,0.6928,,,,,,,,,,,
94562873,472177556613,Eye Tracker,LipReading_BJ,10/21/2025,CJY,Recording8,10/18/2025,10/18/2025,10:09:23.595,02:09:23.595,431768,Timeline1,Tobii I-VT (Fixation),1.241.54219,1080,1920,10.0,3.7,2.3,2.7,0.31,0.19,0.23,13,8,10,4.3,4.1,3.4,0.38,0.36,0.3,16,15,12,7394688964,,,974,741,997,742,951,741,0.09798,0.08361,-0.99167,-0.04748,0.08541,-0.99521,4.0,3.998,3.994,,,,Valid,Valid,225.9,162.9,476.5,283.0,161.9,475.1,272.9,203.1,260.4,202.7,0.5075,0.6866,0.5195,0.6872,0.4955,0.6859,Screen Recording,Screen Recording Recording8.mp4,1920,1080,0,0,960,540,Fixation,2604,217,972,748,0.5063,0.6928,,,,,,,,,,,
94566873,472177560613,Eye Tracker,LipReading_BJ,10/21/2025,CJY,Recording8,10/18/2025,10/18/2025,10:09:23.595,02:09:23.595,431768,Timeline1,Tobii I-VT (Fixation),1.241.54219,1080,1920,10.0,3.7,2.3,2.7,0.31,0.19,0.23,13,8,10,4.3,4.1,3.4,0.38,0.36,0.3,16,15,12,7394692964,,,978,743,998,742,958,743,0.09846,0.08373,-0.99161,-0.04347,0.08661,-0.99529,3.995,3.993,3.99,,,,Valid,Valid,225.9,163.0,476.5,283.0,161.9,475.1,273.2,203.2,262.3,203.3,0.5095,0.6876,0.5199,0.6874,0.4992,0.6878,Screen Recording,Screen Recording Recording8.mp4,1920,1080,0,0,960,540,Fixation,2604,217,972,748,0.5063,0.6928,,,,,,,,,,,
94570873,472177564613,Eye Tracker,LipReading_BJ,10/21/2025,CJY,Recording8,10/18/2025,10/18/2025,10:09:23.595,02:09:23.595,431768,Timeline1,Tobii I-VT (Fixation),1.241.54219,1080,1920,10.0,3.7,2.3,2.7,0.31,0.19,0.23,13,8,10,4.3,4.1,3.4,0.38,0.36,0.3,16,15,12,7394696964,,,981,742,1004,743,958,741,0.10171,0.08417,-0.99125,-0.04394,0.08581,-0.99534,3.985,3.982,3.989,,,,Valid,Valid,225.8,163.0,476.4,283.0,161.9,475.1,274.7,203.4,262.0,202.9,0.5108,0.6873,0.5229,0.6882,0.4987,0.6865,Screen Recording,Screen Recording Recording8.mp4,1920,1080,0,0,960,540,Fixation,2604,217,972,748,0.5063,0.6928,,,,,,,,,,,
94574874,472177568614,Eye Tracker,LipReading_BJ,10/21/2025,CJY,Recording8,10/18/2025,10/18/2025,10:09:23.595,02:09:23.595,431768,Timeline1,Tobii I-VT (Fixation),1.241.54219,1080,1920,10.0,3.7,2.3,2.7,0.31,0.19,0.23,13,8,10,4.3,4.1,3.4,0.38,0.36,0.3,16,15,12,7394700965,,,978,742,998,744,959,740,0.09847,0.08488,-0.99151,-0.04336,0.08506,-0.99543,3.97,3.995,3.977,,,,Valid,Valid,225.8,163.0,476.4,283.0,161.9,475.1,273.2,203.7,262.3,202.5,0.5095,0.6873,0.5198,0.6893,0.4992,0.6852,Screen Recording,Screen Recording Recording8.mp4,1920,1080,0,0,960,540,Fixation,2604,217,972,748,0.5063,0.6928,,,,,,,,,,,
94578874,472177572614,Eye Tracker,LipReading_BJ,10/21/2025,CJY,Recording8,10/18/2025,10/18/2025,10:09:23.595,02:09:23.595,431768,Timeline1,Tobii I-VT (Fixation),1.241.54219,1080,1920,10.0,3.7,2.3,2.7,0.31,0.19,0.23,13,8,10,4.3,4.1,3.4,0.38,0.36,0.3,16,15,12,7394704965,,,980,743,1002,746,958,739,0.10066,0.08598,-0.9912,-0.04339,0.08427,-0.9955,3.953,3.982,3.976,,,,Valid,Valid,225.8,163.0,476.4,283.0,161.9,475.1,274.2,204.3,262.3,202.1,0.5105,0.6875,0.5219,0.6912,0.4992,0.6839,Screen Recording,Screen Recording Recording8.mp4,1920,1080,0,0,960,540,Fixation,2604,217,972,748,0.5063,0.6928,,,,,,,,,,,
94582873,472177576613,Eye Tracker,LipReading_BJ,10/21/2025,CJY,Recording8,10/18/2025,10/18/2025,10:09:23.595,02:09:23.595,431768,Timeline1,Tobii I-VT (Fixation),1.241.54219,1080,1920,10.0,3.7,2.3,2.7,0.31,0.19,0.23,13,8,10,4.3,4.1,3.4,0.38,0.36,0.3,16,15,12,7394708964,,,975,745,997,748,953,742,0.09804,0.08695,-0.99138,-0.04639,0.08616,-0.9952,3.967,3.985,3.973,,,,Valid,Valid,225.8,163.0,476.4,283.0,161.9,475.1,272.9,204.7,260.8,203.1,0.5079,0.6899,0.5194,0.6927,0.4964,0.687,Screen Recording,Screen Recording Recording8.mp4,1920,1080,0,0,960,540,Fixation,2604,217,972,748,0.5063,0.6928,,,,,,,,,,,
94586873,472177580613,Eye Tracker,LipReading_BJ,10/21/2025,CJY,Recording8,10/18/2025,10/18/2025,10:09:23.595,02:09:23.595,431768,Timeline1,Tobii I-VT (Fixation),1.241.54219,1080,1920,10.0,3.7,2.3,2.7,0.31,0.19,0.23,13,8,10,4.3,4.1,3.4,0.38,0.36,0.3,16,15,12,7394712964,,,975,747,996,750,954,744,0.09712,0.08777,-0.99139,-0.04598,0.08731,-0.99512,3.934,3.994,3.969,,,,Valid,Valid,225.8,162.9,476.4,283.0,161.9,475.1,272.5,205.1,261.0,203.6,0.5076,0.6914,0.5185,0.694,0.4968,0.6888,Screen Recording,Screen Recording Recording8.mp4,1920,1080,0,0,960,540,Fixation,2604,217,972,748,0.5063,0.6928,,,,,,,,,,,
94590873,472177584613,Eye Tracker,LipReading_BJ,10/21/2025,CJY,Recording8,10/18/2025,10/18/2025,10:09:23.595,02:09:23.595,431768,Timeline1,Tobii I-VT (Fixation),1.241.54219,1080,1920,10.0,3.7,2.3,2.7,0.31,0.19,0.23,13,8,10,4.3,4.1,3.4,0.38,0.36,0.3,16,15,12,7394716964,,,974,747,995,748,953,745,0.09675,0.08698,-0.9915,-0.04656,0.08807,-0.99503,3.96,3.975,3.969,,,,Valid,Valid,225.8,162.9,476.4,283.0,161.9,475.1,272.3,204.7,260.7,204.0,0.5072,0.6914,0.5182,0.6927,0.4962,0.69,Screen Recording,Screen Recording Recording8.mp4,1920,1080,0,0,960,540,Fixation,2604,217,972,748,0.5063,0.6928,,,,,,,,,,,
94594874,472177588614,Eye Tracker,LipReading_BJ,10/21/2025,CJY,Recording8,10/18/2025,10/18/2025,10:09:23.595,02:09:23.595,431768,Timeline1,Tobii I-VT (Fixation),1.241.54219,1080,1920,10.0,3.7,2.3,2.7,0.31,0.19,0.23,13,8,10,4.3,4.1,3.4,0.38,0.36,0.3,16,15,12,7394720965,,,977,746,996,749,959,743,0.09713,0.08774,-0.9914,-0.04305,0.08673,-0.9953,3.954,3.984,3.963,,,,Valid,Valid,225.8,162.9,476.4,282.9,161.9,475.1,272.4,205.1,262.4,203.3,0.5089,0.6909,0.5185,0.6939,0.4994,0.6878,Screen Recording,Screen Recording Recording8.mp4,1920,1080,0,0,960,540,Fixation,2604,217,972,748,0.5063,0.6928,,,,,,,,,,,
94598874,472177592614,Eye Tracker,LipReading_BJ,10/21/2025,CJY,Recording8,10/18/2025,10/18/2025,10:09:23.595,02:09:23.595,431768,Timeline1,Tobii I-VT (Fixation),1.241.54219,1080,1920,10.0,3.7,2.3,2.7,0.31,0.19,0.23,13,8,10,4.3,4.1,3.4,0.38,0.36,0.3,16,15,12,7394724965,,,975,743,998,745,953,740,0.09857,0.08542,-0.99146,-0.04661,0.08526,-0.99527,3.95,3.962,3.962,,,,Valid,Valid,225.7,162.9,476.4,282.9,161.9,475.1,273.1,204.0,260.7,202.6,0.5079,0.6878,0.5198,0.6901,0.4961,0.6854,Screen Recording,Screen Recording Recording8.mp4,1920,1080,0,0,960,540,Fixation,2604,217,972,748,0.5063,0.6928,,,,,,,,,,,
94602872,472177596612,Eye Tracker,LipReading_BJ,10/21/2025,CJY,Recording8,10/18/2025,10/18/2025,10:09:23.595,02:09:23.595,431768,Timeline1,Tobii I-VT (Fixation),1.241.54219,1080,1920,10.0,3.7,2.3,2.7,0.31,0.19,0.23,13,8,10,4.3,4.1,3.4,0.38,0.36,0.3,16,15,12,7394728964,,,976,744,991,746,961,743,0.09443,0.0859,-0.99182,-0.0416,0.08671,-0.99536,3.93,3.969,3.956,,,,Valid,Valid,225.7,162.9,476.5,282.9,161.9,475.1,271.1,204.2,263.0,203.3,0.5083,0.6893,0.5159,0.6908,0.5006,0.6877,Screen Recording,Screen Recording Recording8.mp4,1920,1080,0,0,960,540,Fixation,2604,217,972,748,0.5063,0.6928,,,,,,,,,,,
94606873,472177600613,Eye Tracker,LipReading_BJ,10/21/2025,CJY,Recording8,10/18/2025,10/18/2025,10:09:23.595,02:09:23.595,431768,Timeline1,Tobii I-VT (Fixation),1.241.54219,1080,1920,10.0,3.7,2.3,2.7,0.31,0.19,0.23,13,8,10,4.3,4.1,3.4,0.38,0.36,0.3,16,15,12,7394732965,,,980,745,996,750,965,741,0.09737,0.08788,-0.99136,-0.03932,0.08573,-0.99554,3.97,3.959,3.945,,,,Valid,Valid,225.7,162.9,476.5,282.9,161.9,475.1,272.5,205.1,264.1,202.8,0.5107,0.6901,0.5186,0.694,0.5027,0.6861,Screen Recording,Screen Recording Recording8.mp4,1920,1080,0,0,960,540,Fixation,2604,217,972,748,0.5063,0.6928,,,,,,,,,,,
94610872,472177604612,Eye Tracker,LipReading_BJ,10/21/2025,CJY,Recording8,10/18/2025,10/18/2025,10:09:23.595,02:09:23.595,431768,Timeline1,Tobii I-VT (Fixation),1.241.54219,1080,1920,10.0,3.7,2.3,2.7,0.31,0.19,0.23,13,8,10,4.3,4.1,3.4,0.38,0.36,0.3,16,15,12,7394736964,,,980,744,996,746,964,741,0.09779,0.08612,-0.99147,-0.03974,0.0858,-0.99552,3.92,3.956,3.942,,,,Valid,Valid,225.7,162.9,476.6,282.9,161.8,475.2,272.7,204.3,263.9,202.8,0.5106,0.6886,0.519,0.6911,0.5022,0.6861,Screen Recording,Screen Recording Recording8.mp4,1920,1080,0,0,960,540,Fixation,2604,217,972,748,0.5063,0.6928,,,,,,,,,,,
94614872,472177608612,Eye Tracker,LipReading_BJ,10/21/2025,CJY,Recording8,10/18/2025,10/18/2025,10:09:23.595,02:09:23.595,431768,Timeline1,Tobii I-VT (Fixation),1.241.54219,1080,1920,10.0,3.7,2.3,2.7,0.31,0.19,0.23,13,8,10,4.3,4.1,3.4,0.38,0.36,0.3,16,15,12,7394740964,,,977,744,999,739,955,749,0.09944,0.08206,-0.99165,-0.04485,0.09022,-0.99491,3.926,3.942,3.938,,,,Valid,Valid,225.7,162.9,476.6,282.9,161.8,475.2,273.5,202.3,261.4,204.9,0.509,0.6889,0.5204,0.6845,0.4975,0.6933,Screen Recording,Screen Recording Recording8.mp4,1920,1080,0,0,960,540,Fixation,2604,217,972,748,0.5063,0.6928,,,,,,,,,,,
94618872,472177612612,Eye Tracker,LipReading_BJ,10/21/2025,CJY,Recording8,10/18/2025,10/18/2025,10:09:23.595,02:09:23.595,431768,Timeline1,Tobii I-VT (Fixation),1.241.54219,1080,1920,10.0,3.7,2.3,2.7,0.31,0.19,0.23,13,8,10,4.3,4.1,3.4,0.38,0.36,0.3,16,15,12,7394744964,,,979,741,998,735,960,746,0.09852,0.07968,-0.99194,-0.04185,0.0889,-0.99516,3.92,3.973,3.935,,,,Valid,Valid,225.7,162.9,476.6,282.8,161.8,475.2,273.0,201.1,262.9,204.3,0.5099,0.6858,0.5195,0.6806,0.5003,0.6911,Screen Recording,Screen Recording Recording8.mp4,1920,1080,0,0,960,540,Fixation,2604,217,972,748,0.5063,0.6928,,,,,,,,,,,
94622872,472177616612,Eye Tracker,LipReading_BJ,10/21/2025,CJY,Recording8,10/18/2025,10/18/2025,10:09:23.595,02:09:23.595,431768,Timeline1,Tobii I-VT (Fixation),1.241.54219,1080,1920,10.0,3.7,2.3,2.7,0.31,0.19,0.23,13,8,10,4.3,4.1,3.4,0.38,0.36,0.3,16,15,12,7394748964,,,977,743,1000,742,955,744,0.09977,0.08338,-0.99151,-0.04483,0.08748,-0.99516,3.912,3.949,3.931,,,,Valid,Valid,225.6,162.9,476.6,282.8,161.8,475.1,273.6,202.9,261.4,203.6,0.5091,0.6877,0.5207,0.6866,0.4975,0.6889,Screen Recording,Screen Recording Recording8.mp4,1920,1080,0,0,960,540,Fixation,2604,217,972,748,0.5063,0.6928,,,,,,,,,,,
94626873,472177620613,Eye Tracker,LipReading_BJ,10/21/2025,CJY,Recording8,10/18/2025,10/18/2025,10:09:23.595,02:09:23.595,431768,Timeline1,Tobii I-VT (Fixation),1.241.54219,1080,1920,10.0,3.7,2.3,2.7,0.31,0.19,0.23,13,8,10,4.3,4.1,3.4,0.38,0.36,0.3,16,15,12,7394752965,,,984,740,1003,744,965,736,0.10172,0.08474,-0.9912,-0.03925,0.08312,-0.99577,3.92,3.938,3.925,,,,Valid,Valid,225.6,162.9,476.5,282.8,161.8,475.1,274.5,203.6,264.1,201.5,0.5125,0.6853,0.5225,0.6889,0.5026,0.6818,Screen Recording,Screen Recording Recording8.mp4,1920,1080,0,0,960,540,Fixation,2604,217,972,748,0.5063,0.6928,,,,,,,,,,,
94630872,472177624612,Eye Tracker,LipReading_BJ,10/21/2025,CJY,Recording8,10/18/2025,10/18/2025,10:09:23.595,02:09:23.595,431768,Timeline1,Tobii I-VT (Fixation),1.241.54219,1080,1920,10.0,3.7,2.3,2.7,0.31,0.19,0.23,13,8,10,4.3,4.1,3.4,0.38,0.36,0.3,16,15,12,7394756964,,,978,744,999,744,957,743,0.09927,0.08482,-0.99144,-0.04372,0.08703,-0.99525,3.91,3.935,3.924,,,,Valid,Valid,225.6,162.9,476.5,282.8,161.8,475.1,273.3,203.7,261.9,203.4,0.5093,0.6886,0.5202,0.6891,0.4985,0.6881,Screen Recording,Screen Recording Recording8.mp4,1920,1080,0,0,960,540,Fixation,2604,217,972,748,0.5063,0.6928,,,,,,,,,,,
94634873,472177628613,Eye Tracker,LipReading_BJ,10/21/2025,CJY,Recording8,10/18/2025,10/18/2025,10:09:23.595,02:09:23.595,431768,Timeline1,Tobii I-VT (Fixation),1.241.54219,1080,1920,10.0,3.7,2.3,2.7,0.31,0.19,0.23,13,8,10,4.3,4.1,3.4,0.38,0.36,0.3,16,15,12,7394760965,,,978,744,1001,744,955,745,0.10029,0.08441,-0.99137,-0.045,0.08779,-0.99512,3.903,3.929,3.923,,,,Valid,Valid,225.6,162.9,476.4,282.8,161.8,475.1,273.8,203.5,261.3,203.8,0.5092,0.6889,0.5211,0.6885,0.4973,0.6894,Screen Recording,Screen Recording Recording8.mp4,1920,1080,0,0,960,540,Fixation,2604,217,972,748,0.5063,0.6928,,,,,,,,,,,
94638872,472177632612,Eye Tracker,LipReading_BJ,10/21/2025,CJY,Recording8,10/18/2025,10/18/2025,10:09:23.595,02:09:23.595,431768,Timeline1,Tobii I-VT (Fixation),1.241.54219,1080,1920,10.0,3.7,2.3,2.7,0.31,0.19,0.23,13,8,10,4.3,4.1,3.4,0.38,0.36,0.3,16,15,12,7394764964,,,974,745,995,746,954,744,0.097,0.086,-0.99156,-0.0457,0.08732,-0.99513,3.916,3.935,3.918,,,,Valid,Valid,225.6,162.9,476.5,282.8,161.8,475.1,272.2,204.2,260.9,203.5,0.5073,0.6898,0.5181,0.691,0.4966,0.6886,Screen Recording,Screen Recording Recording8.mp4,1920,1080,0,0,960,540,Fixation,2604,217,972,748,0.5063,0.6928,,,,,,,,,,,
94642872,472177636612,Eye Tracker,LipReading_BJ,10/21/2025,CJY,Recording8,10/18/2025,10/18/2025,10:09:23.595,02:09:23.595,431768,Timeline1,Tobii I-VT (Fixation),1.241.54219,1080,1920,10.0,3.7,2.3,2.7,0.31,0.19,0.23,13,8,10,4.3,4.1,3.4,0.38,0.36,0.3,16,15,12,7394768964,,,972,748,991,748,952,747,0.09505,0.08712,-0.99165,-0.04641,0.0894,-0.99491,3.9,3.931,3.915,,,,Valid,Valid,225.6,162.9,476.5,282.8,161.9,475.1,271.3,204.8,260.6,204.6,0.5061,0.6925,0.5163,0.6928,0.4959,0.6921,Screen Recording,Screen Recording Recording8.mp4,1920,1080,0,0,960,540,Fixation,2604,217,972,748,0.5063,0.6928,,,,,,,,,,,
94646873,472177640613,Eye Tracker,LipReading_BJ,10/21/2025,CJY,Recording8,10/18/2025,10/18/2025,10:09:23.595,02:09:23.595,431768,Timeline1,Tobii I-VT (Fixation),1.241.54219,1080,1920,10.0,3.7,2.3,2.7,0.31,0.19,0.23,13,8,10,4.3,4.1,3.4,0.38,0.36,0.3,16,15,12,7394772965,,,979,745,996,747,963,743,0.09764,0.08657,-0.99145,-0.04026,0.08688,-0.9954,3.889,3.932,3.915,,,,Valid,Valid,225.6,162.9,476.5,282.7,161.9,475.1,272.5,204.5,263.5,203.3,0.5101,0.69,0.5186,0.692,0.5015,0.6879,Screen Recording,Screen Recording Recording8.mp4,1920,1080,0,0,960,540,Fixation,2604,217,972,748,0.5063,0.6928,,,,,,,,,,,
94650872,472177644612,Eye Tracker,LipReading_BJ,10/21/2025,CJY,Recording8,10/18/2025,10/18/2025,10:09:23.595,02:09:23.595,431768,Timeline1,Tobii I-VT (Fixation),1.241.54219,1080,1920,10.0,3.7,2.3,2.7,0.31,0.19,0.23,13,8,10,4.3,4.1,3.4,0.38,0.36,0.3,16,15,12,7394776964,,,981,747,994,752,968,741,0.09662,0.08912,-0.99132,-0.03708,0.08599,-0.99561,3.897,3.922,3.913,,,,Valid,Valid,225.6,162.9,476.5,282.7,161.9,475.1,272.0,205.8,265.0,202.9,0.511,0.6913,0.5177,0.6962,0.5044,0.6865,Screen Recording,Screen Recording Recording8.mp4,1920,1080,0,0,960,540,Fixation,2604,217,972,748,0.5063,0.6928,,,,,,,,,,,
94654872,472177648612,Eye Tracker,LipReading_BJ,10/21/2025,CJY,Recording8,10/18/2025,10/18/2025,10:09:23.595,02:09:23.595,431768,Timeline1,Tobii I-VT (Fixation),1.241.54219,1080,1920,10.0,3.7,2.3,2.7,0.31,0.19,0.23,13,8,10,4.3,4.1,3.4,0.38,0.36,0.3,16,15,12,7394780964,,,974,744,993,747,955,742,0.09605,0.08635,-0.99162,-0.04469,0.086,-0.99529,3.903,3.93,3.905,,,,Valid,Valid,225.6,162.9,476.5,282.7,161.9,475.1,271.7,204.4,261.4,202.9,0.5073,0.6891,0.5171,0.6917,0.4974,0.6866,Screen Recording,Screen Recording Recording8.mp4,1920,1080,0,0,960,540,Fixation,2604,217,972,748,0.5063,0.6928,,,,,,,,,,,
94658872,472177652612,Eye Tracker,LipReading_BJ,10/21/2025,CJY,Recording8,10/18/2025,10/18/2025,10:09:23.595,02:09:23.595,431768,Timeline1,Tobii I-VT (Fixation),1.241.54219,1080,1920,10.0,3.7,2.3,2.7,0.31,0.19,0.23,13,8,10,4.3,4.1,3.4,0.38,0.36,0.3,16,15,12,7394784964,,,979,743,994,747,965,739,0.0967,0.08623,-0.99157,-0.03913,0.08432,-0.99567,3.875,3.917,3.905,,,,Valid,Valid,225.6,162.9,476.5,282.7,161.9,475.1,272.0,204.4,264.0,202.1,0.5101,0.6877,0.5177,0.6915,0.5025,0.6839,Screen Recording,Screen Recording Recording8.mp4,1920,1080,0,0,960,540,Fixation,2604,217,972,748,0.5063,0.6928,,,,,,,,,,,
94662873,472177656613,Eye Tracker,LipReading_BJ,10/21/2025,CJY,Recording8,10/18/2025,10/18/2025,10:09:23.595,02:09:23.595,431768,Timeline1,Tobii I-VT (Fixation),1.241.54219,1080,1920,10.0,3.7,2.3,2.7,0.31,0.19,0.23,13,8,10,4.3,4.1,3.4,0.38,0.36,0.3,16,15,12,7394788965,,,979,744,994,748,963,741,0.097,0.08665,-0.99151,-0.03991,0.08549,-0.99554,3.881,3.913,3.902,,,,Valid,Valid,225.5,163.0,476.5,282.7,161.9,475.1,272.2,204.6,263.6,202.7,0.5099,0.689,0.518,0.6922,0.5018,0.6858,Screen Recording,Screen Recording Recording8.mp4,1920,1080,0,0,960,540,Fixation,2604,217,972,748,0.5063,0.6928,,,,,,,,,,,
94666872,472177660612,Eye Tracker,LipReading_BJ,10/21/2025,CJY,Recording8,10/18/2025,10/18/2025,10:09:23.595,02:09:23.595,431768,Timeline1,Tobii I-VT (Fixation),1.241.54219,1080,1920,10.0,3.7,2.3,2.7,0.31,0.19,0.23,13,8,10,4.3,4.1,3.4,0.38,0.36,0.3,16,15,12,7394792964,,,978,747,992,749,964,744,0.09582,0.08743,-0.99155,-0.03931,0.08748,-0.99539,3.894,3.916,3.9,,,,Valid,Valid,225.5,163.0,476.6,282.7,161.9,475.0,271.6,205.0,263.9,203.7,0.5096,0.6913,0.5169,0.6935,0.5023,0.6891,Screen Recording,Screen Recording Recording8.mp4,1920,1080,0,0,960,540,Fixation,2604,217,972,748,0.5063,0.6928,,,,,,,,,,,
94670872,472177664612,Eye Tracker,LipReading_BJ,10/21/2025,CJY,Recording8,10/18/2025,10/18/2025,10:09:23.595,02:09:23.595,431768,Timeline1,Tobii I-VT (Fixation),1.241.54219,1080,1920,10.0,3.7,2.3,2.7,0.31,0.19,0.23,13,8,10,4.3,4.1,3.4,0.38,0.36,0.3,16,15,12,7394796964,,,977,746,993,749,961,743,0.09616,0.08761,-0.9915,-0.04135,0.08679,-0.99537,3.888,3.895,3.897,,,,Valid,Valid,225.5,163.0,476.5,282.7,161.9,475.0,271.7,205.1,262.9,203.4,0.5088,0.6909,0.5172,0.6939,0.5004,0.688,Screen Recording,Screen Recording Recording8.mp4,1920,1080,0,0,960,540,Fixation,2604,217,972,748,0.5063,0.6928,,,,,,,,,,,
94674873,472177668613,Eye Tracker,LipReading_BJ,10/21/2025,CJY,Recording8,10/18/2025,10/18/2025,10:09:23.595,02:09:23.595,431768,Timeline1,Tobii I-VT (Fixation),1.241.54219,1080,1920,10.0,3.7,2.3,2.7,0.31,0.19,0.23,13,8,10,4.3,4.1,3.4,0.38,0.36,0.3,16,15,12,7394800965,,,979,743,994,743,965,743,0.09673,0.08382,-0.99177,-0.03915,0.08677,-0.99546,3.902,3.902,3.897,,,,Valid,Valid,225.5,163.0,476.5,282.7,161.9,475.0,272.0,203.3,264.0,203.3,0.51,0.6879,0.5176,0.6877,0.5024,0.688,Screen Recording,Screen Recording Recording8.mp4,1920,1080,0,0,960,540,Fixation,2604,217,972,748,0.5063,0.6928,,,,,,,,,,,
94678873,472177672613,Eye Tracker,LipReading_BJ,10/21/2025,CJY,Recording8,10/18/2025,10/18/2025,10:09:23.595,02:09:23.595,431768,Timeline1,Tobii I-VT (Fixation),1.241.54219,1080,1920,10.0,3.7,2.3,2.7,0.31,0.19,0.23,13,8,10,4.3,4.1,3.4,0.38,0.36,0.3,16,15,12,7394804965,,,976,749,993,750,959,748,0.09649,0.08767,-0.99146,-0.04227,0.08976,-0.99507,3.892,3.902,3.891,,,,Valid,Valid,225.5,163.0,476.6,282.6,162.0,475.0,271.9,205.1,262.5,204.8,0.5085,0.6935,0.5174,0.6941,0.4995,0.6929,Screen Recording,Screen Recording Recording8.mp4,1920,1080,0,0,960,540,Fixation,2604,217,972,748,0.5063,0.6928,,,,,,,,,,,
94682872,472177676612,Eye Tracker,LipReading_BJ,10/21/2025,CJY,Recording8,10/18/2025,10/18/2025,10:09:23.595,02:09:23.595,431768,Timeline1,Tobii I-VT (Fixation),1.241.54219,1080,1920,10.0,3.7,2.3,2.7,0.31,0.19,0.23,13,8,10,4.3,4.1,3.4,0.38,0.36,0.3,16,15,12,7394808964,,,979,746,1000,746,958,745,0.10032,0.08563,-0.99126,-0.04313,0.08803,-0.99518,3.874,3.89,3.885,,,,Valid,Valid,225.5,163.0,476.6,282.6,162.0,475.0,273.7,204.2,262.1,204.0,0.5098,0.6905,0.5209,0.6908,0.4987,0.6901,Screen Recording,Screen Recording Recording8.mp4,1920,1080,0,0,960,540,Fixation,2604,217,972,748,0.5063,0.6928,,,,,,,,,,,
94686872,472177680612,Eye Tracker,LipReading_BJ,10/21/2025,CJY,Recording8,10/18/2025,10/18/2025,10:09:23.595,02:09:23.595,431768,Timeline1,Tobii I-VT (Fixation),1.241.54219,1080,1920,10.0,3.7,2.3,2.7,0.31,0.19,0.23,13,8,10,4.3,4.1,3.4,0.38,0.36,0.3,16,15,12,7394812964,,,981,744,999,745,963,742,0.09963,0.08528,-0.99136,-0.03996,0.08637,-0.99546,3.879,3.861,3.877,,,,Valid,Valid,225.5,163.0,476.6,282.6,162.0,475.0,273.4,204.0,263.6,203.2,0.5109,0.6889,0.5203,0.6902,0.5016,0.6875,Screen Recording,Screen Recording Recording8.mp4,1920,1080,0,0,960,540,Fixation,2604,217,972,748,0.5063,0.6928,,,,,,,,,,,
94690873,472177684613,Eye Tracker,LipReading_BJ,10/21/2025,CJY,Recording8,10/18/2025,10/18/2025,10:09:23.595,02:09:23.595,431768,Timeline1,Tobii I-VT (Fixation),1.241.54219,1080,1920,10.0,3.7,2.3,2.7,0.31,0.19,0.23,13,8,10,4.3,4.1,3.4,0.38,0.36,0.3,16,15,12,7394816965,,,981,744,998,747,965,741,0.09891,0.08616,-0.99136,-0.03874,0.08563,-0.99557,3.876,3.873,3.875,,,,Valid,Valid,225.5,163.0,476.6,282.6,162.0,475.0,273.0,204.4,264.1,202.8,0.5111,0.689,0.5196,0.6917,0.5027,0.6863,Screen Recording,Screen Recording Recording8.mp4,1920,1080,0,0,960,540,Fixation,2604,217,972,748,0.5063,0.6928,,,,,,,,,,,
94694873,472177688613,Eye Tracker,LipReading_BJ,10/21/2025,CJY,Recording8,10/18/2025,10/18/2025,10:09:23.595,02:09:23.595,431768,Timeline1,Tobii I-VT (Fixation),1.241.54219,1080,1920,10.0,3.7,2.3,2.7,0.31,0.19,0.23,13,8,10,4.3,4.1,3.4,0.38,0.36,0.3,16,15,12,7394820965,,,975,746,995,751,955,741,0.0975,0.08849,-0.99129,-0.04478,0.08526,-0.99535,3.884,3.875,3.877,,,,Valid,Valid,225.5,163.0,476.5,282.6,162.0,475.0,272.3,205.6,261.2,202.7,0.5077,0.6906,0.5183,0.6955,0.4972,0.6857,Screen Recording,Screen Recording Recording8.mp4,1920,1080,0,0,960,540,Fixation,2604,217,972,748,0.5063,0.6928,,,,,,,,,,,
94698872,472177692612,Eye Tracker,LipReading_BJ,10/21/2025,CJY,Recording8,10/18/2025,10/18/2025,10:09:23.595,02:09:23.595,431768,Timeline1,Tobii I-VT (Fixation),1.241.54219,1080,1920,10.0,3.7,2.3,2.7,0.31,0.19,0.23,13,8,10,4.3,4.1,3.4,0.38,0.36,0.3,16,15,12,7394824964,,,978,747,996,748,960,745,0.09776,0.08692,-0.99141,-0.04178,0.08793,-0.99525,3.87,3.89,3.882,,,,Valid,Valid,225.5,163.0,476.5,282.6,162.0,475.0,272.4,204.8,262.7,204.0,0.5092,0.6915,0.5185,0.693,0.4999,0.6901,Screen Recording,Screen Recording Recording8.mp4,1920,1080,0,0,960,540,Fixation,2604,217,972,748,0.5063,0.6928,,,,,,,,,,,
94702872,472177696612,Eye Tracker,LipReading_BJ,10/21/2025,CJY,Recording8,10/18/2025,10/18/2025,10:09:23.595,02:09:23.595,431768,Timeline1,Tobii I-VT (Fixation),1.241.54219,1080,1920,10.0,3.7,2.3,2.7,0.31,0.19,0.23,13,8,10,4.3,4.1,3.4,0.38,0.36,0.3,16,15,12,7394828964,,,978,746,993,748,963,744,0.09612,0.08646,-0.99161,-0.04005,0.08723,-0.99538,3.882,3.888,3.88,,,,Valid,Valid,225.4,163.1,476.5,282.6,162.0,475.0,271.6,204.6,263.5,203.6,0.5092,0.6906,0.517,0.6922,0.5014,0.6889,Screen Recording,Screen Recording Recording8.mp4,1920,1080,0,0,960,540,Fixation,2604,217,972,748,0.5063,0.6928,,,,,,,,,,,
94706872,472177700612,Eye Tracker,LipReading_BJ,10/21/2025,CJY,Recording8,10/18/2025,10/18/2025,10:09:23.595,02:09:23.595,431768,Timeline1,Tobii I-VT (Fixation),1.241.54219,1080,1920,10.0,3.7,2.3,2.7,0.31,0.19,0.23,13,8,10,4.3,4.1,3.4,0.38,0.36,0.3,16,15,12,7394832965,,,976,747,996,748,955,746,0.09823,0.08659,-0.99139,-0.04457,0.08806,-0.99512,3.872,3.892,3.879,,,,Valid,Valid,225.4,163.1,476.5,282.6,162.0,475.0,272.6,204.7,261.3,204.0,0.5081,0.6914,0.5189,0.6925,0.4973,0.6903,Screen Recording,Screen Recording Recording8.mp4,1920,1080,0,0,960,540,Fixation,2604,217,972,748,0.5063,0.6928,,,,,,,,,,,
94710872,472177704612,Eye Tracker,LipReading_BJ,10/21/2025,CJY,Recording8,10/18/2025,10/18/2025,10:09:23.595,02:09:23.595,431768,Timeline1,Tobii I-VT (Fixation),1.241.54219,1080,1920,10.0,3.7,2.3,2.7,0.31,0.19,0.23,13,8,10,4.3,4.1,3.4,0.38,0.36,0.3,16,15,12,7394836965,,,977,742,993,747,962,737,0.09641,0.08592,-0.99163,-0.04052,0.08331,-0.9957,3.869,3.872,3.877,,,,Valid,Valid,225.4,163.1,476.5,282.6,162.0,475.0,271.8,204.3,263.2,201.7,0.5091,0.687,0.5172,0.6914,0.501,0.6825,Screen Recording,Screen Recording Recording8.mp4,1920,1080,0,0,960,540,Fixation,2604,217,972,748,0.5063,0.6928,,,,,,,,,,,
94714872,472177708612,Eye Tracker,LipReading_BJ,10/21/2025,CJY,Recording8,10/18/2025,10/18/2025,10:09:23.595,02:09:23.595,431768,Timeline1,Tobii I-VT (Fixation),1.241.54219,1080,1920,10.0,3.7,2.3,2.7,0.31,0.19,0.23,13,8,10,4.3,4.1,3.4,0.38,0.36,0.3,16,15,12,7394840965,,,979,745,994,747,965,743,0.09707,0.08627,-0.99153,-0.03884,0.08642,-0.9955,3.857,3.865,3.866,,,,Valid,Valid,225.4,163.0,476.6,282.5,162.0,475.0,272.1,204.5,264.0,203.2,0.5101,0.6898,0.5178,0.6919,0.5025,0.6876,Screen Recording,Screen Recording Recording8.mp4,1920,1080,0,0,960,540,Fixation,2604,217,972,748,0.5063,0.6928,,,,,,,,,,,
94718871,472177712611,Eye Tracker,LipReading_BJ,10/21/2025,CJY,Recording8,10/18/2025,10/18/2025,10:09:23.595,02:09:23.595,431768,Timeline1,Tobii I-VT (Fixation),1.241.54219,1080,1920,10.0,3.7,2.3,2.7,0.31,0.19,0.23,13,8,10,4.3,4.1,3.4,0.38,0.36,0.3,16,15,12,7394844964,,,976,748,992,746,960,749,0.09617,0.0855,-0.99169,-0.0417,0.09022,-0.99505,3.855,3.884,3.862,,,,Valid,Valid,225.4,163.0,476.6,282.5,162.0,475.0,271.6,204.1,262.6,205.1,0.5084,0.6922,0.5169,0.6906,0.4998,0.6938,Screen Recording,Screen Recording Recording8.mp4,1920,1080,0,0,960,540,Fixation,2604,217,972,748,0.5063,0.6928,,,,,,,,,,,
94722871,472177716611,Eye Tracker,LipReading_BJ,10/21/2025,CJY,Recording8,10/18/2025,10/18/2025,10:09:23.595,02:09:23.595,431768,Timeline1,Tobii I-VT (Fixation),1.241.54219,1080,1920,10.0,3.7,2.3,2.7,0.31,0.19,0.23,13,8,10,4.3,4.1,3.4,0.38,0.36,0.3,16,15,12,7394848964,,,977,746,990,746,964,746,0.09489,0.08561,-0.9918,-0.03926,0.08838,-0.99531,3.86,3.859,3.859,,,,Valid,Valid,225.4,163.0,476.6,282.5,162.0,475.0,271.0,204.2,263.8,204.2,0.5089,0.6908,0.5157,0.6908,0.502,0.6908,Screen Recording,Screen Recording Recording8.mp4,1920,1080,0,0,960,540,Fixation,2604,217,972,748,0.5063,0.6928,,,,,,,,,,,
94726872,472177720612,Eye Tracker,LipReading_BJ,10/21/2025,CJY,Recording8,10/18/2025,10/18/2025,10:09:23.595,02:09:23.595,431768,Timeline1,Tobii I-VT (Fixation),1.241.54219,1080,1920,10.0,3.7,2.3,2.7,0.31,0.19,0.23,13,8,10,4.3,4.1,3.4,0.38,0.36,0.3,16,15,12,7394852965,,,982,741,997,744,967,738,0.09875,0.08454,-0.99151,-0.03754,0.08384,-0.99577,3.884,3.845,3.859,,,,Valid,Valid,225.4,163.0,476.6,282.5,162.0,475.0,272.8,203.7,264.6,202.0,0.5114,0.6862,0.5192,0.6891,0.5036,0.6834,Screen Recording,Screen Recording Recording8.mp4,1920,1080,0,0,960,540,Fixation,2604,217,972,748,0.5063,0.6928,,,,,,,,,,,
94730872,472177724612,Eye Tracker,LipReading_BJ,10/21/2025,CJY,Recording8,10/18/2025,10/18/2025,10:09:23.595,02:09:23.595,431768,Timeline1,Tobii I-VT (Fixation),1.241.54219,1080,1920,10.0,3.7,2.3,2.7,0.31,0.19,0.23,13,8,10,4.3,4.1,3.4,0.38,0.36,0.3,16,15,12,7394856965,,,978,747,990,753,965,742,0.09507,0.08958,-0.99143,-0.0387,0.08584,-0.99556,3.862,3.851,3.855,,,,Valid,Valid,225.3,163.0,476.6,282.5,162.0,475.0,271.0,206.1,264.0,202.9,0.5092,0.692,0.5158,0.6973,0.5025,0.6866,Screen Recording,Screen Recording Recording8.mp4,1920,1080,0,0,960,540,Fixation,2604,217,972,748,0.5063,0.6928,,,,,,,,,,,
94734871,472177728611,Eye Tracker,LipReading_BJ,10/21/2025,CJY,Recording8,10/18/2025,10/18/2025,10:09:23.595,02:09:23.595,431768,Timeline1,Tobii I-VT (Fixation),1.241.54219,1080,1920,10.0,3.7,2.3,2.7,0.31,0.19,0.23,13,8,10,4.3,4.1,3.4,0.38,0.36,0.3,16,15,12,7394860964,,,981,747,998,749,963,745,0.09969,0.08709,-0.9912,-0.03947,0.0878,-0.99536,3.855,3.872,3.855,,,,Valid,Valid,225.3,163.0,476.6,282.5,162.0,474.9,273.3,204.9,263.6,203.9,0.5109,0.6916,0.5201,0.6933,0.5018,0.6898,Screen Recording,Screen Recording Recording8.mp4,1920,1080,0,0,960,540,Fixation,2604,217,972,748,0.5063,0.6928,,,,,,,,,,,
94738872,472177732612,Eye Tracker,LipReading_BJ,10/21/2025,CJY,Recording8,10/18/2025,10/18/2025,10:09:23.595,02:09:23.595,431768,Timeline1,Tobii I-VT (Fixation),1.241.54219,1080,1920,10.0,3.7,2.3,2.7,0.31,0.19,0.23,13,8,10,4.3,4.1,3.4,0.38,0.36,0.3,16,15,12,7394864965,,,980,746,997,752,963,740,0.09869,0.08877,-0.99115,-0.03941,0.08502,-0.9956,3.854,3.85,3.857,,,,Valid,Valid,225.3,163.0,476.6,282.5,162.0,474.9,272.8,205.7,263.7,202.6,0.5105,0.6906,0.5191,0.696,0.5018,0.6853,Screen Recording,Screen Recording Recording8.mp4,1920,1080,0,0,960,540,Fixation,2604,217,972,748,0.5063,0.6928,,,,,,,,,,,
94742872,472177736612,Eye Tracker,LipReading_BJ,10/21/2025,CJY,Recording8,10/18/2025,10/18/2025,10:09:23.595,02:09:23.595,431768,Timeline1,Tobii I-VT (Fixation),1.241.54219,1080,1920,10.0,3.7,2.3,2.7,0.31,0.19,0.23,13,8,10,4.3,4.1,3.4,0.38,0.36,0.3,16,15,12,7394868965,,,978,746,998,747,958,745,0.09955,0.08636,-0.99128,-0.04267,0.08773,-0.99523,3.859,3.866,3.861,,,,Valid,Valid,225.3,163.0,476.6,282.5,162.0,474.9,273.2,204.5,262.1,203.8,0.5093,0.6909,0.5199,0.692,0.4988,0.6897,Screen Recording,Screen Recording Recording8.mp4,1920,1080,0,0,960,540,Fixation,2604,217,972,748,0.5063,0.6928,,,,,,,,,,,
94746872,472177740612,Eye Tracker,LipReading_BJ,10/21/2025,CJY,Recording8,10/18/2025,10/18/2025,10:09:23.595,02:09:23.595,431768,Timeline1,Tobii I-VT (Fixation),1.241.54219,1080,1920,10.0,3.7,2.3,2.7,0.31,0.19,0.23,13,8,10,4.3,4.1,3.4,0.38,0.36,0.3,16,15,12,7394872965,,,981,748,997,751,965,744,0.09872,0.08865,-0.99116,-0.03846,0.08708,-0.99546,3.856,3.858,3.862,,,,Valid,Valid,225.3,163.0,476.5,282.4,162.0,474.9,272.8,205.7,264.1,203.5,0.5108,0.6922,0.5191,0.6958,0.5026,0.6886,Screen Recording,Screen Recording Recording8.mp4,1920,1080,0,0,960,540,Fixation,2604,217,972,748,0.5063,0.6928,,,,,,,,,,,
94750871,472177744611,Eye Tracker,LipReading_BJ,10/21/2025,CJY,Recording8,10/18/2025,10/18/2025,10:09:23.595,02:09:23.595,431768,Timeline1,Tobii I-VT (Fixation),1.241.54219,1080,1920,10.0,3.7,2.3,2.7,0.31,0.19,0.23,13,8,10,4.3,4.1,3.4,0.38,0.36,0.3,16,15,12,7394876964,,,983,750,999,753,967,746,0.10029,0.08963,-0.99091,-0.03752,0.08866,-0.99535,3.859,3.869,3.862,,,,Valid,Valid,225.3,163.0,476.5,282.4,162.0,474.9,273.5,206.1,264.5,204.3,0.512,0.6943,0.5205,0.6974,0.5034,0.6912,Screen Recording,Screen Recording Recording8.mp4,1920,1080,0,0,960,540,Fixation,2604,217,972,748,0.5063,0.6928,,,,,,,,,,,
94754869,472177748609,Eye Tracker,LipReading_BJ,10/21/2025,CJY,Recording8,10/18/2025,10/18/2025,10:09:23.595,02:09:23.595,431768,Timeline1,Tobii I-VT (Fixation),1.241.54219,1080,1920,10.0,3.7,2.3,2.7,0.31,0.19,0.23,13,8,10,4.3,4.1,3.4,0.38,0.36,0.3,16,15,12,7394880962,,,975,747,989,746,961,748,0.09471,0.08553,-0.99182,-0.04089,0.08984,-0.99512,3.876,3.887,3.857,,,,Valid,Valid,225.3,163.0,476.5,282.4,162.0,474.9,270.8,204.1,262.9,204.8,0.5078,0.6918,0.5153,0.6906,0.5003,0.6931,Screen Recording,Screen Recording Recording8.mp4,1920,1080,0,0,960,540,Fixation,2604,217,972,748,0.5063,0.6928,,,,,,,,,,,
94758870,472177752610,Eye Tracker,LipReading_BJ,10/21/2025,CJY,Recording8,10/18/2025,10/18/2025,10:09:23.595,02:09:23.595,431768,Timeline1,Tobii I-VT (Fixation),1.241.54219,1080,1920,10.0,3.7,2.3,2.7,0.31,0.19,0.23,13,8,10,4.3,4.1,3.4,0.38,0.36,0.3,16,15,12,7394884963,,,977,746,992,747,963,746,0.09604,0.08612,-0.99164,-0.0397,0.08833,-0.9953,3.852,3.854,3.86,,,,Valid,Valid,225.3,163.0,476.5,282.4,161.9,474.9,271.4,204.4,263.5,204.1,0.509,0.691,0.5165,0.6916,0.5014,0.6905,Screen Recording,Screen Recording Recording8.mp4,1920,1080,0,0,960,540,Fixation,2604,217,972,748,0.5063,0.6928,,,,,,,,,,,
94762869,472177756609,Eye Tracker,LipReading_BJ,10/21/2025,CJY,Recording8,10/18/2025,10/18/2025,10:09:23.595,02:09:23.595,431768,Timeline1,Tobii I-VT (Fixation),1.241.54219,1080,1920,10.0,3.7,2.3,2.7,0.31,0.19,0.23,13,8,10,4.3,4.1,3.4,0.38,0.36,0.3,16,15,12,7394888963,,,980,745,995,743,966,746,0.0978,0.0841,-0.99165,-0.03807,0.08843,-0.99535,3.848,3.849,3.854,,,,Valid,Valid,225.3,163.0,476.5,282.4,161.9,474.9,272.2,203.4,264.2,204.1,0.5105,0.6895,0.5181,0.6883,0.5029,0.6907,Screen Recording,Screen Recording Recording8.mp4,1920,1080,0,0,960,540,Fixation,2604,217,972,748,0.5063,0.6928,,,,,,,,,,,
94766869,472177760609,Eye Tracker,LipReading_BJ,10/21/2025,CJY,Recording8,10/18/2025,10/18/2025,10:09:23.595,02:09:23.595,431768,Timeline1,Tobii I-VT (Fixation),1.241.54219,1080,1920,10.0,3.7,2.3,2.7,0.31,0.19,0.23,13,8,10,4.3,4.1,3.4,0.38,0.36,0.3,16,15,12,7394892963,,,977,746,990,747,965,745,0.09526,0.08618,-0.99171,-0.03862,0.08804,-0.99537,3.836,3.868,3.853,,,,Valid,Valid,225.2,163.0,476.6,282.4,161.9,474.9,271.0,204.4,264.0,204.0,0.5091,0.6908,0.5158,0.6916,0.5024,0.6901,Screen Recording,Screen Recording Recording8.mp4,1920,1080,0,0,960,540,Fixation,2604,217,972,748,0.5063,0.6928,,,,,,,,,,,
94770868,472177764608,Eye Tracker,LipReading_BJ,10/21/2025,CJY,Recording8,10/18/2025,10/18/2025,10:09:23.595,02:09:23.595,431768,Timeline1,Tobii I-VT (Fixation),1.241.54219,1080,1920,10.0,3.7,2.3,2.7,0.31,0.19,0.23,13,8,10,4.3,4.1,3.4,0.38,0.36,0.3,16,15,12,7394896962,,,980,744,996,746,963,743,0.09844,0.08543,-0.99147,-0.03924,0.0869,-0.99544,3.861,3.856,3.854,,,,Valid,Valid,225.2,163.0,476.6,282.4,161.9,474.9,272.5,204.1,263.7,203.4,0.5102,0.6893,0.5187,0.6904,0.5018,0.6882,Screen Recording,Screen Recording Recording8.mp4,1920,1080,0,0,960,540,Fixation,2604,217,972,748,0.5063,0.6928,,,,,,,,,,,
94774869,472177768609,Eye Tracker,LipReading_BJ,10/21/2025,CJY,Recording8,10/18/2025,10/18/2025,10:09:23.595,02:09:23.595,431768,Timeline1,Tobii I-VT (Fixation),1.241.54219,1080,1920,10.0,3.7,2.3,2.7,0.31,0.19,0.23,13,8,10,4.3,4.1,3.4,0.38,0.36,0.3,16,15,12,7394900963,,,984,747,1002,751,966,744,0.10201,0.08822,-0.99086,-0.03772,0.08713,-0.99548,3.864,3.851,3.856,,,,Valid,Valid,225.2,163.0,476.6,282.4,161.9,474.9,274.3,205.4,264.4,203.5,0.5126,0.6918,0.522,0.695,0.5031,0.6885,Screen Recording,Screen Recording Recording8.mp4,1920,1080,0,0,960,540,Fixation,2604,217,972,748,0.5063,0.6928,,,,,,,,,,,
94778869,472177772609,Eye Tracker,LipReading_BJ,10/21/2025,CJY,Recording8,10/18/2025,10/18/2025,10:09:23.595,02:09:23.595,431768,Timeline1,Tobii I-VT (Fixation),1.241.54219,1080,1920,10.0,3.7,2.3,2.7,0.31,0.19,0.23,13,8,10,4.3,4.1,3.4,0.38,0.36,0.3,16,15,12,7394904963,,,983,744,998,746,967,742,0.09958,0.08564,-0.99134,-0.03701,0.08595,-0.99561,3.857,3.845,3.854,,,,Valid,Valid,225.2,163.0,476.6,282.4,161.9,475.0,273.1,204.2,264.7,202.9,0.5118,0.6887,0.5197,0.6908,0.5038,0.6866,Screen Recording,Screen Recording Recording8.mp4,1920,1080,0,0,960,540,Fixation,2604,217,972,748,0.5063,0.6928,,,,,,,,,,,
94782868,472177776608,Eye Tracker,LipReading_BJ,10/21/2025,CJY,Recording8,10/18/2025,10/18/2025,10:09:23.595,02:09:23.595,431768,Timeline1,Tobii I-VT (Fixation),1.241.54219,1080,1920,10.0,3.7,2.3,2.7,0.31,0.19,0.23,13,8,10,4.3,4.1,3.4,0.38,0.36,0.3,16,15,12,7394908962,,,982,744,997,745,966,743,0.09929,0.08523,-0.9914,-0.03758,0.08671,-0.99552,3.863,3.846,3.852,,,,Valid,Valid,225.2,163.0,476.6,282.4,161.9,474.9,272.9,204.0,264.4,203.3,0.5114,0.689,0.5195,0.6901,0.5032,0.6879,Screen Recording,Screen Recording Recording8.mp4,1920,1080,0,0,960,540,Fixation,2604,217,972,748,0.5063,0.6928,,,,,,,,,,,
94786869,472177780609,Eye Tracker,LipReading_BJ,10/21/2025,CJY,Recording8,10/18/2025,10/18/2025,10:09:23.595,02:09:23.595,431768,Timeline1,Tobii I-VT (Fixation),1.241.54219,1080,1920,10.0,3.7,2.3,2.7,0.31,0.19,0.23,13,8,10,4.3,4.1,3.4,0.38,0.36,0.3,16,15,12,7394912963,,,981,745,996,750,966,741,0.09871,0.08772,-0.99124,-0.03798,0.08545,-0.99562,3.858,3.826,3.852,,,,Valid,Valid,225.2,163.0,476.6,282.4,162.0,474.9,272.7,205.2,264.2,202.7,0.5109,0.69,0.5189,0.6942,0.5029,0.6859,Screen Recording,Screen Recording Recording8.mp4,1920,1080,0,0,960,540,Fixation,2604,217,972,748,0.5063,0.6928,,,,,,,,,,,
94790868,472177784608,Eye Tracker,LipReading_BJ,10/21/2025,CJY,Recording8,10/18/2025,10/18/2025,10:09:23.595,02:09:23.595,431768,Timeline1,Tobii I-VT (Fixation),1.241.54219,1080,1920,10.0,3.7,2.3,2.7,0.31,0.19,0.23,13,8,10,4.3,4.1,3.4,0.38,0.36,0.3,16,15,12,7394916962,,,983,744,1000,744,966,744,0.10086,0.08443,-0.99131,-0.03767,0.08712,-0.99549,3.847,3.861,3.855,,,,Valid,Valid,225.2,163.0,476.7,282.4,162.0,474.9,273.7,203.6,264.4,203.5,0.512,0.6887,0.5209,0.6888,0.5032,0.6886,Screen Recording,Screen Recording Recording8.mp4,1920,1080,0,0,960,540,Fixation,2604,217,972,748,0.5063,0.6928,,,,,,,,,,,
94794868,472177788608,Eye Tracker,LipReading_BJ,10/21/2025,CJY,Recording8,10/18/2025,10/18/2025,10:09:23.595,02:09:23.595,431768,Timeline1,Tobii I-VT (Fixation),1.241.54219,1080,1920,10.0,3.7,2.3,2.7,0.31,0.19,0.23,13,8,10,4.3,4.1,3.4,0.38,0.36,0.3,16,15,12,7394920962,,,977,746,992,748,962,743,0.09619,0.08698,-0.99156,-0.03986,0.08678,-0.99543,3.829,3.852,3.855,,,,Valid,Valid,225.2,163.0,476.7,282.4,162.0,474.9,271.4,204.8,263.3,203.4,0.5089,0.6905,0.5166,0.6929,0.5012,0.6881,Screen Recording,Screen Recording Recording8.mp4,1920,1080,0,0,960,540,Fixation,2604,217,972,748,0.5063,0.6928,,,,,,,,,,,
94798868,472177792608,Eye Tracker,LipReading_BJ,10/21/2025,CJY,Recording8,10/18/2025,10/18/2025,10:09:23.595,02:09:23.595,431768,Timeline1,Tobii I-VT (Fixation),1.241.54219,1080,1920,10.0,3.7,2.3,2.7,0.31,0.19,0.23,13,8,10,4.3,4.1,3.4,0.38,0.36,0.3,16,15,12,7394924962,,,980,746,998,748,961,743,0.09968,0.0869,-0.99122,-0.04033,0.08695,-0.9954,3.858,3.863,3.853,,,,Valid,Valid,225.2,163.0,476.6,282.4,162.0,474.9,273.1,204.8,263.1,203.5,0.5103,0.6906,0.5198,0.6929,0.5008,0.6884,Screen Recording,Screen Recording Recording8.mp4,1920,1080,0,0,960,540,Fixation,2604,217,972,748,0.5063,0.6928,,,,,,,,,,,
94802868,472177796608,Eye Tracker,LipReading_BJ,10/21/2025,CJY,Recording8,10/18/2025,10/18/2025,10:09:23.595,02:09:23.595,431768,Timeline1,Tobii I-VT (Fixation),1.241.54219,1080,1920,10.0,3.7,2.3,2.7,0.31,0.19,0.23,13,8,10,4.3,4.1,3.4,0.38,0.36,0.3,16,15,12,7394928962,,,977,745,995,747,959,744,0.09817,0.08605,-0.99144,-0.04155,0.08729,-0.99532,3.865,3.835,3.853,,,,Valid,Valid,225.2,163.0,476.6,282.4,162.0,474.9,272.4,204.4,262.5,203.6,0.5091,0.6902,0.5184,0.6915,0.4997,0.689,Screen Recording,Screen Recording Recording8.mp4,1920,1080,0,0,960,540,Fixation,2604,217,972,748,0.5063,0.6928,,,,,,,,,,,
94806868,472177800608,Eye Tracker,LipReading_BJ,10/21/2025,CJY,Recording8,10/18/2025,10/18/2025,10:09:23.595,02:09:23.595,431768,Timeline1,Tobii I-VT (Fixation),1.241.54219,1080,1920,10.0,3.7,2.3,2.7,0.31,0.19,0.23,13,8,10,4.3,4.1,3.4,0.38,0.36,0.3,16,15,12,7394932962,,,977,745,994,743,961,746,0.09711,0.08413,-0.99171,-0.04042,0.08838,-0.99527,3.853,3.832,3.845,,,,Valid,Valid,225.2,163.0,476.6,282.4,162.0,474.9,271.9,203.5,263.1,204.2,0.5091,0.6896,0.5175,0.6884,0.5007,0.6908,Screen Recording,Screen Recording Recording8.mp4,1920,1080,0,0,960,540,Fixation,2604,217,972,748,0.5063,0.6928,,,,,,,,,,,
94810868,472177804608,Eye Tracker,LipReading_BJ,10/21/2025,CJY,Recording8,10/18/2025,10/18/2025,10:09:23.595,02:09:23.595,431768,Timeline1,Tobii I-VT (Fixation),1.241.54219,1080,1920,10.0,3.7,2.3,2.7,0.31,0.19,0.23,13,8,10,4.3,4.1,3.4,0.38,0.36,0.3,16,15,12,7394936962,,,978,745,992,743,963,747,0.09644,0.08363,-0.99182,-0.03957,0.08888,-0.99526,3.851,3.862,3.844,,,,Valid,Valid,225.2,163.0,476.6,282.4,162.0,474.9,271.6,203.2,263.5,204.4,0.5092,0.6896,0.5169,0.6876,0.5015,0.6916,Screen Recording,Screen Recording Recording8.mp4,1920,1080,0,0,960,540,Fixation,2604,217,972,748,0.5063,0.6928,,,,,,,,,,,
94814868,472177808608,Eye Tracker,LipReading_BJ,10/21/2025,CJY,Recording8,10/18/2025,10/18/2025,10:09:23.595,02:09:23.595,431768,Timeline1,Tobii I-VT (Fixation),1.241.54219,1080,1920,10.0,3.7,2.3,2.7,0.31,0.19,0.23,13,8,10,4.3,4.1,3.4,0.38,0.36,0.3,16,15,12,7394940962,,,979,744,995,746,962,743,0.09782,0.08531,-0.99154,-0.03987,0.08637,-0.99546,3.852,3.837,3.844,,,,Valid,Valid,225.2,163.0,476.6,282.4,162.0,474.9,272.3,204.1,263.4,203.2,0.5097,0.689,0.5182,0.6904,0.5012,0.6876,Screen Recording,Screen Recording Recording8.mp4,1920,1080,0,0,960,540,Fixation,2604,217,972,748,0.5063,0.6928,,,,,,,,,,,
94818868,472177812608,Eye Tracker,LipReading_BJ,10/21/2025,CJY,Recording8,10/18/2025,10/18/2025,10:09:23.595,02:09:23.595,431768,Timeline1,Tobii I-VT (Fixation),1.241.54219,1080,1920,10.0,3.7,2.3,2.7,0.31,0.19,0.23,13,8,10,4.3,4.1,3.4,0.38,0.36,0.3,16,15,12,7394944962,,,974,749,991,753,956,745,0.09584,0.08976,-0.99134,-0.04345,0.08769,-0.9952,3.853,3.824,3.851,,,,Valid,Valid,225.2,163.1,476.6,282.4,162.0,474.9,271.3,206.2,261.7,203.9,0.5072,0.6937,0.5164,0.6977,0.498,0.6898,Screen Recording,Screen Recording Recording8.mp4,1920,1080,0,0,960,540,Fixation,2604,217,972,748,0.5063,0.6928,,,,,,,,,,,
94822868,472177816608,Eye Tracker,LipReading_BJ,10/21/2025,CJY,Recording8,10/18/2025,10/18/2025,10:09:23.595,02:09:23.595,431768,Timeline1,Tobii I-VT (Fixation),1.241.54219,1080,1920,10.0,3.7,2.3,2.7,0.31,0.19,0.23,13,8,10,4.3,4.1,3.4,0.38,0.36,0.3,16,15,12,7394948962,,,973,747,988,747,958,746,0.09367,0.08615,-0.99187,-0.04252,0.08831,-0.99518,3.85,3.853,3.851,,,,Valid,Valid,225.3,163.1,476.5,282.4,162.0,474.9,270.3,204.5,262.1,204.2,0.5066,0.6913,0.5143,0.6918,0.4988,0.6908,Screen Recording,Screen Recording Recording8.mp4,1920,1080,0,0,960,540,Fixation,2604,217,972,748,0.5063,0.6928,,,,,,,,,,,
94826868,472177820608,Eye Tracker,LipReading_BJ,10/21/2025,CJY,Recording8,10/18/2025,10/18/2025,10:09:23.595,02:09:23.595,431768,Timeline1,Tobii I-VT (Fixation),1.241.54219,1080,1920,10.0,3.7,2.3,2.7,0.31,0.19,0.23,13,8,10,4.3,4.1,3.4,0.38,0.36,0.3,16,15,12,7394952962,,,978,747,996,748,960,746,0.09863,0.08659,-0.99135,-0.04152,0.08832,-0.99523,3.854,3.851,3.852,,,,Valid,Valid,225.3,163.1,476.6,282.4,162.1,474.9,272.7,204.7,262.6,204.2,0.5094,0.6917,0.5189,0.6926,0.4998,0.6909,Screen Recording,Screen Recording Recording8.mp4,1920,1080,0,0,960,540,Fixation,2604,217,972,748,0.5063,0.6928,,,,,,,,,,,
94830868,472177824608,Eye Tracker,LipReading_BJ,10/21/2025,CJY,Recording8,10/18/2025,10/18/2025,10:09:23.595,02:09:23.595,431768,Timeline1,Tobii I-VT (Fixation),1.241.54219,1080,1920,10.0,3.7,2.3,2.7,0.31,0.19,0.23,13,8,10,4.3,4.1,3.4,0.38,0.36,0.3,16,15,12,7394956962,,,979,744,999,742,959,746,0.10039,0.08333,-0.99145,-0.04215,0.08798,-0.99523,3.867,3.849,3.851,,,,Valid,Valid,225.3,163.1,476.5,282.4,162.1,474.8,273.5,203.2,262.3,204.1,0.5099,0.6889,0.5206,0.6873,0.4992,0.6904,Screen Recording,Screen Recording Recording8.mp4,1920,1080,0,0,960,540,Fixation,2604,217,972,748,0.5063,0.6928,,,,,,,,,,,
94834868,472177828608,Eye Tracker,LipReading_BJ,10/21/2025,CJY,Recording8,10/18/2025,10/18/2025,10:09:23.595,02:09:23.595,431768,Timeline1,Tobii I-VT (Fixation),1.241.54219,1080,1920,10.0,3.7,2.3,2.7,0.31,0.19,0.23,13,8,10,4.3,4.1,3.4,0.38,0.36,0.3,16,15,12,7394960962,,,981,749,999,747,964,750,0.09992,0.08607,-0.99127,-0.03915,0.09071,-0.99511,3.848,3.853,3.849,,,,Valid,Valid,225.3,163.1,476.6,282.4,162.1,474.8,273.3,204.5,263.8,205.4,0.5111,0.6933,0.5202,0.6918,0.502,0.6949,Screen Recording,Screen Recording Recording8.mp4,1920,1080,0,0,960,540,Fixation,2604,217,972,748,0.5063,0.6928,,,,,,,,,,,
94838868,472177832608,Eye Tracker,LipReading_BJ,10/21/2025,CJY,Recording8,10/18/2025,10/18/2025,10:09:23.595,02:09:23.595,431768,Timeline1,Tobii I-VT (Fixation),1.241.54219,1080,1920,10.0,3.7,2.3,2.7,0.31,0.19,0.23,13,8,10,4.3,4.1,3.4,0.38,0.36,0.3,16,15,12,7394964962,,,981,744,1001,742,961,746,0.10121,0.08325,-0.99138,-0.04073,0.08828,-0.99526,3.838,3.857,3.849,,,,Valid,Valid,225.3,163.1,476.5,282.4,162.1,474.8,273.9,203.1,263.0,204.2,0.511,0.6891,0.5214,0.6873,0.5005,0.6909,Screen Recording,Screen Recording Recording8.mp4,1920,1080,0,0,960,540,Fixation,2604,217,972,748,0.5063,0.6928,,,,,,,,,,,
94842868,472177836608,Eye Tracker,LipReading_BJ,10/21/2025,CJY,Recording8,10/18/2025,10/18/2025,10:09:23.595,02:09:23.595,431768,Timeline1,Tobii I-VT (Fixation),1.241.54219,1080,1920,10.0,3.7,2.3,2.7,0.31,0.19,0.23,13,8,10,4.3,4.1,3.4,0.38,0.36,0.3,16,15,12,7394968962,,,981,744,1001,744,962,743,0.10133,0.08429,-0.99128,-0.04045,0.0866,-0.99542,3.841,3.846,3.847,,,,Valid,Valid,225.3,163.1,476.5,282.5,162.1,474.9,274.0,203.7,263.2,203.4,0.5112,0.6886,0.5215,0.689,0.5008,0.6882,Screen Recording,Screen Recording Recording8.mp4,1920,1080,0,0,960,540,Fixation,2604,217,972,748,0.5063,0.6928,,,,,,,,,,,
94846868,472177840608,Eye Tracker,LipReading_BJ,10/21/2025,CJY,Recording8,10/18/2025,10/18/2025,10:09:23.595,02:09:23.595,431768,Timeline1,Tobii I-VT (Fixation),1.241.54219,1080,1920,10.0,3.7,2.3,2.7,0.31,0.19,0.23,13,8,10,4.3,4.1,3.4,0.38,0.36,0.3,16,15,12,7394972962,,,983,745,1004,749,962,742,0.10286,0.08686,-0.9909,-0.03999,0.08575,-0.99551,3.867,3.851,3.846,,,,Valid,Valid,225.3,163.1,476.5,282.5,162.1,474.9,274.8,204.9,263.4,203.0,0.5121,0.6901,0.523,0.6933,0.5013,0.6869,Screen Recording,Screen Recording Recording8.mp4,1920,1080,0,0,960,540,Fixation,2604,217,972,748,0.5063,0.6928,,,,,,,,,,,
94850869,472177844609,Eye Tracker,LipReading_BJ,10/21/2025,CJY,Recording8,10/18/2025,10/18/2025,10:09:23.595,02:09:23.595,431768,Timeline1,Tobii I-VT (Fixation),1.241.54219,1080,1920,10.0,3.7,2.3,2.7,0.31,0.19,0.23,13,8,10,4.3,4.1,3.4,0.38,0.36,0.3,16,15,12,7394976963,,,983,750,1003,752,964,749,0.10223,0.08851,-0.99081,-0.03923,0.08953,-0.99521,3.84,3.873,3.846,,,,Valid,Valid,225.3,163.2,476.5,282.5,162.1,474.9,274.5,205.7,263.8,204.8,0.5122,0.6946,0.5224,0.6961,0.502,0.6931,Screen Recording,Screen Recording Recording8.mp4,1920,1080,0,0,960,540,Fixation,2604,217,972,748,0.5063,0.6928,,,,,,,,,,,
94854868,472177848608,Eye Tracker,LipReading_BJ,10/21/2025,CJY,Recording8,10/18/2025,10/18/2025,10:09:23.595,02:09:23.595,431768,Timeline1,Tobii I-VT (Fixation),1.241.54219,1080,1920,10.0,3.7,2.3,2.7,0.31,0.19,0.23,13,8,10,4.3,4.1,3.4,0.38,0.36,0.3,16,15,12,7394980962,,,987,749,1009,751,965,747,0.10535,0.08781,-0.99055,-0.03882,0.08875,-0.9953,3.855,3.848,3.855,,,,Valid,Valid,225.3,163.2,476.6,282.5,162.1,474.9,276.0,205.4,264.0,204.5,0.5138,0.6934,0.5253,0.6949,0.5024,0.6918,Screen Recording,Screen Recording Recording8.mp4,1920,1080,0,0,960,540,Fixation,2604,217,972,748,0.5063,0.6928,,,,,,,,,,,
94858868,472177852608,Eye Tracker,LipReading_BJ,10/21/2025,CJY,Recording8,10/18/2025,10/18/2025,10:09:23.595,02:09:23.595,431768,Timeline1,Tobii I-VT (Fixation),1.241.54219,1080,1920,10.0,3.7,2.3,2.7,0.31,0.19,0.23,13,8,10,4.3,4.1,3.4,0.38,0.36,0.3,16,15,12,7394984962,,,983,742,1001,744,964,739,0.10119,0.08416,-0.9913,-0.03918,0.08431,-0.99567,3.84,3.856,3.852,,,,Valid,Valid,225.3,163.2,476.6,282.5,162.1,475.0,274.0,203.6,263.8,202.3,0.5118,0.6868,0.5214,0.6889,0.5021,0.6846,Screen Recording,Screen Recording Recording8.mp4,1920,1080,0,0,960,540,Fixation,2604,217,972,748,0.5063,0.6928,,,,,,,,,,,
94862868,472177856608,Eye Tracker,LipReading_BJ,10/21/2025,CJY,Recording8,10/18/2025,10/18/2025,10:09:23.595,02:09:23.595,431768,Timeline1,Tobii I-VT (Fixation),1.241.54219,1080,1920,10.0,3.7,2.3,2.7,0.31,0.19,0.23,13,8,10,4.3,4.1,3.4,0.38,0.36,0.3,16,15,12,7394988962,,,980,743,998,743,962,743,0.09945,0.0838,-0.99151,-0.04015,0.08656,-0.99544,3.855,3.878,3.853,,,,Valid,Valid,225.4,163.2,476.6,282.5,162.1,475.0,273.2,203.5,263.4,203.4,0.5105,0.6883,0.5199,0.6884,0.5012,0.6883,Screen Recording,Screen Recording Recording8.mp4,1920,1080,0,0,960,540,Fixation,2604,217,972,748,0.5063,0.6928,,,,,,,,,,,
94866867,472177860607,Eye Tracker,LipReading_BJ,10/21/2025,CJY,Recording8,10/18/2025,10/18/2025,10:09:23.595,02:09:23.595,431768,Timeline1,Tobii I-VT (Fixation),1.241.54219,1080,1920,10.0,3.7,2.3,2.7,0.31,0.19,0.23,13,8,10,4.3,4.1,3.4,0.38,0.36,0.3,16,15,12,7394992962,,,979,746,998,745,960,746,0.09922,0.08482,-0.99144,-0.04151,0.08828,-0.99523,3.848,3.851,3.854,,,,Valid,Valid,225.4,163.2,476.6,282.5,162.1,475.0,273.1,204.0,262.7,204.3,0.5098,0.6906,0.5197,0.69,0.5,0.6911,Screen Recording,Screen Recording Recording8.mp4,1920,1080,0,0,960,540,Fixation,2604,217,972,748,0.5063,0.6928,,,,,,,,,,,
94870868,472177864608,Eye Tracker,LipReading_BJ,10/21/2025,CJY,Recording8,10/18/2025,10/18/2025,10:09:23.595,02:09:23.595,431768,Timeline1,Tobii I-VT (Fixation),1.241.54219,1080,1920,10.0,3.7,2.3,2.7,0.31,0.19,0.23,13,8,10,4.3,4.1,3.4,0.38,0.36,0.3,16,15,12,7394996963,,,979,746,996,747,963,745,0.09805,0.08565,-0.99149,-0.04005,0.08775,-0.99534,3.859,3.852,3.858,,,,Valid,Valid,225.4,163.2,476.6,282.5,162.1,475.0,272.5,204.4,263.4,204.0,0.51,0.6908,0.5186,0.6914,0.5013,0.6903,Screen Recording,Screen Recording Recording8.mp4,1920,1080,0,0,960,540,Fixation,2604,217,972,748,0.5063,0.6928,,,,,,,,,,,
94874867,472177868607,Eye Tracker,LipReading_BJ,10/21/2025,CJY,Recording8,10/18/2025,10/18/2025,10:09:23.595,02:09:23.595,431768,Timeline1,Tobii I-VT (Fixation),1.241.54219,1080,1920,10.0,3.7,2.3,2.7,0.31,0.19,0.23,13,8,10,4.3,4.1,3.4,0.38,0.36,0.3,16,15,12,7395000962,,,982,744,1004,743,959,746,0.10286,0.08332,-0.9912,-0.04206,0.08794,-0.99524,3.852,3.87,3.857,,,,Valid,Valid,225.4,163.2,476.6,282.5,162.1,475.0,274.8,203.3,262.5,204.1,0.5113,0.6891,0.5231,0.6877,0.4995,0.6906,Screen Recording,Screen Recording Recording8.mp4,1920,1080,0,0,960,540,Fixation,2604,217,972,748,0.5063,0.6928,,,,,,,,,,,
94878867,472177872607,Eye Tracker,LipReading_BJ,10/21/2025,CJY,Recording8,10/18/2025,10/18/2025,10:09:23.595,02:09:23.595,431768,Timeline1,Tobii I-VT (Fixation),1.241.54219,1080,1920,10.0,3.7,2.3,2.7,0.31,0.19,0.23,13,8,10,4.3,4.1,3.4,0.38,0.36,0.3,16,15,12,7395004962,,,975,749,992,752,959,746,0.09596,0.08882,-0.99141,-0.04223,0.0879,-0.99523,3.88,3.862,3.861,,,,Valid,Valid,225.4,163.2,476.5,282.5,162.2,474.9,271.5,205.9,262.4,204.1,0.5081,0.6936,0.5167,0.6966,0.4994,0.6906,Screen Recording,Screen Recording Recording8.mp4,1920,1080,0,0,960,540,Fixation,2604,217,972,748,0.5063,0.6928,,,,,,,,,,,
94882867,472177876607,Eye Tracker,LipReading_BJ,10/21/2025,CJY,Recording8,10/18/2025,10/18/2025,10:09:23.595,02:09:23.595,431768,Timeline1,Tobii I-VT (Fixation),1.241.54219,1080,1920,10.0,3.7,2.3,2.7,0.31,0.19,0.23,13,8,10,4.3,4.1,3.4,0.38,0.36,0.3,16,15,12,7395008962,,,980,745,997,746,963,745,0.09892,0.08507,-0.99145,-0.03999,0.08731,-0.99538,3.845,3.863,3.861,,,,Valid,Valid,225.4,163.2,476.5,282.6,162.1,475.0,272.9,204.1,263.5,203.8,0.5104,0.69,0.5194,0.6905,0.5014,0.6895,Screen Recording,Screen Recording Recording8.mp4,1920,1080,0,0,960,540,Fixation,2604,217,972,748,0.5063,0.6928,,,,,,,,,,,
94886864,472177880604,Eye Tracker,LipReading_BJ,10/21/2025,CJY,Recording8,10/18/2025,10/18/2025,10:09:23.595,02:09:23.595,431768,Timeline1,Tobii I-VT (Fixation),1.241.54219,1080,1920,10.0,3.7,2.3,2.7,0.31,0.19,0.23,13,8,10,4.3,4.1,3.4,0.38,0.36,0.3,16,15,12,7395012959,,,979,744,997,745,961,744,0.09887,0.08448,-0.99151,-0.04114,0.08692,-0.99537,3.858,3.872,3.86,,,,Valid,Valid,225.4,163.2,476.5,282.6,162.1,475.0,272.9,203.8,262.9,203.6,0.5099,0.6892,0.5194,0.6895,0.5004,0.6889,Screen Recording,Screen Recording Recording8.mp4,1920,1080,0,0,960,540,Fixation,2604,217,972,748,0.5063,0.6928,,,,,,,,,,,
94890864,472177884604,Eye Tracker,LipReading_BJ,10/21/2025,CJY,Recording8,10/18/2025,10/18/2025,10:09:23.595,02:09:23.595,431768,Timeline1,Tobii I-VT (Fixation),1.241.54219,1080,1920,10.0,3.7,2.3,2.7,0.31,0.19,0.23,13,8,10,4.3,4.1,3.4,0.38,0.36,0.3,16,15,12,7395016959,,,979,743,996,749,962,737,0.09804,0.08677,-0.99139,-0.04058,0.08299,-0.99572,3.858,3.86,3.853,,,,Valid,Valid,225.4,163.2,476.5,282.6,162.1,475.0,272.5,204.9,263.2,201.7,0.5098,0.6879,0.5187,0.6933,0.5009,0.6825,Screen Recording,Screen Recording Recording8.mp4,1920,1080,0,0,960,540,Fixation,2604,217,972,748,0.5063,0.6928,,,,,,,,,,,
94894864,472177888604,Eye Tracker,LipReading_BJ,10/21/2025,CJY,Recording8,10/18/2025,10/18/2025,10:09:23.595,02:09:23.595,431768,Timeline1,Tobii I-VT (Fixation),1.241.54219,1080,1920,10.0,3.7,2.3,2.7,0.31,0.19,0.23,13,8,10,4.3,4.1,3.4,0.38,0.36,0.3,16,15,12,7395020959,,,981,747,999,748,962,745,0.10003,0.08644,-0.99122,-0.04069,0.08746,-0.99534,3.844,3.845,3.852,,,,Valid,Valid,225.4,163.2,476.5,282.6,162.1,475.1,273.5,204.8,263.2,203.9,0.5107,0.6913,0.5205,0.6928,0.5008,0.6898,Screen Recording,Screen Recording Recording8.mp4,1920,1080,0,0,960,540,Fixation,2604,217,972,748,0.5063,0.6928,,,,,,,,,,,
94898864,472177892604,Eye Tracker,LipReading_BJ,10/21/2025,CJY,Recording8,10/18/2025,10/18/2025,10:09:23.595,02:09:23.595,431768,Timeline1,Tobii I-VT (Fixation),1.241.54219,1080,1920,10.0,3.7,2.3,2.7,0.31,0.19,0.23,13,8,10,4.3,4.1,3.4,0.38,0.36,0.3,16,15,12,7395024959,,,978,743,994,739,962,746,0.09708,0.08139,-0.99194,-0.04042,0.08799,-0.9953,3.844,3.859,3.852,,,,Valid,Valid,225.4,163.2,476.5,282.6,162.1,475.1,272.1,202.3,263.3,204.1,0.5094,0.6875,0.5178,0.6845,0.5011,0.6906,Screen Recording,Screen Recording Recording8.mp4,1920,1080,0,0,960,540,Fixation,2604,217,972,748,0.5063,0.6928,,,,,,,,,,,
94902864,472177896604,Eye Tracker,LipReading_BJ,10/21/2025,CJY,Recording8,10/18/2025,10/18/2025,10:09:23.595,02:09:23.595,431768,Timeline1,Tobii I-VT (Fixation),1.241.54219,1080,1920,10.0,3.7,2.3,2.7,0.31,0.19,0.23,13,8,10,4.3,4.1,3.4,0.38,0.36,0.3,16,15,12,7395028959,,,982,745,996,752,968,738,0.09816,0.08883,-0.9912,-0.03723,0.0838,-0.99579,3.841,3.878,3.855,,,,Valid,Valid,225.4,163.2,476.4,282.6,162.1,475.1,272.6,205.9,264.8,202.1,0.5114,0.6902,0.5188,0.6967,0.504,0.6838,Screen Recording,Screen Recording Recording8.mp4,1920,1080,0,0,960,540,Fixation,2604,217,972,748,0.5063,0.6928,,,,,,,,,,,
94906864,472177900604,Eye Tracker,LipReading_BJ,10/21/2025,CJY,Recording8,10/18/2025,10/18/2025,10:09:23.595,02:09:23.595,431768,Timeline1,Tobii I-VT (Fixation),1.241.54219,1080,1920,10.0,3.7,2.3,2.7,0.31,0.19,0.23,13,8,10,4.3,4.1,3.4,0.38,0.36,0.3,16,15,12,7395032959,,,974,745,992,749,957,741,0.09559,0.08698,-0.99161,-0.04343,0.08524,-0.99541,3.868,3.865,3.863,,,,Valid,Valid,225.4,163.2,476.4,282.6,162.1,475.0,271.4,205.0,261.9,202.8,0.5074,0.6899,0.5164,0.6936,0.4984,0.6861,Screen Recording,Screen Recording Recording8.mp4,1920,1080,0,0,960,540,Fixation,2604,217,972,748,0.5063,0.6928,,,,,,,,,,,
94910865,472177904605,Eye Tracker,LipReading_BJ,10/21/2025,CJY,Recording8,10/18/2025,10/18/2025,10:09:23.595,02:09:23.595,431768,Timeline1,Tobii I-VT (Fixation),1.241.54219,1080,1920,10.0,3.7,2.3,2.7,0.31,0.19,0.23,13,8,10,4.3,4.1,3.4,0.38,0.36,0.3,16,15,12,7395036960,,,977,749,997,754,957,744,0.09878,0.08946,-0.99108,-0.04353,0.0868,-0.99527,3.857,3.885,3.873,,,,Valid,Valid,225.4,163.2,476.4,282.6,162.1,475.0,272.9,206.2,261.8,203.5,0.5089,0.6932,0.5194,0.6977,0.4983,0.6887,Screen Recording,Screen Recording Recording8.mp4,1920,1080,0,0,960,540,Fixation,2604,217,972,748,0.5063,0.6928,,,,,,,,,,,
94914864,472177908604,Eye Tracker,LipReading_BJ,10/21/2025,CJY,Recording8,10/18/2025,10/18/2025,10:09:23.595,02:09:23.595,431768,Timeline1,Tobii I-VT (Fixation),1.241.54219,1080,1920,10.0,3.7,2.3,2.7,0.31,0.19,0.23,13,8,10,4.3,4.1,3.4,0.38,0.36,0.3,16,15,12,7395040959,,,976,743,993,744,960,742,0.09615,0.08429,-0.99179,-0.04173,0.08561,-0.99545,3.875,3.869,3.878,,,,Valid,Valid,225.4,163.2,476.4,282.6,162.1,475.0,271.6,203.7,262.7,203.0,0.5085,0.688,0.517,0.6892,0.4999,0.6867,Screen Recording,Screen Recording Recording8.mp4,1920,1080,0,0,960,540,Fixation,2604,217,972,748,0.5063,0.6928,,,,,,,,,,,
94918864,472177912604,Eye Tracker,LipReading_BJ,10/21/2025,CJY,Recording8,10/18/2025,10/18/2025,10:09:23.595,02:09:23.595,431768,Timeline1,Tobii I-VT (Fixation),1.241.54219,1080,1920,10.0,3.7,2.3,2.7,0.31,0.19,0.23,13,8,10,4.3,4.1,3.4,0.38,0.36,0.3,16,15,12,7395044959,,,976,748,997,750,955,746,0.0986,0.08761,-0.99126,-0.04444,0.0883,-0.9951,3.885,3.885,3.878,,,,Valid,Valid,225.4,163.2,476.4,282.6,162.1,475.0,272.8,205.3,261.4,204.3,0.5084,0.6929,0.5192,0.6947,0.4975,0.6911,Screen Recording,Screen Recording Recording8.mp4,1920,1080,0,0,960,540,Fixation,2604,217,972,748,0.5063,0.6928,,,,,,,,,,,
94922864,472177916604,Eye Tracker,LipReading_BJ,10/21/2025,CJY,Recording8,10/18/2025,10/18/2025,10:09:23.595,02:09:23.595,431768,Timeline1,Tobii I-VT (Fixation),1.241.54219,1080,1920,10.0,3.7,2.3,2.7,0.31,0.19,0.23,13,8,10,4.3,4.1,3.4,0.38,0.36,0.3,16,15,12,7395048959,,,975,740,993,739,956,740,0.0964,0.08152,-0.992,-0.04385,0.08468,-0.99544,3.871,3.889,3.882,,,,Valid,Valid,225.5,163.2,476.4,282.6,162.1,475.0,271.7,202.4,261.7,202.5,0.5076,0.6849,0.5172,0.6847,0.498,0.6852,Screen Recording,Screen Recording Recording8.mp4,1920,1080,0,0,960,540,Fixation,2604,217,972,748,0.5063,0.6928,,,,,,,,,,,
94926864,472177920604,Eye Tracker,LipReading_BJ,10/21/2025,CJY,Recording8,10/18/2025,10/18/2025,10:09:23.595,02:09:23.595,431768,Timeline1,Tobii I-VT (Fixation),1.241.54219,1080,1920,10.0,3.7,2.3,2.7,0.31,0.19,0.23,13,8,10,4.3,4.1,3.4,0.38,0.36,0.3,16,15,12,7395052959,,,979,748,1000,746,959,750,0.10007,0.08511,-0.99133,-0.04233,0.09054,-0.99499,3.866,3.911,3.886,,,,Valid,Valid,225.5,163.2,476.4,282.6,162.1,475.0,273.5,204.1,262.4,205.3,0.51,0.6927,0.5206,0.6906,0.4994,0.6947,Screen Recording,Screen Recording Recording8.mp4,1920,1080,0,0,960,540,Fixation,2604,217,972,748,0.5063,0.6928,,,,,,,,,,,
94930865,472177924605,Eye Tracker,LipReading_BJ,10/21/2025,CJY,Recording8,10/18/2025,10/18/2025,10:09:23.595,02:09:23.595,431768,Timeline1,Tobii I-VT (Fixation),1.241.54219,1080,1920,10.0,3.7,2.3,2.7,0.31,0.19,0.23,13,8,10,4.3,4.1,3.4,0.38,0.36,0.3,16,15,12,7395056960,,,976,746,998,746,955,746,0.09899,0.08546,-0.99141,-0.04475,0.08803,-0.99511,3.888,3.905,3.891,,,,Valid,Valid,225.5,163.2,476.4,282.6,162.1,475.0,273.0,204.3,261.3,204.1,0.5084,0.6909,0.5196,0.6911,0.4972,0.6907,Screen Recording,Screen Recording Recording8.mp4,1920,1080,0,0,960,540,Fixation,2604,217,972,748,0.5063,0.6928,,,,,,,,,,,
94934864,472177928604,Eye Tracker,LipReading_BJ,10/21/2025,CJY,Recording8,10/18/2025,10/18/2025,10:09:23.595,02:09:23.595,431768,Timeline1,Tobii I-VT (Fixation),1.241.54219,1080,1920,10.0,3.7,2.3,2.7,0.31,0.19,0.23,13,8,10,4.3,4.1,3.4,0.38,0.36,0.3,16,15,12,7395060959,,,972,748,996,743,948,754,0.09827,0.08364,-0.99164,-0.04854,0.09235,-0.99454,3.884,3.864,3.894,,,,Valid,Valid,225.5,163.2,476.4,282.6,162.1,475.0,272.7,203.4,259.4,206.2,0.5064,0.6929,0.5189,0.6882,0.4938,0.6977,Screen Recording,Screen Recording Recording8.mp4,1920,1080,0,0,960,540,Fixation,2604,217,972,748,0.5063,0.6928,,,,,,,,,,,
94938864,472177932604,Eye Tracker,LipReading_BJ,10/21/2025,CJY,Recording8,10/18/2025,10/18/2025,10:09:23.595,02:09:23.595,431768,Timeline1,Tobii I-VT (Fixation),1.241.54219,1080,1920,10.0,3.7,2.3,2.7,0.31,0.19,0.23,13,8,10,4.3,4.1,3.4,0.38,0.36,0.3,16,15,12,7395064959,,,980,747,999,751,961,743,0.09976,0.08786,-0.99113,-0.04127,0.08646,-0.9954,3.877,3.904,3.885,,,,Valid,Valid,225.5,163.2,476.3,282.6,162.1,475.0,273.4,205.4,262.9,203.4,0.5104,0.6916,0.5204,0.6951,0.5004,0.6881,Screen Recording,Screen Recording Recording8.mp4,1920,1080,0,0,960,540,Fixation,2604,217,972,748,0.5063,0.6928,,,,,,,,,,,
94942864,472177936604,Eye Tracker,LipReading_BJ,10/21/2025,CJY,Recording8,10/18/2025,10/18/2025,10:09:23.595,02:09:23.595,431768,Timeline1,Tobii I-VT (Fixation),1.241.54219,1080,1920,10.0,3.7,2.3,2.7,0.31,0.19,0.23,13,8,10,4.3,4.1,3.4,0.38,0.36,0.3,16,15,12,7395068959,,,975,747,997,749,953,745,0.09856,0.08716,-0.99131,-0.04559,0.08739,-0.99513,3.884,3.883,3.881,,,,Valid,Valid,225.5,163.2,476.4,282.6,162.1,475.0,272.8,205.1,260.9,203.8,0.5079,0.6918,0.5192,0.6939,0.4965,0.6897,Screen Recording,Screen Recording Recording8.mp4,1920,1080,0,0,960,540,Fixation,2604,217,972,748,0.5063,0.6928,,,,,,,,,,,
94946864,472177940604,Eye Tracker,LipReading_BJ,10/21/2025,CJY,Recording8,10/18/2025,10/18/2025,10:09:23.595,02:09:23.595,431768,Timeline1,Tobii I-VT (Fixation),1.241.54219,1080,1920,10.0,3.7,2.3,2.7,0.31,0.19,0.23,13,8,10,4.3,4.1,3.4,0.38,0.36,0.3,16,15,12,7395072959,,,978,744,997,745,959,744,0.09833,0.08448,-0.99156,-0.0426,0.0867,-0.99532,3.879,3.885,3.882,,,,Valid,Valid,225.5,163.2,476.3,282.6,162.1,475.0,272.7,203.8,262.3,203.5,0.5091,0.689,0.519,0.6896,0.4992,0.6885,Screen Recording,Screen Recording Recording8.mp4,1920,1080,0,0,960,540,Fixation,2604,217,972,748,0.5063,0.6928,,,,,,,,,,,
94950865,472177944605,Eye Tracker,LipReading_BJ,10/21/2025,CJY,Recording8,10/18/2025,10/18/2025,10:09:23.595,02:09:23.595,431768,Timeline1,Tobii I-VT (Fixation),1.241.54219,1080,1920,10.0,3.7,2.3,2.7,0.31,0.19,0.23,13,8,10,4.3,4.1,3.4,0.38,0.36,0.3,16,15,12,7395076960,,,980,747,1000,748,960,747,0.10051,0.08605,-0.99121,-0.04178,0.08852,-0.9952,3.877,3.877,3.885,,,,Valid,Valid,225.5,163.2,476.3,282.7,162.1,475.0,273.8,204.6,262.7,204.4,0.5105,0.6918,0.5211,0.6922,0.5,0.6915,Screen Recording,Screen Recording Recording8.mp4,1920,1080,0,0,960,540,Fixation,2604,217,972,748,0.5063,0.6928,,,,,,,,,,,
94954864,472177948604,Eye Tracker,LipReading_BJ,10/21/2025,CJY,Recording8,10/18/2025,10/18/2025,10:09:23.595,02:09:23.595,431768,Timeline1,Tobii I-VT (Fixation),1.241.54219,1080,1920,10.0,3.7,2.3,2.7,0.31,0.19,0.23,13,8,10,4.3,4.1,3.4,0.38,0.36,0.3,16,15,12,7395080959,,,980,746,1003,744,958,747,0.10198,0.0843,-0.99121,-0.04298,0.08844,-0.99515,3.899,3.888,3.882,,,,Valid,Valid,225.5,163.2,476.3,282.7,162.1,475.0,274.5,203.7,262.1,204.3,0.5107,0.6904,0.5224,0.6893,0.4989,0.6914,Screen Recording,Screen Recording Recording8.mp4,1920,1080,0,0,960,540,Fixation,2604,217,972,748,0.5063,0.6928,,,,,,,,,,,
94958864,472177952604,Eye Tracker,LipReading_BJ,10/21/2025,CJY,Recording8,10/18/2025,10/18/2025,10:09:23.595,02:09:23.595,431768,Timeline1,Tobii I-VT (Fixation),1.241.54219,1080,1920,10.0,3.7,2.3,2.7,0.31,0.19,0.23,13,8,10,4.3,4.1,3.4,0.38,0.36,0.3,16,15,12,7395084959,,,979,749,997,753,962,744,0.09871,0.08927,-0.9911,-0.04086,0.08715,-0.99536,3.886,3.9,3.882,,,,Valid,Valid,225.5,163.2,476.2,282.7,162.1,475.0,272.9,206.1,263.2,203.7,0.5102,0.6934,0.5195,0.6975,0.5008,0.6893,Screen Recording,Screen Recording Recording8.mp4,1920,1080,0,0,960,540,Fixation,2604,217,972,748,0.5063,0.6928,,,,,,,,,,,
94962864,472177956604,Eye Tracker,LipReading_BJ,10/21/2025,CJY,Recording8,10/18/2025,10/18/2025,10:09:23.595,02:09:23.595,431768,Timeline1,Tobii I-VT (Fixation),1.241.54219,1080,1920,10.0,3.7,2.3,2.7,0.31,0.19,0.23,13,8,10,4.3,4.1,3.4,0.38,0.36,0.3,16,15,12,7395088959,,,981,744,1001,743,960,746,0.10069,0.08323,-0.99143,-0.04155,0.08813,-0.99524,3.863,3.873,3.893,,,,Valid,Valid,225.5,163.2,476.2,282.7,162.1,475.0,273.9,203.2,262.8,204.2,0.5107,0.6892,0.5213,0.6876,0.5002,0.6909,Screen Recording,Screen Recording Recording8.mp4,1920,1080,0,0,960,540,Fixation,2604,217,972,748,0.5063,0.6928,,,,,,,,,,,
94966863,472177960603,Eye Tracker,LipReading_BJ,10/21/2025,CJY,Recording8,10/18/2025,10/18/2025,10:09:23.595,02:09:23.595,431768,Timeline1,Tobii I-VT (Fixation),1.241.54219,1080,1920,10.0,3.7,2.3,2.7,0.31,0.19,0.23,13,8,10,4.3,4.1,3.4,0.38,0.36,0.3,16,15,12,7395092959,,,983,747,1003,746,963,747,0.10175,0.08497,-0.99117,-0.04025,0.08889,-0.99523,3.877,3.904,3.893,,,,Valid,Valid,225.5,163.2,476.3,282.7,162.1,475.0,274.4,204.1,263.5,204.6,0.5118,0.6913,0.5223,0.6905,0.5014,0.6921,Screen Recording,Screen Recording Recording8.mp4,1920,1080,0,0,960,540,Fixation,2604,217,972,748,0.5063,0.6928,,,,,,,,,,,
94970864,472177964604,Eye Tracker,LipReading_BJ,10/21/2025,CJY,Recording8,10/18/2025,10/18/2025,10:09:23.595,02:09:23.595,431768,Timeline1,Tobii I-VT (Fixation),1.241.54219,1080,1920,10.0,3.7,2.3,2.7,0.31,0.19,0.23,13,8,10,4.3,4.1,3.4,0.38,0.36,0.3,16,15,12,7395096960,,,978,745,997,750,960,741,0.09824,0.08724,-0.99133,-0.042,0.08527,-0.99547,3.886,3.915,3.89,,,,Valid,Valid,225.5,163.2,476.3,282.7,162.2,475.0,272.7,205.2,262.7,202.8,0.5095,0.6902,0.5191,0.6941,0.4999,0.6863,Screen Recording,Screen Recording Recording8.mp4,1920,1080,0,0,960,540,Fixation,2604,217,972,748,0.5063,0.6928,,,,,,,,,,,
94974863,472177968603,Eye Tracker,LipReading_BJ,10/21/2025,CJY,Recording8,10/18/2025,10/18/2025,10:09:23.595,02:09:23.595,431768,Timeline1,Tobii I-VT (Fixation),1.241.54219,1080,1920,10.0,3.7,2.3,2.7,0.31,0.19,0.23,13,8,10,4.3,4.1,3.4,0.38,0.36,0.3,16,15,12,7395100959,,,975,751,999,751,950,751,0.0997,0.08773,-0.99114,-0.0477,0.09062,-0.99474,3.883,3.914,3.891,,,,Valid,Valid,225.6,163.2,476.3,282.7,162.2,474.9,273.5,205.4,259.9,205.4,0.5076,0.695,0.5204,0.695,0.4947,0.695,Screen Recording,Screen Recording Recording8.mp4,1920,1080,0,0,960,540,Fixation,2604,217,972,748,0.5063,0.6928,,,,,,,,,,,
94978863,472177972603,Eye Tracker,LipReading_BJ,10/21/2025,CJY,Recording8,10/18/2025,10/18/2025,10:09:23.595,02:09:23.595,431768,Timeline1,Tobii I-VT (Fixation),1.241.54219,1080,1920,10.0,3.7,2.3,2.7,0.31,0.19,0.23,13,8,10,4.3,4.1,3.4,0.38,0.36,0.3,16,15,12,7395104959,,,979,747,998,748,960,747,0.09924,0.08626,-0.99132,-0.04198,0.08845,-0.99519,3.871,3.884,3.898,,,,Valid,Valid,225.6,163.2,476.3,282.7,162.2,474.9,273.2,204.7,262.7,204.4,0.51,0.692,0.52,0.6925,0.4999,0.6915,Screen Recording,Screen Recording Recording8.mp4,1920,1080,0,0,960,540,Fixation,2604,217,972,748,0.5063,0.6928,,,,,,,,,,,
94982863,472177976603,Eye Tracker,LipReading_BJ,10/21/2025,CJY,Recording8,10/18/2025,10/18/2025,10:09:23.595,02:09:23.595,431768,Timeline1,Tobii I-VT (Fixation),1.241.54219,1080,1920,10.0,3.7,2.3,2.7,0.31,0.19,0.23,13,8,10,4.3,4.1,3.4,0.38,0.36,0.3,16,15,12,7395108959,,,979,754,997,754,962,754,0.09838,0.08957,-0.99111,-0.04102,0.09275,-0.99484,3.879,3.87,3.897,,,,Valid,Valid,225.6,163.3,476.2,282.7,162.2,474.9,272.9,206.3,263.2,206.4,0.5101,0.6982,0.5193,0.698,0.5008,0.6985,Screen Recording,Screen Recording Recording8.mp4,1920,1080,0,0,960,540,Fixation,2604,217,972,748,0.5063,0.6928,,,,,,,,,,,
94986863,472177980603,Eye Tracker,LipReading_BJ,10/21/2025,CJY,Recording8,10/18/2025,10/18/2025,10:09:23.595,02:09:23.595,431768,Timeline1,Tobii I-VT (Fixation),1.241.54219,1080,1920,10.0,3.7,2.3,2.7,0.31,0.19,0.23,13,8,10,4.3,4.1,3.4,0.38,0.36,0.3,16,15,12,7395112959,,,974,752,992,749,956,754,0.09573,0.08671,-0.99162,-0.04402,0.0927,-0.99472,3.896,3.926,3.9,,,,Valid,Valid,225.6,163.3,476.2,282.7,162.2,474.9,271.6,204.9,261.7,206.4,0.5075,0.6959,0.5169,0.6933,0.4981,0.6985,Screen Recording,Screen Recording Recording8.mp4,1920,1080,0,0,960,540,Fixation,2604,217,972,748,0.5063,0.6928,,,,,,,,,,,
94990864,472177984604,Eye Tracker,LipReading_BJ,10/21/2025,CJY,Recording8,10/18/2025,10/18/2025,10:09:23.595,02:09:23.595,431768,Timeline1,Tobii I-VT (Fixation),1.241.54219,1080,1920,10.0,3.7,2.3,2.7,0.31,0.19,0.23,13,8,10,4.3,4.1,3.4,0.38,0.36,0.3,16,15,12,7395116960,,,975,743,997,744,954,743,0.09836,0.08381,-0.99162,-0.04572,0.08598,-0.99525,3.895,3.912,3.9,,,,Valid,Valid,225.6,163.3,476.3,282.8,162.2,474.8,272.9,203.5,260.9,203.2,0.508,0.6881,0.5193,0.6885,0.4966,0.6876,Screen Recording,Screen Recording Recording8.mp4,1920,1080,0,0,960,540,Fixation,2604,217,972,748,0.5063,0.6928,,,,,,,,,,,
94994863,472177988603,Eye Tracker,LipReading_BJ,10/21/2025,CJY,Recording8,10/18/2025,10/18/2025,10:09:23.595,02:09:23.595,431768,Timeline1,Tobii I-VT (Fixation),1.241.54219,1080,1920,10.0,3.7,2.3,2.7,0.31,0.19,0.23,13,8,10,4.3,4.1,3.4,0.38,0.36,0.3,16,15,12,7395120959,,,974,750,994,751,954,750,0.09657,0.0879,-0.99144,-0.04517,0.09002,-0.99492,3.903,3.904,3.907,,,,Valid,Valid,225.6,163.2,476.3,282.8,162.2,474.9,272.0,205.5,261.2,205.2,0.5074,0.6947,0.5177,0.6952,0.4971,0.6942,Screen Recording,Screen Recording Recording8.mp4,1920,1080,0,0,960,540,Fixation,2604,217,972,748,0.5063,0.6928,,,,,,,,,,,
94998863,472177992603,Eye Tracker,LipReading_BJ,10/21/2025,CJY,Recording8,10/18/2025,10/18/2025,10:09:23.595,02:09:23.595,431768,Timeline1,Tobii I-VT (Fixation),1.241.54219,1080,1920,10.0,3.7,2.3,2.7,0.31,0.19,0.23,13,8,10,4.3,4.1,3.4,0.38,0.36,0.3,16,15,12,7395124959,,,979,744,995,739,962,749,0.0971,0.08125,-0.99195,-0.04063,0.08954,-0.99515,3.908,3.9,3.905,,,,Valid,Valid,225.6,163.2,476.3,282.8,162.2,474.9,272.3,202.3,263.4,204.9,0.5097,0.6888,0.5181,0.6843,0.5013,0.6933,Screen Recording,Screen Recording Recording8.mp4,1920,1080,0,0,960,540,Fixation,2604,217,972,748,0.5063,0.6928,,,,,,,,,,,
95002863,472177996603,Eye Tracker,LipReading_BJ,10/21/2025,CJY,Recording8,10/18/2025,10/18/2025,10:09:23.595,02:09:23.595,431768,Timeline1,Tobii I-VT (Fixation),1.241.54219,1080,1920,10.0,3.7,2.3,2.7,0.31,0.19,0.23,13,8,10,4.3,4.1,3.4,0.38,0.36,0.3,16,15,12,7395128959,,,976,745,999,743,954,747,0.09961,0.08355,-0.99151,-0.04577,0.08866,-0.99501,3.912,3.924,3.907,,,,Valid,Valid,225.6,163.2,476.3,282.8,162.2,474.9,273.5,203.4,261.0,204.5,0.5086,0.69,0.5205,0.6881,0.4966,0.6919,Screen Recording,Screen Recording Recording8.mp4,1920,1080,0,0,960,540,Fixation,2604,217,972,748,0.5063,0.6928,,,,,,,,,,,
95006863,472178000603,Eye Tracker,LipReading_BJ,10/21/2025,CJY,Recording8,10/18/2025,10/18/2025,10:09:23.595,02:09:23.595,431768,Timeline1,Tobii I-VT (Fixation),1.241.54219,1080,1920,10.0,3.7,2.3,2.7,0.31,0.19,0.23,13,8,10,4.3,4.1,3.4,0.38,0.36,0.3,16,15,12,7395132959,,,981,746,1001,748,961,744,0.10049,0.08627,-0.99119,-0.04176,0.08682,-0.99535,3.886,3.907,3.907,,,,Valid,Valid,225.7,163.3,476.3,282.8,162.2,474.9,273.9,204.7,262.9,203.6,0.5108,0.6908,0.5214,0.6926,0.5003,0.6889,Screen Recording,Screen Recording Recording8.mp4,1920,1080,0,0,960,540,Fixation,2604,217,972,748,0.5063,0.6928,,,,,,,,,,,
95010864,472178004604,Eye Tracker,LipReading_BJ,10/21/2025,CJY,Recording8,10/18/2025,10/18/2025,10:09:23.595,02:09:23.595,431768,Timeline1,Tobii I-VT (Fixation),1.241.54219,1080,1920,10.0,3.7,2.3,2.7,0.31,0.19,0.23,13,8,10,4.3,4.1,3.4,0.38,0.36,0.3,16,15,12,7395136960,,,984,746,1003,744,966,747,0.10173,0.08416,-0.99125,-0.03888,0.08872,-0.9953,3.909,3.911,3.902,,,,Valid,Valid,225.7,163.3,476.2,282.8,162.2,474.9,274.6,203.7,264.3,204.5,0.5127,0.6906,0.5225,0.6892,0.503,0.6919,Screen Recording,Screen Recording Recording8.mp4,1920,1080,0,0,960,540,Fixation,2604,217,972,748,0.5063,0.6928,,,,,,,,,,,
95014862,472178008602,Eye Tracker,LipReading_BJ,10/21/2025,CJY,Recording8,10/18/2025,10/18/2025,10:09:23.595,02:09:23.595,431768,Timeline1,Tobii I-VT (Fixation),1.241.54219,1080,1920,10.0,3.7,2.3,2.7,0.31,0.19,0.23,13,8,10,4.3,4.1,3.4,0.38,0.36,0.3,16,15,12,7395140958,,,981,747,1001,745,961,749,0.10061,0.08438,-0.99134,-0.04186,0.08991,-0.99507,3.888,3.903,3.899,,,,Valid,Valid,225.7,163.3,476.2,282.8,162.2,474.9,274.0,203.8,262.9,205.1,0.5109,0.6917,0.5215,0.6896,0.5003,0.6939,Screen Recording,Screen Recording Recording8.mp4,1920,1080,0,0,960,540,Fixation,2604,217,972,748,0.5063,0.6928,,,,,,,,,,,
95018862,472178012602,Eye Tracker,LipReading_BJ,10/21/2025,CJY,Recording8,10/18/2025,10/18/2025,10:09:23.595,02:09:23.595,431768,Timeline1,Tobii I-VT (Fixation),1.241.54219,1080,1920,10.0,3.7,2.3,2.7,0.31,0.19,0.23,13,8,10,4.3,4.1,3.4,0.38,0.36,0.3,16,15,12,7395144958,,,984,744,1008,744,960,744,0.10427,0.08396,-0.991,-0.042,0.08695,-0.99533,3.893,3.911,3.902,,,,Valid,Valid,225.7,163.3,476.2,282.9,162.2,474.9,275.8,203.6,262.8,203.7,0.5125,0.689,0.5249,0.6889,0.5002,0.6891,Screen Recording,Screen Recording Recording8.mp4,1920,1080,0,0,960,540,Fixation,2604,217,972,748,0.5063,0.6928,,,,,,,,,,,
95022862,472178016602,Eye Tracker,LipReading_BJ,10/21/2025,CJY,Recording8,10/18/2025,10/18/2025,10:09:23.595,02:09:23.595,431768,Timeline1,Tobii I-VT (Fixation),1.241.54219,1080,1920,10.0,3.7,2.3,2.7,0.31,0.19,0.23,13,8,10,4.3,4.1,3.4,0.38,0.36,0.3,16,15,12,7395148958,,,982,745,1000,744,964,746,0.0998,0.08398,-0.99146,-0.03992,0.08806,-0.99532,3.887,3.918,3.904,,,,Valid,Valid,225.7,163.3,476.2,282.9,162.2,474.9,273.7,203.6,263.8,204.2,0.5114,0.6899,0.5208,0.6889,0.5021,0.6908,Screen Recording,Screen Recording Recording8.mp4,1920,1080,0,0,960,540,Fixation,2604,217,972,748,0.5063,0.6928,,,,,,,,,,,
95026862,472178020602,Eye Tracker,LipReading_BJ,10/21/2025,CJY,Recording8,10/18/2025,10/18/2025,10:09:23.595,02:09:23.595,431768,Timeline1,Tobii I-VT (Fixation),1.241.54219,1080,1920,10.0,3.7,2.3,2.7,0.31,0.19,0.23,13,8,10,4.3,4.1,3.4,0.38,0.36,0.3,16,15,12,7395152958,,,982,745,1001,748,963,743,0.10018,0.08605,-0.99124,-0.04053,0.08647,-0.99543,3.895,3.933,3.906,,,,Valid,Valid,225.7,163.3,476.2,282.9,162.2,474.9,273.9,204.6,263.5,203.4,0.5114,0.6903,0.5212,0.6922,0.5016,0.6883,Screen Recording,Screen Recording Recording8.mp4,1920,1080,0,0,960,540,Fixation,2604,217,972,748,0.5063,0.6928,,,,,,,,,,,
95030863,472178024603,Eye Tracker,LipReading_BJ,10/21/2025,CJY,Recording8,10/18/2025,10/18/2025,10:09:23.595,02:09:23.595,431768,Timeline1,Tobii I-VT (Fixation),1.241.54219,1080,1920,10.0,3.7,2.3,2.7,0.31,0.19,0.23,13,8,10,4.3,4.1,3.4,0.38,0.36,0.3,16,15,12,7395156959,,,978,750,999,752,957,747,0.09939,0.08856,-0.9911,-0.04383,0.08868,-0.99509,3.91,3.915,3.915,,,,Valid,Valid,225.7,163.2,476.2,282.9,162.2,474.9,273.5,205.8,262.0,204.5,0.5095,0.6941,0.5205,0.6963,0.4986,0.6919,Screen Recording,Screen Recording Recording8.mp4,1920,1080,0,0,960,540,Fixation,2604,217,972,748,0.5063,0.6928,,,,,,,,,,,
95034862,472178028602,Eye Tracker,LipReading_BJ,10/21/2025,CJY,Recording8,10/18/2025,10/18/2025,10:09:23.595,02:09:23.595,431768,Timeline1,Tobii I-VT (Fixation),1.241.54219,1080,1920,10.0,3.7,2.3,2.7,0.31,0.19,0.23,13,8,10,4.3,4.1,3.4,0.38,0.36,0.3,16,15,12,7395160958,,,980,748,1001,747,959,748,0.10028,0.08594,-0.99124,-0.04274,0.0892,-0.9951,3.899,3.933,3.922,,,,Valid,Valid,225.8,163.2,476.2,282.9,162.2,474.9,273.9,204.5,262.5,204.7,0.5105,0.6924,0.5213,0.692,0.4996,0.6927,Screen Recording,Screen Recording Recording8.mp4,1920,1080,0,0,960,540,Fixation,2604,217,972,748,0.5063,0.6928,,,,,,,,,,,
95038862,472178032602,Eye Tracker,LipReading_BJ,10/21/2025,CJY,Recording8,10/18/2025,10/18/2025,10:09:23.595,02:09:23.595,431768,Timeline1,Tobii I-VT (Fixation),1.241.54219,1080,1920,10.0,3.7,2.3,2.7,0.31,0.19,0.23,13,8,10,4.3,4.1,3.4,0.38,0.36,0.3,16,15,12,7395164958,,,977,748,999,752,955,743,0.09918,0.08881,-0.9911,-0.04516,0.08635,-0.99524,3.924,3.932,3.924,,,,Valid,Valid,225.8,163.2,476.2,282.9,162.2,474.8,273.4,205.9,261.4,203.4,0.5089,0.6924,0.5204,0.6967,0.4974,0.6881,Screen Recording,Screen Recording Recording8.mp4,1920,1080,0,0,960,540,Fixation,2604,217,972,748,0.5063,0.6928,,,,,,,,,,,
95042862,472178036602,Eye Tracker,LipReading_BJ,10/21/2025,CJY,Recording8,10/18/2025,10/18/2025,10:09:23.595,02:09:23.595,431768,Timeline1,Tobii I-VT (Fixation),1.241.54219,1080,1920,10.0,3.7,2.3,2.7,0.31,0.19,0.23,13,8,10,4.3,4.1,3.4,0.38,0.36,0.3,16,15,12,7395168958,,,982,744,1002,742,962,746,0.10068,0.08279,-0.99147,-0.04124,0.08799,-0.99527,3.914,3.94,3.924,,,,Valid,Valid,225.8,163.2,476.3,282.9,162.2,474.9,274.1,203.0,263.2,204.2,0.5113,0.6887,0.5217,0.6868,0.501,0.6907,Screen Recording,Screen Recording Recording8.mp4,1920,1080,0,0,960,540,Fixation,2604,217,972,748,0.5063,0.6928,,,,,,,,,,,
95046862,472178040602,Eye Tracker,LipReading_BJ,10/21/2025,CJY,Recording8,10/18/2025,10/18/2025,10:09:23.595,02:09:23.595,431768,Timeline1,Tobii I-VT (Fixation),1.241.54219,1080,1920,10.0,3.7,2.3,2.7,0.31,0.19,0.23,13,8,10,4.3,4.1,3.4,0.38,0.36,0.3,16,15,12,7395172958,,,979,746,996,747,962,745,0.09715,0.08583,-0.99156,-0.04144,0.08719,-0.99533,3.933,3.933,3.925,,,,Valid,Valid,225.8,163.2,476.3,282.9,162.1,474.9,272.4,204.4,263.2,203.7,0.5097,0.6905,0.5185,0.6917,0.5008,0.6894,Screen Recording,Screen Recording Recording8.mp4,1920,1080,0,0,960,540,Fixation,2604,217,972,748,0.5063,0.6928,,,,,,,,,,,
95050863,472178044603,Eye Tracker,LipReading_BJ,10/21/2025,CJY,Recording8,10/18/2025,10/18/2025,10:09:23.595,02:09:23.595,431768,Timeline1,Tobii I-VT (Fixation),1.241.54219,1080,1920,10.0,3.7,2.3,2.7,0.31,0.19,0.23,13,8,10,4.3,4.1,3.4,0.38,0.36,0.3,16,15,12,7395176959,,,978,745,995,750,961,740,0.09703,0.08728,-0.99145,-0.04205,0.08484,-0.99551,3.901,3.932,3.927,,,,Valid,Valid,225.8,163.2,476.3,282.9,162.1,474.9,272.4,205.1,262.9,202.6,0.5094,0.6897,0.5184,0.694,0.5003,0.6855,Screen Recording,Screen Recording Recording8.mp4,1920,1080,0,0,960,540,Fixation,2604,217,972,748,0.5063,0.6928,,,,,,,,,,,
95054862,472178048602,Eye Tracker,LipReading_BJ,10/21/2025,CJY,Recording8,10/18/2025,10/18/2025,10:09:23.595,02:09:23.595,431768,Timeline1,Tobii I-VT (Fixation),1.241.54219,1080,1920,10.0,3.7,2.3,2.7,0.31,0.19,0.23,13,8,10,4.3,4.1,3.4,0.38,0.36,0.3,16,15,12,7395180958,,,979,751,996,757,963,745,0.09713,0.0916,-0.99105,-0.04068,0.08729,-0.99535,3.917,3.958,3.929,,,,Valid,Valid,225.8,163.2,476.3,282.9,162.1,474.9,272.5,207.2,263.5,203.8,0.5101,0.6953,0.5186,0.701,0.5015,0.6895,Screen Recording,Screen Recording Recording8.mp4,1920,1080,0,0,960,540,Fixation,2604,217,972,748,0.5063,0.6928,,,,,,,,,,,
95058862,472178052602,Eye Tracker,LipReading_BJ,10/21/2025,CJY,Recording8,10/18/2025,10/18/2025,10:09:23.595,02:09:23.595,431768,Timeline1,Tobii I-VT (Fixation),1.241.54219,1080,1920,10.0,3.7,2.3,2.7,0.31,0.19,0.23,13,8,10,4.3,4.1,3.4,0.38,0.36,0.3,16,15,12,7395184958,,,980,740,998,735,961,745,0.09877,0.07934,-0.99194,-0.04165,0.08773,-0.99527,3.935,3.936,3.927,,,,Valid,Valid,225.8,163.2,476.3,283.0,162.1,474.9,273.2,201.3,263.1,204.0,0.5103,0.6856,0.52,0.681,0.5007,0.6901,Screen Recording,Screen Recording Recording8.mp4,1920,1080,0,0,960,540,Fixation,2604,217,972,748,0.5063,0.6928,,,,,,,,,,,
95062862,472178056602,Eye Tracker,LipReading_BJ,10/21/2025,CJY,Recording8,10/18/2025,10/18/2025,10:09:23.595,02:09:23.595,431768,Timeline1,Tobii I-VT (Fixation),1.241.54219,1080,1920,10.0,3.7,2.3,2.7,0.31,0.19,0.23,13,8,10,4.3,4.1,3.4,0.38,0.36,0.3,16,15,12,7395188958,,,975,752,998,754,952,751,0.09841,0.08963,-0.9911,-0.04724,0.09092,-0.99474,3.921,3.939,3.93,,,,Valid,Valid,225.8,163.2,476.3,283.0,162.1,474.9,273.1,206.2,260.4,205.5,0.5077,0.6966,0.5197,0.6978,0.4956,0.6953,Screen Recording,Screen Recording Recording8.mp4,1920,1080,0,0,960,540,Fixation,2604,217,972,748,0.5063,0.6928,,,,,,,,,,,
95066862,472178060602,Eye Tracker,LipReading_BJ,10/21/2025,CJY,Recording8,10/18/2025,10/18/2025,10:09:23.595,02:09:23.595,431768,Timeline1,Tobii I-VT (Fixation),1.241.54219,1080,1920,10.0,3.7,2.3,2.7,0.31,0.19,0.23,13,8,10,4.3,4.1,3.4,0.38,0.36,0.3,16,15,12,7395192958,,,982,751,997,755,967,748,0.098,0.09024,-0.99109,-0.03834,0.08938,-0.99526,3.893,3.932,3.932,,,,Valid,Valid,225.8,163.2,476.3,283.0,162.1,474.9,272.9,206.5,264.7,204.7,0.5115,0.6957,0.5194,0.6987,0.5037,0.6927,Screen Recording,Screen Recording Recording8.mp4,1920,1080,0,0,960,540,Fixation,2604,217,972,748,0.5063,0.6928,,,,,,,,,,,
95070862,472178064602,Eye Tracker,LipReading_BJ,10/21/2025,CJY,Recording8,10/18/2025,10/18/2025,10:09:23.595,02:09:23.595,431768,Timeline1,Tobii I-VT (Fixation),1.241.54219,1080,1920,10.0,3.7,2.3,2.7,0.31,0.19,0.23,13,8,10,4.3,4.1,3.4,0.38,0.36,0.3,16,15,12,7395196959,,,980,741,999,738,962,744,0.09894,0.08113,-0.99178,-0.0414,0.08681,-0.99536,3.93,3.944,3.932,,,,Valid,Valid,225.8,163.1,476.3,283.0,162.1,474.9,273.3,202.1,263.2,203.5,0.5106,0.6862,0.5202,0.6838,0.5009,0.6886,Screen Recording,Screen Recording Recording8.mp4,1920,1080,0,0,960,540,Fixation,2604,217,972,748,0.5063,0.6928,,,,,,,,,,,
95074861,472178068601,Eye Tracker,LipReading_BJ,10/21/2025,CJY,Recording8,10/18/2025,10/18/2025,10:09:23.595,02:09:23.595,431768,Timeline1,Tobii I-VT (Fixation),1.241.54219,1080,1920,10.0,3.7,2.3,2.7,0.31,0.19,0.23,13,8,10,4.3,4.1,3.4,0.38,0.36,0.3,16,15,12,7395200958,,,980,744,998,746,961,742,0.09872,0.08535,-0.99145,-0.04167,0.08576,-0.99544,3.924,3.952,3.937,,,,Valid,Valid,225.8,163.1,476.3,283.0,162.1,474.9,273.2,204.1,263.1,203.0,0.5104,0.6888,0.52,0.6907,0.5007,0.6868,Screen Recording,Screen Recording Recording8.mp4,1920,1080,0,0,960,540,Fixation,2604,217,972,748,0.5063,0.6928,,,,,,,,,,,
95078861,472178072601,Eye Tracker,LipReading_BJ,10/21/2025,CJY,Recording8,10/18/2025,10/18/2025,10:09:23.595,02:09:23.595,431768,Timeline1,Tobii I-VT (Fixation),1.241.54219,1080,1920,10.0,3.7,2.3,2.7,0.31,0.19,0.23,13,8,10,4.3,4.1,3.4,0.38,0.36,0.3,16,15,12,7395204958,,,983,743,1004,738,963,747,0.10166,0.08102,-0.99151,-0.04067,0.08876,-0.99522,3.95,3.941,3.939,,,,Valid,Valid,225.8,163.1,476.3,283.0,162.1,474.9,274.7,202.1,263.6,204.4,0.5122,0.6877,0.5227,0.6836,0.5016,0.6917,Screen Recording,Screen Recording Recording8.mp4,1920,1080,0,0,960,540,Fixation,2604,217,972,748,0.5063,0.6928,,,,,,,,,,,
95082861,472178076601,Eye Tracker,LipReading_BJ,10/21/2025,CJY,Recording8,10/18/2025,10/18/2025,10:09:23.595,02:09:23.595,431768,Timeline1,Tobii I-VT (Fixation),1.241.54219,1080,1920,10.0,3.7,2.3,2.7,0.31,0.19,0.23,13,8,10,4.3,4.1,3.4,0.38,0.36,0.3,16,15,12,7395208958,,,977,743,995,741,960,744,0.09669,0.08281,-0.99186,-0.04259,0.08718,-0.99528,3.934,3.944,3.942,,,,Valid,Valid,225.8,163.1,476.3,283.0,162.1,474.9,272.3,202.9,262.7,203.7,0.509,0.6878,0.5182,0.6864,0.4999,0.6891,Screen Recording,Screen Recording Recording8.mp4,1920,1080,0,0,960,540,Fixation,2604,217,972,748,0.5063,0.6928,,,,,,,,,,,
95086861,472178080601,Eye Tracker,LipReading_BJ,10/21/2025,CJY,Recording8,10/18/2025,10/18/2025,10:09:23.595,02:09:23.595,431768,Timeline1,Tobii I-VT (Fixation),1.241.54219,1080,1920,10.0,3.7,2.3,2.7,0.31,0.19,0.23,13,8,10,4.3,4.1,3.4,0.38,0.36,0.3,16,15,12,7395212958,,,977,749,996,748,958,750,0.0973,0.08668,-0.99147,-0.04354,0.09072,-0.99492,3.941,3.95,3.939,,,,Valid,Valid,225.8,163.1,476.4,283.0,162.1,474.9,272.6,204.8,262.2,205.4,0.5089,0.6938,0.5188,0.6927,0.499,0.6948,Screen Recording,Screen Recording Recording8.mp4,1920,1080,0,0,960,540,Fixation,2604,217,972,748,0.5063,0.6928,,,,,,,,,,,
95090862,472178084602,Eye Tracker,LipReading_BJ,10/21/2025,CJY,Recording8,10/18/2025,10/18/2025,10:09:23.595,02:09:23.595,431768,Timeline1,Tobii I-VT (Fixation),1.241.54219,1080,1920,10.0,3.7,2.3,2.7,0.31,0.19,0.23,13,8,10,4.3,4.1,3.4,0.38,0.36,0.3,16,15,12,7395216959,,,980,748,1002,747,959,749,0.1005,0.08611,-0.9912,-0.04313,0.0897,-0.99503,3.903,3.97,3.94,,,,Valid,Valid,225.8,163.1,476.3,283.0,162.0,475.0,274.1,204.5,262.4,204.9,0.5106,0.6925,0.5217,0.6919,0.4994,0.6931,Screen Recording,Screen Recording Recording8.mp4,1920,1080,0,0,960,540,Fixation,2604,217,972,748,0.5063,0.6928,,,,,,,,,,,
95094861,472178088601,Eye Tracker,LipReading_BJ,10/21/2025,CJY,Recording8,10/18/2025,10/18/2025,10:09:23.595,02:09:23.595,431768,Timeline1,Tobii I-VT (Fixation),1.241.54219,1080,1920,10.0,3.7,2.3,2.7,0.31,0.19,0.23,13,8,10,4.3,4.1,3.4,0.38,0.36,0.3,16,15,12,7395220958,,,979,750,999,751,958,750,0.09877,0.08808,-0.9912,-0.04341,0.09072,-0.99493,3.917,3.945,3.943,,,,Valid,Valid,225.9,163.1,476.3,283.0,162.0,474.9,273.3,205.4,262.3,205.4,0.5097,0.6949,0.5202,0.695,0.4992,0.6948,Screen Recording,Screen Recording Recording8.mp4,1920,1080,0,0,960,540,Fixation,2604,217,972,748,0.5063,0.6928,,,,,,,,,,,
95098861,472178092601,Eye Tracker,LipReading_BJ,10/21/2025,CJY,Recording8,10/18/2025,10/18/2025,10:09:23.595,02:09:23.595,431768,Timeline1,Tobii I-VT (Fixation),1.241.54219,1080,1920,10.0,3.7,2.3,2.7,0.31,0.19,0.23,13,8,10,4.3,4.1,3.4,0.38,0.36,0.3,16,15,12,7395224958,,,979,745,998,744,960,746,0.09829,0.08451,-0.99156,-0.04251,0.0882,-0.9952,3.929,3.958,3.941,,,,Valid,Valid,225.9,163.1,476.3,283.0,162.0,475.0,273.1,203.7,262.7,204.1,0.5099,0.6899,0.5197,0.6891,0.5,0.6906,Screen Recording,Screen Recording Recording8.mp4,1920,1080,0,0,960,540,Fixation,2604,217,972,748,0.5063,0.6928,,,,,,,,,,,
95102861,472178096601,Eye Tracker,LipReading_BJ,10/21/2025,CJY,Recording8,10/18/2025,10/18/2025,10:09:23.595,02:09:23.595,431768,Timeline1,Tobii I-VT (Fixation),1.241.54219,1080,1920,10.0,3.7,2.3,2.7,0.31,0.19,0.23,13,8,10,4.3,4.1,3.4,0.38,0.36,0.3,16,15,12,7395228958,,,981,748,998,748,964,747,0.09856,0.08684,-0.99134,-0.04025,0.08903,-0.99522,3.931,3.966,3.943,,,,Valid,Valid,225.9,163.1,476.3,283.0,162.0,475.0,273.2,204.8,263.8,204.5,0.511,0.6924,0.52,0.6929,0.5021,0.692,Screen Recording,Screen Recording Recording8.mp4,1920,1080,0,0,960,540,Fixation,2604,217,972,748,0.5063,0.6928,,,,,,,,,,,
95106861,472178100601,Eye Tracker,LipReading_BJ,10/21/2025,CJY,Recording8,10/18/2025,10/18/2025,10:09:23.595,02:09:23.595,431768,Timeline1,Tobii I-VT (Fixation),1.241.54219,1080,1920,10.0,3.7,2.3,2.7,0.31,0.19,0.23,13,8,10,4.3,4.1,3.4,0.38,0.36,0.3,16,15,12,7395232958,,,982,750,1000,754,964,746,0.09947,0.09003,-0.99096,-0.04029,0.08817,-0.99529,3.924,3.957,3.946,,,,Valid,Valid,225.9,163.1,476.3,283.0,162.0,475.0,273.7,206.3,263.8,204.1,0.5115,0.6943,0.5209,0.6981,0.5021,0.6905,Screen Recording,Screen Recording Recording8.mp4,1920,1080,0,0,960,540,Fixation,2604,217,972,748,0.5063,0.6928,,,,,,,,,,,
95110862,472178104602,Eye Tracker,LipReading_BJ,10/21/2025,CJY,Recording8,10/18/2025,10/18/2025,10:09:23.595,02:09:23.595,431768,Timeline1,Tobii I-VT (Fixation),1.241.54219,1080,1920,10.0,3.7,2.3,2.7,0.31,0.19,0.23,13,8,10,4.3,4.1,3.4,0.38,0.36,0.3,16,15,12,7395236959,,,976,746,993,745,960,746,0.09573,0.08525,-0.99175,-0.04284,0.0884,-0.99516,3.952,3.962,3.948,,,,Valid,Valid,225.9,163.1,476.4,283.0,162.0,474.9,271.9,204.0,262.6,204.2,0.5086,0.6906,0.5174,0.6902,0.4998,0.6909,Screen Recording,Screen Recording Recording8.mp4,1920,1080,0,0,960,540,Fixation,2604,217,972,748,0.5063,0.6928,,,,,,,,,,,
95114861,472178108601,Eye Tracker,LipReading_BJ,10/21/2025,CJY,Recording8,10/18/2025,10/18/2025,10:09:23.595,02:09:23.595,431768,Timeline1,Tobii I-VT (Fixation),1.241.54219,1080,1920,10.0,3.7,2.3,2.7,0.31,0.19,0.23,13,8,10,4.3,4.1,3.4,0.38,0.36,0.3,16,15,12,7395240958,,,979,744,997,743,961,746,0.09797,0.08389,-0.99165,-0.04213,0.0882,-0.99521,3.934,3.961,3.948,,,,Valid,Valid,225.9,163.0,476.4,283.0,162.0,474.9,273.0,203.3,262.9,204.1,0.51,0.6893,0.5195,0.688,0.5004,0.6906,Screen Recording,Screen Recording Recording8.mp4,1920,1080,0,0,960,540,Fixation,2604,217,972,748,0.5063,0.6928,,,,,,,,,,,
95118861,472178112601,Eye Tracker,LipReading_BJ,10/21/2025,CJY,Recording8,10/18/2025,10/18/2025,10:09:23.595,02:09:23.595,431768,Timeline1,Tobii I-VT (Fixation),1.241.54219,1080,1920,10.0,3.7,2.3,2.7,0.31,0.19,0.23,13,8,10,4.3,4.1,3.4,0.38,0.36,0.3,16,15,12,7395244958,,,978,751,997,755,959,747,0.09768,0.09089,-0.99106,-0.0434,0.08901,-0.99508,3.944,3.966,3.953,,,,Valid,Valid,225.9,163.0,476.4,283.1,162.0,474.9,272.9,206.7,262.3,204.5,0.5093,0.6957,0.5193,0.6994,0.4993,0.6919,Screen Recording,Screen Recording Recording8.mp4,1920,1080,0,0,960,540,Fixation,2604,217,972,748,0.5063,0.6928,,,,,,,,,,,
95122860,472178116600,Eye Tracker,LipReading_BJ,10/21/2025,CJY,Recording8,10/18/2025,10/18/2025,10:09:23.595,02:09:23.595,431768,Timeline1,Tobii I-VT (Fixation),1.241.54219,1080,1920,10.0,3.7,2.3,2.7,0.31,0.19,0.23,13,8,10,4.3,4.1,3.4,0.38,0.36,0.3,16,15,12,7395248958,,,978,750,999,753,956,746,0.09899,0.08968,-0.99104,-0.04476,0.08841,-0.99508,3.929,3.98,3.955,,,,Valid,Valid,225.9,163.0,476.3,283.1,162.0,474.9,273.5,206.2,261.7,204.2,0.5093,0.6942,0.5205,0.6975,0.4981,0.691,Screen Recording,Screen Recording Recording8.mp4,1920,1080,0,0,960,540,Fixation,2604,217,972,748,0.5063,0.6928,,,,,,,,,,,
95126860,472178120600,Eye Tracker,LipReading_BJ,10/21/2025,CJY,Recording8,10/18/2025,10/18/2025,10:09:23.595,02:09:23.595,431768,Timeline1,Tobii I-VT (Fixation),1.241.54219,1080,1920,10.0,3.7,2.3,2.7,0.31,0.19,0.23,13,8,10,4.3,4.1,3.4,0.38,0.36,0.3,16,15,12,7395252958,,,980,748,1002,750,959,746,0.10026,0.08781,-0.99108,-0.04315,0.088,-0.99519,3.952,3.961,3.962,,,,Valid,Valid,225.9,163.0,476.4,283.1,162.0,474.9,274.1,205.2,262.5,204.0,0.5106,0.6924,0.5217,0.6944,0.4995,0.6903,Screen Recording,Screen Recording Recording8.mp4,1920,1080,0,0,960,540,Fixation,2604,217,972,748,0.5063,0.6928,,,,,,,,,,,
95130861,472178124601,Eye Tracker,LipReading_BJ,10/21/2025,CJY,Recording8,10/18/2025,10/18/2025,10:09:23.595,02:09:23.595,431768,Timeline1,Tobii I-VT (Fixation),1.241.54219,1080,1920,10.0,3.7,2.3,2.7,0.31,0.19,0.23,13,8,10,4.3,4.1,3.4,0.38,0.36,0.3,16,15,12,7395256959,,,976,746,992,745,961,747,0.09466,0.08511,-0.99187,-0.04224,0.08882,-0.99515,3.953,3.973,3.963,,,,Valid,Valid,225.9,163.0,476.4,283.1,162.0,474.9,271.4,203.9,262.9,204.4,0.5084,0.6908,0.5165,0.6899,0.5004,0.6916,Screen Recording,Screen Recording Recording8.mp4,1920,1080,0,0,960,540,Fixation,2604,217,972,748,0.5063,0.6928,,,,,,,,,,,
95134860,472178128600,Eye Tracker,LipReading_BJ,10/21/2025,CJY,Recording8,10/18/2025,10/18/2025,10:09:23.595,02:09:23.595,431768,Timeline1,Tobii I-VT (Fixation),1.241.54219,1080,1920,10.0,3.7,2.3,2.7,0.31,0.19,0.23,13,8,10,4.3,4.1,3.4,0.38,0.36,0.3,16,15,12,7395260958,,,980,748,995,747,964,749,0.09652,0.08604,-0.99161,-0.04025,0.09015,-0.99511,3.963,3.972,3.963,,,,Valid,Valid,225.9,163.0,476.4,283.1,162.0,474.9,272.3,204.4,263.9,205.1,0.5102,0.6926,0.5183,0.6914,0.5022,0.6938,Screen Recording,Screen Recording Recording8.mp4,1920,1080,0,0,960,540,Fixation,2604,217,972,748,0.5063,0.6928,,,,,,,,,,,
95138860,472178132600,Eye Tracker,LipReading_BJ,10/21/2025,CJY,Recording8,10/18/2025,10/18/2025,10:09:23.595,02:09:23.595,431768,Timeline1,Tobii I-VT (Fixation),1.241.54219,1080,1920,10.0,3.7,2.3,2.7,0.31,0.19,0.23,13,8,10,4.3,4.1,3.4,0.38,0.36,0.3,16,15,12,7395264958,,,982,752,1003,749,961,754,0.10073,0.08724,-0.99108,-0.04192,0.09284,-0.9948,3.94,4.014,3.963,,,,Valid,Valid,225.9,163.0,476.4,283.1,162.1,474.9,274.4,205.0,263.1,206.4,0.5114,0.6959,0.5222,0.6935,0.5007,0.6982,Screen Recording,Screen Recording Recording8.mp4,1920,1080,0,0,960,540,Fixation,2604,217,972,748,0.5063,0.6928,,,,,,,,,,,
95142860,472178136600,Eye Tracker,LipReading_BJ,10/21/2025,CJY,Recording8,10/18/2025,10/18/2025,10:09:23.595,02:09:23.595,431768,Timeline1,Tobii I-VT (Fixation),1.241.54219,1080,1920,10.0,3.7,2.3,2.7,0.31,0.19,0.23,13,8,10,4.3,4.1,3.4,0.38,0.36,0.3,16,15,12,7395268958,,,983,747,999,744,968,749,0.09879,0.08467,-0.9915,-0.03827,0.09015,-0.99519,3.947,3.993,3.963,,,,Valid,Valid,226.0,163.0,476.4,283.1,162.1,474.9,273.4,203.7,264.8,205.1,0.5122,0.6916,0.5204,0.6893,0.504,0.6938,Screen Recording,Screen Recording Recording8.mp4,1920,1080,0,0,960,540,Fixation,2604,217,972,748,0.5063,0.6928,,,,,,,,,,,
95146857,472178140597,Eye Tracker,LipReading_BJ,10/21/2025,CJY,Recording8,10/18/2025,10/18/2025,10:09:23.595,02:09:23.595,431768,Timeline1,Tobii I-VT (Fixation),1.241.54219,1080,1920,10.0,3.7,2.3,2.7,0.31,0.19,0.23,13,8,10,4.3,4.1,3.4,0.38,0.36,0.3,16,15,12,7395272955,,,981,749,998,750,965,748,0.09788,0.08761,-0.99133,-0.04012,0.08945,-0.99518,3.934,3.98,3.97,,,,Valid,Valid,226.0,163.0,476.4,283.1,162.1,474.9,273.0,205.1,264.0,204.7,0.511,0.6934,0.5196,0.6941,0.5024,0.6927,Screen Recording,Screen Recording Recording8.mp4,1920,1080,0,0,960,540,Fixation,2604,217,972,748,0.5063,0.6928,,,,,,,,,,,
95150858,472178144598,Eye Tracker,LipReading_BJ,10/21/2025,CJY,Recording8,10/18/2025,10/18/2025,10:09:23.595,02:09:23.595,431768,Timeline1,Tobii I-VT (Fixation),1.241.54219,1080,1920,10.0,3.7,2.3,2.7,0.31,0.19,0.23,13,8,10,4.3,4.1,3.4,0.38,0.36,0.3,16,15,12,7395276956,,,988,745,1011,741,966,749,0.10533,0.0829,-0.99098,-0.03921,0.09004,-0.99517,3.966,3.976,3.963,,,,Valid,Valid,226.0,163.0,476.4,283.1,162.0,475.0,276.6,202.9,264.4,205.0,0.5148,0.6901,0.5264,0.6865,0.5032,0.6937,Screen Recording,Screen Recording Recording8.mp4,1920,1080,0,0,960,540,Fixation,2604,217,972,748,0.5063,0.6928,,,,,,,,,,,
95154857,472178148597,Eye Tracker,LipReading_BJ,10/21/2025,CJY,Recording8,10/18/2025,10/18/2025,10:09:23.595,02:09:23.595,431768,Timeline1,Tobii I-VT (Fixation),1.241.54219,1080,1920,10.0,3.7,2.3,2.7,0.31,0.19,0.23,13,8,10,4.3,4.1,3.4,0.38,0.36,0.3,16,15,12,7395280955,,,985,744,1003,746,966,743,0.10118,0.08537,-0.9912,-0.03953,0.08631,-0.99548,3.964,3.994,3.968,,,,Valid,Valid,226.0,163.1,476.4,283.1,162.1,475.0,274.6,204.1,264.3,203.2,0.5128,0.6891,0.5226,0.6905,0.503,0.6876,Screen Recording,Screen Recording Recording8.mp4,1920,1080,0,0,960,540,Fixation,2604,217,972,748,0.5063,0.6928,,,,,,,,,,,
95158857,472178152597,Eye Tracker,LipReading_BJ,10/21/2025,CJY,Recording8,10/18/2025,10/18/2025,10:09:23.595,02:09:23.595,431768,Timeline1,Tobii I-VT (Fixation),1.241.54219,1080,1920,10.0,3.7,2.3,2.7,0.31,0.19,0.23,13,8,10,4.3,4.1,3.4,0.38,0.36,0.3,16,15,12,7395284955,,,982,747,1003,747,961,748,0.10075,0.08582,-0.9912,-0.04235,0.08934,-0.9951,3.945,3.979,3.972,,,,Valid,Valid,226.0,163.1,476.4,283.2,162.1,475.0,274.4,204.3,262.9,204.7,0.5113,0.6919,0.5223,0.6912,0.5004,0.6926,Screen Recording,Screen Recording Recording8.mp4,1920,1080,0,0,960,540,Fixation,2604,217,972,748,0.5063,0.6928,,,,,,,,,,,
95162857,472178156597,Eye Tracker,LipReading_BJ,10/21/2025,CJY,Recording8,10/18/2025,10/18/2025,10:09:23.595,02:09:23.595,431768,Timeline1,Tobii I-VT (Fixation),1.241.54219,1080,1920,10.0,3.7,2.3,2.7,0.31,0.19,0.23,13,8,10,4.3,4.1,3.4,0.38,0.36,0.3,16,15,12,7395288955,,,982,745,1001,747,962,743,0.09988,0.08634,-0.99125,-0.04167,0.08629,-0.9954,3.957,3.985,3.976,,,,Valid,Valid,226.0,163.1,476.4,283.2,162.1,475.0,274.0,204.6,263.3,203.2,0.5113,0.6899,0.5215,0.6921,0.5011,0.6876,Screen Recording,Screen Recording Recording8.mp4,1920,1080,0,0,960,540,Fixation,2604,217,972,748,0.5063,0.6928,,,,,,,,,,,
95166857,472178160597,Eye Tracker,LipReading_BJ,10/21/2025,CJY,Recording8,10/18/2025,10/18/2025,10:09:23.595,02:09:23.595,431768,Timeline1,Tobii I-VT (Fixation),1.241.54219,1080,1920,10.0,3.7,2.3,2.7,0.31,0.19,0.23,13,8,10,4.3,4.1,3.4,0.38,0.36,0.3,16,15,12,7395292955,,,985,745,1002,743,968,747,0.10032,0.08384,-0.99142,-0.03811,0.0888,-0.99532,3.96,4.015,3.978,,,,Valid,Valid,226.0,163.1,476.4,283.2,162.1,475.0,274.2,203.4,265.0,204.4,0.5131,0.6899,0.5219,0.688,0.5043,0.6917,Screen Recording,Screen Recording Recording8.mp4,1920,1080,0,0,960,540,Fixation,2604,217,972,748,0.5063,0.6928,,,,,,,,,,,
95170858,472178164598,Eye Tracker,LipReading_BJ,10/21/2025,CJY,Recording8,10/18/2025,10/18/2025,10:09:23.595,02:09:23.595,431768,Timeline1,Tobii I-VT (Fixation),1.241.54219,1080,1920,10.0,3.7,2.3,2.7,0.31,0.19,0.23,13,8,10,4.3,4.1,3.4,0.38,0.36,0.3,16,15,12,7395296956,,,979,746,998,745,960,748,0.09796,0.08482,-0.99157,-0.04273,0.08941,-0.99508,3.952,3.999,3.982,,,,Valid,Valid,226.0,163.0,476.5,283.2,162.1,475.0,273.1,203.8,262.8,204.7,0.51,0.6911,0.5198,0.6895,0.5001,0.6927,Screen Recording,Screen Recording Recording8.mp4,1920,1080,0,0,960,540,Fixation,2604,217,972,748,0.5063,0.6928,,,,,,,,,,,
95174857,472178168597,Eye Tracker,LipReading_BJ,10/21/2025,CJY,Recording8,10/18/2025,10/18/2025,10:09:23.595,02:09:23.595,431768,Timeline1,Tobii I-VT (Fixation),1.241.54219,1080,1920,10.0,3.7,2.3,2.7,0.31,0.19,0.23,13,8,10,4.3,4.1,3.4,0.38,0.36,0.3,16,15,12,7395300955,,,980,747,997,747,963,746,0.09738,0.08633,-0.9915,-0.04123,0.08823,-0.99525,3.968,4.008,3.988,,,,Valid,Valid,226.1,163.0,476.5,283.2,162.1,475.0,272.9,204.5,263.5,204.2,0.5104,0.6914,0.5193,0.692,0.5015,0.6909,Screen Recording,Screen Recording Recording8.mp4,1920,1080,0,0,960,540,Fixation,2604,217,972,748,0.5063,0.6928,,,,,,,,,,,
95178857,472178172597,Eye Tracker,LipReading_BJ,10/21/2025,CJY,Recording8,10/18/2025,10/18/2025,10:09:23.595,02:09:23.595,431768,Timeline1,Tobii I-VT (Fixation),1.241.54219,1080,1920,10.0,3.7,2.3,2.7,0.31,0.19,0.23,13,8,10,4.3,4.1,3.4,0.38,0.36,0.3,16,15,12,7395304955,,,980,745,999,741,961,748,0.09848,0.08264,-0.9917,-0.04218,0.08948,-0.9951,3.978,4.005,3.988,,,,Valid,Valid,226.1,163.0,476.5,283.2,162.1,475.0,273.4,202.7,263.1,204.8,0.5105,0.6894,0.5203,0.686,0.5007,0.6929,Screen Recording,Screen Recording Recording8.mp4,1920,1080,0,0,960,540,Fixation,2604,217,972,748,0.5063,0.6928,,,,,,,,,,,
95182857,472178176597,Eye Tracker,LipReading_BJ,10/21/2025,CJY,Recording8,10/18/2025,10/18/2025,10:09:23.595,02:09:23.595,431768,Timeline1,Tobii I-VT (Fixation),1.241.54219,1080,1920,10.0,3.7,2.3,2.7,0.31,0.19,0.23,13,8,10,4.3,4.1,3.4,0.38,0.36,0.3,16,15,12,7395308955,,,980,750,1000,750,959,749,0.099,0.088,-0.99119,-0.04356,0.08983,-0.995,3.997,4.009,3.988,,,,Valid,Valid,226.1,163.0,476.5,283.2,162.1,475.0,273.7,205.3,262.4,205.0,0.5102,0.6941,0.5209,0.6947,0.4995,0.6935,Screen Recording,Screen Recording Recording8.mp4,1920,1080,0,0,960,540,Fixation,2604,217,972,748,0.5063,0.6928,,,,,,,,,,,
95186857,472178180597,Eye Tracker,LipReading_BJ,10/21/2025,CJY,Recording8,10/18/2025,10/18/2025,10:09:23.595,02:09:23.595,431768,Timeline1,Tobii I-VT (Fixation),1.241.54219,1080,1920,10.0,3.7,2.3,2.7,0.31,0.19,0.23,13,8,10,4.3,4.1,3.4,0.38,0.36,0.3,16,15,12,7395312955,,,979,750,997,753,960,747,0.09745,0.08968,-0.99119,-0.04289,0.08845,-0.99516,3.95,4.019,3.987,,,,Valid,Valid,226.1,163.0,476.5,283.3,162.1,475.0,272.9,206.1,262.8,204.3,0.5098,0.6943,0.5195,0.6975,0.5001,0.6912,Screen Recording,Screen Recording Recording8.mp4,1920,1080,0,0,960,540,Fixation,2604,217,972,748,0.5063,0.6928,,,,,,,,,,,
95190858,472178184598,Eye Tracker,LipReading_BJ,10/21/2025,CJY,Recording8,10/18/2025,10/18/2025,10:09:23.595,02:09:23.595,431768,Timeline1,Tobii I-VT (Fixation),1.241.54219,1080,1920,10.0,3.7,2.3,2.7,0.31,0.19,0.23,13,8,10,4.3,4.1,3.4,0.38,0.36,0.3,16,15,12,7395316956,,,980,748,1003,749,958,748,0.10036,0.08702,-0.99114,-0.04417,0.08942,-0.99501,3.952,4.009,3.988,,,,Valid,Valid,226.1,163.0,476.4,283.3,162.1,475.0,274.4,204.9,262.2,204.8,0.5106,0.693,0.5222,0.6932,0.499,0.6928,Screen Recording,Screen Recording Recording8.mp4,1920,1080,0,0,960,540,Fixation,2604,217,972,748,0.5063,0.6928,,,,,,,,,,,
95194856,472178188596,Eye Tracker,LipReading_BJ,10/21/2025,CJY,Recording8,10/18/2025,10/18/2025,10:09:23.595,02:09:23.595,431768,Timeline1,Tobii I-VT (Fixation),1.241.54219,1080,1920,10.0,3.7,2.3,2.7,0.31,0.19,0.23,13,8,10,4.3,4.1,3.4,0.38,0.36,0.3,16,15,12,7395320955,,,985,744,1005,746,964,742,0.10196,0.0854,-0.99112,-0.04063,0.08584,-0.99548,3.964,4.011,3.988,,,,Valid,Valid,226.1,163.0,476.4,283.3,162.1,475.0,275.1,204.1,263.9,203.0,0.5129,0.6887,0.5236,0.6905,0.5022,0.6869,Screen Recording,Screen Recording Recording8.mp4,1920,1080,0,0,960,540,Fixation,2604,217,972,748,0.5063,0.6928,,,,,,,,,,,
95198856,472178192596,Eye Tracker,LipReading_BJ,10/21/2025,CJY,Recording8,10/18/2025,10/18/2025,10:09:23.595,02:09:23.595,431768,Timeline1,Tobii I-VT (Fixation),1.241.54219,1080,1920,10.0,3.7,2.3,2.7,0.31,0.19,0.23,13,8,10,4.3,4.1,3.4,0.38,0.36,0.3,16,15,12,7395324955,,,988,748,1008,748,969,748,0.10314,0.08649,-0.9909,-0.03791,0.08908,-0.9953,3.987,4.025,3.994,,,,Valid,Valid,226.1,163.0,476.4,283.3,162.1,475.0,275.7,204.6,265.2,204.6,0.5148,0.6922,0.5248,0.6923,0.5047,0.6922,Screen Recording,Screen Recording Recording8.mp4,1920,1080,0,0,960,540,Fixation,2604,217,972,748,0.5063,0.6928,,,,,,,,,,,
95202856,472178196596,Eye Tracker,LipReading_BJ,10/21/2025,CJY,Recording8,10/18/2025,10/18/2025,10:09:23.595,02:09:23.595,431768,Timeline1,Tobii I-VT (Fixation),1.241.54219,1080,1920,10.0,3.7,2.3,2.7,0.31,0.19,0.23,13,8,10,4.3,4.1,3.4,0.38,0.36,0.3,16,15,12,7395328955,,,984,750,1003,752,965,748,0.10042,0.08917,-0.99094,-0.04049,0.08927,-0.99518,3.983,4.01,3.994,,,,Valid,Valid,226.2,163.0,476.4,283.3,162.1,475.0,274.4,205.9,264.0,204.7,0.5124,0.6946,0.5223,0.6966,0.5024,0.6925,Screen Recording,Screen Recording Recording8.mp4,1920,1080,0,0,960,540,Fixation,2604,217,972,748,0.5063,0.6928,,,,,,,,,,,
95206856,472178200596,Eye Tracker,LipReading_BJ,10/21/2025,CJY,Recording8,10/18/2025,10/18/2025,10:09:23.595,02:09:23.595,431768,Timeline1,Tobii I-VT (Fixation),1.241.54219,1080,1920,10.0,3.7,2.3,2.7,0.31,0.19,0.23,13,8,10,4.3,4.1,3.4,0.38,0.36,0.3,16,15,12,7395332955,,,981,747,1004,746,958,747,0.10095,0.0858,-0.99118,-0.04444,0.08876,-0.99506,3.977,3.995,4.004,,,,Valid,Valid,226.2,163.0,476.5,283.3,162.1,475.0,274.7,204.3,262.1,204.4,0.5108,0.6914,0.5228,0.6911,0.4988,0.6917,Screen Recording,Screen Recording Recording8.mp4,1920,1080,0,0,960,540,Fixation,2604,217,972,748,0.5063,0.6928,,,,,,,,,,,
95210857,472178204597,Eye Tracker,LipReading_BJ,10/21/2025,CJY,Recording8,10/18/2025,10/18/2025,10:09:23.595,02:09:23.595,431768,Timeline1,Tobii I-VT (Fixation),1.241.54219,1080,1920,10.0,3.7,2.3,2.7,0.31,0.19,0.23,13,8,10,4.3,4.1,3.4,0.38,0.36,0.3,16,15,12,7395336956,,,978,750,997,749,959,752,0.09729,0.08744,-0.99141,-0.04386,0.09143,-0.99484,3.976,4.035,3.999,,,,Valid,Valid,226.2,163.0,476.4,283.3,162.1,475.0,273.0,205.0,262.4,205.7,0.5094,0.6949,0.5195,0.6937,0.4994,0.696,Screen Recording,Screen Recording Recording8.mp4,1920,1080,0,0,960,540,Fixation,2604,217,972,748,0.5063,0.6928,,,,,,,,,,,
95214856,472178208596,Eye Tracker,LipReading_BJ,10/21/2025,CJY,Recording8,10/18/2025,10/18/2025,10:09:23.595,02:09:23.595,431768,Timeline1,Tobii I-VT (Fixation),1.241.54219,1080,1920,10.0,3.7,2.3,2.7,0.31,0.19,0.23,13,8,10,4.3,4.1,3.4,0.38,0.36,0.3,16,15,12,7395340955,,,984,744,1003,748,965,740,0.10062,0.08683,-0.99113,-0.04059,0.08503,-0.99555,3.985,4.036,3.999,,,,Valid,Valid,226.2,163.0,476.5,283.3,162.1,475.1,274.6,204.7,264.0,202.6,0.5125,0.6891,0.5226,0.6927,0.5024,0.6856,Screen Recording,Screen Recording Recording8.mp4,1920,1080,0,0,960,540,Fixation,2604,217,972,748,0.5063,0.6928,,,,,,,,,,,
95218856,472178212596,Eye Tracker,LipReading_BJ,10/21/2025,CJY,Recording8,10/18/2025,10/18/2025,10:09:23.595,02:09:23.595,431768,Timeline1,Tobii I-VT (Fixation),1.241.54219,1080,1920,10.0,3.7,2.3,2.7,0.31,0.19,0.23,13,8,10,4.3,4.1,3.4,0.38,0.36,0.3,16,15,12,7395344955,,,979,748,997,753,962,743,0.09707,0.08983,-0.99122,-0.04231,0.08668,-0.99534,3.955,4.021,4.009,,,,Valid,Valid,226.2,163.0,476.5,283.4,162.1,475.0,272.9,206.2,263.2,203.4,0.5101,0.693,0.5193,0.6976,0.5008,0.6883,Screen Recording,Screen Recording Recording8.mp4,1920,1080,0,0,960,540,Fixation,2604,217,972,748,0.5063,0.6928,,,,,,,,,,,
95222856,472178216596,Eye Tracker,LipReading_BJ,10/21/2025,CJY,Recording8,10/18/2025,10/18/2025,10:09:23.595,02:09:23.595,431768,Timeline1,Tobii I-VT (Fixation),1.241.54219,1080,1920,10.0,3.7,2.3,2.7,0.31,0.19,0.23,13,8,10,4.3,4.1,3.4,0.38,0.36,0.3,16,15,12,7395348955,,,976,748,994,749,958,746,0.09548,0.08752,-0.99158,-0.04428,0.08805,-0.99513,3.992,4.017,4.008,,,,Valid,Valid,226.2,163.0,476.5,283.4,162.1,475.0,272.1,205.1,262.2,204.1,0.5085,0.6922,0.5179,0.6938,0.4991,0.6906,Screen Recording,Screen Recording Recording8.mp4,1920,1080,0,0,960,540,Fixation,2604,217,972,748,0.5063,0.6928,,,,,,,,,,,
95226856,472178220596,Eye Tracker,LipReading_BJ,10/21/2025,CJY,Recording8,10/18/2025,10/18/2025,10:09:23.595,02:09:23.595,431768,Timeline1,Tobii I-VT (Fixation),1.241.54219,1080,1920,10.0,3.7,2.3,2.7,0.31,0.19,0.23,13,8,10,4.3,4.1,3.4,0.38,0.36,0.3,16,15,12,7395352955,,,982,745,1000,749,964,742,0.09874,0.08713,-0.99129,-0.04107,0.08579,-0.99547,3.99,4.033,4.009,,,,Valid,Valid,226.2,163.0,476.6,283.4,162.1,475.0,273.7,204.9,263.8,203.0,0.5114,0.6901,0.5209,0.6932,0.502,0.6869,Screen Recording,Screen Recording Recording8.mp4,1920,1080,0,0,960,540,Fixation,2604,217,972,748,0.5063,0.6928,,,,,,,,,,,
95230857,472178224597,Eye Tracker,LipReading_BJ,10/21/2025,CJY,Recording8,10/18/2025,10/18/2025,10:09:23.595,02:09:23.595,431768,Timeline1,Tobii I-VT (Fixation),1.241.54219,1080,1920,10.0,3.7,2.3,2.7,0.31,0.19,0.23,13,8,10,4.3,4.1,3.4,0.38,0.36,0.3,16,15,12,7395356956,,,981,745,1003,744,960,746,0.10019,0.08459,-0.99137,-0.04325,0.08805,-0.99518,3.997,4.026,4.01,,,,Valid,Valid,226.2,163.0,476.5,283.4,162.1,475.0,274.4,203.7,262.7,204.1,0.5111,0.6899,0.5222,0.6891,0.5,0.6906,Screen Recording,Screen Recording Recording8.mp4,1920,1080,0,0,960,540,Fixation,2604,217,972,748,0.5063,0.6928,,,,,,,,,,,
95234856,472178228596,Eye Tracker,LipReading_BJ,10/21/2025,CJY,Recording8,10/18/2025,10/18/2025,10:09:23.595,02:09:23.595,431768,Timeline1,Tobii I-VT (Fixation),1.241.54219,1080,1920,10.0,3.7,2.3,2.7,0.31,0.19,0.23,13,8,10,4.3,4.1,3.4,0.38,0.36,0.3,16,15,12,7395360955,,,977,746,997,742,958,750,0.09709,0.08346,-0.99177,-0.0445,0.09014,-0.99493,3.996,4.028,4.015,,,,Valid,Valid,226.2,163.0,476.6,283.4,162.1,475.0,272.9,203.1,262.1,205.1,0.5091,0.6906,0.5193,0.6872,0.4989,0.694,Screen Recording,Screen Recording Recording8.mp4,1920,1080,0,0,960,540,Fixation,2604,217,972,748,0.5063,0.6928,,,,,,,,,,,
95238856,472178232596,Eye Tracker,LipReading_BJ,10/21/2025,CJY,Recording8,10/18/2025,10/18/2025,10:09:23.595,02:09:23.595,431768,Timeline1,Tobii I-VT (Fixation),1.241.54219,1080,1920,10.0,3.7,2.3,2.7,0.31,0.19,0.23,13,8,10,4.3,4.1,3.4,0.38,0.36,0.3,16,15,12,7395364955,,,980,746,999,751,961,741,0.09805,0.08859,-0.99123,-0.04246,0.0855,-0.99543,3.985,4.033,4.015,,,,Valid,Valid,226.2,163.0,476.5,283.4,162.1,475.1,273.4,205.6,263.1,202.9,0.5105,0.6911,0.5203,0.6957,0.5007,0.6865,Screen Recording,Screen Recording Recording8.mp4,1920,1080,0,0,960,540,Fixation,2604,217,972,748,0.5063,0.6928,,,,,,,,,,,
95242856,472178236596,Eye Tracker,LipReading_BJ,10/21/2025,CJY,Recording8,10/18/2025,10/18/2025,10:09:23.595,02:09:23.595,431768,Timeline1,Tobii I-VT (Fixation),1.241.54219,1080,1920,10.0,3.7,2.3,2.7,0.31,0.19,0.23,13,8,10,4.3,4.1,3.4,0.38,0.36,0.3,16,15,12,7395368955,,,979,750,995,749,962,752,0.09599,0.08731,-0.99155,-0.04194,0.0913,-0.99494,4.031,4.038,4.017,,,,Valid,Valid,226.2,163.0,476.6,283.4,162.1,475.1,272.4,205.0,263.3,205.7,0.5098,0.6948,0.5183,0.6936,0.5012,0.6959,Screen Recording,Screen Recording Recording8.mp4,1920,1080,0,0,960,540,Fixation,2604,217,972,748,0.5063,0.6928,,,,,,,,,,,
95246856,472178240596,Eye Tracker,LipReading_BJ,10/21/2025,CJY,Recording8,10/18/2025,10/18/2025,10:09:23.595,02:09:23.595,431768,Timeline1,Tobii I-VT (Fixation),1.241.54219,1080,1920,10.0,3.7,2.3,2.7,0.31,0.19,0.23,13,8,10,4.3,4.1,3.4,0.38,0.36,0.3,16,15,12,7395372955,,,982,747,997,748,966,746,0.09708,0.08673,-0.99149,-0.03979,0.08808,-0.99532,3.997,4.038,4.016,,,,Valid,Valid,226.2,163.1,476.5,283.4,162.1,475.1,272.9,204.7,264.4,204.2,0.5112,0.6917,0.5193,0.6927,0.5031,0.6907,Screen Recording,Screen Recording Recording8.mp4,1920,1080,0,0,960,540,Fixation,2604,217,972,748,0.5063,0.6928,,,,,,,,,,,
95250857,472178244597,Eye Tracker,LipReading_BJ,10/21/2025,CJY,Recording8,10/18/2025,10/18/2025,10:09:23.595,02:09:23.595,431768,Timeline1,Tobii I-VT (Fixation),1.241.54219,1080,1920,10.0,3.7,2.3,2.7,0.31,0.19,0.23,13,8,10,4.3,4.1,3.4,0.38,0.36,0.3,16,15,12,7395376956,,,978,748,1000,750,956,746,0.09881,0.08758,-0.99125,-0.04544,0.08828,-0.99506,3.977,4.04,4.016,,,,Valid,Valid,226.2,163.1,476.5,283.4,162.1,475.1,273.7,205.2,261.7,204.3,0.5094,0.6927,0.5209,0.6942,0.498,0.6911,Screen Recording,Screen Recording Recording8.mp4,1920,1080,0,0,960,540,Fixation,2604,217,972,748,0.5063,0.6928,,,,,,,,,,,
95254856,472178248596,Eye Tracker,LipReading_BJ,10/21/2025,CJY,Recording8,10/18/2025,10/18/2025,10:09:23.595,02:09:23.595,431768,Timeline1,Tobii I-VT (Fixation),1.241.54219,1080,1920,10.0,3.7,2.3,2.7,0.31,0.19,0.23,13,8,10,4.3,4.1,3.4,0.38,0.36,0.3,16,15,12,7395380955,,,981,751,1002,751,961,750,0.1,0.0882,-0.99107,-0.04287,0.09057,-0.99497,3.994,4.043,4.016,,,,Valid,Valid,226.2,163.1,476.5,283.3,162.1,475.1,274.3,205.5,262.9,205.4,0.5112,0.6951,0.522,0.6953,0.5003,0.6949,Screen Recording,Screen Recording Recording8.mp4,1920,1080,0,0,960,540,Fixation,2604,217,972,748,0.5063,0.6928,,,,,,,,,,,
95258856,472178252596,Eye Tracker,LipReading_BJ,10/21/2025,CJY,Recording8,10/18/2025,10/18/2025,10:09:23.595,02:09:23.595,431768,Timeline1,Tobii I-VT (Fixation),1.241.54219,1080,1920,10.0,3.7,2.3,2.7,0.31,0.19,0.23,13,8,10,4.3,4.1,3.4,0.38,0.36,0.3,16,15,12,7395384955,,,982,750,1001,745,963,755,0.09931,0.08471,-0.99144,-0.04168,0.09314,-0.99478,3.987,4.037,4.017,,,,Valid,Valid,226.2,163.1,476.5,283.3,162.1,475.1,273.9,203.8,263.4,206.6,0.5114,0.6943,0.5213,0.6895,0.5014,0.6991,Screen Recording,Screen Recording Recording8.mp4,1920,1080,0,0,960,540,Fixation,2604,217,972,748,0.5063,0.6928,,,,,,,,,,,
95262856,472178256596,Eye Tracker,LipReading_BJ,10/21/2025,CJY,Recording8,10/18/2025,10/18/2025,10:09:23.595,02:09:23.595,431768,Timeline1,Tobii I-VT (Fixation),1.241.54219,1080,1920,10.0,3.7,2.3,2.7,0.31,0.19,0.23,13,8,10,4.3,4.1,3.4,0.38,0.36,0.3,16,15,12,7395388955,,,984,746,1002,745,965,747,0.09987,0.0851,-0.99135,-0.04012,0.08851,-0.99527,4.018,4.035,4.027,,,,Valid,Valid,226.2,163.1,476.5,283.3,162.1,475.1,274.2,204.0,264.2,204.4,0.5123,0.6909,0.5219,0.6902,0.5028,0.6916,Screen Recording,Screen Recording Recording8.mp4,1920,1080,0,0,960,540,Fixation,2604,217,972,748,0.5063,0.6928,,,,,,,,,,,
95266856,472178260596,Eye Tracker,LipReading_BJ,10/21/2025,CJY,Recording8,10/18/2025,10/18/2025,10:09:23.595,02:09:23.595,431768,Timeline1,Tobii I-VT (Fixation),1.241.54219,1080,1920,10.0,3.7,2.3,2.7,0.31,0.19,0.23,13,8,10,4.3,4.1,3.4,0.38,0.36,0.3,16,15,12,7395392955,,,983,751,998,751,969,752,0.09736,0.08822,-0.99133,-0.03772,0.09146,-0.99509,4.011,4.054,4.032,,,,Valid,Valid,226.2,163.1,476.5,283.3,162.1,475.1,273.0,205.5,265.3,205.8,0.5122,0.6958,0.5195,0.6953,0.5049,0.6964,Screen Recording,Screen Recording Recording8.mp4,1920,1080,0,0,960,540,Fixation,2604,217,972,748,0.5063,0.6928,,,,,,,,,,,
95270857,472178264597,Eye Tracker,LipReading_BJ,10/21/2025,CJY,Recording8,10/18/2025,10/18/2025,10:09:23.595,02:09:23.595,431768,Timeline1,Tobii I-VT (Fixation),1.241.54219,1080,1920,10.0,3.7,2.3,2.7,0.31,0.19,0.23,13,8,10,4.3,4.1,3.4,0.38,0.36,0.3,16,15,12,7395396956,,,982,750,1003,748,961,753,0.10028,0.08649,-0.99119,-0.04246,0.09167,-0.99488,4.013,4.062,4.036,,,,Valid,Valid,226.2,163.1,476.5,283.3,162.2,475.1,274.4,204.7,263.0,205.9,0.5114,0.6946,0.5222,0.6925,0.5006,0.6968,Screen Recording,Screen Recording Recording8.mp4,1920,1080,0,0,960,540,Fixation,2604,217,972,748,0.5063,0.6928,,,,,,,,,,,
95274855,472178268595,Eye Tracker,LipReading_BJ,10/21/2025,CJY,Recording8,10/18/2025,10/18/2025,10:09:23.595,02:09:23.595,431768,Timeline1,Tobii I-VT (Fixation),1.241.54219,1080,1920,10.0,3.7,2.3,2.7,0.31,0.19,0.23,13,8,10,4.3,4.1,3.4,0.38,0.36,0.3,16,15,12,7395400955,,,960,750,,,960,750,,,,-0.04334,0.09012,-0.99499,,4.05,4.034,,,,Invalid,Valid,,,,283.3,162.2,475.1,,,262.6,205.2,0.4998,0.6943,,,0.4998,0.6943,Screen Recording,Screen Recording Recording8.mp4,1920,1080,0,0,960,540,Fixation,2604,217,972,748,0.5063,0.6928,,,,,,,,,,,
95278857,472178272597,Eye Tracker,LipReading_BJ,10/21/2025,CJY,Recording8,10/18/2025,10/18/2025,10:09:23.595,02:09:23.595,431768,Timeline1,Tobii I-VT (Fixation),1.241.54219,1080,1920,10.0,3.7,2.3,2.7,0.31,0.19,0.23,13,8,10,4.3,4.1,3.4,0.38,0.36,0.3,16,15,12,7395404957,,,980,751,998,750,963,751,0.09786,0.08767,-0.99133,-0.04166,0.09107,-0.99497,4.023,4.072,4.037,,,,Valid,Valid,226.2,163.1,476.6,283.3,162.2,475.1,273.2,205.2,263.4,205.7,0.5106,0.6951,0.52,0.6944,0.5013,0.6958,Screen Recording,Screen Recording Recording8.mp4,1920,1080,0,0,960,540,Fixation,2604,217,972,748,0.5063,0.6928,,,,,,,,,,,
95282857,472178276597,Eye Tracker,LipReading_BJ,10/21/2025,CJY,Recording8,10/18/2025,10/18/2025,10:09:23.595,02:09:23.595,431768,Timeline1,Tobii I-VT (Fixation),1.241.54219,1080,1920,10.0,3.7,2.3,2.7,0.31,0.19,0.23,13,8,10,4.3,4.1,3.4,0.38,0.36,0.3,16,15,12,7395408957,,,978,753,1002,752,953,753,0.1,0.08894,-0.991,-0.04703,0.09208,-0.99464,3.998,4.043,4.04,,,,Valid,Valid,226.2,163.1,476.5,283.3,162.2,475.1,274.3,205.9,260.8,206.1,0.5092,0.697,0.5219,0.6965,0.4964,0.6975,Screen Recording,Screen Recording Recording8.mp4,1920,1080,0,0,960,540,Fixation,2604,217,972,748,0.5063,0.6928,,,,,,,,,,,
95286857,472178280597,Eye Tracker,LipReading_BJ,10/21/2025,CJY,Recording8,10/18/2025,10/18/2025,10:09:23.595,02:09:23.595,431768,Timeline1,Tobii I-VT (Fixation),1.241.54219,1080,1920,10.0,3.7,2.3,2.7,0.31,0.19,0.23,13,8,10,4.3,4.1,3.4,0.38,0.36,0.3,16,15,12,7395412957,,,982,751,1003,755,961,747,0.10024,0.09038,-0.99085,-0.04234,0.0886,-0.99517,4.01,4.061,4.044,,,,Valid,Valid,226.2,163.1,476.6,283.3,162.2,475.1,274.4,206.6,263.1,204.5,0.5114,0.6953,0.5222,0.6989,0.5007,0.6918,Screen Recording,Screen Recording Recording8.mp4,1920,1080,0,0,960,540,Fixation,2604,217,972,748,0.5063,0.6928,,,,,,,,,,,
95290858,472178284598,Eye Tracker,LipReading_BJ,10/21/2025,CJY,Recording8,10/18/2025,10/18/2025,10:09:23.595,02:09:23.595,431768,Timeline1,Tobii I-VT (Fixation),1.241.54219,1080,1920,10.0,3.7,2.3,2.7,0.31,0.19,0.23,13,8,10,4.3,4.1,3.4,0.38,0.36,0.3,16,15,12,7395416958,,,985,751,1007,749,964,752,0.1029,0.08739,-0.99085,-0.04106,0.09146,-0.99496,4.024,4.085,4.04,,,,Valid,Valid,226.2,163.1,476.6,283.3,162.2,475.1,275.7,205.1,263.7,205.8,0.5132,0.6952,0.5246,0.6939,0.5018,0.6964,Screen Recording,Screen Recording Recording8.mp4,1920,1080,0,0,960,540,Fixation,2604,217,972,748,0.5063,0.6928,,,,,,,,,,,
95294857,472178288597,Eye Tracker,LipReading_BJ,10/21/2025,CJY,Recording8,10/18/2025,10/18/2025,10:09:23.595,02:09:23.595,431768,Timeline1,Tobii I-VT (Fixation),1.241.54219,1080,1920,10.0,3.7,2.3,2.7,0.31,0.19,0.23,13,8,10,4.3,4.1,3.4,0.38,0.36,0.3,16,15,12,7395420957,,,977,749,994,752,960,746,0.0953,0.08876,-0.99148,-0.0431,0.08776,-0.99521,4.03,4.064,4.052,,,,Valid,Valid,226.2,163.1,476.6,283.3,162.1,475.1,272.0,205.7,262.7,204.0,0.5088,0.6932,0.5176,0.696,0.5,0.6903,Screen Recording,Screen Recording Recording8.mp4,1920,1080,0,0,960,540,Fixation,2604,217,972,748,0.5063,0.6928,,,,,,,,,,,
95298857,472178292597,Eye Tracker,LipReading_BJ,10/21/2025,CJY,Recording8,10/18/2025,10/18/2025,10:09:23.595,02:09:23.595,431768,Timeline1,Tobii I-VT (Fixation),1.241.54219,1080,1920,10.0,3.7,2.3,2.7,0.31,0.19,0.23,13,8,10,4.3,4.1,3.4,0.38,0.36,0.3,16,15,12,7395424957,,,980,753,1003,751,958,755,0.10051,0.08855,-0.99099,-0.0445,0.09324,-0.99465,4.017,4.08,4.052,,,,Valid,Valid,226.2,163.1,476.6,283.3,162.1,475.1,274.5,205.6,262.0,206.7,0.5106,0.6975,0.5224,0.6958,0.4987,0.6992,Screen Recording,Screen Recording Recording8.mp4,1920,1080,0,0,960,540,Fixation,2604,217,972,748,0.5063,0.6928,,,,,,,,,,,
95302857,472178296597,Eye Tracker,LipReading_BJ,10/21/2025,CJY,Recording8,10/18/2025,10/18/2025,10:09:23.595,02:09:23.595,431768,Timeline1,Tobii I-VT (Fixation),1.241.54219,1080,1920,10.0,3.7,2.3,2.7,0.31,0.19,0.23,13,8,10,4.3,4.1,3.4,0.38,0.36,0.3,16,15,12,7395428957,,,977,748,991,745,963,751,0.09373,0.08517,-0.99195,-0.04135,0.0907,-0.99502,4.027,4.079,4.046,,,,Valid,Valid,226.2,163.0,476.7,283.3,162.1,475.2,271.2,204.0,263.6,205.4,0.5089,0.6925,0.5161,0.6901,0.5016,0.695,Screen Recording,Screen Recording Recording8.mp4,1920,1080,0,0,960,540,Fixation,2604,217,972,748,0.5063,0.6928,,,,,,,,,,,
95306857,472178300597,Eye Tracker,LipReading_BJ,10/21/2025,CJY,Recording8,10/18/2025,10/18/2025,10:09:23.595,02:09:23.595,431768,Timeline1,Tobii I-VT (Fixation),1.241.54219,1080,1920,10.0,3.7,2.3,2.7,0.31,0.19,0.23,13,8,10,4.3,4.1,3.4,0.38,0.36,0.3,16,15,12,7395432957,,,983,749,1003,748,962,749,0.10074,0.0869,-0.99111,-0.0421,0.09,-0.99505,4.024,4.044,4.044,,,,Valid,Valid,226.2,163.0,476.6,283.3,162.1,475.1,274.6,204.8,263.2,205.1,0.5118,0.6934,0.5226,0.693,0.5009,0.6939,Screen Recording,Screen Recording Recording8.mp4,1920,1080,0,0,960,540,Fixation,2604,217,972,748,0.5063,0.6928,,,,,,,,,,,
95310858,472178304598,Eye Tracker,LipReading_BJ,10/21/2025,CJY,Recording8,10/18/2025,10/18/2025,10:09:23.595,02:09:23.595,431768,Timeline1,Tobii I-VT (Fixation),1.241.54219,1080,1920,10.0,3.7,2.3,2.7,0.31,0.19,0.23,13,8,10,4.3,4.1,3.4,0.38,0.36,0.3,16,15,12,7395436958,,,978,750,1003,750,954,749,0.10023,0.08808,-0.99106,-0.04654,0.08992,-0.99486,4.028,4.053,4.044,,,,Valid,Valid,226.2,163.0,476.6,283.3,162.1,475.1,274.4,205.4,261.1,205.1,0.5096,0.6943,0.5222,0.6949,0.4969,0.6938,Screen Recording,Screen Recording Recording8.mp4,1920,1080,0,0,960,540,Fixation,2604,217,972,748,0.5063,0.6928,,,,,,,,,,,
95314857,472178308597,Eye Tracker,LipReading_BJ,10/21/2025,CJY,Recording8,10/18/2025,10/18/2025,10:09:23.595,02:09:23.595,431768,Timeline1,Tobii I-VT (Fixation),1.241.54219,1080,1920,10.0,3.7,2.3,2.7,0.31,0.19,0.23,13,8,10,4.3,4.1,3.4,0.38,0.36,0.3,16,15,12,7395440957,,,977,748,999,752,955,744,0.09821,0.08907,-0.99117,-0.04579,0.0871,-0.99515,4.029,4.061,4.044,,,,Valid,Valid,226.2,163.0,476.6,283.3,162.1,475.1,273.4,205.8,261.5,203.7,0.509,0.6928,0.5204,0.6965,0.4976,0.6892,Screen Recording,Screen Recording Recording8.mp4,1920,1080,0,0,960,540,Fixation,2604,217,972,748,0.5063,0.6928,,,,,,,,,,,
95318857,472178312597,Eye Tracker,LipReading_BJ,10/21/2025,CJY,Recording8,10/18/2025,10/18/2025,10:09:23.595,02:09:23.595,431768,Timeline1,Tobii I-VT (Fixation),1.241.54219,1080,1920,10.0,3.7,2.3,2.7,0.31,0.19,0.23,13,8,10,4.3,4.1,3.4,0.38,0.36,0.3,16,15,12,7395444957,,,975,754,993,756,957,753,0.09494,0.09131,-0.99129,-0.04482,0.09207,-0.99474,4.017,4.069,4.046,,,,Valid,Valid,226.2,163.0,476.7,283.3,162.1,475.2,271.9,206.9,261.9,206.1,0.5079,0.6986,0.5174,0.7,0.4985,0.6972,Screen Recording,Screen Recording Recording8.mp4,1920,1080,0,0,960,540,Fixation,2604,217,972,748,0.5063,0.6928,,,,,,,,,,,
95322857,472178316597,Eye Tracker,LipReading_BJ,10/21/2025,CJY,Recording8,10/18/2025,10/18/2025,10:09:23.595,02:09:23.595,431768,Timeline1,Tobii I-VT (Fixation),1.241.54219,1080,1920,10.0,3.7,2.3,2.7,0.31,0.19,0.23,13,8,10,4.3,4.1,3.4,0.38,0.36,0.3,16,15,12,7395448957,,,977,751,993,756,961,746,0.09479,0.09132,-0.9913,-0.04281,0.08808,-0.99519,4.034,4.063,4.052,,,,Valid,Valid,226.2,163.0,476.6,283.3,162.1,475.2,271.8,206.9,262.9,204.1,0.5088,0.6953,0.5173,0.7,0.5004,0.6906,Screen Recording,Screen Recording Recording8.mp4,1920,1080,0,0,960,540,Fixation,2604,217,972,748,0.5063,0.6928,,,,,,,,,,,
95326857,472178320597,Eye Tracker,LipReading_BJ,10/21/2025,CJY,Recording8,10/18/2025,10/18/2025,10:09:23.595,02:09:23.595,431768,Timeline1,Tobii I-VT (Fixation),1.241.54219,1080,1920,10.0,3.7,2.3,2.7,0.31,0.19,0.23,13,8,10,4.3,4.1,3.4,0.38,0.36,0.3,16,15,12,7395452957,,,977,749,999,751,956,748,0.09827,0.08827,-0.99124,-0.04572,0.08905,-0.99498,4.054,4.079,4.061,,,,Valid,Valid,226.2,163.0,476.6,283.4,162.1,475.2,273.5,205.4,261.5,204.6,0.5091,0.6937,0.5205,0.6951,0.4977,0.6922,Screen Recording,Screen Recording Recording8.mp4,1920,1080,0,0,960,540,Fixation,2604,217,972,748,0.5063,0.6928,,,,,,,,,,,
95330858,472178324598,Eye Tracker,LipReading_BJ,10/21/2025,CJY,Recording8,10/18/2025,10/18/2025,10:09:23.595,02:09:23.595,431768,Timeline1,Tobii I-VT (Fixation),1.241.54219,1080,1920,10.0,3.7,2.3,2.7,0.31,0.19,0.23,13,8,10,4.3,4.1,3.4,0.38,0.36,0.3,16,15,12,7395456958,,,978,750,999,746,957,754,0.09821,0.08546,-0.99149,-0.04473,0.09254,-0.9947,4.043,4.089,4.063,,,,Valid,Valid,226.2,163.0,476.6,283.4,162.1,475.1,273.5,204.1,262.0,206.3,0.5095,0.6942,0.5204,0.6905,0.4986,0.6979,Screen Recording,Screen Recording Recording8.mp4,1920,1080,0,0,960,540,Fixation,2604,217,972,748,0.5063,0.6928,,,,,,,,,,,
95334857,472178328597,Eye Tracker,LipReading_BJ,10/21/2025,CJY,Recording8,10/18/2025,10/18/2025,10:09:23.595,02:09:23.595,431768,Timeline1,Tobii I-VT (Fixation),1.241.54219,1080,1920,10.0,3.7,2.3,2.7,0.31,0.19,0.23,13,8,10,4.3,4.1,3.4,0.38,0.36,0.3,16,15,12,7395460957,,,981,746,1004,740,958,751,0.10065,0.08212,-0.99153,-0.04462,0.09124,-0.99483,4.052,4.092,4.063,,,,Valid,Valid,226.3,163.0,476.6,283.4,162.1,475.2,274.6,202.5,262.1,205.7,0.5107,0.6904,0.5227,0.6851,0.4988,0.6958,Screen Recording,Screen Recording Recording8.mp4,1920,1080,0,0,960,540,Fixation,2604,217,972,748,0.5063,0.6928,,,,,,,,,,,
95338857,472178332597,Eye Tracker,LipReading_BJ,10/21/2025,CJY,Recording8,10/18/2025,10/18/2025,10:09:23.595,02:09:23.595,431768,Timeline1,Tobii I-VT (Fixation),1.241.54219,1080,1920,10.0,3.7,2.3,2.7,0.31,0.19,0.23,13,8,10,4.3,4.1,3.4,0.38,0.36,0.3,16,15,12,7395464957,,,982,746,1004,747,960,745,0.10111,0.08603,-0.99115,-0.04305,0.08758,-0.99523,4.047,4.062,4.063,,,,Valid,Valid,226.3,163.0,476.6,283.4,162.1,475.1,274.9,204.4,262.9,203.9,0.5117,0.6907,0.5232,0.6915,0.5002,0.6899,Screen Recording,Screen Recording Recording8.mp4,1920,1080,0,0,960,540,Fixation,2604,217,972,748,0.5063,0.6928,,,,,,,,,,,
95342857,472178336597,Eye Tracker,LipReading_BJ,10/21/2025,CJY,Recording8,10/18/2025,10/18/2025,10:09:23.595,02:09:23.595,431768,Timeline1,Tobii I-VT (Fixation),1.241.54219,1080,1920,10.0,3.7,2.3,2.7,0.31,0.19,0.23,13,8,10,4.3,4.1,3.4,0.38,0.36,0.3,16,15,12,7395468957,,,982,748,1005,749,959,746,0.10135,0.08715,-0.99103,-0.04391,0.08836,-0.99512,4.043,4.073,4.066,,,,Valid,Valid,226.3,163.0,476.6,283.4,162.1,475.1,275.0,204.9,262.4,204.3,0.5114,0.6923,0.5234,0.6933,0.4995,0.6912,Screen Recording,Screen Recording Recording8.mp4,1920,1080,0,0,960,540,Fixation,2604,217,972,748,0.5063,0.6928,,,,,,,,,,,
95346857,472178340597,Eye Tracker,LipReading_BJ,10/21/2025,CJY,Recording8,10/18/2025,10/18/2025,10:09:23.595,02:09:23.595,431768,Timeline1,Tobii I-VT (Fixation),1.241.54219,1080,1920,10.0,3.7,2.3,2.7,0.31,0.19,0.23,13,8,10,4.3,4.1,3.4,0.38,0.36,0.3,16,15,12,7395472957,,,980,751,1002,749,958,752,0.09984,0.08711,-0.99118,-0.04439,0.09173,-0.99479,4.056,4.08,4.063,,,,Valid,Valid,226.3,163.0,476.7,283.4,162.1,475.1,274.3,204.9,262.2,205.9,0.5106,0.6949,0.522,0.6932,0.4991,0.6967,Screen Recording,Screen Recording Recording8.mp4,1920,1080,0,0,960,540,Fixation,2604,217,972,748,0.5063,0.6928,,,,,,,,,,,
95350858,472178344598,Eye Tracker,LipReading_BJ,10/21/2025,CJY,Recording8,10/18/2025,10/18/2025,10:09:23.595,02:09:23.595,431768,Timeline1,Tobii I-VT (Fixation),1.241.54219,1080,1920,10.0,3.7,2.3,2.7,0.31,0.19,0.23,13,8,10,4.3,4.1,3.4,0.38,0.36,0.3,16,15,12,7395476958,,,977,745,1001,746,954,745,0.09904,0.08538,-0.99141,-0.04689,0.08724,-0.99508,4.074,4.09,4.068,,,,Valid,Valid,226.3,163.0,476.7,283.4,162.1,475.1,273.9,204.1,261.1,203.8,0.5091,0.6899,0.5213,0.6904,0.4968,0.6894,Screen Recording,Screen Recording Recording8.mp4,1920,1080,0,0,960,540,Fixation,2604,217,972,748,0.5063,0.6928,,,,,,,,,,,
95354857,472178348597,Eye Tracker,LipReading_BJ,10/21/2025,CJY,Recording8,10/18/2025,10/18/2025,10:09:23.595,02:09:23.595,431768,Timeline1,Tobii I-VT (Fixation),1.241.54219,1080,1920,10.0,3.7,2.3,2.7,0.31,0.19,0.23,13,8,10,4.3,4.1,3.4,0.38,0.36,0.3,16,15,12,7395480957,,,973,747,998,748,948,746,0.09741,0.08654,-0.99147,-0.0501,0.08812,-0.99485,4.046,4.083,4.073,,,,Valid,Valid,226.3,163.0,476.7,283.5,162.1,475.2,273.2,204.6,259.5,204.2,0.5069,0.6915,0.5199,0.6923,0.4939,0.6908,Screen Recording,Screen Recording Recording8.mp4,1920,1080,0,0,960,540,Fixation,2604,217,972,748,0.5063,0.6928,,,,,,,,,,,
95358857,472178352597,Eye Tracker,LipReading_BJ,10/21/2025,CJY,Recording8,10/18/2025,10/18/2025,10:09:23.595,02:09:23.595,431768,Timeline1,Tobii I-VT (Fixation),1.241.54219,1080,1920,10.0,3.7,2.3,2.7,0.31,0.19,0.23,13,8,10,4.3,4.1,3.4,0.38,0.36,0.3,16,15,12,7395484957,,,978,754,995,755,961,752,0.09581,0.09095,-0.99124,-0.04268,0.09145,-0.99489,4.053,4.092,4.077,,,,Valid,Valid,226.3,163.0,476.7,283.5,162.1,475.2,272.4,206.7,263.1,205.8,0.5096,0.6979,0.5184,0.6995,0.5007,0.6962,Screen Recording,Screen Recording Recording8.mp4,1920,1080,0,0,960,540,Fixation,2604,217,972,748,0.5063,0.6928,,,,,,,,,,,
95362857,472178356597,Eye Tracker,LipReading_BJ,10/21/2025,CJY,Recording8,10/18/2025,10/18/2025,10:09:23.595,02:09:23.595,431768,Timeline1,Tobii I-VT (Fixation),1.241.54219,1080,1920,10.0,3.7,2.3,2.7,0.31,0.19,0.23,13,8,10,4.3,4.1,3.4,0.38,0.36,0.3,16,15,12,7395488957,,,977,746,1000,745,954,746,0.09833,0.0852,-0.9915,-0.04694,0.08813,-0.995,4.072,4.111,4.073,,,,Valid,Valid,226.3,163.0,476.7,283.5,162.1,475.2,273.6,204.0,261.1,204.2,0.5088,0.6905,0.5207,0.6901,0.4968,0.6909,Screen Recording,Screen Recording Recording8.mp4,1920,1080,0,0,960,540,Fixation,2604,217,972,748,0.5063,0.6928,,,,,,,,,,,
95366857,472178360597,Eye Tracker,LipReading_BJ,10/21/2025,CJY,Recording8,10/18/2025,10/18/2025,10:09:23.595,02:09:23.595,431768,Timeline1,Tobii I-VT (Fixation),1.241.54219,1080,1920,10.0,3.7,2.3,2.7,0.31,0.19,0.23,13,8,10,4.3,4.1,3.4,0.38,0.36,0.3,16,15,12,7395492957,,,977,751,1002,752,953,749,0.09933,0.08899,-0.99107,-0.04769,0.08993,-0.99481,4.064,4.089,4.074,,,,Valid,Valid,226.3,163.0,476.7,283.5,162.1,475.2,274.1,205.8,260.7,205.1,0.5089,0.6951,0.5217,0.6964,0.4961,0.6938,Screen Recording,Screen Recording Recording8.mp4,1920,1080,0,0,960,540,Fixation,2604,217,972,748,0.5063,0.6928,,,,,,,,,,,
95370858,472178364598,Eye Tracker,LipReading_BJ,10/21/2025,CJY,Recording8,10/18/2025,10/18/2025,10:09:23.595,02:09:23.595,431768,Timeline1,Tobii I-VT (Fixation),1.241.54219,1080,1920,10.0,3.7,2.3,2.7,0.31,0.19,0.23,13,8,10,4.3,4.1,3.4,0.38,0.36,0.3,16,15,12,7395496958,,,976,753,996,757,956,749,0.09582,0.0919,-0.99115,-0.04599,0.0898,-0.9949,4.025,4.096,4.078,,,,Valid,Valid,226.4,163.0,476.7,283.5,162.1,475.2,272.4,207.2,261.5,205.0,0.5081,0.6974,0.5185,0.7011,0.4977,0.6936,Screen Recording,Screen Recording Recording8.mp4,1920,1080,0,0,960,540,Fixation,2604,217,972,748,0.5063,0.6928,,,,,,,,,,,
95374856,472178368596,Eye Tracker,LipReading_BJ,10/21/2025,CJY,Recording8,10/18/2025,10/18/2025,10:09:23.595,02:09:23.595,431768,Timeline1,Tobii I-VT (Fixation),1.241.54219,1080,1920,10.0,3.7,2.3,2.7,0.31,0.19,0.23,13,8,10,4.3,4.1,3.4,0.38,0.36,0.3,16,15,12,7395500957,,,977,758,991,760,962,756,0.09331,0.09325,-0.99126,-0.04232,0.09401,-0.99467,4.036,4.101,4.069,,,,Valid,Valid,226.4,163.0,476.7,283.5,162.1,475.3,271.2,207.9,263.3,207.0,0.5086,0.7019,0.5162,0.7033,0.501,0.7004,Screen Recording,Screen Recording Recording8.mp4,1920,1080,0,0,960,540,Fixation,2604,217,972,748,0.5063,0.6928,,,,,,,,,,,
95378856,472178372596,Eye Tracker,LipReading_BJ,10/21/2025,CJY,Recording8,10/18/2025,10/18/2025,10:09:23.595,02:09:23.595,431768,Timeline1,Tobii I-VT (Fixation),1.241.54219,1080,1920,10.0,3.7,2.3,2.7,0.31,0.19,0.23,13,8,10,4.3,4.1,3.4,0.38,0.36,0.3,16,15,12,7395504957,,,978,751,993,751,964,751,0.09435,0.0881,-0.99163,-0.04143,0.09082,-0.995,4.056,4.106,4.069,,,,Valid,Valid,226.4,163.0,476.7,283.5,162.1,475.3,271.7,205.4,263.7,205.5,0.5095,0.6951,0.5171,0.6949,0.5019,0.6952,Screen Recording,Screen Recording Recording8.mp4,1920,1080,0,0,960,540,Fixation,2604,217,972,748,0.5063,0.6928,,,,,,,,,,,
95382856,472178376596,Eye Tracker,LipReading_BJ,10/21/2025,CJY,Recording8,10/18/2025,10/18/2025,10:09:23.595,02:09:23.595,431768,Timeline1,Tobii I-VT (Fixation),1.241.54219,1080,1920,10.0,3.7,2.3,2.7,0.31,0.19,0.23,13,8,10,4.3,4.1,3.4,0.38,0.36,0.3,16,15,12,7395508957,,,980,748,999,747,960,750,0.09805,0.08616,-0.99144,-0.04329,0.09006,-0.995,4.042,4.095,4.078,,,,Valid,Valid,226.4,163.0,476.8,283.5,162.1,475.3,273.5,204.5,262.8,205.1,0.5104,0.6929,0.5205,0.6918,0.5002,0.694,Screen Recording,Screen Recording Recording8.mp4,1920,1080,0,0,960,540,Fixation,2604,217,972,748,0.5063,0.6928,,,,,,,,,,,
95386856,472178380596,Eye Tracker,LipReading_BJ,10/21/2025,CJY,Recording8,10/18/2025,10/18/2025,10:09:23.595,02:09:23.595,431768,Timeline1,Tobii I-VT (Fixation),1.241.54219,1080,1920,10.0,3.7,2.3,2.7,0.31,0.19,0.23,13,8,10,4.3,4.1,3.4,0.38,0.36,0.3,16,15,12,7395512957,,,978,750,1001,752,955,748,0.09915,0.08898,-0.99109,-0.04627,0.08891,-0.99496,4.072,4.093,4.082,,,,Valid,Valid,226.4,163.0,476.8,283.5,162.1,475.3,274.1,205.8,261.4,204.6,0.5095,0.6943,0.5216,0.6964,0.4975,0.6922,Screen Recording,Screen Recording Recording8.mp4,1920,1080,0,0,960,540,Fixation,2604,217,972,748,0.5063,0.6928,,,,,,,,,,,
95390857,472178384597,Eye Tracker,LipReading_BJ,10/21/2025,CJY,Recording8,10/18/2025,10/18/2025,10:09:23.595,02:09:23.595,431768,Timeline1,Tobii I-VT (Fixation),1.241.54219,1080,1920,10.0,3.7,2.3,2.7,0.31,0.19,0.23,13,8,10,4.3,4.1,3.4,0.38,0.36,0.3,16,15,12,7395516958,,,979,754,997,757,961,750,0.09635,0.09183,-0.9911,-0.04267,0.0903,-0.995,4.061,4.115,4.085,,,,Valid,Valid,226.4,163.0,476.7,283.5,162.1,475.3,272.7,207.2,263.1,205.2,0.5099,0.6978,0.519,0.7011,0.5007,0.6944,Screen Recording,Screen Recording Recording8.mp4,1920,1080,0,0,960,540,Fixation,2604,217,972,748,0.5063,0.6928,,,,,,,,,,,
95394856,472178388596,Eye Tracker,LipReading_BJ,10/21/2025,CJY,Recording8,10/18/2025,10/18/2025,10:09:23.595,02:09:23.595,431768,Timeline1,Tobii I-VT (Fixation),1.241.54219,1080,1920,10.0,3.7,2.3,2.7,0.31,0.19,0.23,13,8,10,4.3,4.1,3.4,0.38,0.36,0.3,16,15,12,7395520957,,,980,753,1000,749,961,756,0.09826,0.08737,-0.99132,-0.04289,0.09399,-0.99465,4.058,4.137,4.085,,,,Valid,Valid,226.4,163.0,476.8,283.5,162.1,475.3,273.6,205.1,263.0,207.0,0.5106,0.6971,0.5207,0.6938,0.5005,0.7005,Screen Recording,Screen Recording Recording8.mp4,1920,1080,0,0,960,540,Fixation,2604,217,972,748,0.5063,0.6928,,,,,,,,,,,
95398856,472178392596,Eye Tracker,LipReading_BJ,10/21/2025,CJY,Recording8,10/18/2025,10/18/2025,10:09:23.595,02:09:23.595,431768,Timeline1,Tobii I-VT (Fixation),1.241.54219,1080,1920,10.0,3.7,2.3,2.7,0.31,0.19,0.23,13,8,10,4.3,4.1,3.4,0.38,0.36,0.3,16,15,12,7395524957,,,975,749,998,744,952,754,0.0973,0.0843,-0.99168,-0.0481,0.09272,-0.99453,4.058,4.112,4.085,,,,Valid,Valid,226.4,163.0,476.8,283.5,162.1,475.3,273.1,203.6,260.5,206.4,0.5078,0.6936,0.5198,0.6888,0.4958,0.6985,Screen Recording,Screen Recording Recording8.mp4,1920,1080,0,0,960,540,Fixation,2604,217,972,748,0.5063,0.6928,,,,,,,,,,,
95402856,472178396596,Eye Tracker,LipReading_BJ,10/21/2025,CJY,Recording8,10/18/2025,10/18/2025,10:09:23.595,02:09:23.595,431768,Timeline1,Tobii I-VT (Fixation),1.241.54219,1080,1920,10.0,3.7,2.3,2.7,0.31,0.19,0.23,13,8,10,4.3,4.1,3.4,0.38,0.36,0.3,16,15,12,7395528957,,,976,753,993,760,960,746,0.09426,0.09323,-0.99117,-0.04367,0.08794,-0.99517,4.03,4.095,4.085,,,,Valid,Valid,226.4,163.0,476.8,283.5,162.1,475.3,271.7,207.9,262.6,204.1,0.5085,0.697,0.5171,0.7033,0.4998,0.6906,Screen Recording,Screen Recording Recording8.mp4,1920,1080,0,0,960,540,Fixation,2604,217,972,748,0.5063,0.6928,,,,,,,,,,,
95406856,472178400596,Eye Tracker,LipReading_BJ,10/21/2025,CJY,Recording8,10/18/2025,10/18/2025,10:09:23.595,02:09:23.595,431768,Timeline1,Tobii I-VT (Fixation),1.241.54219,1080,1920,10.0,3.7,2.3,2.7,0.31,0.19,0.23,13,8,10,4.3,4.1,3.4,0.38,0.36,0.3,16,15,12,7395532957,,,978,748,999,751,957,745,0.0976,0.08822,-0.99131,-0.04502,0.08761,-0.99514,4.073,4.11,4.089,,,,Valid,Valid,226.4,163.0,476.8,283.5,162.1,475.3,273.3,205.5,262.0,204.0,0.5094,0.6926,0.5201,0.6952,0.4986,0.6901,Screen Recording,Screen Recording Recording8.mp4,1920,1080,0,0,960,540,Fixation,2604,217,972,748,0.5063,0.6928,,,,,,,,,,,
95410852,472178404592,Eye Tracker,LipReading_BJ,10/21/2025,CJY,Recording8,10/18/2025,10/18/2025,10:09:23.595,02:09:23.595,431768,Timeline1,Tobii I-VT (Fixation),1.241.54219,1080,1920,10.0,3.7,2.3,2.7,0.31,0.19,0.23,13,8,10,4.3,4.1,3.4,0.38,0.36,0.3,16,15,12,7395536953,,,977,752,996,753,958,750,0.09612,0.08958,-0.99133,-0.04437,0.09034,-0.99492,4.066,4.124,4.092,,,,Valid,Valid,226.3,163.0,476.8,283.5,162.1,475.3,272.6,206.1,262.3,205.3,0.509,0.696,0.5187,0.6974,0.4992,0.6946,Screen Recording,Screen Recording Recording8.mp4,1920,1080,0,0,960,540,Fixation,2604,217,972,748,0.5063,0.6928,,,,,,,,,,,
95414851,472178408591,Eye Tracker,LipReading_BJ,10/21/2025,CJY,Recording8,10/18/2025,10/18/2025,10:09:23.595,02:09:23.595,431768,Timeline1,Tobii I-VT (Fixation),1.241.54219,1080,1920,10.0,3.7,2.3,2.7,0.31,0.19,0.23,13,8,10,4.3,4.1,3.4,0.38,0.36,0.3,16,15,12,7395540952,,,976,749,998,748,955,750,0.09702,0.0865,-0.99152,-0.04626,0.09002,-0.99486,4.084,4.123,4.098,,,,Valid,Valid,226.3,163.0,476.8,283.5,162.1,475.3,273.0,204.6,261.4,205.1,0.5085,0.6932,0.5196,0.6923,0.4974,0.694,Screen Recording,Screen Recording Recording8.mp4,1920,1080,0,0,960,540,Fixation,2604,217,972,748,0.5063,0.6928,,,,,,,,,,,
95418851,472178412591,Eye Tracker,LipReading_BJ,10/21/2025,CJY,Recording8,10/18/2025,10/18/2025,10:09:23.595,02:09:23.595,431768,Timeline1,Tobii I-VT (Fixation),1.241.54219,1080,1920,10.0,3.7,2.3,2.7,0.31,0.19,0.23,13,8,10,4.3,4.1,3.4,0.38,0.36,0.3,16,15,12,7395544952,,,976,751,1000,747,952,756,0.0984,0.08583,-0.99144,-0.04813,0.09373,-0.99443,4.09,4.09,4.098,,,,Valid,Valid,226.3,163.0,476.8,283.5,162.1,475.2,273.7,204.3,260.5,206.9,0.5083,0.6957,0.5208,0.6912,0.4957,0.7001,Screen Recording,Screen Recording Recording8.mp4,1920,1080,0,0,960,540,Fixation,2604,217,972,748,0.5063,0.6928,,,,,,,,,,,
95422851,472178416591,Eye Tracker,LipReading_BJ,10/21/2025,CJY,Recording8,10/18/2025,10/18/2025,10:09:23.595,02:09:23.595,431768,Timeline1,Tobii I-VT (Fixation),1.241.54219,1080,1920,10.0,3.7,2.3,2.7,0.31,0.19,0.23,13,8,10,4.3,4.1,3.4,0.38,0.36,0.3,16,15,12,7395548952,,,975,747,994,753,957,741,0.09479,0.0893,-0.99148,-0.04517,0.08522,-0.99534,4.056,4.132,4.097,,,,Valid,Valid,226.3,163.0,476.8,283.5,162.1,475.2,271.9,206.0,261.9,202.8,0.508,0.6915,0.5175,0.6969,0.4984,0.6862,Screen Recording,Screen Recording Recording8.mp4,1920,1080,0,0,960,540,Fixation,2604,217,972,748,0.5063,0.6928,,,,,,,,,,,
95426851,472178420591,Eye Tracker,LipReading_BJ,10/21/2025,CJY,Recording8,10/18/2025,10/18/2025,10:09:23.595,02:09:23.595,431768,Timeline1,Tobii I-VT (Fixation),1.241.54219,1080,1920,10.0,3.7,2.3,2.7,0.31,0.19,0.23,13,8,10,4.3,4.1,3.4,0.38,0.36,0.3,16,15,12,7395552952,,,975,752,997,753,953,751,0.09653,0.08943,-0.9913,-0.04743,0.09061,-0.99476,4.071,4.126,4.094,,,,Valid,Valid,226.3,163.0,476.8,283.5,162.1,475.2,272.7,206.0,260.8,205.4,0.5077,0.696,0.5191,0.6971,0.4963,0.695,Screen Recording,Screen Recording Recording8.mp4,1920,1080,0,0,960,540,Fixation,2604,217,972,748,0.5063,0.6928,,,,,,,,,,,
95430852,472178424592,Eye Tracker,LipReading_BJ,10/21/2025,CJY,Recording8,10/18/2025,10/18/2025,10:09:23.595,02:09:23.595,431768,Timeline1,Tobii I-VT (Fixation),1.241.54219,1080,1920,10.0,3.7,2.3,2.7,0.31,0.19,0.23,13,8,10,4.3,4.1,3.4,0.38,0.36,0.3,16,15,12,7395556953,,,978,759,1002,770,954,748,0.09967,0.09906,-0.99008,-0.04672,0.08894,-0.99494,4.042,4.116,4.095,,,,Valid,Valid,226.3,163.0,476.8,283.5,162.1,475.3,274.3,210.7,261.1,204.6,0.5095,0.7025,0.5221,0.7129,0.497,0.6922,Screen Recording,Screen Recording Recording8.mp4,1920,1080,0,0,960,540,Fixation,2604,217,972,748,0.5063,0.6928,,,,,,,,,,,
95434851,472178428591,Eye Tracker,LipReading_BJ,10/21/2025,CJY,Recording8,10/18/2025,10/18/2025,10:09:23.595,02:09:23.595,431768,Timeline1,Tobii I-VT (Fixation),1.241.54219,1080,1920,10.0,3.7,2.3,2.7,0.31,0.19,0.23,13,8,10,4.3,4.1,3.4,0.38,0.36,0.3,16,15,12,7395560952,,,958,750,,,958,750,,,,-0.04453,0.0903,-0.99492,,4.129,4.099,,,,Invalid,Valid,,,,283.4,162.1,475.2,,,262.2,205.2,0.499,0.6943,,,0.499,0.6943,Screen Recording,Screen Recording Recording8.mp4,1920,1080,0,0,960,540,Fixation,2604,217,972,748,0.5063,0.6928,,,,,,,,,,,
95438851,472178432591,Eye Tracker,LipReading_BJ,10/21/2025,CJY,Recording8,10/18/2025,10/18/2025,10:09:23.595,02:09:23.595,431768,Timeline1,Tobii I-VT (Fixation),1.241.54219,1080,1920,10.0,3.7,2.3,2.7,0.31,0.19,0.23,13,8,10,4.3,4.1,3.4,0.38,0.36,0.3,16,15,12,7395564952,,,979,754,999,754,959,754,0.09768,0.09032,-0.99111,-0.04417,0.09247,-0.99474,4.08,4.152,4.105,,,,Valid,Valid,226.3,163.0,476.8,283.4,162.1,475.2,273.3,206.4,262.3,206.3,0.5097,0.6981,0.5201,0.6984,0.4993,0.6978,Screen Recording,Screen Recording Recording8.mp4,1920,1080,0,0,960,540,Fixation,2604,217,972,748,0.5063,0.6928,,,,,,,,,,,
95442851,472178436591,Eye Tracker,LipReading_BJ,10/21/2025,CJY,Recording8,10/18/2025,10/18/2025,10:09:23.595,02:09:23.595,431768,Timeline1,Tobii I-VT (Fixation),1.241.54219,1080,1920,10.0,3.7,2.3,2.7,0.31,0.19,0.23,13,8,10,4.3,4.1,3.4,0.38,0.36,0.3,16,15,12,7395568952,,,977,750,1000,753,954,747,0.09841,0.08949,-0.99111,-0.047,0.08845,-0.99497,4.086,4.118,4.109,,,,Valid,Valid,226.3,162.9,476.8,283.4,162.1,475.3,273.6,206.0,261.0,204.3,0.5087,0.6941,0.5208,0.697,0.4967,0.6913,Screen Recording,Screen Recording Recording8.mp4,1920,1080,0,0,960,540,Fixation,2604,217,972,748,0.5063,0.6928,,,,,,,,,,,
95446851,472178440591,Eye Tracker,LipReading_BJ,10/21/2025,CJY,Recording8,10/18/2025,10/18/2025,10:09:23.595,02:09:23.595,431768,Timeline1,Tobii I-VT (Fixation),1.241.54219,1080,1920,10.0,3.7,2.3,2.7,0.31,0.19,0.23,13,8,10,4.3,4.1,3.4,0.38,0.36,0.3,16,15,12,7395572952,,,979,744,1003,747,956,741,0.09996,0.08637,-0.99124,-0.04592,0.08535,-0.99529,4.108,4.132,4.109,,,,Valid,Valid,226.3,162.9,476.8,283.4,162.1,475.3,274.4,204.5,261.5,202.8,0.5099,0.689,0.5222,0.6918,0.4977,0.6862,Screen Recording,Screen Recording Recording8.mp4,1920,1080,0,0,960,540,Fixation,2604,217,972,748,0.5063,0.6928,,,,,,,,,,,
95450852,472178444592,Eye Tracker,LipReading_BJ,10/21/2025,CJY,Recording8,10/18/2025,10/18/2025,10:09:23.595,02:09:23.595,431768,Timeline1,Tobii I-VT (Fixation),1.241.54219,1080,1920,10.0,3.7,2.3,2.7,0.31,0.19,0.23,13,8,10,4.3,4.1,3.4,0.38,0.36,0.3,16,15,12,7395576953,,,979,751,1000,747,957,755,0.0986,0.08601,-0.9914,-0.04488,0.09308,-0.99465,4.099,4.132,4.112,,,,Valid,Valid,226.3,162.9,476.8,283.4,162.0,475.3,273.7,204.3,262.0,206.5,0.5098,0.695,0.5209,0.6912,0.4986,0.6987,Screen Recording,Screen Recording Recording8.mp4,1920,1080,0,0,960,540,Fixation,2604,217,972,748,0.5063,0.6928,,,,,,,,,,,
95454851,472178448591,Eye Tracker,LipReading_BJ,10/21/2025,CJY,Recording8,10/18/2025,10/18/2025,10:09:23.595,02:09:23.595,431768,Timeline1,Tobii I-VT (Fixation),1.241.54219,1080,1920,10.0,3.7,2.3,2.7,0.31,0.19,0.23,13,8,10,4.3,4.1,3.4,0.38,0.36,0.3,16,15,12,7395580952,,,977,750,1000,752,954,749,0.09854,0.08931,-0.99112,-0.04674,0.08964,-0.99488,4.077,4.128,4.113,,,,Valid,Valid,226.3,162.9,476.8,283.4,162.0,475.3,273.7,205.9,261.1,204.8,0.5089,0.6948,0.5209,0.6966,0.4969,0.6931,Screen Recording,Screen Recording Recording8.mp4,1920,1080,0,0,960,540,Fixation,2604,217,972,748,0.5063,0.6928,,,,,,,,,,,
95458851,472178452591,Eye Tracker,LipReading_BJ,10/21/2025,CJY,Recording8,10/18/2025,10/18/2025,10:09:23.595,02:09:23.595,431768,Timeline1,Tobii I-VT (Fixation),1.241.54219,1080,1920,10.0,3.7,2.3,2.7,0.31,0.19,0.23,13,8,10,4.3,4.1,3.4,0.38,0.36,0.3,16,15,12,7395584952,,,976,748,999,750,952,746,0.09806,0.08787,-0.99129,-0.04772,0.08845,-0.99494,4.095,4.128,4.109,,,,Valid,Valid,226.3,162.9,476.8,283.4,162.0,475.3,273.5,205.2,260.6,204.3,0.5082,0.6926,0.5204,0.6942,0.496,0.6911,Screen Recording,Screen Recording Recording8.mp4,1920,1080,0,0,960,540,Fixation,2604,217,972,748,0.5063,0.6928,,,,,,,,,,,
95462851,472178456591,Eye Tracker,LipReading_BJ,10/21/2025,CJY,Recording8,10/18/2025,10/18/2025,10:09:23.595,02:09:23.595,431768,Timeline1,Tobii I-VT (Fixation),1.241.54219,1080,1920,10.0,3.7,2.3,2.7,0.31,0.19,0.23,13,8,10,4.3,4.1,3.4,0.38,0.36,0.3,16,15,12,7395588952,,,976,752,996,751,956,752,0.09604,0.08893,-0.9914,-0.0458,0.09144,-0.99476,4.079,4.146,4.109,,,,Valid,Valid,226.3,162.9,476.8,283.4,162.0,475.3,272.5,205.7,261.6,205.7,0.5082,0.6959,0.5186,0.6958,0.4978,0.6959,Screen Recording,Screen Recording Recording8.mp4,1920,1080,0,0,960,540,Fixation,2604,217,972,748,0.5063,0.6928,,,,,,,,,,,
95466851,472178460591,Eye Tracker,LipReading_BJ,10/21/2025,CJY,Recording8,10/18/2025,10/18/2025,10:09:23.595,02:09:23.595,431768,Timeline1,Tobii I-VT (Fixation),1.241.54219,1080,1920,10.0,3.7,2.3,2.7,0.31,0.19,0.23,13,8,10,4.3,4.1,3.4,0.38,0.36,0.3,16,15,12,7395592952,,,980,749,1003,749,957,749,0.09992,0.08754,-0.99114,-0.04513,0.08991,-0.99493,4.09,4.121,4.109,,,,Valid,Valid,226.3,162.9,476.8,283.4,162.0,475.3,274.4,205.0,261.9,204.9,0.5103,0.6935,0.5222,0.6936,0.4984,0.6934,Screen Recording,Screen Recording Recording8.mp4,1920,1080,0,0,960,540,Fixation,2604,217,972,748,0.5063,0.6928,,,,,,,,,,,
95470852,472178464592,Eye Tracker,LipReading_BJ,10/21/2025,CJY,Recording8,10/18/2025,10/18/2025,10:09:23.595,02:09:23.595,431768,Timeline1,Tobii I-VT (Fixation),1.241.54219,1080,1920,10.0,3.7,2.3,2.7,0.31,0.19,0.23,13,8,10,4.3,4.1,3.4,0.38,0.36,0.3,16,15,12,7395596953,,,978,744,1001,748,954,740,0.09917,0.08682,-0.99128,-0.04688,0.08493,-0.99528,4.099,4.128,4.113,,,,Valid,Valid,226.3,162.9,476.8,283.5,162.0,475.3,274.0,204.6,261.1,202.5,0.5092,0.6888,0.5215,0.6923,0.4969,0.6853,Screen Recording,Screen Recording Recording8.mp4,1920,1080,0,0,960,540,Fixation,2604,217,972,748,0.5063,0.6928,,,,,,,,,,,
95474851,472178468591,Eye Tracker,LipReading_BJ,10/21/2025,CJY,Recording8,10/18/2025,10/18/2025,10:09:23.595,02:09:23.595,431768,Timeline1,Tobii I-VT (Fixation),1.241.54219,1080,1920,10.0,3.7,2.3,2.7,0.31,0.19,0.23,13,8,10,4.3,4.1,3.4,0.38,0.36,0.3,16,15,12,7395600952,,,976,747,997,750,955,745,0.097,0.08802,-0.99139,-0.04604,0.08768,-0.99508,4.079,4.138,4.114,,,,Valid,Valid,226.3,162.9,476.8,283.5,162.0,475.3,273.0,205.2,261.5,203.9,0.5086,0.692,0.5195,0.6943,0.4976,0.6898,Screen Recording,Screen Recording Recording8.mp4,1920,1080,0,0,960,540,Fixation,2604,217,972,748,0.5063,0.6928,,,,,,,,,,,
95478850,472178472590,Eye Tracker,LipReading_BJ,10/21/2025,CJY,Recording8,10/18/2025,10/18/2025,10:09:23.595,02:09:23.595,431768,Timeline1,Tobii I-VT (Fixation),1.241.54219,1080,1920,10.0,3.7,2.3,2.7,0.31,0.19,0.23,13,8,10,4.3,4.1,3.4,0.38,0.36,0.3,16,15,12,7395604952,,,980,751,998,751,962,752,0.0973,0.08855,-0.99131,-0.04248,0.09185,-0.99487,4.1,4.135,4.116,,,,Valid,Valid,226.3,162.9,476.8,283.5,162.0,475.2,273.1,205.5,263.2,205.9,0.5103,0.6958,0.5198,0.6951,0.5009,0.6965,Screen Recording,Screen Recording Recording8.mp4,1920,1080,0,0,960,540,Fixation,2604,217,972,748,0.5063,0.6928,,,,,,,,,,,
95482850,472178476590,Eye Tracker,LipReading_BJ,10/21/2025,CJY,Recording8,10/18/2025,10/18/2025,10:09:23.595,02:09:23.595,431768,Timeline1,Tobii I-VT (Fixation),1.241.54219,1080,1920,10.0,3.7,2.3,2.7,0.31,0.19,0.23,13,8,10,4.3,4.1,3.4,0.38,0.36,0.3,16,15,12,7395608952,,,978,749,1000,750,957,748,0.09838,0.08795,-0.99125,-0.04545,0.08929,-0.99497,4.118,4.129,4.121,,,,Valid,Valid,226.3,162.9,476.8,283.5,162.0,475.3,273.7,205.2,261.8,204.6,0.5095,0.6932,0.5208,0.6942,0.4982,0.6923,Screen Recording,Screen Recording Recording8.mp4,1920,1080,0,0,960,540,Fixation,2604,217,972,748,0.5063,0.6928,,,,,,,,,,,
95486850,472178480590,Eye Tracker,LipReading_BJ,10/21/2025,CJY,Recording8,10/18/2025,10/18/2025,10:09:23.595,02:09:23.595,431768,Timeline1,Tobii I-VT (Fixation),1.241.54219,1080,1920,10.0,3.7,2.3,2.7,0.31,0.19,0.23,13,8,10,4.3,4.1,3.4,0.38,0.36,0.3,16,15,12,7395612952,,,975,747,995,748,955,745,0.09532,0.08708,-0.99163,-0.04635,0.08779,-0.99506,4.122,4.131,4.121,,,,Valid,Valid,226.4,162.9,476.8,283.5,162.0,475.3,272.2,204.7,261.4,203.9,0.5077,0.6913,0.518,0.6927,0.4974,0.6899,Screen Recording,Screen Recording Recording8.mp4,1920,1080,0,0,960,540,Fixation,2604,217,972,748,0.5063,0.6928,,,,,,,,,,,
95490851,472178484591,Eye Tracker,LipReading_BJ,10/21/2025,CJY,Recording8,10/18/2025,10/18/2025,10:09:23.595,02:09:23.595,431768,Timeline1,Tobii I-VT (Fixation),1.241.54219,1080,1920,10.0,3.7,2.3,2.7,0.31,0.19,0.23,13,8,10,4.3,4.1,3.4,0.38,0.36,0.3,16,15,12,7395616953,,,978,750,997,751,959,748,0.09646,0.08864,-0.99138,-0.0441,0.08972,-0.99499,4.111,4.127,4.125,,,,Valid,Valid,226.4,162.9,476.8,283.5,162.0,475.3,272.8,205.5,262.5,204.8,0.5093,0.6942,0.5191,0.6953,0.4995,0.693,Screen Recording,Screen Recording Recording8.mp4,1920,1080,0,0,960,540,Fixation,2604,217,972,748,0.5063,0.6928,,,,,,,,,,,
95494850,472178488590,Eye Tracker,LipReading_BJ,10/21/2025,CJY,Recording8,10/18/2025,10/18/2025,10:09:23.595,02:09:23.595,431768,Timeline1,Tobii I-VT (Fixation),1.241.54219,1080,1920,10.0,3.7,2.3,2.7,0.31,0.19,0.23,13,8,10,4.3,4.1,3.4,0.38,0.36,0.3,16,15,12,7395620952,,,980,753,1001,756,959,751,0.09856,0.09133,-0.99093,-0.04432,0.09117,-0.99485,4.102,4.149,4.126,,,,Valid,Valid,226.4,162.9,476.8,283.5,162.0,475.3,273.8,206.8,262.4,205.5,0.5102,0.6976,0.5211,0.6998,0.4993,0.6954,Screen Recording,Screen Recording Recording8.mp4,1920,1080,0,0,960,540,Fixation,2604,217,972,748,0.5063,0.6928,,,,,,,,,,,
95498850,472178492590,Eye Tracker,LipReading_BJ,10/21/2025,CJY,Recording8,10/18/2025,10/18/2025,10:09:23.595,02:09:23.595,431768,Timeline1,Tobii I-VT (Fixation),1.241.54219,1080,1920,10.0,3.7,2.3,2.7,0.31,0.19,0.23,13,8,10,4.3,4.1,3.4,0.38,0.36,0.3,16,15,12,7395624952,,,977,753,994,759,959,748,0.09491,0.09307,-0.99113,-0.04394,0.08925,-0.99504,4.123,4.14,4.129,,,,Valid,Valid,226.4,162.9,476.7,283.5,162.0,475.3,272.1,207.7,262.6,204.6,0.5087,0.6975,0.5178,0.7026,0.4997,0.6923,Screen Recording,Screen Recording Recording8.mp4,1920,1080,0,0,960,540,Fixation,2604,217,972,748,0.5063,0.6928,,,,,,,,,,,
95502850,472178496590,Eye Tracker,LipReading_BJ,10/21/2025,CJY,Recording8,10/18/2025,10/18/2025,10:09:23.595,02:09:23.595,431768,Timeline1,Tobii I-VT (Fixation),1.241.54219,1080,1920,10.0,3.7,2.3,2.7,0.31,0.19,0.23,13,8,10,4.3,4.1,3.4,0.38,0.36,0.3,16,15,12,7395628952,,,981,749,1002,752,959,745,0.09915,0.08933,-0.99106,-0.04396,0.08784,-0.99516,4.133,4.123,4.131,,,,Valid,Valid,226.4,162.9,476.7,283.6,162.0,475.3,274.1,205.9,262.6,203.9,0.5107,0.6933,0.5217,0.6966,0.4997,0.69,Screen Recording,Screen Recording Recording8.mp4,1920,1080,0,0,960,540,Fixation,2604,217,972,748,0.5063,0.6928,,,,,,,,,,,
95506850,472178500590,Eye Tracker,LipReading_BJ,10/21/2025,CJY,Recording8,10/18/2025,10/18/2025,10:09:23.595,02:09:23.595,431768,Timeline1,Tobii I-VT (Fixation),1.241.54219,1080,1920,10.0,3.7,2.3,2.7,0.31,0.19,0.23,13,8,10,4.3,4.1,3.4,0.38,0.36,0.3,16,15,12,7395632952,,,978,748,1002,748,954,748,0.0995,0.08697,-0.99123,-0.04684,0.08915,-0.99492,4.118,4.144,4.131,,,,Valid,Valid,226.4,162.9,476.8,283.6,162.0,475.3,274.3,204.7,261.2,204.6,0.5096,0.6925,0.522,0.6927,0.4971,0.6922,Screen Recording,Screen Recording Recording8.mp4,1920,1080,0,0,960,540,Fixation,2604,217,972,748,0.5063,0.6928,,,,,,,,,,,
95510851,472178504591,Eye Tracker,LipReading_BJ,10/21/2025,CJY,Recording8,10/18/2025,10/18/2025,10:09:23.595,02:09:23.595,431768,Timeline1,Tobii I-VT (Fixation),1.241.54219,1080,1920,10.0,3.7,2.3,2.7,0.31,0.19,0.23,13,8,10,4.3,4.1,3.4,0.38,0.36,0.3,16,15,12,7395636953,,,979,752,996,756,962,749,0.09606,0.09117,-0.99119,-0.04246,0.08986,-0.99505,4.105,4.149,4.129,,,,Valid,Valid,226.5,162.9,476.7,283.6,162.0,475.3,272.7,206.8,263.3,204.9,0.51,0.6965,0.5189,0.6996,0.5011,0.6934,Screen Recording,Screen Recording Recording8.mp4,1920,1080,0,0,960,540,Fixation,2604,217,972,748,0.5063,0.6928,,,,,,,,,,,
95514850,472178508590,Eye Tracker,LipReading_BJ,10/21/2025,CJY,Recording8,10/18/2025,10/18/2025,10:09:23.595,02:09:23.595,431768,Timeline1,Tobii I-VT (Fixation),1.241.54219,1080,1920,10.0,3.7,2.3,2.7,0.31,0.19,0.23,13,8,10,4.3,4.1,3.4,0.38,0.36,0.3,16,15,12,7395640952,,,974,754,999,755,950,753,0.09751,0.09094,-0.99107,-0.04957,0.09239,-0.99449,4.109,4.163,4.129,,,,Valid,Valid,226.5,162.9,476.8,283.6,162.0,475.3,273.4,206.7,259.9,206.2,0.5075,0.6984,0.5203,0.6992,0.4947,0.6976,Screen Recording,Screen Recording Recording8.mp4,1920,1080,0,0,960,540,Fixation,2604,217,972,748,0.5063,0.6928,,,,,,,,,,,
95518850,472178512590,Eye Tracker,LipReading_BJ,10/21/2025,CJY,Recording8,10/18/2025,10/18/2025,10:09:23.595,02:09:23.595,431768,Timeline1,Tobii I-VT (Fixation),1.241.54219,1080,1920,10.0,3.7,2.3,2.7,0.31,0.19,0.23,13,8,10,4.3,4.1,3.4,0.38,0.36,0.3,16,15,12,7395644952,,,976,754,998,754,954,753,0.09677,0.09052,-0.99118,-0.04727,0.09204,-0.99463,4.115,4.136,4.132,,,,Valid,Valid,226.5,162.9,476.9,283.6,162.0,475.3,273.0,206.4,261.0,206.0,0.5082,0.6978,0.5196,0.6985,0.4968,0.6971,Screen Recording,Screen Recording Recording8.mp4,1920,1080,0,0,960,540,Fixation,2604,217,972,748,0.5063,0.6928,,,,,,,,,,,
95522850,472178516590,Eye Tracker,LipReading_BJ,10/21/2025,CJY,Recording8,10/18/2025,10/18/2025,10:09:23.595,02:09:23.595,431768,Timeline1,Tobii I-VT (Fixation),1.241.54219,1080,1920,10.0,3.7,2.3,2.7,0.31,0.19,0.23,13,8,10,4.3,4.1,3.4,0.38,0.36,0.3,16,15,12,7395648952,,,974,751,994,754,953,749,0.09481,0.09011,-0.99141,-0.04755,0.08965,-0.99484,4.133,4.142,4.135,,,,Valid,Valid,226.5,162.9,476.9,283.6,162.1,475.3,272.1,206.2,260.9,204.9,0.5072,0.6955,0.5178,0.6978,0.4966,0.6932,Screen Recording,Screen Recording Recording8.mp4,1920,1080,0,0,960,540,Fixation,2604,217,972,748,0.5063,0.6928,,,,,,,,,,,
95526850,472178520590,Eye Tracker,LipReading_BJ,10/21/2025,CJY,Recording8,10/18/2025,10/18/2025,10:09:23.595,02:09:23.595,431768,Timeline1,Tobii I-VT (Fixation),1.241.54219,1080,1920,10.0,3.7,2.3,2.7,0.31,0.19,0.23,13,8,10,4.3,4.1,3.4,0.38,0.36,0.3,16,15,12,7395652952,,,975,756,995,755,955,757,0.09537,0.09075,-0.9913,-0.04666,0.09413,-0.99447,4.122,4.155,4.137,,,,Valid,Valid,226.5,162.9,476.9,283.6,162.1,475.3,272.4,206.6,261.3,207.0,0.5079,0.6997,0.5184,0.6989,0.4974,0.7005,Screen Recording,Screen Recording Recording8.mp4,1920,1080,0,0,960,540,Fixation,2604,217,972,748,0.5063,0.6928,,,,,,,,,,,
95530851,472178524591,Eye Tracker,LipReading_BJ,10/21/2025,CJY,Recording8,10/18/2025,10/18/2025,10:09:23.595,02:09:23.595,431768,Timeline1,Tobii I-VT (Fixation),1.241.54219,1080,1920,10.0,3.7,2.3,2.7,0.31,0.19,0.23,13,8,10,4.3,4.1,3.4,0.38,0.36,0.3,16,15,12,7395656953,,,979,755,995,755,962,756,0.09546,0.0907,-0.99129,-0.04239,0.0936,-0.99471,4.11,4.172,4.139,,,,Valid,Valid,226.5,162.9,476.9,283.7,162.1,475.4,272.4,206.6,263.4,206.8,0.5099,0.6993,0.5185,0.6989,0.5013,0.6997,Screen Recording,Screen Recording Recording8.mp4,1920,1080,0,0,960,540,Fixation,2604,217,972,748,0.5063,0.6928,,,,,,,,,,,
95534850,472178528590,Eye Tracker,LipReading_BJ,10/21/2025,CJY,Recording8,10/18/2025,10/18/2025,10:09:23.595,02:09:23.595,431768,Timeline1,Tobii I-VT (Fixation),1.241.54219,1080,1920,10.0,3.7,2.3,2.7,0.31,0.19,0.23,13,8,10,4.3,4.1,3.4,0.38,0.36,0.3,16,15,12,7395660952,,,972,748,991,753,952,743,0.0932,0.08976,-0.99159,-0.04847,0.08664,-0.99506,4.131,4.152,4.139,,,,Valid,Valid,226.5,162.9,476.9,283.7,162.1,475.4,271.3,206.1,260.5,203.5,0.5061,0.6929,0.5164,0.6973,0.4958,0.6884,Screen Recording,Screen Recording Recording8.mp4,1920,1080,0,0,960,540,Fixation,2604,217,972,748,0.5063,0.6928,,,,,,,,,,,
95538850,472178532590,Eye Tracker,LipReading_BJ,10/21/2025,CJY,Recording8,10/18/2025,10/18/2025,10:09:23.595,02:09:23.595,431768,Timeline1,Tobii I-VT (Fixation),1.241.54219,1080,1920,10.0,3.7,2.3,2.7,0.31,0.19,0.23,13,8,10,4.3,4.1,3.4,0.38,0.36,0.3,16,15,12,7395664952,,,976,755,996,754,956,755,0.09558,0.09025,-0.99132,-0.0462,0.0933,-0.99457,4.117,4.155,4.137,,,,Valid,Valid,226.5,163.0,476.9,283.7,162.1,475.4,272.5,206.4,261.6,206.7,0.5082,0.6988,0.5186,0.6982,0.4978,0.6993,Screen Recording,Screen Recording Recording8.mp4,1920,1080,0,0,960,540,Fixation,2604,217,972,748,0.5063,0.6928,,,,,,,,,,,
95542850,472178536590,Eye Tracker,LipReading_BJ,10/21/2025,CJY,Recording8,10/18/2025,10/18/2025,10:09:23.595,02:09:23.595,431768,Timeline1,Tobii I-VT (Fixation),1.241.54219,1080,1920,10.0,3.7,2.3,2.7,0.31,0.19,0.23,13,8,10,4.3,4.1,3.4,0.38,0.36,0.3,16,15,12,7395668952,,,974,756,995,762,952,749,0.09535,0.0948,-0.99092,-0.04858,0.08994,-0.99476,4.141,4.168,4.143,,,,Valid,Valid,226.5,163.0,476.9,283.7,162.1,475.4,272.4,208.6,260.5,205.1,0.5071,0.6998,0.5184,0.7057,0.4957,0.6939,Screen Recording,Screen Recording Recording8.mp4,1920,1080,0,0,960,540,Fixation,2604,217,972,748,0.5063,0.6928,,,,,,,,,,,
95546850,472178540590,Eye Tracker,LipReading_BJ,10/21/2025,CJY,Recording8,10/18/2025,10/18/2025,10:09:23.595,02:09:23.595,431768,Timeline1,Tobii I-VT (Fixation),1.241.54219,1080,1920,10.0,3.7,2.3,2.7,0.31,0.19,0.23,13,8,10,4.3,4.1,3.4,0.38,0.36,0.3,16,15,12,7395672952,,,976,751,995,758,957,744,0.09527,0.09249,-0.99115,-0.04565,0.08662,-0.9952,4.117,4.156,4.148,,,,Valid,Valid,226.5,163.0,476.9,283.7,162.1,475.4,272.4,207.5,261.9,203.5,0.5084,0.6952,0.5183,0.702,0.4984,0.6885,Screen Recording,Screen Recording Recording8.mp4,1920,1080,0,0,960,540,Fixation,2604,217,972,748,0.5063,0.6928,,,,,,,,,,,
95550851,472178544591,Eye Tracker,LipReading_BJ,10/21/2025,CJY,Recording8,10/18/2025,10/18/2025,10:09:23.595,02:09:23.595,431768,Timeline1,Tobii I-VT (Fixation),1.241.54219,1080,1920,10.0,3.7,2.3,2.7,0.31,0.19,0.23,13,8,10,4.3,4.1,3.4,0.38,0.36,0.3,16,15,12,7395676953,,,972,749,994,757,950,740,0.09435,0.09205,-0.99127,-0.04973,0.08475,-0.99516,4.133,4.179,4.15,,,,Valid,Valid,226.5,163.0,476.9,283.7,162.1,475.4,271.9,207.3,259.9,202.6,0.5061,0.6934,0.5175,0.7013,0.4947,0.6855,Screen Recording,Screen Recording Recording8.mp4,1920,1080,0,0,960,540,Fixation,2604,217,972,748,0.5063,0.6928,,,,,,,,,,,
95554850,472178548590,Eye Tracker,LipReading_BJ,10/21/2025,CJY,Recording8,10/18/2025,10/18/2025,10:09:23.595,02:09:23.595,431768,Timeline1,Tobii I-VT (Fixation),1.241.54219,1080,1920,10.0,3.7,2.3,2.7,0.31,0.19,0.23,13,8,10,4.3,4.1,3.4,0.38,0.36,0.3,16,15,12,7395680952,,,978,751,997,755,958,746,0.09609,0.09066,-0.99123,-0.04472,0.08799,-0.99512,4.128,4.178,4.148,,,,Valid,Valid,226.5,163.0,476.9,283.7,162.1,475.4,272.7,206.6,262.3,204.2,0.5091,0.6949,0.5191,0.699,0.4992,0.6908,Screen Recording,Screen Recording Recording8.mp4,1920,1080,0,0,960,540,Fixation,2604,217,972,748,0.5063,0.6928,,,,,,,,,,,
95558850,472178552590,Eye Tracker,LipReading_BJ,10/21/2025,CJY,Recording8,10/18/2025,10/18/2025,10:09:23.595,02:09:23.595,431768,Timeline1,Tobii I-VT (Fixation),1.241.54219,1080,1920,10.0,3.7,2.3,2.7,0.31,0.19,0.23,13,8,10,4.3,4.1,3.4,0.38,0.36,0.3,16,15,12,7395684952,,,974,752,995,757,953,747,0.09519,0.09159,-0.99124,-0.04759,0.08849,-0.99494,4.158,4.164,4.149,,,,Valid,Valid,226.5,163.0,476.9,283.7,162.1,475.4,272.3,207.1,260.9,204.4,0.5074,0.6961,0.5183,0.7005,0.4966,0.6916,Screen Recording,Screen Recording Recording8.mp4,1920,1080,0,0,960,540,Fixation,2604,217,972,748,0.5063,0.6928,,,,,,,,,,,
95562850,472178556590,Eye Tracker,LipReading_BJ,10/21/2025,CJY,Recording8,10/18/2025,10/18/2025,10:09:23.595,02:09:23.595,431768,Timeline1,Tobii I-VT (Fixation),1.241.54219,1080,1920,10.0,3.7,2.3,2.7,0.31,0.19,0.23,13,8,10,4.3,4.1,3.4,0.38,0.36,0.3,16,15,12,7395688952,,,978,750,998,756,958,744,0.09671,0.09095,-0.99115,-0.045,0.08656,-0.99523,4.123,4.169,4.148,,,,Valid,Valid,226.5,163.0,476.9,283.7,162.1,475.4,273.0,206.8,262.2,203.5,0.5093,0.694,0.5197,0.6996,0.499,0.6885,Screen Recording,Screen Recording Recording8.mp4,1920,1080,0,0,960,540,Fixation,2604,217,972,748,0.5063,0.6928,,,,,,,,,,,
95566850,472178560590,Eye Tracker,LipReading_BJ,10/21/2025,CJY,Recording8,10/18/2025,10/18/2025,10:09:23.595,02:09:23.595,431768,Timeline1,Tobii I-VT (Fixation),1.241.54219,1080,1920,10.0,3.7,2.3,2.7,0.31,0.19,0.23,13,8,10,4.3,4.1,3.4,0.38,0.36,0.3,16,15,12,7395692952,,,978,752,998,759,958,745,0.0969,0.09275,-0.99096,-0.0452,0.08751,-0.99514,4.128,4.17,4.155,,,,Valid,Valid,226.5,163.0,476.9,283.7,162.1,475.4,273.1,207.6,262.1,204.0,0.5093,0.6963,0.5198,0.7025,0.4988,0.6901,Screen Recording,Screen Recording Recording8.mp4,1920,1080,0,0,960,540,Fixation,2604,217,972,748,0.5063,0.6928,,,,,,,,,,,
95570851,472178564591,Eye Tracker,LipReading_BJ,10/21/2025,CJY,Recording8,10/18/2025,10/18/2025,10:09:23.595,02:09:23.595,431768,Timeline1,Tobii I-VT (Fixation),1.241.54219,1080,1920,10.0,3.7,2.3,2.7,0.31,0.19,0.23,13,8,10,4.3,4.1,3.4,0.38,0.36,0.3,16,15,12,7395696953,,,959,741,,,959,741,,,,-0.04458,0.08487,-0.99539,,4.166,4.155,,,,Invalid,Valid,,,,283.7,162.1,475.4,,,262.4,202.7,0.4994,0.6857,,,0.4994,0.6857,Screen Recording,Screen Recording Recording8.mp4,1920,1080,0,0,960,540,Fixation,2604,217,972,748,0.5063,0.6928,,,,,,,,,,,
95574850,472178568590,Eye Tracker,LipReading_BJ,10/21/2025,CJY,Recording8,10/18/2025,10/18/2025,10:09:23.595,02:09:23.595,431768,Timeline1,Tobii I-VT (Fixation),1.241.54219,1080,1920,10.0,3.7,2.3,2.7,0.31,0.19,0.23,13,8,10,4.3,4.1,3.4,0.38,0.36,0.3,16,15,12,7395700952,,,980,755,1000,758,959,751,0.09812,0.0922,-0.99089,-0.04415,0.09101,-0.99487,4.159,4.163,4.163,,,,Valid,Valid,226.5,163.0,476.9,283.7,162.2,475.4,273.7,207.4,262.6,205.6,0.5103,0.6987,0.521,0.7016,0.4997,0.6958,Screen Recording,Screen Recording Recording8.mp4,1920,1080,0,0,960,540,Fixation,2604,217,972,748,0.5063,0.6928,,,,,,,,,,,
95578850,472178572590,Eye Tracker,LipReading_BJ,10/21/2025,CJY,Recording8,10/18/2025,10/18/2025,10:09:23.595,02:09:23.595,431768,Timeline1,Tobii I-VT (Fixation),1.241.54219,1080,1920,10.0,3.7,2.3,2.7,0.31,0.19,0.23,13,8,10,4.3,4.1,3.4,0.38,0.36,0.3,16,15,12,7395704952,,,976,750,996,753,956,746,0.09568,0.08978,-0.99136,-0.04616,0.08783,-0.99507,4.158,4.167,4.163,,,,Valid,Valid,226.5,163.0,476.9,283.7,162.1,475.4,272.5,206.2,261.6,204.1,0.5083,0.6941,0.5187,0.6976,0.4979,0.6906,Screen Recording,Screen Recording Recording8.mp4,1920,1080,0,0,960,540,Fixation,2604,217,972,748,0.5063,0.6928,,,,,,,,,,,
95582849,472178576589,Eye Tracker,LipReading_BJ,10/21/2025,CJY,Recording8,10/18/2025,10/18/2025,10:09:23.595,02:09:23.595,431768,Timeline1,Tobii I-VT (Fixation),1.241.54219,1080,1920,10.0,3.7,2.3,2.7,0.31,0.19,0.23,13,8,10,4.3,4.1,3.4,0.38,0.36,0.3,16,15,12,7395708952,,,975,744,998,748,951,741,0.09701,0.08658,-0.99151,-0.04883,0.08515,-0.99517,4.177,4.182,4.167,,,,Valid,Valid,226.5,163.0,476.9,283.7,162.1,475.4,273.2,204.6,260.3,202.8,0.5077,0.6893,0.5199,0.6924,0.4955,0.6862,Screen Recording,Screen Recording Recording8.mp4,1920,1080,0,0,960,540,Fixation,2604,217,972,748,0.5063,0.6928,,,,,,,,,,,
95586849,472178580589,Eye Tracker,LipReading_BJ,10/21/2025,CJY,Recording8,10/18/2025,10/18/2025,10:09:23.595,02:09:23.595,431768,Timeline1,Tobii I-VT (Fixation),1.241.54219,1080,1920,10.0,3.7,2.3,2.7,0.31,0.19,0.23,13,8,10,4.3,4.1,3.4,0.38,0.36,0.3,16,15,12,7395712952,,,973,745,997,748,949,742,0.09632,0.08696,-0.99154,-0.05021,0.08551,-0.99507,4.147,4.175,4.168,,,,Valid,Valid,226.5,163.0,476.9,283.7,162.1,475.4,272.8,204.8,259.7,203.0,0.5067,0.6899,0.5193,0.6929,0.4942,0.6868,Screen Recording,Screen Recording Recording8.mp4,1920,1080,0,0,960,540,Fixation,2604,217,972,748,0.5063,0.6928,,,,,,,,,,,
95590850,472178584590,Eye Tracker,LipReading_BJ,10/21/2025,CJY,Recording8,10/18/2025,10/18/2025,10:09:23.595,02:09:23.595,431768,Timeline1,Tobii I-VT (Fixation),1.241.54219,1080,1920,10.0,3.7,2.3,2.7,0.31,0.19,0.23,13,8,10,4.3,4.1,3.4,0.38,0.36,0.3,16,15,12,7395716953,,,976,758,993,763,958,753,0.09411,0.09518,-0.991,-0.04475,0.09208,-0.99475,4.144,4.189,4.162,,,,Valid,Valid,226.5,163.0,476.9,283.7,162.1,475.5,271.8,208.8,262.3,206.1,0.5082,0.7019,0.5173,0.7064,0.4992,0.6974,Screen Recording,Screen Recording Recording8.mp4,1920,1080,0,0,960,540,Fixation,2604,217,972,748,0.5063,0.6928,,,,,,,,,,,
95594849,472178588589,Eye Tracker,LipReading_BJ,10/21/2025,CJY,Recording8,10/18/2025,10/18/2025,10:09:23.595,02:09:23.595,431768,Timeline1,Tobii I-VT (Fixation),1.241.54219,1080,1920,10.0,3.7,2.3,2.7,0.31,0.19,0.23,13,8,10,4.3,4.1,3.4,0.38,0.36,0.3,16,15,12,7395720952,,,977,751,997,759,956,744,0.09643,0.09296,-0.99099,-0.046,0.08685,-0.99516,4.158,4.177,4.161,,,,Valid,Valid,226.5,163.0,476.9,283.7,162.1,475.5,272.9,207.7,261.7,203.6,0.5087,0.6958,0.5194,0.7028,0.4981,0.6888,Screen Recording,Screen Recording Recording8.mp4,1920,1080,0,0,960,540,Fixation,2604,217,972,748,0.5063,0.6928,,,,,,,,,,,
95598849,472178592589,Eye Tracker,LipReading_BJ,10/21/2025,CJY,Recording8,10/18/2025,10/18/2025,10:09:23.595,02:09:23.595,431768,Timeline1,Tobii I-VT (Fixation),1.241.54219,1080,1920,10.0,3.7,2.3,2.7,0.31,0.19,0.23,13,8,10,4.3,4.1,3.4,0.38,0.36,0.3,16,15,12,7395724952,,,975,750,995,754,954,746,0.09528,0.09021,-0.99135,-0.04732,0.08804,-0.99499,4.142,4.173,4.164,,,,Valid,Valid,226.5,163.0,476.9,283.7,162.1,475.5,272.4,206.4,261.1,204.2,0.5076,0.6945,0.5183,0.6982,0.4969,0.6908,Screen Recording,Screen Recording Recording8.mp4,1920,1080,0,0,960,540,Fixation,2604,217,972,748,0.5063,0.6928,,,,,,,,,,,
95602849,472178596589,Eye Tracker,LipReading_BJ,10/21/2025,CJY,Recording8,10/18/2025,10/18/2025,10:09:23.595,02:09:23.595,431768,Timeline1,Tobii I-VT (Fixation),1.241.54219,1080,1920,10.0,3.7,2.3,2.7,0.31,0.19,0.23,13,8,10,4.3,4.1,3.4,0.38,0.36,0.3,16,15,12,7395728952,,,954,752,,,954,752,,,,-0.04744,0.09129,-0.99469,,4.173,4.163,,,,Invalid,Valid,,,,283.7,162.1,475.5,,,261.0,205.7,0.4967,0.696,,,0.4967,0.696,Screen Recording,Screen Recording Recording8.mp4,1920,1080,0,0,960,540,Fixation,2604,217,972,748,0.5063,0.6928,,,,,,,,,,,
95606849,472178600589,Eye Tracker,LipReading_BJ,10/21/2025,CJY,Recording8,10/18/2025,10/18/2025,10:09:23.595,02:09:23.595,431768,Timeline1,Tobii I-VT (Fixation),1.241.54219,1080,1920,10.0,3.7,2.3,2.7,0.31,0.19,0.23,13,8,10,4.3,4.1,3.4,0.38,0.36,0.3,16,15,12,7395732952,,,982,750,997,754,967,747,0.09628,0.09025,-0.99125,-0.03993,0.08855,-0.99527,4.16,4.196,4.163,,,,Valid,Valid,226.5,163.0,476.8,283.7,162.1,475.6,272.9,206.4,264.6,204.4,0.5114,0.6949,0.5193,0.6983,0.5036,0.6914,Screen Recording,Screen Recording Recording8.mp4,1920,1080,0,0,960,540,Fixation,2604,217,972,748,0.5063,0.6928,,,,,,,,,,,
95610850,472178604590,Eye Tracker,LipReading_BJ,10/21/2025,CJY,Recording8,10/18/2025,10/18/2025,10:09:23.595,02:09:23.595,431768,Timeline1,Tobii I-VT (Fixation),1.241.54219,1080,1920,10.0,3.7,2.3,2.7,0.31,0.19,0.23,13,8,10,4.3,4.1,3.4,0.38,0.36,0.3,16,15,12,7395736953,,,974,760,994,767,954,753,0.09462,0.09737,-0.99074,-0.04731,0.09232,-0.9946,4.136,4.175,4.174,,,,Valid,Valid,226.6,163.0,476.8,283.7,162.1,475.5,272.1,209.8,261.1,206.2,0.5074,0.7038,0.5178,0.71,0.4969,0.6976,Screen Recording,Screen Recording Recording8.mp4,1920,1080,0,0,960,540,Fixation,2604,217,972,748,0.5063,0.6928,,,,,,,,,,,
95614849,472178608589,Eye Tracker,LipReading_BJ,10/21/2025,CJY,Recording8,10/18/2025,10/18/2025,10:09:23.595,02:09:23.595,431768,Timeline1,Tobii I-VT (Fixation),1.241.54219,1080,1920,10.0,3.7,2.3,2.7,0.31,0.19,0.23,13,8,10,4.3,4.1,3.4,0.38,0.36,0.3,16,15,12,7395740952,,,976,751,998,753,954,748,0.09671,0.08941,-0.99129,-0.04738,0.08944,-0.99486,4.163,4.188,4.179,,,,Valid,Valid,226.6,163.0,476.8,283.7,162.0,475.5,273.1,206.0,261.1,204.8,0.5083,0.6949,0.5197,0.6969,0.4969,0.6929,Screen Recording,Screen Recording Recording8.mp4,1920,1080,0,0,960,540,Fixation,2604,217,972,748,0.5063,0.6928,,,,,,,,,,,
95618849,472178612589,Eye Tracker,LipReading_BJ,10/21/2025,CJY,Recording8,10/18/2025,10/18/2025,10:09:23.595,02:09:23.595,431768,Timeline1,Tobii I-VT (Fixation),1.241.54219,1080,1920,10.0,3.7,2.3,2.7,0.31,0.19,0.23,13,8,10,4.3,4.1,3.4,0.38,0.36,0.3,16,15,12,7395744952,,,957,752,,,957,752,,,,-0.04539,0.0918,-0.99474,,4.195,4.176,,,,Invalid,Valid,,,,283.7,162.1,475.5,,,262.0,205.9,0.4987,0.6968,,,0.4987,0.6968,Screen Recording,Screen Recording Recording8.mp4,1920,1080,0,0,960,540,Fixation,2604,217,972,748,0.5063,0.6928,,,,,,,,,,,
95622849,472178616589,Eye Tracker,LipReading_BJ,10/21/2025,CJY,Recording8,10/18/2025,10/18/2025,10:09:23.595,02:09:23.595,431768,Timeline1,Tobii I-VT (Fixation),1.241.54219,1080,1920,10.0,3.7,2.3,2.7,0.31,0.19,0.23,13,8,10,4.3,4.1,3.4,0.38,0.36,0.3,16,15,12,7395748952,,,974,750,994,750,953,750,0.09477,0.08796,-0.99161,-0.04768,0.09034,-0.99477,4.169,4.211,4.176,,,,Valid,Valid,226.6,163.0,476.8,283.7,162.1,475.5,272.1,205.3,260.9,205.2,0.5073,0.6945,0.5179,0.6945,0.4966,0.6944,Screen Recording,Screen Recording Recording8.mp4,1920,1080,0,0,960,540,Fixation,2604,217,972,748,0.5063,0.6928,,,,,,,,,,,
95626849,472178620589,Eye Tracker,LipReading_BJ,10/21/2025,CJY,Recording8,10/18/2025,10/18/2025,10:09:23.595,02:09:23.595,431768,Timeline1,Tobii I-VT (Fixation),1.241.54219,1080,1920,10.0,3.7,2.3,2.7,0.31,0.19,0.23,13,8,10,4.3,4.1,3.4,0.38,0.36,0.3,16,15,12,7395752952,,,955,750,,,955,750,,,,-0.04705,0.0906,-0.99477,,4.184,4.176,,,,Invalid,Valid,,,,283.7,162.1,475.5,,,261.3,205.4,0.4972,0.6948,,,0.4972,0.6948,Screen Recording,Screen Recording Recording8.mp4,1920,1080,0,0,960,540,Fixation,2604,217,972,748,0.5063,0.6928,,,,,,,,,,,
95630850,472178624590,Eye Tracker,LipReading_BJ,10/21/2025,CJY,Recording8,10/18/2025,10/18/2025,10:09:23.595,02:09:23.595,431768,Timeline1,Tobii I-VT (Fixation),1.241.54219,1080,1920,10.0,3.7,2.3,2.7,0.31,0.19,0.23,13,8,10,4.3,4.1,3.4,0.38,0.36,0.3,16,15,12,7395756953,,,980,755,999,754,961,755,0.09739,0.08997,-0.99117,-0.04352,0.09337,-0.99468,4.153,4.184,4.177,,,,Valid,Valid,226.6,163.0,476.8,283.8,162.1,475.5,273.4,206.3,262.9,206.7,0.5104,0.6986,0.5204,0.6979,0.5004,0.6993,Screen Recording,Screen Recording Recording8.mp4,1920,1080,0,0,960,540,Fixation,2604,217,972,748,0.5063,0.6928,,,,,,,,,,,
95634849,472178628589,Eye Tracker,LipReading_BJ,10/21/2025,CJY,Recording8,10/18/2025,10/18/2025,10:09:23.595,02:09:23.595,431768,Timeline1,Tobii I-VT (Fixation),1.241.54219,1080,1920,10.0,3.7,2.3,2.7,0.31,0.19,0.23,13,8,10,4.3,4.1,3.4,0.38,0.36,0.3,16,15,12,7395760952,,,980,747,1006,750,954,745,0.10127,0.08765,-0.99099,-0.04742,0.0872,-0.99506,4.184,4.186,4.181,,,,Valid,Valid,226.6,163.0,476.8,283.8,162.1,475.4,275.3,205.2,261.1,203.7,0.5105,0.6917,0.524,0.6941,0.4969,0.6894,Screen Recording,Screen Recording Recording8.mp4,1920,1080,0,0,960,540,Fixation,2604,217,972,748,0.5063,0.6928,,,,,,,,,,,
95638849,472178632589,Eye Tracker,LipReading_BJ,10/21/2025,CJY,Recording8,10/18/2025,10/18/2025,10:09:23.595,02:09:23.595,431768,Timeline1,Tobii I-VT (Fixation),1.241.54219,1080,1920,10.0,3.7,2.3,2.7,0.31,0.19,0.23,13,8,10,4.3,4.1,3.4,0.38,0.36,0.3,16,15,12,7395764952,,,976,756,996,760,957,752,0.09557,0.09338,-0.99103,-0.04601,0.09164,-0.99473,4.184,4.208,4.183,,,,Valid,Valid,226.6,163.0,476.8,283.8,162.1,475.4,272.6,207.9,261.8,205.9,0.5085,0.7,0.5188,0.7034,0.4982,0.6966,Screen Recording,Screen Recording Recording8.mp4,1920,1080,0,0,960,540,Fixation,2604,217,972,748,0.5063,0.6928,,,,,,,,,,,
95642848,472178636588,Eye Tracker,LipReading_BJ,10/21/2025,CJY,Recording8,10/18/2025,10/18/2025,10:09:23.595,02:09:23.595,431768,Timeline1,Tobii I-VT (Fixation),1.241.54219,1080,1920,10.0,3.7,2.3,2.7,0.31,0.19,0.23,13,8,10,4.3,4.1,3.4,0.38,0.36,0.3,16,15,12,7395768952,,,973,751,991,751,955,751,0.09282,0.08863,-0.99173,-0.04671,0.09081,-0.99477,4.176,4.213,4.183,,,,Valid,Valid,226.6,163.0,476.8,283.8,162.1,475.4,271.3,205.6,261.5,205.5,0.5069,0.6954,0.5163,0.6957,0.4976,0.6952,Screen Recording,Screen Recording Recording8.mp4,1920,1080,0,0,960,540,Fixation,2604,217,972,748,0.5063,0.6928,,,,,,,,,,,
95646848,472178640588,Eye Tracker,LipReading_BJ,10/21/2025,CJY,Recording8,10/18/2025,10/18/2025,10:09:23.595,02:09:23.595,431768,Timeline1,Tobii I-VT (Fixation),1.241.54219,1080,1920,10.0,3.7,2.3,2.7,0.31,0.19,0.23,13,8,10,4.3,4.1,3.4,0.38,0.36,0.3,16,15,12,7395772952,,,975,752,990,751,959,754,0.09226,0.08859,-0.99179,-0.04474,0.09232,-0.99472,4.156,4.191,4.19,,,,Valid,Valid,226.6,163.0,476.8,283.8,162.1,475.4,271.0,205.6,262.4,206.2,0.5076,0.6966,0.5158,0.6956,0.4994,0.6977,Screen Recording,Screen Recording Recording8.mp4,1920,1080,0,0,960,540,Fixation,2604,217,972,748,0.5063,0.6928,,,,,,,,,,,
95650849,472178644589,Eye Tracker,LipReading_BJ,10/21/2025,CJY,Recording8,10/18/2025,10/18/2025,10:09:23.595,02:09:23.595,431768,Timeline1,Tobii I-VT (Fixation),1.241.54219,1080,1920,10.0,3.7,2.3,2.7,0.31,0.19,0.23,13,8,10,4.3,4.1,3.4,0.38,0.36,0.3,16,15,12,7395776953,,,975,752,998,756,952,748,0.09667,0.09118,-0.99113,-0.04897,0.08905,-0.99482,4.148,4.173,4.18,,,,Valid,Valid,226.7,163.0,476.8,283.8,162.1,475.5,273.2,206.9,260.4,204.6,0.5077,0.6961,0.5199,0.6999,0.4956,0.6924,Screen Recording,Screen Recording Recording8.mp4,1920,1080,0,0,960,540,Fixation,2604,217,972,748,0.5063,0.6928,,,,,,,,,,,
95654848,472178648588,Eye Tracker,LipReading_BJ,10/21/2025,CJY,Recording8,10/18/2025,10/18/2025,10:09:23.595,02:09:23.595,431768,Timeline1,Tobii I-VT (Fixation),1.241.54219,1080,1920,10.0,3.7,2.3,2.7,0.31,0.19,0.23,13,8,10,4.3,4.1,3.4,0.38,0.36,0.3,16,15,12,7395780952,,,971,753,993,759,949,748,0.094,0.09297,-0.99122,-0.05049,0.08907,-0.99474,4.171,4.212,4.174,,,,Valid,Valid,226.7,163.0,476.8,283.8,162.1,475.5,271.9,207.7,259.7,204.7,0.5058,0.6976,0.5174,0.7028,0.4942,0.6925,Screen Recording,Screen Recording Recording8.mp4,1920,1080,0,0,960,540,Fixation,2604,217,972,748,0.5063,0.6928,,,,,,,,,,,
95658848,472178652588,Eye Tracker,LipReading_BJ,10/21/2025,CJY,Recording8,10/18/2025,10/18/2025,10:09:23.595,02:09:23.595,431768,Timeline1,Tobii I-VT (Fixation),1.241.54219,1080,1920,10.0,3.7,2.3,2.7,0.31,0.19,0.23,13,8,10,4.3,4.1,3.4,0.38,0.36,0.3,16,15,12,7395784952,,,974,750,995,756,953,744,0.09464,0.09123,-0.99132,-0.04815,0.08672,-0.99507,4.169,4.191,4.184,,,,Valid,Valid,226.7,163.0,476.9,283.8,162.1,475.5,272.2,206.9,260.8,203.5,0.5072,0.6943,0.518,0.6999,0.4964,0.6886,Screen Recording,Screen Recording Recording8.mp4,1920,1080,0,0,960,540,Fixation,2604,217,972,748,0.5063,0.6928,,,,,,,,,,,
95662848,472178656588,Eye Tracker,LipReading_BJ,10/21/2025,CJY,Recording8,10/18/2025,10/18/2025,10:09:23.595,02:09:23.595,431768,Timeline1,Tobii I-VT (Fixation),1.241.54219,1080,1920,10.0,3.7,2.3,2.7,0.31,0.19,0.23,13,8,10,4.3,4.1,3.4,0.38,0.36,0.3,16,15,12,7395788952,,,973,754,991,759,956,749,0.09235,0.09296,-0.99138,-0.04637,0.08945,-0.99491,4.157,4.199,4.186,,,,Valid,Valid,226.7,163.0,476.8,283.8,162.1,475.5,271.1,207.7,261.7,204.8,0.507,0.6979,0.516,0.7028,0.498,0.6931,Screen Recording,Screen Recording Recording8.mp4,1920,1080,0,0,960,540,Fixation,2604,217,972,748,0.5063,0.6928,,,,,,,,,,,
95666848,472178660588,Eye Tracker,LipReading_BJ,10/21/2025,CJY,Recording8,10/18/2025,10/18/2025,10:09:23.595,02:09:23.595,431768,Timeline1,Tobii I-VT (Fixation),1.241.54219,1080,1920,10.0,3.7,2.3,2.7,0.31,0.19,0.23,13,8,10,4.3,4.1,3.4,0.38,0.36,0.3,16,15,12,7395792952,,,974,749,993,752,955,745,0.09372,0.08909,-0.9916,-0.04717,0.08764,-0.99503,4.179,4.205,4.188,,,,Valid,Valid,226.7,163.0,476.8,283.8,162.1,475.5,271.8,205.9,261.3,204.0,0.5073,0.6933,0.5172,0.6965,0.4973,0.6902,Screen Recording,Screen Recording Recording8.mp4,1920,1080,0,0,960,540,Fixation,2604,217,972,748,0.5063,0.6928,,,,,,,,,,,
95670844,472178664584,Eye Tracker,LipReading_BJ,10/21/2025,CJY,Recording8,10/18/2025,10/18/2025,10:09:23.595,02:09:23.595,431768,Timeline1,Tobii I-VT (Fixation),1.241.54219,1080,1920,10.0,3.7,2.3,2.7,0.31,0.19,0.23,13,8,10,4.3,4.1,3.4,0.38,0.36,0.3,16,15,12,7395796948,,,959,750,,,959,750,,,,-0.04505,0.09005,-0.99492,,4.2,4.188,,,,Invalid,Valid,,,,283.9,162.1,475.5,,,262.3,205.1,0.4992,0.6941,,,0.4992,0.6941,Screen Recording,Screen Recording Recording8.mp4,1920,1080,0,0,960,540,Fixation,2604,217,972,748,0.5063,0.6928,,,,,,,,,,,
95674843,472178668583,Eye Tracker,LipReading_BJ,10/21/2025,CJY,Recording8,10/18/2025,10/18/2025,10:09:23.595,02:09:23.595,431768,Timeline1,Tobii I-VT (Fixation),1.241.54219,1080,1920,10.0,3.7,2.3,2.7,0.31,0.19,0.23,13,8,10,4.3,4.1,3.4,0.38,0.36,0.3,16,15,12,7395800947,,,975,749,994,755,955,744,0.09446,0.09057,-0.9914,-0.04697,0.0866,-0.99514,4.178,4.197,4.187,,,,Valid,Valid,226.7,163.0,476.8,283.9,162.1,475.5,272.1,206.6,261.4,203.5,0.5077,0.6937,0.5179,0.699,0.4975,0.6885,Screen Recording,Screen Recording Recording8.mp4,1920,1080,0,0,960,540,Fixation,2604,217,972,748,0.5063,0.6928,,,,,,,,,,,
95678843,472178672583,Eye Tracker,LipReading_BJ,10/21/2025,CJY,Recording8,10/18/2025,10/18/2025,10:09:23.595,02:09:23.595,431768,Timeline1,Tobii I-VT (Fixation),1.241.54219,1080,1920,10.0,3.7,2.3,2.7,0.31,0.19,0.23,13,8,10,4.3,4.1,3.4,0.38,0.36,0.3,16,15,12,7395804947,,,974,751,997,759,951,743,0.09564,0.09297,-0.99107,-0.04951,0.08628,-0.99504,4.15,4.188,4.181,,,,Valid,Valid,226.7,163.0,476.8,283.9,162.1,475.5,272.7,207.8,260.2,203.3,0.5071,0.6955,0.519,0.7029,0.4952,0.688,Screen Recording,Screen Recording Recording8.mp4,1920,1080,0,0,960,540,Fixation,2604,217,972,748,0.5063,0.6928,,,,,,,,,,,
95682842,472178676582,Eye Tracker,LipReading_BJ,10/21/2025,CJY,Recording8,10/18/2025,10/18/2025,10:09:23.595,02:09:23.595,431768,Timeline1,Tobii I-VT (Fixation),1.241.54219,1080,1920,10.0,3.7,2.3,2.7,0.31,0.19,0.23,13,8,10,4.3,4.1,3.4,0.38,0.36,0.3,16,15,12,7395808947,,,956,747,,,956,747,,,,-0.04632,0.0888,-0.99497,,4.194,4.18,,,,Invalid,Valid,,,,283.9,162.1,475.5,,,261.7,204.6,0.4981,0.6921,,,0.4981,0.6921,Screen Recording,Screen Recording Recording8.mp4,1920,1080,0,0,960,540,Fixation,2604,217,972,748,0.5063,0.6928,,,,,,,,,,,
95686842,472178680582,Eye Tracker,LipReading_BJ,10/21/2025,CJY,Recording8,10/18/2025,10/18/2025,10:09:23.595,02:09:23.595,431768,Timeline1,Tobii I-VT (Fixation),1.241.54219,1080,1920,10.0,3.7,2.3,2.7,0.31,0.19,0.23,13,8,10,4.3,4.1,3.4,0.38,0.36,0.3,16,15,12,7395812947,,,953,749,,,953,749,,,,-0.0483,0.0894,-0.99482,,4.195,4.18,,,,Invalid,Valid,,,,283.9,162.1,475.5,,,260.8,204.9,0.4963,0.6931,,,0.4963,0.6931,Screen Recording,Screen Recording Recording8.mp4,1920,1080,0,0,960,540,Fixation,2604,217,972,748,0.5063,0.6928,,,,,,,,,,,
95690843,472178684583,Eye Tracker,LipReading_BJ,10/21/2025,CJY,Recording8,10/18/2025,10/18/2025,10:09:23.595,02:09:23.595,431768,Timeline1,Tobii I-VT (Fixation),1.241.54219,1080,1920,10.0,3.7,2.3,2.7,0.31,0.19,0.23,13,8,10,4.3,4.1,3.4,0.38,0.36,0.3,16,15,12,7395816948,,,977,757,996,752,957,761,0.09532,0.08909,-0.99145,-0.04578,0.09658,-0.99427,4.174,4.194,4.185,,,,Valid,Valid,226.7,163.1,476.8,283.9,162.1,475.5,272.6,205.9,262.0,208.3,0.5086,0.7008,0.5187,0.6967,0.4986,0.7049,Screen Recording,Screen Recording Recording8.mp4,1920,1080,0,0,960,540,Fixation,2604,217,972,748,0.5063,0.6928,,,,,,,,,,,
95694842,472178688582,Eye Tracker,LipReading_BJ,10/21/2025,CJY,Recording8,10/18/2025,10/18/2025,10:09:23.595,02:09:23.595,431768,Timeline1,Tobii I-VT (Fixation),1.241.54219,1080,1920,10.0,3.7,2.3,2.7,0.31,0.19,0.23,13,8,10,4.3,4.1,3.4,0.38,0.36,0.3,16,15,12,7395820947,,,971,752,991,759,951,745,0.09273,0.09305,-0.99133,-0.04959,0.0874,-0.99494,4.176,4.2,4.186,,,,Valid,Valid,226.7,163.1,476.8,283.9,162.1,475.5,271.3,207.8,260.2,203.9,0.5057,0.6965,0.5163,0.7031,0.4951,0.6899,Screen Recording,Screen Recording Recording8.mp4,1920,1080,0,0,960,540,Fixation,2604,217,972,748,0.5063,0.6928,,,,,,,,,,,
95698842,472178692582,Eye Tracker,LipReading_BJ,10/21/2025,CJY,Recording8,10/18/2025,10/18/2025,10:09:23.595,02:09:23.595,431768,Timeline1,Tobii I-VT (Fixation),1.241.54219,1080,1920,10.0,3.7,2.3,2.7,0.31,0.19,0.23,13,8,10,4.3,4.1,3.4,0.38,0.36,0.3,16,15,12,7395824947,,,973,750,993,752,953,749,0.09371,0.08901,-0.99161,-0.04794,0.08944,-0.99484,4.182,4.199,4.187,,,,Valid,Valid,226.7,163.1,476.9,283.9,162.2,475.5,271.8,205.9,260.9,204.9,0.5069,0.6949,0.5172,0.6965,0.4966,0.6933,Screen Recording,Screen Recording Recording8.mp4,1920,1080,0,0,960,540,Fixation,2604,217,972,748,0.5063,0.6928,,,,,,,,,,,
95702842,472178696582,Eye Tracker,LipReading_BJ,10/21/2025,CJY,Recording8,10/18/2025,10/18/2025,10:09:23.595,02:09:23.595,431768,Timeline1,Tobii I-VT (Fixation),1.241.54219,1080,1920,10.0,3.7,2.3,2.7,0.31,0.19,0.23,13,8,10,4.3,4.1,3.4,0.38,0.36,0.3,16,15,12,7395828947,,,973,751,993,758,953,745,0.09372,0.09235,-0.99131,-0.04829,0.08722,-0.99502,4.169,4.199,4.188,,,,Valid,Valid,226.7,163.1,476.9,283.8,162.2,475.5,271.8,207.5,260.8,203.8,0.5068,0.6958,0.5172,0.702,0.4963,0.6897,Screen Recording,Screen Recording Recording8.mp4,1920,1080,0,0,960,540,Fixation,2604,217,972,748,0.5063,0.6928,,,,,,,,,,,
95706842,472178700582,Eye Tracker,LipReading_BJ,10/21/2025,CJY,Recording8,10/18/2025,10/18/2025,10:09:23.595,02:09:23.595,431768,Timeline1,Tobii I-VT (Fixation),1.241.54219,1080,1920,10.0,3.7,2.3,2.7,0.31,0.19,0.23,13,8,10,4.3,4.1,3.4,0.38,0.36,0.3,16,15,12,7395832947,,,974,755,993,757,955,752,0.09343,0.0916,-0.9914,-0.04696,0.0915,-0.9947,4.17,4.205,4.188,,,,Valid,Valid,226.7,163.0,477.0,283.8,162.2,475.5,271.6,207.1,261.4,205.9,0.5072,0.6987,0.517,0.7007,0.4975,0.6967,Screen Recording,Screen Recording Recording8.mp4,1920,1080,0,0,960,540,Fixation,2604,217,972,748,0.5063,0.6928,,,,,,,,,,,
95710843,472178704583,Eye Tracker,LipReading_BJ,10/21/2025,CJY,Recording8,10/18/2025,10/18/2025,10:09:23.595,02:09:23.595,431768,Timeline1,Tobii I-VT (Fixation),1.241.54219,1080,1920,10.0,3.7,2.3,2.7,0.31,0.19,0.23,13,8,10,4.3,4.1,3.4,0.38,0.36,0.3,16,15,12,7395836948,,,954,751,,,954,751,,,,-0.04741,0.09077,-0.99474,,4.186,4.186,,,,Invalid,Valid,,,,283.8,162.2,475.5,,,261.2,205.6,0.497,0.6955,,,0.497,0.6955,Screen Recording,Screen Recording Recording8.mp4,1920,1080,0,0,960,540,Fixation,2604,217,972,748,0.5063,0.6928,,,,,,,,,,,
95714842,472178708582,Eye Tracker,LipReading_BJ,10/21/2025,CJY,Recording8,10/18/2025,10/18/2025,10:09:23.595,02:09:23.595,431768,Timeline1,Tobii I-VT (Fixation),1.241.54219,1080,1920,10.0,3.7,2.3,2.7,0.31,0.19,0.23,13,8,10,4.3,4.1,3.4,0.38,0.36,0.3,16,15,12,7395840947,,,950,756,,,950,756,,,,-0.04973,0.09333,-0.99439,,4.186,4.186,,,,Invalid,Valid,,,,283.8,162.2,475.5,,,260.0,206.8,0.4949,0.6997,,,0.4949,0.6997,Screen Recording,Screen Recording Recording8.mp4,1920,1080,0,0,960,540,Fixation,2604,217,972,748,0.5063,0.6928,,,,,,,,,,,
95718842,472178712582,Eye Tracker,LipReading_BJ,10/21/2025,CJY,Recording8,10/18/2025,10/18/2025,10:09:23.595,02:09:23.595,431768,Timeline1,Tobii I-VT (Fixation),1.241.54219,1080,1920,10.0,3.7,2.3,2.7,0.31,0.19,0.23,13,8,10,4.3,4.1,3.4,0.38,0.36,0.3,16,15,12,7395844947,,,969,749,993,752,945,745,0.09356,0.08896,-0.99163,-0.05259,0.08742,-0.99478,4.193,4.194,4.186,,,,Valid,Valid,226.6,163.1,477.0,283.8,162.2,475.5,271.6,205.8,258.7,204.0,0.5046,0.6933,0.517,0.6964,0.4923,0.6901,Screen Recording,Screen Recording Recording8.mp4,1920,1080,0,0,960,540,Fixation,2604,217,972,748,0.5063,0.6928,,,,,,,,,,,
95722842,472178716582,Eye Tracker,LipReading_BJ,10/21/2025,CJY,Recording8,10/18/2025,10/18/2025,10:09:23.595,02:09:23.595,431768,Timeline1,Tobii I-VT (Fixation),1.241.54219,1080,1920,10.0,3.7,2.3,2.7,0.31,0.19,0.23,13,8,10,4.3,4.1,3.4,0.38,0.36,0.3,16,15,12,7395848947,,,969,754,993,760,944,748,0.09383,0.09312,-0.99122,-0.05304,0.08908,-0.99461,4.167,4.225,4.186,,,,Valid,Valid,226.6,163.1,476.9,283.8,162.2,475.5,271.8,207.9,258.4,204.8,0.5045,0.6981,0.5172,0.7033,0.4918,0.6928,Screen Recording,Screen Recording Recording8.mp4,1920,1080,0,0,960,540,Fixation,2604,217,972,748,0.5063,0.6928,,,,,,,,,,,
95726842,472178720582,Eye Tracker,LipReading_BJ,10/21/2025,CJY,Recording8,10/18/2025,10/18/2025,10:09:23.595,02:09:23.595,431768,Timeline1,Tobii I-VT (Fixation),1.241.54219,1080,1920,10.0,3.7,2.3,2.7,0.31,0.19,0.23,13,8,10,4.3,4.1,3.4,0.38,0.36,0.3,16,15,12,7395852947,,,973,753,997,759,950,746,0.09593,0.09275,-0.99106,-0.05003,0.08789,-0.99487,4.171,4.225,4.195,,,,Valid,Valid,226.6,163.0,477.0,283.8,162.2,475.4,272.8,207.7,259.9,204.2,0.5069,0.6968,0.5192,0.7027,0.4946,0.6909,Screen Recording,Screen Recording Recording8.mp4,1920,1080,0,0,960,540,Fixation,2604,217,972,748,0.5063,0.6928,,,,,,,,,,,
95730843,472178724583,Eye Tracker,LipReading_BJ,10/21/2025,CJY,Recording8,10/18/2025,10/18/2025,10:09:23.595,02:09:23.595,431768,Timeline1,Tobii I-VT (Fixation),1.241.54219,1080,1920,10.0,3.7,2.3,2.7,0.31,0.19,0.23,13,8,10,4.3,4.1,3.4,0.38,0.36,0.3,16,15,12,7395856948,,,970,749,993,750,947,747,0.09377,0.08788,-0.99171,-0.05137,0.08859,-0.99474,4.174,4.199,4.193,,,,Valid,Valid,226.6,163.1,477.0,283.8,162.2,475.4,271.7,205.3,259.2,204.5,0.5052,0.6933,0.5171,0.6947,0.4933,0.692,Screen Recording,Screen Recording Recording8.mp4,1920,1080,0,0,960,540,Fixation,2604,217,972,748,0.5063,0.6928,,,,,,,,,,,
95734842,472178728582,Eye Tracker,LipReading_BJ,10/21/2025,CJY,Recording8,10/18/2025,10/18/2025,10:09:23.595,02:09:23.595,431768,Timeline1,Tobii I-VT (Fixation),1.241.54219,1080,1920,10.0,3.7,2.3,2.7,0.31,0.19,0.23,13,8,10,4.3,4.1,3.4,0.38,0.36,0.3,16,15,12,7395860947,,,978,745,1005,749,950,741,0.10075,0.08719,-0.99108,-0.04963,0.08477,-0.99516,4.184,4.215,4.187,,,,Valid,Valid,226.6,163.1,476.9,283.7,162.2,475.5,275.1,205.0,260.0,202.7,0.5092,0.6897,0.5235,0.6937,0.4949,0.6857,Screen Recording,Screen Recording Recording8.mp4,1920,1080,0,0,960,540,Fixation,2604,217,972,748,0.5063,0.6928,,,,,,,,,,,
95738842,472178732582,Eye Tracker,LipReading_BJ,10/21/2025,CJY,Recording8,10/18/2025,10/18/2025,10:09:23.595,02:09:23.595,431768,Timeline1,Tobii I-VT (Fixation),1.241.54219,1080,1920,10.0,3.7,2.3,2.7,0.31,0.19,0.23,13,8,10,4.3,4.1,3.4,0.38,0.36,0.3,16,15,12,7395864947,,,973,747,997,749,948,746,0.09644,0.08696,-0.99153,-0.05076,0.08793,-0.99483,4.162,4.202,4.188,,,,Valid,Valid,226.6,163.1,476.8,283.7,162.1,475.5,273.0,204.9,259.5,204.2,0.5067,0.692,0.5195,0.6932,0.4938,0.6908,Screen Recording,Screen Recording Recording8.mp4,1920,1080,0,0,960,540,Fixation,2604,217,972,748,0.5063,0.6928,,,,,,,,,,,
95742842,472178736582,Eye Tracker,LipReading_BJ,10/21/2025,CJY,Recording8,10/18/2025,10/18/2025,10:09:23.595,02:09:23.595,431768,Timeline1,Tobii I-VT (Fixation),1.241.54219,1080,1920,10.0,3.7,2.3,2.7,0.31,0.19,0.23,13,8,10,4.3,4.1,3.4,0.38,0.36,0.3,16,15,12,7395868947,,,975,753,997,755,952,751,0.09648,0.09029,-0.99123,-0.04843,0.09096,-0.99468,4.169,4.204,4.189,,,,Valid,Valid,226.6,163.1,476.8,283.7,162.1,475.6,273.0,206.5,260.6,205.6,0.5077,0.6972,0.5195,0.6987,0.4959,0.6957,Screen Recording,Screen Recording Recording8.mp4,1920,1080,0,0,960,540,Fixation,2604,217,972,748,0.5063,0.6928,,,,,,,,,,,
95746842,472178740582,Eye Tracker,LipReading_BJ,10/21/2025,CJY,Recording8,10/18/2025,10/18/2025,10:09:23.595,02:09:23.595,431768,Timeline1,Tobii I-VT (Fixation),1.241.54219,1080,1920,10.0,3.7,2.3,2.7,0.31,0.19,0.23,13,8,10,4.3,4.1,3.4,0.38,0.36,0.3,16,15,12,7395872947,,,971,751,994,758,948,744,0.09429,0.09212,-0.99127,-0.05079,0.08687,-0.99492,4.174,4.188,4.188,,,,Valid,Valid,226.6,163.1,476.8,283.7,162.1,475.6,271.9,207.4,259.4,203.6,0.5056,0.6953,0.5175,0.7016,0.4938,0.689,Screen Recording,Screen Recording Recording8.mp4,1920,1080,0,0,960,540,Fixation,2604,217,972,748,0.5063,0.6928,,,,,,,,,,,
95750843,472178744583,Eye Tracker,LipReading_BJ,10/21/2025,CJY,Recording8,10/18/2025,10/18/2025,10:09:23.595,02:09:23.595,431768,Timeline1,Tobii I-VT (Fixation),1.241.54219,1080,1920,10.0,3.7,2.3,2.7,0.31,0.19,0.23,13,8,10,4.3,4.1,3.4,0.38,0.36,0.3,16,15,12,7395876948,,,976,754,998,759,955,749,0.09678,0.09277,-0.99097,-0.04683,0.08968,-0.99487,4.183,4.216,4.193,,,,Valid,Valid,226.6,163.1,476.8,283.7,162.1,475.6,273.1,207.7,261.3,205.0,0.5086,0.6981,0.5198,0.7027,0.4973,0.6936,Screen Recording,Screen Recording Recording8.mp4,1920,1080,0,0,960,540,Fixation,2604,217,972,748,0.5063,0.6928,,,,,,,,,,,
95754842,472178748582,Eye Tracker,LipReading_BJ,10/21/2025,CJY,Recording8,10/18/2025,10/18/2025,10:09:23.595,02:09:23.595,431768,Timeline1,Tobii I-VT (Fixation),1.241.54219,1080,1920,10.0,3.7,2.3,2.7,0.31,0.19,0.23,13,8,10,4.3,4.1,3.4,0.38,0.36,0.3,16,15,12,7395880947,,,976,752,997,753,955,752,0.09626,0.08935,-0.99134,-0.04685,0.09139,-0.99471,4.181,4.191,4.195,,,,Valid,Valid,226.5,163.0,476.8,283.7,162.1,475.6,272.8,206.0,261.3,205.8,0.5083,0.6967,0.5193,0.6971,0.4973,0.6963,Screen Recording,Screen Recording Recording8.mp4,1920,1080,0,0,960,540,Fixation,2604,217,972,748,0.5063,0.6928,,,,,,,,,,,
95758842,472178752582,Eye Tracker,LipReading_BJ,10/21/2025,CJY,Recording8,10/18/2025,10/18/2025,10:09:23.595,02:09:23.595,431768,Timeline1,Tobii I-VT (Fixation),1.241.54219,1080,1920,10.0,3.7,2.3,2.7,0.31,0.19,0.23,13,8,10,4.3,4.1,3.4,0.38,0.36,0.3,16,15,12,7395884947,,,971,749,990,754,951,743,0.09232,0.09011,-0.99164,-0.04903,0.08646,-0.99505,4.183,4.214,4.195,,,,Valid,Valid,226.5,163.0,476.9,283.7,162.1,475.5,270.9,206.4,260.3,203.4,0.5055,0.6933,0.5156,0.6982,0.4953,0.6883,Screen Recording,Screen Recording Recording8.mp4,1920,1080,0,0,960,540,Fixation,2604,217,972,748,0.5063,0.6928,,,,,,,,,,,
95762842,472178756582,Eye Tracker,LipReading_BJ,10/21/2025,CJY,Recording8,10/18/2025,10/18/2025,10:09:23.595,02:09:23.595,431768,Timeline1,Tobii I-VT (Fixation),1.241.54219,1080,1920,10.0,3.7,2.3,2.7,0.31,0.19,0.23,13,8,10,4.3,4.1,3.4,0.38,0.36,0.3,16,15,12,7395888947,,,972,748,992,752,952,745,0.09356,0.08869,-0.99165,-0.04854,0.08729,-0.995,4.179,4.209,4.194,,,,Valid,Valid,226.5,163.0,476.9,283.7,162.1,475.6,271.5,205.7,260.5,203.8,0.5063,0.6928,0.5168,0.6959,0.4958,0.6896,Screen Recording,Screen Recording Recording8.mp4,1920,1080,0,0,960,540,Fixation,2604,217,972,748,0.5063,0.6928,,,,,,,,,,,
95766842,472178760582,Eye Tracker,LipReading_BJ,10/21/2025,CJY,Recording8,10/18/2025,10/18/2025,10:09:23.595,02:09:23.595,431768,Timeline1,Tobii I-VT (Fixation),1.241.54219,1080,1920,10.0,3.7,2.3,2.7,0.31,0.19,0.23,13,8,10,4.3,4.1,3.4,0.38,0.36,0.3,16,15,12,7395892947,,,955,750,,,955,750,,,,-0.04687,0.09011,-0.99483,,4.185,4.189,,,,Invalid,Valid,,,,283.7,162.1,475.5,,,261.3,205.2,0.4973,0.6942,,,0.4973,0.6942,Screen Recording,Screen Recording Recording8.mp4,1920,1080,0,0,960,540,Fixation,2604,217,972,748,0.5063,0.6928,,,,,,,,,,,
95770843,472178764583,Eye Tracker,LipReading_BJ,10/21/2025,CJY,Recording8,10/18/2025,10/18/2025,10:09:23.595,02:09:23.595,431768,Timeline1,Tobii I-VT (Fixation),1.241.54219,1080,1920,10.0,3.7,2.3,2.7,0.31,0.19,0.23,13,8,10,4.3,4.1,3.4,0.38,0.36,0.3,16,15,12,7395896948,,,978,750,1002,753,954,748,0.09921,0.08972,-0.99101,-0.04711,0.08888,-0.99493,4.16,4.21,4.184,,,,Valid,Valid,226.5,163.0,476.9,283.7,162.1,475.6,274.3,206.2,261.2,204.6,0.5095,0.6949,0.522,0.6976,0.4971,0.6921,Screen Recording,Screen Recording Recording8.mp4,1920,1080,0,0,960,540,Fixation,2604,217,972,748,0.5063,0.6928,,,,,,,,,,,
95774842,472178768582,Eye Tracker,LipReading_BJ,10/21/2025,CJY,Recording8,10/18/2025,10/18/2025,10:09:23.595,02:09:23.595,431768,Timeline1,Tobii I-VT (Fixation),1.241.54219,1080,1920,10.0,3.7,2.3,2.7,0.31,0.19,0.23,13,8,10,4.3,4.1,3.4,0.38,0.36,0.3,16,15,12,7395900947,,,971,753,996,761,947,745,0.09553,0.09422,-0.99096,-0.05159,0.08748,-0.99483,4.147,4.181,4.184,,,,Valid,Valid,226.5,163.0,476.9,283.7,162.1,475.6,272.5,208.4,259.0,203.9,0.5058,0.6974,0.5186,0.7049,0.493,0.6899,Screen Recording,Screen Recording Recording8.mp4,1920,1080,0,0,960,540,Fixation,2604,217,972,748,0.5063,0.6928,,,,,,,,,,,
95778842,472178772582,Eye Tracker,LipReading_BJ,10/21/2025,CJY,Recording8,10/18/2025,10/18/2025,10:09:23.595,02:09:23.595,431768,Timeline1,Tobii I-VT (Fixation),1.241.54219,1080,1920,10.0,3.7,2.3,2.7,0.31,0.19,0.23,13,8,10,4.3,4.1,3.4,0.38,0.36,0.3,16,15,12,7395904947,,,976,750,1000,751,952,748,0.09773,0.08863,-0.99126,-0.04873,0.08936,-0.99481,4.175,4.199,4.186,,,,Valid,Valid,226.6,163.0,476.9,283.7,162.1,475.6,273.6,205.6,260.4,204.8,0.5081,0.6943,0.5206,0.6958,0.4956,0.6929,Screen Recording,Screen Recording Recording8.mp4,1920,1080,0,0,960,540,Fixation,2604,217,972,748,0.5063,0.6928,,,,,,,,,,,
95782842,472178776582,Eye Tracker,LipReading_BJ,10/21/2025,CJY,Recording8,10/18/2025,10/18/2025,10:09:23.595,02:09:23.595,431768,Timeline1,Tobii I-VT (Fixation),1.241.54219,1080,1920,10.0,3.7,2.3,2.7,0.31,0.19,0.23,13,8,10,4.3,4.1,3.4,0.38,0.36,0.3,16,15,12,7395908947,,,975,751,998,755,953,747,0.09685,0.09057,-0.99117,-0.0481,0.08852,-0.99491,4.189,4.198,4.181,,,,Valid,Valid,226.6,163.0,476.9,283.7,162.1,475.6,273.2,206.6,260.7,204.4,0.508,0.6952,0.5199,0.6989,0.4962,0.6915,Screen Recording,Screen Recording Recording8.mp4,1920,1080,0,0,960,540,Fixation,2604,217,972,748,0.5063,0.6928,,,,,,,,,,,
95786841,472178780581,Eye Tracker,LipReading_BJ,10/21/2025,CJY,Recording8,10/18/2025,10/18/2025,10:09:23.595,02:09:23.595,431768,Timeline1,Tobii I-VT (Fixation),1.241.54219,1080,1920,10.0,3.7,2.3,2.7,0.31,0.19,0.23,13,8,10,4.3,4.1,3.4,0.38,0.36,0.3,16,15,12,7395912947,,,951,745,,,951,745,,,,-0.04933,0.08762,-0.99493,,4.187,4.186,,,,Invalid,Valid,,,,283.7,162.1,475.6,,,260.2,203.9,0.4951,0.69,,,0.4951,0.69,Screen Recording,Screen Recording Recording8.mp4,1920,1080,0,0,960,540,Fixation,2604,217,972,748,0.5063,0.6928,,,,,,,,,,,
95790842,472178784582,Eye Tracker,LipReading_BJ,10/21/2025,CJY,Recording8,10/18/2025,10/18/2025,10:09:23.595,02:09:23.595,431768,Timeline1,Tobii I-VT (Fixation),1.241.54219,1080,1920,10.0,3.7,2.3,2.7,0.31,0.19,0.23,13,8,10,4.3,4.1,3.4,0.38,0.36,0.3,16,15,12,7395916948,,,969,756,991,768,946,745,0.09262,0.09797,-0.99087,-0.05183,0.08734,-0.99483,4.175,4.186,4.186,,,,Valid,Valid,226.6,163.0,476.9,283.7,162.1,475.6,271.2,210.1,259.0,203.8,0.5045,0.7003,0.5161,0.711,0.4929,0.6895,Screen Recording,Screen Recording Recording8.mp4,1920,1080,0,0,960,540,Fixation,2604,217,972,748,0.5063,0.6928,,,,,,,,,,,
95794841,472178788581,Eye Tracker,LipReading_BJ,10/21/2025,CJY,Recording8,10/18/2025,10/18/2025,10:09:23.595,02:09:23.595,431768,Timeline1,Tobii I-VT (Fixation),1.241.54219,1080,1920,10.0,3.7,2.3,2.7,0.31,0.19,0.23,13,8,10,4.3,4.1,3.4,0.38,0.36,0.3,16,15,12,7395920947,,,969,761,988,760,950,761,0.09102,0.09366,-0.99144,-0.04955,0.09684,-0.99407,4.157,4.196,4.18,,,,Valid,Valid,226.6,163.0,476.9,283.8,162.1,475.5,270.4,208.0,260.1,208.4,0.5047,0.7044,0.5146,0.7038,0.4949,0.705,Screen Recording,Screen Recording Recording8.mp4,1920,1080,0,0,960,540,Fixation,2604,217,972,748,0.5063,0.6928,,,,,,,,,,,
95798841,472178792581,Eye Tracker,LipReading_BJ,10/21/2025,CJY,Recording8,10/18/2025,10/18/2025,10:09:23.595,02:09:23.595,431768,Timeline1,Tobii I-VT (Fixation),1.241.54219,1080,1920,10.0,3.7,2.3,2.7,0.31,0.19,0.23,13,8,10,4.3,4.1,3.4,0.38,0.36,0.3,16,15,12,7395924947,,,970,753,992,754,949,752,0.09331,0.09026,-0.99154,-0.05053,0.09145,-0.99453,4.158,4.203,4.18,,,,Valid,Valid,226.6,163.0,476.9,283.8,162.1,475.5,271.5,206.4,259.6,205.8,0.5054,0.6972,0.5167,0.6982,0.4941,0.6962,Screen Recording,Screen Recording Recording8.mp4,1920,1080,0,0,960,540,Fixation,2604,217,972,748,0.5063,0.6928,,,,,,,,,,,
95802843,472178796583,Eye Tracker,LipReading_BJ,10/21/2025,CJY,Recording8,10/18/2025,10/18/2025,10:09:23.595,02:09:23.595,431768,Timeline1,Tobii I-VT (Fixation),1.241.54219,1080,1920,10.0,3.7,2.3,2.7,0.31,0.19,0.23,13,8,10,4.3,4.1,3.4,0.38,0.36,0.3,16,15,12,7395928949,,,969,752,987,752,952,752,0.09067,0.08934,-0.99187,-0.04887,0.09179,-0.99458,4.164,4.202,4.18,,,,Valid,Valid,226.6,162.9,476.9,283.8,162.0,475.5,270.2,205.9,260.4,205.9,0.5049,0.6967,0.5143,0.6967,0.4956,0.6967,Screen Recording,Screen Recording Recording8.mp4,1920,1080,0,0,960,540,Fixation,2604,217,972,748,0.5063,0.6928,,,,,,,,,,,
95806843,472178800583,Eye Tracker,LipReading_BJ,10/21/2025,CJY,Recording8,10/18/2025,10/18/2025,10:09:23.595,02:09:23.595,431768,Timeline1,Tobii I-VT (Fixation),1.241.54219,1080,1920,10.0,3.7,2.3,2.7,0.31,0.19,0.23,13,8,10,4.3,4.1,3.4,0.38,0.36,0.3,16,15,12,7395932949,,,970,750,989,751,951,749,0.09166,0.0888,-0.99182,-0.04934,0.08966,-0.99475,4.159,4.205,4.183,,,,Valid,Valid,226.6,162.9,477.0,283.8,162.0,475.5,270.7,205.6,260.2,204.9,0.5052,0.6945,0.5152,0.6957,0.4952,0.6932,Screen Recording,Screen Recording Recording8.mp4,1920,1080,0,0,960,540,Fixation,2604,217,972,748,0.5063,0.6928,,,,,,,,,,,
95810844,472178804584,Eye Tracker,LipReading_BJ,10/21/2025,CJY,Recording8,10/18/2025,10/18/2025,10:09:23.595,02:09:23.595,431768,Timeline1,Tobii I-VT (Fixation),1.241.54219,1080,1920,10.0,3.7,2.3,2.7,0.31,0.19,0.23,13,8,10,4.3,4.1,3.4,0.38,0.36,0.3,16,15,12,7395936950,,,958,751,,,958,751,,,,-0.04549,0.09086,-0.99482,,4.197,4.181,,,,Invalid,Valid,,,,283.8,162.0,475.5,,,262.1,205.4,0.4988,0.6951,,,0.4988,0.6951,Screen Recording,Screen Recording Recording8.mp4,1920,1080,0,0,960,540,Fixation,2604,217,972,748,0.5063,0.6928,,,,,,,,,,,
95814843,472178808583,Eye Tracker,LipReading_BJ,10/21/2025,CJY,Recording8,10/18/2025,10/18/2025,10:09:23.595,02:09:23.595,431768,Timeline1,Tobii I-VT (Fixation),1.241.54219,1080,1920,10.0,3.7,2.3,2.7,0.31,0.19,0.23,13,8,10,4.3,4.1,3.4,0.38,0.36,0.3,16,15,12,7395940949,,,972,750,990,751,955,748,0.09191,0.08842,-0.99183,-0.04717,0.08954,-0.99487,4.17,4.198,4.184,,,,Valid,Valid,226.7,162.9,477.0,283.8,162.0,475.5,270.9,205.4,261.3,204.8,0.5064,0.694,0.5155,0.6951,0.4973,0.6929,Screen Recording,Screen Recording Recording8.mp4,1920,1080,0,0,960,540,Fixation,2604,217,972,748,0.5063,0.6928,,,,,,,,,,,
95818843,472178812583,Eye Tracker,LipReading_BJ,10/21/2025,CJY,Recording8,10/18/2025,10/18/2025,10:09:23.595,02:09:23.595,431768,Timeline1,Tobii I-VT (Fixation),1.241.54219,1080,1920,10.0,3.7,2.3,2.7,0.31,0.19,0.23,13,8,10,4.3,4.1,3.4,0.38,0.36,0.3,16,15,12,7395944949,,,972,748,992,755,952,742,0.09296,0.09092,-0.99151,-0.04868,0.08569,-0.99513,4.194,4.193,4.184,,,,Valid,Valid,226.7,162.9,477.0,283.8,162.0,475.5,271.4,206.7,260.6,203.0,0.5062,0.6929,0.5165,0.6992,0.4959,0.6867,Screen Recording,Screen Recording Recording8.mp4,1920,1080,0,0,960,540,Fixation,2604,217,972,748,0.5063,0.6928,,,,,,,,,,,
95822843,472178816583,Eye Tracker,LipReading_BJ,10/21/2025,CJY,Recording8,10/18/2025,10/18/2025,10:09:23.595,02:09:23.595,431768,Timeline1,Tobii I-VT (Fixation),1.241.54219,1080,1920,10.0,3.7,2.3,2.7,0.31,0.19,0.23,13,8,10,4.3,4.1,3.4,0.38,0.36,0.3,16,15,12,7395948949,,,948,749,,,948,749,,,,-0.05108,0.08984,-0.99465,,4.203,4.185,,,,Invalid,Valid,,,,283.8,162.0,475.6,,,259.4,204.9,0.4937,0.6934,,,0.4937,0.6934,Screen Recording,Screen Recording Recording8.mp4,1920,1080,0,0,960,540,Fixation,2604,217,972,748,0.5063,0.6928,,,,,,,,,,,
95826843,472178820583,Eye Tracker,LipReading_BJ,10/21/2025,CJY,Recording8,10/18/2025,10/18/2025,10:09:23.595,02:09:23.595,431768,Timeline1,Tobii I-VT (Fixation),1.241.54219,1080,1920,10.0,3.7,2.3,2.7,0.31,0.19,0.23,13,8,10,4.3,4.1,3.4,0.38,0.36,0.3,16,15,12,7395952949,,,972,756,986,755,957,758,0.08975,0.0909,-0.99181,-0.04576,0.09503,-0.99442,4.167,4.207,4.184,,,,Valid,Valid,226.7,162.9,477.0,283.9,162.0,475.6,269.9,206.6,262.0,207.4,0.5061,0.7004,0.5136,0.6991,0.4986,0.7018,Screen Recording,Screen Recording Recording8.mp4,1920,1080,0,0,960,540,Fixation,2604,217,972,748,0.5063,0.6928,,,,,,,,,,,
95830844,472178824584,Eye Tracker,LipReading_BJ,10/21/2025,CJY,Recording8,10/18/2025,10/18/2025,10:09:23.595,02:09:23.595,431768,Timeline1,Tobii I-VT (Fixation),1.241.54219,1080,1920,10.0,3.7,2.3,2.7,0.31,0.19,0.23,13,8,10,4.3,4.1,3.4,0.38,0.36,0.3,16,15,12,7395956950,,,973,754,996,763,949,745,0.09557,0.09525,-0.99085,-0.0507,0.08742,-0.99488,4.168,4.2,4.185,,,,Valid,Valid,226.7,162.9,476.9,283.9,162.0,475.6,272.7,208.8,259.6,203.8,0.5066,0.6979,0.519,0.7064,0.4941,0.6894,Screen Recording,Screen Recording Recording8.mp4,1920,1080,0,0,960,540,Fixation,2604,217,972,748,0.5063,0.6928,,,,,,,,,,,
95834843,472178828583,Eye Tracker,LipReading_BJ,10/21/2025,CJY,Recording8,10/18/2025,10/18/2025,10:09:23.595,02:09:23.595,431768,Timeline1,Tobii I-VT (Fixation),1.241.54219,1080,1920,10.0,3.7,2.3,2.7,0.31,0.19,0.23,13,8,10,4.3,4.1,3.4,0.38,0.36,0.3,16,15,12,7395960949,,,970,753,992,755,949,750,0.09283,0.09091,-0.99152,-0.05045,0.09062,-0.99461,4.162,4.187,4.187,,,,Valid,Valid,226.7,162.9,476.9,283.9,162.0,475.6,271.4,206.7,259.7,205.3,0.5054,0.6969,0.5164,0.6992,0.4943,0.6946,Screen Recording,Screen Recording Recording8.mp4,1920,1080,0,0,960,540,Fixation,2604,217,972,748,0.5063,0.6928,,,,,,,,,,,
95838843,472178832583,Eye Tracker,LipReading_BJ,10/21/2025,CJY,Recording8,10/18/2025,10/18/2025,10:09:23.595,02:09:23.595,431768,Timeline1,Tobii I-VT (Fixation),1.241.54219,1080,1920,10.0,3.7,2.3,2.7,0.31,0.19,0.23,13,8,10,4.3,4.1,3.4,0.38,0.36,0.3,16,15,12,7395964949,,,973,757,992,762,954,753,0.09283,0.09451,-0.99119,-0.04749,0.09213,-0.99461,4.153,4.221,4.184,,,,Valid,Valid,226.7,162.9,476.9,283.9,162.0,475.6,271.4,208.4,261.2,206.0,0.5068,0.7011,0.5165,0.7051,0.497,0.6971,Screen Recording,Screen Recording Recording8.mp4,1920,1080,0,0,960,540,Fixation,2604,217,972,748,0.5063,0.6928,,,,,,,,,,,
95842843,472178836583,Eye Tracker,LipReading_BJ,10/21/2025,CJY,Recording8,10/18/2025,10/18/2025,10:09:23.595,02:09:23.595,431768,Timeline1,Tobii I-VT (Fixation),1.241.54219,1080,1920,10.0,3.7,2.3,2.7,0.31,0.19,0.23,13,8,10,4.3,4.1,3.4,0.38,0.36,0.3,16,15,12,7395968949,,,950,748,,,950,748,,,,-0.04978,0.08939,-0.99475,,4.215,4.191,,,,Invalid,Valid,,,,283.9,162.0,475.6,,,260.1,204.7,0.495,0.6927,,,0.495,0.6927,Screen Recording,Screen Recording Recording8.mp4,1920,1080,0,0,960,540,Fixation,2604,217,972,748,0.5063,0.6928,,,,,,,,,,,
95846843,472178840583,Eye Tracker,LipReading_BJ,10/21/2025,CJY,Recording8,10/18/2025,10/18/2025,10:09:23.595,02:09:23.595,431768,Timeline1,Tobii I-VT (Fixation),1.241.54219,1080,1920,10.0,3.7,2.3,2.7,0.31,0.19,0.23,13,8,10,4.3,4.1,3.4,0.38,0.36,0.3,16,15,12,7395972949,,,972,749,995,756,948,742,0.09498,0.09136,-0.99128,-0.05106,0.08587,-0.995,4.182,4.201,4.198,,,,Valid,Valid,226.7,162.9,477.0,283.9,162.0,475.6,272.4,206.9,259.5,203.0,0.5061,0.6935,0.5184,0.7,0.4938,0.687,Screen Recording,Screen Recording Recording8.mp4,1920,1080,0,0,960,540,Fixation,2604,217,972,748,0.5063,0.6928,,,,,,,,,,,
95850844,472178844584,Eye Tracker,LipReading_BJ,10/21/2025,CJY,Recording8,10/18/2025,10/18/2025,10:09:23.595,02:09:23.595,431768,Timeline1,Tobii I-VT (Fixation),1.241.54219,1080,1920,10.0,3.7,2.3,2.7,0.31,0.19,0.23,13,8,10,4.3,4.1,3.4,0.38,0.36,0.3,16,15,12,7395976950,,,975,756,995,757,954,755,0.09501,0.09194,-0.99122,-0.04767,0.09355,-0.99447,4.182,4.216,4.198,,,,Valid,Valid,226.7,162.9,477.0,283.9,162.0,475.6,272.4,207.2,261.1,206.7,0.5077,0.7002,0.5185,0.701,0.4968,0.6995,Screen Recording,Screen Recording Recording8.mp4,1920,1080,0,0,960,540,Fixation,2604,217,972,748,0.5063,0.6928,,,,,,,,,,,
95854843,472178848583,Eye Tracker,LipReading_BJ,10/21/2025,CJY,Recording8,10/18/2025,10/18/2025,10:09:23.595,02:09:23.595,431768,Timeline1,Tobii I-VT (Fixation),1.241.54219,1080,1920,10.0,3.7,2.3,2.7,0.31,0.19,0.23,13,8,10,4.3,4.1,3.4,0.38,0.36,0.3,16,15,12,7395980949,,,972,749,994,746,951,752,0.09427,0.08584,-0.99184,-0.04956,0.09131,-0.99459,4.203,4.204,4.199,,,,Valid,Valid,226.7,163.0,477.0,283.9,162.0,475.6,272.0,204.2,260.2,205.7,0.5064,0.6935,0.5177,0.691,0.4951,0.6959,Screen Recording,Screen Recording Recording8.mp4,1920,1080,0,0,960,540,Fixation,2604,217,972,748,0.5063,0.6928,,,,,,,,,,,
95858843,472178852583,Eye Tracker,LipReading_BJ,10/21/2025,CJY,Recording8,10/18/2025,10/18/2025,10:09:23.595,02:09:23.595,431768,Timeline1,Tobii I-VT (Fixation),1.241.54219,1080,1920,10.0,3.7,2.3,2.7,0.31,0.19,0.23,13,8,10,4.3,4.1,3.4,0.38,0.36,0.3,16,15,12,7395984949,,,975,753,996,760,954,747,0.09539,0.09337,-0.99105,-0.04787,0.08855,-0.99492,4.157,4.216,4.193,,,,Valid,Valid,226.7,163.0,477.0,283.8,162.0,475.6,272.6,207.9,261.0,204.4,0.5077,0.6974,0.5188,0.7034,0.4967,0.6915,Screen Recording,Screen Recording Recording8.mp4,1920,1080,0,0,960,540,Fixation,2604,217,972,748,0.5063,0.6928,,,,,,,,,,,
95862843,472178856583,Eye Tracker,LipReading_BJ,10/21/2025,CJY,Recording8,10/18/2025,10/18/2025,10:09:23.595,02:09:23.595,431768,Timeline1,Tobii I-VT (Fixation),1.241.54219,1080,1920,10.0,3.7,2.3,2.7,0.31,0.19,0.23,13,8,10,4.3,4.1,3.4,0.38,0.36,0.3,16,15,12,7395988949,,,971,749,992,751,950,746,0.09335,0.08872,-0.99167,-0.04983,0.08833,-0.99484,4.17,4.227,4.193,,,,Valid,Valid,226.7,163.0,477.0,283.8,162.1,475.6,271.6,205.6,260.0,204.3,0.5059,0.6935,0.5169,0.6958,0.4949,0.6912,Screen Recording,Screen Recording Recording8.mp4,1920,1080,0,0,960,540,Fixation,2604,217,972,748,0.5063,0.6928,,,,,,,,,,,
95866843,472178860583,Eye Tracker,LipReading_BJ,10/21/2025,CJY,Recording8,10/18/2025,10/18/2025,10:09:23.595,02:09:23.595,431768,Timeline1,Tobii I-VT (Fixation),1.241.54219,1080,1920,10.0,3.7,2.3,2.7,0.31,0.19,0.23,13,8,10,4.3,4.1,3.4,0.38,0.36,0.3,16,15,12,7395992949,,,972,746,994,753,950,739,0.09412,0.08978,-0.9915,-0.04979,0.08391,-0.99523,4.157,4.22,4.193,,,,Valid,Valid,226.7,163.0,477.0,283.8,162.1,475.5,272.0,206.2,260.0,202.2,0.5062,0.6908,0.5176,0.6975,0.4949,0.684,Screen Recording,Screen Recording Recording8.mp4,1920,1080,0,0,960,540,Fixation,2604,217,972,748,0.5063,0.6928,,,,,,,,,,,
95870844,472178864584,Eye Tracker,LipReading_BJ,10/21/2025,CJY,Recording8,10/18/2025,10/18/2025,10:09:23.595,02:09:23.595,431768,Timeline1,Tobii I-VT (Fixation),1.241.54219,1080,1920,10.0,3.7,2.3,2.7,0.31,0.19,0.23,13,8,10,4.3,4.1,3.4,0.38,0.36,0.3,16,15,12,7395996950,,,973,748,998,749,949,746,0.09631,0.08736,-0.99151,-0.05051,0.08801,-0.99484,4.172,4.207,4.189,,,,Valid,Valid,226.7,163.0,477.0,283.8,162.1,475.6,273.0,205.0,259.7,204.2,0.5069,0.6922,0.5196,0.6936,0.4942,0.6907,Screen Recording,Screen Recording Recording8.mp4,1920,1080,0,0,960,540,Fixation,2604,217,972,748,0.5063,0.6928,,,,,,,,,,,
95874843,472178868583,Eye Tracker,LipReading_BJ,10/21/2025,CJY,Recording8,10/18/2025,10/18/2025,10:09:23.595,02:09:23.595,431768,Timeline1,Tobii I-VT (Fixation),1.241.54219,1080,1920,10.0,3.7,2.3,2.7,0.31,0.19,0.23,13,8,10,4.3,4.1,3.4,0.38,0.36,0.3,16,15,12,7396000949,,,968,748,991,751,945,745,0.09265,0.08839,-0.99177,-0.05266,0.08744,-0.99478,4.181,4.203,4.189,,,,Valid,Valid,226.6,163.0,477.0,283.8,162.1,475.6,271.2,205.5,258.6,203.9,0.5042,0.6925,0.5162,0.6952,0.4922,0.6898,Screen Recording,Screen Recording Recording8.mp4,1920,1080,0,0,960,540,Fixation,2604,217,972,748,0.5063,0.6928,,,,,,,,,,,
95878843,472178872583,Eye Tracker,LipReading_BJ,10/21/2025,CJY,Recording8,10/18/2025,10/18/2025,10:09:23.595,02:09:23.595,431768,Timeline1,Tobii I-VT (Fixation),1.241.54219,1080,1920,10.0,3.7,2.3,2.7,0.31,0.19,0.23,13,8,10,4.3,4.1,3.4,0.38,0.36,0.3,16,15,12,7396004949,,,970,746,990,753,950,739,0.09207,0.08967,-0.99171,-0.04955,0.08419,-0.99522,4.17,4.2,4.189,,,,Valid,Valid,226.6,163.0,477.0,283.8,162.1,475.6,270.9,206.1,260.1,202.3,0.5053,0.6909,0.5156,0.6974,0.495,0.6845,Screen Recording,Screen Recording Recording8.mp4,1920,1080,0,0,960,540,Fixation,2604,217,972,748,0.5063,0.6928,,,,,,,,,,,
95882843,472178876583,Eye Tracker,LipReading_BJ,10/21/2025,CJY,Recording8,10/18/2025,10/18/2025,10:09:23.595,02:09:23.595,431768,Timeline1,Tobii I-VT (Fixation),1.241.54219,1080,1920,10.0,3.7,2.3,2.7,0.31,0.19,0.23,13,8,10,4.3,4.1,3.4,0.38,0.36,0.3,16,15,12,7396008949,,,972,754,991,757,954,751,0.0925,0.09201,-0.99145,-0.04747,0.09082,-0.99474,4.162,4.246,4.19,,,,Valid,Valid,226.6,163.0,477.0,283.8,162.1,475.6,271.1,207.3,261.1,205.5,0.5064,0.6983,0.516,0.7012,0.4969,0.6953,Screen Recording,Screen Recording Recording8.mp4,1920,1080,0,0,960,540,Fixation,2604,217,972,748,0.5063,0.6928,,,,,,,,,,,
95886842,472178880582,Eye Tracker,LipReading_BJ,10/21/2025,CJY,Recording8,10/18/2025,10/18/2025,10:09:23.595,02:09:23.595,431768,Timeline1,Tobii I-VT (Fixation),1.241.54219,1080,1920,10.0,3.7,2.3,2.7,0.31,0.19,0.23,13,8,10,4.3,4.1,3.4,0.38,0.36,0.3,16,15,12,7396012949,,,971,748,990,753,952,742,0.09207,0.08966,-0.99171,-0.04885,0.08576,-0.99512,4.169,4.219,4.195,,,,Valid,Valid,226.6,163.0,477.0,283.8,162.1,475.6,270.9,206.1,260.4,203.1,0.5056,0.6922,0.5156,0.6973,0.4956,0.6871,Screen Recording,Screen Recording Recording8.mp4,1920,1080,0,0,960,540,Fixation,2604,217,972,748,0.5063,0.6928,,,,,,,,,,,
95890843,472178884583,Eye Tracker,LipReading_BJ,10/21/2025,CJY,Recording8,10/18/2025,10/18/2025,10:09:23.595,02:09:23.595,431768,Timeline1,Tobii I-VT (Fixation),1.241.54219,1080,1920,10.0,3.7,2.3,2.7,0.31,0.19,0.23,13,8,10,4.3,4.1,3.4,0.38,0.36,0.3,16,15,12,7396016950,,,975,749,998,751,953,746,0.09658,0.08865,-0.99137,-0.04815,0.08807,-0.99495,4.182,4.209,4.194,,,,Valid,Valid,226.6,163.0,477.0,283.7,162.1,475.7,273.1,205.6,260.7,204.2,0.5079,0.6933,0.5197,0.6958,0.4962,0.6908,Screen Recording,Screen Recording Recording8.mp4,1920,1080,0,0,960,540,Fixation,2604,217,972,748,0.5063,0.6928,,,,,,,,,,,
95894842,472178888582,Eye Tracker,LipReading_BJ,10/21/2025,CJY,Recording8,10/18/2025,10/18/2025,10:09:23.595,02:09:23.595,431768,Timeline1,Tobii I-VT (Fixation),1.241.54219,1080,1920,10.0,3.7,2.3,2.7,0.31,0.19,0.23,13,8,10,4.3,4.1,3.4,0.38,0.36,0.3,16,15,12,7396020949,,,973,751,993,749,953,752,0.09392,0.0874,-0.99174,-0.04791,0.09139,-0.99466,4.193,4.229,4.197,,,,Valid,Valid,226.6,163.0,477.0,283.7,162.1,475.6,271.8,205.0,260.8,205.8,0.5068,0.695,0.5172,0.6937,0.4964,0.6962,Screen Recording,Screen Recording Recording8.mp4,1920,1080,0,0,960,540,Fixation,2604,217,972,748,0.5063,0.6928,,,,,,,,,,,
95898842,472178892582,Eye Tracker,LipReading_BJ,10/21/2025,CJY,Recording8,10/18/2025,10/18/2025,10:09:23.595,02:09:23.595,431768,Timeline1,Tobii I-VT (Fixation),1.241.54219,1080,1920,10.0,3.7,2.3,2.7,0.31,0.19,0.23,13,8,10,4.3,4.1,3.4,0.38,0.36,0.3,16,15,12,7396024949,,,968,748,990,750,947,746,0.09222,0.08811,-0.99183,-0.05133,0.08821,-0.99478,4.17,4.201,4.201,,,,Valid,Valid,226.6,163.0,477.0,283.7,162.1,475.7,270.9,205.4,259.2,204.2,0.5044,0.6929,0.5156,0.6948,0.4932,0.691,Screen Recording,Screen Recording Recording8.mp4,1920,1080,0,0,960,540,Fixation,2604,217,972,748,0.5063,0.6928,,,,,,,,,,,
95902842,472178896582,Eye Tracker,LipReading_BJ,10/21/2025,CJY,Recording8,10/18/2025,10/18/2025,10:09:23.595,02:09:23.595,431768,Timeline1,Tobii I-VT (Fixation),1.241.54219,1080,1920,10.0,3.7,2.3,2.7,0.31,0.19,0.23,13,8,10,4.3,4.1,3.4,0.38,0.36,0.3,16,15,12,7396028949,,,973,753,995,759,952,747,0.09514,0.0931,-0.9911,-0.04861,0.08848,-0.99489,4.202,4.212,4.204,,,,Valid,Valid,226.5,163.0,477.0,283.7,162.1,475.6,272.3,207.8,260.5,204.4,0.507,0.6973,0.5183,0.7031,0.4957,0.6915,Screen Recording,Screen Recording Recording8.mp4,1920,1080,0,0,960,540,Fixation,2604,217,972,748,0.5063,0.6928,,,,,,,,,,,
95906842,472178900582,Eye Tracker,LipReading_BJ,10/21/2025,CJY,Recording8,10/18/2025,10/18/2025,10:09:23.595,02:09:23.595,431768,Timeline1,Tobii I-VT (Fixation),1.241.54219,1080,1920,10.0,3.7,2.3,2.7,0.31,0.19,0.23,13,8,10,4.3,4.1,3.4,0.38,0.36,0.3,16,15,12,7396032949,,,970,750,990,758,949,742,0.09253,0.0923,-0.99142,-0.0503,0.0855,-0.99507,4.191,4.218,4.199,,,,Valid,Valid,226.5,163.0,477.0,283.7,162.1,475.6,271.1,207.4,259.6,203.0,0.505,0.6942,0.5158,0.7017,0.4942,0.6867,Screen Recording,Screen Recording Recording8.mp4,1920,1080,0,0,960,540,Fixation,2604,217,972,748,0.5063,0.6928,,,,,,,,,,,
95910843,472178904583,Eye Tracker,LipReading_BJ,10/21/2025,CJY,Recording8,10/18/2025,10/18/2025,10:09:23.595,02:09:23.595,431768,Timeline1,Tobii I-VT (Fixation),1.241.54219,1080,1920,10.0,3.7,2.3,2.7,0.31,0.19,0.23,13,8,10,4.3,4.1,3.4,0.38,0.36,0.3,16,15,12,7396036950,,,972,746,997,748,948,744,0.09622,0.08681,-0.99157,-0.05071,0.08659,-0.99495,4.169,4.218,4.204,,,,Valid,Valid,226.5,163.0,477.0,283.7,162.1,475.6,272.8,204.8,259.4,203.5,0.5065,0.6906,0.5192,0.6927,0.4937,0.6884,Screen Recording,Screen Recording Recording8.mp4,1920,1080,0,0,960,540,Fixation,2604,217,972,748,0.5063,0.6928,,,,,,,,,,,
95914842,472178908582,Eye Tracker,LipReading_BJ,10/21/2025,CJY,Recording8,10/18/2025,10/18/2025,10:09:23.595,02:09:23.595,431768,Timeline1,Tobii I-VT (Fixation),1.241.54219,1080,1920,10.0,3.7,2.3,2.7,0.31,0.19,0.23,13,8,10,4.3,4.1,3.4,0.38,0.36,0.3,16,15,12,7396040949,,,968,747,989,749,947,746,0.09204,0.08717,-0.99193,-0.05114,0.08784,-0.99482,4.187,4.211,4.204,,,,Valid,Valid,226.5,163.0,477.0,283.7,162.1,475.6,270.8,204.9,259.2,204.1,0.5043,0.6919,0.5153,0.6933,0.4933,0.6905,Screen Recording,Screen Recording Recording8.mp4,1920,1080,0,0,960,540,Fixation,2604,217,972,748,0.5063,0.6928,,,,,,,,,,,
95918842,472178912582,Eye Tracker,LipReading_BJ,10/21/2025,CJY,Recording8,10/18/2025,10/18/2025,10:09:23.595,02:09:23.595,431768,Timeline1,Tobii I-VT (Fixation),1.241.54219,1080,1920,10.0,3.7,2.3,2.7,0.31,0.19,0.23,13,8,10,4.3,4.1,3.4,0.38,0.36,0.3,16,15,12,7396044949,,,973,747,998,753,948,741,0.09672,0.0895,-0.99128,-0.05082,0.08528,-0.99506,4.198,4.218,4.204,,,,Valid,Valid,226.5,163.0,477.0,283.7,162.1,475.6,273.0,206.0,259.4,202.8,0.5066,0.6917,0.5196,0.6971,0.4936,0.6863,Screen Recording,Screen Recording Recording8.mp4,1920,1080,0,0,960,540,Fixation,2604,217,972,748,0.5063,0.6928,,,,,,,,,,,
95922842,472178916582,Eye Tracker,LipReading_BJ,10/21/2025,CJY,Recording8,10/18/2025,10/18/2025,10:09:23.595,02:09:23.595,431768,Timeline1,Tobii I-VT (Fixation),1.241.54219,1080,1920,10.0,3.7,2.3,2.7,0.31,0.19,0.23,13,8,10,4.3,4.1,3.4,0.38,0.36,0.3,16,15,12,7396048949,,,969,747,990,745,949,750,0.0922,0.08521,-0.99209,-0.05024,0.09003,-0.99467,4.191,4.236,4.204,,,,Valid,Valid,226.5,163.0,477.0,283.7,162.1,475.6,270.8,203.9,259.6,205.1,0.5048,0.692,0.5154,0.69,0.4941,0.6941,Screen Recording,Screen Recording Recording8.mp4,1920,1080,0,0,960,540,Fixation,2604,217,972,748,0.5063,0.6928,,,,,,,,,,,
95926842,472178920582,Eye Tracker,LipReading_BJ,10/21/2025,CJY,Recording8,10/18/2025,10/18/2025,10:09:23.595,02:09:23.595,431768,Timeline1,Tobii I-VT (Fixation),1.241.54219,1080,1920,10.0,3.7,2.3,2.7,0.31,0.19,0.23,13,8,10,4.3,4.1,3.4,0.38,0.36,0.3,16,15,12,7396052949,,,969,748,993,753,945,744,0.09427,0.08943,-0.99152,-0.05257,0.08664,-0.99485,4.199,4.212,4.207,,,,Valid,Valid,226.5,163.0,477.1,283.7,162.1,475.6,271.8,206.0,258.5,203.5,0.5047,0.6928,0.5174,0.697,0.492,0.6886,Screen Recording,Screen Recording Recording8.mp4,1920,1080,0,0,960,540,Fixation,2604,217,972,748,0.5063,0.6928,,,,,,,,,,,
95930843,472178924583,Eye Tracker,LipReading_BJ,10/21/2025,CJY,Recording8,10/18/2025,10/18/2025,10:09:23.595,02:09:23.595,431768,Timeline1,Tobii I-VT (Fixation),1.241.54219,1080,1920,10.0,3.7,2.3,2.7,0.31,0.19,0.23,13,8,10,4.3,4.1,3.4,0.38,0.36,0.3,16,15,12,7396056950,,,969,754,990,755,947,752,0.09237,0.09065,-0.99159,-0.05104,0.09163,-0.99448,4.178,4.227,4.201,,,,Valid,Valid,226.5,163.0,477.0,283.6,162.1,475.6,270.9,206.6,259.2,205.9,0.5045,0.6978,0.5156,0.6989,0.4934,0.6967,Screen Recording,Screen Recording Recording8.mp4,1920,1080,0,0,960,540,Fixation,2604,217,972,748,0.5063,0.6928,,,,,,,,,,,
95934839,472178928579,Eye Tracker,LipReading_BJ,10/21/2025,CJY,Recording8,10/18/2025,10/18/2025,10:09:23.595,02:09:23.595,431768,Timeline1,Tobii I-VT (Fixation),1.241.54219,1080,1920,10.0,3.7,2.3,2.7,0.31,0.19,0.23,13,8,10,4.3,4.1,3.4,0.38,0.36,0.3,16,15,12,7396060946,,,966,754,986,762,945,747,0.09034,0.09479,-0.99139,-0.05222,0.08845,-0.99471,4.162,4.223,4.196,,,,Valid,Valid,226.5,163.0,477.0,283.6,162.1,475.5,270.0,208.6,258.7,204.4,0.503,0.6986,0.5138,0.7057,0.4923,0.6915,Screen Recording,Screen Recording Recording8.mp4,1920,1080,0,0,960,540,Fixation,2604,217,972,748,0.5063,0.6928,,,,,,,,,,,
95938839,472178932579,Eye Tracker,LipReading_BJ,10/21/2025,CJY,Recording8,10/18/2025,10/18/2025,10:09:23.595,02:09:23.595,431768,Timeline1,Tobii I-VT (Fixation),1.241.54219,1080,1920,10.0,3.7,2.3,2.7,0.31,0.19,0.23,13,8,10,4.3,4.1,3.4,0.38,0.36,0.3,16,15,12,7396064946,,,969,743,993,747,945,740,0.09419,0.08595,-0.99184,-0.0522,0.08486,-0.99502,4.174,4.219,4.195,,,,Valid,Valid,226.5,163.0,477.0,283.6,162.1,475.6,271.8,204.3,258.7,202.6,0.5048,0.6884,0.5173,0.6912,0.4923,0.6856,Screen Recording,Screen Recording Recording8.mp4,1920,1080,0,0,960,540,Fixation,2604,217,972,748,0.5063,0.6928,,,,,,,,,,,
95942839,472178936579,Eye Tracker,LipReading_BJ,10/21/2025,CJY,Recording8,10/18/2025,10/18/2025,10:09:23.595,02:09:23.595,431768,Timeline1,Tobii I-VT (Fixation),1.241.54219,1080,1920,10.0,3.7,2.3,2.7,0.31,0.19,0.23,13,8,10,4.3,4.1,3.4,0.38,0.36,0.3,16,15,12,7396068946,,,962,754,989,757,936,752,0.0916,0.09194,-0.99154,-0.05736,0.09119,-0.99418,4.169,4.192,4.193,,,,Valid,Valid,226.5,163.0,477.0,283.6,162.1,475.6,270.6,207.2,256.2,205.7,0.5013,0.6985,0.5149,0.701,0.4876,0.696,Screen Recording,Screen Recording Recording8.mp4,1920,1080,0,0,960,540,Fixation,2604,217,972,748,0.5063,0.6928,,,,,,,,,,,
95946839,472178940579,Eye Tracker,LipReading_BJ,10/21/2025,CJY,Recording8,10/18/2025,10/18/2025,10:09:23.595,02:09:23.595,431768,Timeline1,Tobii I-VT (Fixation),1.241.54219,1080,1920,10.0,3.7,2.3,2.7,0.31,0.19,0.23,13,8,10,4.3,4.1,3.4,0.38,0.36,0.3,16,15,12,7396072946,,,943,747,,,943,747,,,,-0.05375,0.08847,-0.99463,,4.213,4.192,,,,Invalid,Valid,,,,283.6,162.1,475.6,,,257.9,204.4,0.4909,0.6915,,,0.4909,0.6915,Screen Recording,Screen Recording Recording8.mp4,1920,1080,0,0,960,540,Fixation,2604,217,972,748,0.5063,0.6928,,,,,,,,,,,
95950839,472178944579,Eye Tracker,LipReading_BJ,10/21/2025,CJY,Recording8,10/18/2025,10/18/2025,10:09:23.595,02:09:23.595,431768,Timeline1,Tobii I-VT (Fixation),1.241.54219,1080,1920,10.0,3.7,2.3,2.7,0.31,0.19,0.23,13,8,10,4.3,4.1,3.4,0.38,0.36,0.3,16,15,12,7396076946,,,971,748,989,751,953,744,0.0917,0.08851,-0.99185,-0.04796,0.08701,-0.99505,4.173,4.214,4.192,,,,Valid,Valid,226.5,163.0,477.0,283.6,162.1,475.5,270.6,205.5,260.7,203.7,0.5056,0.6922,0.515,0.6954,0.4962,0.689,Screen Recording,Screen Recording Recording8.mp4,1920,1080,0,0,960,540,Fixation,2604,217,972,748,0.5063,0.6928,,,,,,,,,,,
95954839,472178948579,Eye Tracker,LipReading_BJ,10/21/2025,CJY,Recording8,10/18/2025,10/18/2025,10:09:23.595,02:09:23.595,431768,Timeline1,Tobii I-VT (Fixation),1.241.54219,1080,1920,10.0,3.7,2.3,2.7,0.31,0.19,0.23,13,8,10,4.3,4.1,3.4,0.38,0.36,0.3,16,15,12,7396080946,,,964,749,987,755,942,743,0.09041,0.09084,-0.99175,-0.05395,0.08611,-0.99482,4.169,4.21,4.193,,,,Valid,Valid,226.5,162.9,477.0,283.7,162.1,475.5,270.0,206.6,257.9,203.2,0.5023,0.6934,0.5138,0.6991,0.4908,0.6876,Screen Recording,Screen Recording Recording8.mp4,1920,1080,0,0,960,540,Fixation,2604,217,972,748,0.5063,0.6928,,,,,,,,,,,
95958839,472178952579,Eye Tracker,LipReading_BJ,10/21/2025,CJY,Recording8,10/18/2025,10/18/2025,10:09:23.595,02:09:23.595,431768,Timeline1,Tobii I-VT (Fixation),1.241.54219,1080,1920,10.0,3.7,2.3,2.7,0.31,0.19,0.23,13,8,10,4.3,4.1,3.4,0.38,0.36,0.3,16,15,12,7396084946,,,968,750,992,752,944,749,0.09358,0.08899,-0.99163,-0.05316,0.08973,-0.99455,4.19,4.222,4.196,,,,Valid,Valid,226.5,162.9,477.0,283.7,162.1,475.5,271.5,205.8,258.2,205.0,0.5041,0.6948,0.5167,0.6961,0.4915,0.6935,Screen Recording,Screen Recording Recording8.mp4,1920,1080,0,0,960,540,Fixation,2604,217,972,748,0.5063,0.6928,,,,,,,,,,,
95962839,472178956579,Eye Tracker,LipReading_BJ,10/21/2025,CJY,Recording8,10/18/2025,10/18/2025,10:09:23.595,02:09:23.595,431768,Timeline1,Tobii I-VT (Fixation),1.241.54219,1080,1920,10.0,3.7,2.3,2.7,0.31,0.19,0.23,13,8,10,4.3,4.1,3.4,0.38,0.36,0.3,16,15,12,7396088946,,,968,748,990,751,946,745,0.09247,0.08855,-0.99177,-0.05208,0.08772,-0.99478,4.178,4.184,4.197,,,,Valid,Valid,226.5,162.9,477.0,283.7,162.0,475.6,271.0,205.5,258.8,204.0,0.5041,0.6928,0.5157,0.6954,0.4925,0.6901,Screen Recording,Screen Recording Recording8.mp4,1920,1080,0,0,960,540,Fixation,2604,217,972,748,0.5063,0.6928,,,,,,,,,,,
95966839,472178960579,Eye Tracker,LipReading_BJ,10/21/2025,CJY,Recording8,10/18/2025,10/18/2025,10:09:23.595,02:09:23.595,431768,Timeline1,Tobii I-VT (Fixation),1.241.54219,1080,1920,10.0,3.7,2.3,2.7,0.31,0.19,0.23,13,8,10,4.3,4.1,3.4,0.38,0.36,0.3,16,15,12,7396092946,,,967,747,990,752,943,743,0.09249,0.089,-0.99173,-0.05347,0.08638,-0.99483,4.181,4.216,4.198,,,,Valid,Valid,226.5,162.9,477.0,283.7,162.0,475.6,271.0,205.8,258.1,203.3,0.5035,0.692,0.5157,0.6961,0.4912,0.6879,Screen Recording,Screen Recording Recording8.mp4,1920,1080,0,0,960,540,Fixation,2604,217,972,748,0.5063,0.6928,,,,,,,,,,,
95970840,472178964580,Eye Tracker,LipReading_BJ,10/21/2025,CJY,Recording8,10/18/2025,10/18/2025,10:09:23.595,02:09:23.595,431768,Timeline1,Tobii I-VT (Fixation),1.241.54219,1080,1920,10.0,3.7,2.3,2.7,0.31,0.19,0.23,13,8,10,4.3,4.1,3.4,0.38,0.36,0.3,16,15,12,7396096947,,,968,754,991,760,945,748,0.09308,0.0938,-0.99123,-0.05246,0.08917,-0.99463,4.164,4.239,4.197,,,,Valid,Valid,226.5,163.0,477.0,283.7,162.0,475.6,271.3,208.1,258.6,204.7,0.5042,0.6983,0.5163,0.7041,0.4921,0.6925,Screen Recording,Screen Recording Recording8.mp4,1920,1080,0,0,960,540,Fixation,2604,217,972,748,0.5063,0.6928,,,,,,,,,,,
95974839,472178968579,Eye Tracker,LipReading_BJ,10/21/2025,CJY,Recording8,10/18/2025,10/18/2025,10:09:23.595,02:09:23.595,431768,Timeline1,Tobii I-VT (Fixation),1.241.54219,1080,1920,10.0,3.7,2.3,2.7,0.31,0.19,0.23,13,8,10,4.3,4.1,3.4,0.38,0.36,0.3,16,15,12,7396100946,,,971,749,995,748,947,749,0.09534,0.08693,-0.99164,-0.05111,0.08974,-0.99465,4.179,4.216,4.194,,,,Valid,Valid,226.5,163.0,476.9,283.7,162.0,475.6,272.4,204.8,259.2,205.0,0.5059,0.6931,0.5184,0.6928,0.4934,0.6934,Screen Recording,Screen Recording Recording8.mp4,1920,1080,0,0,960,540,Fixation,2604,217,972,748,0.5063,0.6928,,,,,,,,,,,
95978839,472178972579,Eye Tracker,LipReading_BJ,10/21/2025,CJY,Recording8,10/18/2025,10/18/2025,10:09:23.595,02:09:23.595,431768,Timeline1,Tobii I-VT (Fixation),1.241.54219,1080,1920,10.0,3.7,2.3,2.7,0.31,0.19,0.23,13,8,10,4.3,4.1,3.4,0.38,0.36,0.3,16,15,12,7396104946,,,971,752,992,753,949,751,0.09375,0.08971,-0.99155,-0.05027,0.09114,-0.99457,4.172,4.195,4.194,,,,Valid,Valid,226.5,163.0,477.0,283.7,162.0,475.6,271.6,206.1,259.6,205.6,0.5055,0.6966,0.5169,0.6974,0.4941,0.6957,Screen Recording,Screen Recording Recording8.mp4,1920,1080,0,0,960,540,Fixation,2604,217,972,748,0.5063,0.6928,,,,,,,,,,,
95982839,472178976579,Eye Tracker,LipReading_BJ,10/21/2025,CJY,Recording8,10/18/2025,10/18/2025,10:09:23.595,02:09:23.595,431768,Timeline1,Tobii I-VT (Fixation),1.241.54219,1080,1920,10.0,3.7,2.3,2.7,0.31,0.19,0.23,13,8,10,4.3,4.1,3.4,0.38,0.36,0.3,16,15,12,7396108946,,,970,753,1000,756,940,750,0.09819,0.09096,-0.991,-0.05507,0.09005,-0.99441,4.149,4.203,4.195,,,,Valid,Valid,226.5,163.0,477.0,283.7,162.1,475.6,273.8,206.8,257.3,205.1,0.5054,0.6968,0.521,0.6996,0.4898,0.694,Screen Recording,Screen Recording Recording8.mp4,1920,1080,0,0,960,540,Fixation,2604,217,972,748,0.5063,0.6928,,,,,,,,,,,
95986839,472178980579,Eye Tracker,LipReading_BJ,10/21/2025,CJY,Recording8,10/18/2025,10/18/2025,10:09:23.595,02:09:23.595,431768,Timeline1,Tobii I-VT (Fixation),1.241.54219,1080,1920,10.0,3.7,2.3,2.7,0.31,0.19,0.23,13,8,10,4.3,4.1,3.4,0.38,0.36,0.3,16,15,12,7396112946,,,968,749,991,752,946,745,0.09306,0.0892,-0.99166,-0.05207,0.08736,-0.99481,4.184,4.222,4.197,,,,Valid,Valid,226.5,163.0,477.0,283.7,162.1,475.6,271.3,205.9,258.8,203.8,0.5044,0.6931,0.5163,0.6966,0.4925,0.6897,Screen Recording,Screen Recording Recording8.mp4,1920,1080,0,0,960,540,Fixation,2604,217,972,748,0.5063,0.6928,,,,,,,,,,,
95990839,472178984579,Eye Tracker,LipReading_BJ,10/21/2025,CJY,Recording8,10/18/2025,10/18/2025,10:09:23.595,02:09:23.595,431768,Timeline1,Tobii I-VT (Fixation),1.241.54219,1080,1920,10.0,3.7,2.3,2.7,0.31,0.19,0.23,13,8,10,4.3,4.1,3.4,0.38,0.36,0.3,16,15,12,7396116947,,,966,752,986,755,946,749,0.09008,0.09071,-0.9918,-0.05198,0.08949,-0.99463,4.191,4.21,4.206,,,,Valid,Valid,226.5,163.0,476.9,283.7,162.1,475.6,269.8,206.6,258.8,204.9,0.5031,0.6961,0.5135,0.6991,0.4926,0.6932,Screen Recording,Screen Recording Recording8.mp4,1920,1080,0,0,960,540,Fixation,2604,217,972,748,0.5063,0.6928,,,,,,,,,,,
95994838,472178988578,Eye Tracker,LipReading_BJ,10/21/2025,CJY,Recording8,10/18/2025,10/18/2025,10:09:23.595,02:09:23.595,431768,Timeline1,Tobii I-VT (Fixation),1.241.54219,1080,1920,10.0,3.7,2.3,2.7,0.31,0.19,0.23,13,8,10,4.3,4.1,3.4,0.38,0.36,0.3,16,15,12,7396120946,,,947,739,,,947,739,,,,-0.05124,0.08415,-0.99513,,4.23,4.206,,,,Invalid,Valid,,,,283.7,162.1,475.6,,,259.2,202.3,0.4933,0.6845,,,0.4933,0.6845,Screen Recording,Screen Recording Recording8.mp4,1920,1080,0,0,960,540,Fixation,2604,217,972,748,0.5063,0.6928,,,,,,,,,,,
95998838,472178992578,Eye Tracker,LipReading_BJ,10/21/2025,CJY,Recording8,10/18/2025,10/18/2025,10:09:23.595,02:09:23.595,431768,Timeline1,Tobii I-VT (Fixation),1.241.54219,1080,1920,10.0,3.7,2.3,2.7,0.31,0.19,0.23,13,8,10,4.3,4.1,3.4,0.38,0.36,0.3,16,15,12,7396124946,,,969,748,991,749,947,747,0.09306,0.08706,-0.99185,-0.05121,0.0887,-0.99474,4.189,4.223,4.199,,,,Valid,Valid,226.5,163.0,477.0,283.7,162.1,475.6,271.3,204.9,259.2,204.5,0.5048,0.6926,0.5163,0.6932,0.4933,0.6919,Screen Recording,Screen Recording Recording8.mp4,1920,1080,0,0,960,540,Fixation,2604,217,972,748,0.5063,0.6928,,,,,,,,,,,
96002838,472178996578,Eye Tracker,LipReading_BJ,10/21/2025,CJY,Recording8,10/18/2025,10/18/2025,10:09:23.595,02:09:23.595,431768,Timeline1,Tobii I-VT (Fixation),1.241.54219,1080,1920,10.0,3.7,2.3,2.7,0.31,0.19,0.23,13,8,10,4.3,4.1,3.4,0.38,0.36,0.3,16,15,12,7396128946,,,951,745,,,951,745,,,,-0.04922,0.08714,-0.99498,,4.208,4.198,,,,Invalid,Valid,,,,283.7,162.1,475.6,,,260.1,203.8,0.4951,0.6894,,,0.4951,0.6894,Screen Recording,Screen Recording Recording8.mp4,1920,1080,0,0,960,540,Fixation,2604,217,972,748,0.5063,0.6928,,,,,,,,,,,
96006838,472179000578,Eye Tracker,LipReading_BJ,10/21/2025,CJY,Recording8,10/18/2025,10/18/2025,10:09:23.595,02:09:23.595,431768,Timeline1,Tobii I-VT (Fixation),1.241.54219,1080,1920,10.0,3.7,2.3,2.7,0.31,0.19,0.23,13,8,10,4.3,4.1,3.4,0.38,0.36,0.3,16,15,12,7396132946,,,963,747,986,755,939,739,0.09029,0.09037,-0.99181,-0.05569,0.08382,-0.99492,4.189,4.203,4.196,,,,Valid,Valid,226.5,163.0,477.1,283.7,162.1,475.5,269.9,206.5,257.0,202.2,0.5015,0.6914,0.5137,0.6986,0.4892,0.6841,Screen Recording,Screen Recording Recording8.mp4,1920,1080,0,0,960,540,Fixation,2604,217,972,748,0.5063,0.6928,,,,,,,,,,,
96010839,472179004579,Eye Tracker,LipReading_BJ,10/21/2025,CJY,Recording8,10/18/2025,10/18/2025,10:09:23.595,02:09:23.595,431768,Timeline1,Tobii I-VT (Fixation),1.241.54219,1080,1920,10.0,3.7,2.3,2.7,0.31,0.19,0.23,13,8,10,4.3,4.1,3.4,0.38,0.36,0.3,16,15,12,7396136947,,,968,751,992,749,943,752,0.0936,0.0874,-0.99177,-0.05342,0.09137,-0.99438,4.185,4.202,4.193,,,,Valid,Valid,226.5,163.0,477.1,283.7,162.2,475.5,271.5,205.1,258.1,205.9,0.504,0.6952,0.5167,0.6939,0.4912,0.6965,Screen Recording,Screen Recording Recording8.mp4,1920,1080,0,0,960,540,Fixation,2604,217,972,748,0.5063,0.6928,,,,,,,,,,,
96014838,472179008578,Eye Tracker,LipReading_BJ,10/21/2025,CJY,Recording8,10/18/2025,10/18/2025,10:09:23.595,02:09:23.595,431768,Timeline1,Tobii I-VT (Fixation),1.241.54219,1080,1920,10.0,3.7,2.3,2.7,0.31,0.19,0.23,13,8,10,4.3,4.1,3.4,0.38,0.36,0.3,16,15,12,7396140946,,,965,757,985,764,945,750,0.08958,0.09546,-0.99139,-0.0526,0.09022,-0.99453,4.161,4.174,4.185,,,,Valid,Valid,226.5,163.1,477.1,283.6,162.2,475.5,269.6,209.0,258.5,205.3,0.5025,0.7009,0.5131,0.7071,0.492,0.6946,Screen Recording,Screen Recording Recording8.mp4,1920,1080,0,0,960,540,Fixation,2604,217,972,748,0.5063,0.6928,,,,,,,,,,,
96018838,472179012578,Eye Tracker,LipReading_BJ,10/21/2025,CJY,Recording8,10/18/2025,10/18/2025,10:09:23.595,02:09:23.595,431768,Timeline1,Tobii I-VT (Fixation),1.241.54219,1080,1920,10.0,3.7,2.3,2.7,0.31,0.19,0.23,13,8,10,4.3,4.1,3.4,0.38,0.36,0.3,16,15,12,7396144946,,,970,753,992,752,947,754,0.0937,0.0887,-0.99164,-0.05129,0.09229,-0.99441,4.17,4.186,4.174,,,,Valid,Valid,226.5,163.1,477.1,283.6,162.2,475.5,271.5,205.7,259.1,206.3,0.505,0.6971,0.5168,0.6961,0.4931,0.698,Screen Recording,Screen Recording Recording8.mp4,1920,1080,0,0,960,540,Fixation,2604,217,972,748,0.5063,0.6928,,,,,,,,,,,
96022838,472179016578,Eye Tracker,LipReading_BJ,10/21/2025,CJY,Recording8,10/18/2025,10/18/2025,10:09:23.595,02:09:23.595,431768,Timeline1,Tobii I-VT (Fixation),1.241.54219,1080,1920,10.0,3.7,2.3,2.7,0.31,0.19,0.23,13,8,10,4.3,4.1,3.4,0.38,0.36,0.3,16,15,12,7396148946,,,965,751,987,755,943,746,0.09084,0.09052,-0.99174,-0.05347,0.08788,-0.99469,4.202,4.177,4.173,,,,Valid,Valid,226.5,163.1,477.0,283.6,162.2,475.5,270.2,206.6,258.1,204.2,0.5026,0.695,0.5141,0.6991,0.4911,0.6909,Screen Recording,Screen Recording Recording8.mp4,1920,1080,0,0,960,540,Fixation,2604,217,972,748,0.5063,0.6928,,,,,,,,,,,
96026838,472179020578,Eye Tracker,LipReading_BJ,10/21/2025,CJY,Recording8,10/18/2025,10/18/2025,10:09:23.595,02:09:23.595,431768,Timeline1,Tobii I-VT (Fixation),1.241.54219,1080,1920,10.0,3.7,2.3,2.7,0.31,0.19,0.23,13,8,10,4.3,4.1,3.4,0.38,0.36,0.3,16,15,12,7396152946,,,945,746,,,945,746,,,,-0.05211,0.08806,-0.99475,,4.166,4.178,,,,Invalid,Valid,,,,283.6,162.2,475.5,,,258.7,204.3,0.4923,0.6912,,,0.4923,0.6912,Screen Recording,Screen Recording Recording8.mp4,1920,1080,0,0,960,540,Fixation,2604,217,972,748,0.5063,0.6928,,,,,,,,,,,
96030839,472179024579,Eye Tracker,LipReading_BJ,10/21/2025,CJY,Recording8,10/18/2025,10/18/2025,10:09:23.595,02:09:23.595,431768,Timeline1,Tobii I-VT (Fixation),1.241.54219,1080,1920,10.0,3.7,2.3,2.7,0.31,0.19,0.23,13,8,10,4.3,4.1,3.4,0.38,0.36,0.3,16,15,12,7396156947,,,968,757,988,761,948,752,0.09116,0.09372,-0.99142,-0.05048,0.09137,-0.99454,4.134,4.195,4.182,,,,Valid,Valid,226.4,163.1,477.0,283.6,162.2,475.6,270.3,208.2,259.4,205.9,0.5041,0.7005,0.5144,0.7045,0.4938,0.6966,Screen Recording,Screen Recording Recording8.mp4,1920,1080,0,0,960,540,Fixation,2604,217,972,748,0.5063,0.6928,,,,,,,,,,,
96034838,472179028578,Eye Tracker,LipReading_BJ,10/21/2025,CJY,Recording8,10/18/2025,10/18/2025,10:09:23.595,02:09:23.595,431768,Timeline1,Tobii I-VT (Fixation),1.241.54219,1080,1920,10.0,3.7,2.3,2.7,0.31,0.19,0.23,13,8,10,4.3,4.1,3.4,0.38,0.36,0.3,16,15,12,7396160946,,,967,752,988,756,946,748,0.0916,0.09117,-0.99161,-0.05178,0.08901,-0.99468,4.173,4.207,4.181,,,,Valid,Valid,226.4,163.1,477.0,283.6,162.2,475.6,270.5,207.0,258.8,204.7,0.5037,0.6965,0.5148,0.7003,0.4926,0.6927,Screen Recording,Screen Recording Recording8.mp4,1920,1080,0,0,960,540,Fixation,2604,217,972,748,0.5063,0.6928,,,,,,,,,,,
96038838,472179032578,Eye Tracker,LipReading_BJ,10/21/2025,CJY,Recording8,10/18/2025,10/18/2025,10:09:23.595,02:09:23.595,431768,Timeline1,Tobii I-VT (Fixation),1.241.54219,1080,1920,10.0,3.7,2.3,2.7,0.31,0.19,0.23,13,8,10,4.3,4.1,3.4,0.38,0.36,0.3,16,15,12,7396164946,,,968,752,989,755,947,749,0.09223,0.09025,-0.99164,-0.05103,0.0896,-0.99467,4.157,4.195,4.181,,,,Valid,Valid,226.4,163.1,477.0,283.6,162.2,475.6,270.8,206.6,259.1,205.0,0.5043,0.6963,0.5153,0.6988,0.4932,0.6937,Screen Recording,Screen Recording Recording8.mp4,1920,1080,0,0,960,540,Fixation,2604,217,972,748,0.5063,0.6928,,,,,,,,,,,
96042838,472179036578,Eye Tracker,LipReading_BJ,10/21/2025,CJY,Recording8,10/18/2025,10/18/2025,10:09:23.595,02:09:23.595,431768,Timeline1,Tobii I-VT (Fixation),1.241.54219,1080,1920,10.0,3.7,2.3,2.7,0.31,0.19,0.23,13,8,10,4.3,4.1,3.4,0.38,0.36,0.3,16,15,12,7396168946,,,967,748,988,747,946,749,0.09174,0.08573,-0.99209,-0.05145,0.08943,-0.99466,4.167,4.181,4.181,,,,Valid,Valid,226.4,163.1,477.0,283.5,162.2,475.6,270.5,204.4,258.9,204.9,0.5038,0.6924,0.5148,0.6914,0.4928,0.6934,Screen Recording,Screen Recording Recording8.mp4,1920,1080,0,0,960,540,Fixation,2604,217,972,748,0.5063,0.6928,,,,,,,,,,,
96046838,472179040578,Eye Tracker,LipReading_BJ,10/21/2025,CJY,Recording8,10/18/2025,10/18/2025,10:09:23.595,02:09:23.595,431768,Timeline1,Tobii I-VT (Fixation),1.241.54219,1080,1920,10.0,3.7,2.3,2.7,0.31,0.19,0.23,13,8,10,4.3,4.1,3.4,0.38,0.36,0.3,16,15,12,7396172946,,,968,749,987,756,949,743,0.09072,0.09106,-0.9917,-0.05006,0.08589,-0.99505,4.172,4.181,4.177,,,,Valid,Valid,226.4,163.1,477.0,283.5,162.2,475.6,270.0,206.9,259.6,203.2,0.5039,0.6939,0.5139,0.7002,0.494,0.6876,Screen Recording,Screen Recording Recording8.mp4,1920,1080,0,0,960,540,Fixation,2604,217,972,748,0.5063,0.6928,,,,,,,,,,,
96050839,472179044579,Eye Tracker,LipReading_BJ,10/21/2025,CJY,Recording8,10/18/2025,10/18/2025,10:09:23.595,02:09:23.595,431768,Timeline1,Tobii I-VT (Fixation),1.241.54219,1080,1920,10.0,3.7,2.3,2.7,0.31,0.19,0.23,13,8,10,4.3,4.1,3.4,0.38,0.36,0.3,16,15,12,7396176947,,,967,748,987,753,948,744,0.09119,0.08902,-0.99185,-0.05057,0.08636,-0.99498,4.19,4.19,4.177,,,,Valid,Valid,226.3,163.1,477.0,283.5,162.2,475.6,270.2,205.9,259.3,203.5,0.5039,0.6926,0.5142,0.6968,0.4936,0.6884,Screen Recording,Screen Recording Recording8.mp4,1920,1080,0,0,960,540,Fixation,2604,217,972,748,0.5063,0.6928,,,,,,,,,,,
96054838,472179048578,Eye Tracker,LipReading_BJ,10/21/2025,CJY,Recording8,10/18/2025,10/18/2025,10:09:23.595,02:09:23.595,431768,Timeline1,Tobii I-VT (Fixation),1.241.54219,1080,1920,10.0,3.7,2.3,2.7,0.31,0.19,0.23,13,8,10,4.3,4.1,3.4,0.38,0.36,0.3,16,15,12,7396180946,,,970,749,993,750,946,749,0.09466,0.08753,-0.99165,-0.05161,0.08946,-0.99465,4.184,4.152,4.177,,,,Valid,Valid,226.3,163.1,477.1,283.5,162.2,475.6,271.9,205.2,258.8,205.0,0.505,0.694,0.5174,0.6944,0.4926,0.6935,Screen Recording,Screen Recording Recording8.mp4,1920,1080,0,0,960,540,Fixation,2604,217,972,748,0.5063,0.6928,,,,,,,,,,,
96058838,472179052578,Eye Tracker,LipReading_BJ,10/21/2025,CJY,Recording8,10/18/2025,10/18/2025,10:09:23.595,02:09:23.595,431768,Timeline1,Tobii I-VT (Fixation),1.241.54219,1080,1920,10.0,3.7,2.3,2.7,0.31,0.19,0.23,13,8,10,4.3,4.1,3.4,0.38,0.36,0.3,16,15,12,7396184946,,,967,750,990,750,944,749,0.09288,0.08754,-0.99182,-0.05227,0.08974,-0.99459,4.165,4.174,4.171,,,,Valid,Valid,226.3,163.1,477.0,283.5,162.2,475.5,271.0,205.2,258.5,205.1,0.5038,0.6942,0.5157,0.6944,0.4919,0.694,Screen Recording,Screen Recording Recording8.mp4,1920,1080,0,0,960,540,Fixation,2604,217,972,748,0.5063,0.6928,,,,,,,,,,,
96062838,472179056578,Eye Tracker,LipReading_BJ,10/21/2025,CJY,Recording8,10/18/2025,10/18/2025,10:09:23.595,02:09:23.595,431768,Timeline1,Tobii I-VT (Fixation),1.241.54219,1080,1920,10.0,3.7,2.3,2.7,0.31,0.19,0.23,13,8,10,4.3,4.1,3.4,0.38,0.36,0.3,16,15,12,7396188946,,,964,755,984,762,944,749,0.0894,0.09427,-0.99152,-0.05227,0.08938,-0.99462,4.147,4.189,4.164,,,,Valid,Valid,226.3,163.1,477.0,283.5,162.2,475.6,269.3,208.5,258.5,204.9,0.5022,0.6994,0.5125,0.7054,0.4919,0.6934,Screen Recording,Screen Recording Recording8.mp4,1920,1080,0,0,960,540,Fixation,2604,217,972,748,0.5063,0.6928,,,,,,,,,,,
96066837,472179060577,Eye Tracker,LipReading_BJ,10/21/2025,CJY,Recording8,10/18/2025,10/18/2025,10:09:23.595,02:09:23.595,431768,Timeline1,Tobii I-VT (Fixation),1.241.54219,1080,1920,10.0,3.7,2.3,2.7,0.31,0.19,0.23,13,8,10,4.3,4.1,3.4,0.38,0.36,0.3,16,15,12,7396192945,,,968,751,989,765,946,738,0.09233,0.09619,-0.99107,-0.0513,0.08302,-0.99523,4.149,4.178,4.162,,,,Valid,Valid,226.3,163.2,477.0,283.4,162.2,475.6,270.7,209.4,258.9,201.9,0.504,0.6958,0.5152,0.7086,0.4928,0.683,Screen Recording,Screen Recording Recording8.mp4,1920,1080,0,0,960,540,Fixation,2604,217,972,748,0.5063,0.6928,,,,,,,,,,,
96070838,472179064578,Eye Tracker,LipReading_BJ,10/21/2025,CJY,Recording8,10/18/2025,10/18/2025,10:09:23.595,02:09:23.595,431768,Timeline1,Tobii I-VT (Fixation),1.241.54219,1080,1920,10.0,3.7,2.3,2.7,0.31,0.19,0.23,13,8,10,4.3,4.1,3.4,0.38,0.36,0.3,16,15,12,7396196946,,,972,755,993,759,951,752,0.09463,0.0925,-0.99121,-0.04836,0.09092,-0.99468,4.153,4.155,4.162,,,,Valid,Valid,226.3,163.2,477.0,283.4,162.2,475.6,271.8,207.7,260.3,205.7,0.5063,0.6992,0.5173,0.7026,0.4954,0.6959,Screen Recording,Screen Recording Recording8.mp4,1920,1080,0,0,960,540,Fixation,2604,217,972,748,0.5063,0.6928,,,,,,,,,,,
96074837,472179068577,Eye Tracker,LipReading_BJ,10/21/2025,CJY,Recording8,10/18/2025,10/18/2025,10:09:23.595,02:09:23.595,431768,Timeline1,Tobii I-VT (Fixation),1.241.54219,1080,1920,10.0,3.7,2.3,2.7,0.31,0.19,0.23,13,8,10,4.3,4.1,3.4,0.38,0.36,0.3,16,15,12,7396200945,,,972,762,988,768,956,756,0.0916,0.09744,-0.99102,-0.04561,0.09357,-0.99457,4.122,4.13,4.153,,,,Valid,Valid,226.3,163.2,477.0,283.4,162.2,475.6,270.3,210.1,261.6,206.9,0.5062,0.7054,0.5145,0.7107,0.4979,0.7002,Screen Recording,Screen Recording Recording8.mp4,1920,1080,0,0,960,540,Fixation,2604,217,972,748,0.5063,0.6928,,,,,,,,,,,
96078837,472179072577,Eye Tracker,LipReading_BJ,10/21/2025,CJY,Recording8,10/18/2025,10/18/2025,10:09:23.595,02:09:23.595,431768,Timeline1,Tobii I-VT (Fixation),1.241.54219,1080,1920,10.0,3.7,2.3,2.7,0.31,0.19,0.23,13,8,10,4.3,4.1,3.4,0.38,0.36,0.3,16,15,12,7396204945,,,965,744,988,746,943,742,0.09159,0.08529,-0.99214,-0.0531,0.08539,-0.99493,4.177,4.176,4.154,,,,Valid,Valid,226.3,163.2,476.9,283.4,162.2,475.6,270.3,204.2,258.0,203.0,0.5027,0.6888,0.5144,0.6908,0.491,0.6869,Screen Recording,Screen Recording Recording8.mp4,1920,1080,0,0,960,540,Fixation,2604,217,972,748,0.5063,0.6928,,,,,,,,,,,
96082837,472179076577,Eye Tracker,LipReading_BJ,10/21/2025,CJY,Recording8,10/18/2025,10/18/2025,10:09:23.595,02:09:23.595,431768,Timeline1,Tobii I-VT (Fixation),1.241.54219,1080,1920,10.0,3.7,2.3,2.7,0.31,0.19,0.23,13,8,10,4.3,4.1,3.4,0.38,0.36,0.3,16,15,12,7396208945,,,971,748,994,750,948,745,0.09522,0.08772,-0.99158,-0.04989,0.08737,-0.99493,4.151,4.148,4.151,,,,Valid,Valid,226.2,163.2,476.9,283.4,162.2,475.6,272.0,205.4,259.5,204.0,0.5058,0.6925,0.5177,0.6949,0.4939,0.6901,Screen Recording,Screen Recording Recording8.mp4,1920,1080,0,0,960,540,Fixation,2604,217,972,748,0.5063,0.6928,,,,,,,,,,,
96086837,472179080577,Eye Tracker,LipReading_BJ,10/21/2025,CJY,Recording8,10/18/2025,10/18/2025,10:09:23.595,02:09:23.595,431768,Timeline1,Tobii I-VT (Fixation),1.241.54219,1080,1920,10.0,3.7,2.3,2.7,0.31,0.19,0.23,13,8,10,4.3,4.1,3.4,0.38,0.36,0.3,16,15,12,7396212945,,,968,751,989,752,947,750,0.09253,0.08886,-0.99174,-0.05047,0.08977,-0.99468,4.159,4.159,4.155,,,,Valid,Valid,226.2,163.2,476.9,283.4,162.2,475.6,270.7,205.9,259.2,205.1,0.5043,0.6954,0.5152,0.6967,0.4934,0.694,Screen Recording,Screen Recording Recording8.mp4,1920,1080,0,0,960,540,Fixation,2604,217,972,748,0.5063,0.6928,,,,,,,,,,,
96090837,472179084577,Eye Tracker,LipReading_BJ,10/21/2025,CJY,Recording8,10/18/2025,10/18/2025,10:09:23.595,02:09:23.595,431768,Timeline1,Tobii I-VT (Fixation),1.241.54219,1080,1920,10.0,3.7,2.3,2.7,0.31,0.19,0.23,13,8,10,4.3,4.1,3.4,0.38,0.36,0.3,16,15,12,7396216945,,,967,749,988,757,946,740,0.09191,0.09124,-0.99158,-0.05127,0.08465,-0.99509,4.146,4.152,4.155,,,,Valid,Valid,226.2,163.2,476.9,283.4,162.2,475.6,270.4,207.1,258.9,202.7,0.5037,0.6931,0.5147,0.7006,0.4927,0.6856,Screen Recording,Screen Recording Recording8.mp4,1920,1080,0,0,960,540,Fixation,2604,217,972,748,0.5063,0.6928,,,,,,,,,,,
96094836,472179088576,Eye Tracker,LipReading_BJ,10/21/2025,CJY,Recording8,10/18/2025,10/18/2025,10:09:23.595,02:09:23.595,431768,Timeline1,Tobii I-VT (Fixation),1.241.54219,1080,1920,10.0,3.7,2.3,2.7,0.31,0.19,0.23,13,8,10,4.3,4.1,3.4,0.38,0.36,0.3,16,15,12,7396220945,,,969,747,988,749,951,746,0.09178,0.08702,-0.99197,-0.04851,0.08761,-0.99497,4.162,4.144,4.155,,,,Valid,Valid,226.2,163.2,476.9,283.4,162.2,475.6,270.3,205.0,260.2,204.1,0.5048,0.6921,0.5145,0.6937,0.4952,0.6905,Screen Recording,Screen Recording Recording8.mp4,1920,1080,0,0,960,540,Fixation,2604,217,972,748,0.5063,0.6928,,,,,,,,,,,
96098836,472179092576,Eye Tracker,LipReading_BJ,10/21/2025,CJY,Recording8,10/18/2025,10/18/2025,10:09:23.595,02:09:23.595,431768,Timeline1,Tobii I-VT (Fixation),1.241.54219,1080,1920,10.0,3.7,2.3,2.7,0.31,0.19,0.23,13,8,10,4.3,4.1,3.4,0.38,0.36,0.3,16,15,12,7396224945,,,968,753,990,758,946,748,0.09317,0.0921,-0.99138,-0.05116,0.08904,-0.99471,4.163,4.152,4.148,,,,Valid,Valid,226.2,163.2,476.9,283.4,162.2,475.6,271.0,207.5,258.9,204.8,0.5043,0.6974,0.5158,0.702,0.4927,0.6928,Screen Recording,Screen Recording Recording8.mp4,1920,1080,0,0,960,540,Fixation,2604,217,972,748,0.5063,0.6928,,,,,,,,,,,
96102836,472179096576,Eye Tracker,LipReading_BJ,10/21/2025,CJY,Recording8,10/18/2025,10/18/2025,10:09:23.595,02:09:23.595,431768,Timeline1,Tobii I-VT (Fixation),1.241.54219,1080,1920,10.0,3.7,2.3,2.7,0.31,0.19,0.23,13,8,10,4.3,4.1,3.4,0.38,0.36,0.3,16,15,12,7396228945,,,971,750,990,757,951,742,0.09313,0.09168,-0.99142,-0.04823,0.08539,-0.99518,4.151,4.141,4.153,,,,Valid,Valid,226.2,163.2,476.9,283.4,162.2,475.6,271.0,207.3,260.3,203.0,0.5056,0.6941,0.5158,0.7013,0.4954,0.6868,Screen Recording,Screen Recording Recording8.mp4,1920,1080,0,0,960,540,Fixation,2604,217,972,748,0.5063,0.6928,,,,,,,,,,,
96106836,472179100576,Eye Tracker,LipReading_BJ,10/21/2025,CJY,Recording8,10/18/2025,10/18/2025,10:09:23.595,02:09:23.595,431768,Timeline1,Tobii I-VT (Fixation),1.241.54219,1080,1920,10.0,3.7,2.3,2.7,0.31,0.19,0.23,13,8,10,4.3,4.1,3.4,0.38,0.36,0.3,16,15,12,7396232945,,,966,752,984,764,949,741,0.08959,0.09518,-0.99142,-0.04954,0.08503,-0.99515,4.152,4.144,4.153,,,,Valid,Valid,226.2,163.2,477.0,283.4,162.2,475.6,269.3,209.0,259.7,202.8,0.5034,0.6966,0.5125,0.707,0.4942,0.6862,Screen Recording,Screen Recording Recording8.mp4,1920,1080,0,0,960,540,Fixation,2604,217,972,748,0.5063,0.6928,,,,,,,,,,,
96110836,472179104576,Eye Tracker,LipReading_BJ,10/21/2025,CJY,Recording8,10/18/2025,10/18/2025,10:09:23.595,02:09:23.595,431768,Timeline1,Tobii I-VT (Fixation),1.241.54219,1080,1920,10.0,3.7,2.3,2.7,0.31,0.19,0.23,13,8,10,4.3,4.1,3.4,0.38,0.36,0.3,16,15,12,7396236945,,,966,746,982,748,951,745,0.08827,0.08624,-0.99236,-0.04845,0.08711,-0.99502,4.179,4.128,4.152,,,,Valid,Valid,226.2,163.2,476.9,283.4,162.2,475.6,268.6,204.6,260.2,203.8,0.5032,0.6909,0.5112,0.6923,0.4952,0.6896,Screen Recording,Screen Recording Recording8.mp4,1920,1080,0,0,960,540,Fixation,2604,217,972,748,0.5063,0.6928,,,,,,,,,,,
96114836,472179108576,Eye Tracker,LipReading_BJ,10/21/2025,CJY,Recording8,10/18/2025,10/18/2025,10:09:23.595,02:09:23.595,431768,Timeline1,Tobii I-VT (Fixation),1.241.54219,1080,1920,10.0,3.7,2.3,2.7,0.31,0.19,0.23,13,8,10,4.3,4.1,3.4,0.38,0.36,0.3,16,15,12,7396240945,,,950,748,,,950,748,,,,-0.04878,0.0889,-0.99485,,4.143,4.149,,,,Invalid,Valid,,,,283.4,162.2,475.6,,,260.0,204.7,0.4949,0.6925,,,0.4949,0.6925,Screen Recording,Screen Recording Recording8.mp4,1920,1080,0,0,960,540,Fixation,2604,217,972,748,0.5063,0.6928,,,,,,,,,,,
96118836,472179112576,Eye Tracker,LipReading_BJ,10/21/2025,CJY,Recording8,10/18/2025,10/18/2025,10:09:23.595,02:09:23.595,431768,Timeline1,Tobii I-VT (Fixation),1.241.54219,1080,1920,10.0,3.7,2.3,2.7,0.31,0.19,0.23,13,8,10,4.3,4.1,3.4,0.38,0.36,0.3,16,15,12,7396244945,,,966,748,988,754,944,743,0.09196,0.08974,-0.99171,-0.05226,0.08608,-0.99492,4.162,4.113,4.148,,,,Valid,Valid,226.2,163.2,476.9,283.4,162.2,475.5,270.4,206.3,258.4,203.3,0.5032,0.693,0.5147,0.698,0.4917,0.6879,Screen Recording,Screen Recording Recording8.mp4,1920,1080,0,0,960,540,Fixation,2604,217,972,748,0.5063,0.6928,,,,,,,,,,,
96122836,472179116576,Eye Tracker,LipReading_BJ,10/21/2025,CJY,Recording8,10/18/2025,10/18/2025,10:09:23.595,02:09:23.595,431768,Timeline1,Tobii I-VT (Fixation),1.241.54219,1080,1920,10.0,3.7,2.3,2.7,0.31,0.19,0.23,13,8,10,4.3,4.1,3.4,0.38,0.36,0.3,16,15,12,7396248945,,,968,747,987,753,948,742,0.09152,0.08907,-0.99181,-0.05017,0.08549,-0.99507,4.167,4.131,4.146,,,,Valid,Valid,226.2,163.1,477.0,283.4,162.2,475.6,270.2,206.0,259.4,203.0,0.5039,0.6919,0.5143,0.6969,0.4936,0.6869,Screen Recording,Screen Recording Recording8.mp4,1920,1080,0,0,960,540,Fixation,2604,217,972,748,0.5063,0.6928,,,,,,,,,,,
96126836,472179120576,Eye Tracker,LipReading_BJ,10/21/2025,CJY,Recording8,10/18/2025,10/18/2025,10:09:23.595,02:09:23.595,431768,Timeline1,Tobii I-VT (Fixation),1.241.54219,1080,1920,10.0,3.7,2.3,2.7,0.31,0.19,0.23,13,8,10,4.3,4.1,3.4,0.38,0.36,0.3,16,15,12,7396252945,,,972,755,995,760,950,750,0.09593,0.09292,-0.99104,-0.04914,0.09017,-0.99471,4.133,4.111,4.133,,,,Valid,Valid,226.2,163.1,476.9,283.4,162.2,475.5,272.4,207.9,259.9,205.3,0.5064,0.6989,0.5183,0.7033,0.4945,0.6945,Screen Recording,Screen Recording Recording8.mp4,1920,1080,0,0,960,540,Fixation,2604,217,972,748,0.5063,0.6928,,,,,,,,,,,
96130836,472179124576,Eye Tracker,LipReading_BJ,10/21/2025,CJY,Recording8,10/18/2025,10/18/2025,10:09:23.595,02:09:23.595,431768,Timeline1,Tobii I-VT (Fixation),1.241.54219,1080,1920,10.0,3.7,2.3,2.7,0.31,0.19,0.23,13,8,10,4.3,4.1,3.4,0.38,0.36,0.3,16,15,12,7396256945,,,963,747,985,752,941,741,0.09027,0.08873,-0.99196,-0.05401,0.08522,-0.9949,4.136,4.135,4.133,,,,Valid,Valid,226.2,163.1,476.9,283.4,162.2,475.5,269.6,205.8,257.5,202.9,0.5016,0.6914,0.5131,0.6963,0.4901,0.6865,Screen Recording,Screen Recording Recording8.mp4,1920,1080,0,0,960,540,Fixation,2604,217,972,748,0.5063,0.6928,,,,,,,,,,,
96134836,472179128576,Eye Tracker,LipReading_BJ,10/21/2025,CJY,Recording8,10/18/2025,10/18/2025,10:09:23.595,02:09:23.595,431768,Timeline1,Tobii I-VT (Fixation),1.241.54219,1080,1920,10.0,3.7,2.3,2.7,0.31,0.19,0.23,13,8,10,4.3,4.1,3.4,0.38,0.36,0.3,16,15,12,7396260945,,,965,750,986,752,945,747,0.09057,0.08857,-0.99194,-0.05198,0.08857,-0.99471,4.134,4.139,4.124,,,,Valid,Valid,226.2,163.1,476.9,283.3,162.2,475.5,269.7,205.7,258.5,204.5,0.5027,0.694,0.5134,0.696,0.492,0.6919,Screen Recording,Screen Recording Recording8.mp4,1920,1080,0,0,960,540,Fixation,2604,217,972,748,0.5063,0.6928,,,,,,,,,,,
96138836,472179132576,Eye Tracker,LipReading_BJ,10/21/2025,CJY,Recording8,10/18/2025,10/18/2025,10:09:23.595,02:09:23.595,431768,Timeline1,Tobii I-VT (Fixation),1.241.54219,1080,1920,10.0,3.7,2.3,2.7,0.31,0.19,0.23,13,8,10,4.3,4.1,3.4,0.38,0.36,0.3,16,15,12,7396264945,,,968,751,984,751,951,750,0.08964,0.08839,-0.99204,-0.0483,0.08995,-0.99477,4.164,4.077,4.13,,,,Valid,Valid,226.2,163.1,476.9,283.3,162.2,475.5,269.3,205.6,260.3,205.2,0.5039,0.6949,0.5125,0.6957,0.4953,0.6941,Screen Recording,Screen Recording Recording8.mp4,1920,1080,0,0,960,540,Fixation,2604,217,972,748,0.5063,0.6928,,,,,,,,,,,
96142836,472179136576,Eye Tracker,LipReading_BJ,10/21/2025,CJY,Recording8,10/18/2025,10/18/2025,10:09:23.595,02:09:23.595,431768,Timeline1,Tobii I-VT (Fixation),1.241.54219,1080,1920,10.0,3.7,2.3,2.7,0.31,0.19,0.23,13,8,10,4.3,4.1,3.4,0.38,0.36,0.3,16,15,12,7396268945,,,969,755,991,758,948,752,0.09332,0.09203,-0.99137,-0.04978,0.09139,-0.99457,4.124,4.114,4.125,,,,Valid,Valid,226.2,163.1,476.9,283.3,162.2,475.5,271.1,207.4,259.5,205.9,0.5049,0.6992,0.5159,0.7018,0.494,0.6965,Screen Recording,Screen Recording Recording8.mp4,1920,1080,0,0,960,540,Fixation,2604,217,972,748,0.5063,0.6928,,,,,,,,,,,
96146836,472179140576,Eye Tracker,LipReading_BJ,10/21/2025,CJY,Recording8,10/18/2025,10/18/2025,10:09:23.595,02:09:23.595,431768,Timeline1,Tobii I-VT (Fixation),1.241.54219,1080,1920,10.0,3.7,2.3,2.7,0.31,0.19,0.23,13,8,10,4.3,4.1,3.4,0.38,0.36,0.3,16,15,12,7396272945,,,945,754,,,945,754,,,,-0.05148,0.09237,-0.99439,,4.124,4.122,,,,Invalid,Valid,,,,283.3,162.2,475.5,,,258.7,206.3,0.4924,0.6981,,,0.4924,0.6981,Screen Recording,Screen Recording Recording8.mp4,1920,1080,0,0,960,540,Fixation,2604,217,972,748,0.5063,0.6928,,,,,,,,,,,
96150837,472179144577,Eye Tracker,LipReading_BJ,10/21/2025,CJY,Recording8,10/18/2025,10/18/2025,10:09:23.595,02:09:23.595,431768,Timeline1,Tobii I-VT (Fixation),1.241.54219,1080,1920,10.0,3.7,2.3,2.7,0.31,0.19,0.23,13,8,10,4.3,4.1,3.4,0.38,0.36,0.3,16,15,12,7396276946,,,964,749,979,754,950,744,0.08683,0.08973,-0.99217,-0.04904,0.08683,-0.99502,4.15,4.107,4.122,,,,Valid,Valid,226.2,163.2,476.9,283.3,162.2,475.5,267.9,206.3,259.9,203.7,0.5023,0.6935,0.5099,0.6979,0.4946,0.6891,Screen Recording,Screen Recording Recording8.mp4,1920,1080,0,0,960,540,Fixation,2604,217,972,748,0.5063,0.6928,,,,,,,,,,,
96154836,472179148576,Eye Tracker,LipReading_BJ,10/21/2025,CJY,Recording8,10/18/2025,10/18/2025,10:09:23.595,02:09:23.595,431768,Timeline1,Tobii I-VT (Fixation),1.241.54219,1080,1920,10.0,3.7,2.3,2.7,0.31,0.19,0.23,13,8,10,4.3,4.1,3.4,0.38,0.36,0.3,16,15,12,7396280945,,,964,747,987,753,941,741,0.09152,0.08933,-0.99179,-0.05378,0.08505,-0.99492,4.136,4.095,4.116,,,,Valid,Valid,226.2,163.2,476.9,283.3,162.2,475.5,270.2,206.1,257.6,202.8,0.5023,0.6918,0.5142,0.6974,0.4903,0.6863,Screen Recording,Screen Recording Recording8.mp4,1920,1080,0,0,960,540,Fixation,2604,217,972,748,0.5063,0.6928,,,,,,,,,,,
96158836,472179152576,Eye Tracker,LipReading_BJ,10/21/2025,CJY,Recording8,10/18/2025,10/18/2025,10:09:23.595,02:09:23.595,431768,Timeline1,Tobii I-VT (Fixation),1.241.54219,1080,1920,10.0,3.7,2.3,2.7,0.31,0.19,0.23,13,8,10,4.3,4.1,3.4,0.38,0.36,0.3,16,15,12,7396284945,,,965,751,988,754,942,749,0.09216,0.08958,-0.99171,-0.05317,0.08949,-0.99457,4.134,4.087,4.117,,,,Valid,Valid,226.2,163.2,476.9,283.3,162.2,475.5,270.5,206.2,257.9,205.0,0.5028,0.6957,0.5148,0.6978,0.4908,0.6935,Screen Recording,Screen Recording Recording8.mp4,1920,1080,0,0,960,540,Fixation,2604,217,972,748,0.5063,0.6928,,,,,,,,,,,
96162836,472179156576,Eye Tracker,LipReading_BJ,10/21/2025,CJY,Recording8,10/18/2025,10/18/2025,10:09:23.595,02:09:23.595,431768,Timeline1,Tobii I-VT (Fixation),1.241.54219,1080,1920,10.0,3.7,2.3,2.7,0.31,0.19,0.23,13,8,10,4.3,4.1,3.4,0.38,0.36,0.3,16,15,12,7396288945,,,948,748,,,948,748,,,,-0.04989,0.08903,-0.99478,,4.094,4.115,,,,Invalid,Valid,,,,283.3,162.2,475.5,,,259.5,204.8,0.4938,0.6928,,,0.4938,0.6928,Screen Recording,Screen Recording Recording8.mp4,1920,1080,0,0,960,540,Fixation,2604,217,972,748,0.5063,0.6928,,,,,,,,,,,
96166836,472179160576,Eye Tracker,LipReading_BJ,10/21/2025,CJY,Recording8,10/18/2025,10/18/2025,10:09:23.595,02:09:23.595,431768,Timeline1,Tobii I-VT (Fixation),1.241.54219,1080,1920,10.0,3.7,2.3,2.7,0.31,0.19,0.23,13,8,10,4.3,4.1,3.4,0.38,0.36,0.3,16,15,12,7396292945,,,964,746,980,754,948,738,0.08766,0.09007,-0.99207,-0.05024,0.08325,-0.99526,4.144,4.095,4.114,,,,Valid,Valid,226.2,163.2,476.9,283.3,162.2,475.4,268.3,206.5,259.3,202.0,0.5021,0.691,0.5106,0.6986,0.4935,0.6834,Screen Recording,Screen Recording Recording8.mp4,1920,1080,0,0,960,540,Fixation,2604,217,972,748,0.5063,0.6928,,,,,,,,,,,
96170837,472179164577,Eye Tracker,LipReading_BJ,10/21/2025,CJY,Recording8,10/18/2025,10/18/2025,10:09:23.595,02:09:23.595,431768,Timeline1,Tobii I-VT (Fixation),1.241.54219,1080,1920,10.0,3.7,2.3,2.7,0.31,0.19,0.23,13,8,10,4.3,4.1,3.4,0.38,0.36,0.3,16,15,12,7396296946,,,943,745,,,943,745,,,,-0.05303,0.0871,-0.99479,,4.094,4.109,,,,Invalid,Valid,,,,283.3,162.2,475.4,,,258.0,203.9,0.491,0.6897,,,0.491,0.6897,Screen Recording,Screen Recording Recording8.mp4,1920,1080,0,0,960,540,Fixation,2604,217,972,748,0.5063,0.6928,,,,,,,,,,,
96174836,472179168576,Eye Tracker,LipReading_BJ,10/21/2025,CJY,Recording8,10/18/2025,10/18/2025,10:09:23.595,02:09:23.595,431768,Timeline1,Tobii I-VT (Fixation),1.241.54219,1080,1920,10.0,3.7,2.3,2.7,0.31,0.19,0.23,13,8,10,4.3,4.1,3.4,0.38,0.36,0.3,16,15,12,7396300945,,,963,751,983,762,943,740,0.08937,0.09411,-0.99154,-0.05304,0.08444,-0.99502,4.101,4.106,4.101,,,,Valid,Valid,226.2,163.2,476.8,283.3,162.2,475.4,269.1,208.5,258.0,202.6,0.5016,0.6954,0.5122,0.7053,0.4909,0.6854,Screen Recording,Screen Recording Recording8.mp4,1920,1080,0,0,960,540,Fixation,2604,217,972,748,0.5063,0.6928,,,,,,,,,,,
96178836,472179172576,Eye Tracker,LipReading_BJ,10/21/2025,CJY,Recording8,10/18/2025,10/18/2025,10:09:23.595,02:09:23.595,431768,Timeline1,Tobii I-VT (Fixation),1.241.54219,1080,1920,10.0,3.7,2.3,2.7,0.31,0.19,0.23,13,8,10,4.3,4.1,3.4,0.38,0.36,0.3,16,15,12,7396304945,,,940,752,,,940,752,,,,-0.05429,0.09117,-0.99435,,4.098,4.101,,,,Invalid,Valid,,,,283.3,162.2,475.4,,,257.3,205.8,0.4898,0.6964,,,0.4898,0.6964,Screen Recording,Screen Recording Recording8.mp4,1920,1080,0,0,960,540,Fixation,2604,217,972,748,0.5063,0.6928,,,,,,,,,,,
96182836,472179176576,Eye Tracker,LipReading_BJ,10/21/2025,CJY,Recording8,10/18/2025,10/18/2025,10:09:23.595,02:09:23.595,431768,Timeline1,Tobii I-VT (Fixation),1.241.54219,1080,1920,10.0,3.7,2.3,2.7,0.31,0.19,0.23,13,8,10,4.3,4.1,3.4,0.38,0.36,0.3,16,15,12,7396308945,,,944,747,,,944,747,,,,-0.05228,0.08832,-0.99472,,4.099,4.101,,,,Invalid,Valid,,,,283.3,162.2,475.4,,,258.3,204.5,0.4916,0.6917,,,0.4916,0.6917,Screen Recording,Screen Recording Recording8.mp4,1920,1080,0,0,960,540,Fixation,2604,217,972,748,0.5063,0.6928,,,,,,,,,,,
96186836,472179180576,Eye Tracker,LipReading_BJ,10/21/2025,CJY,Recording8,10/18/2025,10/18/2025,10:09:23.595,02:09:23.595,431768,Timeline1,Tobii I-VT (Fixation),1.241.54219,1080,1920,10.0,3.7,2.3,2.7,0.31,0.19,0.23,13,8,10,4.3,4.1,3.4,0.38,0.36,0.3,16,15,12,7396312945,,,964,764,982,768,947,760,0.08841,0.09738,-0.99131,-0.05034,0.09586,-0.99412,4.106,4.072,4.1,,,,Valid,Valid,226.1,163.2,476.8,283.3,162.2,475.4,268.7,210.1,259.2,208.1,0.5023,0.7074,0.5113,0.7107,0.4933,0.704,Screen Recording,Screen Recording Recording8.mp4,1920,1080,0,0,960,540,Fixation,2604,217,972,748,0.5063,0.6928,,,,,,,,,,,
96190837,472179184577,Eye Tracker,LipReading_BJ,10/21/2025,CJY,Recording8,10/18/2025,10/18/2025,10:09:23.595,02:09:23.595,431768,Timeline1,Tobii I-VT (Fixation),1.241.54219,1080,1920,10.0,3.7,2.3,2.7,0.31,0.19,0.23,13,8,10,4.3,4.1,3.4,0.38,0.36,0.3,16,15,12,7396316946,,,965,746,989,753,940,739,0.09278,0.08892,-0.99171,-0.05457,0.08364,-0.995,4.116,4.095,4.1,,,,Valid,Valid,226.1,163.2,476.8,283.3,162.2,475.4,270.7,206.0,257.2,202.2,0.5024,0.6905,0.5152,0.6969,0.4895,0.6841,Screen Recording,Screen Recording Recording8.mp4,1920,1080,0,0,960,540,Fixation,2604,217,972,748,0.5063,0.6928,,,,,,,,,,,
96194830,472179188570,Eye Tracker,LipReading_BJ,10/21/2025,CJY,Recording8,10/18/2025,10/18/2025,10:09:23.595,02:09:23.595,431768,Timeline1,Tobii I-VT (Fixation),1.241.54219,1080,1920,10.0,3.7,2.3,2.7,0.31,0.19,0.23,13,8,10,4.3,4.1,3.4,0.38,0.36,0.3,16,15,12,7396320940,,,963,750,985,759,941,742,0.09048,0.09253,-0.99159,-0.05377,0.08522,-0.99491,4.091,4.094,4.103,,,,Valid,Valid,226.1,163.2,476.8,283.3,162.3,475.4,269.6,207.7,257.6,203.0,0.5017,0.6948,0.5131,0.7028,0.4902,0.6867,Screen Recording,Screen Recording Recording8.mp4,1920,1080,0,0,960,540,Fixation,2604,217,972,748,0.5063,0.6928,,,,,,,,,,,
96198830,472179192570,Eye Tracker,LipReading_BJ,10/21/2025,CJY,Recording8,10/18/2025,10/18/2025,10:09:23.595,02:09:23.595,431768,Timeline1,Tobii I-VT (Fixation),1.241.54219,1080,1920,10.0,3.7,2.3,2.7,0.31,0.19,0.23,13,8,10,4.3,4.1,3.4,0.38,0.36,0.3,16,15,12,7396324940,,,965,755,987,759,942,751,0.09154,0.09236,-0.99151,-0.05304,0.09033,-0.9945,4.123,4.091,4.105,,,,Valid,Valid,226.1,163.2,476.8,283.3,162.2,475.4,270.1,207.7,257.9,205.4,0.5025,0.6988,0.5141,0.7026,0.4908,0.695,Screen Recording,Screen Recording Recording8.mp4,1920,1080,0,0,960,540,Fixation,2604,217,972,748,0.5063,0.6928,,,,,,,,,,,
96202830,472179196570,Eye Tracker,LipReading_BJ,10/21/2025,CJY,Recording8,10/18/2025,10/18/2025,10:09:23.595,02:09:23.595,431768,Timeline1,Tobii I-VT (Fixation),1.241.54219,1080,1920,10.0,3.7,2.3,2.7,0.31,0.19,0.23,13,8,10,4.3,4.1,3.4,0.38,0.36,0.3,16,15,12,7396328940,,,964,749,988,750,941,749,0.09211,0.08742,-0.9919,-0.05382,0.08926,-0.99455,4.116,4.078,4.108,,,,Valid,Valid,226.1,163.3,476.7,283.3,162.2,475.4,270.4,205.3,257.5,204.9,0.5023,0.6939,0.5146,0.6945,0.4901,0.6933,Screen Recording,Screen Recording Recording8.mp4,1920,1080,0,0,960,540,Fixation,2604,217,972,748,0.5063,0.6928,,,,,,,,,,,
96206830,472179200570,Eye Tracker,LipReading_BJ,10/21/2025,CJY,Recording8,10/18/2025,10/18/2025,10:09:23.595,02:09:23.595,431768,Timeline1,Tobii I-VT (Fixation),1.241.54219,1080,1920,10.0,3.7,2.3,2.7,0.31,0.19,0.23,13,8,10,4.3,4.1,3.4,0.38,0.36,0.3,16,15,12,7396332940,,,964,746,986,750,942,741,0.0908,0.08759,-0.99201,-0.0531,0.08512,-0.99495,4.127,4.094,4.11,,,,Valid,Valid,226.1,163.3,476.8,283.2,162.2,475.4,269.7,205.3,257.9,202.9,0.5021,0.6907,0.5134,0.6948,0.4908,0.6865,Screen Recording,Screen Recording Recording8.mp4,1920,1080,0,0,960,540,Fixation,2604,217,972,748,0.5063,0.6928,,,,,,,,,,,
96210831,472179204571,Eye Tracker,LipReading_BJ,10/21/2025,CJY,Recording8,10/18/2025,10/18/2025,10:09:23.595,02:09:23.595,431768,Timeline1,Tobii I-VT (Fixation),1.241.54219,1080,1920,10.0,3.7,2.3,2.7,0.31,0.19,0.23,13,8,10,4.3,4.1,3.4,0.38,0.36,0.3,16,15,12,7396336941,,,965,746,986,746,944,745,0.09088,0.0854,-0.99219,-0.05232,0.08707,-0.99483,4.125,4.101,4.111,,,,Valid,Valid,226.1,163.3,476.8,283.2,162.2,475.4,269.8,204.3,258.2,203.9,0.5024,0.6904,0.5134,0.6912,0.4915,0.6897,Screen Recording,Screen Recording Recording8.mp4,1920,1080,0,0,960,540,Fixation,2604,217,972,748,0.5063,0.6928,,,,,,,,,,,
96214830,472179208570,Eye Tracker,LipReading_BJ,10/21/2025,CJY,Recording8,10/18/2025,10/18/2025,10:09:23.595,02:09:23.595,431768,Timeline1,Tobii I-VT (Fixation),1.241.54219,1080,1920,10.0,3.7,2.3,2.7,0.31,0.19,0.23,13,8,10,4.3,4.1,3.4,0.38,0.36,0.3,16,15,12,7396340940,,,963,745,986,743,941,746,0.09112,0.08351,-0.99233,-0.05406,0.08787,-0.99466,4.14,4.095,4.111,,,,Valid,Valid,226.1,163.3,476.8,283.2,162.2,475.5,269.9,203.4,257.4,204.2,0.5017,0.6895,0.5136,0.6881,0.4899,0.691,Screen Recording,Screen Recording Recording8.mp4,1920,1080,0,0,960,540,Fixation,2604,217,972,748,0.5063,0.6928,,,,,,,,,,,
96218830,472179212570,Eye Tracker,LipReading_BJ,10/21/2025,CJY,Recording8,10/18/2025,10/18/2025,10:09:23.595,02:09:23.595,431768,Timeline1,Tobii I-VT (Fixation),1.241.54219,1080,1920,10.0,3.7,2.3,2.7,0.31,0.19,0.23,13,8,10,4.3,4.1,3.4,0.38,0.36,0.3,16,15,12,7396344940,,,968,747,988,755,949,739,0.09211,0.09022,-0.99165,-0.04933,0.08361,-0.99528,4.127,4.093,4.11,,,,Valid,Valid,226.1,163.3,476.8,283.2,162.2,475.5,270.4,206.6,259.7,202.2,0.5044,0.6916,0.5145,0.6991,0.4942,0.684,Screen Recording,Screen Recording Recording8.mp4,1920,1080,0,0,960,540,Fixation,2604,217,972,748,0.5063,0.6928,,,,,,,,,,,
96222830,472179216570,Eye Tracker,LipReading_BJ,10/21/2025,CJY,Recording8,10/18/2025,10/18/2025,10:09:23.595,02:09:23.595,431768,Timeline1,Tobii I-VT (Fixation),1.241.54219,1080,1920,10.0,3.7,2.3,2.7,0.31,0.19,0.23,13,8,10,4.3,4.1,3.4,0.38,0.36,0.3,16,15,12,7396348940,,,967,747,991,749,943,745,0.09415,0.08665,-0.99178,-0.05257,0.08698,-0.99482,4.13,4.086,4.107,,,,Valid,Valid,226.1,163.2,476.8,283.2,162.2,475.4,271.3,204.9,258.1,203.8,0.5038,0.6914,0.5164,0.6933,0.4912,0.6896,Screen Recording,Screen Recording Recording8.mp4,1920,1080,0,0,960,540,Fixation,2604,217,972,748,0.5063,0.6928,,,,,,,,,,,
96226830,472179220570,Eye Tracker,LipReading_BJ,10/21/2025,CJY,Recording8,10/18/2025,10/18/2025,10:09:23.595,02:09:23.595,431768,Timeline1,Tobii I-VT (Fixation),1.241.54219,1080,1920,10.0,3.7,2.3,2.7,0.31,0.19,0.23,13,8,10,4.3,4.1,3.4,0.38,0.36,0.3,16,15,12,7396352940,,,963,752,984,753,941,750,0.08997,0.08897,-0.99196,-0.05361,0.09018,-0.99448,4.112,4.063,4.104,,,,Valid,Valid,226.1,163.3,476.8,283.2,162.2,475.5,269.3,206.0,257.6,205.3,0.5014,0.6959,0.5125,0.697,0.4902,0.6948,Screen Recording,Screen Recording Recording8.mp4,1920,1080,0,0,960,540,Fixation,2604,217,972,748,0.5063,0.6928,,,,,,,,,,,
96230831,472179224571,Eye Tracker,LipReading_BJ,10/21/2025,CJY,Recording8,10/18/2025,10/18/2025,10:09:23.595,02:09:23.595,431768,Timeline1,Tobii I-VT (Fixation),1.241.54219,1080,1920,10.0,3.7,2.3,2.7,0.31,0.19,0.23,13,8,10,4.3,4.1,3.4,0.38,0.36,0.3,16,15,12,7396356941,,,944,749,,,944,749,,,,-0.05199,0.08934,-0.99464,,4.069,4.1,,,,Invalid,Valid,,,,283.2,162.2,475.5,,,258.4,204.9,0.4917,0.6934,,,0.4917,0.6934,Screen Recording,Screen Recording Recording8.mp4,1920,1080,0,0,960,540,Fixation,2604,217,972,748,0.5063,0.6928,,,,,,,,,,,
96234830,472179228570,Eye Tracker,LipReading_BJ,10/21/2025,CJY,Recording8,10/18/2025,10/18/2025,10:09:23.595,02:09:23.595,431768,Timeline1,Tobii I-VT (Fixation),1.241.54219,1080,1920,10.0,3.7,2.3,2.7,0.31,0.19,0.23,13,8,10,4.3,4.1,3.4,0.38,0.36,0.3,16,15,12,7396360940,,,960,751,979,754,942,748,0.08701,0.08992,-0.99214,-0.05322,0.08858,-0.99465,4.137,4.08,4.097,,,,Valid,Valid,226.1,163.3,476.8,283.2,162.2,475.5,267.9,206.5,257.8,204.6,0.5002,0.6954,0.5098,0.6986,0.4906,0.6922,Screen Recording,Screen Recording Recording8.mp4,1920,1080,0,0,960,540,Fixation,2604,217,972,748,0.5063,0.6928,,,,,,,,,,,
96238830,472179232570,Eye Tracker,LipReading_BJ,10/21/2025,CJY,Recording8,10/18/2025,10/18/2025,10:09:23.595,02:09:23.595,431768,Timeline1,Tobii I-VT (Fixation),1.241.54219,1080,1920,10.0,3.7,2.3,2.7,0.31,0.19,0.23,13,8,10,4.3,4.1,3.4,0.38,0.36,0.3,16,15,12,7396364940,,,967,751,984,745,949,757,0.08979,0.08431,-0.99239,-0.04895,0.09366,-0.9944,4.141,4.064,4.097,,,,Valid,Valid,226.1,163.3,476.8,283.2,162.3,475.4,269.2,203.8,259.8,207.0,0.5034,0.6949,0.5123,0.6894,0.4945,0.7005,Screen Recording,Screen Recording Recording8.mp4,1920,1080,0,0,960,540,Fixation,2604,217,972,748,0.5063,0.6928,,,,,,,,,,,
96242830,472179236570,Eye Tracker,LipReading_BJ,10/21/2025,CJY,Recording8,10/18/2025,10/18/2025,10:09:23.595,02:09:23.595,431768,Timeline1,Tobii I-VT (Fixation),1.241.54219,1080,1920,10.0,3.7,2.3,2.7,0.31,0.19,0.23,13,8,10,4.3,4.1,3.4,0.38,0.36,0.3,16,15,12,7396368940,,,966,745,984,750,949,741,0.08999,0.08723,-0.99212,-0.04933,0.08498,-0.99516,4.125,4.116,4.103,,,,Valid,Valid,226.1,163.3,476.8,283.2,162.2,475.5,269.3,205.2,259.6,202.8,0.5034,0.6902,0.5126,0.6942,0.4942,0.6863,Screen Recording,Screen Recording Recording8.mp4,1920,1080,0,0,960,540,Fixation,2604,217,972,748,0.5063,0.6928,,,,,,,,,,,
96246830,472179240570,Eye Tracker,LipReading_BJ,10/21/2025,CJY,Recording8,10/18/2025,10/18/2025,10:09:23.595,02:09:23.595,431768,Timeline1,Tobii I-VT (Fixation),1.241.54219,1080,1920,10.0,3.7,2.3,2.7,0.31,0.19,0.23,13,8,10,4.3,4.1,3.4,0.38,0.36,0.3,16,15,12,7396372940,,,971,748,994,749,948,747,0.09563,0.08681,-0.99162,-0.04978,0.08813,-0.99486,4.111,4.057,4.09,,,,Valid,Valid,226.1,163.2,476.8,283.2,162.2,475.5,272.1,205.0,259.4,204.4,0.5057,0.6925,0.5178,0.6935,0.4937,0.6914,Screen Recording,Screen Recording Recording8.mp4,1920,1080,0,0,960,540,Fixation,2604,217,972,748,0.5063,0.6928,,,,,,,,,,,
96250831,472179244571,Eye Tracker,LipReading_BJ,10/21/2025,CJY,Recording8,10/18/2025,10/18/2025,10:09:23.595,02:09:23.595,431768,Timeline1,Tobii I-VT (Fixation),1.241.54219,1080,1920,10.0,3.7,2.3,2.7,0.31,0.19,0.23,13,8,10,4.3,4.1,3.4,0.38,0.36,0.3,16,15,12,7396376941,,,966,750,984,754,947,746,0.08971,0.08951,-0.99194,-0.05008,0.08765,-0.99489,4.115,4.085,4.087,,,,Valid,Valid,226.1,163.2,476.8,283.2,162.2,475.5,269.2,206.3,259.3,204.1,0.5029,0.6942,0.5123,0.6979,0.4935,0.6906,Screen Recording,Screen Recording Recording8.mp4,1920,1080,0,0,960,540,Fixation,2604,217,972,748,0.5063,0.6928,,,,,,,,,,,
96254830,472179248570,Eye Tracker,LipReading_BJ,10/21/2025,CJY,Recording8,10/18/2025,10/18/2025,10:09:23.595,02:09:23.595,431768,Timeline1,Tobii I-VT (Fixation),1.241.54219,1080,1920,10.0,3.7,2.3,2.7,0.31,0.19,0.23,13,8,10,4.3,4.1,3.4,0.38,0.36,0.3,16,15,12,7396380940,,,966,747,985,748,947,746,0.09072,0.08619,-0.99214,-0.05012,0.08744,-0.99491,4.117,4.058,4.085,,,,Valid,Valid,226.1,163.2,476.8,283.2,162.2,475.4,269.7,204.6,259.3,204.0,0.5033,0.6913,0.5132,0.6924,0.4934,0.6903,Screen Recording,Screen Recording Recording8.mp4,1920,1080,0,0,960,540,Fixation,2604,217,972,748,0.5063,0.6928,,,,,,,,,,,
96258830,472179252570,Eye Tracker,LipReading_BJ,10/21/2025,CJY,Recording8,10/18/2025,10/18/2025,10:09:23.595,02:09:23.595,431768,Timeline1,Tobii I-VT (Fixation),1.241.54219,1080,1920,10.0,3.7,2.3,2.7,0.31,0.19,0.23,13,8,10,4.3,4.1,3.4,0.38,0.36,0.3,16,15,12,7396384940,,,940,750,,,940,750,,,,-0.05415,0.08976,-0.99449,,4.059,4.093,,,,Invalid,Valid,,,,283.2,162.2,475.4,,,257.3,205.1,0.4898,0.6941,,,0.4898,0.6941,Screen Recording,Screen Recording Recording8.mp4,1920,1080,0,0,960,540,Fixation,2604,217,972,748,0.5063,0.6928,,,,,,,,,,,
96262830,472179256570,Eye Tracker,LipReading_BJ,10/21/2025,CJY,Recording8,10/18/2025,10/18/2025,10:09:23.595,02:09:23.595,431768,Timeline1,Tobii I-VT (Fixation),1.241.54219,1080,1920,10.0,3.7,2.3,2.7,0.31,0.19,0.23,13,8,10,4.3,4.1,3.4,0.38,0.36,0.3,16,15,12,7396388940,,,961,752,980,762,942,743,0.08784,0.09425,-0.99167,-0.0534,0.08584,-0.99488,4.091,4.075,4.082,,,,Valid,Valid,226.1,163.2,476.8,283.2,162.2,475.4,268.3,208.5,257.7,203.2,0.5006,0.6966,0.5107,0.7055,0.4905,0.6877,Screen Recording,Screen Recording Recording8.mp4,1920,1080,0,0,960,540,Fixation,2604,217,972,748,0.5063,0.6928,,,,,,,,,,,
96266830,472179260570,Eye Tracker,LipReading_BJ,10/21/2025,CJY,Recording8,10/18/2025,10/18/2025,10:09:23.595,02:09:23.595,431768,Timeline1,Tobii I-VT (Fixation),1.241.54219,1080,1920,10.0,3.7,2.3,2.7,0.31,0.19,0.23,13,8,10,4.3,4.1,3.4,0.38,0.36,0.3,16,15,12,7396392940,,,969,749,991,751,947,747,0.09389,0.08781,-0.9917,-0.05042,0.08819,-0.99483,4.111,4.08,4.084,,,,Valid,Valid,226.1,163.2,476.9,283.2,162.2,475.4,271.2,205.4,259.1,204.4,0.5047,0.6932,0.5162,0.6949,0.4932,0.6914,Screen Recording,Screen Recording Recording8.mp4,1920,1080,0,0,960,540,Fixation,2604,217,972,748,0.5063,0.6928,,,,,,,,,,,
96270831,472179264571,Eye Tracker,LipReading_BJ,10/21/2025,CJY,Recording8,10/18/2025,10/18/2025,10:09:23.595,02:09:23.595,431768,Timeline1,Tobii I-VT (Fixation),1.241.54219,1080,1920,10.0,3.7,2.3,2.7,0.31,0.19,0.23,13,8,10,4.3,4.1,3.4,0.38,0.36,0.3,16,15,12,7396396941,,,965,754,991,767,939,742,0.09349,0.09709,-0.99088,-0.05485,0.08529,-0.99485,4.095,4.058,4.084,,,,Valid,Valid,226.1,163.2,476.8,283.2,162.2,475.4,271.1,209.9,257.0,203.0,0.5026,0.6984,0.5159,0.7101,0.4892,0.6867,Screen Recording,Screen Recording Recording8.mp4,1920,1080,0,0,960,540,Fixation,2604,217,972,748,0.5063,0.6928,,,,,,,,,,,
96274830,472179268570,Eye Tracker,LipReading_BJ,10/21/2025,CJY,Recording8,10/18/2025,10/18/2025,10:09:23.595,02:09:23.595,431768,Timeline1,Tobii I-VT (Fixation),1.241.54219,1080,1920,10.0,3.7,2.3,2.7,0.31,0.19,0.23,13,8,10,4.3,4.1,3.4,0.38,0.36,0.3,16,15,12,7396400940,,,965,752,985,757,945,747,0.09056,0.09146,-0.99168,-0.0513,0.08815,-0.99479,4.087,4.074,4.085,,,,Valid,Valid,226.1,163.2,476.8,283.3,162.2,475.4,269.6,207.1,258.7,204.3,0.5028,0.6961,0.5132,0.7008,0.4924,0.6913,Screen Recording,Screen Recording Recording8.mp4,1920,1080,0,0,960,540,Fixation,2604,217,972,748,0.5063,0.6928,,,,,,,,,,,
96278830,472179272570,Eye Tracker,LipReading_BJ,10/21/2025,CJY,Recording8,10/18/2025,10/18/2025,10:09:23.595,02:09:23.595,431768,Timeline1,Tobii I-VT (Fixation),1.241.54219,1080,1920,10.0,3.7,2.3,2.7,0.31,0.19,0.23,13,8,10,4.3,4.1,3.4,0.38,0.36,0.3,16,15,12,7396404940,,,963,746,986,751,940,742,0.09084,0.08797,-0.99197,-0.0543,0.08533,-0.99487,4.115,4.058,4.087,,,,Valid,Valid,226.1,163.1,476.8,283.3,162.2,475.3,269.8,205.4,257.3,203.0,0.5016,0.6909,0.5134,0.6951,0.4897,0.6867,Screen Recording,Screen Recording Recording8.mp4,1920,1080,0,0,960,540,Fixation,2604,217,972,748,0.5063,0.6928,,,,,,,,,,,
96282830,472179276570,Eye Tracker,LipReading_BJ,10/21/2025,CJY,Recording8,10/18/2025,10/18/2025,10:09:23.595,02:09:23.595,431768,Timeline1,Tobii I-VT (Fixation),1.241.54219,1080,1920,10.0,3.7,2.3,2.7,0.31,0.19,0.23,13,8,10,4.3,4.1,3.4,0.38,0.36,0.3,16,15,12,7396408940,,,941,745,,,941,745,,,,-0.05382,0.08731,-0.99473,,4.04,4.089,,,,Invalid,Valid,,,,283.3,162.2,475.4,,,257.5,203.9,0.4902,0.6899,,,0.4902,0.6899,Screen Recording,Screen Recording Recording8.mp4,1920,1080,0,0,960,540,Fixation,2604,217,972,748,0.5063,0.6928,,,,,,,,,,,
96286830,472179280570,Eye Tracker,LipReading_BJ,10/21/2025,CJY,Recording8,10/18/2025,10/18/2025,10:09:23.595,02:09:23.595,431768,Timeline1,Tobii I-VT (Fixation),1.241.54219,1080,1920,10.0,3.7,2.3,2.7,0.31,0.19,0.23,13,8,10,4.3,4.1,3.4,0.38,0.36,0.3,16,15,12,7396412940,,,942,746,,,942,746,,,,-0.0531,0.0878,-0.99472,,4.049,4.092,,,,Invalid,Valid,,,,283.3,162.2,475.3,,,257.9,204.1,0.4908,0.6907,,,0.4908,0.6907,Screen Recording,Screen Recording Recording8.mp4,1920,1080,0,0,960,540,Fixation,2604,217,972,748,0.5063,0.6928,,,,,,,,,,,
96290831,472179284571,Eye Tracker,LipReading_BJ,10/21/2025,CJY,Recording8,10/18/2025,10/18/2025,10:09:23.595,02:09:23.595,431768,Timeline1,Tobii I-VT (Fixation),1.241.54219,1080,1920,10.0,3.7,2.3,2.7,0.31,0.19,0.23,13,8,10,4.3,4.1,3.4,0.38,0.36,0.3,16,15,12,7396416941,,,964,743,987,747,942,739,0.09148,0.08619,-0.99207,-0.0535,0.08369,-0.99506,4.141,4.055,4.092,,,,Valid,Valid,226.1,163.1,476.9,283.3,162.2,475.4,270.1,204.5,257.7,202.1,0.5022,0.688,0.514,0.692,0.4905,0.6839,Screen Recording,Screen Recording Recording8.mp4,1920,1080,0,0,960,540,Fixation,2604,217,972,748,0.5063,0.6928,,,,,,,,,,,
96294830,472179288570,Eye Tracker,LipReading_BJ,10/21/2025,CJY,Recording8,10/18/2025,10/18/2025,10:09:23.595,02:09:23.595,431768,Timeline1,Tobii I-VT (Fixation),1.241.54219,1080,1920,10.0,3.7,2.3,2.7,0.31,0.19,0.23,13,8,10,4.3,4.1,3.4,0.38,0.36,0.3,16,15,12,7396420940,,,960,748,980,753,941,742,0.08736,0.08954,-0.99214,-0.0539,0.08563,-0.99487,4.129,4.073,4.099,,,,Valid,Valid,226.1,163.1,476.9,283.3,162.2,475.4,268.1,206.1,257.5,203.1,0.5002,0.6923,0.5102,0.6975,0.4901,0.6871,Screen Recording,Screen Recording Recording8.mp4,1920,1080,0,0,960,540,Fixation,2604,217,972,748,0.5063,0.6928,,,,,,,,,,,
96298829,472179292569,Eye Tracker,LipReading_BJ,10/21/2025,CJY,Recording8,10/18/2025,10/18/2025,10:09:23.595,02:09:23.595,431768,Timeline1,Tobii I-VT (Fixation),1.241.54219,1080,1920,10.0,3.7,2.3,2.7,0.31,0.19,0.23,13,8,10,4.3,4.1,3.4,0.38,0.36,0.3,16,15,12,7396424940,,,962,743,985,751,940,736,0.09046,0.08815,-0.99199,-0.05466,0.08197,-0.99513,4.114,4.08,4.095,,,,Valid,Valid,226.1,163.1,476.9,283.3,162.2,475.3,269.6,205.5,257.2,201.3,0.5013,0.6882,0.5131,0.6952,0.4894,0.6812,Screen Recording,Screen Recording Recording8.mp4,1920,1080,0,0,960,540,Fixation,2604,217,972,748,0.5063,0.6928,,,,,,,,,,,
96302829,472179296569,Eye Tracker,LipReading_BJ,10/21/2025,CJY,Recording8,10/18/2025,10/18/2025,10:09:23.595,02:09:23.595,431768,Timeline1,Tobii I-VT (Fixation),1.241.54219,1080,1920,10.0,3.7,2.3,2.7,0.31,0.19,0.23,13,8,10,4.3,4.1,3.4,0.38,0.36,0.3,16,15,12,7396428940,,,963,744,988,746,939,743,0.0921,0.08535,-0.99209,-0.05525,0.0859,-0.99477,4.107,4.068,4.097,,,,Valid,Valid,226.1,163.1,476.9,283.3,162.2,475.4,270.4,204.1,256.9,203.2,0.5017,0.6891,0.5146,0.6906,0.4889,0.6875,Screen Recording,Screen Recording Recording8.mp4,1920,1080,0,0,960,540,Fixation,2604,217,972,748,0.5063,0.6928,,,,,,,,,,,
96306829,472179300569,Eye Tracker,LipReading_BJ,10/21/2025,CJY,Recording8,10/18/2025,10/18/2025,10:09:23.595,02:09:23.595,431768,Timeline1,Tobii I-VT (Fixation),1.241.54219,1080,1920,10.0,3.7,2.3,2.7,0.31,0.19,0.23,13,8,10,4.3,4.1,3.4,0.38,0.36,0.3,16,15,12,7396432940,,,963,747,988,753,938,741,0.092,0.08933,-0.99174,-0.05556,0.08528,-0.99481,4.118,4.075,4.099,,,,Valid,Valid,226.1,163.1,476.9,283.3,162.2,475.3,270.3,206.1,256.7,202.9,0.5015,0.6919,0.5145,0.6972,0.4886,0.6865,Screen Recording,Screen Recording Recording8.mp4,1920,1080,0,0,960,540,Fixation,2604,217,972,748,0.5063,0.6928,,,,,,,,,,,
96310830,472179304570,Eye Tracker,LipReading_BJ,10/21/2025,CJY,Recording8,10/18/2025,10/18/2025,10:09:23.595,02:09:23.595,431768,Timeline1,Tobii I-VT (Fixation),1.241.54219,1080,1920,10.0,3.7,2.3,2.7,0.31,0.19,0.23,13,8,10,4.3,4.1,3.4,0.38,0.36,0.3,16,15,12,7396436941,,,966,743,987,743,946,743,0.09138,0.08346,-0.99231,-0.0509,0.08616,-0.99498,4.143,4.082,4.106,,,,Valid,Valid,226.1,163.1,476.9,283.3,162.2,475.4,270.0,203.2,258.9,203.3,0.5034,0.6877,0.5139,0.6876,0.4928,0.6879,Screen Recording,Screen Recording Recording8.mp4,1920,1080,0,0,960,540,Fixation,2604,217,972,748,0.5063,0.6928,,,,,,,,,,,
96314829,472179308569,Eye Tracker,LipReading_BJ,10/21/2025,CJY,Recording8,10/18/2025,10/18/2025,10:09:23.595,02:09:23.595,431768,Timeline1,Tobii I-VT (Fixation),1.241.54219,1080,1920,10.0,3.7,2.3,2.7,0.31,0.19,0.23,13,8,10,4.3,4.1,3.4,0.38,0.36,0.3,16,15,12,7396440940,,,963,744,987,747,939,742,0.09127,0.08576,-0.99213,-0.0551,0.08562,-0.9948,4.149,4.104,4.109,,,,Valid,Valid,226.1,163.1,476.9,283.3,162.2,475.4,270.0,204.3,256.9,203.1,0.5014,0.6892,0.5138,0.6914,0.489,0.6871,Screen Recording,Screen Recording Recording8.mp4,1920,1080,0,0,960,540,Fixation,2604,217,972,748,0.5063,0.6928,,,,,,,,,,,
96318829,472179312569,Eye Tracker,LipReading_BJ,10/21/2025,CJY,Recording8,10/18/2025,10/18/2025,10:09:23.595,02:09:23.595,431768,Timeline1,Tobii I-VT (Fixation),1.241.54219,1080,1920,10.0,3.7,2.3,2.7,0.31,0.19,0.23,13,8,10,4.3,4.1,3.4,0.38,0.36,0.3,16,15,12,7396444940,,,965,744,986,746,945,743,0.09109,0.08523,-0.99219,-0.05173,0.08606,-0.99495,4.136,4.065,4.109,,,,Valid,Valid,226.1,163.1,476.9,283.3,162.2,475.4,269.9,204.1,258.5,203.3,0.5028,0.6892,0.5136,0.6905,0.492,0.6878,Screen Recording,Screen Recording Recording8.mp4,1920,1080,0,0,960,540,Fixation,2604,217,972,748,0.5063,0.6928,,,,,,,,,,,
96322829,472179316569,Eye Tracker,LipReading_BJ,10/21/2025,CJY,Recording8,10/18/2025,10/18/2025,10:09:23.595,02:09:23.595,431768,Timeline1,Tobii I-VT (Fixation),1.241.54219,1080,1920,10.0,3.7,2.3,2.7,0.31,0.19,0.23,13,8,10,4.3,4.1,3.4,0.38,0.36,0.3,16,15,12,7396448940,,,966,740,986,747,946,733,0.09114,0.08583,-0.99213,-0.05102,0.08069,-0.99543,4.129,4.09,4.103,,,,Valid,Valid,226.1,163.1,476.8,283.2,162.2,475.4,269.9,204.4,258.9,200.7,0.5032,0.6853,0.5136,0.6915,0.4927,0.679,Screen Recording,Screen Recording Recording8.mp4,1920,1080,0,0,960,540,Fixation,2604,217,972,748,0.5063,0.6928,,,,,,,,,,,
96326828,472179320568,Eye Tracker,LipReading_BJ,10/21/2025,CJY,Recording8,10/18/2025,10/18/2025,10:09:23.595,02:09:23.595,431768,Timeline1,Tobii I-VT (Fixation),1.241.54219,1080,1920,10.0,3.7,2.3,2.7,0.31,0.19,0.23,13,8,10,4.3,4.1,3.4,0.38,0.36,0.3,16,15,12,7396452939,,,962,747,980,754,945,740,0.08756,0.08962,-0.99212,-0.0517,0.08426,-0.9951,4.115,4.065,4.102,,,,Valid,Valid,226.1,163.1,476.8,283.2,162.2,475.4,268.2,206.2,258.5,202.4,0.5012,0.6913,0.5104,0.6977,0.492,0.6849,Screen Recording,Screen Recording Recording8.mp4,1920,1080,0,0,960,540,Fixation,2604,217,972,748,0.5063,0.6928,,,,,,,,,,,
96330828,472179324568,Eye Tracker,LipReading_BJ,10/21/2025,CJY,Recording8,10/18/2025,10/18/2025,10:09:23.595,02:09:23.595,431768,Timeline1,Tobii I-VT (Fixation),1.241.54219,1080,1920,10.0,3.7,2.3,2.7,0.31,0.19,0.23,13,8,10,4.3,4.1,3.4,0.38,0.36,0.3,16,15,12,7396456939,,,965,750,985,759,944,740,0.09047,0.09292,-0.99155,-0.05196,0.08472,-0.99505,4.116,4.078,4.097,,,,Valid,Valid,226.1,163.1,476.9,283.2,162.2,475.5,269.6,207.8,258.4,202.6,0.5024,0.6944,0.513,0.7032,0.4918,0.6856,Screen Recording,Screen Recording Recording8.mp4,1920,1080,0,0,960,540,Fixation,2604,217,972,748,0.5063,0.6928,,,,,,,,,,,
96334828,472179328568,Eye Tracker,LipReading_BJ,10/21/2025,CJY,Recording8,10/18/2025,10/18/2025,10:09:23.595,02:09:23.595,431768,Timeline1,Tobii I-VT (Fixation),1.241.54219,1080,1920,10.0,3.7,2.3,2.7,0.31,0.19,0.23,13,8,10,4.3,4.1,3.4,0.38,0.36,0.3,16,15,12,7396460939,,,961,747,980,753,941,740,0.08795,0.08958,-0.99209,-0.05402,0.08442,-0.99497,4.127,4.09,4.097,,,,Valid,Valid,226.1,163.1,476.9,283.2,162.2,475.5,268.3,206.2,257.4,202.5,0.5003,0.6914,0.5107,0.6977,0.4899,0.6852,Screen Recording,Screen Recording Recording8.mp4,1920,1080,0,0,960,540,Fixation,2604,217,972,748,0.5063,0.6928,,,,,,,,,,,
96338828,472179332568,Eye Tracker,LipReading_BJ,10/21/2025,CJY,Recording8,10/18/2025,10/18/2025,10:09:23.595,02:09:23.595,431768,Timeline1,Tobii I-VT (Fixation),1.241.54219,1080,1920,10.0,3.7,2.3,2.7,0.31,0.19,0.23,13,8,10,4.3,4.1,3.4,0.38,0.36,0.3,16,15,12,7396464939,,,965,755,985,752,946,758,0.09061,0.08869,-0.99193,-0.05105,0.09449,-0.99422,4.104,4.046,4.1,,,,Valid,Valid,226.0,163.1,476.9,283.2,162.2,475.5,269.6,205.8,258.8,207.4,0.5028,0.6989,0.5131,0.6962,0.4925,0.7016,Screen Recording,Screen Recording Recording8.mp4,1920,1080,0,0,960,540,Fixation,2604,217,972,748,0.5063,0.6928,,,,,,,,,,,
96342828,472179336568,Eye Tracker,LipReading_BJ,10/21/2025,CJY,Recording8,10/18/2025,10/18/2025,10:09:23.595,02:09:23.595,431768,Timeline1,Tobii I-VT (Fixation),1.241.54219,1080,1920,10.0,3.7,2.3,2.7,0.31,0.19,0.23,13,8,10,4.3,4.1,3.4,0.38,0.36,0.3,16,15,12,7396468939,,,964,748,985,749,943,746,0.09035,0.08728,-0.99208,-0.05266,0.08759,-0.99476,4.119,4.093,4.105,,,,Valid,Valid,226.0,163.1,476.9,283.2,162.2,475.5,269.5,205.1,258.0,204.0,0.5019,0.6922,0.5128,0.6939,0.491,0.6904,Screen Recording,Screen Recording Recording8.mp4,1920,1080,0,0,960,540,Fixation,2604,217,972,748,0.5063,0.6928,,,,,,,,,,,
96346828,472179340568,Eye Tracker,LipReading_BJ,10/21/2025,CJY,Recording8,10/18/2025,10/18/2025,10:09:23.595,02:09:23.595,431768,Timeline1,Tobii I-VT (Fixation),1.241.54219,1080,1920,10.0,3.7,2.3,2.7,0.31,0.19,0.23,13,8,10,4.3,4.1,3.4,0.38,0.36,0.3,16,15,12,7396472939,,,964,748,981,749,946,747,0.08851,0.08702,-0.99227,-0.05064,0.08829,-0.99481,4.109,4.084,4.102,,,,Valid,Valid,226.0,163.2,476.9,283.2,162.2,475.4,268.6,205.0,259.0,204.4,0.502,0.6925,0.5111,0.6935,0.4929,0.6915,Screen Recording,Screen Recording Recording8.mp4,1920,1080,0,0,960,540,Fixation,2604,217,972,748,0.5063,0.6928,,,,,,,,,,,
96350829,472179344569,Eye Tracker,LipReading_BJ,10/21/2025,CJY,Recording8,10/18/2025,10/18/2025,10:09:23.595,02:09:23.595,431768,Timeline1,Tobii I-VT (Fixation),1.241.54219,1080,1920,10.0,3.7,2.3,2.7,0.31,0.19,0.23,13,8,10,4.3,4.1,3.4,0.38,0.36,0.3,16,15,12,7396476940,,,961,747,978,747,943,747,0.08695,0.08606,-0.99249,-0.05239,0.08844,-0.9947,4.131,4.093,4.112,,,,Valid,Valid,226.0,163.2,476.9,283.2,162.2,475.4,267.8,204.5,258.1,204.5,0.5004,0.6919,0.5096,0.6919,0.4912,0.6918,Screen Recording,Screen Recording Recording8.mp4,1920,1080,0,0,960,540,Fixation,2604,217,972,748,0.5063,0.6928,,,,,,,,,,,
96354828,472179348568,Eye Tracker,LipReading_BJ,10/21/2025,CJY,Recording8,10/18/2025,10/18/2025,10:09:23.595,02:09:23.595,431768,Timeline1,Tobii I-VT (Fixation),1.241.54219,1080,1920,10.0,3.7,2.3,2.7,0.31,0.19,0.23,13,8,10,4.3,4.1,3.4,0.38,0.36,0.3,16,15,12,7396480939,,,963,746,985,747,942,745,0.09046,0.08572,-0.9922,-0.05304,0.08707,-0.99479,4.142,4.083,4.113,,,,Valid,Valid,226.0,163.2,476.9,283.1,162.2,475.4,269.5,204.4,257.8,203.8,0.5017,0.6905,0.5128,0.6915,0.4906,0.6896,Screen Recording,Screen Recording Recording8.mp4,1920,1080,0,0,960,540,Fixation,2604,217,972,748,0.5063,0.6928,,,,,,,,,,,
96358828,472179352568,Eye Tracker,LipReading_BJ,10/21/2025,CJY,Recording8,10/18/2025,10/18/2025,10:09:23.595,02:09:23.595,431768,Timeline1,Tobii I-VT (Fixation),1.241.54219,1080,1920,10.0,3.7,2.3,2.7,0.31,0.19,0.23,13,8,10,4.3,4.1,3.4,0.38,0.36,0.3,16,15,12,7396484939,,,961,748,979,749,942,746,0.08747,0.08714,-0.99235,-0.05313,0.0877,-0.99473,4.141,4.095,4.117,,,,Valid,Valid,226.0,163.2,476.9,283.1,162.2,475.4,268.0,205.1,257.7,204.1,0.5003,0.6922,0.5101,0.6938,0.4905,0.6906,Screen Recording,Screen Recording Recording8.mp4,1920,1080,0,0,960,540,Fixation,2604,217,972,748,0.5063,0.6928,,,,,,,,,,,
96362828,472179356568,Eye Tracker,LipReading_BJ,10/21/2025,CJY,Recording8,10/18/2025,10/18/2025,10:09:23.595,02:09:23.595,431768,Timeline1,Tobii I-VT (Fixation),1.241.54219,1080,1920,10.0,3.7,2.3,2.7,0.31,0.19,0.23,13,8,10,4.3,4.1,3.4,0.38,0.36,0.3,16,15,12,7396488939,,,964,744,985,745,944,744,0.09091,0.08442,-0.99227,-0.05206,0.08636,-0.9949,4.141,4.077,4.117,,,,Valid,Valid,226.0,163.2,476.9,283.1,162.2,475.4,269.7,203.8,258.2,203.5,0.5023,0.6889,0.5132,0.6894,0.4915,0.6884,Screen Recording,Screen Recording Recording8.mp4,1920,1080,0,0,960,540,Fixation,2604,217,972,748,0.5063,0.6928,,,,,,,,,,,
96366828,472179360568,Eye Tracker,LipReading_BJ,10/21/2025,CJY,Recording8,10/18/2025,10/18/2025,10:09:23.595,02:09:23.595,431768,Timeline1,Tobii I-VT (Fixation),1.241.54219,1080,1920,10.0,3.7,2.3,2.7,0.31,0.19,0.23,13,8,10,4.3,4.1,3.4,0.38,0.36,0.3,16,15,12,7396492939,,,948,744,,,948,744,,,,-0.04954,0.08679,-0.99499,,4.094,4.118,,,,Invalid,Valid,,,,283.1,162.2,475.4,,,259.4,203.7,0.4937,0.6891,,,0.4937,0.6891,Screen Recording,Screen Recording Recording8.mp4,1920,1080,0,0,960,540,Fixation,2604,217,972,748,0.5063,0.6928,,,,,,,,,,,
96370829,472179364569,Eye Tracker,LipReading_BJ,10/21/2025,CJY,Recording8,10/18/2025,10/18/2025,10:09:23.595,02:09:23.595,431768,Timeline1,Tobii I-VT (Fixation),1.241.54219,1080,1920,10.0,3.7,2.3,2.7,0.31,0.19,0.23,13,8,10,4.3,4.1,3.4,0.38,0.36,0.3,16,15,12,7396496940,,,964,746,984,749,944,743,0.08993,0.08707,-0.99214,-0.05192,0.08633,-0.99491,4.142,4.092,4.118,,,,Valid,Valid,225.9,163.2,476.8,283.1,162.2,475.4,269.2,205.1,258.3,203.5,0.5019,0.6911,0.5123,0.6938,0.4916,0.6884,Screen Recording,Screen Recording Recording8.mp4,1920,1080,0,0,960,540,Fixation,2604,217,972,748,0.5063,0.6928,,,,,,,,,,,
96374828,472179368568,Eye Tracker,LipReading_BJ,10/21/2025,CJY,Recording8,10/18/2025,10/18/2025,10:09:23.595,02:09:23.595,431768,Timeline1,Tobii I-VT (Fixation),1.241.54219,1080,1920,10.0,3.7,2.3,2.7,0.31,0.19,0.23,13,8,10,4.3,4.1,3.4,0.38,0.36,0.3,16,15,12,7396500939,,,966,747,989,746,942,747,0.09297,0.08507,-0.99203,-0.05277,0.08852,-0.99468,4.134,4.096,4.119,,,,Valid,Valid,225.9,163.2,476.8,283.1,162.2,475.4,270.6,204.1,257.9,204.5,0.5029,0.6913,0.515,0.6906,0.4908,0.692,Screen Recording,Screen Recording Recording8.mp4,1920,1080,0,0,960,540,Fixation,2604,217,972,748,0.5063,0.6928,,,,,,,,,,,
96378828,472179372568,Eye Tracker,LipReading_BJ,10/21/2025,CJY,Recording8,10/18/2025,10/18/2025,10:09:23.595,02:09:23.595,431768,Timeline1,Tobii I-VT (Fixation),1.241.54219,1080,1920,10.0,3.7,2.3,2.7,0.31,0.19,0.23,13,8,10,4.3,4.1,3.4,0.38,0.36,0.3,16,15,12,7396504939,,,943,740,,,943,740,,,,-0.05236,0.08462,-0.99504,,4.103,4.121,,,,Invalid,Valid,,,,283.1,162.2,475.5,,,258.1,202.6,0.4911,0.6856,,,0.4911,0.6856,Screen Recording,Screen Recording Recording8.mp4,1920,1080,0,0,960,540,Fixation,2604,217,972,748,0.5063,0.6928,,,,,,,,,,,
96382828,472179376568,Eye Tracker,LipReading_BJ,10/21/2025,CJY,Recording8,10/18/2025,10/18/2025,10:09:23.595,02:09:23.595,431768,Timeline1,Tobii I-VT (Fixation),1.241.54219,1080,1920,10.0,3.7,2.3,2.7,0.31,0.19,0.23,13,8,10,4.3,4.1,3.4,0.38,0.36,0.3,16,15,12,7396508939,,,966,747,987,747,945,746,0.0922,0.08592,-0.99203,-0.05124,0.08765,-0.99483,4.146,4.102,4.12,,,,Valid,Valid,225.9,163.2,476.8,283.1,162.2,475.5,270.2,204.5,258.6,204.1,0.5032,0.6913,0.5143,0.692,0.4921,0.6905,Screen Recording,Screen Recording Recording8.mp4,1920,1080,0,0,960,540,Fixation,2604,217,972,748,0.5063,0.6928,,,,,,,,,,,
96386828,472179380568,Eye Tracker,LipReading_BJ,10/21/2025,CJY,Recording8,10/18/2025,10/18/2025,10:09:23.595,02:09:23.595,431768,Timeline1,Tobii I-VT (Fixation),1.241.54219,1080,1920,10.0,3.7,2.3,2.7,0.31,0.19,0.23,13,8,10,4.3,4.1,3.4,0.38,0.36,0.3,16,15,12,7396512939,,,964,751,986,749,943,753,0.09123,0.08696,-0.99203,-0.05222,0.09149,-0.99444,4.139,4.113,4.121,,,,Valid,Valid,225.9,163.2,476.8,283.1,162.2,475.5,269.8,205.0,258.1,206.0,0.5023,0.6953,0.5134,0.6937,0.4912,0.6968,Screen Recording,Screen Recording Recording8.mp4,1920,1080,0,0,960,540,Fixation,2604,217,972,748,0.5063,0.6928,,,,,,,,,,,
96390828,472179384568,Eye Tracker,LipReading_BJ,10/21/2025,CJY,Recording8,10/18/2025,10/18/2025,10:09:23.595,02:09:23.595,431768,Timeline1,Tobii I-VT (Fixation),1.241.54219,1080,1920,10.0,3.7,2.3,2.7,0.31,0.19,0.23,13,8,10,4.3,4.1,3.4,0.38,0.36,0.3,16,15,12,7396516939,,,964,746,990,750,938,742,0.09351,0.0876,-0.99176,-0.05507,0.08575,-0.99479,4.139,4.084,4.119,,,,Valid,Valid,225.9,163.2,476.8,283.1,162.2,475.5,270.9,205.4,256.8,203.2,0.5021,0.6911,0.5155,0.6948,0.4886,0.6875,Screen Recording,Screen Recording Recording8.mp4,1920,1080,0,0,960,540,Fixation,2604,217,972,748,0.5063,0.6928,,,,,,,,,,,
96394828,472179388568,Eye Tracker,LipReading_BJ,10/21/2025,CJY,Recording8,10/18/2025,10/18/2025,10:09:23.595,02:09:23.595,431768,Timeline1,Tobii I-VT (Fixation),1.241.54219,1080,1920,10.0,3.7,2.3,2.7,0.31,0.19,0.23,13,8,10,4.3,4.1,3.4,0.38,0.36,0.3,16,15,12,7396520939,,,963,747,982,752,944,742,0.08933,0.08878,-0.99204,-0.0516,0.08567,-0.99499,4.167,4.076,4.119,,,,Valid,Valid,225.9,163.2,476.8,283.1,162.2,475.5,268.9,205.9,258.4,203.1,0.5018,0.692,0.5117,0.6967,0.4918,0.6873,Screen Recording,Screen Recording Recording8.mp4,1920,1080,0,0,960,540,Fixation,2604,217,972,748,0.5063,0.6928,,,,,,,,,,,
96398827,472179392567,Eye Tracker,LipReading_BJ,10/21/2025,CJY,Recording8,10/18/2025,10/18/2025,10:09:23.595,02:09:23.595,431768,Timeline1,Tobii I-VT (Fixation),1.241.54219,1080,1920,10.0,3.7,2.3,2.7,0.31,0.19,0.23,13,8,10,4.3,4.1,3.4,0.38,0.36,0.3,16,15,12,7396524939,,,962,752,986,756,938,747,0.0914,0.091,-0.99165,-0.0553,0.08859,-0.99453,4.139,4.099,4.12,,,,Valid,Valid,225.9,163.2,476.8,283.1,162.2,475.5,269.9,207.0,256.6,204.6,0.501,0.6962,0.5136,0.7003,0.4884,0.6921,Screen Recording,Screen Recording Recording8.mp4,1920,1080,0,0,960,540,Fixation,2604,217,972,748,0.5063,0.6928,,,,,,,,,,,
96402827,472179396567,Eye Tracker,LipReading_BJ,10/21/2025,CJY,Recording8,10/18/2025,10/18/2025,10:09:23.595,02:09:23.595,431768,Timeline1,Tobii I-VT (Fixation),1.241.54219,1080,1920,10.0,3.7,2.3,2.7,0.31,0.19,0.23,13,8,10,4.3,4.1,3.4,0.38,0.36,0.3,16,15,12,7396528939,,,965,748,987,749,942,747,0.092,0.08698,-0.99195,-0.0527,0.08859,-0.99467,4.141,4.111,4.129,,,,Valid,Valid,225.9,163.2,476.8,283.1,162.2,475.4,270.2,205.0,257.9,204.6,0.5025,0.6929,0.5142,0.6937,0.4908,0.6921,Screen Recording,Screen Recording Recording8.mp4,1920,1080,0,0,960,540,Fixation,2604,217,972,748,0.5063,0.6928,,,,,,,,,,,
96406827,472179400567,Eye Tracker,LipReading_BJ,10/21/2025,CJY,Recording8,10/18/2025,10/18/2025,10:09:23.595,02:09:23.595,431768,Timeline1,Tobii I-VT (Fixation),1.241.54219,1080,1920,10.0,3.7,2.3,2.7,0.31,0.19,0.23,13,8,10,4.3,4.1,3.4,0.38,0.36,0.3,16,15,12,7396532939,,,966,745,988,745,944,745,0.09222,0.08462,-0.99214,-0.05178,0.08725,-0.99484,4.155,4.102,4.122,,,,Valid,Valid,225.9,163.2,476.9,283.1,162.2,475.4,270.3,203.9,258.4,203.9,0.503,0.6899,0.5144,0.6898,0.4917,0.6899,Screen Recording,Screen Recording Recording8.mp4,1920,1080,0,0,960,540,Fixation,2604,217,972,748,0.5063,0.6928,,,,,,,,,,,
96410827,472179404567,Eye Tracker,LipReading_BJ,10/21/2025,CJY,Recording8,10/18/2025,10/18/2025,10:09:23.595,02:09:23.595,431768,Timeline1,Tobii I-VT (Fixation),1.241.54219,1080,1920,10.0,3.7,2.3,2.7,0.31,0.19,0.23,13,8,10,4.3,4.1,3.4,0.38,0.36,0.3,16,15,12,7396536939,,,960,746,981,752,939,740,0.08853,0.08875,-0.99211,-0.05492,0.08426,-0.99493,4.17,4.111,4.122,,,,Valid,Valid,226.0,163.2,476.9,283.1,162.2,475.4,268.5,205.9,256.9,202.5,0.4999,0.6908,0.511,0.6965,0.4889,0.6851,Screen Recording,Screen Recording Recording8.mp4,1920,1080,0,0,960,540,Fixation,2604,217,972,748,0.5063,0.6928,,,,,,,,,,,
96414827,472179408567,Eye Tracker,LipReading_BJ,10/21/2025,CJY,Recording8,10/18/2025,10/18/2025,10:09:23.595,02:09:23.595,431768,Timeline1,Tobii I-VT (Fixation),1.241.54219,1080,1920,10.0,3.7,2.3,2.7,0.31,0.19,0.23,13,8,10,4.3,4.1,3.4,0.38,0.36,0.3,16,15,12,7396540939,,,964,748,984,759,945,737,0.08992,0.09242,-0.99165,-0.05131,0.08281,-0.99524,4.141,4.093,4.121,,,,Valid,Valid,226.0,163.2,477.0,283.1,162.2,475.4,269.2,207.6,258.6,201.8,0.5023,0.6926,0.5123,0.7025,0.4922,0.6827,Screen Recording,Screen Recording Recording8.mp4,1920,1080,0,0,960,540,Fixation,2604,217,972,748,0.5063,0.6928,,,,,,,,,,,
96418827,472179412567,Eye Tracker,LipReading_BJ,10/21/2025,CJY,Recording8,10/18/2025,10/18/2025,10:09:23.595,02:09:23.595,431768,Timeline1,Tobii I-VT (Fixation),1.241.54219,1080,1920,10.0,3.7,2.3,2.7,0.31,0.19,0.23,13,8,10,4.3,4.1,3.4,0.38,0.36,0.3,16,15,12,7396544939,,,960,752,980,751,939,752,0.08808,0.08804,-0.99222,-0.05482,0.09141,-0.9943,4.141,4.101,4.121,,,,Valid,Valid,226.0,163.2,477.0,283.1,162.2,475.4,268.3,205.5,256.9,205.9,0.4998,0.696,0.5106,0.6952,0.489,0.6967,Screen Recording,Screen Recording Recording8.mp4,1920,1080,0,0,960,540,Fixation,2604,217,972,748,0.5063,0.6928,,,,,,,,,,,
96422827,472179416567,Eye Tracker,LipReading_BJ,10/21/2025,CJY,Recording8,10/18/2025,10/18/2025,10:09:23.595,02:09:23.595,431768,Timeline1,Tobii I-VT (Fixation),1.241.54219,1080,1920,10.0,3.7,2.3,2.7,0.31,0.19,0.23,13,8,10,4.3,4.1,3.4,0.38,0.36,0.3,16,15,12,7396548939,,,961,757,981,771,941,744,0.08806,0.09921,-0.99116,-0.05335,0.08661,-0.99481,4.107,4.096,4.121,,,,Valid,Valid,226.0,163.2,477.0,283.1,162.2,475.4,268.4,210.9,257.6,203.6,0.5005,0.7012,0.5107,0.7135,0.4903,0.6889,Screen Recording,Screen Recording Recording8.mp4,1920,1080,0,0,960,540,Fixation,2604,217,972,748,0.5063,0.6928,,,,,,,,,,,
96426827,472179420567,Eye Tracker,LipReading_BJ,10/21/2025,CJY,Recording8,10/18/2025,10/18/2025,10:09:23.595,02:09:23.595,431768,Timeline1,Tobii I-VT (Fixation),1.241.54219,1080,1920,10.0,3.7,2.3,2.7,0.31,0.19,0.23,13,8,10,4.3,4.1,3.4,0.38,0.36,0.3,16,15,12,7396552939,,,961,745,979,749,944,741,0.0872,0.08697,-0.99239,-0.052,0.08493,-0.99503,4.17,4.147,4.12,,,,Valid,Valid,226.0,163.1,477.0,283.2,162.2,475.4,267.9,204.9,258.3,202.8,0.5007,0.6898,0.5099,0.6934,0.4916,0.6861,Screen Recording,Screen Recording Recording8.mp4,1920,1080,0,0,960,540,Fixation,2604,217,972,748,0.5063,0.6928,,,,,,,,,,,
96430828,472179424568,Eye Tracker,LipReading_BJ,10/21/2025,CJY,Recording8,10/18/2025,10/18/2025,10:09:23.595,02:09:23.595,431768,Timeline1,Tobii I-VT (Fixation),1.241.54219,1080,1920,10.0,3.7,2.3,2.7,0.31,0.19,0.23,13,8,10,4.3,4.1,3.4,0.38,0.36,0.3,16,15,12,7396556940,,,961,748,978,762,944,734,0.08666,0.0945,-0.99175,-0.05224,0.08108,-0.99534,4.132,4.109,4.121,,,,Valid,Valid,226.0,163.1,477.0,283.2,162.2,475.5,267.7,208.6,258.2,200.9,0.5004,0.6928,0.5095,0.7057,0.4914,0.6798,Screen Recording,Screen Recording Recording8.mp4,1920,1080,0,0,960,540,Fixation,2604,217,972,748,0.5063,0.6928,,,,,,,,,,,
96434827,472179428567,Eye Tracker,LipReading_BJ,10/21/2025,CJY,Recording8,10/18/2025,10/18/2025,10:09:23.595,02:09:23.595,431768,Timeline1,Tobii I-VT (Fixation),1.241.54219,1080,1920,10.0,3.7,2.3,2.7,0.31,0.19,0.23,13,8,10,4.3,4.1,3.4,0.38,0.36,0.3,16,15,12,7396560939,,,955,752,974,756,936,747,0.08432,0.09126,-0.99225,-0.05644,0.0884,-0.99448,4.13,4.109,4.13,,,,Valid,Valid,226.0,163.1,477.0,283.2,162.2,475.4,266.6,207.0,256.2,204.5,0.4974,0.6961,0.5073,0.7004,0.4876,0.6918,Screen Recording,Screen Recording Recording8.mp4,1920,1080,0,0,960,540,Fixation,2604,217,972,748,0.5063,0.6928,,,,,,,,,,,
96438827,472179432567,Eye Tracker,LipReading_BJ,10/21/2025,CJY,Recording8,10/18/2025,10/18/2025,10:09:23.595,02:09:23.595,431768,Timeline1,Tobii I-VT (Fixation),1.241.54219,1080,1920,10.0,3.7,2.3,2.7,0.31,0.19,0.23,13,8,10,4.3,4.1,3.4,0.38,0.36,0.3,16,15,12,7396564939,,,964,742,988,743,939,740,0.09216,0.08377,-0.99221,-0.05471,0.08444,-0.99492,4.148,4.114,4.128,,,,Valid,Valid,226.0,163.1,477.0,283.2,162.2,475.5,270.3,203.4,257.0,202.5,0.5018,0.6867,0.5145,0.6882,0.4892,0.6852,Screen Recording,Screen Recording Recording8.mp4,1920,1080,0,0,960,540,Fixation,2604,217,972,748,0.5063,0.6928,,,,,,,,,,,
96442827,472179436567,Eye Tracker,LipReading_BJ,10/21/2025,CJY,Recording8,10/18/2025,10/18/2025,10:09:23.595,02:09:23.595,431768,Timeline1,Tobii I-VT (Fixation),1.241.54219,1080,1920,10.0,3.7,2.3,2.7,0.31,0.19,0.23,13,8,10,4.3,4.1,3.4,0.38,0.36,0.3,16,15,12,7396568939,,,959,746,978,752,941,741,0.08666,0.08874,-0.99228,-0.05387,0.0848,-0.99494,4.172,4.112,4.131,,,,Valid,Valid,226.0,163.2,476.9,283.2,162.2,475.5,267.7,205.8,257.5,202.7,0.4997,0.6911,0.5095,0.6964,0.49,0.6858,Screen Recording,Screen Recording Recording8.mp4,1920,1080,0,0,960,540,Fixation,2604,217,972,748,0.5063,0.6928,,,,,,,,,,,
96446827,472179440567,Eye Tracker,LipReading_BJ,10/21/2025,CJY,Recording8,10/18/2025,10/18/2025,10:09:23.595,02:09:23.595,431768,Timeline1,Tobii I-VT (Fixation),1.241.54219,1080,1920,10.0,3.7,2.3,2.7,0.31,0.19,0.23,13,8,10,4.3,4.1,3.4,0.38,0.36,0.3,16,15,12,7396572939,,,961,746,980,751,941,741,0.08783,0.08826,-0.99222,-0.05366,0.08512,-0.99493,4.144,4.127,4.134,,,,Valid,Valid,226.1,163.2,476.9,283.2,162.2,475.5,268.3,205.6,257.6,202.9,0.5004,0.691,0.5106,0.6956,0.4902,0.6863,Screen Recording,Screen Recording Recording8.mp4,1920,1080,0,0,960,540,Fixation,2604,217,972,748,0.5063,0.6928,,,,,,,,,,,
96450827,472179444567,Eye Tracker,LipReading_BJ,10/21/2025,CJY,Recording8,10/18/2025,10/18/2025,10:09:23.595,02:09:23.595,431768,Timeline1,Tobii I-VT (Fixation),1.241.54219,1080,1920,10.0,3.7,2.3,2.7,0.31,0.19,0.23,13,8,10,4.3,4.1,3.4,0.38,0.36,0.3,16,15,12,7396576939,,,962,750,980,756,943,743,0.08786,0.09116,-0.99195,-0.05282,0.08624,-0.99487,4.161,4.119,4.144,,,,Valid,Valid,226.1,163.2,476.9,283.2,162.2,475.5,268.3,207.0,258.0,203.4,0.5008,0.6943,0.5106,0.7004,0.491,0.6881,Screen Recording,Screen Recording Recording8.mp4,1920,1080,0,0,960,540,Fixation,2604,217,972,748,0.5063,0.6928,,,,,,,,,,,
96454827,472179448567,Eye Tracker,LipReading_BJ,10/21/2025,CJY,Recording8,10/18/2025,10/18/2025,10:09:23.595,02:09:23.595,431768,Timeline1,Tobii I-VT (Fixation),1.241.54219,1080,1920,10.0,3.7,2.3,2.7,0.31,0.19,0.23,13,8,10,4.3,4.1,3.4,0.38,0.36,0.3,16,15,12,7396580939,,,963,748,984,753,943,743,0.08993,0.08901,-0.99196,-0.05275,0.08607,-0.99489,4.141,4.131,4.144,,,,Valid,Valid,226.1,163.2,476.9,283.2,162.2,475.5,269.3,206.0,258.0,203.3,0.5018,0.6924,0.5125,0.6969,0.491,0.6879,Screen Recording,Screen Recording Recording8.mp4,1920,1080,0,0,960,540,Fixation,2604,217,972,748,0.5063,0.6928,,,,,,,,,,,
96458827,472179452567,Eye Tracker,LipReading_BJ,10/21/2025,CJY,Recording8,10/18/2025,10/18/2025,10:09:23.595,02:09:23.595,431768,Timeline1,Tobii I-VT (Fixation),1.241.54219,1080,1920,10.0,3.7,2.3,2.7,0.31,0.19,0.23,13,8,10,4.3,4.1,3.4,0.38,0.36,0.3,16,15,12,7396584939,,,940,737,,,940,737,,,,-0.05421,0.08273,-0.9951,,4.132,4.143,,,,Invalid,Valid,,,,283.2,162.2,475.5,,,257.3,201.7,0.4897,0.6825,,,0.4897,0.6825,Screen Recording,Screen Recording Recording8.mp4,1920,1080,0,0,960,540,Fixation,2604,217,972,748,0.5063,0.6928,,,,,,,,,,,
96462827,472179456567,Eye Tracker,LipReading_BJ,10/21/2025,CJY,Recording8,10/18/2025,10/18/2025,10:09:23.595,02:09:23.595,431768,Timeline1,Tobii I-VT (Fixation),1.241.54219,1080,1920,10.0,3.7,2.3,2.7,0.31,0.19,0.23,13,8,10,4.3,4.1,3.4,0.38,0.36,0.3,16,15,12,7396588939,,,964,744,981,744,946,743,0.08825,0.08434,-0.99252,-0.05068,0.08624,-0.99498,4.179,4.126,4.15,,,,Valid,Valid,226.1,163.2,476.9,283.2,162.2,475.5,268.5,203.7,259.0,203.4,0.502,0.6887,0.511,0.6893,0.4929,0.6882,Screen Recording,Screen Recording Recording8.mp4,1920,1080,0,0,960,540,Fixation,2604,217,972,748,0.5063,0.6928,,,,,,,,,,,
96466827,472179460567,Eye Tracker,LipReading_BJ,10/21/2025,CJY,Recording8,10/18/2025,10/18/2025,10:09:23.595,02:09:23.595,431768,Timeline1,Tobii I-VT (Fixation),1.241.54219,1080,1920,10.0,3.7,2.3,2.7,0.31,0.19,0.23,13,8,10,4.3,4.1,3.4,0.38,0.36,0.3,16,15,12,7396592939,,,942,743,,,942,743,,,,-0.05348,0.08611,-0.99485,,4.116,4.153,,,,Invalid,Valid,,,,283.2,162.2,475.5,,,257.7,203.3,0.4904,0.688,,,0.4904,0.688,Screen Recording,Screen Recording Recording8.mp4,1920,1080,0,0,960,540,Fixation,2604,217,972,748,0.5063,0.6928,,,,,,,,,,,
96470828,472179464568,Eye Tracker,LipReading_BJ,10/21/2025,CJY,Recording8,10/18/2025,10/18/2025,10:09:23.595,02:09:23.595,431768,Timeline1,Tobii I-VT (Fixation),1.241.54219,1080,1920,10.0,3.7,2.3,2.7,0.31,0.19,0.23,13,8,10,4.3,4.1,3.4,0.38,0.36,0.3,16,15,12,7396596940,,,966,744,988,748,944,740,0.09205,0.08615,-0.99202,-0.05181,0.08464,-0.99506,4.168,4.136,4.151,,,,Valid,Valid,226.1,163.2,476.9,283.2,162.2,475.5,270.3,204.6,258.5,202.6,0.5032,0.689,0.5145,0.6923,0.4919,0.6856,Screen Recording,Screen Recording Recording8.mp4,1920,1080,0,0,960,540,Fixation,2604,217,972,748,0.5063,0.6928,,,,,,,,,,,
96474827,472179468567,Eye Tracker,LipReading_BJ,10/21/2025,CJY,Recording8,10/18/2025,10/18/2025,10:09:23.595,02:09:23.595,431768,Timeline1,Tobii I-VT (Fixation),1.241.54219,1080,1920,10.0,3.7,2.3,2.7,0.31,0.19,0.23,13,8,10,4.3,4.1,3.4,0.38,0.36,0.3,16,15,12,7396600939,,,964,746,985,752,943,740,0.09037,0.08866,-0.99195,-0.05281,0.0844,-0.99503,4.181,4.133,4.153,,,,Valid,Valid,226.1,163.2,476.8,283.2,162.2,475.5,269.5,205.8,258.0,202.5,0.502,0.6908,0.5129,0.6965,0.491,0.6852,Screen Recording,Screen Recording Recording8.mp4,1920,1080,0,0,960,540,Fixation,2604,217,972,748,0.5063,0.6928,,,,,,,,,,,
96478827,472179472567,Eye Tracker,LipReading_BJ,10/21/2025,CJY,Recording8,10/18/2025,10/18/2025,10:09:23.595,02:09:23.595,431768,Timeline1,Tobii I-VT (Fixation),1.241.54219,1080,1920,10.0,3.7,2.3,2.7,0.31,0.19,0.23,13,8,10,4.3,4.1,3.4,0.38,0.36,0.3,16,15,12,7396604939,,,964,744,988,749,939,739,0.0921,0.08704,-0.99194,-0.05473,0.08368,-0.99499,4.176,4.118,4.152,,,,Valid,Valid,226.1,163.2,476.9,283.2,162.2,475.5,270.3,205.1,257.1,202.2,0.5019,0.689,0.5145,0.6938,0.4892,0.6841,Screen Recording,Screen Recording Recording8.mp4,1920,1080,0,0,960,540,Fixation,2604,217,972,748,0.5063,0.6928,,,,,,,,,,,
96482827,472179476567,Eye Tracker,LipReading_BJ,10/21/2025,CJY,Recording8,10/18/2025,10/18/2025,10:09:23.595,02:09:23.595,431768,Timeline1,Tobii I-VT (Fixation),1.241.54219,1080,1920,10.0,3.7,2.3,2.7,0.31,0.19,0.23,13,8,10,4.3,4.1,3.4,0.38,0.36,0.3,16,15,12,7396608939,,,939,741,,,939,741,,,,-0.05466,0.08504,-0.99488,,4.143,4.151,,,,Invalid,Valid,,,,283.2,162.2,475.5,,,257.1,202.8,0.4893,0.6863,,,0.4893,0.6863,Screen Recording,Screen Recording Recording8.mp4,1920,1080,0,0,960,540,Fixation,2604,217,972,748,0.5063,0.6928,,,,,,,,,,,
96486827,472179480567,Eye Tracker,LipReading_BJ,10/21/2025,CJY,Recording8,10/18/2025,10/18/2025,10:09:23.595,02:09:23.595,431768,Timeline1,Tobii I-VT (Fixation),1.241.54219,1080,1920,10.0,3.7,2.3,2.7,0.31,0.19,0.23,13,8,10,4.3,4.1,3.4,0.38,0.36,0.3,16,15,12,7396612939,,,959,747,977,760,941,734,0.08591,0.09321,-0.99193,-0.05399,0.08119,-0.99524,4.161,4.139,4.144,,,,Valid,Valid,226.1,163.2,476.9,283.2,162.2,475.5,267.4,208.0,257.4,201.0,0.4994,0.692,0.5088,0.7039,0.4899,0.6801,Screen Recording,Screen Recording Recording8.mp4,1920,1080,0,0,960,540,Fixation,2604,217,972,748,0.5063,0.6928,,,,,,,,,,,
96490828,472179484568,Eye Tracker,LipReading_BJ,10/21/2025,CJY,Recording8,10/18/2025,10/18/2025,10:09:23.595,02:09:23.595,431768,Timeline1,Tobii I-VT (Fixation),1.241.54219,1080,1920,10.0,3.7,2.3,2.7,0.31,0.19,0.23,13,8,10,4.3,4.1,3.4,0.38,0.36,0.3,16,15,12,7396616940,,,964,747,979,745,948,748,0.0873,0.0848,-0.99257,-0.04941,0.08882,-0.99482,4.157,4.124,4.15,,,,Valid,Valid,226.0,163.2,477.0,283.2,162.2,475.5,268.0,204.0,259.6,204.7,0.502,0.6913,0.51,0.6901,0.494,0.6925,Screen Recording,Screen Recording Recording8.mp4,1920,1080,0,0,960,540,Fixation,2604,217,972,748,0.5063,0.6928,,,,,,,,,,,
96494827,472179488567,Eye Tracker,LipReading_BJ,10/21/2025,CJY,Recording8,10/18/2025,10/18/2025,10:09:23.595,02:09:23.595,431768,Timeline1,Tobii I-VT (Fixation),1.241.54219,1080,1920,10.0,3.7,2.3,2.7,0.31,0.19,0.23,13,8,10,4.3,4.1,3.4,0.38,0.36,0.3,16,15,12,7396620939,,,964,742,983,750,945,734,0.08959,0.08761,-0.99212,-0.05145,0.08084,-0.9954,4.155,4.127,4.15,,,,Valid,Valid,226.0,163.2,477.0,283.2,162.2,475.5,269.1,205.3,258.6,200.8,0.5021,0.6871,0.5121,0.6947,0.4922,0.6795,Screen Recording,Screen Recording Recording8.mp4,1920,1080,0,0,960,540,Fixation,2604,217,972,748,0.5063,0.6928,,,,,,,,,,,
96498827,472179492567,Eye Tracker,LipReading_BJ,10/21/2025,CJY,Recording8,10/18/2025,10/18/2025,10:09:23.595,02:09:23.595,431768,Timeline1,Tobii I-VT (Fixation),1.241.54219,1080,1920,10.0,3.7,2.3,2.7,0.31,0.19,0.23,13,8,10,4.3,4.1,3.4,0.38,0.36,0.3,16,15,12,7396624939,,,966,742,984,741,947,742,0.08998,0.0824,-0.99253,-0.05015,0.08553,-0.99507,4.198,4.162,4.163,,,,Valid,Valid,226.0,163.2,477.1,283.2,162.2,475.5,269.3,202.8,259.2,203.1,0.5029,0.6867,0.5124,0.6862,0.4933,0.6872,Screen Recording,Screen Recording Recording8.mp4,1920,1080,0,0,960,540,Fixation,2604,217,972,748,0.5063,0.6928,,,,,,,,,,,
96502826,472179496566,Eye Tracker,LipReading_BJ,10/21/2025,CJY,Recording8,10/18/2025,10/18/2025,10:09:23.595,02:09:23.595,431768,Timeline1,Tobii I-VT (Fixation),1.241.54219,1080,1920,10.0,3.7,2.3,2.7,0.31,0.19,0.23,13,8,10,4.3,4.1,3.4,0.38,0.36,0.3,16,15,12,7396628939,,,958,748,980,751,935,746,0.08787,0.08813,-0.99223,-0.05704,0.0874,-0.99454,4.206,4.152,4.165,,,,Valid,Valid,226.0,163.2,477.1,283.2,162.3,475.5,268.2,205.6,255.9,204.0,0.4987,0.6929,0.5105,0.6955,0.487,0.6903,Screen Recording,Screen Recording Recording8.mp4,1920,1080,0,0,960,540,Fixation,2604,217,972,748,0.5063,0.6928,,,,,,,,,,,
96506826,472179500566,Eye Tracker,LipReading_BJ,10/21/2025,CJY,Recording8,10/18/2025,10/18/2025,10:09:23.595,02:09:23.595,431768,Timeline1,Tobii I-VT (Fixation),1.241.54219,1080,1920,10.0,3.7,2.3,2.7,0.31,0.19,0.23,13,8,10,4.3,4.1,3.4,0.38,0.36,0.3,16,15,12,7396632939,,,958,742,978,750,938,735,0.0865,0.08741,-0.99241,-0.05537,0.08134,-0.99515,4.173,4.153,4.17,,,,Valid,Valid,226.0,163.2,477.1,283.1,162.3,475.5,267.6,205.2,256.7,201.1,0.4989,0.6874,0.5092,0.6943,0.4885,0.6805,Screen Recording,Screen Recording Recording8.mp4,1920,1080,0,0,960,540,Fixation,2604,217,972,748,0.5063,0.6928,,,,,,,,,,,
96510826,472179504566,Eye Tracker,LipReading_BJ,10/21/2025,CJY,Recording8,10/18/2025,10/18/2025,10:09:23.595,02:09:23.595,431768,Timeline1,Tobii I-VT (Fixation),1.241.54219,1080,1920,10.0,3.7,2.3,2.7,0.31,0.19,0.23,13,8,10,4.3,4.1,3.4,0.38,0.36,0.3,16,15,12,7396636939,,,960,747,976,753,943,741,0.08578,0.08903,-0.99233,-0.05259,0.085,-0.99499,4.178,4.13,4.164,,,,Valid,Valid,226.0,163.2,477.1,283.1,162.3,475.5,267.2,206.0,258.0,202.9,0.4998,0.6917,0.5085,0.697,0.491,0.6864,Screen Recording,Screen Recording Recording8.mp4,1920,1080,0,0,960,540,Fixation,2604,217,972,748,0.5063,0.6928,,,,,,,,,,,
96514826,472179508566,Eye Tracker,LipReading_BJ,10/21/2025,CJY,Recording8,10/18/2025,10/18/2025,10:09:23.595,02:09:23.595,431768,Timeline1,Tobii I-VT (Fixation),1.241.54219,1080,1920,10.0,3.7,2.3,2.7,0.31,0.19,0.23,13,8,10,4.3,4.1,3.4,0.38,0.36,0.3,16,15,12,7396640939,,,962,747,978,752,947,741,0.08657,0.08881,-0.99228,-0.05008,0.08471,-0.99515,4.187,4.14,4.158,,,,Valid,Valid,226.0,163.2,477.1,283.1,162.3,475.5,267.6,205.9,259.2,202.7,0.5013,0.6913,0.5092,0.6967,0.4933,0.6859,Screen Recording,Screen Recording Recording8.mp4,1920,1080,0,0,960,540,Fixation,2604,217,972,748,0.5063,0.6928,,,,,,,,,,,
96518826,472179512566,Eye Tracker,LipReading_BJ,10/21/2025,CJY,Recording8,10/18/2025,10/18/2025,10:09:23.595,02:09:23.595,431768,Timeline1,Tobii I-VT (Fixation),1.241.54219,1080,1920,10.0,3.7,2.3,2.7,0.31,0.19,0.23,13,8,10,4.3,4.1,3.4,0.38,0.36,0.3,16,15,12,7396644939,,,959,749,980,756,938,741,0.08805,0.09099,-0.99195,-0.0553,0.08484,-0.99486,4.198,4.137,4.157,,,,Valid,Valid,226.0,163.2,477.0,283.1,162.3,475.5,268.3,207.0,256.7,202.8,0.4995,0.6933,0.5106,0.7003,0.4885,0.6862,Screen Recording,Screen Recording Recording8.mp4,1920,1080,0,0,960,540,Fixation,2604,217,972,748,0.5063,0.6928,,,,,,,,,,,
96522826,472179516566,Eye Tracker,LipReading_BJ,10/21/2025,CJY,Recording8,10/18/2025,10/18/2025,10:09:23.595,02:09:23.595,431768,Timeline1,Tobii I-VT (Fixation),1.241.54219,1080,1920,10.0,3.7,2.3,2.7,0.31,0.19,0.23,13,8,10,4.3,4.1,3.4,0.38,0.36,0.3,16,15,12,7396648939,,,963,748,987,754,939,742,0.09204,0.08974,-0.9917,-0.05461,0.0852,-0.99487,4.176,4.132,4.16,,,,Valid,Valid,225.9,163.2,477.0,283.1,162.3,475.5,270.2,206.4,257.0,203.0,0.5017,0.6926,0.5143,0.6983,0.4891,0.6868,Screen Recording,Screen Recording Recording8.mp4,1920,1080,0,0,960,540,Fixation,2604,217,972,748,0.5063,0.6928,,,,,,,,,,,
96526826,472179520566,Eye Tracker,LipReading_BJ,10/21/2025,CJY,Recording8,10/18/2025,10/18/2025,10:09:23.595,02:09:23.595,431768,Timeline1,Tobii I-VT (Fixation),1.241.54219,1080,1920,10.0,3.7,2.3,2.7,0.31,0.19,0.23,13,8,10,4.3,4.1,3.4,0.38,0.36,0.3,16,15,12,7396652939,,,962,746,979,752,946,740,0.0874,0.08828,-0.99225,-0.05093,0.08431,-0.99514,4.182,4.132,4.158,,,,Valid,Valid,225.9,163.3,477.0,283.1,162.2,475.5,268.0,205.7,258.8,202.5,0.5012,0.6906,0.51,0.6959,0.4925,0.6853,Screen Recording,Screen Recording Recording8.mp4,1920,1080,0,0,960,540,Fixation,2604,217,972,748,0.5063,0.6928,,,,,,,,,,,
96530827,472179524567,Eye Tracker,LipReading_BJ,10/21/2025,CJY,Recording8,10/18/2025,10/18/2025,10:09:23.595,02:09:23.595,431768,Timeline1,Tobii I-VT (Fixation),1.241.54219,1080,1920,10.0,3.7,2.3,2.7,0.31,0.19,0.23,13,8,10,4.3,4.1,3.4,0.38,0.36,0.3,16,15,12,7396656940,,,963,747,980,755,945,739,0.0878,0.09039,-0.99203,-0.05107,0.08364,-0.99519,4.19,4.132,4.158,,,,Valid,Valid,225.9,163.2,477.0,283.1,162.2,475.5,268.2,206.7,258.7,202.2,0.5013,0.6918,0.5103,0.6994,0.4923,0.6842,Screen Recording,Screen Recording Recording8.mp4,1920,1080,0,0,960,540,Fixation,2604,217,972,748,0.5063,0.6928,,,,,,,,,,,
96534826,472179528566,Eye Tracker,LipReading_BJ,10/21/2025,CJY,Recording8,10/18/2025,10/18/2025,10:09:23.595,02:09:23.595,431768,Timeline1,Tobii I-VT (Fixation),1.241.54219,1080,1920,10.0,3.7,2.3,2.7,0.31,0.19,0.23,13,8,10,4.3,4.1,3.4,0.38,0.36,0.3,16,15,12,7396660939,,,964,748,986,753,942,742,0.09143,0.08916,-0.99181,-0.05278,0.08563,-0.99493,4.185,4.145,4.158,,,,Valid,Valid,225.9,163.2,477.0,283.1,162.2,475.5,269.9,206.1,257.9,203.2,0.5022,0.6924,0.5137,0.6974,0.4907,0.6874,Screen Recording,Screen Recording Recording8.mp4,1920,1080,0,0,960,540,Fixation,2604,217,972,748,0.5063,0.6928,,,,,,,,,,,
96538826,472179532566,Eye Tracker,LipReading_BJ,10/21/2025,CJY,Recording8,10/18/2025,10/18/2025,10:09:23.595,02:09:23.595,431768,Timeline1,Tobii I-VT (Fixation),1.241.54219,1080,1920,10.0,3.7,2.3,2.7,0.31,0.19,0.23,13,8,10,4.3,4.1,3.4,0.38,0.36,0.3,16,15,12,7396664939,,,971,747,988,749,954,745,0.09218,0.08707,-0.99193,-0.04629,0.08728,-0.99511,4.183,4.117,4.158,,,,Valid,Valid,225.9,163.2,477.0,283.1,162.2,475.5,270.3,205.1,261.0,203.9,0.5055,0.692,0.5143,0.6939,0.4966,0.69,Screen Recording,Screen Recording Recording8.mp4,1920,1080,0,0,960,540,Fixation,2604,217,972,748,0.5063,0.6928,,,,,,,,,,,
96542826,472179536566,Eye Tracker,LipReading_BJ,10/21/2025,CJY,Recording8,10/18/2025,10/18/2025,10:09:23.595,02:09:23.595,431768,Timeline1,Tobii I-VT (Fixation),1.241.54219,1080,1920,10.0,3.7,2.3,2.7,0.31,0.19,0.23,13,8,10,4.3,4.1,3.4,0.38,0.36,0.3,16,15,12,7396668939,,,960,744,979,751,942,736,0.08749,0.08791,-0.99228,-0.05308,0.08217,-0.9952,4.161,4.143,4.163,,,,Valid,Valid,225.9,163.2,476.9,283.1,162.2,475.5,268.0,205.5,257.7,201.5,0.5003,0.6885,0.51,0.6952,0.4905,0.6817,Screen Recording,Screen Recording Recording8.mp4,1920,1080,0,0,960,540,Fixation,2604,217,972,748,0.5063,0.6928,,,,,,,,,,,
96546826,472179540566,Eye Tracker,LipReading_BJ,10/21/2025,CJY,Recording8,10/18/2025,10/18/2025,10:09:23.595,02:09:23.595,431768,Timeline1,Tobii I-VT (Fixation),1.241.54219,1080,1920,10.0,3.7,2.3,2.7,0.31,0.19,0.23,13,8,10,4.3,4.1,3.4,0.38,0.36,0.3,16,15,12,7396672939,,,964,747,983,756,945,738,0.08967,0.09109,-0.9918,-0.05148,0.08312,-0.99521,4.149,4.118,4.151,,,,Valid,Valid,225.9,163.2,476.9,283.1,162.2,475.5,269.1,207.0,258.5,201.9,0.502,0.6918,0.5121,0.7004,0.4919,0.6832,Screen Recording,Screen Recording Recording8.mp4,1920,1080,0,0,960,540,Fixation,2604,217,972,748,0.5063,0.6928,,,,,,,,,,,
96550826,472179544566,Eye Tracker,LipReading_BJ,10/21/2025,CJY,Recording8,10/18/2025,10/18/2025,10:09:23.595,02:09:23.595,431768,Timeline1,Tobii I-VT (Fixation),1.241.54219,1080,1920,10.0,3.7,2.3,2.7,0.31,0.19,0.23,13,8,10,4.3,4.1,3.4,0.38,0.36,0.3,16,15,12,7396676939,,,964,747,981,751,946,742,0.0886,0.08812,-0.99216,-0.05043,0.08563,-0.99505,4.19,4.148,4.154,,,,Valid,Valid,225.9,163.2,476.9,283.1,162.2,475.5,268.5,205.5,259.0,203.1,0.502,0.6913,0.5111,0.6954,0.4929,0.6872,Screen Recording,Screen Recording Recording8.mp4,1920,1080,0,0,960,540,Fixation,2604,217,972,748,0.5063,0.6928,,,,,,,,,,,
96554826,472179548566,Eye Tracker,LipReading_BJ,10/21/2025,CJY,Recording8,10/18/2025,10/18/2025,10:09:23.595,02:09:23.595,431768,Timeline1,Tobii I-VT (Fixation),1.241.54219,1080,1920,10.0,3.7,2.3,2.7,0.31,0.19,0.23,13,8,10,4.3,4.1,3.4,0.38,0.36,0.3,16,15,12,7396680939,,,963,747,982,752,945,743,0.08874,0.08846,-0.99212,-0.05143,0.08591,-0.99498,4.194,4.114,4.156,,,,Valid,Valid,226.0,163.2,477.0,283.1,162.2,475.5,268.6,205.7,258.5,203.2,0.5016,0.6918,0.5112,0.6959,0.492,0.6876,Screen Recording,Screen Recording Recording8.mp4,1920,1080,0,0,960,540,Fixation,2604,217,972,748,0.5063,0.6928,,,,,,,,,,,
96558826,472179552566,Eye Tracker,LipReading_BJ,10/21/2025,CJY,Recording8,10/18/2025,10/18/2025,10:09:23.595,02:09:23.595,431768,Timeline1,Tobii I-VT (Fixation),1.241.54219,1080,1920,10.0,3.7,2.3,2.7,0.31,0.19,0.23,13,8,10,4.3,4.1,3.4,0.38,0.36,0.3,16,15,12,7396684939,,,966,748,985,749,947,746,0.09046,0.08718,-0.99208,-0.05033,0.08802,-0.99485,4.193,4.111,4.159,,,,Valid,Valid,226.0,163.1,477.0,283.1,162.2,475.5,269.5,205.0,259.1,204.2,0.5029,0.6924,0.5128,0.6937,0.493,0.691,Screen Recording,Screen Recording Recording8.mp4,1920,1080,0,0,960,540,Fixation,2604,217,972,748,0.5063,0.6928,,,,,,,,,,,
96562826,472179556566,Eye Tracker,LipReading_BJ,10/21/2025,CJY,Recording8,10/18/2025,10/18/2025,10:09:23.595,02:09:23.595,431768,Timeline1,Tobii I-VT (Fixation),1.241.54219,1080,1920,10.0,3.7,2.3,2.7,0.31,0.19,0.23,13,8,10,4.3,4.1,3.4,0.38,0.36,0.3,16,15,12,7396688939,,,963,742,981,752,945,733,0.08856,0.08857,-0.99212,-0.05133,0.08061,-0.99542,4.197,4.137,4.161,,,,Valid,Valid,226.0,163.1,477.0,283.1,162.2,475.5,268.6,205.7,258.6,200.7,0.5016,0.6874,0.5111,0.6959,0.4922,0.6789,Screen Recording,Screen Recording Recording8.mp4,1920,1080,0,0,960,540,Fixation,2604,217,972,748,0.5063,0.6928,,,,,,,,,,,
96566826,472179560566,Eye Tracker,LipReading_BJ,10/21/2025,CJY,Recording8,10/18/2025,10/18/2025,10:09:23.595,02:09:23.595,431768,Timeline1,Tobii I-VT (Fixation),1.241.54219,1080,1920,10.0,3.7,2.3,2.7,0.31,0.19,0.23,13,8,10,4.3,4.1,3.4,0.38,0.36,0.3,16,15,12,7396692939,,,964,748,981,754,946,743,0.08857,0.08982,-0.99201,-0.05085,0.08604,-0.99499,4.201,4.124,4.167,,,,Valid,Valid,226.0,163.1,477.0,283.1,162.2,475.5,268.6,206.3,258.8,203.3,0.5019,0.6928,0.5111,0.6979,0.4926,0.6877,Screen Recording,Screen Recording Recording8.mp4,1920,1080,0,0,960,540,Fixation,2604,217,972,748,0.5063,0.6928,,,,,,,,,,,
96570827,472179564567,Eye Tracker,LipReading_BJ,10/21/2025,CJY,Recording8,10/18/2025,10/18/2025,10:09:23.595,02:09:23.595,431768,Timeline1,Tobii I-VT (Fixation),1.241.54219,1080,1920,10.0,3.7,2.3,2.7,0.31,0.19,0.23,13,8,10,4.3,4.1,3.4,0.38,0.36,0.3,16,15,12,7396696940,,,957,737,977,738,937,736,0.08609,0.08104,-0.99299,-0.05615,0.08207,-0.99504,4.217,4.153,4.175,,,,Valid,Valid,226.0,163.1,477.1,283.2,162.1,475.5,267.4,202.0,256.3,201.4,0.4983,0.6823,0.5088,0.6834,0.4878,0.6812,Screen Recording,Screen Recording Recording8.mp4,1920,1080,0,0,960,540,Fixation,2604,217,972,748,0.5063,0.6928,,,,,,,,,,,
96574826,472179568566,Eye Tracker,LipReading_BJ,10/21/2025,CJY,Recording8,10/18/2025,10/18/2025,10:09:23.595,02:09:23.595,431768,Timeline1,Tobii I-VT (Fixation),1.241.54219,1080,1920,10.0,3.7,2.3,2.7,0.31,0.19,0.23,13,8,10,4.3,4.1,3.4,0.38,0.36,0.3,16,15,12,7396700939,,,964,749,983,762,945,736,0.08924,0.09462,-0.99151,-0.05151,0.08198,-0.9953,4.169,4.161,4.169,,,,Valid,Valid,226.0,163.1,477.0,283.2,162.1,475.5,269.0,208.6,258.6,201.3,0.502,0.6934,0.5119,0.7058,0.4921,0.681,Screen Recording,Screen Recording Recording8.mp4,1920,1080,0,0,960,540,Fixation,2604,217,972,748,0.5063,0.6928,,,,,,,,,,,
96578826,472179572566,Eye Tracker,LipReading_BJ,10/21/2025,CJY,Recording8,10/18/2025,10/18/2025,10:09:23.595,02:09:23.595,431768,Timeline1,Tobii I-VT (Fixation),1.241.54219,1080,1920,10.0,3.7,2.3,2.7,0.31,0.19,0.23,13,8,10,4.3,4.1,3.4,0.38,0.36,0.3,16,15,12,7396704939,,,968,745,988,754,949,737,0.09236,0.08974,-0.99167,-0.04938,0.083,-0.99533,4.183,4.156,4.169,,,,Valid,Valid,226.0,163.1,476.9,283.2,162.1,475.5,270.5,206.3,259.6,201.8,0.5044,0.6902,0.5147,0.6978,0.4941,0.6827,Screen Recording,Screen Recording Recording8.mp4,1920,1080,0,0,960,540,Fixation,2604,217,972,748,0.5063,0.6928,,,,,,,,,,,
96582826,472179576566,Eye Tracker,LipReading_BJ,10/21/2025,CJY,Recording8,10/18/2025,10/18/2025,10:09:23.595,02:09:23.595,431768,Timeline1,Tobii I-VT (Fixation),1.241.54219,1080,1920,10.0,3.7,2.3,2.7,0.31,0.19,0.23,13,8,10,4.3,4.1,3.4,0.38,0.36,0.3,16,15,12,7396708939,,,952,749,,,952,749,,,,-0.0473,0.08988,-0.99483,,4.155,4.169,,,,Invalid,Valid,,,,283.2,162.1,475.6,,,260.6,205.1,0.496,0.6939,,,0.496,0.6939,Screen Recording,Screen Recording Recording8.mp4,1920,1080,0,0,960,540,Fixation,2604,217,972,748,0.5063,0.6928,,,,,,,,,,,
96586826,472179580566,Eye Tracker,LipReading_BJ,10/21/2025,CJY,Recording8,10/18/2025,10/18/2025,10:09:23.595,02:09:23.595,431768,Timeline1,Tobii I-VT (Fixation),1.241.54219,1080,1920,10.0,3.7,2.3,2.7,0.31,0.19,0.23,13,8,10,4.3,4.1,3.4,0.38,0.36,0.3,16,15,12,7396712939,,,962,753,980,758,944,748,0.08747,0.09203,-0.99191,-0.05188,0.08925,-0.99466,4.183,4.143,4.169,,,,Valid,Valid,226.1,163.1,477.0,283.2,162.1,475.6,268.2,207.3,258.4,204.8,0.5011,0.6972,0.5103,0.7015,0.4918,0.6929,Screen Recording,Screen Recording Recording8.mp4,1920,1080,0,0,960,540,Fixation,2604,217,972,748,0.5063,0.6928,,,,,,,,,,,
96590823,472179584563,Eye Tracker,LipReading_BJ,10/21/2025,CJY,Recording8,10/18/2025,10/18/2025,10:09:23.595,02:09:23.595,431768,Timeline1,Tobii I-VT (Fixation),1.241.54219,1080,1920,10.0,3.7,2.3,2.7,0.31,0.19,0.23,13,8,10,4.3,4.1,3.4,0.38,0.36,0.3,16,15,12,7396716936,,,966,748,987,759,945,738,0.09141,0.09284,-0.99148,-0.05179,0.08317,-0.99519,4.195,4.125,4.172,,,,Valid,Valid,226.1,163.1,477.1,283.3,162.1,475.5,270.1,207.7,258.5,201.9,0.503,0.6929,0.514,0.7028,0.492,0.683,Screen Recording,Screen Recording Recording8.mp4,1920,1080,0,0,960,540,Fixation,2604,217,972,748,0.5063,0.6928,,,,,,,,,,,
96594822,472179588562,Eye Tracker,LipReading_BJ,10/21/2025,CJY,Recording8,10/18/2025,10/18/2025,10:09:23.595,02:09:23.595,431768,Timeline1,Tobii I-VT (Fixation),1.241.54219,1080,1920,10.0,3.7,2.3,2.7,0.31,0.19,0.23,13,8,10,4.3,4.1,3.4,0.38,0.36,0.3,16,15,12,7396720935,,,965,751,991,759,938,743,0.09362,0.09282,-0.99127,-0.05543,0.08598,-0.99475,4.189,4.157,4.173,,,,Valid,Valid,226.1,163.1,477.1,283.3,162.2,475.5,271.2,207.7,256.8,203.3,0.5024,0.6953,0.5161,0.7029,0.4887,0.6877,Screen Recording,Screen Recording Recording8.mp4,1920,1080,0,0,960,540,Fixation,2604,217,972,748,0.5063,0.6928,,,,,,,,,,,
96598822,472179592562,Eye Tracker,LipReading_BJ,10/21/2025,CJY,Recording8,10/18/2025,10/18/2025,10:09:23.595,02:09:23.595,431768,Timeline1,Tobii I-VT (Fixation),1.241.54219,1080,1920,10.0,3.7,2.3,2.7,0.31,0.19,0.23,13,8,10,4.3,4.1,3.4,0.38,0.36,0.3,16,15,12,7396724935,,,966,754,985,765,947,742,0.09016,0.0962,-0.99127,-0.05059,0.08567,-0.99504,4.188,4.169,4.173,,,,Valid,Valid,226.2,163.1,477.0,283.3,162.2,475.5,269.6,209.4,259.1,203.1,0.5031,0.6978,0.513,0.7085,0.4932,0.6872,Screen Recording,Screen Recording Recording8.mp4,1920,1080,0,0,960,540,Fixation,2604,217,972,748,0.5063,0.6928,,,,,,,,,,,
96602822,472179596562,Eye Tracker,LipReading_BJ,10/21/2025,CJY,Recording8,10/18/2025,10/18/2025,10:09:23.595,02:09:23.595,431768,Timeline1,Tobii I-VT (Fixation),1.241.54219,1080,1920,10.0,3.7,2.3,2.7,0.31,0.19,0.23,13,8,10,4.3,4.1,3.4,0.38,0.36,0.3,16,15,12,7396728935,,,965,745,986,751,944,740,0.091,0.0879,-0.99196,-0.05222,0.0843,-0.99507,4.21,4.163,4.173,,,,Valid,Valid,226.2,163.1,477.0,283.3,162.2,475.6,270.0,205.4,258.4,202.4,0.5028,0.6899,0.5138,0.6949,0.4918,0.685,Screen Recording,Screen Recording Recording8.mp4,1920,1080,0,0,960,540,Fixation,2604,217,972,748,0.5063,0.6928,,,,,,,,,,,
96606821,472179600561,Eye Tracker,LipReading_BJ,10/21/2025,CJY,Recording8,10/18/2025,10/18/2025,10:09:23.595,02:09:23.595,431768,Timeline1,Tobii I-VT (Fixation),1.241.54219,1080,1920,10.0,3.7,2.3,2.7,0.31,0.19,0.23,13,8,10,4.3,4.1,3.4,0.38,0.36,0.3,16,15,12,7396732935,,,970,755,986,761,953,748,0.09087,0.09402,-0.99141,-0.04732,0.08879,-0.99493,4.165,4.153,4.18,,,,Valid,Valid,226.2,163.1,477.0,283.4,162.2,475.6,269.9,208.4,260.8,204.6,0.505,0.6986,0.5137,0.705,0.4963,0.6923,Screen Recording,Screen Recording Recording8.mp4,1920,1080,0,0,960,540,Fixation,2604,217,972,748,0.5063,0.6928,,,,,,,,,,,
96610822,472179604562,Eye Tracker,LipReading_BJ,10/21/2025,CJY,Recording8,10/18/2025,10/18/2025,10:09:23.595,02:09:23.595,431768,Timeline1,Tobii I-VT (Fixation),1.241.54219,1080,1920,10.0,3.7,2.3,2.7,0.31,0.19,0.23,13,8,10,4.3,4.1,3.4,0.38,0.36,0.3,16,15,12,7396736936,,,969,755,994,761,944,748,0.09487,0.09376,-0.99106,-0.05223,0.08903,-0.99466,4.218,4.137,4.179,,,,Valid,Valid,226.2,163.1,477.0,283.4,162.2,475.6,271.9,208.3,258.4,204.8,0.5047,0.6987,0.5175,0.7047,0.4918,0.6928,Screen Recording,Screen Recording Recording8.mp4,1920,1080,0,0,960,540,Fixation,2604,217,972,748,0.5063,0.6928,,,,,,,,,,,
96614821,472179608561,Eye Tracker,LipReading_BJ,10/21/2025,CJY,Recording8,10/18/2025,10/18/2025,10:09:23.595,02:09:23.595,431768,Timeline1,Tobii I-VT (Fixation),1.241.54219,1080,1920,10.0,3.7,2.3,2.7,0.31,0.19,0.23,13,8,10,4.3,4.1,3.4,0.38,0.36,0.3,16,15,12,7396740935,,,967,755,990,761,944,750,0.09289,0.09347,-0.99128,-0.05228,0.08988,-0.99458,4.198,4.183,4.172,,,,Valid,Valid,226.3,163.2,477.0,283.4,162.2,475.6,271.0,208.1,258.4,205.2,0.5038,0.6992,0.5157,0.7042,0.4918,0.6943,Screen Recording,Screen Recording Recording8.mp4,1920,1080,0,0,960,540,Fixation,2604,217,972,748,0.5063,0.6928,,,,,,,,,,,
96618821,472179612561,Eye Tracker,LipReading_BJ,10/21/2025,CJY,Recording8,10/18/2025,10/18/2025,10:09:23.595,02:09:23.595,431768,Timeline1,Tobii I-VT (Fixation),1.241.54219,1080,1920,10.0,3.7,2.3,2.7,0.31,0.19,0.23,13,8,10,4.3,4.1,3.4,0.38,0.36,0.3,16,15,12,7396744935,,,963,750,985,752,942,749,0.08977,0.08859,-0.99201,-0.05389,0.08907,-0.99457,4.204,4.146,4.175,,,,Valid,Valid,226.3,163.2,477.1,283.5,162.3,475.5,269.5,205.8,257.7,204.8,0.5016,0.6946,0.5128,0.6962,0.4904,0.6931,Screen Recording,Screen Recording Recording8.mp4,1920,1080,0,0,960,540,Fixation,2604,217,972,748,0.5063,0.6928,,,,,,,,,,,
96622821,472179616561,Eye Tracker,LipReading_BJ,10/21/2025,CJY,Recording8,10/18/2025,10/18/2025,10:09:23.595,02:09:23.595,431768,Timeline1,Tobii I-VT (Fixation),1.241.54219,1080,1920,10.0,3.7,2.3,2.7,0.31,0.19,0.23,13,8,10,4.3,4.1,3.4,0.38,0.36,0.3,16,15,12,7396748935,,,967,750,989,755,945,745,0.09241,0.09035,-0.99161,-0.05223,0.08703,-0.99484,4.193,4.143,4.176,,,,Valid,Valid,226.3,163.1,477.1,283.5,162.3,475.5,270.8,206.6,258.5,203.9,0.5037,0.6944,0.5153,0.6991,0.492,0.6897,Screen Recording,Screen Recording Recording8.mp4,1920,1080,0,0,960,540,Fixation,2604,217,972,748,0.5063,0.6928,,,,,,,,,,,
96626821,472179620561,Eye Tracker,LipReading_BJ,10/21/2025,CJY,Recording8,10/18/2025,10/18/2025,10:09:23.595,02:09:23.595,431768,Timeline1,Tobii I-VT (Fixation),1.241.54219,1080,1920,10.0,3.7,2.3,2.7,0.31,0.19,0.23,13,8,10,4.3,4.1,3.4,0.38,0.36,0.3,16,15,12,7396752935,,,964,755,979,768,949,742,0.08633,0.09772,-0.99146,-0.04958,0.08547,-0.99511,4.219,4.148,4.176,,,,Valid,Valid,226.3,163.2,477.1,283.5,162.3,475.6,267.9,210.2,259.8,203.1,0.5021,0.6992,0.5098,0.7111,0.4945,0.6872,Screen Recording,Screen Recording Recording8.mp4,1920,1080,0,0,960,540,Fixation,2604,217,972,748,0.5063,0.6928,,,,,,,,,,,
96630822,472179624562,Eye Tracker,LipReading_BJ,10/21/2025,CJY,Recording8,10/18/2025,10/18/2025,10:09:23.595,02:09:23.595,431768,Timeline1,Tobii I-VT (Fixation),1.241.54219,1080,1920,10.0,3.7,2.3,2.7,0.31,0.19,0.23,13,8,10,4.3,4.1,3.4,0.38,0.36,0.3,16,15,12,7396756936,,,969,754,988,762,950,745,0.09142,0.0945,-0.99132,-0.04898,0.08697,-0.99501,4.205,4.153,4.179,,,,Valid,Valid,226.4,163.2,477.0,283.5,162.2,475.6,270.4,208.7,260.1,203.8,0.5048,0.6978,0.5145,0.706,0.495,0.6896,Screen Recording,Screen Recording Recording8.mp4,1920,1080,0,0,960,540,Fixation,2604,217,972,748,0.5063,0.6928,,,,,,,,,,,
96634821,472179628561,Eye Tracker,LipReading_BJ,10/21/2025,CJY,Recording8,10/18/2025,10/18/2025,10:09:23.595,02:09:23.595,431768,Timeline1,Tobii I-VT (Fixation),1.241.54219,1080,1920,10.0,3.7,2.3,2.7,0.31,0.19,0.23,13,8,10,4.3,4.1,3.4,0.38,0.36,0.3,16,15,12,7396760935,,,969,750,993,766,945,734,0.09438,0.09631,-0.99087,-0.05226,0.08079,-0.99536,4.184,4.168,4.181,,,,Valid,Valid,226.4,163.2,477.0,283.5,162.2,475.6,271.8,209.5,258.6,200.8,0.5047,0.6942,0.5173,0.709,0.4921,0.6795,Screen Recording,Screen Recording Recording8.mp4,1920,1080,0,0,960,540,Fixation,2604,217,972,748,0.5063,0.6928,,,,,,,,,,,
96638821,472179632561,Eye Tracker,LipReading_BJ,10/21/2025,CJY,Recording8,10/18/2025,10/18/2025,10:09:23.595,02:09:23.595,431768,Timeline1,Tobii I-VT (Fixation),1.241.54219,1080,1920,10.0,3.7,2.3,2.7,0.31,0.19,0.23,13,8,10,4.3,4.1,3.4,0.38,0.36,0.3,16,15,12,7396764935,,,967,748,987,755,947,741,0.0911,0.09011,-0.99176,-0.05128,0.08503,-0.99506,4.211,4.172,4.179,,,,Valid,Valid,226.4,163.2,477.0,283.6,162.2,475.6,270.2,206.5,259.0,202.9,0.5036,0.6926,0.5143,0.6987,0.493,0.6864,Screen Recording,Screen Recording Recording8.mp4,1920,1080,0,0,960,540,Fixation,2604,217,972,748,0.5063,0.6928,,,,,,,,,,,
96642821,472179636561,Eye Tracker,LipReading_BJ,10/21/2025,CJY,Recording8,10/18/2025,10/18/2025,10:09:23.595,02:09:23.595,431768,Timeline1,Tobii I-VT (Fixation),1.241.54219,1080,1920,10.0,3.7,2.3,2.7,0.31,0.19,0.23,13,8,10,4.3,4.1,3.4,0.38,0.36,0.3,16,15,12,7396768935,,,968,753,992,752,944,754,0.09376,0.08855,-0.99165,-0.0529,0.09242,-0.99431,4.209,4.142,4.185,,,,Valid,Valid,226.4,163.1,477.0,283.6,162.2,475.6,271.5,205.7,258.3,206.4,0.5041,0.6972,0.5167,0.6961,0.4915,0.6984,Screen Recording,Screen Recording Recording8.mp4,1920,1080,0,0,960,540,Fixation,2604,217,972,748,0.5063,0.6928,,,,,,,,,,,
96646821,472179640561,Eye Tracker,LipReading_BJ,10/21/2025,CJY,Recording8,10/18/2025,10/18/2025,10:09:23.595,02:09:23.595,431768,Timeline1,Tobii I-VT (Fixation),1.241.54219,1080,1920,10.0,3.7,2.3,2.7,0.31,0.19,0.23,13,8,10,4.3,4.1,3.4,0.38,0.36,0.3,16,15,12,7396772935,,,946,745,,,946,745,,,,-0.05167,0.08709,-0.99486,,4.151,4.187,,,,Invalid,Valid,,,,283.6,162.2,475.6,,,258.9,203.8,0.4927,0.6896,,,0.4927,0.6896,Screen Recording,Screen Recording Recording8.mp4,1920,1080,0,0,960,540,Fixation,2604,217,972,748,0.5063,0.6928,,,,,,,,,,,
96650822,472179644562,Eye Tracker,LipReading_BJ,10/21/2025,CJY,Recording8,10/18/2025,10/18/2025,10:09:23.595,02:09:23.595,431768,Timeline1,Tobii I-VT (Fixation),1.241.54219,1080,1920,10.0,3.7,2.3,2.7,0.31,0.19,0.23,13,8,10,4.3,4.1,3.4,0.38,0.36,0.3,16,15,12,7396776936,,,969,754,988,760,950,748,0.09139,0.09349,-0.99142,-0.04958,0.08871,-0.99482,4.197,4.187,4.181,,,,Valid,Valid,226.4,163.1,477.0,283.6,162.2,475.5,270.4,208.1,259.9,204.6,0.5046,0.6981,0.5146,0.704,0.4946,0.6922,Screen Recording,Screen Recording Recording8.mp4,1920,1080,0,0,960,540,Fixation,2604,217,972,748,0.5063,0.6928,,,,,,,,,,,
96654821,472179648561,Eye Tracker,LipReading_BJ,10/21/2025,CJY,Recording8,10/18/2025,10/18/2025,10:09:23.595,02:09:23.595,431768,Timeline1,Tobii I-VT (Fixation),1.241.54219,1080,1920,10.0,3.7,2.3,2.7,0.31,0.19,0.23,13,8,10,4.3,4.1,3.4,0.38,0.36,0.3,16,15,12,7396780935,,,967,749,988,758,947,740,0.09132,0.09219,-0.99155,-0.05135,0.0847,-0.99508,4.2,4.178,4.185,,,,Valid,Valid,226.4,163.1,477.1,283.6,162.2,475.6,270.4,207.4,259.0,202.6,0.5038,0.6937,0.5146,0.7018,0.493,0.6856,Screen Recording,Screen Recording Recording8.mp4,1920,1080,0,0,960,540,Fixation,2604,217,972,748,0.5063,0.6928,,,,,,,,,,,
96658821,472179652561,Eye Tracker,LipReading_BJ,10/21/2025,CJY,Recording8,10/18/2025,10/18/2025,10:09:23.595,02:09:23.595,431768,Timeline1,Tobii I-VT (Fixation),1.241.54219,1080,1920,10.0,3.7,2.3,2.7,0.31,0.19,0.23,13,8,10,4.3,4.1,3.4,0.38,0.36,0.3,16,15,12,7396784935,,,970,747,991,757,949,737,0.09291,0.09156,-0.99146,-0.05016,0.08277,-0.99531,4.233,4.16,4.184,,,,Valid,Valid,226.4,163.1,477.1,283.6,162.1,475.6,271.1,207.1,259.6,201.7,0.505,0.6916,0.516,0.7007,0.4941,0.6824,Screen Recording,Screen Recording Recording8.mp4,1920,1080,0,0,960,540,Fixation,2604,217,972,748,0.5063,0.6928,,,,,,,,,,,
96662821,472179656561,Eye Tracker,LipReading_BJ,10/21/2025,CJY,Recording8,10/18/2025,10/18/2025,10:09:23.595,02:09:23.595,431768,Timeline1,Tobii I-VT (Fixation),1.241.54219,1080,1920,10.0,3.7,2.3,2.7,0.31,0.19,0.23,13,8,10,4.3,4.1,3.4,0.38,0.36,0.3,16,15,12,7396788935,,,969,750,988,756,949,744,0.09129,0.09115,-0.99164,-0.04964,0.08676,-0.99499,4.219,4.167,4.189,,,,Valid,Valid,226.4,163.0,477.1,283.6,162.1,475.5,270.3,206.9,259.8,203.6,0.5045,0.6944,0.5145,0.7,0.4945,0.6889,Screen Recording,Screen Recording Recording8.mp4,1920,1080,0,0,960,540,Fixation,2604,217,972,748,0.5063,0.6928,,,,,,,,,,,
96666821,472179660561,Eye Tracker,LipReading_BJ,10/21/2025,CJY,Recording8,10/18/2025,10/18/2025,10:09:23.595,02:09:23.595,431768,Timeline1,Tobii I-VT (Fixation),1.241.54219,1080,1920,10.0,3.7,2.3,2.7,0.31,0.19,0.23,13,8,10,4.3,4.1,3.4,0.38,0.36,0.3,16,15,12,7396792935,,,972,749,989,756,954,742,0.09207,0.0912,-0.99157,-0.04714,0.08561,-0.99521,4.199,4.168,4.193,,,,Valid,Valid,226.4,163.0,477.0,283.6,162.1,475.6,270.7,206.9,261.0,203.0,0.506,0.6935,0.5152,0.7001,0.4968,0.6869,Screen Recording,Screen Recording Recording8.mp4,1920,1080,0,0,960,540,Fixation,2604,217,972,748,0.5063,0.6928,,,,,,,,,,,
96670822,472179664562,Eye Tracker,LipReading_BJ,10/21/2025,CJY,Recording8,10/18/2025,10/18/2025,10:09:23.595,02:09:23.595,431768,Timeline1,Tobii I-VT (Fixation),1.241.54219,1080,1920,10.0,3.7,2.3,2.7,0.31,0.19,0.23,13,8,10,4.3,4.1,3.4,0.38,0.36,0.3,16,15,12,7396796936,,,971,754,997,762,946,746,0.09618,0.0947,-0.99085,-0.05152,0.08774,-0.99481,4.211,4.161,4.193,,,,Valid,Valid,226.4,163.1,477.0,283.6,162.1,475.6,272.7,208.6,258.9,204.1,0.5059,0.6982,0.519,0.7059,0.4928,0.6904,Screen Recording,Screen Recording Recording8.mp4,1920,1080,0,0,960,540,Fixation,2604,217,972,748,0.5063,0.6928,,,,,,,,,,,
96674821,472179668561,Eye Tracker,LipReading_BJ,10/21/2025,CJY,Recording8,10/18/2025,10/18/2025,10:09:23.595,02:09:23.595,431768,Timeline1,Tobii I-VT (Fixation),1.241.54219,1080,1920,10.0,3.7,2.3,2.7,0.31,0.19,0.23,13,8,10,4.3,4.1,3.4,0.38,0.36,0.3,16,15,12,7396800935,,,971,748,992,753,950,744,0.09389,0.08938,-0.99156,-0.04923,0.08664,-0.99502,4.223,4.187,4.195,,,,Valid,Valid,226.4,163.1,476.9,283.5,162.1,475.6,271.6,206.1,260.0,203.5,0.5058,0.6929,0.5168,0.6971,0.4948,0.6886,Screen Recording,Screen Recording Recording8.mp4,1920,1080,0,0,960,540,Fixation,2604,217,972,748,0.5063,0.6928,,,,,,,,,,,
96678821,472179672561,Eye Tracker,LipReading_BJ,10/21/2025,CJY,Recording8,10/18/2025,10/18/2025,10:09:23.595,02:09:23.595,431768,Timeline1,Tobii I-VT (Fixation),1.241.54219,1080,1920,10.0,3.7,2.3,2.7,0.31,0.19,0.23,13,8,10,4.3,4.1,3.4,0.38,0.36,0.3,16,15,12,7396804935,,,974,737,994,739,953,735,0.09512,0.08172,-0.99211,-0.04768,0.08146,-0.99554,4.261,4.151,4.192,,,,Valid,Valid,226.4,163.1,476.9,283.5,162.1,475.6,272.1,202.3,260.8,201.0,0.5071,0.6824,0.5179,0.6846,0.4962,0.6801,Screen Recording,Screen Recording Recording8.mp4,1920,1080,0,0,960,540,Fixation,2604,217,972,748,0.5063,0.6928,,,,,,,,,,,
96682821,472179676561,Eye Tracker,LipReading_BJ,10/21/2025,CJY,Recording8,10/18/2025,10/18/2025,10:09:23.595,02:09:23.595,431768,Timeline1,Tobii I-VT (Fixation),1.241.54219,1080,1920,10.0,3.7,2.3,2.7,0.31,0.19,0.23,13,8,10,4.3,4.1,3.4,0.38,0.36,0.3,16,15,12,7396808935,,,973,748,995,756,952,741,0.09544,0.09092,-0.99127,-0.04837,0.08505,-0.9952,4.229,4.169,4.187,,,,Valid,Valid,226.4,163.1,477.0,283.5,162.1,475.6,272.3,206.8,260.4,202.8,0.5069,0.6928,0.5182,0.6997,0.4956,0.686,Screen Recording,Screen Recording Recording8.mp4,1920,1080,0,0,960,540,Fixation,2604,217,972,748,0.5063,0.6928,,,,,,,,,,,
96686821,472179680561,Eye Tracker,LipReading_BJ,10/21/2025,CJY,Recording8,10/18/2025,10/18/2025,10:09:23.595,02:09:23.595,431768,Timeline1,Tobii I-VT (Fixation),1.241.54219,1080,1920,10.0,3.7,2.3,2.7,0.31,0.19,0.23,13,8,10,4.3,4.1,3.4,0.38,0.36,0.3,16,15,12,7396812935,,,969,750,988,761,949,738,0.09145,0.09381,-0.99138,-0.04964,0.08359,-0.99526,4.198,4.145,4.189,,,,Valid,Valid,226.3,163.0,477.1,283.5,162.1,475.5,270.3,208.2,259.8,202.1,0.5045,0.694,0.5145,0.7043,0.4944,0.6837,Screen Recording,Screen Recording Recording8.mp4,1920,1080,0,0,960,540,Fixation,2604,217,972,748,0.5063,0.6928,,,,,,,,,,,
96690822,472179684562,Eye Tracker,LipReading_BJ,10/21/2025,CJY,Recording8,10/18/2025,10/18/2025,10:09:23.595,02:09:23.595,431768,Timeline1,Tobii I-VT (Fixation),1.241.54219,1080,1920,10.0,3.7,2.3,2.7,0.31,0.19,0.23,13,8,10,4.3,4.1,3.4,0.38,0.36,0.3,16,15,12,7396816936,,,970,756,991,764,949,748,0.09342,0.09594,-0.99099,-0.04981,0.08882,-0.9948,4.209,4.121,4.186,,,,Valid,Valid,226.3,163.0,477.1,283.5,162.1,475.6,271.3,209.2,259.7,204.6,0.5052,0.7,0.5163,0.7078,0.4942,0.6922,Screen Recording,Screen Recording Recording8.mp4,1920,1080,0,0,960,540,Fixation,2604,217,972,748,0.5063,0.6928,,,,,,,,,,,
96694821,472179688561,Eye Tracker,LipReading_BJ,10/21/2025,CJY,Recording8,10/18/2025,10/18/2025,10:09:23.595,02:09:23.595,431768,Timeline1,Tobii I-VT (Fixation),1.241.54219,1080,1920,10.0,3.7,2.3,2.7,0.31,0.19,0.23,13,8,10,4.3,4.1,3.4,0.38,0.36,0.3,16,15,12,7396820935,,,969,751,988,757,951,745,0.09143,0.09197,-0.99155,-0.04835,0.0876,-0.99498,4.227,4.152,4.186,,,,Valid,Valid,226.3,163.0,477.1,283.4,162.1,475.6,270.3,207.3,260.3,204.0,0.5049,0.6958,0.5144,0.7013,0.4955,0.6903,Screen Recording,Screen Recording Recording8.mp4,1920,1080,0,0,960,540,Fixation,2604,217,972,748,0.5063,0.6928,,,,,,,,,,,
96698822,472179692562,Eye Tracker,LipReading_BJ,10/21/2025,CJY,Recording8,10/18/2025,10/18/2025,10:09:23.595,02:09:23.595,431768,Timeline1,Tobii I-VT (Fixation),1.241.54219,1080,1920,10.0,3.7,2.3,2.7,0.31,0.19,0.23,13,8,10,4.3,4.1,3.4,0.38,0.36,0.3,16,15,12,7396824936,,,968,749,987,754,949,745,0.09113,0.09003,-0.99176,-0.04935,0.08707,-0.99498,4.239,4.144,4.185,,,,Valid,Valid,226.3,163.0,477.1,283.4,162.2,475.6,270.1,206.4,259.8,203.8,0.5043,0.6938,0.5141,0.6982,0.4945,0.6894,Screen Recording,Screen Recording Recording8.mp4,1920,1080,0,0,960,540,Fixation,2604,217,972,748,0.5063,0.6928,,,,,,,,,,,
96702821,472179696561,Eye Tracker,LipReading_BJ,10/21/2025,CJY,Recording8,10/18/2025,10/18/2025,10:09:23.595,02:09:23.595,431768,Timeline1,Tobii I-VT (Fixation),1.241.54219,1080,1920,10.0,3.7,2.3,2.7,0.31,0.19,0.23,13,8,10,4.3,4.1,3.4,0.38,0.36,0.3,16,15,12,7396828935,,,975,737,996,721,954,752,0.0966,0.07149,-0.99275,-0.04678,0.09121,-0.99473,4.291,4.191,4.189,,,,Valid,Valid,226.3,163.1,477.1,283.4,162.2,475.6,272.7,197.4,261.0,205.8,0.5079,0.6821,0.5189,0.668,0.4968,0.6962,Screen Recording,Screen Recording Recording8.mp4,1920,1080,0,0,960,540,Fixation,2604,217,972,748,0.5063,0.6928,,,,,,,,,,,
96706820,472179700560,Eye Tracker,LipReading_BJ,10/21/2025,CJY,Recording8,10/18/2025,10/18/2025,10:09:23.595,02:09:23.595,431768,Timeline1,Tobii I-VT (Fixation),1.241.54219,1080,1920,10.0,3.7,2.3,2.7,0.31,0.19,0.23,13,8,10,4.3,4.1,3.4,0.38,0.36,0.3,16,15,12,7396832935,,,969,755,987,768,950,741,0.09125,0.09808,-0.99099,-0.04873,0.08512,-0.99518,4.222,4.144,4.188,,,,Valid,Valid,226.2,163.1,477.1,283.4,162.2,475.7,270.2,210.3,260.1,202.8,0.5046,0.6989,0.5142,0.7115,0.495,0.6863,Screen Recording,Screen Recording Recording8.mp4,1920,1080,0,0,960,540,Fixation,2604,217,972,748,0.5063,0.6928,,,,,,,,,,,
96710821,472179704561,Eye Tracker,LipReading_BJ,10/21/2025,CJY,Recording8,10/18/2025,10/18/2025,10:09:23.595,02:09:23.595,431768,Timeline1,Tobii I-VT (Fixation),1.241.54219,1080,1920,10.0,3.7,2.3,2.7,0.31,0.19,0.23,13,8,10,4.3,4.1,3.4,0.38,0.36,0.3,16,15,12,7396836936,,,949,749,,,949,749,,,,-0.04939,0.08961,-0.99475,,4.154,4.189,,,,Invalid,Valid,,,,283.4,162.2,475.7,,,259.8,205.0,0.4943,0.6936,,,0.4943,0.6936,Screen Recording,Screen Recording Recording8.mp4,1920,1080,0,0,960,540,Fixation,2604,217,972,748,0.5063,0.6928,,,,,,,,,,,
96714820,472179708560,Eye Tracker,LipReading_BJ,10/21/2025,CJY,Recording8,10/18/2025,10/18/2025,10:09:23.595,02:09:23.595,431768,Timeline1,Tobii I-VT (Fixation),1.241.54219,1080,1920,10.0,3.7,2.3,2.7,0.31,0.19,0.23,13,8,10,4.3,4.1,3.4,0.38,0.36,0.3,16,15,12,7396840935,,,973,751,996,754,951,748,0.09641,0.08974,-0.99129,-0.04849,0.08919,-0.99483,4.222,4.156,4.189,,,,Valid,Valid,226.2,163.1,477.0,283.4,162.2,475.6,272.6,206.3,260.2,204.8,0.507,0.6955,0.5188,0.698,0.4951,0.693,Screen Recording,Screen Recording Recording8.mp4,1920,1080,0,0,960,540,Fixation,2604,217,972,748,0.5063,0.6928,,,,,,,,,,,
96718819,472179712559,Eye Tracker,LipReading_BJ,10/21/2025,CJY,Recording8,10/18/2025,10/18/2025,10:09:23.595,02:09:23.595,431768,Timeline1,Tobii I-VT (Fixation),1.241.54219,1080,1920,10.0,3.7,2.3,2.7,0.31,0.19,0.23,13,8,10,4.3,4.1,3.4,0.38,0.36,0.3,16,15,12,7396844934,,,970,751,990,758,951,743,0.09274,0.09234,-0.9914,-0.04842,0.08634,-0.99509,4.229,4.173,4.198,,,,Valid,Valid,226.2,163.1,477.0,283.3,162.2,475.6,270.8,207.5,260.2,203.5,0.5053,0.6953,0.5154,0.7022,0.4952,0.6884,Screen Recording,Screen Recording Recording8.mp4,1920,1080,0,0,960,540,Fixation,2604,217,972,748,0.5063,0.6928,,,,,,,,,,,
96722818,472179716558,Eye Tracker,LipReading_BJ,10/21/2025,CJY,Recording8,10/18/2025,10/18/2025,10:09:23.595,02:09:23.595,431768,Timeline1,Tobii I-VT (Fixation),1.241.54219,1080,1920,10.0,3.7,2.3,2.7,0.31,0.19,0.23,13,8,10,4.3,4.1,3.4,0.38,0.36,0.3,16,15,12,7396848933,,,965,753,987,763,943,742,0.09116,0.095,-0.99129,-0.05279,0.08567,-0.99492,4.232,4.167,4.2,,,,Valid,Valid,226.2,163.1,477.0,283.3,162.2,475.7,270.0,208.8,258.1,203.1,0.5026,0.6969,0.5139,0.7066,0.4912,0.6873,Screen Recording,Screen Recording Recording8.mp4,1920,1080,0,0,960,540,Fixation,2604,217,972,748,0.5063,0.6928,,,,,,,,,,,
96726818,472179720558,Eye Tracker,LipReading_BJ,10/21/2025,CJY,Recording8,10/18/2025,10/18/2025,10:09:23.595,02:09:23.595,431768,Timeline1,Tobii I-VT (Fixation),1.241.54219,1080,1920,10.0,3.7,2.3,2.7,0.31,0.19,0.23,13,8,10,4.3,4.1,3.4,0.38,0.36,0.3,16,15,12,7396852933,,,948,746,,,948,746,,,,-0.05006,0.08794,-0.99487,,4.172,4.2,,,,Invalid,Valid,,,,283.3,162.2,475.7,,,259.4,204.2,0.4937,0.691,,,0.4937,0.691,Screen Recording,Screen Recording Recording8.mp4,1920,1080,0,0,960,540,Fixation,2604,217,972,748,0.5063,0.6928,,,,,,,,,,,
96730819,472179724559,Eye Tracker,LipReading_BJ,10/21/2025,CJY,Recording8,10/18/2025,10/18/2025,10:09:23.595,02:09:23.595,431768,Timeline1,Tobii I-VT (Fixation),1.241.54219,1080,1920,10.0,3.7,2.3,2.7,0.31,0.19,0.23,13,8,10,4.3,4.1,3.4,0.38,0.36,0.3,16,15,12,7396856934,,,970,732,992,722,948,743,0.09406,0.07176,-0.99298,-0.0502,0.08584,-0.99504,4.301,4.162,4.199,,,,Valid,Valid,226.2,163.1,477.1,283.3,162.2,475.7,271.4,197.6,259.3,203.2,0.505,0.678,0.5164,0.6685,0.4935,0.6876,Screen Recording,Screen Recording Recording8.mp4,1920,1080,0,0,960,540,Fixation,2604,217,972,748,0.5063,0.6928,,,,,,,,,,,
96734818,472179728558,Eye Tracker,LipReading_BJ,10/21/2025,CJY,Recording8,10/18/2025,10/18/2025,10:09:23.595,02:09:23.595,431768,Timeline1,Tobii I-VT (Fixation),1.241.54219,1080,1920,10.0,3.7,2.3,2.7,0.31,0.19,0.23,13,8,10,4.3,4.1,3.4,0.38,0.36,0.3,16,15,12,7396860933,,,966,754,986,763,945,745,0.09101,0.09491,-0.99132,-0.05142,0.0874,-0.99484,4.23,4.154,4.198,,,,Valid,Valid,226.2,163.1,477.1,283.3,162.2,475.7,270.0,208.8,258.7,204.0,0.5031,0.6982,0.5138,0.7063,0.4924,0.6901,Screen Recording,Screen Recording Recording8.mp4,1920,1080,0,0,960,540,Fixation,2604,217,972,748,0.5063,0.6928,,,,,,,,,,,
96738819,472179732559,Eye Tracker,LipReading_BJ,10/21/2025,CJY,Recording8,10/18/2025,10/18/2025,10:09:23.595,02:09:23.595,431768,Timeline1,Tobii I-VT (Fixation),1.241.54219,1080,1920,10.0,3.7,2.3,2.7,0.31,0.19,0.23,13,8,10,4.3,4.1,3.4,0.38,0.36,0.3,16,15,12,7396864934,,,967,732,990,717,943,746,0.09313,0.06913,-0.99325,-0.05256,0.08779,-0.99475,4.236,4.148,4.198,,,,Valid,Valid,226.2,163.1,477.1,283.3,162.2,475.7,270.9,196.3,258.2,204.2,0.5035,0.6774,0.5156,0.6642,0.4914,0.6907,Screen Recording,Screen Recording Recording8.mp4,1920,1080,0,0,960,540,Fixation,2604,217,972,748,0.5063,0.6928,,,,,,,,,,,
96742818,472179736558,Eye Tracker,LipReading_BJ,10/21/2025,CJY,Recording8,10/18/2025,10/18/2025,10:09:23.595,02:09:23.595,431768,Timeline1,Tobii I-VT (Fixation),1.241.54219,1080,1920,10.0,3.7,2.3,2.7,0.31,0.19,0.23,13,8,10,4.3,4.1,3.4,0.38,0.36,0.3,16,15,12,7396868933,,,969,755,991,759,947,751,0.09381,0.09294,-0.99124,-0.05047,0.09049,-0.99462,4.229,4.16,4.195,,,,Valid,Valid,226.2,163.1,477.1,283.3,162.2,475.7,271.3,207.8,259.2,205.4,0.5048,0.6991,0.5164,0.7031,0.4933,0.6951,Screen Recording,Screen Recording Recording8.mp4,1920,1080,0,0,960,540,Fixation,2604,217,972,748,0.5063,0.6928,,,,,,,,,,,
96746818,472179740558,Eye Tracker,LipReading_BJ,10/21/2025,CJY,Recording8,10/18/2025,10/18/2025,10:09:23.595,02:09:23.595,431768,Timeline1,Tobii I-VT (Fixation),1.241.54219,1080,1920,10.0,3.7,2.3,2.7,0.31,0.19,0.23,13,8,10,4.3,4.1,3.4,0.38,0.36,0.3,16,15,12,7396872933,,,971,746,992,751,950,740,0.09415,0.08799,-0.99166,-0.04911,0.08471,-0.99519,4.274,4.172,4.197,,,,Valid,Valid,226.2,163.1,477.1,283.3,162.2,475.7,271.5,205.4,259.9,202.6,0.5056,0.6903,0.5167,0.695,0.4946,0.6856,Screen Recording,Screen Recording Recording8.mp4,1920,1080,0,0,960,540,Fixation,2604,217,972,748,0.5063,0.6928,,,,,,,,,,,
96750818,472179744558,Eye Tracker,LipReading_BJ,10/21/2025,CJY,Recording8,10/18/2025,10/18/2025,10:09:23.595,02:09:23.595,431768,Timeline1,Tobii I-VT (Fixation),1.241.54219,1080,1920,10.0,3.7,2.3,2.7,0.31,0.19,0.23,13,8,10,4.3,4.1,3.4,0.38,0.36,0.3,16,15,12,7396876933,,,970,763,990,772,950,753,0.09312,0.10027,-0.99059,-0.04894,0.0917,-0.99458,4.2,4.163,4.194,,,,Valid,Valid,226.2,163.1,477.1,283.4,162.2,475.7,271.1,211.4,259.9,206.0,0.5053,0.7061,0.5159,0.7152,0.4947,0.697,Screen Recording,Screen Recording Recording8.mp4,1920,1080,0,0,960,540,Fixation,2604,217,972,748,0.5063,0.6928,,,,,,,,,,,
96754818,472179748558,Eye Tracker,LipReading_BJ,10/21/2025,CJY,Recording8,10/18/2025,10/18/2025,10:09:23.595,02:09:23.595,431768,Timeline1,Tobii I-VT (Fixation),1.241.54219,1080,1920,10.0,3.7,2.3,2.7,0.31,0.19,0.23,13,8,10,4.3,4.1,3.4,0.38,0.36,0.3,16,15,12,7396880933,,,971,756,990,767,953,745,0.09288,0.09739,-0.9909,-0.04747,0.08704,-0.99507,4.234,4.148,4.188,,,,Valid,Valid,226.2,163.1,477.1,283.4,162.2,475.7,270.9,210.0,260.7,203.8,0.5059,0.6999,0.5157,0.7104,0.4961,0.6894,Screen Recording,Screen Recording Recording8.mp4,1920,1080,0,0,960,540,Fixation,2604,217,972,748,0.5063,0.6928,,,,,,,,,,,
96758819,472179752559,Eye Tracker,LipReading_BJ,10/21/2025,CJY,Recording8,10/18/2025,10/18/2025,10:09:23.595,02:09:23.595,431768,Timeline1,Tobii I-VT (Fixation),1.241.54219,1080,1920,10.0,3.7,2.3,2.7,0.31,0.19,0.23,13,8,10,4.3,4.1,3.4,0.38,0.36,0.3,16,15,12,7396884934,,,974,762,990,769,957,756,0.0927,0.09808,-0.99085,-0.04476,0.09331,-0.99463,4.214,4.155,4.188,,,,Valid,Valid,226.2,163.1,477.2,283.4,162.2,475.7,270.9,210.3,262.0,206.8,0.507,0.7056,0.5155,0.7116,0.4986,0.6997,Screen Recording,Screen Recording Recording8.mp4,1920,1080,0,0,960,540,Fixation,2604,217,972,748,0.5063,0.6928,,,,,,,,,,,
96762818,472179756558,Eye Tracker,LipReading_BJ,10/21/2025,CJY,Recording8,10/18/2025,10/18/2025,10:09:23.595,02:09:23.595,431768,Timeline1,Tobii I-VT (Fixation),1.241.54219,1080,1920,10.0,3.7,2.3,2.7,0.31,0.19,0.23,13,8,10,4.3,4.1,3.4,0.38,0.36,0.3,16,15,12,7396888933,,,976,757,993,768,959,745,0.09438,0.09783,-0.99072,-0.04394,0.08748,-0.9952,4.206,4.163,4.197,,,,Valid,Valid,226.3,163.1,477.2,283.4,162.2,475.7,271.7,210.2,262.4,204.0,0.5083,0.7007,0.5171,0.7112,0.4994,0.6902,Screen Recording,Screen Recording Recording8.mp4,1920,1080,0,0,960,540,Fixation,2604,217,972,748,0.5063,0.6928,,,,,,,,,,,
96766818,472179760558,Eye Tracker,LipReading_BJ,10/21/2025,CJY,Recording8,10/18/2025,10/18/2025,10:09:23.595,02:09:23.595,431768,Timeline1,Tobii I-VT (Fixation),1.241.54219,1080,1920,10.0,3.7,2.3,2.7,0.31,0.19,0.23,13,8,10,4.3,4.1,3.4,0.38,0.36,0.3,16,15,12,7396892933,,,975,742,996,736,954,747,0.09642,0.07994,-0.99213,-0.04667,0.08825,-0.995,4.288,4.186,4.198,,,,Valid,Valid,226.3,163.1,477.3,283.4,162.2,475.8,272.7,201.5,261.1,204.4,0.5079,0.6867,0.5189,0.6819,0.4969,0.6915,Screen Recording,Screen Recording Recording8.mp4,1920,1080,0,0,960,540,Fixation,2604,217,972,748,0.5063,0.6928,,,,,,,,,,,
96770818,472179764558,Eye Tracker,LipReading_BJ,10/21/2025,CJY,Recording8,10/18/2025,10/18/2025,10:09:23.595,02:09:23.595,431768,Timeline1,Tobii I-VT (Fixation),1.241.54219,1080,1920,10.0,3.7,2.3,2.7,0.31,0.19,0.23,13,8,10,4.3,4.1,3.4,0.38,0.36,0.3,16,15,12,7396896933,,,969,753,988,759,950,747,0.0918,0.09289,-0.99144,-0.04886,0.08811,-0.99491,4.232,4.166,4.198,,,,Valid,Valid,226.3,163.1,477.3,283.4,162.2,475.7,270.5,207.8,260.1,204.3,0.5049,0.6972,0.5148,0.7031,0.495,0.6914,Screen Recording,Screen Recording Recording8.mp4,1920,1080,0,0,960,540,Fixation,2604,217,972,748,0.5063,0.6928,,,,,,,,,,,
96774818,472179768558,Eye Tracker,LipReading_BJ,10/21/2025,CJY,Recording8,10/18/2025,10/18/2025,10:09:23.595,02:09:23.595,431768,Timeline1,Tobii I-VT (Fixation),1.241.54219,1080,1920,10.0,3.7,2.3,2.7,0.31,0.19,0.23,13,8,10,4.3,4.1,3.4,0.38,0.36,0.3,16,15,12,7396900933,,,969,752,990,761,948,742,0.09283,0.09387,-0.99125,-0.05005,0.0855,-0.99508,4.23,4.182,4.201,,,,Valid,Valid,226.3,163.1,477.3,283.5,162.2,475.7,271.0,208.3,259.5,203.1,0.5049,0.696,0.5158,0.7048,0.4939,0.6872,Screen Recording,Screen Recording Recording8.mp4,1920,1080,0,0,960,540,Fixation,2604,217,972,748,0.5063,0.6928,,,,,,,,,,,
96778819,472179772559,Eye Tracker,LipReading_BJ,10/21/2025,CJY,Recording8,10/18/2025,10/18/2025,10:09:23.595,02:09:23.595,431768,Timeline1,Tobii I-VT (Fixation),1.241.54219,1080,1920,10.0,3.7,2.3,2.7,0.31,0.19,0.23,13,8,10,4.3,4.1,3.4,0.38,0.36,0.3,16,15,12,7396904934,,,972,760,992,763,952,757,0.09391,0.09476,-0.99106,-0.0478,0.09385,-0.99444,4.219,4.133,4.201,,,,Valid,Valid,226.3,163.2,477.2,283.5,162.2,475.7,271.6,208.8,260.6,207.1,0.5064,0.7037,0.5168,0.7065,0.496,0.7008,Screen Recording,Screen Recording Recording8.mp4,1920,1080,0,0,960,540,Fixation,2604,217,972,748,0.5063,0.6928,,,,,,,,,,,
96782818,472179776558,Eye Tracker,LipReading_BJ,10/21/2025,CJY,Recording8,10/18/2025,10/18/2025,10:09:23.595,02:09:23.595,431768,Timeline1,Tobii I-VT (Fixation),1.241.54219,1080,1920,10.0,3.7,2.3,2.7,0.31,0.19,0.23,13,8,10,4.3,4.1,3.4,0.38,0.36,0.3,16,15,12,7396908933,,,971,757,993,764,949,750,0.0942,0.09531,-0.99098,-0.04969,0.08988,-0.99471,4.238,4.171,4.204,,,,Valid,Valid,226.4,163.2,477.2,283.5,162.3,475.7,271.7,209.1,259.7,205.3,0.5057,0.701,0.5171,0.7075,0.4943,0.6945,Screen Recording,Screen Recording Recording8.mp4,1920,1080,0,0,960,540,Fixation,2604,217,972,748,0.5063,0.6928,,,,,,,,,,,
96786818,472179780558,Eye Tracker,LipReading_BJ,10/21/2025,CJY,Recording8,10/18/2025,10/18/2025,10:09:23.595,02:09:23.595,431768,Timeline1,Tobii I-VT (Fixation),1.241.54219,1080,1920,10.0,3.7,2.3,2.7,0.31,0.19,0.23,13,8,10,4.3,4.1,3.4,0.38,0.36,0.3,16,15,12,7396912933,,,971,750,991,756,950,744,0.09331,0.09048,-0.99152,-0.0491,0.0862,-0.99507,4.248,4.178,4.208,,,,Valid,Valid,226.4,163.2,477.2,283.5,162.3,475.8,271.3,206.8,260.1,203.5,0.5056,0.694,0.5163,0.6996,0.4949,0.6885,Screen Recording,Screen Recording Recording8.mp4,1920,1080,0,0,960,540,Fixation,2604,217,972,748,0.5063,0.6928,,,,,,,,,,,
96790818,472179784558,Eye Tracker,LipReading_BJ,10/21/2025,CJY,Recording8,10/18/2025,10/18/2025,10:09:23.595,02:09:23.595,431768,Timeline1,Tobii I-VT (Fixation),1.241.54219,1080,1920,10.0,3.7,2.3,2.7,0.31,0.19,0.23,13,8,10,4.3,4.1,3.4,0.38,0.36,0.3,16,15,12,7396916933,,,976,754,995,758,956,750,0.09558,0.09201,-0.99116,-0.04591,0.08971,-0.99491,4.228,4.2,4.208,,,,Valid,Valid,226.4,163.2,477.3,283.5,162.3,475.8,272.4,207.5,261.6,205.2,0.5082,0.6982,0.5185,0.7021,0.4978,0.6942,Screen Recording,Screen Recording Recording8.mp4,1920,1080,0,0,960,540,Fixation,2604,217,972,748,0.5063,0.6928,,,,,,,,,,,
96794818,472179788558,Eye Tracker,LipReading_BJ,10/21/2025,CJY,Recording8,10/18/2025,10/18/2025,10:09:23.595,02:09:23.595,431768,Timeline1,Tobii I-VT (Fixation),1.241.54219,1080,1920,10.0,3.7,2.3,2.7,0.31,0.19,0.23,13,8,10,4.3,4.1,3.4,0.38,0.36,0.3,16,15,12,7396920933,,,969,751,987,764,952,738,0.09097,0.09529,-0.99128,-0.04844,0.08273,-0.99539,4.249,4.189,4.213,,,,Valid,Valid,226.4,163.2,477.3,283.6,162.3,475.8,270.2,209.1,260.4,201.9,0.5049,0.6952,0.5143,0.7075,0.4956,0.683,Screen Recording,Screen Recording Recording8.mp4,1920,1080,0,0,960,540,Fixation,2604,217,972,748,0.5063,0.6928,,,,,,,,,,,
96798819,472179792559,Eye Tracker,LipReading_BJ,10/21/2025,CJY,Recording8,10/18/2025,10/18/2025,10:09:23.595,02:09:23.595,431768,Timeline1,Tobii I-VT (Fixation),1.241.54219,1080,1920,10.0,3.7,2.3,2.7,0.31,0.19,0.23,13,8,10,4.3,4.1,3.4,0.38,0.36,0.3,16,15,12,7396924934,,,975,754,995,764,955,743,0.09504,0.09544,-0.99089,-0.04643,0.08593,-0.99522,4.217,4.171,4.214,,,,Valid,Valid,226.4,163.2,477.3,283.6,162.3,475.7,272.2,209.2,261.4,203.4,0.5078,0.698,0.5181,0.7078,0.4974,0.6882,Screen Recording,Screen Recording Recording8.mp4,1920,1080,0,0,960,540,Fixation,2604,217,972,748,0.5063,0.6928,,,,,,,,,,,
96802818,472179796558,Eye Tracker,LipReading_BJ,10/21/2025,CJY,Recording8,10/18/2025,10/18/2025,10:09:23.595,02:09:23.595,431768,Timeline1,Tobii I-VT (Fixation),1.241.54219,1080,1920,10.0,3.7,2.3,2.7,0.31,0.19,0.23,13,8,10,4.3,4.1,3.4,0.38,0.36,0.3,16,15,12,7396928933,,,973,760,988,765,957,754,0.09152,0.09588,-0.99118,-0.04542,0.09208,-0.99472,4.246,4.18,4.214,,,,Valid,Valid,226.4,163.2,477.3,283.6,162.3,475.7,270.5,209.4,261.9,206.4,0.5066,0.7034,0.5148,0.7085,0.4984,0.6982,Screen Recording,Screen Recording Recording8.mp4,1920,1080,0,0,960,540,Fixation,2604,217,972,748,0.5063,0.6928,,,,,,,,,,,
96806818,472179800558,Eye Tracker,LipReading_BJ,10/21/2025,CJY,Recording8,10/18/2025,10/18/2025,10:09:23.595,02:09:23.595,431768,Timeline1,Tobii I-VT (Fixation),1.241.54219,1080,1920,10.0,3.7,2.3,2.7,0.31,0.19,0.23,13,8,10,4.3,4.1,3.4,0.38,0.36,0.3,16,15,12,7396932933,,,957,745,,,957,745,,,,-0.04531,0.08693,-0.99518,,4.201,4.22,,,,Invalid,Valid,,,,283.6,162.3,475.8,,,261.9,203.9,0.4985,0.6898,,,0.4985,0.6898,Screen Recording,Screen Recording Recording8.mp4,1920,1080,0,0,960,540,Fixation,2604,217,972,748,0.5063,0.6928,,,,,,,,,,,
96810817,472179804557,Eye Tracker,LipReading_BJ,10/21/2025,CJY,Recording8,10/18/2025,10/18/2025,10:09:23.595,02:09:23.595,431768,Timeline1,Tobii I-VT (Fixation),1.241.54219,1080,1920,10.0,3.7,2.3,2.7,0.31,0.19,0.23,13,8,10,4.3,4.1,3.4,0.38,0.36,0.3,16,15,12,7396936933,,,970,765,990,778,950,753,0.09227,0.1032,-0.99037,-0.04952,0.09137,-0.99458,4.231,4.206,4.223,,,,Valid,Valid,226.5,163.2,477.3,283.6,162.3,475.7,270.9,213.0,259.9,206.0,0.5051,0.7088,0.5156,0.7205,0.4947,0.6971,Screen Recording,Screen Recording Recording8.mp4,1920,1080,0,0,960,540,Fixation,2604,217,972,748,0.5063,0.6928,,,,,,,,,,,
96814817,472179808557,Eye Tracker,LipReading_BJ,10/21/2025,CJY,Recording8,10/18/2025,10/18/2025,10:09:23.595,02:09:23.595,431768,Timeline1,Tobii I-VT (Fixation),1.241.54219,1080,1920,10.0,3.7,2.3,2.7,0.31,0.19,0.23,13,8,10,4.3,4.1,3.4,0.38,0.36,0.3,16,15,12,7396940933,,,969,738,987,732,950,744,0.09108,0.07711,-0.99285,-0.04939,0.08648,-0.99503,4.308,4.218,4.22,,,,Valid,Valid,226.5,163.2,477.3,283.6,162.3,475.7,270.2,200.3,260.0,203.6,0.5046,0.6833,0.5143,0.6776,0.4948,0.689,Screen Recording,Screen Recording Recording8.mp4,1920,1080,0,0,960,540,Fixation,2604,217,972,748,0.5063,0.6928,,,,,,,,,,,
96818818,472179812558,Eye Tracker,LipReading_BJ,10/21/2025,CJY,Recording8,10/18/2025,10/18/2025,10:09:23.595,02:09:23.595,431768,Timeline1,Tobii I-VT (Fixation),1.241.54219,1080,1920,10.0,3.7,2.3,2.7,0.31,0.19,0.23,13,8,10,4.3,4.1,3.4,0.38,0.36,0.3,16,15,12,7396944934,,,971,755,993,766,949,744,0.09378,0.09672,-0.99088,-0.04984,0.08664,-0.99499,4.268,4.188,4.221,,,,Valid,Valid,226.4,163.1,477.4,283.6,162.3,475.7,271.6,209.7,259.8,203.7,0.5057,0.6994,0.517,0.7096,0.4944,0.6892,Screen Recording,Screen Recording Recording8.mp4,1920,1080,0,0,960,540,Fixation,2604,217,972,748,0.5063,0.6928,,,,,,,,,,,
96822817,472179816557,Eye Tracker,LipReading_BJ,10/21/2025,CJY,Recording8,10/18/2025,10/18/2025,10:09:23.595,02:09:23.595,431768,Timeline1,Tobii I-VT (Fixation),1.241.54219,1080,1920,10.0,3.7,2.3,2.7,0.31,0.19,0.23,13,8,10,4.3,4.1,3.4,0.38,0.36,0.3,16,15,12,7396948933,,,969,753,986,764,952,742,0.09005,0.09529,-0.99137,-0.04849,0.08554,-0.99515,4.235,4.193,4.221,,,,Valid,Valid,226.4,163.1,477.4,283.6,162.2,475.8,269.8,209.0,260.4,203.1,0.5046,0.6972,0.5135,0.7071,0.4956,0.6873,Screen Recording,Screen Recording Recording8.mp4,1920,1080,0,0,960,540,Fixation,2604,217,972,748,0.5063,0.6928,,,,,,,,,,,
96826817,472179820557,Eye Tracker,LipReading_BJ,10/21/2025,CJY,Recording8,10/18/2025,10/18/2025,10:09:23.595,02:09:23.595,431768,Timeline1,Tobii I-VT (Fixation),1.241.54219,1080,1920,10.0,3.7,2.3,2.7,0.31,0.19,0.23,13,8,10,4.3,4.1,3.4,0.38,0.36,0.3,16,15,12,7396952933,,,946,735,,,946,735,,,,-0.05186,0.08165,-0.99531,,4.199,4.218,,,,Invalid,Valid,,,,283.6,162.2,475.8,,,258.8,201.2,0.4925,0.6808,,,0.4925,0.6808,Screen Recording,Screen Recording Recording8.mp4,1920,1080,0,0,960,540,Fixation,2604,217,972,748,0.5063,0.6928,,,,,,,,,,,
96830817,472179824557,Eye Tracker,LipReading_BJ,10/21/2025,CJY,Recording8,10/18/2025,10/18/2025,10:09:23.595,02:09:23.595,431768,Timeline1,Tobii I-VT (Fixation),1.241.54219,1080,1920,10.0,3.7,2.3,2.7,0.31,0.19,0.23,13,8,10,4.3,4.1,3.4,0.38,0.36,0.3,16,15,12,7396956933,,,972,759,994,758,950,759,0.0948,0.09226,-0.99121,-0.04915,0.09512,-0.99425,4.249,4.166,4.216,,,,Valid,Valid,226.4,163.1,477.3,283.6,162.2,475.8,272.1,207.5,260.1,207.7,0.5064,0.7023,0.5178,0.702,0.4949,0.7026,Screen Recording,Screen Recording Recording8.mp4,1920,1080,0,0,960,540,Fixation,2604,217,972,748,0.5063,0.6928,,,,,,,,,,,
96834818,472179828558,Eye Tracker,LipReading_BJ,10/21/2025,CJY,Recording8,10/18/2025,10/18/2025,10:09:23.595,02:09:23.595,431768,Timeline1,Tobii I-VT (Fixation),1.241.54219,1080,1920,10.0,3.7,2.3,2.7,0.31,0.19,0.23,13,8,10,4.3,4.1,3.4,0.38,0.36,0.3,16,15,12,7396960934,,,968,755,985,762,951,748,0.08967,0.09468,-0.99146,-0.0489,0.08927,-0.99481,4.251,4.171,4.211,,,,Valid,Valid,226.4,163.0,477.3,283.6,162.1,475.8,269.6,208.6,260.2,204.8,0.5041,0.6994,0.5131,0.7058,0.4952,0.693,Screen Recording,Screen Recording Recording8.mp4,1920,1080,0,0,960,540,Fixation,2604,217,972,748,0.5063,0.6928,,,,,,,,,,,
96838818,472179832558,Eye Tracker,LipReading_BJ,10/21/2025,CJY,Recording8,10/18/2025,10/18/2025,10:09:23.595,02:09:23.595,431768,Timeline1,Tobii I-VT (Fixation),1.241.54219,1080,1920,10.0,3.7,2.3,2.7,0.31,0.19,0.23,13,8,10,4.3,4.1,3.4,0.38,0.36,0.3,16,15,12,7396964934,,,945,747,,,945,747,,,,-0.052,0.08866,-0.9947,,4.183,4.211,,,,Invalid,Valid,,,,283.6,162.1,475.8,,,258.7,204.5,0.4923,0.6919,,,0.4923,0.6919,Screen Recording,Screen Recording Recording8.mp4,1920,1080,0,0,960,540,Fixation,2604,217,972,748,0.5063,0.6928,,,,,,,,,,,
96842817,472179836557,Eye Tracker,LipReading_BJ,10/21/2025,CJY,Recording8,10/18/2025,10/18/2025,10:09:23.595,02:09:23.595,431768,Timeline1,Tobii I-VT (Fixation),1.241.54219,1080,1920,10.0,3.7,2.3,2.7,0.31,0.19,0.23,13,8,10,4.3,4.1,3.4,0.38,0.36,0.3,16,15,12,7396968933,,,971,760,988,763,954,757,0.09155,0.09504,-0.99125,-0.0467,0.09403,-0.99447,4.261,4.168,4.217,,,,Valid,Valid,226.4,163.0,477.3,283.6,162.1,475.7,270.5,208.7,261.2,207.1,0.506,0.7034,0.5148,0.7062,0.4971,0.7005,Screen Recording,Screen Recording Recording8.mp4,1920,1080,0,0,960,540,Fixation,2604,217,972,748,0.5063,0.6928,,,,,,,,,,,
96846817,472179840557,Eye Tracker,LipReading_BJ,10/21/2025,CJY,Recording8,10/18/2025,10/18/2025,10:09:23.595,02:09:23.595,431768,Timeline1,Tobii I-VT (Fixation),1.241.54219,1080,1920,10.0,3.7,2.3,2.7,0.31,0.19,0.23,13,8,10,4.3,4.1,3.4,0.38,0.36,0.3,16,15,12,7396972933,,,973,755,995,769,951,742,0.09507,0.0984,-0.9906,-0.0489,0.0857,-0.99512,4.251,4.196,4.217,,,,Valid,Valid,226.4,163.0,477.2,283.5,162.0,475.8,272.2,210.4,260.2,203.0,0.5066,0.6993,0.5181,0.7117,0.4951,0.6869,Screen Recording,Screen Recording Recording8.mp4,1920,1080,0,0,960,540,Fixation,2604,217,972,748,0.5063,0.6928,,,,,,,,,,,
96850816,472179844556,Eye Tracker,LipReading_BJ,10/21/2025,CJY,Recording8,10/18/2025,10/18/2025,10:09:23.595,02:09:23.595,431768,Timeline1,Tobii I-VT (Fixation),1.241.54219,1080,1920,10.0,3.7,2.3,2.7,0.31,0.19,0.23,13,8,10,4.3,4.1,3.4,0.38,0.36,0.3,16,15,12,7396976932,,,966,756,983,768,949,743,0.08869,0.09818,-0.99121,-0.04978,0.08654,-0.995,4.227,4.194,4.222,,,,Valid,Valid,226.4,162.9,477.2,283.5,162.0,475.8,269.1,210.2,259.7,203.4,0.5032,0.6997,0.5121,0.7112,0.4943,0.6882,Screen Recording,Screen Recording Recording8.mp4,1920,1080,0,0,960,540,Fixation,2604,217,972,748,0.5063,0.6928,,,,,,,,,,,
96854817,472179848557,Eye Tracker,LipReading_BJ,10/21/2025,CJY,Recording8,10/18/2025,10/18/2025,10:09:23.595,02:09:23.595,431768,Timeline1,Tobii I-VT (Fixation),1.241.54219,1080,1920,10.0,3.7,2.3,2.7,0.31,0.19,0.23,13,8,10,4.3,4.1,3.4,0.38,0.36,0.3,16,15,12,7396980933,,,970,759,995,764,946,754,0.09521,0.09559,-0.99086,-0.05148,0.09255,-0.99438,4.244,4.176,4.223,,,,Valid,Valid,226.4,162.9,477.3,283.5,162.0,475.8,272.2,209.0,258.9,206.3,0.5054,0.7025,0.5181,0.707,0.4927,0.698,Screen Recording,Screen Recording Recording8.mp4,1920,1080,0,0,960,540,Fixation,2604,217,972,748,0.5063,0.6928,,,,,,,,,,,
96858816,472179852556,Eye Tracker,LipReading_BJ,10/21/2025,CJY,Recording8,10/18/2025,10/18/2025,10:09:23.595,02:09:23.595,431768,Timeline1,Tobii I-VT (Fixation),1.241.54219,1080,1920,10.0,3.7,2.3,2.7,0.31,0.19,0.23,13,8,10,4.3,4.1,3.4,0.38,0.36,0.3,16,15,12,7396984932,,,968,755,989,771,947,740,0.09188,0.09967,-0.99077,-0.05078,0.08463,-0.99512,4.262,4.205,4.225,,,,Valid,Valid,226.4,162.9,477.2,283.5,162.0,475.8,270.6,210.9,259.2,202.5,0.5042,0.6994,0.515,0.7137,0.4934,0.6851,Screen Recording,Screen Recording Recording8.mp4,1920,1080,0,0,960,540,Fixation,2604,217,972,748,0.5063,0.6928,,,,,,,,,,,
96862816,472179856556,Eye Tracker,LipReading_BJ,10/21/2025,CJY,Recording8,10/18/2025,10/18/2025,10:09:23.595,02:09:23.595,431768,Timeline1,Tobii I-VT (Fixation),1.241.54219,1080,1920,10.0,3.7,2.3,2.7,0.31,0.19,0.23,13,8,10,4.3,4.1,3.4,0.38,0.36,0.3,16,15,12,7396988932,,,974,753,996,761,951,744,0.09585,0.09421,-0.99093,-0.04839,0.08722,-0.99501,4.265,4.215,4.231,,,,Valid,Valid,226.4,162.9,477.2,283.5,162.0,475.8,272.5,208.3,260.4,203.7,0.5071,0.697,0.5186,0.7048,0.4955,0.6893,Screen Recording,Screen Recording Recording8.mp4,1920,1080,0,0,960,540,Fixation,2604,217,972,748,0.5063,0.6928,,,,,,,,,,,
96866816,472179860556,Eye Tracker,LipReading_BJ,10/21/2025,CJY,Recording8,10/18/2025,10/18/2025,10:09:23.595,02:09:23.595,431768,Timeline1,Tobii I-VT (Fixation),1.241.54219,1080,1920,10.0,3.7,2.3,2.7,0.31,0.19,0.23,13,8,10,4.3,4.1,3.4,0.38,0.36,0.3,16,15,12,7396992932,,,976,755,999,769,952,741,0.09772,0.09839,-0.99034,-0.04787,0.08515,-0.99522,4.239,4.231,4.239,,,,Valid,Valid,226.3,162.9,477.2,283.5,162.0,475.7,273.4,210.4,260.6,202.7,0.5082,0.6988,0.5204,0.7117,0.496,0.686,Screen Recording,Screen Recording Recording8.mp4,1920,1080,0,0,960,540,Fixation,2604,217,972,748,0.5063,0.6928,,,,,,,,,,,
96870816,472179864556,Eye Tracker,LipReading_BJ,10/21/2025,CJY,Recording8,10/18/2025,10/18/2025,10:09:23.595,02:09:23.595,431768,Timeline1,Tobii I-VT (Fixation),1.241.54219,1080,1920,10.0,3.7,2.3,2.7,0.31,0.19,0.23,13,8,10,4.3,4.1,3.4,0.38,0.36,0.3,16,15,12,7396996932,,,972,751,995,762,950,741,0.09519,0.09447,-0.99097,-0.04932,0.08514,-0.99515,4.256,4.207,4.241,,,,Valid,Valid,226.3,163.0,477.2,283.5,162.0,475.8,272.2,208.4,259.9,202.7,0.5063,0.6956,0.518,0.7053,0.4946,0.6859,Screen Recording,Screen Recording Recording8.mp4,1920,1080,0,0,960,540,Fixation,2604,217,972,748,0.5063,0.6928,,,,,,,,,,,
96874817,472179868557,Eye Tracker,LipReading_BJ,10/21/2025,CJY,Recording8,10/18/2025,10/18/2025,10:09:23.595,02:09:23.595,431768,Timeline1,Tobii I-VT (Fixation),1.241.54219,1080,1920,10.0,3.7,2.3,2.7,0.31,0.19,0.23,13,8,10,4.3,4.1,3.4,0.38,0.36,0.3,16,15,12,7397000933,,,973,743,999,747,946,740,0.09802,0.08611,-0.99145,-0.0514,0.08469,-0.99508,4.313,4.216,4.249,,,,Valid,Valid,226.3,163.0,477.3,283.5,162.0,475.8,273.5,204.4,258.9,202.5,0.5066,0.6884,0.5205,0.6916,0.4927,0.6852,Screen Recording,Screen Recording Recording8.mp4,1920,1080,0,0,960,540,Fixation,2604,217,972,748,0.5063,0.6928,,,,,,,,,,,
96878817,472179872557,Eye Tracker,LipReading_BJ,10/21/2025,CJY,Recording8,10/18/2025,10/18/2025,10:09:23.595,02:09:23.595,431768,Timeline1,Tobii I-VT (Fixation),1.241.54219,1080,1920,10.0,3.7,2.3,2.7,0.31,0.19,0.23,13,8,10,4.3,4.1,3.4,0.38,0.36,0.3,16,15,12,7397004933,,,971,737,993,731,950,743,0.09444,0.07695,-0.99255,-0.04913,0.08654,-0.99504,4.282,4.241,4.249,,,,Valid,Valid,226.3,163.0,477.3,283.5,162.1,475.8,271.7,200.0,260.0,203.4,0.5059,0.6824,0.5171,0.6766,0.4948,0.6883,Screen Recording,Screen Recording Recording8.mp4,1920,1080,0,0,960,540,Fixation,2604,217,972,748,0.5063,0.6928,,,,,,,,,,,
96882816,472179876556,Eye Tracker,LipReading_BJ,10/21/2025,CJY,Recording8,10/18/2025,10/18/2025,10:09:23.595,02:09:23.595,431768,Timeline1,Tobii I-VT (Fixation),1.241.54219,1080,1920,10.0,3.7,2.3,2.7,0.31,0.19,0.23,13,8,10,4.3,4.1,3.4,0.38,0.36,0.3,16,15,12,7397008932,,,971,731,992,717,949,745,0.09428,0.06924,-0.99314,-0.04973,0.0873,-0.99494,4.386,4.209,4.249,,,,Valid,Valid,226.3,163.0,477.4,283.5,162.1,475.8,271.6,196.2,259.7,203.8,0.5056,0.6768,0.5169,0.664,0.4942,0.6896,Screen Recording,Screen Recording Recording8.mp4,1920,1080,0,0,960,540,Fixation,2604,217,972,748,0.5063,0.6928,,,,,,,,,,,
96886816,472179880556,Eye Tracker,LipReading_BJ,10/21/2025,CJY,Recording8,10/18/2025,10/18/2025,10:09:23.595,02:09:23.595,431768,Timeline1,Tobii I-VT (Fixation),1.241.54219,1080,1920,10.0,3.7,2.3,2.7,0.31,0.19,0.23,13,8,10,4.3,4.1,3.4,0.38,0.36,0.3,16,15,12,7397012932,,,973,759,994,768,951,750,0.09518,0.09801,-0.99062,-0.04844,0.09044,-0.99472,4.247,4.248,4.237,,,,Valid,Valid,226.3,163.0,477.3,283.4,162.1,475.8,272.2,210.2,260.3,205.4,0.5066,0.703,0.518,0.7113,0.4953,0.6948,Screen Recording,Screen Recording Recording8.mp4,1920,1080,0,0,960,540,Saccade,8,380,,,,,,,,,,,,,,,
96890816,472179884556,Eye Tracker,LipReading_BJ,10/21/2025,CJY,Recording8,10/18/2025,10/18/2025,10:09:23.595,02:09:23.595,431768,Timeline1,Tobii I-VT (Fixation),1.241.54219,1080,1920,10.0,3.7,2.3,2.7,0.31,0.19,0.23,13,8,10,4.3,4.1,3.4,0.38,0.36,0.3,16,15,12,7397016932,,,972,759,993,768,951,749,0.09429,0.0979,-0.99072,-0.04828,0.08977,-0.99479,4.259,4.215,4.235,,,,Valid,Valid,226.3,163.0,477.3,283.4,162.1,475.8,271.7,210.2,260.3,205.1,0.5063,0.7025,0.5171,0.7111,0.4955,0.6938,Screen Recording,Screen Recording Recording8.mp4,1920,1080,0,0,960,540,Saccade,8,380,,,,,,,,,,,,,,,
96894816,472179888556,Eye Tracker,LipReading_BJ,10/21/2025,CJY,Recording8,10/18/2025,10/18/2025,10:09:23.595,02:09:23.595,431768,Timeline1,Tobii I-VT (Fixation),1.241.54219,1080,1920,10.0,3.7,2.3,2.7,0.31,0.19,0.23,13,8,10,4.3,4.1,3.4,0.38,0.36,0.3,16,15,12,7397020932,,,948,754,,,948,754,,,,-0.05019,0.09248,-0.99445,,4.165,4.251,,,,Invalid,Valid,,,,283.4,162.1,475.8,,,259.4,206.4,0.4937,0.6982,,,0.4937,0.6982,Screen Recording,Screen Recording Recording8.mp4,1920,1080,0,0,960,540,Fixation,504,218,965,750,0.5028,0.694,,,,,,,,,,,
96898817,472179892557,Eye Tracker,LipReading_BJ,10/21/2025,CJY,Recording8,10/18/2025,10/18/2025,10:09:23.595,02:09:23.595,431768,Timeline1,Tobii I-VT (Fixation),1.241.54219,1080,1920,10.0,3.7,2.3,2.7,0.31,0.19,0.23,13,8,10,4.3,4.1,3.4,0.38,0.36,0.3,16,15,12,7397024933,,,973,766,986,774,959,757,0.09063,0.10143,-0.99071,-0.04367,0.09426,-0.99459,4.25,4.255,4.245,,,,Valid,Valid,226.3,163.1,477.3,283.4,162.1,475.9,270.0,211.9,262.5,207.2,0.5067,0.7091,0.5138,0.717,0.4997,0.7011,Screen Recording,Screen Recording Recording8.mp4,1920,1080,0,0,960,540,Fixation,504,218,965,750,0.5028,0.694,,,,,,,,,,,
96902816,472179896556,Eye Tracker,LipReading_BJ,10/21/2025,CJY,Recording8,10/18/2025,10/18/2025,10:09:23.595,02:09:23.595,431768,Timeline1,Tobii I-VT (Fixation),1.241.54219,1080,1920,10.0,3.7,2.3,2.7,0.31,0.19,0.23,13,8,10,4.3,4.1,3.4,0.38,0.36,0.3,16,15,12,7397028932,,,969,755,989,770,949,741,0.09218,0.09892,-0.99082,-0.04972,0.08501,-0.99514,4.268,4.257,4.245,,,,Valid,Valid,226.3,163.1,477.3,283.4,162.1,475.9,270.7,210.7,259.7,202.8,0.5047,0.6995,0.5152,0.7129,0.4942,0.6861,Screen Recording,Screen Recording Recording8.mp4,1920,1080,0,0,960,540,Fixation,504,218,965,750,0.5028,0.694,,,,,,,,,,,
96906816,472179900556,Eye Tracker,LipReading_BJ,10/21/2025,CJY,Recording8,10/18/2025,10/18/2025,10:09:23.595,02:09:23.595,431768,Timeline1,Tobii I-VT (Fixation),1.241.54219,1080,1920,10.0,3.7,2.3,2.7,0.31,0.19,0.23,13,8,10,4.3,4.1,3.4,0.38,0.36,0.3,16,15,12,7397032932,,,974,749,999,759,949,738,0.09784,0.09295,-0.99085,-0.04966,0.08342,-0.99528,4.252,4.235,4.254,,,,Valid,Valid,226.3,163.0,477.3,283.4,162.1,475.9,273.4,207.8,259.7,202.0,0.5073,0.6933,0.5204,0.7031,0.4942,0.6835,Screen Recording,Screen Recording Recording8.mp4,1920,1080,0,0,960,540,Fixation,504,218,965,750,0.5028,0.694,,,,,,,,,,,
96910815,472179904555,Eye Tracker,LipReading_BJ,10/21/2025,CJY,Recording8,10/18/2025,10/18/2025,10:09:23.595,02:09:23.595,431768,Timeline1,Tobii I-VT (Fixation),1.241.54219,1080,1920,10.0,3.7,2.3,2.7,0.31,0.19,0.23,13,8,10,4.3,4.1,3.4,0.38,0.36,0.3,16,15,12,7397036932,,,970,757,992,769,948,744,0.09393,0.09837,-0.99071,-0.05001,0.08683,-0.99497,4.272,4.225,4.252,,,,Valid,Valid,226.3,163.1,477.3,283.4,162.1,475.9,271.6,210.4,259.5,203.7,0.5054,0.7006,0.5168,0.712,0.4939,0.6891,Screen Recording,Screen Recording Recording8.mp4,1920,1080,0,0,960,540,Fixation,504,218,965,750,0.5028,0.694,,,,,,,,,,,
96914815,472179908555,Eye Tracker,LipReading_BJ,10/21/2025,CJY,Recording8,10/18/2025,10/18/2025,10:09:23.595,02:09:23.595,431768,Timeline1,Tobii I-VT (Fixation),1.241.54219,1080,1920,10.0,3.7,2.3,2.7,0.31,0.19,0.23,13,8,10,4.3,4.1,3.4,0.38,0.36,0.3,16,15,12,7397040932,,,965,753,984,766,947,740,0.08915,0.09685,-0.9913,-0.05083,0.08428,-0.99515,4.269,4.239,4.251,,,,Valid,Valid,226.3,163.0,477.3,283.5,162.1,475.9,269.2,209.7,259.1,202.4,0.5028,0.6972,0.5124,0.7094,0.4932,0.6849,Screen Recording,Screen Recording Recording8.mp4,1920,1080,0,0,960,540,Fixation,504,218,965,750,0.5028,0.694,,,,,,,,,,,
96918816,472179912556,Eye Tracker,LipReading_BJ,10/21/2025,CJY,Recording8,10/18/2025,10/18/2025,10:09:23.595,02:09:23.595,431768,Timeline1,Tobii I-VT (Fixation),1.241.54219,1080,1920,10.0,3.7,2.3,2.7,0.31,0.19,0.23,13,8,10,4.3,4.1,3.4,0.38,0.36,0.3,16,15,12,7397044933,,,971,737,988,727,953,747,0.09178,0.07494,-0.99295,-0.04732,0.08864,-0.99494,4.309,4.229,4.251,,,,Valid,Valid,226.3,163.1,477.3,283.5,162.1,475.9,270.4,199.1,260.8,204.5,0.5055,0.6828,0.5147,0.6736,0.4964,0.692,Screen Recording,Screen Recording Recording8.mp4,1920,1080,0,0,960,540,Fixation,504,218,965,750,0.5028,0.694,,,,,,,,,,,
96922816,472179916556,Eye Tracker,LipReading_BJ,10/21/2025,CJY,Recording8,10/18/2025,10/18/2025,10:09:23.595,02:09:23.595,431768,Timeline1,Tobii I-VT (Fixation),1.241.54219,1080,1920,10.0,3.7,2.3,2.7,0.31,0.19,0.23,13,8,10,4.3,4.1,3.4,0.38,0.36,0.3,16,15,12,7397048933,,,971,759,989,763,953,755,0.09214,0.09479,-0.99122,-0.04745,0.09297,-0.99454,4.259,4.232,4.254,,,,Valid,Valid,226.3,163.0,477.3,283.5,162.1,475.9,270.7,208.7,260.8,206.6,0.5057,0.7025,0.5152,0.7061,0.4963,0.699,Screen Recording,Screen Recording Recording8.mp4,1920,1080,0,0,960,540,Fixation,504,218,965,750,0.5028,0.694,,,,,,,,,,,
96926815,472179920555,Eye Tracker,LipReading_BJ,10/21/2025,CJY,Recording8,10/18/2025,10/18/2025,10:09:23.595,02:09:23.595,431768,Timeline1,Tobii I-VT (Fixation),1.241.54219,1080,1920,10.0,3.7,2.3,2.7,0.31,0.19,0.23,13,8,10,4.3,4.1,3.4,0.38,0.36,0.3,16,15,12,7397052932,,,969,755,997,768,942,742,0.09635,0.09794,-0.99052,-0.05353,0.08563,-0.99489,4.269,4.243,4.256,,,,Valid,Valid,226.3,163.0,477.3,283.5,162.1,475.9,272.8,210.2,257.9,203.1,0.5049,0.6992,0.5191,0.7113,0.4908,0.6871,Screen Recording,Screen Recording Recording8.mp4,1920,1080,0,0,960,540,Fixation,504,218,965,750,0.5028,0.694,,,,,,,,,,,
96930815,472179924555,Eye Tracker,LipReading_BJ,10/21/2025,CJY,Recording8,10/18/2025,10/18/2025,10:09:23.595,02:09:23.595,431768,Timeline1,Tobii I-VT (Fixation),1.241.54219,1080,1920,10.0,3.7,2.3,2.7,0.31,0.19,0.23,13,8,10,4.3,4.1,3.4,0.38,0.36,0.3,16,15,12,7397056932,,,976,730,999,717,953,742,0.09777,0.06919,-0.9928,-0.0473,0.08584,-0.99519,4.252,4.274,4.26,,,,Valid,Valid,226.3,163.0,477.3,283.5,162.1,475.9,273.3,196.3,260.9,203.2,0.5084,0.6758,0.5202,0.6642,0.4965,0.6873,Screen Recording,Screen Recording Recording8.mp4,1920,1080,0,0,960,540,Fixation,504,218,965,750,0.5028,0.694,,,,,,,,,,,
96934815,472179928555,Eye Tracker,LipReading_BJ,10/21/2025,CJY,Recording8,10/18/2025,10/18/2025,10:09:23.595,02:09:23.595,431768,Timeline1,Tobii I-VT (Fixation),1.241.54219,1080,1920,10.0,3.7,2.3,2.7,0.31,0.19,0.23,13,8,10,4.3,4.1,3.4,0.38,0.36,0.3,16,15,12,7397060932,,,971,754,994,763,948,746,0.09501,0.09495,-0.99094,-0.05039,0.08795,-0.99485,4.279,4.28,4.265,,,,Valid,Valid,226.3,163.0,477.3,283.5,162.1,475.9,272.1,208.8,259.4,204.2,0.5058,0.6986,0.5179,0.7063,0.4937,0.6908,Screen Recording,Screen Recording Recording8.mp4,1920,1080,0,0,960,540,Fixation,504,218,965,750,0.5028,0.694,,,,,,,,,,,
96938816,472179932556,Eye Tracker,LipReading_BJ,10/21/2025,CJY,Recording8,10/18/2025,10/18/2025,10:09:23.595,02:09:23.595,431768,Timeline1,Tobii I-VT (Fixation),1.241.54219,1080,1920,10.0,3.7,2.3,2.7,0.31,0.19,0.23,13,8,10,4.3,4.1,3.4,0.38,0.36,0.3,16,15,12,7397064933,,,972,759,992,770,952,747,0.09378,0.09907,-0.99065,-0.048,0.08858,-0.99491,4.247,4.261,4.256,,,,Valid,Valid,226.4,163.0,477.3,283.5,162.1,475.9,271.5,210.8,260.5,204.5,0.5063,0.7025,0.5168,0.7131,0.4959,0.6918,Screen Recording,Screen Recording Recording8.mp4,1920,1080,0,0,960,540,Fixation,504,218,965,750,0.5028,0.694,,,,,,,,,,,
96942816,472179936556,Eye Tracker,LipReading_BJ,10/21/2025,CJY,Recording8,10/18/2025,10/18/2025,10:09:23.595,02:09:23.595,431768,Timeline1,Tobii I-VT (Fixation),1.241.54219,1080,1920,10.0,3.7,2.3,2.7,0.31,0.19,0.23,13,8,10,4.3,4.1,3.4,0.38,0.36,0.3,16,15,12,7397068933,,,968,761,989,771,947,751,0.092,0.09932,-0.99079,-0.0511,0.09089,-0.99455,4.278,4.256,4.253,,,,Valid,Valid,226.4,163.0,477.4,283.5,162.1,475.9,270.7,210.9,259.1,205.6,0.5041,0.7045,0.5152,0.7134,0.493,0.6956,Screen Recording,Screen Recording Recording8.mp4,1920,1080,0,0,960,540,Fixation,504,218,965,750,0.5028,0.694,,,,,,,,,,,
96946815,472179940555,Eye Tracker,LipReading_BJ,10/21/2025,CJY,Recording8,10/18/2025,10/18/2025,10:09:23.595,02:09:23.595,431768,Timeline1,Tobii I-VT (Fixation),1.241.54219,1080,1920,10.0,3.7,2.3,2.7,0.31,0.19,0.23,13,8,10,4.3,4.1,3.4,0.38,0.36,0.3,16,15,12,7397072932,,,969,757,988,774,949,740,0.09136,0.10141,-0.99064,-0.04962,0.08434,-0.9952,4.24,4.233,4.247,,,,Valid,Valid,226.4,163.0,477.4,283.5,162.1,475.9,270.4,211.9,259.8,202.5,0.5045,0.701,0.5146,0.7169,0.4944,0.685,Screen Recording,Screen Recording Recording8.mp4,1920,1080,0,0,960,540,Fixation,504,218,965,750,0.5028,0.694,,,,,,,,,,,
96950815,472179944555,Eye Tracker,LipReading_BJ,10/21/2025,CJY,Recording8,10/18/2025,10/18/2025,10:09:23.595,02:09:23.595,431768,Timeline1,Tobii I-VT (Fixation),1.241.54219,1080,1920,10.0,3.7,2.3,2.7,0.31,0.19,0.23,13,8,10,4.3,4.1,3.4,0.38,0.36,0.3,16,15,12,7397076932,,,968,755,988,771,948,739,0.09129,0.09931,-0.99086,-0.05055,0.08388,-0.99519,4.25,4.239,4.257,,,,Valid,Valid,226.4,163.0,477.4,283.5,162.1,475.9,270.4,210.9,259.4,202.2,0.5041,0.6989,0.5145,0.7135,0.4936,0.6843,Screen Recording,Screen Recording Recording8.mp4,1920,1080,0,0,960,540,Fixation,504,218,965,750,0.5028,0.694,,,,,,,,,,,
96954815,472179948555,Eye Tracker,LipReading_BJ,10/21/2025,CJY,Recording8,10/18/2025,10/18/2025,10:09:23.595,02:09:23.595,431768,Timeline1,Tobii I-VT (Fixation),1.241.54219,1080,1920,10.0,3.7,2.3,2.7,0.31,0.19,0.23,13,8,10,4.3,4.1,3.4,0.38,0.36,0.3,16,15,12,7397080932,,,971,751,992,763,949,739,0.09375,0.09478,-0.99107,-0.04962,0.0837,-0.99525,4.279,4.243,4.257,,,,Valid,Valid,226.4,163.0,477.4,283.5,162.1,475.9,271.5,208.7,259.8,202.2,0.5056,0.695,0.5168,0.7061,0.4944,0.684,Screen Recording,Screen Recording Recording8.mp4,1920,1080,0,0,960,540,Fixation,504,218,965,750,0.5028,0.694,,,,,,,,,,,
96958816,472179952556,Eye Tracker,LipReading_BJ,10/21/2025,CJY,Recording8,10/18/2025,10/18/2025,10:09:23.595,02:09:23.595,431768,Timeline1,Tobii I-VT (Fixation),1.241.54219,1080,1920,10.0,3.7,2.3,2.7,0.31,0.19,0.23,13,8,10,4.3,4.1,3.4,0.38,0.36,0.3,16,15,12,7397084933,,,969,756,989,768,949,744,0.09192,0.09809,-0.99092,-0.04958,0.08671,-0.995,4.27,4.249,4.26,,,,Valid,Valid,226.4,163.0,477.4,283.5,162.1,475.9,270.7,210.3,259.8,203.6,0.5048,0.7002,0.5151,0.7115,0.4945,0.6889,Screen Recording,Screen Recording Recording8.mp4,1920,1080,0,0,960,540,Fixation,504,218,965,750,0.5028,0.694,,,,,,,,,,,
96962816,472179956556,Eye Tracker,LipReading_BJ,10/21/2025,CJY,Recording8,10/18/2025,10/18/2025,10:09:23.595,02:09:23.595,431768,Timeline1,Tobii I-VT (Fixation),1.241.54219,1080,1920,10.0,3.7,2.3,2.7,0.31,0.19,0.23,13,8,10,4.3,4.1,3.4,0.38,0.36,0.3,16,15,12,7397088933,,,953,747,,,953,747,,,,-0.04778,0.08848,-0.99493,,4.259,4.264,,,,Invalid,Valid,,,,283.5,162.1,475.9,,,260.7,204.5,0.4961,0.6918,,,0.4961,0.6918,Screen Recording,Screen Recording Recording8.mp4,1920,1080,0,0,960,540,Fixation,504,218,965,750,0.5028,0.694,,,,,,,,,,,
96966815,472179960555,Eye Tracker,LipReading_BJ,10/21/2025,CJY,Recording8,10/18/2025,10/18/2025,10:09:23.595,02:09:23.595,431768,Timeline1,Tobii I-VT (Fixation),1.241.54219,1080,1920,10.0,3.7,2.3,2.7,0.31,0.19,0.23,13,8,10,4.3,4.1,3.4,0.38,0.36,0.3,16,15,12,7397092932,,,966,747,988,753,944,742,0.09134,0.08927,-0.99181,-0.05256,0.08544,-0.99496,4.282,4.24,4.267,,,,Valid,Valid,226.4,163.1,477.4,283.5,162.1,475.9,270.4,206.0,258.4,203.0,0.5032,0.692,0.5145,0.697,0.4918,0.6869,Screen Recording,Screen Recording Recording8.mp4,1920,1080,0,0,960,540,Fixation,504,218,965,750,0.5028,0.694,,,,,,,,,,,
96970815,472179964555,Eye Tracker,LipReading_BJ,10/21/2025,CJY,Recording8,10/18/2025,10/18/2025,10:09:23.595,02:09:23.595,431768,Timeline1,Tobii I-VT (Fixation),1.241.54219,1080,1920,10.0,3.7,2.3,2.7,0.31,0.19,0.23,13,8,10,4.3,4.1,3.4,0.38,0.36,0.3,16,15,12,7397096932,,,970,755,995,762,944,747,0.09553,0.09451,-0.99093,-0.05288,0.08849,-0.99467,4.284,4.283,4.27,,,,Valid,Valid,226.4,163.0,477.4,283.5,162.1,475.9,272.4,208.6,258.2,204.5,0.505,0.6988,0.5185,0.7057,0.4915,0.6918,Screen Recording,Screen Recording Recording8.mp4,1920,1080,0,0,960,540,Fixation,504,218,965,750,0.5028,0.694,,,,,,,,,,,
96974815,472179968555,Eye Tracker,LipReading_BJ,10/21/2025,CJY,Recording8,10/18/2025,10/18/2025,10:09:23.595,02:09:23.595,431768,Timeline1,Tobii I-VT (Fixation),1.241.54219,1080,1920,10.0,3.7,2.3,2.7,0.31,0.19,0.23,13,8,10,4.3,4.1,3.4,0.38,0.36,0.3,16,15,12,7397100932,,,967,753,988,763,946,744,0.09136,0.0949,-0.99129,-0.05148,0.08658,-0.99491,4.269,4.275,4.278,,,,Valid,Valid,226.4,163.0,477.4,283.5,162.1,475.9,270.4,208.7,258.9,203.6,0.5037,0.6975,0.5146,0.7063,0.4927,0.6887,Screen Recording,Screen Recording Recording8.mp4,1920,1080,0,0,960,540,Fixation,504,218,965,750,0.5028,0.694,,,,,,,,,,,
96978816,472179972556,Eye Tracker,LipReading_BJ,10/21/2025,CJY,Recording8,10/18/2025,10/18/2025,10:09:23.595,02:09:23.595,431768,Timeline1,Tobii I-VT (Fixation),1.241.54219,1080,1920,10.0,3.7,2.3,2.7,0.31,0.19,0.23,13,8,10,4.3,4.1,3.4,0.38,0.36,0.3,16,15,12,7397104933,,,968,753,990,767,946,739,0.09272,0.09706,-0.99095,-0.05175,0.08369,-0.99515,4.281,4.254,4.278,,,,Valid,Valid,226.4,163.0,477.4,283.5,162.1,475.9,271.1,209.8,258.8,202.2,0.5042,0.6969,0.5159,0.7098,0.4925,0.684,Screen Recording,Screen Recording Recording8.mp4,1920,1080,0,0,960,540,Fixation,504,218,965,750,0.5028,0.694,,,,,,,,,,,
96982814,472179976554,Eye Tracker,LipReading_BJ,10/21/2025,CJY,Recording8,10/18/2025,10/18/2025,10:09:23.595,02:09:23.595,431768,Timeline1,Tobii I-VT (Fixation),1.241.54219,1080,1920,10.0,3.7,2.3,2.7,0.31,0.19,0.23,13,8,10,4.3,4.1,3.4,0.38,0.36,0.3,16,15,12,7397108931,,,968,759,993,768,943,749,0.09392,0.09811,-0.99073,-0.05298,0.08963,-0.99456,4.297,4.293,4.278,,,,Valid,Valid,226.4,163.0,477.4,283.5,162.1,475.9,271.6,210.3,258.2,205.0,0.5042,0.7026,0.517,0.7115,0.4913,0.6936,Screen Recording,Screen Recording Recording8.mp4,1920,1080,0,0,960,540,Fixation,504,218,965,750,0.5028,0.694,,,,,,,,,,,
96986814,472179980554,Eye Tracker,LipReading_BJ,10/21/2025,CJY,Recording8,10/18/2025,10/18/2025,10:09:23.595,02:09:23.595,431768,Timeline1,Tobii I-VT (Fixation),1.241.54219,1080,1920,10.0,3.7,2.3,2.7,0.31,0.19,0.23,13,8,10,4.3,4.1,3.4,0.38,0.36,0.3,16,15,12,7397112931,,,965,772,981,802,949,742,0.08739,0.11679,-0.9893,-0.05002,0.08563,-0.99507,4.214,4.274,4.279,,,,Valid,Valid,226.4,163.0,477.4,283.5,162.1,475.9,268.5,219.4,259.6,203.1,0.5026,0.7146,0.5111,0.7422,0.4941,0.687,Screen Recording,Screen Recording Recording8.mp4,1920,1080,0,0,960,540,Fixation,504,218,965,750,0.5028,0.694,,,,,,,,,,,
96990814,472179984554,Eye Tracker,LipReading_BJ,10/21/2025,CJY,Recording8,10/18/2025,10/18/2025,10:09:23.595,02:09:23.595,431768,Timeline1,Tobii I-VT (Fixation),1.241.54219,1080,1920,10.0,3.7,2.3,2.7,0.31,0.19,0.23,13,8,10,4.3,4.1,3.4,0.38,0.36,0.3,16,15,12,7397116931,,,972,752,994,745,949,759,0.09487,0.08517,-0.99184,-0.04945,0.09536,-0.99421,4.319,4.304,4.287,,,,Valid,Valid,226.4,163.0,477.4,283.5,162.1,475.9,272.0,204.0,259.8,207.7,0.5061,0.6964,0.5177,0.6901,0.4945,0.7028,Screen Recording,Screen Recording Recording8.mp4,1920,1080,0,0,960,540,Fixation,504,218,965,750,0.5028,0.694,,,,,,,,,,,
96994814,472179988554,Eye Tracker,LipReading_BJ,10/21/2025,CJY,Recording8,10/18/2025,10/18/2025,10:09:23.595,02:09:23.595,431768,Timeline1,Tobii I-VT (Fixation),1.241.54219,1080,1920,10.0,3.7,2.3,2.7,0.31,0.19,0.23,13,8,10,4.3,4.1,3.4,0.38,0.36,0.3,16,15,12,7397120931,,,968,760,992,772,943,748,0.09353,0.1,-0.99058,-0.0529,0.0893,-0.9946,4.266,4.276,4.271,,,,Valid,Valid,226.4,163.0,477.4,283.5,162.0,476.0,271.4,211.1,258.2,204.8,0.504,0.7036,0.5166,0.7144,0.4914,0.6928,Screen Recording,Screen Recording Recording8.mp4,1920,1080,0,0,960,540,Fixation,504,218,965,750,0.5028,0.694,,,,,,,,,,,
96998815,472179992555,Eye Tracker,LipReading_BJ,10/21/2025,CJY,Recording8,10/18/2025,10/18/2025,10:09:23.595,02:09:23.595,431768,Timeline1,Tobii I-VT (Fixation),1.241.54219,1080,1920,10.0,3.7,2.3,2.7,0.31,0.19,0.23,13,8,10,4.3,4.1,3.4,0.38,0.36,0.3,16,15,12,7397124932,,,972,734,995,724,950,744,0.09538,0.07308,-0.99275,-0.04904,0.08696,-0.995,4.377,4.272,4.295,,,,Valid,Valid,226.3,162.9,477.4,283.5,162.0,476.0,272.2,198.1,260.0,203.6,0.5065,0.6795,0.5181,0.6701,0.4949,0.6889,Screen Recording,Screen Recording Recording8.mp4,1920,1080,0,0,960,540,Fixation,504,218,965,750,0.5028,0.694,,,,,,,,,,,
97002815,472179996555,Eye Tracker,LipReading_BJ,10/21/2025,CJY,Recording8,10/18/2025,10/18/2025,10:09:23.595,02:09:23.595,431768,Timeline1,Tobii I-VT (Fixation),1.241.54219,1080,1920,10.0,3.7,2.3,2.7,0.31,0.19,0.23,13,8,10,4.3,4.1,3.4,0.38,0.36,0.3,16,15,12,7397128932,,,965,761,987,775,943,748,0.09068,0.10185,-0.99066,-0.05314,0.08917,-0.9946,4.267,4.26,4.293,,,,Valid,Valid,226.3,162.9,477.4,283.5,162.0,476.0,270.0,212.0,258.1,204.7,0.5025,0.7048,0.5139,0.7172,0.4911,0.6925,Screen Recording,Screen Recording Recording8.mp4,1920,1080,0,0,960,540,Fixation,504,218,965,750,0.5028,0.694,,,,,,,,,,,
97006814,472180000554,Eye Tracker,LipReading_BJ,10/21/2025,CJY,Recording8,10/18/2025,10/18/2025,10:09:23.595,02:09:23.595,431768,Timeline1,Tobii I-VT (Fixation),1.241.54219,1080,1920,10.0,3.7,2.3,2.7,0.31,0.19,0.23,13,8,10,4.3,4.1,3.4,0.38,0.36,0.3,16,15,12,7397132931,,,969,730,993,722,945,738,0.09473,0.07198,-0.9929,-0.05178,0.08375,-0.99514,4.394,4.257,4.319,,,,Valid,Valid,226.3,162.9,477.4,283.5,162.0,476.0,271.9,197.5,258.7,202.0,0.5049,0.6758,0.5174,0.6681,0.4924,0.6835,Screen Recording,Screen Recording Recording8.mp4,1920,1080,0,0,960,540,Fixation,504,218,965,750,0.5028,0.694,,,,,,,,,,,
97010814,472180004554,Eye Tracker,LipReading_BJ,10/21/2025,CJY,Recording8,10/18/2025,10/18/2025,10:09:23.595,02:09:23.595,431768,Timeline1,Tobii I-VT (Fixation),1.241.54219,1080,1920,10.0,3.7,2.3,2.7,0.31,0.19,0.23,13,8,10,4.3,4.1,3.4,0.38,0.36,0.3,16,15,12,7397136931,,,968,750,987,760,950,741,0.09083,0.09353,-0.99147,-0.04938,0.08516,-0.99514,4.322,4.265,4.293,,,,Valid,Valid,226.3,162.9,477.4,283.5,161.9,476.0,270.1,207.9,259.9,202.7,0.5043,0.6945,0.514,0.7034,0.4945,0.6857,Screen Recording,Screen Recording Recording8.mp4,1920,1080,0,0,960,540,Fixation,504,218,965,750,0.5028,0.694,,,,,,,,,,,
97014813,472180008553,Eye Tracker,LipReading_BJ,10/21/2025,CJY,Recording8,10/18/2025,10/18/2025,10:09:23.595,02:09:23.595,431768,Timeline1,Tobii I-VT (Fixation),1.241.54219,1080,1920,10.0,3.7,2.3,2.7,0.31,0.19,0.23,13,8,10,4.3,4.1,3.4,0.38,0.36,0.3,16,15,12,7397140931,,,991,738,991,738,,,0.09353,0.08135,-0.99229,,,,4.373,,4.313,,,,Valid,Invalid,226.3,162.8,477.4,,,,271.3,202.0,,,0.5164,0.6834,0.5164,0.6834,,,Screen Recording,Screen Recording Recording8.mp4,1920,1080,0,0,960,540,Fixation,504,218,965,750,0.5028,0.694,,,,,,,,,,,
97018814,472180012554,Eye Tracker,LipReading_BJ,10/21/2025,CJY,Recording8,10/18/2025,10/18/2025,10:09:23.595,02:09:23.595,431768,Timeline1,Tobii I-VT (Fixation),1.241.54219,1080,1920,10.0,3.7,2.3,2.7,0.31,0.19,0.23,13,8,10,4.3,4.1,3.4,0.38,0.36,0.3,16,15,12,7397144932,,,968,752,990,761,946,742,0.09263,0.09457,-0.9912,-0.05111,0.08612,-0.99497,4.31,4.274,4.296,,,,Valid,Valid,226.3,162.8,477.4,283.5,161.9,476.0,270.9,208.4,259.0,203.1,0.5043,0.6961,0.5156,0.705,0.493,0.6872,Screen Recording,Screen Recording Recording8.mp4,1920,1080,0,0,960,540,Fixation,504,218,965,750,0.5028,0.694,,,,,,,,,,,
97022814,472180016554,Eye Tracker,LipReading_BJ,10/21/2025,CJY,Recording8,10/18/2025,10/18/2025,10:09:23.595,02:09:23.595,431768,Timeline1,Tobii I-VT (Fixation),1.241.54219,1080,1920,10.0,3.7,2.3,2.7,0.31,0.19,0.23,13,8,10,4.3,4.1,3.4,0.38,0.36,0.3,16,15,12,7397148932,,,974,732,994,720,954,744,0.09513,0.07092,-0.99293,-0.04695,0.08721,-0.99508,4.36,4.266,4.302,,,,Valid,Valid,226.3,162.8,477.4,283.5,161.9,476.0,272.1,196.9,261.0,203.6,0.5073,0.6776,0.5178,0.6663,0.4967,0.689,Screen Recording,Screen Recording Recording8.mp4,1920,1080,0,0,960,540,Fixation,504,218,965,750,0.5028,0.694,,,,,,,,,,,
97026813,472180020553,Eye Tracker,LipReading_BJ,10/21/2025,CJY,Recording8,10/18/2025,10/18/2025,10:09:23.595,02:09:23.595,431768,Timeline1,Tobii I-VT (Fixation),1.241.54219,1080,1920,10.0,3.7,2.3,2.7,0.31,0.19,0.23,13,8,10,4.3,4.1,3.4,0.38,0.36,0.3,16,15,12,7397152931,,,969,758,993,771,944,745,0.0945,0.09975,-0.99051,-0.05268,0.0874,-0.99478,4.316,4.276,4.296,,,,Valid,Valid,226.3,162.8,477.4,283.5,161.9,476.0,271.9,210.9,258.3,203.7,0.5045,0.7015,0.5174,0.7136,0.4915,0.6894,Screen Recording,Screen Recording Recording8.mp4,1920,1080,0,0,960,540,Fixation,504,218,965,750,0.5028,0.694,,,,,,,,,,,
97030813,472180024553,Eye Tracker,LipReading_BJ,10/21/2025,CJY,Recording8,10/18/2025,10/18/2025,10:09:23.595,02:09:23.595,431768,Timeline1,Tobii I-VT (Fixation),1.241.54219,1080,1920,10.0,3.7,2.3,2.7,0.31,0.19,0.23,13,8,10,4.3,4.1,3.4,0.38,0.36,0.3,16,15,12,7397156931,,,967,744,989,750,944,737,0.09235,0.08816,-0.99182,-0.05255,0.08328,-0.99514,4.329,4.298,4.302,,,,Valid,Valid,226.3,162.8,477.4,283.5,161.9,476.0,270.8,205.3,258.3,201.8,0.5035,0.6886,0.5153,0.6945,0.4917,0.6827,Screen Recording,Screen Recording Recording8.mp4,1920,1080,0,0,960,540,Fixation,504,218,965,750,0.5028,0.694,,,,,,,,,,,
97034813,472180028553,Eye Tracker,LipReading_BJ,10/21/2025,CJY,Recording8,10/18/2025,10/18/2025,10:09:23.595,02:09:23.595,431768,Timeline1,Tobii I-VT (Fixation),1.241.54219,1080,1920,10.0,3.7,2.3,2.7,0.31,0.19,0.23,13,8,10,4.3,4.1,3.4,0.38,0.36,0.3,16,15,12,7397160931,,,944,746,,,944,746,,,,-0.05268,0.08821,-0.99471,,4.288,4.297,,,,Invalid,Valid,,,,283.5,162.0,476.0,,,258.3,204.2,0.4915,0.6908,,,0.4915,0.6908,Screen Recording,Screen Recording Recording8.mp4,1920,1080,0,0,960,540,Fixation,504,218,965,750,0.5028,0.694,,,,,,,,,,,
97038814,472180032554,Eye Tracker,LipReading_BJ,10/21/2025,CJY,Recording8,10/18/2025,10/18/2025,10:09:23.595,02:09:23.595,431768,Timeline1,Tobii I-VT (Fixation),1.241.54219,1080,1920,10.0,3.7,2.3,2.7,0.31,0.19,0.23,13,8,10,4.3,4.1,3.4,0.38,0.36,0.3,16,15,12,7397164932,,,966,753,987,768,945,737,0.09079,0.09837,-0.991,-0.05224,0.08307,-0.99517,4.278,4.294,4.299,,,,Valid,Valid,226.3,162.9,477.4,283.5,162.0,476.0,270.1,210.3,258.5,201.7,0.503,0.6969,0.514,0.7114,0.492,0.6825,Screen Recording,Screen Recording Recording8.mp4,1920,1080,0,0,960,540,Fixation,504,218,965,750,0.5028,0.694,,,,,,,,,,,
97042814,472180036554,Eye Tracker,LipReading_BJ,10/21/2025,CJY,Recording8,10/18/2025,10/18/2025,10:09:23.595,02:09:23.595,431768,Timeline1,Tobii I-VT (Fixation),1.241.54219,1080,1920,10.0,3.7,2.3,2.7,0.31,0.19,0.23,13,8,10,4.3,4.1,3.4,0.38,0.36,0.3,16,15,12,7397168932,,,971,740,996,749,946,731,0.09621,0.08736,-0.99152,-0.0516,0.0798,-0.99547,4.306,4.287,4.297,,,,Valid,Valid,226.3,162.9,477.4,283.5,162.0,476.0,272.7,205.0,258.8,200.2,0.5058,0.6853,0.5189,0.6935,0.4926,0.6772,Screen Recording,Screen Recording Recording8.mp4,1920,1080,0,0,960,540,Fixation,504,218,965,750,0.5028,0.694,,,,,,,,,,,
97046813,472180040553,Eye Tracker,LipReading_BJ,10/21/2025,CJY,Recording8,10/18/2025,10/18/2025,10:09:23.595,02:09:23.595,431768,Timeline1,Tobii I-VT (Fixation),1.241.54219,1080,1920,10.0,3.7,2.3,2.7,0.31,0.19,0.23,13,8,10,4.3,4.1,3.4,0.38,0.36,0.3,16,15,12,7397172931,,,968,755,992,764,943,746,0.09386,0.09573,-0.99097,-0.05339,0.08828,-0.99466,4.298,4.304,4.296,,,,Valid,Valid,226.4,162.9,477.4,283.5,162.0,476.0,271.6,209.0,258.0,204.3,0.5039,0.6992,0.5169,0.7073,0.4909,0.6911,Screen Recording,Screen Recording Recording8.mp4,1920,1080,0,0,960,540,Fixation,504,218,965,750,0.5028,0.694,,,,,,,,,,,
97050813,472180044553,Eye Tracker,LipReading_BJ,10/21/2025,CJY,Recording8,10/18/2025,10/18/2025,10:09:23.595,02:09:23.595,431768,Timeline1,Tobii I-VT (Fixation),1.241.54219,1080,1920,10.0,3.7,2.3,2.7,0.31,0.19,0.23,13,8,10,4.3,4.1,3.4,0.38,0.36,0.3,16,15,12,7397176931,,,971,739,994,727,947,750,0.09499,0.07485,-0.99266,-0.05064,0.09033,-0.99462,4.408,4.289,4.305,,,,Valid,Valid,226.4,162.9,477.5,283.5,162.1,476.0,272.1,198.9,259.3,205.3,0.5056,0.6838,0.5178,0.6731,0.4935,0.6945,Screen Recording,Screen Recording Recording8.mp4,1920,1080,0,0,960,540,Fixation,504,218,965,750,0.5028,0.694,,,,,,,,,,,
97054813,472180048553,Eye Tracker,LipReading_BJ,10/21/2025,CJY,Recording8,10/18/2025,10/18/2025,10:09:23.595,02:09:23.595,431768,Timeline1,Tobii I-VT (Fixation),1.241.54219,1080,1920,10.0,3.7,2.3,2.7,0.31,0.19,0.23,13,8,10,4.3,4.1,3.4,0.38,0.36,0.3,16,15,12,7397180931,,,967,756,988,767,946,745,0.09156,0.09739,-0.99103,-0.05172,0.08721,-0.99485,4.277,4.303,4.317,,,,Valid,Valid,226.4,163.0,477.5,283.5,162.1,476.0,270.5,209.9,258.8,203.8,0.5036,0.6998,0.5148,0.7101,0.4925,0.6895,Screen Recording,Screen Recording Recording8.mp4,1920,1080,0,0,960,540,Fixation,504,218,965,750,0.5028,0.694,,,,,,,,,,,
97058813,472180052553,Eye Tracker,LipReading_BJ,10/21/2025,CJY,Recording8,10/18/2025,10/18/2025,10:09:23.595,02:09:23.595,431768,Timeline1,Tobii I-VT (Fixation),1.241.54219,1080,1920,10.0,3.7,2.3,2.7,0.31,0.19,0.23,13,8,10,4.3,4.1,3.4,0.38,0.36,0.3,16,15,12,7397184931,,,969,749,993,749,945,748,0.09405,0.08745,-0.99172,-0.05192,0.08916,-0.99466,4.33,4.333,4.317,,,,Valid,Valid,226.4,163.0,477.5,283.5,162.1,476.0,271.7,205.1,258.7,204.8,0.5047,0.6933,0.517,0.6939,0.4923,0.6928,Screen Recording,Screen Recording Recording8.mp4,1920,1080,0,0,960,540,Fixation,504,218,965,750,0.5028,0.694,,,,,,,,,,,
97062813,472180056553,Eye Tracker,LipReading_BJ,10/21/2025,CJY,Recording8,10/18/2025,10/18/2025,10:09:23.595,02:09:23.595,431768,Timeline1,Tobii I-VT (Fixation),1.241.54219,1080,1920,10.0,3.7,2.3,2.7,0.31,0.19,0.23,13,8,10,4.3,4.1,3.4,0.38,0.36,0.3,16,15,12,7397188931,,,968,744,993,743,943,745,0.0942,0.0836,-0.99204,-0.05335,0.08717,-0.99476,4.359,4.319,4.314,,,,Valid,Valid,226.4,163.0,477.5,283.5,162.1,476.0,271.7,203.2,258.0,203.8,0.5041,0.6886,0.5172,0.6877,0.491,0.6896,Screen Recording,Screen Recording Recording8.mp4,1920,1080,0,0,960,540,Fixation,504,218,965,750,0.5028,0.694,,,,,,,,,,,
97066813,472180060553,Eye Tracker,LipReading_BJ,10/21/2025,CJY,Recording8,10/18/2025,10/18/2025,10:09:23.595,02:09:23.595,431768,Timeline1,Tobii I-VT (Fixation),1.241.54219,1080,1920,10.0,3.7,2.3,2.7,0.31,0.19,0.23,13,8,10,4.3,4.1,3.4,0.38,0.36,0.3,16,15,12,7397192931,,,970,745,989,743,951,748,0.09209,0.08359,-0.99224,-0.0487,0.08904,-0.99484,4.324,4.275,4.312,,,,Valid,Valid,226.4,163.0,477.5,283.6,162.1,476.0,270.7,203.2,260.3,204.7,0.5053,0.6902,0.5152,0.6877,0.4953,0.6927,Screen Recording,Screen Recording Recording8.mp4,1920,1080,0,0,960,540,Fixation,504,218,965,750,0.5028,0.694,,,,,,,,,,,
97070813,472180064553,Eye Tracker,LipReading_BJ,10/21/2025,CJY,Recording8,10/18/2025,10/18/2025,10:09:23.595,02:09:23.595,431768,Timeline1,Tobii I-VT (Fixation),1.241.54219,1080,1920,10.0,3.7,2.3,2.7,0.31,0.19,0.23,13,8,10,4.3,4.1,3.4,0.38,0.36,0.3,16,15,12,7397196931,,,964,757,981,760,947,754,0.0875,0.09318,-0.9918,-0.05122,0.0925,-0.99439,4.312,4.293,4.307,,,,Valid,Valid,226.4,163.0,477.5,283.6,162.1,476.0,268.5,207.9,259.0,206.4,0.502,0.7009,0.5111,0.7034,0.493,0.6984,Screen Recording,Screen Recording Recording8.mp4,1920,1080,0,0,960,540,Fixation,504,218,965,750,0.5028,0.694,,,,,,,,,,,
97074813,472180068553,Eye Tracker,LipReading_BJ,10/21/2025,CJY,Recording8,10/18/2025,10/18/2025,10:09:23.595,02:09:23.595,431768,Timeline1,Tobii I-VT (Fixation),1.241.54219,1080,1920,10.0,3.7,2.3,2.7,0.31,0.19,0.23,13,8,10,4.3,4.1,3.4,0.38,0.36,0.3,16,15,12,7397200931,,,965,744,989,743,942,744,0.09201,0.08382,-0.99222,-0.05407,0.08687,-0.99475,4.353,4.289,4.3,,,,Valid,Valid,226.4,163.0,477.5,283.6,162.2,476.0,270.7,203.4,257.7,203.7,0.5028,0.6887,0.5152,0.6881,0.4904,0.6893,Screen Recording,Screen Recording Recording8.mp4,1920,1080,0,0,960,540,Fixation,504,218,965,750,0.5028,0.694,,,,,,,,,,,
97078814,472180072554,Eye Tracker,LipReading_BJ,10/21/2025,CJY,Recording8,10/18/2025,10/18/2025,10:09:23.595,02:09:23.595,431768,Timeline1,Tobii I-VT (Fixation),1.241.54219,1080,1920,10.0,3.7,2.3,2.7,0.31,0.19,0.23,13,8,10,4.3,4.1,3.4,0.38,0.36,0.3,16,15,12,7397204932,,,965,756,986,767,944,745,0.08991,0.09747,-0.99117,-0.05254,0.08737,-0.99479,4.293,4.277,4.299,,,,Valid,Valid,226.4,163.1,477.5,283.6,162.2,476.0,269.7,210.0,258.4,204.0,0.5026,0.7003,0.5133,0.7105,0.4918,0.6901,Screen Recording,Screen Recording Recording8.mp4,1920,1080,0,0,960,540,Fixation,504,218,965,750,0.5028,0.694,,,,,,,,,,,
97082814,472180076554,Eye Tracker,LipReading_BJ,10/21/2025,CJY,Recording8,10/18/2025,10/18/2025,10:09:23.595,02:09:23.595,431768,Timeline1,Tobii I-VT (Fixation),1.241.54219,1080,1920,10.0,3.7,2.3,2.7,0.31,0.19,0.23,13,8,10,4.3,4.1,3.4,0.38,0.36,0.3,16,15,12,7397208932,,,963,763,979,783,947,744,0.08606,0.10631,-0.9906,-0.05075,0.08658,-0.99495,4.272,4.302,4.296,,,,Valid,Valid,226.4,163.1,477.5,283.6,162.1,476.0,267.9,214.3,259.3,203.6,0.5017,0.7069,0.5099,0.7251,0.4934,0.6888,Screen Recording,Screen Recording Recording8.mp4,1920,1080,0,0,960,540,Fixation,504,218,965,750,0.5028,0.694,,,,,,,,,,,
97086813,472180080553,Eye Tracker,LipReading_BJ,10/21/2025,CJY,Recording8,10/18/2025,10/18/2025,10:09:23.595,02:09:23.595,431768,Timeline1,Tobii I-VT (Fixation),1.241.54219,1080,1920,10.0,3.7,2.3,2.7,0.31,0.19,0.23,13,8,10,4.3,4.1,3.4,0.38,0.36,0.3,16,15,12,7397212931,,,966,729,987,708,946,749,0.0907,0.06392,-0.99382,-0.05139,0.08967,-0.99465,4.305,4.299,4.297,,,,Valid,Valid,226.4,163.1,477.5,283.6,162.2,476.0,270.0,193.8,259.0,205.1,0.5033,0.6747,0.5138,0.6556,0.4929,0.6938,Screen Recording,Screen Recording Recording8.mp4,1920,1080,0,0,960,540,Fixation,504,218,965,750,0.5028,0.694,,,,,,,,,,,
97090814,472180084554,Eye Tracker,LipReading_BJ,10/21/2025,CJY,Recording8,10/18/2025,10/18/2025,10:09:23.595,02:09:23.595,431768,Timeline1,Tobii I-VT (Fixation),1.241.54219,1080,1920,10.0,3.7,2.3,2.7,0.31,0.19,0.23,13,8,10,4.3,4.1,3.4,0.38,0.36,0.3,16,15,12,7397216932,,,964,758,984,772,943,743,0.0892,0.10031,-0.99095,-0.05337,0.08606,-0.99486,4.276,4.307,4.303,,,,Valid,Valid,226.4,163.1,477.5,283.6,162.1,476.0,269.4,211.4,258.0,203.3,0.5019,0.7016,0.5127,0.7152,0.4911,0.6879,Screen Recording,Screen Recording Recording8.mp4,1920,1080,0,0,960,540,Fixation,504,218,965,750,0.5028,0.694,,,,,,,,,,,
97094813,472180088553,Eye Tracker,LipReading_BJ,10/21/2025,CJY,Recording8,10/18/2025,10/18/2025,10:09:23.595,02:09:23.595,431768,Timeline1,Tobii I-VT (Fixation),1.241.54219,1080,1920,10.0,3.7,2.3,2.7,0.31,0.19,0.23,13,8,10,4.3,4.1,3.4,0.38,0.36,0.3,16,15,12,7397220931,,,967,742,989,738,946,747,0.09173,0.08065,-0.99251,-0.05159,0.08846,-0.99474,4.364,4.301,4.317,,,,Valid,Valid,226.4,163.0,477.5,283.6,162.1,476.0,270.5,201.8,258.9,204.5,0.5038,0.6874,0.5149,0.6829,0.4927,0.6918,Screen Recording,Screen Recording Recording8.mp4,1920,1080,0,0,960,540,Fixation,504,218,965,750,0.5028,0.694,,,,,,,,,,,
97098813,472180092553,Eye Tracker,LipReading_BJ,10/21/2025,CJY,Recording8,10/18/2025,10/18/2025,10:09:23.595,02:09:23.595,431768,Timeline1,Tobii I-VT (Fixation),1.241.54219,1080,1920,10.0,3.7,2.3,2.7,0.31,0.19,0.23,13,8,10,4.3,4.1,3.4,0.38,0.36,0.3,16,15,12,7397224931,,,968,736,992,728,943,744,0.09384,0.07499,-0.99276,-0.05315,0.08672,-0.99481,4.411,4.277,4.317,,,,Valid,Valid,226.4,163.0,477.5,283.5,162.1,476.0,271.5,199.1,258.1,203.6,0.504,0.6813,0.5168,0.6736,0.4912,0.6889,Screen Recording,Screen Recording Recording8.mp4,1920,1080,0,0,960,540,Fixation,504,218,965,750,0.5028,0.694,,,,,,,,,,,
97102814,472180096554,Eye Tracker,LipReading_BJ,10/21/2025,CJY,Recording8,10/18/2025,10/18/2025,10:09:23.595,02:09:23.595,431768,Timeline1,Tobii I-VT (Fixation),1.241.54219,1080,1920,10.0,3.7,2.3,2.7,0.31,0.19,0.23,13,8,10,4.3,4.1,3.4,0.38,0.36,0.3,16,15,12,7397228932,,,965,752,989,766,940,738,0.09195,0.09663,-0.99106,-0.05486,0.08304,-0.99503,4.334,4.285,4.332,,,,Valid,Valid,226.4,163.0,477.5,283.5,162.1,476.0,270.7,209.6,257.3,201.9,0.5024,0.696,0.5152,0.7091,0.4897,0.683,Screen Recording,Screen Recording Recording8.mp4,1920,1080,0,0,960,540,Fixation,504,218,965,750,0.5028,0.694,,,,,,,,,,,
97106813,472180100553,Eye Tracker,LipReading_BJ,10/21/2025,CJY,Recording8,10/18/2025,10/18/2025,10:09:23.595,02:09:23.595,431768,Timeline1,Tobii I-VT (Fixation),1.241.54219,1080,1920,10.0,3.7,2.3,2.7,0.31,0.19,0.23,13,8,10,4.3,4.1,3.4,0.38,0.36,0.3,16,15,12,7397232931,,,968,749,995,752,941,746,0.09516,0.08895,-0.99148,-0.05431,0.08779,-0.99466,4.282,4.307,4.32,,,,Valid,Valid,226.4,163.0,477.5,283.5,162.1,476.0,272.2,205.9,257.5,204.1,0.5041,0.6936,0.518,0.6965,0.4901,0.6907,Screen Recording,Screen Recording Recording8.mp4,1920,1080,0,0,960,540,Fixation,504,218,965,750,0.5028,0.694,,,,,,,,,,,
97110814,472180104554,Eye Tracker,LipReading_BJ,10/21/2025,CJY,Recording8,10/18/2025,10/18/2025,10:09:23.595,02:09:23.595,431768,Timeline1,Tobii I-VT (Fixation),1.241.54219,1080,1920,10.0,3.7,2.3,2.7,0.31,0.19,0.23,13,8,10,4.3,4.1,3.4,0.38,0.36,0.3,16,15,12,7397236932,,,969,734,996,723,942,745,0.09591,0.07249,-0.99275,-0.05395,0.08752,-0.9947,4.385,4.31,4.321,,,,Valid,Valid,226.4,163.0,477.5,283.5,162.1,476.0,272.5,197.9,257.7,204.0,0.5045,0.6799,0.5186,0.6695,0.4904,0.6902,Screen Recording,Screen Recording Recording8.mp4,1920,1080,0,0,960,540,Fixation,504,218,965,750,0.5028,0.694,,,,,,,,,,,
97114809,472180108549,Eye Tracker,LipReading_BJ,10/21/2025,CJY,Recording8,10/18/2025,10/18/2025,10:09:23.595,02:09:23.595,431768,Timeline1,Tobii I-VT (Fixation),1.241.54219,1080,1920,10.0,3.7,2.3,2.7,0.31,0.19,0.23,13,8,10,4.3,4.1,3.4,0.38,0.36,0.3,16,15,12,7397240928,,,970,754,991,768,948,740,0.09337,0.09764,-0.99083,-0.05053,0.08436,-0.99515,4.295,4.315,4.33,,,,Valid,Valid,226.3,163.0,477.5,283.5,162.1,476.0,271.3,210.1,259.3,202.5,0.505,0.6979,0.5164,0.7107,0.4935,0.685,Screen Recording,Screen Recording Recording8.mp4,1920,1080,0,0,960,540,Fixation,504,218,965,750,0.5028,0.694,,,,,,,,,,,
97118809,472180112549,Eye Tracker,LipReading_BJ,10/21/2025,CJY,Recording8,10/18/2025,10/18/2025,10:09:23.595,02:09:23.595,431768,Timeline1,Tobii I-VT (Fixation),1.241.54219,1080,1920,10.0,3.7,2.3,2.7,0.31,0.19,0.23,13,8,10,4.3,4.1,3.4,0.38,0.36,0.3,16,15,12,7397244928,,,972,749,987,742,956,756,0.09107,0.08334,-0.99235,-0.04549,0.09342,-0.99459,4.352,4.308,4.331,,,,Valid,Valid,226.3,163.0,477.5,283.5,162.1,476.1,270.1,203.1,261.7,206.8,0.5061,0.6934,0.5141,0.6872,0.4981,0.6997,Screen Recording,Screen Recording Recording8.mp4,1920,1080,0,0,960,540,Fixation,504,218,965,750,0.5028,0.694,,,,,,,,,,,
97122810,472180116550,Eye Tracker,LipReading_BJ,10/21/2025,CJY,Recording8,10/18/2025,10/18/2025,10:09:23.595,02:09:23.595,431768,Timeline1,Tobii I-VT (Fixation),1.241.54219,1080,1920,10.0,3.7,2.3,2.7,0.31,0.19,0.23,13,8,10,4.3,4.1,3.4,0.38,0.36,0.3,16,15,12,7397248929,,,968,741,990,739,945,742,0.09289,0.08172,-0.99232,-0.05188,0.08552,-0.99498,4.353,4.288,4.32,,,,Valid,Valid,226.3,163.0,477.5,283.5,162.1,476.1,271.0,202.3,258.6,203.0,0.504,0.6857,0.5158,0.6846,0.4922,0.6868,Screen Recording,Screen Recording Recording8.mp4,1920,1080,0,0,960,540,Fixation,504,218,965,750,0.5028,0.694,,,,,,,,,,,
97126809,472180120549,Eye Tracker,LipReading_BJ,10/21/2025,CJY,Recording8,10/18/2025,10/18/2025,10:09:23.595,02:09:23.595,431768,Timeline1,Tobii I-VT (Fixation),1.241.54219,1080,1920,10.0,3.7,2.3,2.7,0.31,0.19,0.23,13,8,10,4.3,4.1,3.4,0.38,0.36,0.3,16,15,12,7397252928,,,970,740,997,740,944,740,0.09659,0.08228,-0.99192,-0.05232,0.08447,-0.99505,4.362,4.288,4.32,,,,Valid,Valid,226.3,163.0,477.5,283.4,162.1,476.1,272.8,202.6,258.4,202.5,0.5055,0.6853,0.5191,0.6856,0.4918,0.6851,Screen Recording,Screen Recording Recording8.mp4,1920,1080,0,0,960,540,Fixation,504,218,965,750,0.5028,0.694,,,,,,,,,,,
97130809,472180124549,Eye Tracker,LipReading_BJ,10/21/2025,CJY,Recording8,10/18/2025,10/18/2025,10:09:23.595,02:09:23.595,431768,Timeline1,Tobii I-VT (Fixation),1.241.54219,1080,1920,10.0,3.7,2.3,2.7,0.31,0.19,0.23,13,8,10,4.3,4.1,3.4,0.38,0.36,0.3,16,15,12,7397256928,,,972,765,986,770,958,760,0.09044,0.09925,-0.99094,-0.04431,0.09566,-0.99443,4.289,4.256,4.298,,,,Valid,Valid,226.3,163.0,477.5,283.4,162.1,476.0,269.8,210.8,262.2,207.9,0.5063,0.7083,0.5136,0.7134,0.499,0.7033,Screen Recording,Screen Recording Recording8.mp4,1920,1080,0,0,960,540,Fixation,504,218,965,750,0.5028,0.694,,,,,,,,,,,
97134809,472180128549,Eye Tracker,LipReading_BJ,10/21/2025,CJY,Recording8,10/18/2025,10/18/2025,10:09:23.595,02:09:23.595,431768,Timeline1,Tobii I-VT (Fixation),1.241.54219,1080,1920,10.0,3.7,2.3,2.7,0.31,0.19,0.23,13,8,10,4.3,4.1,3.4,0.38,0.36,0.3,16,15,12,7397260928,,,964,749,985,759,943,740,0.08971,0.09261,-0.99165,-0.05319,0.08466,-0.99499,4.302,4.293,4.295,,,,Valid,Valid,226.2,163.0,477.5,283.4,162.1,476.0,269.4,207.6,257.9,202.6,0.5019,0.6939,0.5128,0.7024,0.4909,0.6855,Screen Recording,Screen Recording Recording8.mp4,1920,1080,0,0,960,540,Fixation,504,218,965,750,0.5028,0.694,,,,,,,,,,,
97138809,472180132549,Eye Tracker,LipReading_BJ,10/21/2025,CJY,Recording8,10/18/2025,10/18/2025,10:09:23.595,02:09:23.595,431768,Timeline1,Tobii I-VT (Fixation),1.241.54219,1080,1920,10.0,3.7,2.3,2.7,0.31,0.19,0.23,13,8,10,4.3,4.1,3.4,0.38,0.36,0.3,16,15,12,7397264928,,,965,755,982,773,947,737,0.08833,0.1008,-0.99098,-0.05065,0.08293,-0.99527,4.309,4.297,4.297,,,,Valid,Valid,226.2,163.0,477.5,283.4,162.1,476.0,268.8,211.6,259.2,201.8,0.5024,0.6993,0.5115,0.7159,0.4932,0.6827,Screen Recording,Screen Recording Recording8.mp4,1920,1080,0,0,960,540,Fixation,504,218,965,750,0.5028,0.694,,,,,,,,,,,
97142810,472180136550,Eye Tracker,LipReading_BJ,10/21/2025,CJY,Recording8,10/18/2025,10/18/2025,10:09:23.595,02:09:23.595,431768,Timeline1,Tobii I-VT (Fixation),1.241.54219,1080,1920,10.0,3.7,2.3,2.7,0.31,0.19,0.23,13,8,10,4.3,4.1,3.4,0.38,0.36,0.3,16,15,12,7397268929,,,966,758,990,773,942,744,0.09296,0.1005,-0.99058,-0.05344,0.08664,-0.99481,4.283,4.286,4.3,,,,Valid,Valid,226.2,163.0,477.5,283.3,162.1,476.0,271.0,211.5,257.8,203.6,0.5032,0.7021,0.5158,0.7155,0.4906,0.6887,Screen Recording,Screen Recording Recording8.mp4,1920,1080,0,0,960,540,Fixation,504,218,965,750,0.5028,0.694,,,,,,,,,,,
97146809,472180140549,Eye Tracker,LipReading_BJ,10/21/2025,CJY,Recording8,10/18/2025,10/18/2025,10:09:23.595,02:09:23.595,431768,Timeline1,Tobii I-VT (Fixation),1.241.54219,1080,1920,10.0,3.7,2.3,2.7,0.31,0.19,0.23,13,8,10,4.3,4.1,3.4,0.38,0.36,0.3,16,15,12,7397272928,,,970,736,994,731,945,741,0.09519,0.0771,-0.99247,-0.05152,0.08526,-0.99503,4.369,4.311,4.3,,,,Valid,Valid,226.2,163.0,477.5,283.3,162.1,476.1,272.0,200.1,258.7,202.9,0.505,0.6818,0.5176,0.6771,0.4923,0.6865,Screen Recording,Screen Recording Recording8.mp4,1920,1080,0,0,960,540,Fixation,504,218,965,750,0.5028,0.694,,,,,,,,,,,
97150810,472180144550,Eye Tracker,LipReading_BJ,10/21/2025,CJY,Recording8,10/18/2025,10/18/2025,10:09:23.595,02:09:23.595,431768,Timeline1,Tobii I-VT (Fixation),1.241.54219,1080,1920,10.0,3.7,2.3,2.7,0.31,0.19,0.23,13,8,10,4.3,4.1,3.4,0.38,0.36,0.3,16,15,12,7397276929,,,967,760,991,780,943,740,0.09364,0.10447,-0.99011,-0.05266,0.08438,-0.99504,4.224,4.311,4.299,,,,Valid,Valid,226.1,163.1,477.5,283.3,162.1,476.1,271.3,213.4,258.1,202.5,0.5038,0.7036,0.5163,0.7221,0.4912,0.685,Screen Recording,Screen Recording Recording8.mp4,1920,1080,0,0,960,540,Fixation,504,218,965,750,0.5028,0.694,,,,,,,,,,,
97154809,472180148549,Eye Tracker,LipReading_BJ,10/21/2025,CJY,Recording8,10/18/2025,10/18/2025,10:09:23.595,02:09:23.595,431768,Timeline1,Tobii I-VT (Fixation),1.241.54219,1080,1920,10.0,3.7,2.3,2.7,0.31,0.19,0.23,13,8,10,4.3,4.1,3.4,0.38,0.36,0.3,16,15,12,7397280928,,,967,757,990,772,943,741,0.09311,0.10016,-0.99061,-0.05255,0.08519,-0.99498,4.289,4.314,4.3,,,,Valid,Valid,226.1,163.0,477.5,283.3,162.1,476.1,271.0,211.3,258.1,202.9,0.5035,0.7007,0.5158,0.715,0.4913,0.6864,Screen Recording,Screen Recording Recording8.mp4,1920,1080,0,0,960,540,Fixation,504,218,965,750,0.5028,0.694,,,,,,,,,,,
97158809,472180152549,Eye Tracker,LipReading_BJ,10/21/2025,CJY,Recording8,10/18/2025,10/18/2025,10:09:23.595,02:09:23.595,431768,Timeline1,Tobii I-VT (Fixation),1.241.54219,1080,1920,10.0,3.7,2.3,2.7,0.31,0.19,0.23,13,8,10,4.3,4.1,3.4,0.38,0.36,0.3,16,15,12,7397284928,,,968,759,989,774,947,745,0.0924,0.10105,-0.99058,-0.05017,0.08733,-0.99492,4.287,4.293,4.293,,,,Valid,Valid,226.1,163.0,477.6,283.3,162.1,476.1,270.7,211.8,259.3,203.9,0.5043,0.7031,0.5151,0.7164,0.4934,0.6899,Screen Recording,Screen Recording Recording8.mp4,1920,1080,0,0,960,540,Fixation,504,218,965,750,0.5028,0.694,,,,,,,,,,,
97162810,472180156550,Eye Tracker,LipReading_BJ,10/21/2025,CJY,Recording8,10/18/2025,10/18/2025,10:09:23.595,02:09:23.595,431768,Timeline1,Tobii I-VT (Fixation),1.241.54219,1080,1920,10.0,3.7,2.3,2.7,0.31,0.19,0.23,13,8,10,4.3,4.1,3.4,0.38,0.36,0.3,16,15,12,7397288929,,,963,746,983,754,944,739,0.08925,0.08969,-0.99196,-0.05234,0.08357,-0.99513,4.325,4.296,4.292,,,,Valid,Valid,226.1,163.0,477.6,283.3,162.1,476.0,269.1,206.2,258.2,202.1,0.5018,0.6908,0.5121,0.6977,0.4914,0.6838,Screen Recording,Screen Recording Recording8.mp4,1920,1080,0,0,960,540,Fixation,504,218,965,750,0.5028,0.694,,,,,,,,,,,
97166809,472180160549,Eye Tracker,LipReading_BJ,10/21/2025,CJY,Recording8,10/18/2025,10/18/2025,10:09:23.595,02:09:23.595,431768,Timeline1,Tobii I-VT (Fixation),1.241.54219,1080,1920,10.0,3.7,2.3,2.7,0.31,0.19,0.23,13,8,10,4.3,4.1,3.4,0.38,0.36,0.3,16,15,12,7397292928,,,964,761,980,770,948,751,0.08754,0.09919,-0.99121,-0.04947,0.09073,-0.99465,4.29,4.295,4.293,,,,Valid,Valid,226.1,163.1,477.6,283.2,162.1,476.0,268.3,210.8,259.6,205.6,0.5023,0.7044,0.5105,0.7133,0.494,0.6955,Screen Recording,Screen Recording Recording8.mp4,1920,1080,0,0,960,540,Fixation,504,218,965,750,0.5028,0.694,,,,,,,,,,,
97170810,472180164550,Eye Tracker,LipReading_BJ,10/21/2025,CJY,Recording8,10/18/2025,10/18/2025,10:09:23.595,02:09:23.595,431768,Timeline1,Tobii I-VT (Fixation),1.241.54219,1080,1920,10.0,3.7,2.3,2.7,0.31,0.19,0.23,13,8,10,4.3,4.1,3.4,0.38,0.36,0.3,16,15,12,7397296929,,,962,754,979,773,945,736,0.08659,0.10062,-0.99115,-0.05148,0.08197,-0.9953,4.279,4.288,4.296,,,,Valid,Valid,226.1,163.1,477.6,283.2,162.1,476.0,267.8,211.5,258.6,201.3,0.5009,0.6985,0.5097,0.7157,0.4922,0.6812,Screen Recording,Screen Recording Recording8.mp4,1920,1080,0,0,960,540,Fixation,504,218,965,750,0.5028,0.694,,,,,,,,,,,
97174809,472180168549,Eye Tracker,LipReading_BJ,10/21/2025,CJY,Recording8,10/18/2025,10/18/2025,10:09:23.595,02:09:23.595,431768,Timeline1,Tobii I-VT (Fixation),1.241.54219,1080,1920,10.0,3.7,2.3,2.7,0.31,0.19,0.23,13,8,10,4.3,4.1,3.4,0.38,0.36,0.3,16,15,12,7397300928,,,962,752,984,763,940,740,0.08967,0.09525,-0.99141,-0.05419,0.08444,-0.99495,4.302,4.306,4.296,,,,Valid,Valid,226.1,163.1,477.6,283.2,162.2,476.0,269.3,208.9,257.3,202.6,0.5011,0.6961,0.5125,0.7069,0.4897,0.6853,Screen Recording,Screen Recording Recording8.mp4,1920,1080,0,0,960,540,Fixation,504,218,965,750,0.5028,0.694,,,,,,,,,,,
97178809,472180172549,Eye Tracker,LipReading_BJ,10/21/2025,CJY,Recording8,10/18/2025,10/18/2025,10:09:23.595,02:09:23.595,431768,Timeline1,Tobii I-VT (Fixation),1.241.54219,1080,1920,10.0,3.7,2.3,2.7,0.31,0.19,0.23,13,8,10,4.3,4.1,3.4,0.38,0.36,0.3,16,15,12,7397304928,,,962,756,982,769,943,743,0.08844,0.09812,-0.99124,-0.05272,0.08594,-0.9949,4.296,4.316,4.304,,,,Valid,Valid,226.1,163.1,477.6,283.2,162.2,476.0,268.7,210.3,258.0,203.3,0.5012,0.6997,0.5113,0.7116,0.491,0.6878,Screen Recording,Screen Recording Recording8.mp4,1920,1080,0,0,960,540,Fixation,504,218,965,750,0.5028,0.694,,,,,,,,,,,
97182810,472180176550,Eye Tracker,LipReading_BJ,10/21/2025,CJY,Recording8,10/18/2025,10/18/2025,10:09:23.595,02:09:23.595,431768,Timeline1,Tobii I-VT (Fixation),1.241.54219,1080,1920,10.0,3.7,2.3,2.7,0.31,0.19,0.23,13,8,10,4.3,4.1,3.4,0.38,0.36,0.3,16,15,12,7397308929,,,965,744,986,745,943,743,0.09099,0.08504,-0.99221,-0.05258,0.08626,-0.99488,4.361,4.29,4.306,,,,Valid,Valid,226.1,163.1,477.6,283.2,162.2,476.0,269.9,204.0,258.1,203.4,0.5024,0.6893,0.5136,0.6902,0.4911,0.6883,Screen Recording,Screen Recording Recording8.mp4,1920,1080,0,0,960,540,Fixation,504,218,965,750,0.5028,0.694,,,,,,,,,,,
97186809,472180180549,Eye Tracker,LipReading_BJ,10/21/2025,CJY,Recording8,10/18/2025,10/18/2025,10:09:23.595,02:09:23.595,431768,Timeline1,Tobii I-VT (Fixation),1.241.54219,1080,1920,10.0,3.7,2.3,2.7,0.31,0.19,0.23,13,8,10,4.3,4.1,3.4,0.38,0.36,0.3,16,15,12,7397312928,,,961,758,982,772,940,743,0.08872,0.10027,-0.991,-0.0542,0.08601,-0.99482,4.305,4.31,4.305,,,,Valid,Valid,226.1,163.1,477.6,283.2,162.2,476.0,268.8,211.4,257.3,203.3,0.5006,0.7016,0.5116,0.7152,0.4897,0.6879,Screen Recording,Screen Recording Recording8.mp4,1920,1080,0,0,960,540,Fixation,504,218,965,750,0.5028,0.694,,,,,,,,,,,
97190810,472180184550,Eye Tracker,LipReading_BJ,10/21/2025,CJY,Recording8,10/18/2025,10/18/2025,10:09:23.595,02:09:23.595,431768,Timeline1,Tobii I-VT (Fixation),1.241.54219,1080,1920,10.0,3.7,2.3,2.7,0.31,0.19,0.23,13,8,10,4.3,4.1,3.4,0.38,0.36,0.3,16,15,12,7397316929,,,970,726,993,700,946,753,0.09529,0.05937,-0.99368,-0.05077,0.09154,-0.99451,4.412,4.305,4.298,,,,Valid,Valid,226.1,163.0,477.7,283.2,162.2,476.0,271.9,191.6,258.9,206.0,0.5051,0.6726,0.5174,0.6482,0.4928,0.6969,Screen Recording,Screen Recording Recording8.mp4,1920,1080,0,0,960,540,Fixation,504,218,965,750,0.5028,0.694,,,,,,,,,,,
97194809,472180188549,Eye Tracker,LipReading_BJ,10/21/2025,CJY,Recording8,10/18/2025,10/18/2025,10:09:23.595,02:09:23.595,431768,Timeline1,Tobii I-VT (Fixation),1.241.54219,1080,1920,10.0,3.7,2.3,2.7,0.31,0.19,0.23,13,8,10,4.3,4.1,3.4,0.38,0.36,0.3,16,15,12,7397320928,,,971,759,987,755,955,762,0.09147,0.09068,-0.99167,-0.04585,0.09698,-0.99423,4.289,4.251,4.305,,,,Valid,Valid,226.1,163.1,477.6,283.2,162.2,476.0,270.1,206.7,261.3,208.6,0.5057,0.7026,0.5141,0.6994,0.4973,0.7058,Screen Recording,Screen Recording Recording8.mp4,1920,1080,0,0,960,540,Fixation,504,218,965,750,0.5028,0.694,,,,,,,,,,,
97198809,472180192549,Eye Tracker,LipReading_BJ,10/21/2025,CJY,Recording8,10/18/2025,10/18/2025,10:09:23.595,02:09:23.595,431768,Timeline1,Tobii I-VT (Fixation),1.241.54219,1080,1920,10.0,3.7,2.3,2.7,0.31,0.19,0.23,13,8,10,4.3,4.1,3.4,0.38,0.36,0.3,16,15,12,7397324928,,,967,769,987,780,947,757,0.09116,0.10472,-0.99031,-0.05013,0.09408,-0.9943,4.271,4.285,4.328,,,,Valid,Valid,226.1,163.1,477.6,283.3,162.2,476.0,270.1,213.6,259.3,207.2,0.5037,0.7118,0.514,0.7226,0.4934,0.701,Screen Recording,Screen Recording Recording8.mp4,1920,1080,0,0,960,540,Fixation,504,218,965,750,0.5028,0.694,,,,,,,,,,,
97202810,472180196550,Eye Tracker,LipReading_BJ,10/21/2025,CJY,Recording8,10/18/2025,10/18/2025,10:09:23.595,02:09:23.595,431768,Timeline1,Tobii I-VT (Fixation),1.241.54219,1080,1920,10.0,3.7,2.3,2.7,0.31,0.19,0.23,13,8,10,4.3,4.1,3.4,0.38,0.36,0.3,16,15,12,7397328929,,,966,740,988,737,944,743,0.09191,0.08056,-0.9925,-0.05201,0.08609,-0.99493,4.353,4.313,4.319,,,,Valid,Valid,226.1,163.1,477.6,283.3,162.2,476.0,270.3,201.8,258.4,203.3,0.5031,0.6854,0.5145,0.6829,0.4918,0.688,Screen Recording,Screen Recording Recording8.mp4,1920,1080,0,0,960,540,Fixation,504,218,965,750,0.5028,0.694,,,,,,,,,,,
97206809,472180200549,Eye Tracker,LipReading_BJ,10/21/2025,CJY,Recording8,10/18/2025,10/18/2025,10:09:23.595,02:09:23.595,431768,Timeline1,Tobii I-VT (Fixation),1.241.54219,1080,1920,10.0,3.7,2.3,2.7,0.31,0.19,0.23,13,8,10,4.3,4.1,3.4,0.38,0.36,0.3,16,15,12,7397332928,,,964,748,989,753,938,742,0.09262,0.08949,-0.99167,-0.05547,0.08577,-0.99477,4.352,4.317,4.323,,,,Valid,Valid,226.1,163.1,477.6,283.3,162.1,476.0,270.7,206.2,256.8,203.2,0.502,0.6925,0.5153,0.6975,0.4887,0.6875,Screen Recording,Screen Recording Recording8.mp4,1920,1080,0,0,960,540,Fixation,504,218,965,750,0.5028,0.694,,,,,,,,,,,
97210809,472180204549,Eye Tracker,LipReading_BJ,10/21/2025,CJY,Recording8,10/18/2025,10/18/2025,10:09:23.595,02:09:23.595,431768,Timeline1,Tobii I-VT (Fixation),1.241.54219,1080,1920,10.0,3.7,2.3,2.7,0.31,0.19,0.23,13,8,10,4.3,4.1,3.4,0.38,0.36,0.3,16,15,12,7397336928,,,964,739,988,742,940,736,0.09171,0.08289,-0.99233,-0.05439,0.08191,-0.99515,4.421,4.286,4.323,,,,Valid,Valid,226.2,163.1,477.5,283.3,162.2,476.0,270.3,203.0,257.3,201.3,0.5021,0.6839,0.5144,0.6867,0.4897,0.6812,Screen Recording,Screen Recording Recording8.mp4,1920,1080,0,0,960,540,Fixation,504,218,965,750,0.5028,0.694,,,,,,,,,,,
97214809,472180208549,Eye Tracker,LipReading_BJ,10/21/2025,CJY,Recording8,10/18/2025,10/18/2025,10:09:23.595,02:09:23.595,431768,Timeline1,Tobii I-VT (Fixation),1.241.54219,1080,1920,10.0,3.7,2.3,2.7,0.31,0.19,0.23,13,8,10,4.3,4.1,3.4,0.38,0.36,0.3,16,15,12,7397340928,,,961,741,984,740,938,742,0.08961,0.08186,-0.99261,-0.05575,0.0857,-0.99476,4.356,4.292,4.324,,,,Valid,Valid,226.2,163.1,477.6,283.4,162.2,476.0,269.3,202.4,256.7,203.2,0.5005,0.6862,0.5125,0.685,0.4885,0.6874,Screen Recording,Screen Recording Recording8.mp4,1920,1080,0,0,960,540,Fixation,504,218,965,750,0.5028,0.694,,,,,,,,,,,
97218808,472180212548,Eye Tracker,LipReading_BJ,10/21/2025,CJY,Recording8,10/18/2025,10/18/2025,10:09:23.595,02:09:23.595,431768,Timeline1,Tobii I-VT (Fixation),1.241.54219,1080,1920,10.0,3.7,2.3,2.7,0.31,0.19,0.23,13,8,10,4.3,4.1,3.4,0.38,0.36,0.3,16,15,12,7397344928,,,963,757,985,768,941,746,0.09002,0.09792,-0.99111,-0.05377,0.08765,-0.9947,4.287,4.265,4.324,,,,Valid,Valid,226.2,163.1,477.6,283.4,162.2,476.0,269.6,210.2,257.7,204.1,0.5017,0.7009,0.5131,0.7113,0.4904,0.6906,Screen Recording,Screen Recording Recording8.mp4,1920,1080,0,0,960,540,Fixation,504,218,965,750,0.5028,0.694,,,,,,,,,,,
97222809,472180216549,Eye Tracker,LipReading_BJ,10/21/2025,CJY,Recording8,10/18/2025,10/18/2025,10:09:23.595,02:09:23.595,431768,Timeline1,Tobii I-VT (Fixation),1.241.54219,1080,1920,10.0,3.7,2.3,2.7,0.31,0.19,0.23,13,8,10,4.3,4.1,3.4,0.38,0.36,0.3,16,15,12,7397348929,,,963,732,985,726,941,739,0.0903,0.07388,-0.99317,-0.05414,0.08396,-0.995,4.391,4.316,4.324,,,,Valid,Valid,226.3,163.0,477.6,283.4,162.2,476.0,269.7,198.6,257.5,202.3,0.5017,0.6782,0.5132,0.6719,0.4901,0.6845,Screen Recording,Screen Recording Recording8.mp4,1920,1080,0,0,960,540,Fixation,504,218,965,750,0.5028,0.694,,,,,,,,,,,
97226809,472180220549,Eye Tracker,LipReading_BJ,10/21/2025,CJY,Recording8,10/18/2025,10/18/2025,10:09:23.595,02:09:23.595,431768,Timeline1,Tobii I-VT (Fixation),1.241.54219,1080,1920,10.0,3.7,2.3,2.7,0.31,0.19,0.23,13,8,10,4.3,4.1,3.4,0.38,0.36,0.3,16,15,12,7397352929,,,960,759,981,775,939,744,0.08761,0.1015,-0.99097,-0.05534,0.0867,-0.9947,4.276,4.302,4.311,,,,Valid,Valid,226.3,163.0,477.6,283.4,162.1,476.0,268.5,212.0,257.0,203.6,0.5,0.703,0.511,0.7172,0.489,0.6889,Screen Recording,Screen Recording Recording8.mp4,1920,1080,0,0,960,540,Fixation,504,218,965,750,0.5028,0.694,,,,,,,,,,,
97230808,472180224548,Eye Tracker,LipReading_BJ,10/21/2025,CJY,Recording8,10/18/2025,10/18/2025,10:09:23.595,02:09:23.595,431768,Timeline1,Tobii I-VT (Fixation),1.241.54219,1080,1920,10.0,3.7,2.3,2.7,0.31,0.19,0.23,13,8,10,4.3,4.1,3.4,0.38,0.36,0.3,16,15,12,7397356928,,,962,743,984,746,939,741,0.08942,0.08529,-0.99234,-0.0551,0.08492,-0.99486,4.365,4.259,4.313,,,,Valid,Valid,226.3,163.1,477.5,283.5,162.1,476.0,269.3,204.1,257.1,202.8,0.501,0.6883,0.5126,0.6906,0.4893,0.6861,Screen Recording,Screen Recording Recording8.mp4,1920,1080,0,0,960,540,Fixation,504,218,965,750,0.5028,0.694,,,,,,,,,,,
97234808,472180228548,Eye Tracker,LipReading_BJ,10/21/2025,CJY,Recording8,10/18/2025,10/18/2025,10:09:23.595,02:09:23.595,431768,Timeline1,Tobii I-VT (Fixation),1.241.54219,1080,1920,10.0,3.7,2.3,2.7,0.31,0.19,0.23,13,8,10,4.3,4.1,3.4,0.38,0.36,0.3,16,15,12,7397360928,,,939,744,,,939,744,,,,-0.05536,0.08684,-0.99468,,4.298,4.311,,,,Invalid,Valid,,,,283.5,162.1,476.0,,,257.0,203.7,0.4891,0.6892,,,0.4891,0.6892,Screen Recording,Screen Recording Recording8.mp4,1920,1080,0,0,960,540,Fixation,504,218,965,750,0.5028,0.694,,,,,,,,,,,
97238808,472180232548,Eye Tracker,LipReading_BJ,10/21/2025,CJY,Recording8,10/18/2025,10/18/2025,10:09:23.595,02:09:23.595,431768,Timeline1,Tobii I-VT (Fixation),1.241.54219,1080,1920,10.0,3.7,2.3,2.7,0.31,0.19,0.23,13,8,10,4.3,4.1,3.4,0.38,0.36,0.3,16,15,12,7397364928,,,958,759,979,774,937,745,0.08615,0.1011,-0.99114,-0.05668,0.08713,-0.99458,4.285,4.3,4.307,,,,Valid,Valid,226.4,163.1,477.6,283.5,162.2,476.0,267.9,211.8,256.4,203.9,0.4989,0.7031,0.5098,0.7165,0.488,0.6897,Screen Recording,Screen Recording Recording8.mp4,1920,1080,0,0,960,540,Fixation,504,218,965,750,0.5028,0.694,,,,,,,,,,,
97242804,472180236544,Eye Tracker,LipReading_BJ,10/21/2025,CJY,Recording8,10/18/2025,10/18/2025,10:09:23.595,02:09:23.595,431768,Timeline1,Tobii I-VT (Fixation),1.241.54219,1080,1920,10.0,3.7,2.3,2.7,0.31,0.19,0.23,13,8,10,4.3,4.1,3.4,0.38,0.36,0.3,16,15,12,7397368924,,,960,751,985,748,936,754,0.08947,0.08667,-0.99221,-0.0573,0.09207,-0.9941,4.341,4.234,4.289,,,,Valid,Valid,226.4,163.1,477.6,283.5,162.2,475.9,269.5,204.8,256.1,206.3,0.5001,0.6953,0.5128,0.6928,0.4874,0.6978,Screen Recording,Screen Recording Recording8.mp4,1920,1080,0,0,960,540,Fixation,504,218,965,750,0.5028,0.694,,,,,,,,,,,
97246805,472180240545,Eye Tracker,LipReading_BJ,10/21/2025,CJY,Recording8,10/18/2025,10/18/2025,10:09:23.595,02:09:23.595,431768,Timeline1,Tobii I-VT (Fixation),1.241.54219,1080,1920,10.0,3.7,2.3,2.7,0.31,0.19,0.23,13,8,10,4.3,4.1,3.4,0.38,0.36,0.3,16,15,12,7397372925,,,960,756,981,771,938,742,0.08754,0.09925,-0.9912,-0.05605,0.08568,-0.99474,4.279,4.29,4.287,,,,Valid,Valid,226.4,163.1,477.6,283.6,162.2,475.9,268.6,210.9,256.7,203.2,0.4999,0.7004,0.5112,0.7135,0.4886,0.6874,Screen Recording,Screen Recording Recording8.mp4,1920,1080,0,0,960,540,Fixation,504,218,965,750,0.5028,0.694,,,,,,,,,,,
97250804,472180244544,Eye Tracker,LipReading_BJ,10/21/2025,CJY,Recording8,10/18/2025,10/18/2025,10:09:23.595,02:09:23.595,431768,Timeline1,Tobii I-VT (Fixation),1.241.54219,1080,1920,10.0,3.7,2.3,2.7,0.31,0.19,0.23,13,8,10,4.3,4.1,3.4,0.38,0.36,0.3,16,15,12,7397376924,,,960,756,981,775,939,738,0.08747,0.10145,-0.99099,-0.05566,0.08308,-0.99499,4.281,4.294,4.314,,,,Valid,Valid,226.4,163.1,477.6,283.6,162.2,476.0,268.6,212.0,256.9,201.9,0.5001,0.7001,0.5111,0.7172,0.489,0.6831,Screen Recording,Screen Recording Recording8.mp4,1920,1080,0,0,960,540,Fixation,504,218,965,750,0.5028,0.694,,,,,,,,,,,
97254804,472180248544,Eye Tracker,LipReading_BJ,10/21/2025,CJY,Recording8,10/18/2025,10/18/2025,10:09:23.595,02:09:23.595,431768,Timeline1,Tobii I-VT (Fixation),1.241.54219,1080,1920,10.0,3.7,2.3,2.7,0.31,0.19,0.23,13,8,10,4.3,4.1,3.4,0.38,0.36,0.3,16,15,12,7397380924,,,962,744,980,736,945,753,0.08681,0.07961,-0.99304,-0.05233,0.09147,-0.99443,4.374,4.28,4.313,,,,Valid,Valid,226.4,163.1,477.5,283.6,162.2,475.9,268.2,201.4,258.5,206.0,0.5012,0.6891,0.5104,0.6813,0.492,0.6969,Screen Recording,Screen Recording Recording8.mp4,1920,1080,0,0,960,540,Fixation,504,218,965,750,0.5028,0.694,,,,,,,,,,,
97258804,472180252544,Eye Tracker,LipReading_BJ,10/21/2025,CJY,Recording8,10/18/2025,10/18/2025,10:09:23.595,02:09:23.595,431768,Timeline1,Tobii I-VT (Fixation),1.241.54219,1080,1920,10.0,3.7,2.3,2.7,0.31,0.19,0.23,13,8,10,4.3,4.1,3.4,0.38,0.36,0.3,16,15,12,7397384924,,,963,738,986,735,941,741,0.09026,0.07936,-0.99275,-0.05457,0.08483,-0.9949,4.4,4.287,4.313,,,,Valid,Valid,226.4,163.1,477.6,283.6,162.2,476.0,269.8,201.3,257.5,202.8,0.5018,0.6835,0.5136,0.681,0.49,0.686,Screen Recording,Screen Recording Recording8.mp4,1920,1080,0,0,960,540,Fixation,504,218,965,750,0.5028,0.694,,,,,,,,,,,
97262804,472180256544,Eye Tracker,LipReading_BJ,10/21/2025,CJY,Recording8,10/18/2025,10/18/2025,10:09:23.595,02:09:23.595,431768,Timeline1,Tobii I-VT (Fixation),1.241.54219,1080,1920,10.0,3.7,2.3,2.7,0.31,0.19,0.23,13,8,10,4.3,4.1,3.4,0.38,0.36,0.3,16,15,12,7397388924,,,965,744,989,747,941,741,0.09212,0.08571,-0.99205,-0.0544,0.08465,-0.99493,4.34,4.27,4.32,,,,Valid,Valid,226.4,163.1,477.5,283.6,162.2,476.0,270.8,204.4,257.6,202.7,0.5027,0.6886,0.5153,0.6915,0.4902,0.6857,Screen Recording,Screen Recording Recording8.mp4,1920,1080,0,0,960,540,Fixation,504,218,965,750,0.5028,0.694,,,,,,,,,,,
97266805,472180260545,Eye Tracker,LipReading_BJ,10/21/2025,CJY,Recording8,10/18/2025,10/18/2025,10:09:23.595,02:09:23.595,431768,Timeline1,Tobii I-VT (Fixation),1.241.54219,1080,1920,10.0,3.7,2.3,2.7,0.31,0.19,0.23,13,8,10,4.3,4.1,3.4,0.38,0.36,0.3,16,15,12,7397392925,,,966,754,988,765,943,743,0.09129,0.09613,-0.99117,-0.05314,0.0862,-0.99486,4.306,4.289,4.313,,,,Valid,Valid,226.4,163.1,477.5,283.6,162.2,476.0,270.4,209.4,258.1,203.4,0.503,0.6985,0.5146,0.7086,0.4913,0.6883,Screen Recording,Screen Recording Recording8.mp4,1920,1080,0,0,960,540,Fixation,504,218,965,750,0.5028,0.694,,,,,,,,,,,
97270804,472180264544,Eye Tracker,LipReading_BJ,10/21/2025,CJY,Recording8,10/18/2025,10/18/2025,10:09:23.595,02:09:23.595,431768,Timeline1,Tobii I-VT (Fixation),1.241.54219,1080,1920,10.0,3.7,2.3,2.7,0.31,0.19,0.23,13,8,10,4.3,4.1,3.4,0.38,0.36,0.3,16,15,12,7397396924,,,962,741,983,744,940,738,0.08879,0.08423,-0.99248,-0.05489,0.08327,-0.99501,4.355,4.284,4.297,,,,Valid,Valid,226.4,163.1,477.5,283.6,162.2,475.9,269.1,203.7,257.3,202.1,0.501,0.6864,0.5122,0.6891,0.4897,0.6836,Screen Recording,Screen Recording Recording8.mp4,1920,1080,0,0,960,540,Fixation,504,218,965,750,0.5028,0.694,,,,,,,,,,,
97274804,472180268544,Eye Tracker,LipReading_BJ,10/21/2025,CJY,Recording8,10/18/2025,10/18/2025,10:09:23.595,02:09:23.595,431768,Timeline1,Tobii I-VT (Fixation),1.241.54219,1080,1920,10.0,3.7,2.3,2.7,0.31,0.19,0.23,13,8,10,4.3,4.1,3.4,0.38,0.36,0.3,16,15,12,7397400924,,,960,757,982,773,937,742,0.08767,0.10022,-0.9911,-0.05642,0.08511,-0.99477,4.272,4.297,4.299,,,,Valid,Valid,226.4,163.1,477.5,283.6,162.2,476.0,268.6,211.4,256.6,203.0,0.4998,0.701,0.5113,0.7154,0.4883,0.6867,Screen Recording,Screen Recording Recording8.mp4,1920,1080,0,0,960,540,Fixation,504,218,965,750,0.5028,0.694,,,,,,,,,,,
97278804,472180272544,Eye Tracker,LipReading_BJ,10/21/2025,CJY,Recording8,10/18/2025,10/18/2025,10:09:23.595,02:09:23.595,431768,Timeline1,Tobii I-VT (Fixation),1.241.54219,1080,1920,10.0,3.7,2.3,2.7,0.31,0.19,0.23,13,8,10,4.3,4.1,3.4,0.38,0.36,0.3,16,15,12,7397404924,,,959,766,978,783,940,748,0.08581,0.10634,-0.99062,-0.05479,0.08887,-0.99453,4.241,4.31,4.323,,,,Valid,Valid,226.4,163.1,477.5,283.5,162.2,475.9,267.8,214.4,257.3,204.8,0.4996,0.7091,0.5096,0.7254,0.4897,0.6928,Screen Recording,Screen Recording Recording8.mp4,1920,1080,0,0,960,540,Fixation,504,218,965,750,0.5028,0.694,,,,,,,,,,,
97282804,472180276544,Eye Tracker,LipReading_BJ,10/21/2025,CJY,Recording8,10/18/2025,10/18/2025,10:09:23.595,02:09:23.595,431768,Timeline1,Tobii I-VT (Fixation),1.241.54219,1080,1920,10.0,3.7,2.3,2.7,0.31,0.19,0.23,13,8,10,4.3,4.1,3.4,0.38,0.36,0.3,16,15,12,7397408924,,,963,734,987,733,939,736,0.09109,0.078,-0.99278,-0.05573,0.08164,-0.9951,4.374,4.291,4.32,,,,Valid,Valid,226.4,163.2,477.5,283.5,162.2,476.0,270.2,200.7,256.9,201.3,0.5015,0.68,0.5142,0.679,0.4889,0.6811,Screen Recording,Screen Recording Recording8.mp4,1920,1080,0,0,960,540,Fixation,504,218,965,750,0.5028,0.694,,,,,,,,,,,
97286805,472180280545,Eye Tracker,LipReading_BJ,10/21/2025,CJY,Recording8,10/18/2025,10/18/2025,10:09:23.595,02:09:23.595,431768,Timeline1,Tobii I-VT (Fixation),1.241.54219,1080,1920,10.0,3.7,2.3,2.7,0.31,0.19,0.23,13,8,10,4.3,4.1,3.4,0.38,0.36,0.3,16,15,12,7397412925,,,963,743,988,737,937,748,0.09161,0.08022,-0.99256,-0.05643,0.0886,-0.99447,4.387,4.263,4.324,,,,Valid,Valid,226.3,163.2,477.6,283.5,162.3,476.0,270.4,201.8,256.5,204.7,0.5014,0.6875,0.5146,0.6826,0.4882,0.6925,Screen Recording,Screen Recording Recording8.mp4,1920,1080,0,0,960,540,Fixation,504,218,965,750,0.5028,0.694,,,,,,,,,,,
97290804,472180284544,Eye Tracker,LipReading_BJ,10/21/2025,CJY,Recording8,10/18/2025,10/18/2025,10:09:23.595,02:09:23.595,431768,Timeline1,Tobii I-VT (Fixation),1.241.54219,1080,1920,10.0,3.7,2.3,2.7,0.31,0.19,0.23,13,8,10,4.3,4.1,3.4,0.38,0.36,0.3,16,15,12,7397416924,,,963,743,991,745,936,741,0.09323,0.08445,-0.99206,-0.05734,0.08497,-0.99473,4.343,4.323,4.319,,,,Valid,Valid,226.3,163.2,477.5,283.5,162.3,476.0,271.2,203.8,256.0,202.9,0.5017,0.6881,0.5161,0.6896,0.4873,0.6865,Screen Recording,Screen Recording Recording8.mp4,1920,1080,0,0,960,540,Fixation,504,218,965,750,0.5028,0.694,,,,,,,,,,,
97294804,472180288544,Eye Tracker,LipReading_BJ,10/21/2025,CJY,Recording8,10/18/2025,10/18/2025,10:09:23.595,02:09:23.595,431768,Timeline1,Tobii I-VT (Fixation),1.241.54219,1080,1920,10.0,3.7,2.3,2.7,0.31,0.19,0.23,13,8,10,4.3,4.1,3.4,0.38,0.36,0.3,16,15,12,7397420924,,,941,741,,,941,741,,,,-0.05443,0.08477,-0.99491,,4.304,4.307,,,,Invalid,Valid,,,,283.5,162.3,476.0,,,257.4,202.8,0.4899,0.6862,,,0.4899,0.6862,Screen Recording,Screen Recording Recording8.mp4,1920,1080,0,0,960,540,Fixation,504,218,965,750,0.5028,0.694,,,,,,,,,,,
97298804,472180292544,Eye Tracker,LipReading_BJ,10/21/2025,CJY,Recording8,10/18/2025,10/18/2025,10:09:23.595,02:09:23.595,431768,Timeline1,Tobii I-VT (Fixation),1.241.54219,1080,1920,10.0,3.7,2.3,2.7,0.31,0.19,0.23,13,8,10,4.3,4.1,3.4,0.38,0.36,0.3,16,15,12,7397424924,,,956,756,979,770,934,742,0.08627,0.09881,-0.99136,-0.05794,0.08512,-0.99468,4.294,4.295,4.307,,,,Valid,Valid,226.3,163.2,477.5,283.4,162.3,476.1,267.8,210.8,255.7,203.0,0.4982,0.7,0.5097,0.7132,0.4866,0.6868,Screen Recording,Screen Recording Recording8.mp4,1920,1080,0,0,960,540,Fixation,504,218,965,750,0.5028,0.694,,,,,,,,,,,
97302804,472180296544,Eye Tracker,LipReading_BJ,10/21/2025,CJY,Recording8,10/18/2025,10/18/2025,10:09:23.595,02:09:23.595,431768,Timeline1,Tobii I-VT (Fixation),1.241.54219,1080,1920,10.0,3.7,2.3,2.7,0.31,0.19,0.23,13,8,10,4.3,4.1,3.4,0.38,0.36,0.3,16,15,12,7397428924,,,958,756,979,768,938,743,0.08633,0.0975,-0.99148,-0.05599,0.08598,-0.99472,4.301,4.288,4.305,,,,Valid,Valid,226.2,163.2,477.5,283.4,162.3,476.0,267.8,210.2,256.6,203.4,0.499,0.6996,0.5097,0.711,0.4884,0.6883,Screen Recording,Screen Recording Recording8.mp4,1920,1080,0,0,960,540,Fixation,504,218,965,750,0.5028,0.694,,,,,,,,,,,
97306805,472180300545,Eye Tracker,LipReading_BJ,10/21/2025,CJY,Recording8,10/18/2025,10/18/2025,10:09:23.595,02:09:23.595,431768,Timeline1,Tobii I-VT (Fixation),1.241.54219,1080,1920,10.0,3.7,2.3,2.7,0.31,0.19,0.23,13,8,10,4.3,4.1,3.4,0.38,0.36,0.3,16,15,12,7397432925,,,962,736,987,737,937,734,0.0914,0.07986,-0.99261,-0.05647,0.08087,-0.99512,4.328,4.291,4.309,,,,Valid,Valid,226.2,163.2,477.5,283.4,162.3,476.0,270.2,201.6,256.4,201.0,0.5011,0.681,0.5142,0.6821,0.4879,0.6799,Screen Recording,Screen Recording Recording8.mp4,1920,1080,0,0,960,540,Fixation,504,218,965,750,0.5028,0.694,,,,,,,,,,,
97310804,472180304544,Eye Tracker,LipReading_BJ,10/21/2025,CJY,Recording8,10/18/2025,10/18/2025,10:09:23.595,02:09:23.595,431768,Timeline1,Tobii I-VT (Fixation),1.241.54219,1080,1920,10.0,3.7,2.3,2.7,0.31,0.19,0.23,13,8,10,4.3,4.1,3.4,0.38,0.36,0.3,16,15,12,7397436924,,,966,744,985,751,946,738,0.09018,0.0877,-0.99206,-0.05097,0.08281,-0.99526,4.357,4.279,4.32,,,,Valid,Valid,226.2,163.2,477.5,283.4,162.3,476.0,269.6,205.4,259.0,201.9,0.503,0.6891,0.5131,0.6951,0.4929,0.6831,Screen Recording,Screen Recording Recording8.mp4,1920,1080,0,0,960,540,Fixation,504,218,965,750,0.5028,0.694,,,,,,,,,,,
97314804,472180308544,Eye Tracker,LipReading_BJ,10/21/2025,CJY,Recording8,10/18/2025,10/18/2025,10:09:23.595,02:09:23.595,431768,Timeline1,Tobii I-VT (Fixation),1.241.54219,1080,1920,10.0,3.7,2.3,2.7,0.31,0.19,0.23,13,8,10,4.3,4.1,3.4,0.38,0.36,0.3,16,15,12,7397440924,,,967,732,995,725,940,739,0.09567,0.07294,-0.99274,-0.05442,0.08365,-0.99501,4.386,4.297,4.32,,,,Valid,Valid,226.2,163.2,477.5,283.3,162.3,476.0,272.2,198.3,257.3,202.3,0.5038,0.6777,0.518,0.671,0.4897,0.6845,Screen Recording,Screen Recording Recording8.mp4,1920,1080,0,0,960,540,Fixation,504,218,965,750,0.5028,0.694,,,,,,,,,,,
97318804,472180312544,Eye Tracker,LipReading_BJ,10/21/2025,CJY,Recording8,10/18/2025,10/18/2025,10:09:23.595,02:09:23.595,431768,Timeline1,Tobii I-VT (Fixation),1.241.54219,1080,1920,10.0,3.7,2.3,2.7,0.31,0.19,0.23,13,8,10,4.3,4.1,3.4,0.38,0.36,0.3,16,15,12,7397444924,,,966,739,989,735,942,743,0.09258,0.07903,-0.99256,-0.05342,0.0857,-0.99489,4.351,4.281,4.323,,,,Valid,Valid,226.2,163.2,477.4,283.3,162.3,476.0,270.7,201.3,257.8,203.3,0.5029,0.6844,0.5152,0.6809,0.4906,0.6879,Screen Recording,Screen Recording Recording8.mp4,1920,1080,0,0,960,540,Fixation,504,218,965,750,0.5028,0.694,,,,,,,,,,,
97322803,472180316543,Eye Tracker,LipReading_BJ,10/21/2025,CJY,Recording8,10/18/2025,10/18/2025,10:09:23.595,02:09:23.595,431768,Timeline1,Tobii I-VT (Fixation),1.241.54219,1080,1920,10.0,3.7,2.3,2.7,0.31,0.19,0.23,13,8,10,4.3,4.1,3.4,0.38,0.36,0.3,16,15,12,7397448924,,,963,754,983,772,942,736,0.08908,0.09967,-0.99103,-0.05332,0.08165,-0.99523,4.294,4.29,4.322,,,,Valid,Valid,226.1,163.2,477.5,283.3,162.3,476.0,269.1,211.3,257.8,201.4,0.5014,0.698,0.5121,0.7147,0.4906,0.6812,Screen Recording,Screen Recording Recording8.mp4,1920,1080,0,0,960,540,Fixation,504,218,965,750,0.5028,0.694,,,,,,,,,,,
97326804,472180320544,Eye Tracker,LipReading_BJ,10/21/2025,CJY,Recording8,10/18/2025,10/18/2025,10:09:23.595,02:09:23.595,431768,Timeline1,Tobii I-VT (Fixation),1.241.54219,1080,1920,10.0,3.7,2.3,2.7,0.31,0.19,0.23,13,8,10,4.3,4.1,3.4,0.38,0.36,0.3,16,15,12,7397452925,,,965,736,985,734,944,739,0.09048,0.07851,-0.9928,-0.05193,0.08324,-0.99518,4.383,4.303,4.292,,,,Valid,Valid,226.1,163.2,477.4,283.3,162.3,476.0,269.7,201.0,258.5,202.1,0.5025,0.6819,0.5132,0.68,0.4919,0.6838,Screen Recording,Screen Recording Recording8.mp4,1920,1080,0,0,960,540,Fixation,504,218,965,750,0.5028,0.694,,,,,,,,,,,
97330803,472180324543,Eye Tracker,LipReading_BJ,10/21/2025,CJY,Recording8,10/18/2025,10/18/2025,10:09:23.595,02:09:23.595,431768,Timeline1,Tobii I-VT (Fixation),1.241.54219,1080,1920,10.0,3.7,2.3,2.7,0.31,0.19,0.23,13,8,10,4.3,4.1,3.4,0.38,0.36,0.3,16,15,12,7397456924,,,956,757,976,778,936,736,0.085,0.10297,-0.99105,-0.05649,0.08162,-0.99506,4.237,4.293,4.282,,,,Valid,Valid,226.1,163.2,477.4,283.3,162.3,476.0,267.1,212.8,256.3,201.3,0.498,0.7006,0.5083,0.7201,0.4877,0.6812,Screen Recording,Screen Recording Recording8.mp4,1920,1080,0,0,960,540,Fixation,504,218,965,750,0.5028,0.694,,,,,,,,,,,
97334803,472180328543,Eye Tracker,LipReading_BJ,10/21/2025,CJY,Recording8,10/18/2025,10/18/2025,10:09:23.595,02:09:23.595,431768,Timeline1,Tobii I-VT (Fixation),1.241.54219,1080,1920,10.0,3.7,2.3,2.7,0.31,0.19,0.23,13,8,10,4.3,4.1,3.4,0.38,0.36,0.3,16,15,12,7397460924,,,941,738,,,941,738,,,,-0.05367,0.0831,-0.99509,,4.261,4.282,,,,Invalid,Valid,,,,283.3,162.3,476.0,,,257.6,202.0,0.4903,0.6835,,,0.4903,0.6835,Screen Recording,Screen Recording Recording8.mp4,1920,1080,0,0,960,540,Fixation,504,218,965,750,0.5028,0.694,,,,,,,,,,,
97338803,472180332543,Eye Tracker,LipReading_BJ,10/21/2025,CJY,Recording8,10/18/2025,10/18/2025,10:09:23.595,02:09:23.595,431768,Timeline1,Tobii I-VT (Fixation),1.241.54219,1080,1920,10.0,3.7,2.3,2.7,0.31,0.19,0.23,13,8,10,4.3,4.1,3.4,0.38,0.36,0.3,16,15,12,7397464924,,,959,757,981,775,937,738,0.08781,0.10155,-0.99095,-0.05638,0.08297,-0.99496,4.273,4.29,4.282,,,,Valid,Valid,226.1,163.2,477.4,283.3,162.3,476.0,268.4,212.1,256.3,202.0,0.4994,0.7005,0.5109,0.7177,0.4878,0.6833,Screen Recording,Screen Recording Recording8.mp4,1920,1080,0,0,960,540,Fixation,504,218,965,750,0.5028,0.694,,,,,,,,,,,
97342803,472180336543,Eye Tracker,LipReading_BJ,10/21/2025,CJY,Recording8,10/18/2025,10/18/2025,10:09:23.595,02:09:23.595,431768,Timeline1,Tobii I-VT (Fixation),1.241.54219,1080,1920,10.0,3.7,2.3,2.7,0.31,0.19,0.23,13,8,10,4.3,4.1,3.4,0.38,0.36,0.3,16,15,12,7397468924,,,962,715,992,694,932,735,0.09417,0.05578,-0.99399,-0.05877,0.08134,-0.99495,4.45,4.28,4.289,,,,Valid,Valid,226.1,163.2,477.4,283.3,162.2,476.0,271.4,190.0,255.2,201.2,0.5011,0.6617,0.5164,0.6427,0.4857,0.6806,Screen Recording,Screen Recording Recording8.mp4,1920,1080,0,0,960,540,Fixation,504,218,965,750,0.5028,0.694,,,,,,,,,,,
97346803,472180340543,Eye Tracker,LipReading_BJ,10/21/2025,CJY,Recording8,10/18/2025,10/18/2025,10:09:23.595,02:09:23.595,431768,Timeline1,Tobii I-VT (Fixation),1.241.54219,1080,1920,10.0,3.7,2.3,2.7,0.31,0.19,0.23,13,8,10,4.3,4.1,3.4,0.38,0.36,0.3,16,15,12,7397472924,,,960,755,983,768,937,742,0.08898,0.09756,-0.99124,-0.05647,0.08547,-0.99474,4.298,4.311,4.294,,,,Valid,Valid,226.1,163.2,477.4,283.3,162.2,476.0,269.0,210.1,256.3,203.1,0.4999,0.6991,0.512,0.711,0.4878,0.6872,Screen Recording,Screen Recording Recording8.mp4,1920,1080,0,0,960,540,Fixation,504,218,965,750,0.5028,0.694,,,,,,,,,,,
97350803,472180344543,Eye Tracker,LipReading_BJ,10/21/2025,CJY,Recording8,10/18/2025,10/18/2025,10:09:23.595,02:09:23.595,431768,Timeline1,Tobii I-VT (Fixation),1.241.54219,1080,1920,10.0,3.7,2.3,2.7,0.31,0.19,0.23,13,8,10,4.3,4.1,3.4,0.38,0.36,0.3,16,15,12,7397476924,,,960,744,980,735,941,752,0.08748,0.079,-0.99303,-0.05401,0.09124,-0.99436,4.394,4.269,4.333,,,,Valid,Valid,226.2,163.1,477.4,283.3,162.2,476.0,268.2,201.1,257.5,205.9,0.5002,0.6885,0.5104,0.6804,0.49,0.6965,Screen Recording,Screen Recording Recording8.mp4,1920,1080,0,0,960,540,Fixation,504,218,965,750,0.5028,0.694,,,,,,,,,,,
97354803,472180348543,Eye Tracker,LipReading_BJ,10/21/2025,CJY,Recording8,10/18/2025,10/18/2025,10:09:23.595,02:09:23.595,431768,Timeline1,Tobii I-VT (Fixation),1.241.54219,1080,1920,10.0,3.7,2.3,2.7,0.31,0.19,0.23,13,8,10,4.3,4.1,3.4,0.38,0.36,0.3,16,15,12,7397480924,,,961,758,985,781,938,735,0.08976,0.10488,-0.99043,-0.05596,0.08176,-0.99508,4.287,4.294,4.296,,,,Valid,Valid,226.2,163.1,477.4,283.3,162.2,476.0,269.4,213.7,256.6,201.3,0.5005,0.7019,0.5128,0.7229,0.4883,0.681,Screen Recording,Screen Recording Recording8.mp4,1920,1080,0,0,960,540,Fixation,504,218,965,750,0.5028,0.694,,,,,,,,,,,
97358803,472180352543,Eye Tracker,LipReading_BJ,10/21/2025,CJY,Recording8,10/18/2025,10/18/2025,10:09:23.595,02:09:23.595,431768,Timeline1,Tobii I-VT (Fixation),1.241.54219,1080,1920,10.0,3.7,2.3,2.7,0.31,0.19,0.23,13,8,10,4.3,4.1,3.4,0.38,0.36,0.3,16,15,12,7397484924,,,967,731,994,727,941,736,0.09518,0.07459,-0.99266,-0.05402,0.08193,-0.99517,4.384,4.283,4.339,,,,Valid,Valid,226.2,163.1,477.4,283.4,162.2,476.0,272.0,199.0,257.5,201.3,0.5038,0.6772,0.5176,0.6732,0.4901,0.6812,Screen Recording,Screen Recording Recording8.mp4,1920,1080,0,0,960,540,Fixation,504,218,965,750,0.5028,0.694,,,,,,,,,,,
97362803,472180356543,Eye Tracker,LipReading_BJ,10/21/2025,CJY,Recording8,10/18/2025,10/18/2025,10:09:23.595,02:09:23.595,431768,Timeline1,Tobii I-VT (Fixation),1.241.54219,1080,1920,10.0,3.7,2.3,2.7,0.31,0.19,0.23,13,8,10,4.3,4.1,3.4,0.38,0.36,0.3,16,15,12,7397488924,,,960,752,982,768,938,736,0.0881,0.09769,-0.99131,-0.05589,0.08185,-0.99508,4.266,4.299,4.297,,,,Valid,Valid,226.2,163.1,477.4,283.4,162.1,476.0,268.6,210.1,256.6,201.3,0.4998,0.696,0.5113,0.7109,0.4884,0.6811,Screen Recording,Screen Recording Recording8.mp4,1920,1080,0,0,960,540,Fixation,504,218,965,750,0.5028,0.694,,,,,,,,,,,
97366803,472180360543,Eye Tracker,LipReading_BJ,10/21/2025,CJY,Recording8,10/18/2025,10/18/2025,10:09:23.595,02:09:23.595,431768,Timeline1,Tobii I-VT (Fixation),1.241.54219,1080,1920,10.0,3.7,2.3,2.7,0.31,0.19,0.23,13,8,10,4.3,4.1,3.4,0.38,0.36,0.3,16,15,12,7397492924,,,965,736,986,730,944,741,0.09082,0.0766,-0.99292,-0.05262,0.08488,-0.995,4.392,4.314,4.324,,,,Valid,Valid,226.2,163.0,477.4,283.4,162.1,476.0,269.9,199.9,258.2,202.7,0.5025,0.6811,0.5137,0.6762,0.4914,0.6859,Screen Recording,Screen Recording Recording8.mp4,1920,1080,0,0,960,540,Fixation,504,218,965,750,0.5028,0.694,,,,,,,,,,,
97370803,472180364543,Eye Tracker,LipReading_BJ,10/21/2025,CJY,Recording8,10/18/2025,10/18/2025,10:09:23.595,02:09:23.595,431768,Timeline1,Tobii I-VT (Fixation),1.241.54219,1080,1920,10.0,3.7,2.3,2.7,0.31,0.19,0.23,13,8,10,4.3,4.1,3.4,0.38,0.36,0.3,16,15,12,7397496924,,,961,753,985,759,937,747,0.08985,0.09303,-0.9916,-0.05637,0.08857,-0.99447,4.3,4.268,4.33,,,,Valid,Valid,226.3,163.0,477.4,283.4,162.1,476.0,269.5,207.8,256.4,204.5,0.5005,0.6975,0.5129,0.7031,0.488,0.6919,Screen Recording,Screen Recording Recording8.mp4,1920,1080,0,0,960,540,Fixation,504,218,965,750,0.5028,0.694,,,,,,,,,,,
97374802,472180368542,Eye Tracker,LipReading_BJ,10/21/2025,CJY,Recording8,10/18/2025,10/18/2025,10:09:23.595,02:09:23.595,431768,Timeline1,Tobii I-VT (Fixation),1.241.54219,1080,1920,10.0,3.7,2.3,2.7,0.31,0.19,0.23,13,8,10,4.3,4.1,3.4,0.38,0.36,0.3,16,15,12,7397500923,,,963,742,987,747,938,736,0.09126,0.08628,-0.99208,-0.05595,0.0822,-0.99504,4.362,4.287,4.327,,,,Valid,Valid,226.3,163.0,477.4,283.5,162.1,476.0,270.2,204.6,256.7,201.4,0.5014,0.6868,0.5142,0.6921,0.4885,0.6815,Screen Recording,Screen Recording Recording8.mp4,1920,1080,0,0,960,540,Fixation,504,218,965,750,0.5028,0.694,,,,,,,,,,,
97378802,472180372542,Eye Tracker,LipReading_BJ,10/21/2025,CJY,Recording8,10/18/2025,10/18/2025,10:09:23.595,02:09:23.595,431768,Timeline1,Tobii I-VT (Fixation),1.241.54219,1080,1920,10.0,3.7,2.3,2.7,0.31,0.19,0.23,13,8,10,4.3,4.1,3.4,0.38,0.36,0.3,16,15,12,7397504923,,,960,739,988,747,932,731,0.09139,0.08631,-0.99207,-0.05933,0.07946,-0.99507,4.367,4.299,4.324,,,,Valid,Valid,226.3,163.0,477.4,283.5,162.1,476.0,270.3,204.6,255.1,200.1,0.5,0.6846,0.5144,0.6921,0.4855,0.6771,Screen Recording,Screen Recording Recording8.mp4,1920,1080,0,0,960,540,Fixation,504,218,965,750,0.5028,0.694,,,,,,,,,,,
97382802,472180376542,Eye Tracker,LipReading_BJ,10/21/2025,CJY,Recording8,10/18/2025,10/18/2025,10:09:23.595,02:09:23.595,431768,Timeline1,Tobii I-VT (Fixation),1.241.54219,1080,1920,10.0,3.7,2.3,2.7,0.31,0.19,0.23,13,8,10,4.3,4.1,3.4,0.38,0.36,0.3,16,15,12,7397508923,,,966,732,988,731,943,733,0.09152,0.07689,-0.99283,-0.05296,0.08055,-0.99534,4.374,4.267,4.33,,,,Valid,Valid,226.4,163.0,477.4,283.5,162.1,475.9,270.4,200.0,258.2,200.7,0.503,0.6778,0.5146,0.6767,0.4914,0.6789,Screen Recording,Screen Recording Recording8.mp4,1920,1080,0,0,960,540,Fixation,504,218,965,750,0.5028,0.694,,,,,,,,,,,
97386802,472180380542,Eye Tracker,LipReading_BJ,10/21/2025,CJY,Recording8,10/18/2025,10/18/2025,10:09:23.595,02:09:23.595,431768,Timeline1,Tobii I-VT (Fixation),1.241.54219,1080,1920,10.0,3.7,2.3,2.7,0.31,0.19,0.23,13,8,10,4.3,4.1,3.4,0.38,0.36,0.3,16,15,12,7397512923,,,961,757,980,773,942,741,0.08671,0.10076,-0.99113,-0.05395,0.08486,-0.99493,4.29,4.308,4.315,,,,Valid,Valid,226.4,163.1,477.4,283.6,162.1,476.0,268.2,211.6,257.8,202.7,0.5005,0.7009,0.5104,0.7159,0.4905,0.6859,Screen Recording,Screen Recording Recording8.mp4,1920,1080,0,0,960,540,Fixation,504,218,965,750,0.5028,0.694,,,,,,,,,,,
97390802,472180384542,Eye Tracker,LipReading_BJ,10/21/2025,CJY,Recording8,10/18/2025,10/18/2025,10:09:23.595,02:09:23.595,431768,Timeline1,Tobii I-VT (Fixation),1.241.54219,1080,1920,10.0,3.7,2.3,2.7,0.31,0.19,0.23,13,8,10,4.3,4.1,3.4,0.38,0.36,0.3,16,15,12,7397516923,,,953,742,975,743,931,741,0.08382,0.08393,-0.99294,-0.06022,0.085,-0.99456,4.306,4.298,4.3,,,,Valid,Valid,226.4,163.0,477.5,283.6,162.1,476.0,266.7,203.4,254.8,202.8,0.4963,0.6872,0.5076,0.6882,0.4849,0.6862,Screen Recording,Screen Recording Recording8.mp4,1920,1080,0,0,960,540,Fixation,504,218,965,750,0.5028,0.694,,,,,,,,,,,
97394802,472180388542,Eye Tracker,LipReading_BJ,10/21/2025,CJY,Recording8,10/18/2025,10/18/2025,10:09:23.595,02:09:23.595,431768,Timeline1,Tobii I-VT (Fixation),1.241.54219,1080,1920,10.0,3.7,2.3,2.7,0.31,0.19,0.23,13,8,10,4.3,4.1,3.4,0.38,0.36,0.3,16,15,12,7397520923,,,967,743,992,736,943,749,0.09332,0.07968,-0.99244,-0.05362,0.08968,-0.99453,4.332,4.293,4.3,,,,Valid,Valid,226.5,163.1,477.4,283.6,162.1,476.1,271.4,201.4,258.0,205.1,0.5037,0.6876,0.5164,0.6814,0.491,0.6938,Screen Recording,Screen Recording Recording8.mp4,1920,1080,0,0,960,540,Fixation,504,218,965,750,0.5028,0.694,,,,,,,,,,,
97398802,472180392542,Eye Tracker,LipReading_BJ,10/21/2025,CJY,Recording8,10/18/2025,10/18/2025,10:09:23.595,02:09:23.595,431768,Timeline1,Tobii I-VT (Fixation),1.241.54219,1080,1920,10.0,3.7,2.3,2.7,0.31,0.19,0.23,13,8,10,4.3,4.1,3.4,0.38,0.36,0.3,16,15,12,7397524923,,,962,755,989,767,936,743,0.0914,0.09731,-0.99105,-0.05747,0.08605,-0.99463,4.289,4.282,4.3,,,,Valid,Valid,226.5,163.1,477.4,283.7,162.2,476.0,270.5,210.0,256.2,203.3,0.5012,0.6992,0.5149,0.7104,0.4875,0.688,Screen Recording,Screen Recording Recording8.mp4,1920,1080,0,0,960,540,Saccade,8,381,,,,,,,,,,,,,,,
97402802,472180396542,Eye Tracker,LipReading_BJ,10/21/2025,CJY,Recording8,10/18/2025,10/18/2025,10:09:23.595,02:09:23.595,431768,Timeline1,Tobii I-VT (Fixation),1.241.54219,1080,1920,10.0,3.7,2.3,2.7,0.31,0.19,0.23,13,8,10,4.3,4.1,3.4,0.38,0.36,0.3,16,15,12,7397528923,,,957,732,978,716,935,748,0.08582,0.06862,-0.99394,-0.05816,0.08892,-0.99434,4.332,4.295,4.29,,,,Valid,Valid,226.5,163.1,477.4,283.7,162.2,476.0,267.8,196.1,255.9,204.8,0.4983,0.6781,0.5096,0.6634,0.4869,0.6928,Screen Recording,Screen Recording Recording8.mp4,1920,1080,0,0,960,540,Saccade,8,381,,,,,,,,,,,,,,,
97406802,472180400542,Eye Tracker,LipReading_BJ,10/21/2025,CJY,Recording8,10/18/2025,10/18/2025,10:09:23.595,02:09:23.595,431768,Timeline1,Tobii I-VT (Fixation),1.241.54219,1080,1920,10.0,3.7,2.3,2.7,0.31,0.19,0.23,13,8,10,4.3,4.1,3.4,0.38,0.36,0.3,16,15,12,7397532923,,,974,786,974,786,,,0.08322,0.10784,-0.99068,,,,4.252,,4.288,,,,Valid,Invalid,226.6,163.1,477.5,,,,266.7,215.1,,,0.5075,0.7277,0.5075,0.7277,,,Screen Recording,Screen Recording Recording8.mp4,1920,1080,0,0,960,540,Unclassified,12,173,,,,,,,,,,,,,,,
97410802,472180404542,Eye Tracker,LipReading_BJ,10/21/2025,CJY,Recording8,10/18/2025,10/18/2025,10:09:23.595,02:09:23.595,431768,Timeline1,Tobii I-VT (Fixation),1.241.54219,1080,1920,10.0,3.7,2.3,2.7,0.31,0.19,0.23,13,8,10,4.3,4.1,3.4,0.38,0.36,0.3,16,15,12,7397536923,,,965,762,980,775,949,750,0.08644,0.10181,-0.99104,-0.05001,0.08971,-0.99471,4.298,4.261,4.288,,,,Valid,Valid,226.6,163.1,477.5,283.7,162.2,476.0,268.2,212.2,259.8,205.1,0.5025,0.706,0.5105,0.7179,0.4945,0.6941,Screen Recording,Screen Recording Recording8.mp4,1920,1080,0,0,960,540,Unclassified,12,173,,,,,,,,,,,,,,,
97414802,472180408542,Eye Tracker,LipReading_BJ,10/21/2025,CJY,Recording8,10/18/2025,10/18/2025,10:09:23.595,02:09:23.595,431768,Timeline1,Tobii I-VT (Fixation),1.241.54219,1080,1920,10.0,3.7,2.3,2.7,0.31,0.19,0.23,13,8,10,4.3,4.1,3.4,0.38,0.36,0.3,16,15,12,7397540923,,,966,741,984,734,949,749,0.08857,0.07857,-0.99297,-0.05012,0.08923,-0.99475,4.418,4.255,4.288,,,,Valid,Valid,226.6,163.1,477.5,283.8,162.2,476.1,269.2,200.9,259.8,204.9,0.5034,0.6865,0.5123,0.6798,0.4944,0.6933,Screen Recording,Screen Recording Recording8.mp4,1920,1080,0,0,960,540,Unclassified,12,173,,,,,,,,,,,,,,,
97418802,472180412542,Eye Tracker,LipReading_BJ,10/21/2025,CJY,Recording8,10/18/2025,10/18/2025,10:09:23.595,02:09:23.595,431768,Timeline1,Tobii I-VT (Fixation),1.241.54219,1080,1920,10.0,3.7,2.3,2.7,0.31,0.19,0.23,13,8,10,4.3,4.1,3.4,0.38,0.36,0.3,16,15,12,7397544923,,,961,754,984,771,938,737,0.0885,0.09922,-0.99112,-0.05667,0.08232,-0.99499,4.289,4.304,4.3,,,,Valid,Valid,226.6,163.2,477.4,283.8,162.2,476.1,269.3,211.0,256.7,201.6,0.5005,0.6979,0.5124,0.7138,0.4885,0.6821,Screen Recording,Screen Recording Recording8.mp4,1920,1080,0,0,960,540,Saccade,8,382,,,,,,,,,,,,,,,
97422801,472180416541,Eye Tracker,LipReading_BJ,10/21/2025,CJY,Recording8,10/18/2025,10/18/2025,10:09:23.595,02:09:23.595,431768,Timeline1,Tobii I-VT (Fixation),1.241.54219,1080,1920,10.0,3.7,2.3,2.7,0.31,0.19,0.23,13,8,10,4.3,4.1,3.4,0.38,0.36,0.3,16,15,12,7397548923,,,964,738,986,730,942,747,0.08996,0.07634,-0.99302,-0.05442,0.0879,-0.99464,4.411,4.302,4.317,,,,Valid,Valid,226.6,163.2,477.4,283.8,162.2,476.1,269.9,199.9,257.8,204.3,0.5021,0.6838,0.5136,0.6763,0.4905,0.6913,Screen Recording,Screen Recording Recording8.mp4,1920,1080,0,0,960,540,Saccade,8,382,,,,,,,,,,,,,,,
97426801,472180420541,Eye Tracker,LipReading_BJ,10/21/2025,CJY,Recording8,10/18/2025,10/18/2025,10:09:23.595,02:09:23.595,431768,Timeline1,Tobii I-VT (Fixation),1.241.54219,1080,1920,10.0,3.7,2.3,2.7,0.31,0.19,0.23,13,8,10,4.3,4.1,3.4,0.38,0.36,0.3,16,15,12,7397552923,,,954,760,972,784,935,737,0.08159,0.10645,-0.99097,-0.05816,0.08226,-0.99491,4.262,4.32,4.318,,,,Valid,Valid,226.6,163.2,477.4,283.8,162.3,476.0,265.9,214.5,256.0,201.6,0.4966,0.7039,0.5061,0.7257,0.4872,0.6822,Screen Recording,Screen Recording Recording8.mp4,1920,1080,0,0,960,540,Fixation,112,219,960,747,0.5,0.6916,,,,,,,,,,,
97430801,472180424541,Eye Tracker,LipReading_BJ,10/21/2025,CJY,Recording8,10/18/2025,10/18/2025,10:09:23.595,02:09:23.595,431768,Timeline1,Tobii I-VT (Fixation),1.241.54219,1080,1920,10.0,3.7,2.3,2.7,0.31,0.19,0.23,13,8,10,4.3,4.1,3.4,0.38,0.36,0.3,16,15,12,7397556923,,,964,738,989,748,939,727,0.09119,0.08646,-0.99207,-0.05631,0.07685,-0.99545,4.331,4.304,4.343,,,,Valid,Valid,226.6,163.2,477.5,283.8,162.3,476.1,270.5,204.8,256.9,199.0,0.5019,0.6832,0.5148,0.693,0.4889,0.6734,Screen Recording,Screen Recording Recording8.mp4,1920,1080,0,0,960,540,Fixation,112,219,960,747,0.5,0.6916,,,,,,,,,,,
97434802,472180428542,Eye Tracker,LipReading_BJ,10/21/2025,CJY,Recording8,10/18/2025,10/18/2025,10:09:23.595,02:09:23.595,431768,Timeline1,Tobii I-VT (Fixation),1.241.54219,1080,1920,10.0,3.7,2.3,2.7,0.31,0.19,0.23,13,8,10,4.3,4.1,3.4,0.38,0.36,0.3,16,15,12,7397560924,,,965,730,992,720,938,741,0.09304,0.07052,-0.99316,-0.05691,0.08437,-0.99481,4.372,4.318,4.324,,,,Valid,Valid,226.6,163.2,477.5,283.8,162.3,476.1,271.4,197.1,256.6,202.7,0.5024,0.6763,0.5164,0.6669,0.4883,0.6857,Screen Recording,Screen Recording Recording8.mp4,1920,1080,0,0,960,540,Fixation,112,219,960,747,0.5,0.6916,,,,,,,,,,,
97438801,472180432541,Eye Tracker,LipReading_BJ,10/21/2025,CJY,Recording8,10/18/2025,10/18/2025,10:09:23.595,02:09:23.595,431768,Timeline1,Tobii I-VT (Fixation),1.241.54219,1080,1920,10.0,3.7,2.3,2.7,0.31,0.19,0.23,13,8,10,4.3,4.1,3.4,0.38,0.36,0.3,16,15,12,7397564923,,,959,736,984,740,934,732,0.08873,0.08152,-0.99271,-0.05909,0.07948,-0.99508,4.404,4.313,4.324,,,,Valid,Valid,226.6,163.2,477.6,283.8,162.3,476.1,269.3,202.4,255.5,200.3,0.4994,0.6814,0.5125,0.6849,0.4863,0.6778,Screen Recording,Screen Recording Recording8.mp4,1920,1080,0,0,960,540,Fixation,112,219,960,747,0.5,0.6916,,,,,,,,,,,
97442801,472180436541,Eye Tracker,LipReading_BJ,10/21/2025,CJY,Recording8,10/18/2025,10/18/2025,10:09:23.595,02:09:23.595,431768,Timeline1,Tobii I-VT (Fixation),1.241.54219,1080,1920,10.0,3.7,2.3,2.7,0.31,0.19,0.23,13,8,10,4.3,4.1,3.4,0.38,0.36,0.3,16,15,12,7397568923,,,958,734,976,725,941,742,0.08426,0.0731,-0.99376,-0.05497,0.08538,-0.99483,4.303,4.323,4.328,,,,Valid,Valid,226.6,163.2,477.6,283.8,162.3,476.1,267.1,198.4,257.5,203.2,0.4992,0.6793,0.5083,0.6712,0.49,0.6875,Screen Recording,Screen Recording Recording8.mp4,1920,1080,0,0,960,540,Fixation,112,219,960,747,0.5,0.6916,,,,,,,,,,,
97446801,472180440541,Eye Tracker,LipReading_BJ,10/21/2025,CJY,Recording8,10/18/2025,10/18/2025,10:09:23.595,02:09:23.595,431768,Timeline1,Tobii I-VT (Fixation),1.241.54219,1080,1920,10.0,3.7,2.3,2.7,0.31,0.19,0.23,13,8,10,4.3,4.1,3.4,0.38,0.36,0.3,16,15,12,7397572923,,,956,758,978,778,933,737,0.08534,0.10294,-0.99102,-0.05938,0.08249,-0.99482,4.295,4.327,4.315,,,,Valid,Valid,226.6,163.3,477.5,283.8,162.3,476.1,267.7,212.9,255.4,201.8,0.4977,0.7015,0.5095,0.7202,0.486,0.6828,Screen Recording,Screen Recording Recording8.mp4,1920,1080,0,0,960,540,Fixation,112,219,960,747,0.5,0.6916,,,,,,,,,,,
97450801,472180444541,Eye Tracker,LipReading_BJ,10/21/2025,CJY,Recording8,10/18/2025,10/18/2025,10:09:23.595,02:09:23.595,431768,Timeline1,Tobii I-VT (Fixation),1.241.54219,1080,1920,10.0,3.7,2.3,2.7,0.31,0.19,0.23,13,8,10,4.3,4.1,3.4,0.38,0.36,0.3,16,15,12,7397576923,,,962,746,982,752,943,740,0.08752,0.0884,-0.99223,-0.05376,0.08418,-0.995,4.338,4.299,4.313,,,,Valid,Valid,226.6,163.3,477.5,283.7,162.4,476.1,268.7,205.8,258.0,202.6,0.5012,0.691,0.5114,0.6964,0.4911,0.6856,Screen Recording,Screen Recording Recording8.mp4,1920,1080,0,0,960,540,Fixation,112,219,960,747,0.5,0.6916,,,,,,,,,,,
97454802,472180448542,Eye Tracker,LipReading_BJ,10/21/2025,CJY,Recording8,10/18/2025,10/18/2025,10:09:23.595,02:09:23.595,431768,Timeline1,Tobii I-VT (Fixation),1.241.54219,1080,1920,10.0,3.7,2.3,2.7,0.31,0.19,0.23,13,8,10,4.3,4.1,3.4,0.38,0.36,0.3,16,15,12,7397580924,,,939,738,,,939,738,,,,-0.05614,0.08277,-0.99499,,4.317,4.306,,,,Invalid,Valid,,,,283.7,162.4,476.1,,,256.9,202.0,0.4889,0.6834,,,0.4889,0.6834,Screen Recording,Screen Recording Recording8.mp4,1920,1080,0,0,960,540,Fixation,112,219,960,747,0.5,0.6916,,,,,,,,,,,
97458801,472180452541,Eye Tracker,LipReading_BJ,10/21/2025,CJY,Recording8,10/18/2025,10/18/2025,10:09:23.595,02:09:23.595,431768,Timeline1,Tobii I-VT (Fixation),1.241.54219,1080,1920,10.0,3.7,2.3,2.7,0.31,0.19,0.23,13,8,10,4.3,4.1,3.4,0.38,0.36,0.3,16,15,12,7397584923,,,957,759,976,783,939,734,0.08417,0.10573,-0.99083,-0.05611,0.08061,-0.99516,4.288,4.326,4.307,,,,Valid,Valid,226.5,163.3,477.5,283.7,162.4,476.1,267.1,214.3,256.9,201.0,0.4986,0.7025,0.5083,0.725,0.4888,0.68,Screen Recording,Screen Recording Recording8.mp4,1920,1080,0,0,960,540,Fixation,112,219,960,747,0.5,0.6916,,,,,,,,,,,
97462801,472180456541,Eye Tracker,LipReading_BJ,10/21/2025,CJY,Recording8,10/18/2025,10/18/2025,10:09:23.595,02:09:23.595,431768,Timeline1,Tobii I-VT (Fixation),1.241.54219,1080,1920,10.0,3.7,2.3,2.7,0.31,0.19,0.23,13,8,10,4.3,4.1,3.4,0.38,0.36,0.3,16,15,12,7397588923,,,952,755,974,777,931,733,0.08331,0.10222,-0.99127,-0.06065,0.08007,-0.99494,4.284,4.311,4.309,,,,Valid,Valid,226.5,163.4,477.4,283.7,162.4,476.0,266.6,212.6,254.7,200.7,0.496,0.6992,0.5074,0.7193,0.4846,0.6792,Screen Recording,Screen Recording Recording8.mp4,1920,1080,0,0,960,540,Fixation,112,219,960,747,0.5,0.6916,,,,,,,,,,,
97466801,472180460541,Eye Tracker,LipReading_BJ,10/21/2025,CJY,Recording8,10/18/2025,10/18/2025,10:09:23.595,02:09:23.595,431768,Timeline1,Tobii I-VT (Fixation),1.241.54219,1080,1920,10.0,3.7,2.3,2.7,0.31,0.19,0.23,13,8,10,4.3,4.1,3.4,0.38,0.36,0.3,16,15,12,7397592923,,,963,724,984,711,941,738,0.08919,0.0649,-0.9939,-0.05458,0.08251,-0.99509,4.298,4.321,4.309,,,,Valid,Valid,226.5,163.4,477.4,283.6,162.4,476.1,269.3,194.5,257.5,201.9,0.5013,0.6706,0.5125,0.6582,0.4901,0.6831,Screen Recording,Screen Recording Recording8.mp4,1920,1080,0,0,960,540,Fixation,112,219,960,747,0.5,0.6916,,,,,,,,,,,
97470801,472180464541,Eye Tracker,LipReading_BJ,10/21/2025,CJY,Recording8,10/18/2025,10/18/2025,10:09:23.595,02:09:23.595,431768,Timeline1,Tobii I-VT (Fixation),1.241.54219,1080,1920,10.0,3.7,2.3,2.7,0.31,0.19,0.23,13,8,10,4.3,4.1,3.4,0.38,0.36,0.3,16,15,12,7397596923,,,964,737,982,733,945,741,0.08811,0.07728,-0.99311,-0.05225,0.08428,-0.99507,4.399,4.332,4.309,,,,Valid,Valid,226.4,163.4,477.4,283.6,162.4,476.1,268.8,200.5,258.6,202.7,0.5019,0.6821,0.5116,0.6784,0.4922,0.6859,Screen Recording,Screen Recording Recording8.mp4,1920,1080,0,0,960,540,Fixation,112,219,960,747,0.5,0.6916,,,,,,,,,,,
97474802,472180468542,Eye Tracker,LipReading_BJ,10/21/2025,CJY,Recording8,10/18/2025,10/18/2025,10:09:23.595,02:09:23.595,431768,Timeline1,Tobii I-VT (Fixation),1.241.54219,1080,1920,10.0,3.7,2.3,2.7,0.31,0.19,0.23,13,8,10,4.3,4.1,3.4,0.38,0.36,0.3,16,15,12,7397600924,,,966,738,984,730,947,746,0.08927,0.07581,-0.99312,-0.05086,0.08742,-0.99487,4.393,4.3,4.336,,,,Valid,Valid,226.4,163.3,477.5,283.6,162.4,476.1,269.3,199.8,259.2,204.2,0.5029,0.6835,0.5125,0.676,0.4933,0.691,Screen Recording,Screen Recording Recording8.mp4,1920,1080,0,0,960,540,Fixation,112,219,960,747,0.5,0.6916,,,,,,,,,,,
97478792,472180472532,Eye Tracker,LipReading_BJ,10/21/2025,CJY,Recording8,10/18/2025,10/18/2025,10:09:23.595,02:09:23.595,431768,Timeline1,Tobii I-VT (Fixation),1.241.54219,1080,1920,10.0,3.7,2.3,2.7,0.31,0.19,0.23,13,8,10,4.3,4.1,3.4,0.38,0.36,0.3,16,15,12,7397604914,,,959,758,983,771,935,745,0.08856,0.09909,-0.99113,-0.05763,0.08647,-0.99459,4.29,4.324,4.336,,,,Valid,Valid,226.4,163.3,477.4,283.5,162.4,476.0,269.0,211.1,255.9,203.8,0.4995,0.7018,0.512,0.7141,0.4871,0.6895,Screen Recording,Screen Recording Recording8.mp4,1920,1080,0,0,960,540,Fixation,112,219,960,747,0.5,0.6916,,,,,,,,,,,
97482801,472180476541,Eye Tracker,LipReading_BJ,10/21/2025,CJY,Recording8,10/18/2025,10/18/2025,10:09:23.595,02:09:23.595,431768,Timeline1,Tobii I-VT (Fixation),1.241.54219,1080,1920,10.0,3.7,2.3,2.7,0.31,0.19,0.23,13,8,10,4.3,4.1,3.4,0.38,0.36,0.3,16,15,12,7397608923,,,960,740,982,743,937,737,0.08818,0.083,-0.99264,-0.05633,0.0825,-0.995,4.348,4.333,4.309,,,,Valid,Valid,226.3,163.3,477.4,283.5,162.4,476.0,268.7,203.2,256.5,201.8,0.4998,0.6852,0.5114,0.6876,0.4882,0.6829,Screen Recording,Screen Recording Recording8.mp4,1920,1080,0,0,960,540,Fixation,112,219,960,747,0.5,0.6916,,,,,,,,,,,
97486801,472180480541,Eye Tracker,LipReading_BJ,10/21/2025,CJY,Recording8,10/18/2025,10/18/2025,10:09:23.595,02:09:23.595,431768,Timeline1,Tobii I-VT (Fixation),1.241.54219,1080,1920,10.0,3.7,2.3,2.7,0.31,0.19,0.23,13,8,10,4.3,4.1,3.4,0.38,0.36,0.3,16,15,12,7397612923,,,962,762,979,779,946,745,0.0864,0.10345,-0.99088,-0.05152,0.08684,-0.99489,4.294,4.286,4.311,,,,Valid,Valid,226.3,163.2,477.5,283.5,162.3,476.1,267.9,213.1,258.8,203.9,0.5012,0.7054,0.5099,0.721,0.4925,0.6898,Screen Recording,Screen Recording Recording8.mp4,1920,1080,0,0,960,540,Fixation,112,219,960,747,0.5,0.6916,,,,,,,,,,,
97490801,472180484541,Eye Tracker,LipReading_BJ,10/21/2025,CJY,Recording8,10/18/2025,10/18/2025,10:09:23.595,02:09:23.595,431768,Timeline1,Tobii I-VT (Fixation),1.241.54219,1080,1920,10.0,3.7,2.3,2.7,0.31,0.19,0.23,13,8,10,4.3,4.1,3.4,0.38,0.36,0.3,16,15,12,7397616923,,,961,756,977,775,944,737,0.08535,0.10171,-0.99115,-0.05233,0.0821,-0.99525,4.266,4.333,4.316,,,,Valid,Valid,226.3,163.2,477.5,283.4,162.3,476.0,267.4,212.2,258.4,201.6,0.5003,0.7,0.5089,0.718,0.4918,0.682,Screen Recording,Screen Recording Recording8.mp4,1920,1080,0,0,960,540,Fixation,112,219,960,747,0.5,0.6916,,,,,,,,,,,
97494802,472180488542,Eye Tracker,LipReading_BJ,10/21/2025,CJY,Recording8,10/18/2025,10/18/2025,10:09:23.595,02:09:23.595,431768,Timeline1,Tobii I-VT (Fixation),1.241.54219,1080,1920,10.0,3.7,2.3,2.7,0.31,0.19,0.23,13,8,10,4.3,4.1,3.4,0.38,0.36,0.3,16,15,12,7397620924,,,960,750,975,770,945,730,0.08416,0.09866,-0.99156,-0.05174,0.07865,-0.99556,4.302,4.327,4.313,,,,Valid,Valid,226.2,163.2,477.4,283.4,162.3,476.0,266.8,210.7,258.7,199.9,0.5,0.6946,0.5077,0.7129,0.4923,0.6763,Screen Recording,Screen Recording Recording8.mp4,1920,1080,0,0,960,540,Fixation,112,219,960,747,0.5,0.6916,,,,,,,,,,,
97498801,472180492541,Eye Tracker,LipReading_BJ,10/21/2025,CJY,Recording8,10/18/2025,10/18/2025,10:09:23.595,02:09:23.595,431768,Timeline1,Tobii I-VT (Fixation),1.241.54219,1080,1920,10.0,3.7,2.3,2.7,0.31,0.19,0.23,13,8,10,4.3,4.1,3.4,0.38,0.36,0.3,16,15,12,7397624923,,,957,749,980,762,935,736,0.08708,0.09418,-0.99174,-0.05745,0.08164,-0.99501,4.298,4.347,4.315,,,,Valid,Valid,226.2,163.2,477.4,283.4,162.2,476.0,268.1,208.5,255.9,201.3,0.4986,0.6933,0.5103,0.7055,0.487,0.6811,Screen Recording,Screen Recording Recording8.mp4,1920,1080,0,0,960,540,Fixation,112,219,960,747,0.5,0.6916,,,,,,,,,,,
97502801,472180496541,Eye Tracker,LipReading_BJ,10/21/2025,CJY,Recording8,10/18/2025,10/18/2025,10:09:23.595,02:09:23.595,431768,Timeline1,Tobii I-VT (Fixation),1.241.54219,1080,1920,10.0,3.7,2.3,2.7,0.31,0.19,0.23,13,8,10,4.3,4.1,3.4,0.38,0.36,0.3,16,15,12,7397628923,,,956,754,981,767,931,742,0.08785,0.09695,-0.9914,-0.05961,0.0851,-0.99459,4.332,4.31,4.315,,,,Valid,Valid,226.2,163.2,477.4,283.4,162.2,476.0,268.5,209.8,254.8,202.9,0.498,0.6983,0.511,0.71,0.485,0.6866,Screen Recording,Screen Recording Recording8.mp4,1920,1080,0,0,960,540,Fixation,112,219,960,747,0.5,0.6916,,,,,,,,,,,
97506803,472180500543,Eye Tracker,LipReading_BJ,10/21/2025,CJY,Recording8,10/18/2025,10/18/2025,10:09:23.595,02:09:23.595,431768,Timeline1,Tobii I-VT (Fixation),1.241.54219,1080,1920,10.0,3.7,2.3,2.7,0.31,0.19,0.23,13,8,10,4.3,4.1,3.4,0.38,0.36,0.3,16,15,12,7397632925,,,959,760,980,773,938,747,0.08702,0.10074,-0.9911,-0.0556,0.08812,-0.99456,4.311,4.326,4.319,,,,Valid,Valid,226.2,163.1,477.4,283.3,162.2,476.0,268.1,211.6,256.7,204.3,0.4994,0.7037,0.5102,0.7161,0.4886,0.6914,Screen Recording,Screen Recording Recording8.mp4,1920,1080,0,0,960,540,Fixation,112,219,960,747,0.5,0.6916,,,,,,,,,,,
97510803,472180504543,Eye Tracker,LipReading_BJ,10/21/2025,CJY,Recording8,10/18/2025,10/18/2025,10:09:23.595,02:09:23.595,431768,Timeline1,Tobii I-VT (Fixation),1.241.54219,1080,1920,10.0,3.7,2.3,2.7,0.31,0.19,0.23,13,8,10,4.3,4.1,3.4,0.38,0.36,0.3,16,15,12,7397636925,,,959,754,980,768,938,739,0.08724,0.0978,-0.99137,-0.05551,0.08401,-0.99492,4.29,4.336,4.319,,,,Valid,Valid,226.2,163.1,477.4,283.3,162.1,476.0,268.2,210.2,256.8,202.3,0.4995,0.6979,0.5104,0.7111,0.4887,0.6846,Screen Recording,Screen Recording Recording8.mp4,1920,1080,0,0,960,540,Fixation,112,219,960,747,0.5,0.6916,,,,,,,,,,,
97514804,472180508544,Eye Tracker,LipReading_BJ,10/21/2025,CJY,Recording8,10/18/2025,10/18/2025,10:09:23.595,02:09:23.595,431768,Timeline1,Tobii I-VT (Fixation),1.241.54219,1080,1920,10.0,3.7,2.3,2.7,0.31,0.19,0.23,13,8,10,4.3,4.1,3.4,0.38,0.36,0.3,16,15,12,7397640926,,,966,753,987,770,944,735,0.09144,0.0989,-0.99089,-0.05231,0.08184,-0.99527,4.314,4.324,4.32,,,,Valid,Valid,226.2,163.1,477.4,283.3,162.1,476.0,270.2,210.7,258.3,201.3,0.5029,0.697,0.5142,0.713,0.4916,0.681,Screen Recording,Screen Recording Recording8.mp4,1920,1080,0,0,960,540,Fixation,112,219,960,747,0.5,0.6916,,,,,,,,,,,
97518803,472180512543,Eye Tracker,LipReading_BJ,10/21/2025,CJY,Recording8,10/18/2025,10/18/2025,10:09:23.595,02:09:23.595,431768,Timeline1,Tobii I-VT (Fixation),1.241.54219,1080,1920,10.0,3.7,2.3,2.7,0.31,0.19,0.23,13,8,10,4.3,4.1,3.4,0.38,0.36,0.3,16,15,12,7397644925,,,966,742,986,745,947,739,0.09072,0.08467,-0.99227,-0.05075,0.08408,-0.99517,4.342,4.324,4.319,,,,Valid,Valid,226.1,163.1,477.4,283.3,162.1,476.0,269.8,203.8,259.0,202.3,0.5032,0.687,0.5135,0.6896,0.493,0.6845,Screen Recording,Screen Recording Recording8.mp4,1920,1080,0,0,960,540,Fixation,112,219,960,747,0.5,0.6916,,,,,,,,,,,
97522803,472180516543,Eye Tracker,LipReading_BJ,10/21/2025,CJY,Recording8,10/18/2025,10/18/2025,10:09:23.595,02:09:23.595,431768,Timeline1,Tobii I-VT (Fixation),1.241.54219,1080,1920,10.0,3.7,2.3,2.7,0.31,0.19,0.23,13,8,10,4.3,4.1,3.4,0.38,0.36,0.3,16,15,12,7397648925,,,962,733,984,726,940,740,0.08984,0.07397,-0.99321,-0.05471,0.08469,-0.9949,4.429,4.341,4.319,,,,Valid,Valid,226.1,163.1,477.4,283.3,162.1,476.0,269.3,198.6,257.1,202.6,0.501,0.6788,0.5126,0.672,0.4894,0.6855,Screen Recording,Screen Recording Recording8.mp4,1920,1080,0,0,960,540,Fixation,112,219,960,747,0.5,0.6916,,,,,,,,,,,
97526802,472180520542,Eye Tracker,LipReading_BJ,10/21/2025,CJY,Recording8,10/18/2025,10/18/2025,10:09:23.595,02:09:23.595,431768,Timeline1,Tobii I-VT (Fixation),1.241.54219,1080,1920,10.0,3.7,2.3,2.7,0.31,0.19,0.23,13,8,10,4.3,4.1,3.4,0.38,0.36,0.3,16,15,12,7397652925,,,959,756,983,770,935,742,0.08891,0.09872,-0.99114,-0.05711,0.08542,-0.99471,4.287,4.316,4.315,,,,Valid,Valid,226.1,163.1,477.4,283.3,162.1,476.0,269.0,210.6,256.0,203.0,0.4995,0.6997,0.5119,0.7126,0.4872,0.6867,Screen Recording,Screen Recording Recording8.mp4,1920,1080,0,0,960,540,Fixation,112,219,960,747,0.5,0.6916,,,,,,,,,,,
97530802,472180524542,Eye Tracker,LipReading_BJ,10/21/2025,CJY,Recording8,10/18/2025,10/18/2025,10:09:23.595,02:09:23.595,431768,Timeline1,Tobii I-VT (Fixation),1.241.54219,1080,1920,10.0,3.7,2.3,2.7,0.31,0.19,0.23,13,8,10,4.3,4.1,3.4,0.38,0.36,0.3,16,15,12,7397656925,,,958,753,976,766,940,740,0.08484,0.09648,-0.99171,-0.05441,0.08467,-0.99492,4.314,4.314,4.314,,,,Valid,Valid,226.1,163.1,477.4,283.3,162.1,476.0,267.0,209.5,257.3,202.6,0.4989,0.6972,0.5081,0.7088,0.4896,0.6855,Screen Recording,Screen Recording Recording8.mp4,1920,1080,0,0,960,540,Fixation,112,219,960,747,0.5,0.6916,,,,,,,,,,,
97534803,472180528543,Eye Tracker,LipReading_BJ,10/21/2025,CJY,Recording8,10/18/2025,10/18/2025,10:09:23.595,02:09:23.595,431768,Timeline1,Tobii I-VT (Fixation),1.241.54219,1080,1920,10.0,3.7,2.3,2.7,0.31,0.19,0.23,13,8,10,4.3,4.1,3.4,0.38,0.36,0.3,16,15,12,7397660926,,,964,760,979,769,948,752,0.08687,0.09818,-0.99137,-0.0499,0.09133,-0.99457,4.314,4.302,4.314,,,,Valid,Valid,226.2,163.1,477.3,283.3,162.1,476.0,268.0,210.4,259.4,205.8,0.5019,0.7041,0.51,0.7117,0.4937,0.6964,Screen Recording,Screen Recording Recording8.mp4,1920,1080,0,0,960,540,Fixation,112,219,960,747,0.5,0.6916,,,,,,,,,,,
97538802,472180532542,Eye Tracker,LipReading_BJ,10/21/2025,CJY,Recording8,10/18/2025,10/18/2025,10:09:23.595,02:09:23.595,431768,Timeline1,Tobii I-VT (Fixation),1.241.54219,1080,1920,10.0,3.7,2.3,2.7,0.31,0.19,0.23,13,8,10,4.3,4.1,3.4,0.38,0.36,0.3,16,15,12,7397664925,,,958,742,980,751,935,733,0.0875,0.08837,-0.99224,-0.05745,0.08043,-0.9951,4.327,4.314,4.32,,,,Valid,Valid,226.2,163.1,477.4,283.3,162.1,476.0,268.3,205.6,255.8,200.6,0.4987,0.6872,0.5105,0.6957,0.4869,0.6787,Screen Recording,Screen Recording Recording8.mp4,1920,1080,0,0,960,540,Saccade,4,383,,,,,,,,,,,,,,,
97542802,472180536542,Eye Tracker,LipReading_BJ,10/21/2025,CJY,Recording8,10/18/2025,10/18/2025,10:09:23.595,02:09:23.595,431768,Timeline1,Tobii I-VT (Fixation),1.241.54219,1080,1920,10.0,3.7,2.3,2.7,0.31,0.19,0.23,13,8,10,4.3,4.1,3.4,0.38,0.36,0.3,16,15,12,7397668925,,,955,719,975,707,934,730,0.08444,0.06326,-0.99442,-0.05772,0.07883,-0.99522,4.335,4.317,4.322,,,,Valid,Valid,226.2,163.1,477.4,283.3,162.2,476.0,266.7,193.5,255.7,199.9,0.4971,0.6654,0.5076,0.6546,0.4867,0.6762,Screen Recording,Screen Recording Recording8.mp4,1920,1080,0,0,960,540,Fixation,84,220,960,740,0.4998,0.6852,,,,,,,,,,,
97546802,472180540542,Eye Tracker,LipReading_BJ,10/21/2025,CJY,Recording8,10/18/2025,10/18/2025,10:09:23.595,02:09:23.595,431768,Timeline1,Tobii I-VT (Fixation),1.241.54219,1080,1920,10.0,3.7,2.3,2.7,0.31,0.19,0.23,13,8,10,4.3,4.1,3.4,0.38,0.36,0.3,16,15,12,7397672925,,,962,747,984,753,939,741,0.08973,0.0892,-0.99196,-0.05498,0.08461,-0.9949,4.333,4.351,4.329,,,,Valid,Valid,226.2,163.1,477.4,283.4,162.2,476.0,269.4,206.1,257.0,202.7,0.5009,0.6914,0.5127,0.6972,0.4892,0.6857,Screen Recording,Screen Recording Recording8.mp4,1920,1080,0,0,960,540,Fixation,84,220,960,740,0.4998,0.6852,,,,,,,,,,,
97550802,472180544542,Eye Tracker,LipReading_BJ,10/21/2025,CJY,Recording8,10/18/2025,10/18/2025,10:09:23.595,02:09:23.595,431768,Timeline1,Tobii I-VT (Fixation),1.241.54219,1080,1920,10.0,3.7,2.3,2.7,0.31,0.19,0.23,13,8,10,4.3,4.1,3.4,0.38,0.36,0.3,16,15,12,7397676925,,,953,725,975,714,931,735,0.0846,0.06727,-0.99414,-0.05974,0.08153,-0.99488,4.308,4.331,4.335,,,,Valid,Valid,226.2,163.2,477.4,283.4,162.2,475.9,266.8,195.5,254.8,201.2,0.4964,0.6711,0.5078,0.6613,0.4849,0.6808,Screen Recording,Screen Recording Recording8.mp4,1920,1080,0,0,960,540,Fixation,84,220,960,740,0.4998,0.6852,,,,,,,,,,,
97554802,472180548542,Eye Tracker,LipReading_BJ,10/21/2025,CJY,Recording8,10/18/2025,10/18/2025,10:09:23.595,02:09:23.595,431768,Timeline1,Tobii I-VT (Fixation),1.241.54219,1080,1920,10.0,3.7,2.3,2.7,0.31,0.19,0.23,13,8,10,4.3,4.1,3.4,0.38,0.36,0.3,16,15,12,7397680925,,,960,753,982,761,938,744,0.08808,0.09348,-0.99172,-0.05548,0.0867,-0.99469,4.325,4.344,4.335,,,,Valid,Valid,226.2,163.2,477.5,283.4,162.2,475.9,268.6,208.2,256.8,203.7,0.5,0.6968,0.5112,0.7044,0.4888,0.6893,Screen Recording,Screen Recording Recording8.mp4,1920,1080,0,0,960,540,Fixation,84,220,960,740,0.4998,0.6852,,,,,,,,,,,
97558802,472180552542,Eye Tracker,LipReading_BJ,10/21/2025,CJY,Recording8,10/18/2025,10/18/2025,10:09:23.595,02:09:23.595,431768,Timeline1,Tobii I-VT (Fixation),1.241.54219,1080,1920,10.0,3.7,2.3,2.7,0.31,0.19,0.23,13,8,10,4.3,4.1,3.4,0.38,0.36,0.3,16,15,12,7397684925,,,958,737,978,737,939,738,0.08596,0.0799,-0.99309,-0.05548,0.08276,-0.99502,4.393,4.337,4.328,,,,Valid,Valid,226.2,163.2,477.4,283.4,162.3,476.0,267.6,201.6,256.8,201.9,0.499,0.6826,0.5092,0.6822,0.4888,0.683,Screen Recording,Screen Recording Recording8.mp4,1920,1080,0,0,960,540,Fixation,84,220,960,740,0.4998,0.6852,,,,,,,,,,,
97562802,472180556542,Eye Tracker,LipReading_BJ,10/21/2025,CJY,Recording8,10/18/2025,10/18/2025,10:09:23.595,02:09:23.595,431768,Timeline1,Tobii I-VT (Fixation),1.241.54219,1080,1920,10.0,3.7,2.3,2.7,0.31,0.19,0.23,13,8,10,4.3,4.1,3.4,0.38,0.36,0.3,16,15,12,7397688925,,,957,738,972,741,943,735,0.08278,0.08231,-0.99316,-0.05312,0.08136,-0.99527,4.353,4.326,4.34,,,,Valid,Valid,226.3,163.2,477.5,283.4,162.3,476.0,266.0,202.8,258.0,201.2,0.4987,0.6835,0.5063,0.6862,0.491,0.6808,Screen Recording,Screen Recording Recording8.mp4,1920,1080,0,0,960,540,Fixation,84,220,960,740,0.4998,0.6852,,,,,,,,,,,
97566802,472180560542,Eye Tracker,LipReading_BJ,10/21/2025,CJY,Recording8,10/18/2025,10/18/2025,10:09:23.595,02:09:23.595,431768,Timeline1,Tobii I-VT (Fixation),1.241.54219,1080,1920,10.0,3.7,2.3,2.7,0.31,0.19,0.23,13,8,10,4.3,4.1,3.4,0.38,0.36,0.3,16,15,12,7397692925,,,962,756,977,775,948,737,0.08529,0.10139,-0.99118,-0.05017,0.08224,-0.99535,4.287,4.325,4.345,,,,Valid,Valid,226.3,163.2,477.6,283.4,162.3,476.0,267.4,212.1,259.4,201.7,0.5013,0.6999,0.5088,0.7176,0.4937,0.6823,Screen Recording,Screen Recording Recording8.mp4,1920,1080,0,0,960,540,Fixation,84,220,960,740,0.4998,0.6852,,,,,,,,,,,
97570802,472180564542,Eye Tracker,LipReading_BJ,10/21/2025,CJY,Recording8,10/18/2025,10/18/2025,10:09:23.595,02:09:23.595,431768,Timeline1,Tobii I-VT (Fixation),1.241.54219,1080,1920,10.0,3.7,2.3,2.7,0.31,0.19,0.23,13,8,10,4.3,4.1,3.4,0.38,0.36,0.3,16,15,12,7397696925,,,959,736,981,731,937,741,0.0876,0.07674,-0.9932,-0.05651,0.08481,-0.99479,4.434,4.292,4.339,,,,Valid,Valid,226.3,163.3,477.6,283.4,162.3,476.0,268.4,200.2,256.4,202.9,0.4994,0.6819,0.5108,0.6772,0.488,0.6866,Screen Recording,Screen Recording Recording8.mp4,1920,1080,0,0,960,540,Fixation,84,220,960,740,0.4998,0.6852,,,,,,,,,,,
97574803,472180568543,Eye Tracker,LipReading_BJ,10/21/2025,CJY,Recording8,10/18/2025,10/18/2025,10:09:23.595,02:09:23.595,431768,Timeline1,Tobii I-VT (Fixation),1.241.54219,1080,1920,10.0,3.7,2.3,2.7,0.31,0.19,0.23,13,8,10,4.3,4.1,3.4,0.38,0.36,0.3,16,15,12,7397700926,,,935,737,,,935,737,,,,-0.05742,0.08246,-0.99494,,4.348,4.343,,,,Invalid,Valid,,,,283.4,162.4,476.0,,,256.0,201.8,0.4872,0.6828,,,0.4872,0.6828,Screen Recording,Screen Recording Recording8.mp4,1920,1080,0,0,960,540,Fixation,84,220,960,740,0.4998,0.6852,,,,,,,,,,,
97578802,472180572542,Eye Tracker,LipReading_BJ,10/21/2025,CJY,Recording8,10/18/2025,10/18/2025,10:09:23.595,02:09:23.595,431768,Timeline1,Tobii I-VT (Fixation),1.241.54219,1080,1920,10.0,3.7,2.3,2.7,0.31,0.19,0.23,13,8,10,4.3,4.1,3.4,0.38,0.36,0.3,16,15,12,7397704925,,,958,763,975,780,941,746,0.08427,0.10411,-0.99099,-0.05427,0.08738,-0.9947,4.295,4.321,4.36,,,,Valid,Valid,226.3,163.3,477.5,283.5,162.4,476.0,266.9,213.5,257.5,204.2,0.499,0.7066,0.508,0.7224,0.49,0.6909,Screen Recording,Screen Recording Recording8.mp4,1920,1080,0,0,960,540,Fixation,84,220,960,740,0.4998,0.6852,,,,,,,,,,,
97582802,472180576542,Eye Tracker,LipReading_BJ,10/21/2025,CJY,Recording8,10/18/2025,10/18/2025,10:09:23.595,02:09:23.595,431768,Timeline1,Tobii I-VT (Fixation),1.241.54219,1080,1920,10.0,3.7,2.3,2.7,0.31,0.19,0.23,13,8,10,4.3,4.1,3.4,0.38,0.36,0.3,16,15,12,7397708925,,,965,732,992,731,938,734,0.09413,0.0761,-0.99265,-0.05585,0.08019,-0.99521,4.414,4.322,4.343,,,,Valid,Valid,226.3,163.4,477.4,283.5,162.4,476.0,271.6,200.0,256.8,200.8,0.5028,0.6779,0.5169,0.6766,0.4887,0.6793,Screen Recording,Screen Recording Recording8.mp4,1920,1080,0,0,960,540,Fixation,84,220,960,740,0.4998,0.6852,,,,,,,,,,,
97586802,472180580542,Eye Tracker,LipReading_BJ,10/21/2025,CJY,Recording8,10/18/2025,10/18/2025,10:09:23.595,02:09:23.595,431768,Timeline1,Tobii I-VT (Fixation),1.241.54219,1080,1920,10.0,3.7,2.3,2.7,0.31,0.19,0.23,13,8,10,4.3,4.1,3.4,0.38,0.36,0.3,16,15,12,7397712925,,,961,734,985,733,938,736,0.08966,0.07723,-0.99297,-0.05584,0.08152,-0.99511,4.398,4.316,4.318,,,,Valid,Valid,226.3,163.4,477.4,283.5,162.4,476.0,269.4,200.5,256.8,201.4,0.5007,0.68,0.5128,0.6784,0.4887,0.6815,Screen Recording,Screen Recording Recording8.mp4,1920,1080,0,0,960,540,Fixation,84,220,960,740,0.4998,0.6852,,,,,,,,,,,
97590802,472180584542,Eye Tracker,LipReading_BJ,10/21/2025,CJY,Recording8,10/18/2025,10/18/2025,10:09:23.595,02:09:23.595,431768,Timeline1,Tobii I-VT (Fixation),1.241.54219,1080,1920,10.0,3.7,2.3,2.7,0.31,0.19,0.23,13,8,10,4.3,4.1,3.4,0.38,0.36,0.3,16,15,12,7397716925,,,959,758,983,771,936,744,0.08876,0.099,-0.99112,-0.05737,0.08621,-0.99462,4.289,4.356,4.36,,,,Valid,Valid,226.3,163.4,477.4,283.5,162.4,476.1,269.1,211.1,256.0,203.7,0.4997,0.7017,0.5121,0.7142,0.4873,0.6892,Screen Recording,Screen Recording Recording8.mp4,1920,1080,0,0,960,540,Fixation,84,220,960,740,0.4998,0.6852,,,,,,,,,,,
97594803,472180588543,Eye Tracker,LipReading_BJ,10/21/2025,CJY,Recording8,10/18/2025,10/18/2025,10:09:23.595,02:09:23.595,431768,Timeline1,Tobii I-VT (Fixation),1.241.54219,1080,1920,10.0,3.7,2.3,2.7,0.31,0.19,0.23,13,8,10,4.3,4.1,3.4,0.38,0.36,0.3,16,15,12,7397720926,,,960,754,982,770,939,738,0.08807,0.09806,-0.99128,-0.05567,0.08287,-0.995,4.315,4.312,4.322,,,,Valid,Valid,226.3,163.4,477.4,283.5,162.5,476.0,268.8,210.6,256.9,202.1,0.5002,0.6982,0.5115,0.7127,0.4889,0.6838,Screen Recording,Screen Recording Recording8.mp4,1920,1080,0,0,960,540,Fixation,84,220,960,740,0.4998,0.6852,,,,,,,,,,,
97598802,472180592542,Eye Tracker,LipReading_BJ,10/21/2025,CJY,Recording8,10/18/2025,10/18/2025,10:09:23.595,02:09:23.595,431768,Timeline1,Tobii I-VT (Fixation),1.241.54219,1080,1920,10.0,3.7,2.3,2.7,0.31,0.19,0.23,13,8,10,4.3,4.1,3.4,0.38,0.36,0.3,16,15,12,7397724925,,,958,727,980,717,937,737,0.08698,0.06824,-0.99387,-0.05658,0.08202,-0.99502,4.417,4.329,4.322,,,,Valid,Valid,226.4,163.4,477.4,283.5,162.5,476.0,268.1,196.2,256.4,201.7,0.4992,0.6731,0.5103,0.6638,0.4881,0.6824,Screen Recording,Screen Recording Recording8.mp4,1920,1080,0,0,960,540,Fixation,84,220,960,740,0.4998,0.6852,,,,,,,,,,,
97602802,472180596542,Eye Tracker,LipReading_BJ,10/21/2025,CJY,Recording8,10/18/2025,10/18/2025,10:09:23.595,02:09:23.595,431768,Timeline1,Tobii I-VT (Fixation),1.241.54219,1080,1920,10.0,3.7,2.3,2.7,0.31,0.19,0.23,13,8,10,4.3,4.1,3.4,0.38,0.36,0.3,16,15,12,7397728925,,,964,763,988,784,940,743,0.09129,0.10584,-0.99018,-0.05501,0.08533,-0.99483,4.26,4.336,4.335,,,,Valid,Valid,226.4,163.4,477.4,283.5,162.5,476.0,270.4,214.5,257.2,203.3,0.502,0.7067,0.5146,0.7256,0.4895,0.6878,Screen Recording,Screen Recording Recording8.mp4,1920,1080,0,0,960,540,Fixation,84,220,960,740,0.4998,0.6852,,,,,,,,,,,
97606802,472180600542,Eye Tracker,LipReading_BJ,10/21/2025,CJY,Recording8,10/18/2025,10/18/2025,10:09:23.595,02:09:23.595,431768,Timeline1,Tobii I-VT (Fixation),1.241.54219,1080,1920,10.0,3.7,2.3,2.7,0.31,0.19,0.23,13,8,10,4.3,4.1,3.4,0.38,0.36,0.3,16,15,12,7397732925,,,961,737,987,740,936,735,0.09117,0.08129,-0.99251,-0.05748,0.08067,-0.99508,4.359,4.305,4.344,,,,Valid,Valid,226.4,163.4,477.4,283.5,162.5,476.0,270.2,202.5,256.0,201.1,0.5008,0.6828,0.5143,0.6853,0.4873,0.6803,Screen Recording,Screen Recording Recording8.mp4,1920,1080,0,0,960,540,Fixation,84,220,960,740,0.4998,0.6852,,,,,,,,,,,
97610802,472180604542,Eye Tracker,LipReading_BJ,10/21/2025,CJY,Recording8,10/18/2025,10/18/2025,10:09:23.595,02:09:23.595,431768,Timeline1,Tobii I-VT (Fixation),1.241.54219,1080,1920,10.0,3.7,2.3,2.7,0.31,0.19,0.23,13,8,10,4.3,4.1,3.4,0.38,0.36,0.3,16,15,12,7397736925,,,961,745,984,750,939,741,0.08899,0.08664,-0.99226,-0.05533,0.08449,-0.99489,4.345,4.325,4.341,,,,Valid,Valid,226.4,163.4,477.4,283.5,162.5,476.0,269.2,205.1,257.0,202.9,0.5007,0.6902,0.5123,0.694,0.4892,0.6865,Screen Recording,Screen Recording Recording8.mp4,1920,1080,0,0,960,540,Fixation,84,220,960,740,0.4998,0.6852,,,,,,,,,,,
97614803,472180608543,Eye Tracker,LipReading_BJ,10/21/2025,CJY,Recording8,10/18/2025,10/18/2025,10:09:23.595,02:09:23.595,431768,Timeline1,Tobii I-VT (Fixation),1.241.54219,1080,1920,10.0,3.7,2.3,2.7,0.31,0.19,0.23,13,8,10,4.3,4.1,3.4,0.38,0.36,0.3,16,15,12,7397740926,,,962,739,980,741,943,737,0.08714,0.08174,-0.99284,-0.0533,0.08191,-0.99521,4.366,4.36,4.336,,,,Valid,Valid,226.4,163.4,477.4,283.5,162.5,476.0,268.3,202.7,258.0,201.6,0.5008,0.6841,0.5106,0.6859,0.4911,0.6822,Screen Recording,Screen Recording Recording8.mp4,1920,1080,0,0,960,540,Fixation,84,220,960,740,0.4998,0.6852,,,,,,,,,,,
97618802,472180612542,Eye Tracker,LipReading_BJ,10/21/2025,CJY,Recording8,10/18/2025,10/18/2025,10:09:23.595,02:09:23.595,431768,Timeline1,Tobii I-VT (Fixation),1.241.54219,1080,1920,10.0,3.7,2.3,2.7,0.31,0.19,0.23,13,8,10,4.3,4.1,3.4,0.38,0.36,0.3,16,15,12,7397744925,,,960,736,984,741,936,731,0.08927,0.08203,-0.99262,-0.05741,0.07859,-0.99525,4.357,4.297,4.335,,,,Valid,Valid,226.4,163.4,477.4,283.5,162.5,476.0,269.3,202.9,256.1,200.1,0.4999,0.6816,0.5125,0.6864,0.4873,0.6769,Screen Recording,Screen Recording Recording8.mp4,1920,1080,0,0,960,540,Fixation,84,220,960,740,0.4998,0.6852,,,,,,,,,,,
97622802,472180616542,Eye Tracker,LipReading_BJ,10/21/2025,CJY,Recording8,10/18/2025,10/18/2025,10:09:23.595,02:09:23.595,431768,Timeline1,Tobii I-VT (Fixation),1.241.54219,1080,1920,10.0,3.7,2.3,2.7,0.31,0.19,0.23,13,8,10,4.3,4.1,3.4,0.38,0.36,0.3,16,15,12,7397748925,,,966,732,991,725,941,740,0.09352,0.07256,-0.99297,-0.05416,0.08373,-0.99502,4.417,4.313,4.335,,,,Valid,Valid,226.4,163.4,477.4,283.5,162.5,476.0,271.3,198.3,257.6,202.5,0.5033,0.6781,0.5164,0.6709,0.4903,0.6852,Screen Recording,Screen Recording Recording8.mp4,1920,1080,0,0,960,540,Fixation,84,220,960,740,0.4998,0.6852,,,,,,,,,,,
97626801,472180620541,Eye Tracker,LipReading_BJ,10/21/2025,CJY,Recording8,10/18/2025,10/18/2025,10:09:23.595,02:09:23.595,431768,Timeline1,Tobii I-VT (Fixation),1.241.54219,1080,1920,10.0,3.7,2.3,2.7,0.31,0.19,0.23,13,8,10,4.3,4.1,3.4,0.38,0.36,0.3,16,15,12,7397752925,,,963,751,985,759,941,743,0.08953,0.09195,-0.99173,-0.05409,0.08527,-0.99489,4.299,4.298,4.309,,,,Valid,Valid,226.3,163.4,477.4,283.5,162.4,476.0,269.4,207.7,257.6,203.2,0.5016,0.6951,0.5128,0.7026,0.4903,0.6876,Screen Recording,Screen Recording Recording8.mp4,1920,1080,0,0,960,540,Saccade,12,384,,,,,,,,,,,,,,,
97630801,472180624541,Eye Tracker,LipReading_BJ,10/21/2025,CJY,Recording8,10/18/2025,10/18/2025,10:09:23.595,02:09:23.595,431768,Timeline1,Tobii I-VT (Fixation),1.241.54219,1080,1920,10.0,3.7,2.3,2.7,0.31,0.19,0.23,13,8,10,4.3,4.1,3.4,0.38,0.36,0.3,16,15,12,7397756925,,,964,747,987,760,942,734,0.0909,0.09259,-0.99155,-0.05398,0.08042,-0.9953,4.306,4.337,4.306,,,,Valid,Valid,226.3,163.4,477.4,283.5,162.4,476.0,270.1,208.0,257.7,200.9,0.5022,0.6916,0.514,0.7036,0.4904,0.6796,Screen Recording,Screen Recording Recording8.mp4,1920,1080,0,0,960,540,Saccade,12,384,,,,,,,,,,,,,,,
97634802,472180628542,Eye Tracker,LipReading_BJ,10/21/2025,CJY,Recording8,10/18/2025,10/18/2025,10:09:23.595,02:09:23.595,431768,Timeline1,Tobii I-VT (Fixation),1.241.54219,1080,1920,10.0,3.7,2.3,2.7,0.31,0.19,0.23,13,8,10,4.3,4.1,3.4,0.38,0.36,0.3,16,15,12,7397760926,,,953,759,973,785,932,734,0.08303,0.10659,-0.99083,-0.05925,0.08031,-0.99501,4.255,4.333,4.297,,,,Valid,Valid,226.3,163.4,477.4,283.5,162.4,476.0,266.3,214.7,255.1,200.8,0.4962,0.7029,0.5069,0.7264,0.4856,0.6794,Screen Recording,Screen Recording Recording8.mp4,1920,1080,0,0,960,540,Saccade,12,384,,,,,,,,,,,,,,,
97638797,472180632537,Eye Tracker,LipReading_BJ,10/21/2025,CJY,Recording8,10/18/2025,10/18/2025,10:09:23.595,02:09:23.595,431768,Timeline1,Tobii I-VT (Fixation),1.241.54219,1080,1920,10.0,3.7,2.3,2.7,0.31,0.19,0.23,13,8,10,4.3,4.1,3.4,0.38,0.36,0.3,16,15,12,7397764921,,,960,762,978,771,942,753,0.08555,0.09903,-0.9914,-0.05379,0.09104,-0.99439,4.287,4.304,4.302,,,,Valid,Valid,226.3,163.3,477.4,283.5,162.4,476.0,267.5,211.0,257.7,206.0,0.4998,0.7054,0.5091,0.714,0.4905,0.6968,Screen Recording,Screen Recording Recording8.mp4,1920,1080,0,0,960,540,Fixation,224,221,958,750,0.4988,0.6943,,,,,,,,,,,
97642798,472180636538,Eye Tracker,LipReading_BJ,10/21/2025,CJY,Recording8,10/18/2025,10/18/2025,10:09:23.595,02:09:23.595,431768,Timeline1,Tobii I-VT (Fixation),1.241.54219,1080,1920,10.0,3.7,2.3,2.7,0.31,0.19,0.23,13,8,10,4.3,4.1,3.4,0.38,0.36,0.3,16,15,12,7397768922,,,968,759,987,772,949,746,0.0907,0.09964,-0.99088,-0.04949,0.08719,-0.99496,4.291,4.276,4.296,,,,Valid,Valid,226.3,163.3,477.4,283.5,162.4,476.0,270.0,211.3,259.8,204.1,0.5041,0.7027,0.5139,0.7149,0.4944,0.6904,Screen Recording,Screen Recording Recording8.mp4,1920,1080,0,0,960,540,Fixation,224,221,958,750,0.4988,0.6943,,,,,,,,,,,
97646797,472180640537,Eye Tracker,LipReading_BJ,10/21/2025,CJY,Recording8,10/18/2025,10/18/2025,10:09:23.595,02:09:23.595,431768,Timeline1,Tobii I-VT (Fixation),1.241.54219,1080,1920,10.0,3.7,2.3,2.7,0.31,0.19,0.23,13,8,10,4.3,4.1,3.4,0.38,0.36,0.3,16,15,12,7397772921,,,958,755,978,772,939,739,0.08616,0.09946,-0.9913,-0.05561,0.08319,-0.99498,4.313,4.313,4.296,,,,Valid,Valid,226.3,163.3,477.5,283.4,162.3,476.0,267.8,211.2,256.8,202.1,0.4992,0.6992,0.5096,0.7145,0.4888,0.6839,Screen Recording,Screen Recording Recording8.mp4,1920,1080,0,0,960,540,Fixation,224,221,958,750,0.4988,0.6943,,,,,,,,,,,
97650797,472180644537,Eye Tracker,LipReading_BJ,10/21/2025,CJY,Recording8,10/18/2025,10/18/2025,10:09:23.595,02:09:23.595,431768,Timeline1,Tobii I-VT (Fixation),1.241.54219,1080,1920,10.0,3.7,2.3,2.7,0.31,0.19,0.23,13,8,10,4.3,4.1,3.4,0.38,0.36,0.3,16,15,12,7397776921,,,939,744,,,939,744,,,,-0.05507,0.08605,-0.99477,,4.29,4.298,,,,Invalid,Valid,,,,283.4,162.3,476.0,,,257.1,203.5,0.4892,0.6885,,,0.4892,0.6885,Screen Recording,Screen Recording Recording8.mp4,1920,1080,0,0,960,540,Fixation,224,221,958,750,0.4988,0.6943,,,,,,,,,,,
97654798,472180648538,Eye Tracker,LipReading_BJ,10/21/2025,CJY,Recording8,10/18/2025,10/18/2025,10:09:23.595,02:09:23.595,431768,Timeline1,Tobii I-VT (Fixation),1.241.54219,1080,1920,10.0,3.7,2.3,2.7,0.31,0.19,0.23,13,8,10,4.3,4.1,3.4,0.38,0.36,0.3,16,15,12,7397780922,,,957,761,968,780,945,742,0.08042,0.10406,-0.99131,-0.05187,0.08512,-0.99502,4.251,4.307,4.31,,,,Valid,Valid,226.3,163.2,477.5,283.4,162.3,476.0,265.0,213.4,258.6,203.0,0.4982,0.7044,0.5043,0.7219,0.4921,0.687,Screen Recording,Screen Recording Recording8.mp4,1920,1080,0,0,960,540,Fixation,224,221,958,750,0.4988,0.6943,,,,,,,,,,,
97658797,472180652537,Eye Tracker,LipReading_BJ,10/21/2025,CJY,Recording8,10/18/2025,10/18/2025,10:09:23.595,02:09:23.595,431768,Timeline1,Tobii I-VT (Fixation),1.241.54219,1080,1920,10.0,3.7,2.3,2.7,0.31,0.19,0.23,13,8,10,4.3,4.1,3.4,0.38,0.36,0.3,16,15,12,7397784921,,,961,738,985,741,937,736,0.09032,0.08228,-0.99251,-0.05626,0.08147,-0.99509,4.366,4.305,4.316,,,,Valid,Valid,226.2,163.3,477.4,283.4,162.3,476.0,269.7,202.8,256.5,201.3,0.5007,0.6836,0.5132,0.6863,0.4881,0.681,Screen Recording,Screen Recording Recording8.mp4,1920,1080,0,0,960,540,Fixation,224,221,958,750,0.4988,0.6943,,,,,,,,,,,
97662798,472180656538,Eye Tracker,LipReading_BJ,10/21/2025,CJY,Recording8,10/18/2025,10/18/2025,10:09:23.595,02:09:23.595,431768,Timeline1,Tobii I-VT (Fixation),1.241.54219,1080,1920,10.0,3.7,2.3,2.7,0.31,0.19,0.23,13,8,10,4.3,4.1,3.4,0.38,0.36,0.3,16,15,12,7397788922,,,958,751,978,761,938,741,0.08592,0.09346,-0.99191,-0.05562,0.08483,-0.99484,4.326,4.311,4.316,,,,Valid,Valid,226.2,163.3,477.3,283.4,162.3,475.9,267.6,208.2,256.8,202.9,0.499,0.6955,0.5092,0.7046,0.4887,0.6865,Screen Recording,Screen Recording Recording8.mp4,1920,1080,0,0,960,540,Fixation,224,221,958,750,0.4988,0.6943,,,,,,,,,,,
97666797,472180660537,Eye Tracker,LipReading_BJ,10/21/2025,CJY,Recording8,10/18/2025,10/18/2025,10:09:23.595,02:09:23.595,431768,Timeline1,Tobii I-VT (Fixation),1.241.54219,1080,1920,10.0,3.7,2.3,2.7,0.31,0.19,0.23,13,8,10,4.3,4.1,3.4,0.38,0.36,0.3,16,15,12,7397792921,,,964,724,988,716,939,731,0.0922,0.06828,-0.9934,-0.05519,0.0792,-0.99533,4.386,4.274,4.309,,,,Valid,Valid,226.2,163.3,477.3,283.4,162.3,476.0,270.5,196.1,257.0,200.2,0.5019,0.6703,0.5148,0.6634,0.4891,0.6773,Screen Recording,Screen Recording Recording8.mp4,1920,1080,0,0,960,540,Fixation,224,221,958,750,0.4988,0.6943,,,,,,,,,,,
97670797,472180664537,Eye Tracker,LipReading_BJ,10/21/2025,CJY,Recording8,10/18/2025,10/18/2025,10:09:23.595,02:09:23.595,431768,Timeline1,Tobii I-VT (Fixation),1.241.54219,1080,1920,10.0,3.7,2.3,2.7,0.31,0.19,0.23,13,8,10,4.3,4.1,3.4,0.38,0.36,0.3,16,15,12,7397796921,,,968,749,994,762,941,735,0.09498,0.09411,-0.99102,-0.05376,0.08121,-0.99525,4.281,4.291,4.3,,,,Valid,Valid,226.2,163.3,477.3,283.4,162.3,475.9,271.9,208.6,257.7,201.2,0.5039,0.6932,0.5175,0.7057,0.4904,0.6806,Screen Recording,Screen Recording Recording8.mp4,1920,1080,0,0,960,540,Fixation,224,221,958,750,0.4988,0.6943,,,,,,,,,,,
97674798,472180668538,Eye Tracker,LipReading_BJ,10/21/2025,CJY,Recording8,10/18/2025,10/18/2025,10:09:23.595,02:09:23.595,431768,Timeline1,Tobii I-VT (Fixation),1.241.54219,1080,1920,10.0,3.7,2.3,2.7,0.31,0.19,0.23,13,8,10,4.3,4.1,3.4,0.38,0.36,0.3,16,15,12,7397800922,,,958,745,985,757,930,734,0.09018,0.09107,-0.99175,-0.06014,0.08033,-0.99495,4.309,4.289,4.299,,,,Valid,Valid,226.2,163.3,477.2,283.3,162.3,475.9,269.6,207.1,254.6,200.8,0.4988,0.69,0.513,0.7007,0.4845,0.6792,Screen Recording,Screen Recording Recording8.mp4,1920,1080,0,0,960,540,Fixation,224,221,958,750,0.4988,0.6943,,,,,,,,,,,
97678797,472180672537,Eye Tracker,LipReading_BJ,10/21/2025,CJY,Recording8,10/18/2025,10/18/2025,10:09:23.595,02:09:23.595,431768,Timeline1,Tobii I-VT (Fixation),1.241.54219,1080,1920,10.0,3.7,2.3,2.7,0.31,0.19,0.23,13,8,10,4.3,4.1,3.4,0.38,0.36,0.3,16,15,12,7397804921,,,959,754,979,770,940,738,0.08649,0.09832,-0.99139,-0.05475,0.08278,-0.99506,4.304,4.3,4.299,,,,Valid,Valid,226.2,163.3,477.3,283.3,162.3,475.9,267.8,210.6,257.2,201.9,0.4995,0.6979,0.5097,0.7126,0.4894,0.6832,Screen Recording,Screen Recording Recording8.mp4,1920,1080,0,0,960,540,Fixation,224,221,958,750,0.4988,0.6943,,,,,,,,,,,
97682798,472180676538,Eye Tracker,LipReading_BJ,10/21/2025,CJY,Recording8,10/18/2025,10/18/2025,10:09:23.595,02:09:23.595,431768,Timeline1,Tobii I-VT (Fixation),1.241.54219,1080,1920,10.0,3.7,2.3,2.7,0.31,0.19,0.23,13,8,10,4.3,4.1,3.4,0.38,0.36,0.3,16,15,12,7397808922,,,958,737,983,734,934,739,0.08891,0.07851,-0.99294,-0.05791,0.08324,-0.99485,4.355,4.269,4.322,,,,Valid,Valid,226.2,163.3,477.3,283.3,162.3,475.9,268.9,201.0,255.6,202.2,0.4991,0.682,0.5118,0.6801,0.4865,0.684,Screen Recording,Screen Recording Recording8.mp4,1920,1080,0,0,960,540,Fixation,224,221,958,750,0.4988,0.6943,,,,,,,,,,,
97686797,472180680537,Eye Tracker,LipReading_BJ,10/21/2025,CJY,Recording8,10/18/2025,10/18/2025,10:09:23.595,02:09:23.595,431768,Timeline1,Tobii I-VT (Fixation),1.241.54219,1080,1920,10.0,3.7,2.3,2.7,0.31,0.19,0.23,13,8,10,4.3,4.1,3.4,0.38,0.36,0.3,16,15,12,7397812921,,,939,737,,,939,737,,,,-0.05496,0.08229,-0.99509,,4.272,4.317,,,,Invalid,Valid,,,,283.3,162.3,475.9,,,257.0,201.7,0.4892,0.6824,,,0.4892,0.6824,Screen Recording,Screen Recording Recording8.mp4,1920,1080,0,0,960,540,Fixation,224,221,958,750,0.4988,0.6943,,,,,,,,,,,
97690797,472180684537,Eye Tracker,LipReading_BJ,10/21/2025,CJY,Recording8,10/18/2025,10/18/2025,10:09:23.595,02:09:23.595,431768,Timeline1,Tobii I-VT (Fixation),1.241.54219,1080,1920,10.0,3.7,2.3,2.7,0.31,0.19,0.23,13,8,10,4.3,4.1,3.4,0.38,0.36,0.3,16,15,12,7397816921,,,958,739,980,744,936,733,0.08766,0.08377,-0.99262,-0.05688,0.08025,-0.99515,4.368,4.291,4.317,,,,Valid,Valid,226.2,163.3,477.3,283.3,162.3,475.9,268.3,203.6,256.1,200.7,0.499,0.6839,0.5106,0.6887,0.4874,0.6791,Screen Recording,Screen Recording Recording8.mp4,1920,1080,0,0,960,540,Fixation,224,221,958,750,0.4988,0.6943,,,,,,,,,,,
97694798,472180688538,Eye Tracker,LipReading_BJ,10/21/2025,CJY,Recording8,10/18/2025,10/18/2025,10:09:23.595,02:09:23.595,431768,Timeline1,Tobii I-VT (Fixation),1.241.54219,1080,1920,10.0,3.7,2.3,2.7,0.31,0.19,0.23,13,8,10,4.3,4.1,3.4,0.38,0.36,0.3,16,15,12,7397820922,,,956,752,977,773,935,731,0.08566,0.10006,-0.99129,-0.05762,0.07895,-0.99521,4.268,4.279,4.297,,,,Valid,Valid,226.1,163.3,477.4,283.3,162.4,475.9,267.4,211.4,255.8,200.1,0.4978,0.6962,0.5089,0.7154,0.4868,0.677,Screen Recording,Screen Recording Recording8.mp4,1920,1080,0,0,960,540,Fixation,224,221,958,750,0.4988,0.6943,,,,,,,,,,,
97698797,472180692537,Eye Tracker,LipReading_BJ,10/21/2025,CJY,Recording8,10/18/2025,10/18/2025,10:09:23.595,02:09:23.595,431768,Timeline1,Tobii I-VT (Fixation),1.241.54219,1080,1920,10.0,3.7,2.3,2.7,0.31,0.19,0.23,13,8,10,4.3,4.1,3.4,0.38,0.36,0.3,16,15,12,7397824921,,,962,761,982,778,942,745,0.08848,0.10315,-0.99072,-0.05351,0.08653,-0.99481,4.272,4.281,4.297,,,,Valid,Valid,226.1,163.3,477.4,283.3,162.4,475.9,268.8,213.0,257.7,203.7,0.501,0.7049,0.5115,0.7205,0.4905,0.6894,Screen Recording,Screen Recording Recording8.mp4,1920,1080,0,0,960,540,Fixation,224,221,958,750,0.4988,0.6943,,,,,,,,,,,
97702798,472180696538,Eye Tracker,LipReading_BJ,10/21/2025,CJY,Recording8,10/18/2025,10/18/2025,10:09:23.595,02:09:23.595,431768,Timeline1,Tobii I-VT (Fixation),1.241.54219,1080,1920,10.0,3.7,2.3,2.7,0.31,0.19,0.23,13,8,10,4.3,4.1,3.4,0.38,0.36,0.3,16,15,12,7397828922,,,963,741,983,743,943,740,0.08897,0.08319,-0.99255,-0.05284,0.08382,-0.99508,4.315,4.269,4.297,,,,Valid,Valid,226.1,163.3,477.4,283.3,162.4,475.9,268.9,203.3,258.1,202.4,0.5015,0.6864,0.5118,0.6878,0.4911,0.6849,Screen Recording,Screen Recording Recording8.mp4,1920,1080,0,0,960,540,Fixation,224,221,958,750,0.4988,0.6943,,,,,,,,,,,
97706797,472180700537,Eye Tracker,LipReading_BJ,10/21/2025,CJY,Recording8,10/18/2025,10/18/2025,10:09:23.595,02:09:23.595,431768,Timeline1,Tobii I-VT (Fixation),1.241.54219,1080,1920,10.0,3.7,2.3,2.7,0.31,0.19,0.23,13,8,10,4.3,4.1,3.4,0.38,0.36,0.3,16,15,12,7397832921,,,960,742,983,747,938,738,0.08887,0.0857,-0.99235,-0.05591,0.08259,-0.99501,4.322,4.257,4.292,,,,Valid,Valid,226.1,163.3,477.4,283.3,162.4,475.9,268.9,204.5,256.6,201.9,0.5,0.6874,0.5118,0.6919,0.4883,0.683,Screen Recording,Screen Recording Recording8.mp4,1920,1080,0,0,960,540,Fixation,224,221,958,750,0.4988,0.6943,,,,,,,,,,,
97710797,472180704537,Eye Tracker,LipReading_BJ,10/21/2025,CJY,Recording8,10/18/2025,10/18/2025,10:09:23.595,02:09:23.595,431768,Timeline1,Tobii I-VT (Fixation),1.241.54219,1080,1920,10.0,3.7,2.3,2.7,0.31,0.19,0.23,13,8,10,4.3,4.1,3.4,0.38,0.36,0.3,16,15,12,7397836921,,,958,742,976,750,940,735,0.08502,0.08725,-0.99255,-0.05473,0.08092,-0.99522,4.343,4.296,4.292,,,,Valid,Valid,226.1,163.3,477.4,283.3,162.4,475.9,267.0,205.2,257.2,201.1,0.4988,0.6873,0.5082,0.6944,0.4894,0.6803,Screen Recording,Screen Recording Recording8.mp4,1920,1080,0,0,960,540,Fixation,224,221,958,750,0.4988,0.6943,,,,,,,,,,,
97714797,472180708537,Eye Tracker,LipReading_BJ,10/21/2025,CJY,Recording8,10/18/2025,10/18/2025,10:09:23.595,02:09:23.595,431768,Timeline1,Tobii I-VT (Fixation),1.241.54219,1080,1920,10.0,3.7,2.3,2.7,0.31,0.19,0.23,13,8,10,4.3,4.1,3.4,0.38,0.36,0.3,16,15,12,7397840921,,,954,754,976,765,931,743,0.08534,0.09573,-0.99174,-0.05938,0.08562,-0.99456,4.311,4.255,4.29,,,,Valid,Valid,226.2,163.3,477.3,283.3,162.4,475.9,267.2,209.4,254.9,203.3,0.4969,0.6982,0.5086,0.7084,0.4851,0.688,Screen Recording,Screen Recording Recording8.mp4,1920,1080,0,0,960,540,Fixation,224,221,958,750,0.4988,0.6943,,,,,,,,,,,
97718797,472180712537,Eye Tracker,LipReading_BJ,10/21/2025,CJY,Recording8,10/18/2025,10/18/2025,10:09:23.595,02:09:23.595,431768,Timeline1,Tobii I-VT (Fixation),1.241.54219,1080,1920,10.0,3.7,2.3,2.7,0.31,0.19,0.23,13,8,10,4.3,4.1,3.4,0.38,0.36,0.3,16,15,12,7397844921,,,959,748,987,761,931,736,0.0912,0.09334,-0.99145,-0.05954,0.08168,-0.99488,4.304,4.277,4.287,,,,Valid,Valid,226.2,163.3,477.4,283.3,162.4,475.9,270.1,208.2,254.8,201.4,0.4995,0.693,0.514,0.7045,0.485,0.6816,Screen Recording,Screen Recording Recording8.mp4,1920,1080,0,0,960,540,Fixation,224,221,958,750,0.4988,0.6943,,,,,,,,,,,
97722798,472180716538,Eye Tracker,LipReading_BJ,10/21/2025,CJY,Recording8,10/18/2025,10/18/2025,10:09:23.595,02:09:23.595,431768,Timeline1,Tobii I-VT (Fixation),1.241.54219,1080,1920,10.0,3.7,2.3,2.7,0.31,0.19,0.23,13,8,10,4.3,4.1,3.4,0.38,0.36,0.3,16,15,12,7397848922,,,955,760,974,784,936,735,0.08372,0.10655,-0.99078,-0.0567,0.08122,-0.99508,4.268,4.27,4.279,,,,Valid,Valid,226.2,163.3,477.3,283.3,162.4,475.9,266.5,214.6,256.2,201.2,0.4974,0.7035,0.5072,0.7262,0.4876,0.6808,Screen Recording,Screen Recording Recording8.mp4,1920,1080,0,0,960,540,Fixation,224,221,958,750,0.4988,0.6943,,,,,,,,,,,
97726797,472180720537,Eye Tracker,LipReading_BJ,10/21/2025,CJY,Recording8,10/18/2025,10/18/2025,10:09:23.595,02:09:23.595,431768,Timeline1,Tobii I-VT (Fixation),1.241.54219,1080,1920,10.0,3.7,2.3,2.7,0.31,0.19,0.23,13,8,10,4.3,4.1,3.4,0.38,0.36,0.3,16,15,12,7397852921,,,959,761,978,785,939,737,0.08624,0.10698,-0.99051,-0.05499,0.08237,-0.99508,4.241,4.242,4.269,,,,Valid,Valid,226.2,163.3,477.3,283.3,162.4,475.9,267.7,214.9,257.0,201.8,0.4993,0.7048,0.5095,0.727,0.4892,0.6827,Screen Recording,Screen Recording Recording8.mp4,1920,1080,0,0,960,540,Fixation,224,221,958,750,0.4988,0.6943,,,,,,,,,,,
97730797,472180724537,Eye Tracker,LipReading_BJ,10/21/2025,CJY,Recording8,10/18/2025,10/18/2025,10:09:23.595,02:09:23.595,431768,Timeline1,Tobii I-VT (Fixation),1.241.54219,1080,1920,10.0,3.7,2.3,2.7,0.31,0.19,0.23,13,8,10,4.3,4.1,3.4,0.38,0.36,0.3,16,15,12,7397856922,,,957,719,978,699,937,739,0.08636,0.05826,-0.99456,-0.05626,0.08327,-0.99494,4.304,4.242,4.246,,,,Valid,Valid,226.2,163.3,477.3,283.3,162.4,475.9,267.6,191.3,256.4,202.2,0.4987,0.6657,0.5093,0.6472,0.488,0.6842,Screen Recording,Screen Recording Recording8.mp4,1920,1080,0,0,960,540,Fixation,224,221,958,750,0.4988,0.6943,,,,,,,,,,,
97734797,472180728537,Eye Tracker,LipReading_BJ,10/21/2025,CJY,Recording8,10/18/2025,10/18/2025,10:09:23.595,02:09:23.595,431768,Timeline1,Tobii I-VT (Fixation),1.241.54219,1080,1920,10.0,3.7,2.3,2.7,0.31,0.19,0.23,13,8,10,4.3,4.1,3.4,0.38,0.36,0.3,16,15,12,7397860922,,,960,760,980,775,939,745,0.08722,0.10143,-0.99101,-0.05483,0.08661,-0.99473,4.234,4.279,4.243,,,,Valid,Valid,226.2,163.3,477.3,283.3,162.4,475.9,268.2,212.2,257.1,203.8,0.4998,0.7038,0.5104,0.7179,0.4893,0.6897,Screen Recording,Screen Recording Recording8.mp4,1920,1080,0,0,960,540,Fixation,224,221,958,750,0.4988,0.6943,,,,,,,,,,,
97738796,472180732536,Eye Tracker,LipReading_BJ,10/21/2025,CJY,Recording8,10/18/2025,10/18/2025,10:09:23.595,02:09:23.595,431768,Timeline1,Tobii I-VT (Fixation),1.241.54219,1080,1920,10.0,3.7,2.3,2.7,0.31,0.19,0.23,13,8,10,4.3,4.1,3.4,0.38,0.36,0.3,16,15,12,7397864921,,,957,763,971,785,943,741,0.08224,0.10666,-0.99089,-0.05274,0.0846,-0.99502,4.244,4.248,4.259,,,,Valid,Valid,226.2,163.4,477.3,283.3,162.4,475.9,265.8,214.7,258.1,202.9,0.4985,0.7065,0.5058,0.7265,0.4912,0.6864,Screen Recording,Screen Recording Recording8.mp4,1920,1080,0,0,960,540,Fixation,224,221,958,750,0.4988,0.6943,,,,,,,,,,,
97742797,472180736537,Eye Tracker,LipReading_BJ,10/21/2025,CJY,Recording8,10/18/2025,10/18/2025,10:09:23.595,02:09:23.595,431768,Timeline1,Tobii I-VT (Fixation),1.241.54219,1080,1920,10.0,3.7,2.3,2.7,0.31,0.19,0.23,13,8,10,4.3,4.1,3.4,0.38,0.36,0.3,16,15,12,7397868922,,,955,759,973,777,936,740,0.0834,0.10252,-0.99123,-0.05662,0.0836,-0.99489,4.271,4.239,4.259,,,,Valid,Valid,226.2,163.4,477.3,283.3,162.4,475.9,266.3,212.7,256.2,202.4,0.4972,0.7023,0.5068,0.7198,0.4876,0.6849,Screen Recording,Screen Recording Recording8.mp4,1920,1080,0,0,960,540,Fixation,224,221,958,750,0.4988,0.6943,,,,,,,,,,,
97746796,472180740536,Eye Tracker,LipReading_BJ,10/21/2025,CJY,Recording8,10/18/2025,10/18/2025,10:09:23.595,02:09:23.595,431768,Timeline1,Tobii I-VT (Fixation),1.241.54219,1080,1920,10.0,3.7,2.3,2.7,0.31,0.19,0.23,13,8,10,4.3,4.1,3.4,0.38,0.36,0.3,16,15,12,7397872921,,,959,743,973,747,946,740,0.08357,0.0854,-0.99284,-0.05122,0.0835,-0.99519,4.304,4.263,4.27,,,,Valid,Valid,226.2,163.4,477.3,283.3,162.5,475.9,266.3,204.4,258.8,202.4,0.4997,0.6882,0.5069,0.6917,0.4926,0.6848,Screen Recording,Screen Recording Recording8.mp4,1920,1080,0,0,960,540,Fixation,224,221,958,750,0.4988,0.6943,,,,,,,,,,,
97750797,472180744537,Eye Tracker,LipReading_BJ,10/21/2025,CJY,Recording8,10/18/2025,10/18/2025,10:09:23.595,02:09:23.595,431768,Timeline1,Tobii I-VT (Fixation),1.241.54219,1080,1920,10.0,3.7,2.3,2.7,0.31,0.19,0.23,13,8,10,4.3,4.1,3.4,0.38,0.36,0.3,16,15,12,7397876922,,,956,748,973,756,940,739,0.08328,0.09033,-0.99242,-0.05469,0.08332,-0.99502,4.296,4.243,4.269,,,,Valid,Valid,226.1,163.4,477.3,283.3,162.5,475.9,266.2,206.8,257.2,202.3,0.498,0.6922,0.5066,0.6998,0.4894,0.6845,Screen Recording,Screen Recording Recording8.mp4,1920,1080,0,0,960,540,Fixation,224,221,958,750,0.4988,0.6943,,,,,,,,,,,
97754797,472180748537,Eye Tracker,LipReading_BJ,10/21/2025,CJY,Recording8,10/18/2025,10/18/2025,10:09:23.595,02:09:23.595,431768,Timeline1,Tobii I-VT (Fixation),1.241.54219,1080,1920,10.0,3.7,2.3,2.7,0.31,0.19,0.23,13,8,10,4.3,4.1,3.4,0.38,0.36,0.3,16,15,12,7397880922,,,962,734,985,730,938,737,0.09046,0.07581,-0.99301,-0.05565,0.08209,-0.99507,4.342,4.245,4.269,,,,Valid,Valid,226.1,163.4,477.4,283.3,162.5,475.9,269.6,199.9,256.7,201.7,0.5008,0.6794,0.5131,0.6762,0.4885,0.6826,Screen Recording,Screen Recording Recording8.mp4,1920,1080,0,0,960,540,Fixation,224,221,958,750,0.4988,0.6943,,,,,,,,,,,
97758796,472180752536,Eye Tracker,LipReading_BJ,10/21/2025,CJY,Recording8,10/18/2025,10/18/2025,10:09:23.595,02:09:23.595,431768,Timeline1,Tobii I-VT (Fixation),1.241.54219,1080,1920,10.0,3.7,2.3,2.7,0.31,0.19,0.23,13,8,10,4.3,4.1,3.4,0.38,0.36,0.3,16,15,12,7397884921,,,955,754,972,775,939,733,0.08267,0.1011,-0.99143,-0.05525,0.07963,-0.99529,4.217,4.23,4.255,,,,Valid,Valid,226.1,163.4,477.5,283.3,162.5,476.0,265.9,212.1,256.9,200.6,0.4975,0.6981,0.5061,0.7176,0.4889,0.6786,Screen Recording,Screen Recording Recording8.mp4,1920,1080,0,0,960,540,Fixation,224,221,958,750,0.4988,0.6943,,,,,,,,,,,
97762797,472180756537,Eye Tracker,LipReading_BJ,10/21/2025,CJY,Recording8,10/18/2025,10/18/2025,10:09:23.595,02:09:23.595,431768,Timeline1,Tobii I-VT (Fixation),1.241.54219,1080,1920,10.0,3.7,2.3,2.7,0.31,0.19,0.23,13,8,10,4.3,4.1,3.4,0.38,0.36,0.3,16,15,12,7397888922,,,952,756,969,775,935,737,0.08123,0.10138,-0.99153,-0.05742,0.08198,-0.99498,4.281,4.226,4.253,,,,Valid,Valid,226.1,163.4,477.5,283.3,162.5,475.9,265.2,212.2,255.8,201.7,0.4958,0.7003,0.5048,0.718,0.4869,0.6825,Screen Recording,Screen Recording Recording8.mp4,1920,1080,0,0,960,540,Fixation,224,221,958,750,0.4988,0.6943,,,,,,,,,,,
97766796,472180760536,Eye Tracker,LipReading_BJ,10/21/2025,CJY,Recording8,10/18/2025,10/18/2025,10:09:23.595,02:09:23.595,431768,Timeline1,Tobii I-VT (Fixation),1.241.54219,1080,1920,10.0,3.7,2.3,2.7,0.31,0.19,0.23,13,8,10,4.3,4.1,3.4,0.38,0.36,0.3,16,15,12,7397892921,,,958,759,977,782,938,736,0.08576,0.1049,-0.99078,-0.05556,0.08107,-0.99516,4.222,4.222,4.231,,,,Valid,Valid,226.1,163.4,477.5,283.3,162.5,475.9,267.4,214.0,256.7,201.3,0.4988,0.7025,0.509,0.7239,0.4886,0.681,Screen Recording,Screen Recording Recording8.mp4,1920,1080,0,0,960,540,Fixation,224,221,958,750,0.4988,0.6943,,,,,,,,,,,
97770794,472180764534,Eye Tracker,LipReading_BJ,10/21/2025,CJY,Recording8,10/18/2025,10/18/2025,10:09:23.595,02:09:23.595,431768,Timeline1,Tobii I-VT (Fixation),1.241.54219,1080,1920,10.0,3.7,2.3,2.7,0.31,0.19,0.23,13,8,10,4.3,4.1,3.4,0.38,0.36,0.3,16,15,12,7397896919,,,960,737,982,736,938,738,0.08848,0.07887,-0.99295,-0.05536,0.08273,-0.99503,4.366,4.224,4.252,,,,Valid,Valid,226.1,163.4,477.5,283.3,162.5,475.9,268.7,201.3,256.8,202.1,0.5,0.6825,0.5113,0.6812,0.4887,0.6838,Screen Recording,Screen Recording Recording8.mp4,1920,1080,0,0,960,540,Fixation,224,221,958,750,0.4988,0.6943,,,,,,,,,,,
97774794,472180768534,Eye Tracker,LipReading_BJ,10/21/2025,CJY,Recording8,10/18/2025,10/18/2025,10:09:23.595,02:09:23.595,431768,Timeline1,Tobii I-VT (Fixation),1.241.54219,1080,1920,10.0,3.7,2.3,2.7,0.31,0.19,0.23,13,8,10,4.3,4.1,3.4,0.38,0.36,0.3,16,15,12,7397900919,,,955,760,973,777,936,744,0.08345,0.10218,-0.99126,-0.0566,0.0857,-0.99471,4.235,4.234,4.253,,,,Valid,Valid,226.1,163.4,477.4,283.3,162.5,475.9,266.3,212.6,256.2,203.5,0.4972,0.704,0.5068,0.7195,0.4876,0.6886,Screen Recording,Screen Recording Recording8.mp4,1920,1080,0,0,960,540,Fixation,224,221,958,750,0.4988,0.6943,,,,,,,,,,,
97778793,472180772533,Eye Tracker,LipReading_BJ,10/21/2025,CJY,Recording8,10/18/2025,10/18/2025,10:09:23.595,02:09:23.595,431768,Timeline1,Tobii I-VT (Fixation),1.241.54219,1080,1920,10.0,3.7,2.3,2.7,0.31,0.19,0.23,13,8,10,4.3,4.1,3.4,0.38,0.36,0.3,16,15,12,7397904918,,,958,753,973,757,943,749,0.08326,0.09118,-0.99235,-0.05251,0.08847,-0.99469,4.283,4.214,4.257,,,,Valid,Valid,226.1,163.4,477.4,283.3,162.5,475.9,266.2,207.3,258.1,204.9,0.4989,0.6972,0.5065,0.7014,0.4913,0.6931,Screen Recording,Screen Recording Recording8.mp4,1920,1080,0,0,960,540,Fixation,224,221,958,750,0.4988,0.6943,,,,,,,,,,,
97782794,472180776534,Eye Tracker,LipReading_BJ,10/21/2025,CJY,Recording8,10/18/2025,10/18/2025,10:09:23.595,02:09:23.595,431768,Timeline1,Tobii I-VT (Fixation),1.241.54219,1080,1920,10.0,3.7,2.3,2.7,0.31,0.19,0.23,13,8,10,4.3,4.1,3.4,0.38,0.36,0.3,16,15,12,7397908919,,,959,742,980,741,938,743,0.08727,0.08158,-0.99284,-0.0555,0.08535,-0.9948,4.291,4.215,4.249,,,,Valid,Valid,226.1,163.4,477.4,283.3,162.5,475.9,268.1,202.7,256.7,203.4,0.4994,0.6869,0.5102,0.6857,0.4885,0.688,Screen Recording,Screen Recording Recording8.mp4,1920,1080,0,0,960,540,Fixation,224,221,958,750,0.4988,0.6943,,,,,,,,,,,
97786793,472180780533,Eye Tracker,LipReading_BJ,10/21/2025,CJY,Recording8,10/18/2025,10/18/2025,10:09:23.595,02:09:23.595,431768,Timeline1,Tobii I-VT (Fixation),1.241.54219,1080,1920,10.0,3.7,2.3,2.7,0.31,0.19,0.23,13,8,10,4.3,4.1,3.4,0.38,0.36,0.3,16,15,12,7397912918,,,955,742,973,749,937,735,0.08382,0.08638,-0.99273,-0.05594,0.08101,-0.99514,4.299,4.238,4.249,,,,Valid,Valid,226.1,163.4,477.4,283.3,162.5,475.9,266.4,205.0,256.5,201.3,0.4976,0.6872,0.507,0.6935,0.4882,0.6809,Screen Recording,Screen Recording Recording8.mp4,1920,1080,0,0,960,540,Fixation,224,221,958,750,0.4988,0.6943,,,,,,,,,,,
97790793,472180784533,Eye Tracker,LipReading_BJ,10/21/2025,CJY,Recording8,10/18/2025,10/18/2025,10:09:23.595,02:09:23.595,431768,Timeline1,Tobii I-VT (Fixation),1.241.54219,1080,1920,10.0,3.7,2.3,2.7,0.31,0.19,0.23,13,8,10,4.3,4.1,3.4,0.38,0.36,0.3,16,15,12,7397916918,,,961,757,975,774,947,741,0.08447,0.1003,-0.99137,-0.05061,0.08408,-0.99517,4.225,4.2,4.22,,,,Valid,Valid,226.1,163.4,477.4,283.3,162.5,476.0,266.8,211.7,259.0,202.7,0.5004,0.7011,0.5077,0.7163,0.493,0.6858,Screen Recording,Screen Recording Recording8.mp4,1920,1080,0,0,960,540,Fixation,224,221,958,750,0.4988,0.6943,,,,,,,,,,,
97794794,472180788534,Eye Tracker,LipReading_BJ,10/21/2025,CJY,Recording8,10/18/2025,10/18/2025,10:09:23.595,02:09:23.595,431768,Timeline1,Tobii I-VT (Fixation),1.241.54219,1080,1920,10.0,3.7,2.3,2.7,0.31,0.19,0.23,13,8,10,4.3,4.1,3.4,0.38,0.36,0.3,16,15,12,7397920919,,,957,752,976,776,939,729,0.0849,0.10155,-0.9912,-0.05483,0.07726,-0.9955,4.207,4.221,4.21,,,,Valid,Valid,226.1,163.4,477.4,283.3,162.5,476.0,267.0,212.3,257.0,199.4,0.4986,0.6966,0.5081,0.7184,0.4892,0.6747,Screen Recording,Screen Recording Recording8.mp4,1920,1080,0,0,960,540,Fixation,224,221,958,750,0.4988,0.6943,,,,,,,,,,,
97798793,472180792533,Eye Tracker,LipReading_BJ,10/21/2025,CJY,Recording8,10/18/2025,10/18/2025,10:09:23.595,02:09:23.595,431768,Timeline1,Tobii I-VT (Fixation),1.241.54219,1080,1920,10.0,3.7,2.3,2.7,0.31,0.19,0.23,13,8,10,4.3,4.1,3.4,0.38,0.36,0.3,16,15,12,7397924918,,,955,752,979,774,932,730,0.08675,0.10066,-0.99113,-0.059,0.07785,-0.99522,4.208,4.211,4.21,,,,Valid,Valid,226.1,163.4,477.4,283.3,162.5,476.0,267.9,211.9,255.0,199.7,0.4976,0.6963,0.5098,0.7169,0.4854,0.6756,Screen Recording,Screen Recording Recording8.mp4,1920,1080,0,0,960,540,Fixation,224,221,958,750,0.4988,0.6943,,,,,,,,,,,
97802794,472180796534,Eye Tracker,LipReading_BJ,10/21/2025,CJY,Recording8,10/18/2025,10/18/2025,10:09:23.595,02:09:23.595,431768,Timeline1,Tobii I-VT (Fixation),1.241.54219,1080,1920,10.0,3.7,2.3,2.7,0.31,0.19,0.23,13,8,10,4.3,4.1,3.4,0.38,0.36,0.3,16,15,12,7397928919,,,956,753,975,773,937,732,0.08466,0.10028,-0.99135,-0.05602,0.07905,-0.9953,4.206,4.208,4.212,,,,Valid,Valid,226.1,163.4,477.4,283.3,162.4,476.0,266.9,211.7,256.5,200.2,0.498,0.6968,0.5079,0.7162,0.4881,0.6775,Screen Recording,Screen Recording Recording8.mp4,1920,1080,0,0,960,540,Fixation,224,221,958,750,0.4988,0.6943,,,,,,,,,,,
97806793,472180800533,Eye Tracker,LipReading_BJ,10/21/2025,CJY,Recording8,10/18/2025,10/18/2025,10:09:23.595,02:09:23.595,431768,Timeline1,Tobii I-VT (Fixation),1.241.54219,1080,1920,10.0,3.7,2.3,2.7,0.31,0.19,0.23,13,8,10,4.3,4.1,3.4,0.38,0.36,0.3,16,15,12,7397932918,,,957,736,977,734,936,739,0.08596,0.0778,-0.99326,-0.05643,0.08311,-0.99494,4.23,4.215,4.219,,,,Valid,Valid,226.1,163.3,477.4,283.3,162.4,476.0,267.4,200.7,256.3,202.2,0.4983,0.6816,0.5089,0.6792,0.4877,0.6841,Screen Recording,Screen Recording Recording8.mp4,1920,1080,0,0,960,540,Fixation,224,221,958,750,0.4988,0.6943,,,,,,,,,,,
97810794,472180804534,Eye Tracker,LipReading_BJ,10/21/2025,CJY,Recording8,10/18/2025,10/18/2025,10:09:23.595,02:09:23.595,431768,Timeline1,Tobii I-VT (Fixation),1.241.54219,1080,1920,10.0,3.7,2.3,2.7,0.31,0.19,0.23,13,8,10,4.3,4.1,3.4,0.38,0.36,0.3,16,15,12,7397936919,,,957,756,974,773,940,738,0.08429,0.10033,-0.99138,-0.05458,0.08284,-0.99507,4.223,4.228,4.229,,,,Valid,Valid,226.1,163.3,477.4,283.3,162.4,475.9,266.7,211.6,257.2,202.0,0.4985,0.6998,0.5075,0.7161,0.4894,0.6836,Screen Recording,Screen Recording Recording8.mp4,1920,1080,0,0,960,540,Fixation,224,221,958,750,0.4988,0.6943,,,,,,,,,,,
97814794,472180808534,Eye Tracker,LipReading_BJ,10/21/2025,CJY,Recording8,10/18/2025,10/18/2025,10:09:23.595,02:09:23.595,431768,Timeline1,Tobii I-VT (Fixation),1.241.54219,1080,1920,10.0,3.7,2.3,2.7,0.31,0.19,0.23,13,8,10,4.3,4.1,3.4,0.38,0.36,0.3,16,15,12,7397940919,,,959,752,975,759,944,745,0.0846,0.09227,-0.99213,-0.05225,0.08674,-0.99486,4.29,4.228,4.232,,,,Valid,Valid,226.1,163.3,477.4,283.3,162.4,476.0,266.8,207.7,258.3,203.9,0.4997,0.6963,0.5078,0.7028,0.4915,0.6898,Screen Recording,Screen Recording Recording8.mp4,1920,1080,0,0,960,540,Fixation,224,221,958,750,0.4988,0.6943,,,,,,,,,,,
97818793,472180812533,Eye Tracker,LipReading_BJ,10/21/2025,CJY,Recording8,10/18/2025,10/18/2025,10:09:23.595,02:09:23.595,431768,Timeline1,Tobii I-VT (Fixation),1.241.54219,1080,1920,10.0,3.7,2.3,2.7,0.31,0.19,0.23,13,8,10,4.3,4.1,3.4,0.38,0.36,0.3,16,15,12,7397944918,,,953,757,972,773,934,741,0.08265,0.10004,-0.99155,-0.05801,0.0844,-0.99474,4.237,4.227,4.236,,,,Valid,Valid,226.1,163.3,477.4,283.3,162.4,475.9,265.9,211.5,255.5,202.8,0.4962,0.7008,0.5061,0.7155,0.4863,0.686,Screen Recording,Screen Recording Recording8.mp4,1920,1080,0,0,960,540,Fixation,224,221,958,750,0.4988,0.6943,,,,,,,,,,,
97822794,472180816534,Eye Tracker,LipReading_BJ,10/21/2025,CJY,Recording8,10/18/2025,10/18/2025,10:09:23.595,02:09:23.595,431768,Timeline1,Tobii I-VT (Fixation),1.241.54219,1080,1920,10.0,3.7,2.3,2.7,0.31,0.19,0.23,13,8,10,4.3,4.1,3.4,0.38,0.36,0.3,16,15,12,7397948919,,,958,733,977,723,938,743,0.08607,0.07194,-0.99369,-0.05545,0.08533,-0.99481,4.362,4.178,4.257,,,,Valid,Valid,226.1,163.3,477.4,283.3,162.4,475.9,267.5,197.9,256.7,203.2,0.4988,0.6785,0.509,0.6694,0.4886,0.6875,Screen Recording,Screen Recording Recording8.mp4,1920,1080,0,0,960,540,Fixation,224,221,958,750,0.4988,0.6943,,,,,,,,,,,
97826793,472180820533,Eye Tracker,LipReading_BJ,10/21/2025,CJY,Recording8,10/18/2025,10/18/2025,10:09:23.595,02:09:23.595,431768,Timeline1,Tobii I-VT (Fixation),1.241.54219,1080,1920,10.0,3.7,2.3,2.7,0.31,0.19,0.23,13,8,10,4.3,4.1,3.4,0.38,0.36,0.3,16,15,12,7397952918,,,955,760,974,780,935,741,0.08399,0.1039,-0.99104,-0.05714,0.08466,-0.99477,4.245,4.221,4.251,,,,Valid,Valid,226.1,163.3,477.4,283.3,162.4,476.0,266.6,213.3,255.9,202.9,0.4972,0.7041,0.5073,0.7218,0.4871,0.6864,Screen Recording,Screen Recording Recording8.mp4,1920,1080,0,0,960,540,Fixation,224,221,958,750,0.4988,0.6943,,,,,,,,,,,
97830794,472180824534,Eye Tracker,LipReading_BJ,10/21/2025,CJY,Recording8,10/18/2025,10/18/2025,10:09:23.595,02:09:23.595,431768,Timeline1,Tobii I-VT (Fixation),1.241.54219,1080,1920,10.0,3.7,2.3,2.7,0.31,0.19,0.23,13,8,10,4.3,4.1,3.4,0.38,0.36,0.3,16,15,12,7397956919,,,957,738,980,740,933,736,0.08777,0.08134,-0.99281,-0.05861,0.08138,-0.99496,4.32,4.225,4.243,,,,Valid,Valid,226.1,163.3,477.4,283.3,162.4,475.9,268.3,202.4,255.3,201.3,0.4982,0.683,0.5107,0.6848,0.4858,0.6811,Screen Recording,Screen Recording Recording8.mp4,1920,1080,0,0,960,540,Fixation,224,221,958,750,0.4988,0.6943,,,,,,,,,,,
97834793,472180828533,Eye Tracker,LipReading_BJ,10/21/2025,CJY,Recording8,10/18/2025,10/18/2025,10:09:23.595,02:09:23.595,431768,Timeline1,Tobii I-VT (Fixation),1.241.54219,1080,1920,10.0,3.7,2.3,2.7,0.31,0.19,0.23,13,8,10,4.3,4.1,3.4,0.38,0.36,0.3,16,15,12,7397960919,,,959,751,975,759,944,743,0.08457,0.09233,-0.99213,-0.05234,0.08551,-0.99496,4.28,4.179,4.226,,,,Valid,Valid,226.1,163.3,477.4,283.3,162.4,475.9,266.8,207.7,258.3,203.3,0.4997,0.6953,0.5078,0.7028,0.4915,0.6878,Screen Recording,Screen Recording Recording8.mp4,1920,1080,0,0,960,540,Fixation,224,221,958,750,0.4988,0.6943,,,,,,,,,,,
97838792,472180832532,Eye Tracker,LipReading_BJ,10/21/2025,CJY,Recording8,10/18/2025,10/18/2025,10:09:23.595,02:09:23.595,431768,Timeline1,Tobii I-VT (Fixation),1.241.54219,1080,1920,10.0,3.7,2.3,2.7,0.31,0.19,0.23,13,8,10,4.3,4.1,3.4,0.38,0.36,0.3,16,15,12,7397964918,,,958,757,972,770,944,745,0.083,0.09832,-0.99169,-0.05235,0.0868,-0.99485,4.239,4.206,4.239,,,,Valid,Valid,226.1,163.3,477.4,283.3,162.4,475.9,266.1,210.7,258.3,203.9,0.499,0.7013,0.5064,0.7127,0.4915,0.6899,Screen Recording,Screen Recording Recording8.mp4,1920,1080,0,0,960,540,Fixation,224,221,958,750,0.4988,0.6943,,,,,,,,,,,
97842793,472180836533,Eye Tracker,LipReading_BJ,10/21/2025,CJY,Recording8,10/18/2025,10/18/2025,10:09:23.595,02:09:23.595,431768,Timeline1,Tobii I-VT (Fixation),1.241.54219,1080,1920,10.0,3.7,2.3,2.7,0.31,0.19,0.23,13,8,10,4.3,4.1,3.4,0.38,0.36,0.3,16,15,12,7397968919,,,956,759,973,777,938,742,0.0832,0.10226,-0.99127,-0.05543,0.08485,-0.99485,4.209,4.207,4.239,,,,Valid,Valid,226.1,163.3,477.3,283.3,162.4,475.9,266.2,212.6,256.8,203.0,0.4977,0.703,0.5066,0.7192,0.4887,0.6867,Screen Recording,Screen Recording Recording8.mp4,1920,1080,0,0,960,540,Fixation,224,221,958,750,0.4988,0.6943,,,,,,,,,,,
97846792,472180840532,Eye Tracker,LipReading_BJ,10/21/2025,CJY,Recording8,10/18/2025,10/18/2025,10:09:23.595,02:09:23.595,431768,Timeline1,Tobii I-VT (Fixation),1.241.54219,1080,1920,10.0,3.7,2.3,2.7,0.31,0.19,0.23,13,8,10,4.3,4.1,3.4,0.38,0.36,0.3,16,15,12,7397972918,,,953,747,969,754,936,740,0.08141,0.08959,-0.99265,-0.05678,0.08381,-0.99486,4.271,4.222,4.237,,,,Valid,Valid,226.2,163.4,477.3,283.3,162.4,475.9,265.3,206.4,256.2,202.5,0.4962,0.6918,0.5049,0.6985,0.4875,0.6851,Screen Recording,Screen Recording Recording8.mp4,1920,1080,0,0,960,540,Fixation,224,221,958,750,0.4988,0.6943,,,,,,,,,,,
97850793,472180844533,Eye Tracker,LipReading_BJ,10/21/2025,CJY,Recording8,10/18/2025,10/18/2025,10:09:23.595,02:09:23.595,431768,Timeline1,Tobii I-VT (Fixation),1.241.54219,1080,1920,10.0,3.7,2.3,2.7,0.31,0.19,0.23,13,8,10,4.3,4.1,3.4,0.38,0.36,0.3,16,15,12,7397976919,,,961,732,986,734,936,730,0.09069,0.07789,-0.99283,-0.0567,0.07787,-0.99535,4.297,4.222,4.242,,,,Valid,Valid,226.2,163.4,477.3,283.3,162.4,475.9,269.8,200.8,256.2,199.6,0.5005,0.6774,0.5134,0.6794,0.4876,0.6755,Screen Recording,Screen Recording Recording8.mp4,1920,1080,0,0,960,540,Fixation,224,221,958,750,0.4988,0.6943,,,,,,,,,,,
97854793,472180848533,Eye Tracker,LipReading_BJ,10/21/2025,CJY,Recording8,10/18/2025,10/18/2025,10:09:23.595,02:09:23.595,431768,Timeline1,Tobii I-VT (Fixation),1.241.54219,1080,1920,10.0,3.7,2.3,2.7,0.31,0.19,0.23,13,8,10,4.3,4.1,3.4,0.38,0.36,0.3,16,15,12,7397980919,,,934,734,,,934,734,,,,-0.05774,0.08025,-0.9951,,4.196,4.246,,,,Invalid,Valid,,,,283.3,162.4,475.9,,,255.7,200.8,0.4866,0.6793,,,0.4866,0.6793,Screen Recording,Screen Recording Recording8.mp4,1920,1080,0,0,960,540,Fixation,224,221,958,750,0.4988,0.6943,,,,,,,,,,,
97858792,472180852532,Eye Tracker,LipReading_BJ,10/21/2025,CJY,Recording8,10/18/2025,10/18/2025,10:09:23.595,02:09:23.595,431768,Timeline1,Tobii I-VT (Fixation),1.241.54219,1080,1920,10.0,3.7,2.3,2.7,0.31,0.19,0.23,13,8,10,4.3,4.1,3.4,0.38,0.36,0.3,16,15,12,7397984918,,,954,763,968,779,939,747,0.08066,0.10316,-0.99139,-0.0551,0.08775,-0.99462,4.238,4.216,4.242,,,,Valid,Valid,226.2,163.4,477.3,283.3,162.4,475.9,265.0,213.1,256.9,204.4,0.4967,0.7062,0.5043,0.7208,0.489,0.6916,Screen Recording,Screen Recording Recording8.mp4,1920,1080,0,0,960,540,Fixation,224,221,958,750,0.4988,0.6943,,,,,,,,,,,
97862793,472180856533,Eye Tracker,LipReading_BJ,10/21/2025,CJY,Recording8,10/18/2025,10/18/2025,10:09:23.595,02:09:23.595,431768,Timeline1,Tobii I-VT (Fixation),1.241.54219,1080,1920,10.0,3.7,2.3,2.7,0.31,0.19,0.23,13,8,10,4.3,4.1,3.4,0.38,0.36,0.3,16,15,12,7397988919,,,955,738,974,738,935,738,0.08416,0.08026,-0.99321,-0.05738,0.08247,-0.99494,4.314,4.231,4.227,,,,Valid,Valid,226.1,163.4,477.3,283.3,162.4,475.9,266.6,202.0,255.9,201.9,0.4972,0.6832,0.5074,0.6833,0.4869,0.683,Screen Recording,Screen Recording Recording8.mp4,1920,1080,0,0,960,540,Saccade,8,385,,,,,,,,,,,,,,,
97866792,472180860532,Eye Tracker,LipReading_BJ,10/21/2025,CJY,Recording8,10/18/2025,10/18/2025,10:09:23.595,02:09:23.595,431768,Timeline1,Tobii I-VT (Fixation),1.241.54219,1080,1920,10.0,3.7,2.3,2.7,0.31,0.19,0.23,13,8,10,4.3,4.1,3.4,0.38,0.36,0.3,16,15,12,7397992918,,,957,757,978,774,937,739,0.08621,0.10076,-0.99117,-0.05639,0.08314,-0.99494,4.212,4.215,4.222,,,,Valid,Valid,226.1,163.4,477.4,283.3,162.4,475.9,267.7,211.9,256.3,202.2,0.4986,0.7006,0.5094,0.717,0.4878,0.6841,Screen Recording,Screen Recording Recording8.mp4,1920,1080,0,0,960,540,Saccade,8,385,,,,,,,,,,,,,,,
97870793,472180864533,Eye Tracker,LipReading_BJ,10/21/2025,CJY,Recording8,10/18/2025,10/18/2025,10:09:23.595,02:09:23.595,431768,Timeline1,Tobii I-VT (Fixation),1.241.54219,1080,1920,10.0,3.7,2.3,2.7,0.31,0.19,0.23,13,8,10,4.3,4.1,3.4,0.38,0.36,0.3,16,15,12,7397996919,,,955,765,974,793,937,737,0.0837,0.11118,-0.99027,-0.05627,0.08227,-0.99502,4.188,4.228,4.222,,,,Valid,Valid,226.1,163.4,477.3,283.3,162.4,475.9,266.5,217.0,256.4,201.8,0.4976,0.7084,0.5072,0.7342,0.4879,0.6827,Screen Recording,Screen Recording Recording8.mp4,1920,1080,0,0,960,540,Fixation,280,222,958,752,0.4989,0.6964,,,,,,,,,,,
97874793,472180868533,Eye Tracker,LipReading_BJ,10/21/2025,CJY,Recording8,10/18/2025,10/18/2025,10:09:23.595,02:09:23.595,431768,Timeline1,Tobii I-VT (Fixation),1.241.54219,1080,1920,10.0,3.7,2.3,2.7,0.31,0.19,0.23,13,8,10,4.3,4.1,3.4,0.38,0.36,0.3,16,15,12,7398000919,,,955,758,976,779,934,736,0.08498,0.1034,-0.991,-0.05805,0.08155,-0.99498,4.222,4.222,4.218,,,,Valid,Valid,226.1,163.4,477.4,283.3,162.4,475.9,267.1,213.2,255.5,201.4,0.4973,0.7014,0.5083,0.7213,0.4863,0.6816,Screen Recording,Screen Recording Recording8.mp4,1920,1080,0,0,960,540,Fixation,280,222,958,752,0.4989,0.6964,,,,,,,,,,,
97878792,472180872532,Eye Tracker,LipReading_BJ,10/21/2025,CJY,Recording8,10/18/2025,10/18/2025,10:09:23.595,02:09:23.595,431768,Timeline1,Tobii I-VT (Fixation),1.241.54219,1080,1920,10.0,3.7,2.3,2.7,0.31,0.19,0.23,13,8,10,4.3,4.1,3.4,0.38,0.36,0.3,16,15,12,7398004918,,,952,755,969,777,934,733,0.0814,0.1024,-0.99141,-0.05764,0.07999,-0.99513,4.222,4.214,4.221,,,,Valid,Valid,226.1,163.4,477.4,283.3,162.4,476.0,265.3,212.7,255.7,200.7,0.4958,0.6993,0.5049,0.7196,0.4867,0.679,Screen Recording,Screen Recording Recording8.mp4,1920,1080,0,0,960,540,Fixation,280,222,958,752,0.4989,0.6964,,,,,,,,,,,
97882793,472180876533,Eye Tracker,LipReading_BJ,10/21/2025,CJY,Recording8,10/18/2025,10/18/2025,10:09:23.595,02:09:23.595,431768,Timeline1,Tobii I-VT (Fixation),1.241.54219,1080,1920,10.0,3.7,2.3,2.7,0.31,0.19,0.23,13,8,10,4.3,4.1,3.4,0.38,0.36,0.3,16,15,12,7398008919,,,962,742,979,743,945,741,0.08715,0.08321,-0.99271,-0.05162,0.08422,-0.99511,4.321,4.158,4.218,,,,Valid,Valid,226.1,163.4,477.4,283.3,162.4,476.0,268.0,203.4,258.6,202.7,0.5011,0.687,0.5101,0.6882,0.4921,0.6859,Screen Recording,Screen Recording Recording8.mp4,1920,1080,0,0,960,540,Fixation,280,222,958,752,0.4989,0.6964,,,,,,,,,,,
97886792,472180880532,Eye Tracker,LipReading_BJ,10/21/2025,CJY,Recording8,10/18/2025,10/18/2025,10:09:23.595,02:09:23.595,431768,Timeline1,Tobii I-VT (Fixation),1.241.54219,1080,1920,10.0,3.7,2.3,2.7,0.31,0.19,0.23,13,8,10,4.3,4.1,3.4,0.38,0.36,0.3,16,15,12,7398012918,,,956,752,979,772,934,732,0.08687,0.09919,-0.99127,-0.058,0.07903,-0.99518,4.215,4.221,4.215,,,,Valid,Valid,226.1,163.4,477.4,283.3,162.4,476.0,267.9,211.2,255.5,200.2,0.4981,0.696,0.5099,0.7144,0.4863,0.6775,Screen Recording,Screen Recording Recording8.mp4,1920,1080,0,0,960,540,Fixation,280,222,958,752,0.4989,0.6964,,,,,,,,,,,
97890793,472180884533,Eye Tracker,LipReading_BJ,10/21/2025,CJY,Recording8,10/18/2025,10/18/2025,10:09:23.595,02:09:23.595,431768,Timeline1,Tobii I-VT (Fixation),1.241.54219,1080,1920,10.0,3.7,2.3,2.7,0.31,0.19,0.23,13,8,10,4.3,4.1,3.4,0.38,0.36,0.3,16,15,12,7398016919,,,960,755,978,775,942,736,0.08632,0.10101,-0.99113,-0.05316,0.0814,-0.99526,4.215,4.188,4.209,,,,Valid,Valid,226.1,163.4,477.4,283.3,162.4,476.0,267.7,212.1,257.8,201.4,0.5001,0.6994,0.5094,0.7175,0.4907,0.6813,Screen Recording,Screen Recording Recording8.mp4,1920,1080,0,0,960,540,Fixation,280,222,958,752,0.4989,0.6964,,,,,,,,,,,
97894792,472180888532,Eye Tracker,LipReading_BJ,10/21/2025,CJY,Recording8,10/18/2025,10/18/2025,10:09:23.595,02:09:23.595,431768,Timeline1,Tobii I-VT (Fixation),1.241.54219,1080,1920,10.0,3.7,2.3,2.7,0.31,0.19,0.23,13,8,10,4.3,4.1,3.4,0.38,0.36,0.3,16,15,12,7398020918,,,958,763,977,788,939,738,0.08562,0.1082,-0.99044,-0.05479,0.08254,-0.99508,4.217,4.222,4.209,,,,Valid,Valid,226.1,163.4,477.4,283.2,162.4,476.0,267.4,215.6,257.0,201.9,0.499,0.7063,0.5088,0.7293,0.4892,0.6832,Screen Recording,Screen Recording Recording8.mp4,1920,1080,0,0,960,540,Fixation,280,222,958,752,0.4989,0.6964,,,,,,,,,,,
97898793,472180892533,Eye Tracker,LipReading_BJ,10/21/2025,CJY,Recording8,10/18/2025,10/18/2025,10:09:23.595,02:09:23.595,431768,Timeline1,Tobii I-VT (Fixation),1.241.54219,1080,1920,10.0,3.7,2.3,2.7,0.31,0.19,0.23,13,8,10,4.3,4.1,3.4,0.38,0.36,0.3,16,15,12,7398024919,,,959,737,978,739,939,735,0.0866,0.08051,-0.99298,-0.05495,0.08105,-0.99519,4.32,4.201,4.209,,,,Valid,Valid,226.1,163.4,477.4,283.2,162.5,476.0,267.7,202.1,257.0,201.2,0.4993,0.6823,0.5095,0.6839,0.489,0.6808,Screen Recording,Screen Recording Recording8.mp4,1920,1080,0,0,960,540,Fixation,280,222,958,752,0.4989,0.6964,,,,,,,,,,,
97902794,472180896534,Eye Tracker,LipReading_BJ,10/21/2025,CJY,Recording8,10/18/2025,10/18/2025,10:09:23.595,02:09:23.595,431768,Timeline1,Tobii I-VT (Fixation),1.241.54219,1080,1920,10.0,3.7,2.3,2.7,0.31,0.19,0.23,13,8,10,4.3,4.1,3.4,0.38,0.36,0.3,16,15,12,7398028920,,,956,754,972,775,940,734,0.08319,0.10088,-0.99142,-0.05429,0.08007,-0.99531,4.252,4.202,4.215,,,,Valid,Valid,226.1,163.4,477.4,283.2,162.5,476.0,266.1,212.0,257.3,200.8,0.498,0.6983,0.5065,0.7173,0.4896,0.6792,Screen Recording,Screen Recording Recording8.mp4,1920,1080,0,0,960,540,Fixation,280,222,958,752,0.4989,0.6964,,,,,,,,,,,
97906793,472180900533,Eye Tracker,LipReading_BJ,10/21/2025,CJY,Recording8,10/18/2025,10/18/2025,10:09:23.595,02:09:23.595,431768,Timeline1,Tobii I-VT (Fixation),1.241.54219,1080,1920,10.0,3.7,2.3,2.7,0.31,0.19,0.23,13,8,10,4.3,4.1,3.4,0.38,0.36,0.3,16,15,12,7398032919,,,958,759,977,779,939,739,0.08581,0.1035,-0.99092,-0.05502,0.08333,-0.995,4.216,4.214,4.228,,,,Valid,Valid,226.0,163.4,477.4,283.2,162.5,476.0,267.4,213.3,256.9,202.3,0.4989,0.7031,0.5089,0.7217,0.4889,0.6846,Screen Recording,Screen Recording Recording8.mp4,1920,1080,0,0,960,540,Fixation,280,222,958,752,0.4989,0.6964,,,,,,,,,,,
97910794,472180904534,Eye Tracker,LipReading_BJ,10/21/2025,CJY,Recording8,10/18/2025,10/18/2025,10:09:23.595,02:09:23.595,431768,Timeline1,Tobii I-VT (Fixation),1.241.54219,1080,1920,10.0,3.7,2.3,2.7,0.31,0.19,0.23,13,8,10,4.3,4.1,3.4,0.38,0.36,0.3,16,15,12,7398036920,,,959,762,981,788,937,736,0.08795,0.10806,-0.99025,-0.05583,0.08147,-0.99511,4.217,4.233,4.219,,,,Valid,Valid,226.0,163.5,477.4,283.2,162.5,476.0,268.4,215.6,256.5,201.5,0.4995,0.7054,0.5109,0.7293,0.4882,0.6816,Screen Recording,Screen Recording Recording8.mp4,1920,1080,0,0,960,540,Fixation,280,222,958,752,0.4989,0.6964,,,,,,,,,,,
97914794,472180908534,Eye Tracker,LipReading_BJ,10/21/2025,CJY,Recording8,10/18/2025,10/18/2025,10:09:23.595,02:09:23.595,431768,Timeline1,Tobii I-VT (Fixation),1.241.54219,1080,1920,10.0,3.7,2.3,2.7,0.31,0.19,0.23,13,8,10,4.3,4.1,3.4,0.38,0.36,0.3,16,15,12,7398040920,,,962,745,986,748,938,742,0.09109,0.08545,-0.99217,-0.05548,0.08489,-0.99484,4.285,4.205,4.219,,,,Valid,Valid,226.0,163.5,477.4,283.2,162.5,476.0,269.9,204.6,256.6,203.1,0.501,0.6897,0.5136,0.6921,0.4884,0.6872,Screen Recording,Screen Recording Recording8.mp4,1920,1080,0,0,960,540,Fixation,280,222,958,752,0.4989,0.6964,,,,,,,,,,,
97918793,472180912533,Eye Tracker,LipReading_BJ,10/21/2025,CJY,Recording8,10/18/2025,10/18/2025,10:09:23.595,02:09:23.595,431768,Timeline1,Tobii I-VT (Fixation),1.241.54219,1080,1920,10.0,3.7,2.3,2.7,0.31,0.19,0.23,13,8,10,4.3,4.1,3.4,0.38,0.36,0.3,16,15,12,7398044919,,,960,759,984,781,935,738,0.08987,0.10419,-0.99049,-0.05706,0.08256,-0.99495,4.224,4.225,4.221,,,,Valid,Valid,226.0,163.5,477.4,283.2,162.5,476.0,269.3,213.7,255.9,202.0,0.4998,0.7032,0.5126,0.723,0.487,0.6835,Screen Recording,Screen Recording Recording8.mp4,1920,1080,0,0,960,540,Fixation,280,222,958,752,0.4989,0.6964,,,,,,,,,,,
97922794,472180916534,Eye Tracker,LipReading_BJ,10/21/2025,CJY,Recording8,10/18/2025,10/18/2025,10:09:23.595,02:09:23.595,431768,Timeline1,Tobii I-VT (Fixation),1.241.54219,1080,1920,10.0,3.7,2.3,2.7,0.31,0.19,0.23,13,8,10,4.3,4.1,3.4,0.38,0.36,0.3,16,15,12,7398048920,,,958,761,975,778,942,744,0.08488,0.10239,-0.99112,-0.05325,0.08574,-0.99489,4.233,4.204,4.225,,,,Valid,Valid,226.0,163.5,477.4,283.2,162.5,476.0,266.9,212.8,257.7,203.5,0.4992,0.7043,0.5079,0.72,0.4904,0.6887,Screen Recording,Screen Recording Recording8.mp4,1920,1080,0,0,960,540,Fixation,280,222,958,752,0.4989,0.6964,,,,,,,,,,,
97926793,472180920533,Eye Tracker,LipReading_BJ,10/21/2025,CJY,Recording8,10/18/2025,10/18/2025,10:09:23.595,02:09:23.595,431768,Timeline1,Tobii I-VT (Fixation),1.241.54219,1080,1920,10.0,3.7,2.3,2.7,0.31,0.19,0.23,13,8,10,4.3,4.1,3.4,0.38,0.36,0.3,16,15,12,7398052919,,,961,737,988,738,935,737,0.09205,0.07973,-0.99256,-0.05708,0.08193,-0.995,4.276,4.209,4.222,,,,Valid,Valid,226.0,163.5,477.5,283.1,162.5,476.0,270.3,201.8,255.8,201.7,0.5006,0.6827,0.5143,0.6829,0.4869,0.6825,Screen Recording,Screen Recording Recording8.mp4,1920,1080,0,0,960,540,Fixation,280,222,958,752,0.4989,0.6964,,,,,,,,,,,
97930793,472180924533,Eye Tracker,LipReading_BJ,10/21/2025,CJY,Recording8,10/18/2025,10/18/2025,10:09:23.595,02:09:23.595,431768,Timeline1,Tobii I-VT (Fixation),1.241.54219,1080,1920,10.0,3.7,2.3,2.7,0.31,0.19,0.23,13,8,10,4.3,4.1,3.4,0.38,0.36,0.3,16,15,12,7398056919,,,951,754,970,772,931,735,0.08221,0.09921,-0.99166,-0.05936,0.08093,-0.99495,4.241,4.217,4.225,,,,Valid,Valid,226.0,163.5,477.4,283.1,162.5,476.0,265.5,211.3,254.7,201.3,0.4951,0.6979,0.5054,0.7148,0.4848,0.6809,Screen Recording,Screen Recording Recording8.mp4,1920,1080,0,0,960,540,Fixation,280,222,958,752,0.4989,0.6964,,,,,,,,,,,
97934793,472180928533,Eye Tracker,LipReading_BJ,10/21/2025,CJY,Recording8,10/18/2025,10/18/2025,10:09:23.595,02:09:23.595,431768,Timeline1,Tobii I-VT (Fixation),1.241.54219,1080,1920,10.0,3.7,2.3,2.7,0.31,0.19,0.23,13,8,10,4.3,4.1,3.4,0.38,0.36,0.3,16,15,12,7398060920,,,957,764,975,790,939,738,0.08456,0.10908,-0.99043,-0.05442,0.08219,-0.99513,4.218,4.211,4.226,,,,Valid,Valid,225.9,163.5,477.5,283.1,162.5,476.0,266.7,216.1,257.1,201.9,0.4984,0.707,0.5076,0.7311,0.4893,0.683,Screen Recording,Screen Recording Recording8.mp4,1920,1080,0,0,960,540,Fixation,280,222,958,752,0.4989,0.6964,,,,,,,,,,,
97938792,472180932532,Eye Tracker,LipReading_BJ,10/21/2025,CJY,Recording8,10/18/2025,10/18/2025,10:09:23.595,02:09:23.595,431768,Timeline1,Tobii I-VT (Fixation),1.241.54219,1080,1920,10.0,3.7,2.3,2.7,0.31,0.19,0.23,13,8,10,4.3,4.1,3.4,0.38,0.36,0.3,16,15,12,7398064919,,,960,745,982,755,938,735,0.08886,0.08971,-0.992,-0.05507,0.08079,-0.99521,4.247,4.198,4.228,,,,Valid,Valid,225.9,163.5,477.5,283.1,162.5,476.0,268.7,206.7,256.8,201.2,0.5,0.69,0.5114,0.6993,0.4886,0.6807,Screen Recording,Screen Recording Recording8.mp4,1920,1080,0,0,960,540,Fixation,280,222,958,752,0.4989,0.6964,,,,,,,,,,,
97942793,472180936533,Eye Tracker,LipReading_BJ,10/21/2025,CJY,Recording8,10/18/2025,10/18/2025,10:09:23.595,02:09:23.595,431768,Timeline1,Tobii I-VT (Fixation),1.241.54219,1080,1920,10.0,3.7,2.3,2.7,0.31,0.19,0.23,13,8,10,4.3,4.1,3.4,0.38,0.36,0.3,16,15,12,7398068920,,,957,756,978,780,936,731,0.08685,0.10379,-0.9908,-0.05638,0.07858,-0.99531,4.217,4.215,4.215,,,,Valid,Valid,225.9,163.5,477.5,283.1,162.5,476.1,267.8,213.5,256.1,200.1,0.4985,0.6998,0.5096,0.7224,0.4874,0.6771,Screen Recording,Screen Recording Recording8.mp4,1920,1080,0,0,960,540,Fixation,280,222,958,752,0.4989,0.6964,,,,,,,,,,,
97946792,472180940532,Eye Tracker,LipReading_BJ,10/21/2025,CJY,Recording8,10/18/2025,10/18/2025,10:09:23.595,02:09:23.595,431768,Timeline1,Tobii I-VT (Fixation),1.241.54219,1080,1920,10.0,3.7,2.3,2.7,0.31,0.19,0.23,13,8,10,4.3,4.1,3.4,0.38,0.36,0.3,16,15,12,7398072919,,,961,742,982,748,940,736,0.08899,0.08556,-0.99235,-0.05375,0.0812,-0.99525,4.285,4.22,4.228,,,,Valid,Valid,225.9,163.5,477.5,283.1,162.6,476.1,268.7,204.7,257.4,201.4,0.5006,0.687,0.5114,0.6925,0.4898,0.6814,Screen Recording,Screen Recording Recording8.mp4,1920,1080,0,0,960,540,Fixation,280,222,958,752,0.4989,0.6964,,,,,,,,,,,
97950793,472180944533,Eye Tracker,LipReading_BJ,10/21/2025,CJY,Recording8,10/18/2025,10/18/2025,10:09:23.595,02:09:23.595,431768,Timeline1,Tobii I-VT (Fixation),1.241.54219,1080,1920,10.0,3.7,2.3,2.7,0.31,0.19,0.23,13,8,10,4.3,4.1,3.4,0.38,0.36,0.3,16,15,12,7398076920,,,957,758,971,777,942,739,0.0827,0.10211,-0.99133,-0.05271,0.08277,-0.99517,4.188,4.176,4.215,,,,Valid,Valid,225.9,163.5,477.5,283.1,162.5,476.1,265.7,212.7,257.8,202.1,0.4982,0.7018,0.5057,0.7196,0.4907,0.6839,Screen Recording,Screen Recording Recording8.mp4,1920,1080,0,0,960,540,Fixation,280,222,958,752,0.4989,0.6964,,,,,,,,,,,
97954793,472180948533,Eye Tracker,LipReading_BJ,10/21/2025,CJY,Recording8,10/18/2025,10/18/2025,10:09:23.595,02:09:23.595,431768,Timeline1,Tobii I-VT (Fixation),1.241.54219,1080,1920,10.0,3.7,2.3,2.7,0.31,0.19,0.23,13,8,10,4.3,4.1,3.4,0.38,0.36,0.3,16,15,12,7398080920,,,957,747,978,753,937,741,0.08676,0.08865,-0.99228,-0.05569,0.08423,-0.99489,4.281,4.208,4.215,,,,Valid,Valid,225.9,163.5,477.5,283.1,162.6,476.0,267.6,206.2,256.4,202.9,0.4987,0.6919,0.5094,0.6975,0.488,0.6864,Screen Recording,Screen Recording Recording8.mp4,1920,1080,0,0,960,540,Fixation,280,222,958,752,0.4989,0.6964,,,,,,,,,,,
97958792,472180952532,Eye Tracker,LipReading_BJ,10/21/2025,CJY,Recording8,10/18/2025,10/18/2025,10:09:23.595,02:09:23.595,431768,Timeline1,Tobii I-VT (Fixation),1.241.54219,1080,1920,10.0,3.7,2.3,2.7,0.31,0.19,0.23,13,8,10,4.3,4.1,3.4,0.38,0.36,0.3,16,15,12,7398084919,,,957,753,974,775,939,732,0.08467,0.10065,-0.99131,-0.05434,0.07906,-0.99539,4.214,4.214,4.214,,,,Valid,Valid,225.9,163.5,477.5,283.1,162.6,476.0,266.7,212.0,257.1,200.4,0.4984,0.6976,0.5075,0.7172,0.4892,0.6779,Screen Recording,Screen Recording Recording8.mp4,1920,1080,0,0,960,540,Fixation,280,222,958,752,0.4989,0.6964,,,,,,,,,,,
97962793,472180956533,Eye Tracker,LipReading_BJ,10/21/2025,CJY,Recording8,10/18/2025,10/18/2025,10:09:23.595,02:09:23.595,431768,Timeline1,Tobii I-VT (Fixation),1.241.54219,1080,1920,10.0,3.7,2.3,2.7,0.31,0.19,0.23,13,8,10,4.3,4.1,3.4,0.38,0.36,0.3,16,15,12,7398088920,,,955,728,971,725,938,731,0.08295,0.07284,-0.99389,-0.05499,0.07862,-0.99539,4.217,4.214,4.214,,,,Valid,Valid,225.9,163.5,477.4,283.0,162.5,476.0,265.7,198.5,256.8,200.1,0.4972,0.6744,0.5057,0.6716,0.4886,0.6772,Screen Recording,Screen Recording Recording8.mp4,1920,1080,0,0,960,540,Fixation,280,222,958,752,0.4989,0.6964,,,,,,,,,,,
97966792,472180960532,Eye Tracker,LipReading_BJ,10/21/2025,CJY,Recording8,10/18/2025,10/18/2025,10:09:23.595,02:09:23.595,431768,Timeline1,Tobii I-VT (Fixation),1.241.54219,1080,1920,10.0,3.7,2.3,2.7,0.31,0.19,0.23,13,8,10,4.3,4.1,3.4,0.38,0.36,0.3,16,15,12,7398092919,,,956,761,975,783,937,739,0.08504,0.10563,-0.99076,-0.05573,0.08277,-0.99501,4.211,4.221,4.213,,,,Valid,Valid,225.9,163.5,477.5,283.1,162.5,476.0,266.9,214.4,256.4,202.1,0.4979,0.7046,0.5079,0.7254,0.488,0.6838,Screen Recording,Screen Recording Recording8.mp4,1920,1080,0,0,960,540,Fixation,280,222,958,752,0.4989,0.6964,,,,,,,,,,,
97970793,472180964533,Eye Tracker,LipReading_BJ,10/21/2025,CJY,Recording8,10/18/2025,10/18/2025,10:09:23.595,02:09:23.595,431768,Timeline1,Tobii I-VT (Fixation),1.241.54219,1080,1920,10.0,3.7,2.3,2.7,0.31,0.19,0.23,13,8,10,4.3,4.1,3.4,0.38,0.36,0.3,16,15,12,7398096920,,,958,755,978,773,937,738,0.08669,0.09983,-0.99122,-0.05546,0.0822,-0.99507,4.212,4.213,4.213,,,,Valid,Valid,225.9,163.5,477.5,283.1,162.5,476.0,267.7,211.6,256.5,201.8,0.4988,0.6993,0.5094,0.7158,0.4882,0.6829,Screen Recording,Screen Recording Recording8.mp4,1920,1080,0,0,960,540,Fixation,280,222,958,752,0.4989,0.6964,,,,,,,,,,,
97974793,472180968533,Eye Tracker,LipReading_BJ,10/21/2025,CJY,Recording8,10/18/2025,10/18/2025,10:09:23.595,02:09:23.595,431768,Timeline1,Tobii I-VT (Fixation),1.241.54219,1080,1920,10.0,3.7,2.3,2.7,0.31,0.19,0.23,13,8,10,4.3,4.1,3.4,0.38,0.36,0.3,16,15,12,7398100920,,,955,757,976,778,934,737,0.08524,0.10267,-0.99106,-0.05737,0.08185,-0.99499,4.201,4.214,4.212,,,,Valid,Valid,225.9,163.4,477.5,283.1,162.5,476.0,267.0,212.9,255.6,201.7,0.4973,0.7014,0.5081,0.7204,0.4865,0.6823,Screen Recording,Screen Recording Recording8.mp4,1920,1080,0,0,960,540,Fixation,280,222,958,752,0.4989,0.6964,,,,,,,,,,,
97978792,472180972532,Eye Tracker,LipReading_BJ,10/21/2025,CJY,Recording8,10/18/2025,10/18/2025,10:09:23.595,02:09:23.595,431768,Timeline1,Tobii I-VT (Fixation),1.241.54219,1080,1920,10.0,3.7,2.3,2.7,0.31,0.19,0.23,13,8,10,4.3,4.1,3.4,0.38,0.36,0.3,16,15,12,7398104919,,,954,759,972,782,936,736,0.08321,0.10516,-0.99097,-0.05639,0.08148,-0.99508,4.22,4.207,4.213,,,,Valid,Valid,225.9,163.4,477.5,283.1,162.5,476.1,266.0,214.1,256.1,201.5,0.4968,0.703,0.5063,0.7244,0.4874,0.6816,Screen Recording,Screen Recording Recording8.mp4,1920,1080,0,0,960,540,Fixation,280,222,958,752,0.4989,0.6964,,,,,,,,,,,
97982793,472180976533,Eye Tracker,LipReading_BJ,10/21/2025,CJY,Recording8,10/18/2025,10/18/2025,10:09:23.595,02:09:23.595,431768,Timeline1,Tobii I-VT (Fixation),1.241.54219,1080,1920,10.0,3.7,2.3,2.7,0.31,0.19,0.23,13,8,10,4.3,4.1,3.4,0.38,0.36,0.3,16,15,12,7398108920,,,954,761,974,781,934,742,0.08409,0.10453,-0.99096,-0.05741,0.08468,-0.99475,4.201,4.231,4.206,,,,Valid,Valid,225.9,163.4,477.6,283.1,162.5,476.0,266.5,213.8,255.6,203.0,0.4968,0.7051,0.5071,0.7233,0.4865,0.6869,Screen Recording,Screen Recording Recording8.mp4,1920,1080,0,0,960,540,Fixation,280,222,958,752,0.4989,0.6964,,,,,,,,,,,
97986792,472180980532,Eye Tracker,LipReading_BJ,10/21/2025,CJY,Recording8,10/18/2025,10/18/2025,10:09:23.595,02:09:23.595,431768,Timeline1,Tobii I-VT (Fixation),1.241.54219,1080,1920,10.0,3.7,2.3,2.7,0.31,0.19,0.23,13,8,10,4.3,4.1,3.4,0.38,0.36,0.3,16,15,12,7398112919,,,955,744,973,755,937,733,0.0838,0.08961,-0.99245,-0.05602,0.07945,-0.99526,4.247,4.211,4.213,,,,Valid,Valid,225.9,163.4,477.6,283.1,162.5,476.1,266.3,206.5,256.3,200.5,0.4973,0.6885,0.5068,0.6987,0.4878,0.6783,Screen Recording,Screen Recording Recording8.mp4,1920,1080,0,0,960,540,Fixation,280,222,958,752,0.4989,0.6964,,,,,,,,,,,
97990793,472180984533,Eye Tracker,LipReading_BJ,10/21/2025,CJY,Recording8,10/18/2025,10/18/2025,10:09:23.595,02:09:23.595,431768,Timeline1,Tobii I-VT (Fixation),1.241.54219,1080,1920,10.0,3.7,2.3,2.7,0.31,0.19,0.23,13,8,10,4.3,4.1,3.4,0.38,0.36,0.3,16,15,12,7398116920,,,956,761,973,787,940,736,0.08383,0.10787,-0.99062,-0.05429,0.0812,-0.99522,4.186,4.202,4.212,,,,Valid,Valid,226.0,163.4,477.6,283.1,162.4,476.1,266.4,215.4,257.2,201.3,0.4982,0.7049,0.5069,0.7287,0.4894,0.681,Screen Recording,Screen Recording Recording8.mp4,1920,1080,0,0,960,540,Fixation,280,222,958,752,0.4989,0.6964,,,,,,,,,,,
97994793,472180988533,Eye Tracker,LipReading_BJ,10/21/2025,CJY,Recording8,10/18/2025,10/18/2025,10:09:23.595,02:09:23.595,431768,Timeline1,Tobii I-VT (Fixation),1.241.54219,1080,1920,10.0,3.7,2.3,2.7,0.31,0.19,0.23,13,8,10,4.3,4.1,3.4,0.38,0.36,0.3,16,15,12,7398120920,,,960,732,987,735,934,728,0.09149,0.07873,-0.99269,-0.05746,0.07702,-0.99537,4.311,4.206,4.211,,,,Valid,Valid,226.0,163.4,477.5,283.1,162.4,476.1,270.0,201.3,255.7,199.3,0.5002,0.6776,0.5138,0.6809,0.4866,0.6742,Screen Recording,Screen Recording Recording8.mp4,1920,1080,0,0,960,540,Fixation,280,222,958,752,0.4989,0.6964,,,,,,,,,,,
97998792,472180992532,Eye Tracker,LipReading_BJ,10/21/2025,CJY,Recording8,10/18/2025,10/18/2025,10:09:23.595,02:09:23.595,431768,Timeline1,Tobii I-VT (Fixation),1.241.54219,1080,1920,10.0,3.7,2.3,2.7,0.31,0.19,0.23,13,8,10,4.3,4.1,3.4,0.38,0.36,0.3,16,15,12,7398124919,,,965,757,987,777,943,737,0.09178,0.1022,-0.99052,-0.0522,0.08233,-0.99524,4.217,4.205,4.211,,,,Valid,Valid,226.0,163.4,477.5,283.2,162.4,476.1,270.2,212.7,258.2,201.8,0.5029,0.7011,0.5143,0.7195,0.4914,0.6828,Screen Recording,Screen Recording Recording8.mp4,1920,1080,0,0,960,540,Fixation,280,222,958,752,0.4989,0.6964,,,,,,,,,,,
98002793,472180996533,Eye Tracker,LipReading_BJ,10/21/2025,CJY,Recording8,10/18/2025,10/18/2025,10:09:23.595,02:09:23.595,431768,Timeline1,Tobii I-VT (Fixation),1.241.54219,1080,1920,10.0,3.7,2.3,2.7,0.31,0.19,0.23,13,8,10,4.3,4.1,3.4,0.38,0.36,0.3,16,15,12,7398128920,,,958,767,975,788,942,746,0.08486,0.10871,-0.99044,-0.05335,0.08701,-0.99478,4.206,4.196,4.212,,,,Valid,Valid,226.0,163.4,477.6,283.2,162.4,476.0,266.9,215.8,257.7,204.1,0.4992,0.7103,0.508,0.7301,0.4904,0.6904,Screen Recording,Screen Recording Recording8.mp4,1920,1080,0,0,960,540,Fixation,280,222,958,752,0.4989,0.6964,,,,,,,,,,,
98006792,472181000532,Eye Tracker,LipReading_BJ,10/21/2025,CJY,Recording8,10/18/2025,10/18/2025,10:09:23.595,02:09:23.595,431768,Timeline1,Tobii I-VT (Fixation),1.241.54219,1080,1920,10.0,3.7,2.3,2.7,0.31,0.19,0.23,13,8,10,4.3,4.1,3.4,0.38,0.36,0.3,16,15,12,7398132919,,,951,747,972,772,930,723,0.0827,0.09946,-0.9916,-0.05979,0.074,-0.99546,4.233,4.232,4.223,,,,Valid,Valid,226.1,163.4,477.6,283.2,162.4,476.0,265.9,211.3,254.6,197.8,0.4953,0.692,0.506,0.7148,0.4846,0.6692,Screen Recording,Screen Recording Recording8.mp4,1920,1080,0,0,960,540,Fixation,280,222,958,752,0.4989,0.6964,,,,,,,,,,,
98010793,472181004533,Eye Tracker,LipReading_BJ,10/21/2025,CJY,Recording8,10/18/2025,10/18/2025,10:09:23.595,02:09:23.595,431768,Timeline1,Tobii I-VT (Fixation),1.241.54219,1080,1920,10.0,3.7,2.3,2.7,0.31,0.19,0.23,13,8,10,4.3,4.1,3.4,0.38,0.36,0.3,16,15,12,7398136920,,,956,761,975,779,938,743,0.0846,0.10319,-0.99106,-0.05563,0.08527,-0.9948,4.206,4.245,4.225,,,,Valid,Valid,226.1,163.4,477.6,283.2,162.4,476.0,266.9,213.1,256.6,203.2,0.4981,0.7042,0.5079,0.7209,0.4884,0.6876,Screen Recording,Screen Recording Recording8.mp4,1920,1080,0,0,960,540,Fixation,280,222,958,752,0.4989,0.6964,,,,,,,,,,,
98014793,472181008533,Eye Tracker,LipReading_BJ,10/21/2025,CJY,Recording8,10/18/2025,10/18/2025,10:09:23.595,02:09:23.595,431768,Timeline1,Tobii I-VT (Fixation),1.241.54219,1080,1920,10.0,3.7,2.3,2.7,0.31,0.19,0.23,13,8,10,4.3,4.1,3.4,0.38,0.36,0.3,16,15,12,7398140920,,,956,755,972,781,939,730,0.08304,0.10441,-0.99106,-0.05482,0.0782,-0.99543,4.232,4.229,4.23,,,,Valid,Valid,226.1,163.3,477.6,283.3,162.4,476.1,266.1,213.7,257.0,199.8,0.4978,0.6994,0.5065,0.7229,0.4892,0.676,Screen Recording,Screen Recording Recording8.mp4,1920,1080,0,0,960,540,Fixation,280,222,958,752,0.4989,0.6964,,,,,,,,,,,
98018792,472181012532,Eye Tracker,LipReading_BJ,10/21/2025,CJY,Recording8,10/18/2025,10/18/2025,10:09:23.595,02:09:23.595,431768,Timeline1,Tobii I-VT (Fixation),1.241.54219,1080,1920,10.0,3.7,2.3,2.7,0.31,0.19,0.23,13,8,10,4.3,4.1,3.4,0.38,0.36,0.3,16,15,12,7398144919,,,961,758,987,778,935,739,0.0915,0.10272,-0.99049,-0.05724,0.08319,-0.99489,4.222,4.215,4.229,,,,Valid,Valid,226.1,163.4,477.5,283.3,162.4,476.1,270.2,212.9,255.9,202.2,0.5007,0.7022,0.5143,0.7203,0.487,0.6841,Screen Recording,Screen Recording Recording8.mp4,1920,1080,0,0,960,540,Fixation,280,222,958,752,0.4989,0.6964,,,,,,,,,,,
98022793,472181016533,Eye Tracker,LipReading_BJ,10/21/2025,CJY,Recording8,10/18/2025,10/18/2025,10:09:23.595,02:09:23.595,431768,Timeline1,Tobii I-VT (Fixation),1.241.54219,1080,1920,10.0,3.7,2.3,2.7,0.31,0.19,0.23,13,8,10,4.3,4.1,3.4,0.38,0.36,0.3,16,15,12,7398148920,,,937,732,,,937,732,,,,-0.05646,0.07952,-0.99523,,4.208,4.223,,,,Invalid,Valid,,,,283.3,162.4,476.1,,,256.3,200.4,0.4878,0.6781,,,0.4878,0.6781,Screen Recording,Screen Recording Recording8.mp4,1920,1080,0,0,960,540,Fixation,280,222,958,752,0.4989,0.6964,,,,,,,,,,,
98026792,472181020532,Eye Tracker,LipReading_BJ,10/21/2025,CJY,Recording8,10/18/2025,10/18/2025,10:09:23.595,02:09:23.595,431768,Timeline1,Tobii I-VT (Fixation),1.241.54219,1080,1920,10.0,3.7,2.3,2.7,0.31,0.19,0.23,13,8,10,4.3,4.1,3.4,0.38,0.36,0.3,16,15,12,7398152919,,,957,733,983,735,932,730,0.089,0.07879,-0.99291,-0.05936,0.07807,-0.99518,4.315,4.226,4.216,,,,Valid,Valid,226.2,163.3,477.6,283.3,162.4,476.1,269.0,201.2,254.9,199.8,0.4985,0.6784,0.5119,0.6809,0.4852,0.6758,Screen Recording,Screen Recording Recording8.mp4,1920,1080,0,0,960,540,Fixation,280,222,958,752,0.4989,0.6964,,,,,,,,,,,
98030790,472181024530,Eye Tracker,LipReading_BJ,10/21/2025,CJY,Recording8,10/18/2025,10/18/2025,10:09:23.595,02:09:23.595,431768,Timeline1,Tobii I-VT (Fixation),1.241.54219,1080,1920,10.0,3.7,2.3,2.7,0.31,0.19,0.23,13,8,10,4.3,4.1,3.4,0.38,0.36,0.3,16,15,12,7398156917,,,957,757,979,778,934,735,0.08659,0.10299,-0.99091,-0.05776,0.08099,-0.99504,4.197,4.211,4.228,,,,Valid,Valid,226.2,163.3,477.6,283.4,162.4,476.1,267.9,213.0,255.7,201.1,0.4983,0.7006,0.5099,0.7206,0.4867,0.6806,Screen Recording,Screen Recording Recording8.mp4,1920,1080,0,0,960,540,Fixation,280,222,958,752,0.4989,0.6964,,,,,,,,,,,
98034790,472181028530,Eye Tracker,LipReading_BJ,10/21/2025,CJY,Recording8,10/18/2025,10/18/2025,10:09:23.595,02:09:23.595,431768,Timeline1,Tobii I-VT (Fixation),1.241.54219,1080,1920,10.0,3.7,2.3,2.7,0.31,0.19,0.23,13,8,10,4.3,4.1,3.4,0.38,0.36,0.3,16,15,12,7398160917,,,956,755,978,773,933,737,0.08611,0.10032,-0.99122,-0.05844,0.08192,-0.99492,4.221,4.204,4.226,,,,Valid,Valid,226.2,163.3,477.7,283.4,162.4,476.1,267.7,211.7,255.4,201.6,0.4978,0.6991,0.5095,0.7162,0.4861,0.6821,Screen Recording,Screen Recording Recording8.mp4,1920,1080,0,0,960,540,Fixation,280,222,958,752,0.4989,0.6964,,,,,,,,,,,
98038788,472181032528,Eye Tracker,LipReading_BJ,10/21/2025,CJY,Recording8,10/18/2025,10/18/2025,10:09:23.595,02:09:23.595,431768,Timeline1,Tobii I-VT (Fixation),1.241.54219,1080,1920,10.0,3.7,2.3,2.7,0.31,0.19,0.23,13,8,10,4.3,4.1,3.4,0.38,0.36,0.3,16,15,12,7398164916,,,959,756,980,778,938,734,0.08695,0.10272,-0.9909,-0.05571,0.08023,-0.99522,4.249,4.201,4.213,,,,Valid,Valid,226.2,163.3,477.6,283.4,162.4,476.1,268.1,212.9,256.7,200.8,0.4994,0.6998,0.5103,0.7202,0.4886,0.6794,Screen Recording,Screen Recording Recording8.mp4,1920,1080,0,0,960,540,Fixation,280,222,958,752,0.4989,0.6964,,,,,,,,,,,
98042789,472181036529,Eye Tracker,LipReading_BJ,10/21/2025,CJY,Recording8,10/18/2025,10/18/2025,10:09:23.595,02:09:23.595,431768,Timeline1,Tobii I-VT (Fixation),1.241.54219,1080,1920,10.0,3.7,2.3,2.7,0.31,0.19,0.23,13,8,10,4.3,4.1,3.4,0.38,0.36,0.3,16,15,12,7398168917,,,959,734,978,740,941,729,0.08597,0.08154,-0.99295,-0.0542,0.07739,-0.99553,4.327,4.184,4.226,,,,Valid,Valid,226.2,163.3,477.7,283.4,162.4,476.1,267.6,202.6,257.5,199.4,0.4996,0.6801,0.5093,0.6854,0.49,0.6748,Screen Recording,Screen Recording Recording8.mp4,1920,1080,0,0,960,540,Fixation,280,222,958,752,0.4989,0.6964,,,,,,,,,,,
98046788,472181040528,Eye Tracker,LipReading_BJ,10/21/2025,CJY,Recording8,10/18/2025,10/18/2025,10:09:23.595,02:09:23.595,431768,Timeline1,Tobii I-VT (Fixation),1.241.54219,1080,1920,10.0,3.7,2.3,2.7,0.31,0.19,0.23,13,8,10,4.3,4.1,3.4,0.38,0.36,0.3,16,15,12,7398172916,,,961,765,978,789,945,741,0.08573,0.1089,-0.99035,-0.05187,0.0845,-0.99507,4.198,4.256,4.237,,,,Valid,Valid,226.2,163.3,477.7,283.4,162.4,476.1,267.6,215.9,258.6,202.9,0.5007,0.7084,0.5092,0.7304,0.4921,0.6864,Screen Recording,Screen Recording Recording8.mp4,1920,1080,0,0,960,540,Fixation,280,222,958,752,0.4989,0.6964,,,,,,,,,,,
98050789,472181044529,Eye Tracker,LipReading_BJ,10/21/2025,CJY,Recording8,10/18/2025,10/18/2025,10:09:23.595,02:09:23.595,431768,Timeline1,Tobii I-VT (Fixation),1.241.54219,1080,1920,10.0,3.7,2.3,2.7,0.31,0.19,0.23,13,8,10,4.3,4.1,3.4,0.38,0.36,0.3,16,15,12,7398176917,,,957,742,977,750,938,735,0.08535,0.08714,-0.99253,-0.05601,0.08079,-0.99516,4.274,4.261,4.25,,,,Valid,Valid,226.2,163.4,477.7,283.4,162.4,476.2,267.3,205.3,256.6,201.1,0.4985,0.6875,0.5087,0.6946,0.4883,0.6804,Screen Recording,Screen Recording Recording8.mp4,1920,1080,0,0,960,540,Fixation,280,222,958,752,0.4989,0.6964,,,,,,,,,,,
98054789,472181048529,Eye Tracker,LipReading_BJ,10/21/2025,CJY,Recording8,10/18/2025,10/18/2025,10:09:23.595,02:09:23.595,431768,Timeline1,Tobii I-VT (Fixation),1.241.54219,1080,1920,10.0,3.7,2.3,2.7,0.31,0.19,0.23,13,8,10,4.3,4.1,3.4,0.38,0.36,0.3,16,15,12,7398180917,,,962,750,979,752,946,748,0.08647,0.08792,-0.99237,-0.05133,0.08852,-0.99475,4.295,4.181,4.228,,,,Valid,Valid,226.2,163.4,477.7,283.4,162.4,476.2,267.8,205.7,258.8,204.8,0.5012,0.6945,0.5098,0.6959,0.4926,0.693,Screen Recording,Screen Recording Recording8.mp4,1920,1080,0,0,960,540,Fixation,280,222,958,752,0.4989,0.6964,,,,,,,,,,,
98058788,472181052528,Eye Tracker,LipReading_BJ,10/21/2025,CJY,Recording8,10/18/2025,10/18/2025,10:09:23.595,02:09:23.595,431768,Timeline1,Tobii I-VT (Fixation),1.241.54219,1080,1920,10.0,3.7,2.3,2.7,0.31,0.19,0.23,13,8,10,4.3,4.1,3.4,0.38,0.36,0.3,16,15,12,7398184916,,,954,756,972,781,935,732,0.08275,0.10427,-0.9911,-0.05734,0.07913,-0.99521,4.229,4.226,4.25,,,,Valid,Valid,226.2,163.4,477.8,283.4,162.5,476.2,266.1,213.6,255.9,200.3,0.4968,0.7003,0.5064,0.7228,0.4871,0.6778,Screen Recording,Screen Recording Recording8.mp4,1920,1080,0,0,960,540,Fixation,280,222,958,752,0.4989,0.6964,,,,,,,,,,,
98062789,472181056529,Eye Tracker,LipReading_BJ,10/21/2025,CJY,Recording8,10/18/2025,10/18/2025,10:09:23.595,02:09:23.595,431768,Timeline1,Tobii I-VT (Fixation),1.241.54219,1080,1920,10.0,3.7,2.3,2.7,0.31,0.19,0.23,13,8,10,4.3,4.1,3.4,0.38,0.36,0.3,16,15,12,7398188917,,,957,756,977,779,938,733,0.08517,0.10317,-0.99101,-0.05558,0.07974,-0.99526,4.199,4.228,4.22,,,,Valid,Valid,226.2,163.4,477.8,283.4,162.5,476.2,267.3,213.1,256.8,200.6,0.4987,0.6999,0.5086,0.7211,0.4887,0.6788,Screen Recording,Screen Recording Recording8.mp4,1920,1080,0,0,960,540,Fixation,280,222,958,752,0.4989,0.6964,,,,,,,,,,,
98066788,472181060528,Eye Tracker,LipReading_BJ,10/21/2025,CJY,Recording8,10/18/2025,10/18/2025,10:09:23.595,02:09:23.595,431768,Timeline1,Tobii I-VT (Fixation),1.241.54219,1080,1920,10.0,3.7,2.3,2.7,0.31,0.19,0.23,13,8,10,4.3,4.1,3.4,0.38,0.36,0.3,16,15,12,7398192916,,,963,749,983,755,942,742,0.0889,0.08968,-0.992,-0.05311,0.08499,-0.99497,4.301,4.188,4.234,,,,Valid,Valid,226.2,163.4,477.7,283.4,162.5,476.3,269.0,206.6,257.9,203.1,0.5014,0.6932,0.5119,0.699,0.4909,0.6873,Screen Recording,Screen Recording Recording8.mp4,1920,1080,0,0,960,540,Fixation,280,222,958,752,0.4989,0.6964,,,,,,,,,,,
98070789,472181064529,Eye Tracker,LipReading_BJ,10/21/2025,CJY,Recording8,10/18/2025,10/18/2025,10:09:23.595,02:09:23.595,431768,Timeline1,Tobii I-VT (Fixation),1.241.54219,1080,1920,10.0,3.7,2.3,2.7,0.31,0.19,0.23,13,8,10,4.3,4.1,3.4,0.38,0.36,0.3,16,15,12,7398196917,,,969,749,984,755,954,743,0.08927,0.08998,-0.99193,-0.04665,0.0856,-0.99524,4.253,4.147,4.234,,,,Valid,Valid,226.2,163.4,477.8,283.3,162.5,476.3,269.2,206.8,261.0,203.4,0.5045,0.6939,0.5123,0.6995,0.4967,0.6883,Screen Recording,Screen Recording Recording8.mp4,1920,1080,0,0,960,540,Fixation,280,222,958,752,0.4989,0.6964,,,,,,,,,,,
98074789,472181068529,Eye Tracker,LipReading_BJ,10/21/2025,CJY,Recording8,10/18/2025,10/18/2025,10:09:23.595,02:09:23.595,431768,Timeline1,Tobii I-VT (Fixation),1.241.54219,1080,1920,10.0,3.7,2.3,2.7,0.31,0.19,0.23,13,8,10,4.3,4.1,3.4,0.38,0.36,0.3,16,15,12,7398200917,,,960,749,979,750,941,747,0.08699,0.08704,-0.9924,-0.05379,0.08768,-0.9947,4.307,4.215,4.234,,,,Valid,Valid,226.1,163.4,477.8,283.3,162.5,476.3,268.0,205.3,257.6,204.5,0.5001,0.6933,0.5101,0.6947,0.4902,0.6918,Screen Recording,Screen Recording Recording8.mp4,1920,1080,0,0,960,540,Fixation,280,222,958,752,0.4989,0.6964,,,,,,,,,,,
98078788,472181072528,Eye Tracker,LipReading_BJ,10/21/2025,CJY,Recording8,10/18/2025,10/18/2025,10:09:23.595,02:09:23.595,431768,Timeline1,Tobii I-VT (Fixation),1.241.54219,1080,1920,10.0,3.7,2.3,2.7,0.31,0.19,0.23,13,8,10,4.3,4.1,3.4,0.38,0.36,0.3,16,15,12,7398204916,,,958,750,977,774,938,726,0.08582,0.1004,-0.99124,-0.05534,0.07543,-0.99561,4.244,4.237,4.23,,,,Valid,Valid,226.1,163.5,477.7,283.3,162.5,476.4,267.5,211.9,256.8,198.6,0.4989,0.6943,0.5091,0.7168,0.4888,0.6719,Screen Recording,Screen Recording Recording8.mp4,1920,1080,0,0,960,540,Fixation,280,222,958,752,0.4989,0.6964,,,,,,,,,,,
98082789,472181076529,Eye Tracker,LipReading_BJ,10/21/2025,CJY,Recording8,10/18/2025,10/18/2025,10:09:23.595,02:09:23.595,431768,Timeline1,Tobii I-VT (Fixation),1.241.54219,1080,1920,10.0,3.7,2.3,2.7,0.31,0.19,0.23,13,8,10,4.3,4.1,3.4,0.38,0.36,0.3,16,15,12,7398208917,,,960,754,979,776,941,731,0.08674,0.10145,-0.99105,-0.0537,0.07871,-0.99545,4.225,4.217,4.225,,,,Valid,Valid,226.1,163.5,477.7,283.3,162.5,476.4,267.9,212.4,257.6,200.2,0.5,0.6979,0.5099,0.7185,0.4902,0.6773,Screen Recording,Screen Recording Recording8.mp4,1920,1080,0,0,960,540,Fixation,280,222,958,752,0.4989,0.6964,,,,,,,,,,,
98086788,472181080528,Eye Tracker,LipReading_BJ,10/21/2025,CJY,Recording8,10/18/2025,10/18/2025,10:09:23.595,02:09:23.595,431768,Timeline1,Tobii I-VT (Fixation),1.241.54219,1080,1920,10.0,3.7,2.3,2.7,0.31,0.19,0.23,13,8,10,4.3,4.1,3.4,0.38,0.36,0.3,16,15,12,7398212916,,,961,758,982,779,939,738,0.08848,0.10318,-0.99072,-0.05486,0.08224,-0.9951,4.215,4.215,4.225,,,,Valid,Valid,226.1,163.5,477.7,283.3,162.5,476.4,268.8,213.2,257.0,201.9,0.5003,0.7022,0.5115,0.7214,0.4891,0.683,Screen Recording,Screen Recording Recording8.mp4,1920,1080,0,0,960,540,Fixation,280,222,958,752,0.4989,0.6964,,,,,,,,,,,
98090789,472181084529,Eye Tracker,LipReading_BJ,10/21/2025,CJY,Recording8,10/18/2025,10/18/2025,10:09:23.595,02:09:23.595,431768,Timeline1,Tobii I-VT (Fixation),1.241.54219,1080,1920,10.0,3.7,2.3,2.7,0.31,0.19,0.23,13,8,10,4.3,4.1,3.4,0.38,0.36,0.3,16,15,12,7398216917,,,959,749,975,767,942,731,0.0847,0.09635,-0.99174,-0.0532,0.07844,-0.9955,4.234,4.203,4.225,,,,Valid,Valid,226.1,163.5,477.8,283.2,162.5,476.3,266.9,209.9,257.8,200.1,0.4993,0.6935,0.5079,0.7101,0.4906,0.6769,Screen Recording,Screen Recording Recording8.mp4,1920,1080,0,0,960,540,Fixation,280,222,958,752,0.4989,0.6964,,,,,,,,,,,
98094789,472181088529,Eye Tracker,LipReading_BJ,10/21/2025,CJY,Recording8,10/18/2025,10/18/2025,10:09:23.595,02:09:23.595,431768,Timeline1,Tobii I-VT (Fixation),1.241.54219,1080,1920,10.0,3.7,2.3,2.7,0.31,0.19,0.23,13,8,10,4.3,4.1,3.4,0.38,0.36,0.3,16,15,12,7398220917,,,954,734,973,739,935,729,0.08341,0.08082,-0.99323,-0.05721,0.07707,-0.99538,4.352,4.231,4.266,,,,Valid,Valid,226.1,163.4,477.8,283.2,162.5,476.4,266.2,202.3,255.8,199.4,0.4967,0.6796,0.5066,0.6845,0.4869,0.6747,Screen Recording,Screen Recording Recording8.mp4,1920,1080,0,0,960,540,Fixation,280,222,958,752,0.4989,0.6964,,,,,,,,,,,
98098788,472181092528,Eye Tracker,LipReading_BJ,10/21/2025,CJY,Recording8,10/18/2025,10/18/2025,10:09:23.595,02:09:23.595,431768,Timeline1,Tobii I-VT (Fixation),1.241.54219,1080,1920,10.0,3.7,2.3,2.7,0.31,0.19,0.23,13,8,10,4.3,4.1,3.4,0.38,0.36,0.3,16,15,12,7398224916,,,957,747,978,758,935,735,0.08631,0.09142,-0.99207,-0.05689,0.08096,-0.99509,4.301,4.234,4.266,,,,Valid,Valid,226.0,163.4,477.9,283.2,162.5,476.4,267.6,207.4,256.0,201.3,0.4982,0.6914,0.5093,0.7019,0.4871,0.6809,Screen Recording,Screen Recording Recording8.mp4,1920,1080,0,0,960,540,Fixation,280,222,958,752,0.4989,0.6964,,,,,,,,,,,
98102789,472181096529,Eye Tracker,LipReading_BJ,10/21/2025,CJY,Recording8,10/18/2025,10/18/2025,10:09:23.595,02:09:23.595,431768,Timeline1,Tobii I-VT (Fixation),1.241.54219,1080,1920,10.0,3.7,2.3,2.7,0.31,0.19,0.23,13,8,10,4.3,4.1,3.4,0.38,0.36,0.3,16,15,12,7398228917,,,960,739,986,750,935,729,0.09075,0.08663,-0.9921,-0.05719,0.07725,-0.99537,4.302,4.237,4.266,,,,Valid,Valid,226.0,163.4,477.9,283.2,162.5,476.5,269.7,205.1,255.8,199.5,0.5001,0.6845,0.5133,0.6941,0.4868,0.6749,Screen Recording,Screen Recording Recording8.mp4,1920,1080,0,0,960,540,Fixation,280,222,958,752,0.4989,0.6964,,,,,,,,,,,
98106788,472181100528,Eye Tracker,LipReading_BJ,10/21/2025,CJY,Recording8,10/18/2025,10/18/2025,10:09:23.595,02:09:23.595,431768,Timeline1,Tobii I-VT (Fixation),1.241.54219,1080,1920,10.0,3.7,2.3,2.7,0.31,0.19,0.23,13,8,10,4.3,4.1,3.4,0.38,0.36,0.3,16,15,12,7398232916,,,956,754,976,781,936,728,0.08514,0.1041,-0.99092,-0.05657,0.07695,-0.99543,4.241,4.228,4.25,,,,Valid,Valid,226.0,163.4,477.9,283.2,162.5,476.5,267.1,213.6,256.1,199.3,0.4978,0.6985,0.5082,0.7227,0.4874,0.6743,Screen Recording,Screen Recording Recording8.mp4,1920,1080,0,0,960,540,Fixation,280,222,958,752,0.4989,0.6964,,,,,,,,,,,
98110789,472181104529,Eye Tracker,LipReading_BJ,10/21/2025,CJY,Recording8,10/18/2025,10/18/2025,10:09:23.595,02:09:23.595,431768,Timeline1,Tobii I-VT (Fixation),1.241.54219,1080,1920,10.0,3.7,2.3,2.7,0.31,0.19,0.23,13,8,10,4.3,4.1,3.4,0.38,0.36,0.3,16,15,12,7398236917,,,959,732,980,738,939,727,0.08758,0.08032,-0.99291,-0.05469,0.07606,-0.9956,4.271,4.229,4.25,,,,Valid,Valid,226.0,163.4,477.8,283.1,162.4,476.5,268.1,202.1,257.0,198.9,0.4997,0.6782,0.5103,0.6836,0.489,0.6728,Screen Recording,Screen Recording Recording8.mp4,1920,1080,0,0,960,540,Fixation,280,222,958,752,0.4989,0.6964,,,,,,,,,,,
98114789,472181108529,Eye Tracker,LipReading_BJ,10/21/2025,CJY,Recording8,10/18/2025,10/18/2025,10:09:23.595,02:09:23.595,431768,Timeline1,Tobii I-VT (Fixation),1.241.54219,1080,1920,10.0,3.7,2.3,2.7,0.31,0.19,0.23,13,8,10,4.3,4.1,3.4,0.38,0.36,0.3,16,15,12,7398240917,,,959,757,972,776,946,739,0.08312,0.1018,-0.99133,-0.05077,0.08289,-0.99526,4.241,4.213,4.25,,,,Valid,Valid,226.0,163.4,477.9,283.1,162.4,476.5,266.0,212.5,258.8,202.1,0.4994,0.7013,0.5063,0.7188,0.4926,0.6839,Screen Recording,Screen Recording Recording8.mp4,1920,1080,0,0,960,540,Fixation,280,222,958,752,0.4989,0.6964,,,,,,,,,,,
98118788,472181112528,Eye Tracker,LipReading_BJ,10/21/2025,CJY,Recording8,10/18/2025,10/18/2025,10:09:23.595,02:09:23.595,431768,Timeline1,Tobii I-VT (Fixation),1.241.54219,1080,1920,10.0,3.7,2.3,2.7,0.31,0.19,0.23,13,8,10,4.3,4.1,3.4,0.38,0.36,0.3,16,15,12,7398244916,,,961,738,982,740,940,736,0.08864,0.08128,-0.99274,-0.0541,0.08158,-0.9952,4.324,4.25,4.277,,,,Valid,Valid,226.0,163.4,477.8,283.1,162.4,476.5,268.6,202.5,257.2,201.5,0.5004,0.6834,0.5112,0.6852,0.4895,0.6817,Screen Recording,Screen Recording Recording8.mp4,1920,1080,0,0,960,540,Fixation,280,222,958,752,0.4989,0.6964,,,,,,,,,,,
98122789,472181116529,Eye Tracker,LipReading_BJ,10/21/2025,CJY,Recording8,10/18/2025,10/18/2025,10:09:23.595,02:09:23.595,431768,Timeline1,Tobii I-VT (Fixation),1.241.54219,1080,1920,10.0,3.7,2.3,2.7,0.31,0.19,0.23,13,8,10,4.3,4.1,3.4,0.38,0.36,0.3,16,15,12,7398248917,,,960,735,985,738,936,733,0.09041,0.0803,-0.99266,-0.05654,0.07958,-0.99522,4.354,4.23,4.277,,,,Valid,Valid,225.9,163.4,477.9,283.1,162.4,476.5,269.5,202.0,256.0,200.5,0.5,0.681,0.5128,0.6835,0.4873,0.6784,Screen Recording,Screen Recording Recording8.mp4,1920,1080,0,0,960,540,Fixation,280,222,958,752,0.4989,0.6964,,,,,,,,,,,
98126788,472181120528,Eye Tracker,LipReading_BJ,10/21/2025,CJY,Recording8,10/18/2025,10/18/2025,10:09:23.595,02:09:23.595,431768,Timeline1,Tobii I-VT (Fixation),1.241.54219,1080,1920,10.0,3.7,2.3,2.7,0.31,0.19,0.23,13,8,10,4.3,4.1,3.4,0.38,0.36,0.3,16,15,12,7398252916,,,962,739,982,739,942,739,0.08907,0.08059,-0.99276,-0.05293,0.08325,-0.99512,4.344,4.23,4.277,,,,Valid,Valid,225.9,163.3,477.9,283.1,162.4,476.5,268.8,202.1,257.7,202.3,0.5011,0.6841,0.5116,0.6838,0.4905,0.6843,Screen Recording,Screen Recording Recording8.mp4,1920,1080,0,0,960,540,Fixation,280,222,958,752,0.4989,0.6964,,,,,,,,,,,
98130789,472181124529,Eye Tracker,LipReading_BJ,10/21/2025,CJY,Recording8,10/18/2025,10/18/2025,10:09:23.595,02:09:23.595,431768,Timeline1,Tobii I-VT (Fixation),1.241.54219,1080,1920,10.0,3.7,2.3,2.7,0.31,0.19,0.23,13,8,10,4.3,4.1,3.4,0.38,0.36,0.3,16,15,12,7398256917,,,954,748,970,755,938,741,0.08194,0.09005,-0.99256,-0.05514,0.08429,-0.99491,4.296,4.225,4.263,,,,Valid,Valid,225.9,163.3,477.9,283.1,162.4,476.5,265.4,206.7,256.7,202.7,0.4968,0.6926,0.5051,0.6992,0.4885,0.686,Screen Recording,Screen Recording Recording8.mp4,1920,1080,0,0,960,540,Fixation,280,222,958,752,0.4989,0.6964,,,,,,,,,,,
98134789,472181128529,Eye Tracker,LipReading_BJ,10/21/2025,CJY,Recording8,10/18/2025,10/18/2025,10:09:23.595,02:09:23.595,431768,Timeline1,Tobii I-VT (Fixation),1.241.54219,1080,1920,10.0,3.7,2.3,2.7,0.31,0.19,0.23,13,8,10,4.3,4.1,3.4,0.38,0.36,0.3,16,15,12,7398260917,,,959,754,981,763,938,745,0.08843,0.09438,-0.9916,-0.05531,0.08685,-0.99468,4.273,4.234,4.249,,,,Valid,Valid,225.9,163.3,477.9,283.1,162.4,476.5,268.5,208.8,256.6,204.0,0.4997,0.6982,0.5111,0.7063,0.4883,0.6901,Screen Recording,Screen Recording Recording8.mp4,1920,1080,0,0,960,540,Fixation,280,222,958,752,0.4989,0.6964,,,,,,,,,,,
98138787,472181132527,Eye Tracker,LipReading_BJ,10/21/2025,CJY,Recording8,10/18/2025,10/18/2025,10:09:23.595,02:09:23.595,431768,Timeline1,Tobii I-VT (Fixation),1.241.54219,1080,1920,10.0,3.7,2.3,2.7,0.31,0.19,0.23,13,8,10,4.3,4.1,3.4,0.38,0.36,0.3,16,15,12,7398264916,,,959,763,977,792,941,734,0.08608,0.11069,-0.99012,-0.0535,0.08073,-0.9953,4.207,4.207,4.215,,,,Valid,Valid,225.9,163.3,477.9,283.1,162.3,476.5,267.5,216.7,257.5,201.0,0.4995,0.7066,0.509,0.7332,0.49,0.68,Screen Recording,Screen Recording Recording8.mp4,1920,1080,0,0,960,540,Fixation,280,222,958,752,0.4989,0.6964,,,,,,,,,,,
98142788,472181136528,Eye Tracker,LipReading_BJ,10/21/2025,CJY,Recording8,10/18/2025,10/18/2025,10:09:23.595,02:09:23.595,431768,Timeline1,Tobii I-VT (Fixation),1.241.54219,1080,1920,10.0,3.7,2.3,2.7,0.31,0.19,0.23,13,8,10,4.3,4.1,3.4,0.38,0.36,0.3,16,15,12,7398268917,,,963,756,983,773,943,739,0.08935,0.10033,-0.99093,-0.05246,0.08349,-0.99513,4.203,4.224,4.213,,,,Valid,Valid,225.9,163.3,477.8,283.1,162.3,476.6,269.0,211.7,258.0,202.3,0.5015,0.7003,0.512,0.7161,0.491,0.6844,Screen Recording,Screen Recording Recording8.mp4,1920,1080,0,0,960,540,Fixation,280,222,958,752,0.4989,0.6964,,,,,,,,,,,
98146787,472181140527,Eye Tracker,LipReading_BJ,10/21/2025,CJY,Recording8,10/18/2025,10/18/2025,10:09:23.595,02:09:23.595,431768,Timeline1,Tobii I-VT (Fixation),1.241.54219,1080,1920,10.0,3.7,2.3,2.7,0.31,0.19,0.23,13,8,10,4.3,4.1,3.4,0.38,0.36,0.3,16,15,12,7398272916,,,944,744,,,944,744,,,,-0.05195,0.08654,-0.99489,,4.21,4.208,,,,Invalid,Valid,,,,283.1,162.3,476.6,,,258.2,203.7,0.4914,0.6893,,,0.4914,0.6893,Screen Recording,Screen Recording Recording8.mp4,1920,1080,0,0,960,540,Fixation,280,222,958,752,0.4989,0.6964,,,,,,,,,,,
98150788,472181144528,Eye Tracker,LipReading_BJ,10/21/2025,CJY,Recording8,10/18/2025,10/18/2025,10:09:23.595,02:09:23.595,431768,Timeline1,Tobii I-VT (Fixation),1.241.54219,1080,1920,10.0,3.7,2.3,2.7,0.31,0.19,0.23,13,8,10,4.3,4.1,3.4,0.38,0.36,0.3,16,15,12,7398276917,,,957,763,977,790,936,736,0.08583,0.10983,-0.99024,-0.05623,0.08154,-0.99508,4.171,4.229,4.208,,,,Valid,Valid,225.9,163.2,477.9,283.1,162.2,476.7,267.4,216.2,256.2,201.3,0.4982,0.7063,0.5089,0.7316,0.4875,0.6811,Screen Recording,Screen Recording Recording8.mp4,1920,1080,0,0,960,540,Saccade,12,386,,,,,,,,,,,,,,,
98154788,472181148528,Eye Tracker,LipReading_BJ,10/21/2025,CJY,Recording8,10/18/2025,10/18/2025,10:09:23.595,02:09:23.595,431768,Timeline1,Tobii I-VT (Fixation),1.241.54219,1080,1920,10.0,3.7,2.3,2.7,0.31,0.19,0.23,13,8,10,4.3,4.1,3.4,0.38,0.36,0.3,16,15,12,7398280917,,,962,731,986,726,938,737,0.091,0.0738,-0.99311,-0.05526,0.08215,-0.99509,4.31,4.213,4.213,,,,Valid,Valid,226.0,163.2,478.0,283.1,162.2,476.6,269.8,198.7,256.6,201.6,0.5009,0.6772,0.5134,0.6723,0.4884,0.682,Screen Recording,Screen Recording Recording8.mp4,1920,1080,0,0,960,540,Saccade,12,386,,,,,,,,,,,,,,,
98158787,472181152527,Eye Tracker,LipReading_BJ,10/21/2025,CJY,Recording8,10/18/2025,10/18/2025,10:09:23.595,02:09:23.595,431768,Timeline1,Tobii I-VT (Fixation),1.241.54219,1080,1920,10.0,3.7,2.3,2.7,0.31,0.19,0.23,13,8,10,4.3,4.1,3.4,0.38,0.36,0.3,16,15,12,7398284916,,,958,766,972,791,945,741,0.08294,0.11067,-0.99039,-0.05133,0.08449,-0.9951,4.216,4.199,4.242,,,,Valid,Valid,226.0,163.1,478.1,283.1,162.2,476.7,266.0,216.6,258.5,202.7,0.4991,0.7092,0.5062,0.7327,0.4921,0.6857,Screen Recording,Screen Recording Recording8.mp4,1920,1080,0,0,960,540,Saccade,12,386,,,,,,,,,,,,,,,
98162785,472181156525,Eye Tracker,LipReading_BJ,10/21/2025,CJY,Recording8,10/18/2025,10/18/2025,10:09:23.595,02:09:23.595,431768,Timeline1,Tobii I-VT (Fixation),1.241.54219,1080,1920,10.0,3.7,2.3,2.7,0.31,0.19,0.23,13,8,10,4.3,4.1,3.4,0.38,0.36,0.3,16,15,12,7398288914,,,966,735,986,739,946,731,0.09093,0.08134,-0.99253,-0.05067,0.07902,-0.99558,4.302,4.209,4.242,,,,Valid,Valid,226.0,163.1,478.1,283.2,162.2,476.8,269.8,202.3,258.9,200.0,0.5031,0.6806,0.5134,0.6845,0.4927,0.6767,Screen Recording,Screen Recording Recording8.mp4,1920,1080,0,0,960,540,Unclassified,8,174,,,,,,,,,,,,,,,
98166784,472181160524,Eye Tracker,LipReading_BJ,10/21/2025,CJY,Recording8,10/18/2025,10/18/2025,10:09:23.595,02:09:23.595,431768,Timeline1,Tobii I-VT (Fixation),1.241.54219,1080,1920,10.0,3.7,2.3,2.7,0.31,0.19,0.23,13,8,10,4.3,4.1,3.4,0.38,0.36,0.3,16,15,12,7398292913,,,963,732,983,727,942,737,0.08939,0.07457,-0.9932,-0.05272,0.08229,-0.99521,4.276,4.209,4.213,,,,Valid,Valid,226.0,163.1,478.2,283.2,162.1,476.8,269.0,199.0,257.9,201.6,0.5014,0.6776,0.512,0.6732,0.4908,0.6819,Screen Recording,Screen Recording Recording8.mp4,1920,1080,0,0,960,540,Unclassified,8,174,,,,,,,,,,,,,,,
98170785,472181164525,Eye Tracker,LipReading_BJ,10/21/2025,CJY,Recording8,10/18/2025,10/18/2025,10:09:23.595,02:09:23.595,431768,Timeline1,Tobii I-VT (Fixation),1.241.54219,1080,1920,10.0,3.7,2.3,2.7,0.31,0.19,0.23,13,8,10,4.3,4.1,3.4,0.38,0.36,0.3,16,15,12,7398296914,,,957,764,970,790,943,737,0.08184,0.11017,-0.99054,-0.05229,0.08248,-0.99522,4.185,4.212,4.226,,,,Valid,Valid,226.0,163.1,478.2,283.2,162.1,476.8,265.5,216.3,258.1,201.6,0.4983,0.7069,0.5053,0.7317,0.4913,0.6822,Screen Recording,Screen Recording Recording8.mp4,1920,1080,0,0,960,540,Saccade,4,387,,,,,,,,,,,,,,,
98174785,472181168525,Eye Tracker,LipReading_BJ,10/21/2025,CJY,Recording8,10/18/2025,10/18/2025,10:09:23.595,02:09:23.595,431768,Timeline1,Tobii I-VT (Fixation),1.241.54219,1080,1920,10.0,3.7,2.3,2.7,0.31,0.19,0.23,13,8,10,4.3,4.1,3.4,0.38,0.36,0.3,16,15,12,7398300914,,,959,759,976,785,942,734,0.08534,0.10711,-0.99058,-0.05285,0.08081,-0.99533,4.2,4.209,4.226,,,,Valid,Valid,226.0,163.1,478.1,283.2,162.1,476.8,267.2,214.8,257.9,200.8,0.4997,0.7031,0.5086,0.7267,0.4908,0.6795,Screen Recording,Screen Recording Recording8.mp4,1920,1080,0,0,960,540,Fixation,204,223,959,751,0.4995,0.6957,,,,,,,,,,,
98178784,472181172524,Eye Tracker,LipReading_BJ,10/21/2025,CJY,Recording8,10/18/2025,10/18/2025,10:09:23.595,02:09:23.595,431768,Timeline1,Tobii I-VT (Fixation),1.241.54219,1080,1920,10.0,3.7,2.3,2.7,0.31,0.19,0.23,13,8,10,4.3,4.1,3.4,0.38,0.36,0.3,16,15,12,7398304913,,,963,759,979,776,946,742,0.08697,0.10213,-0.99096,-0.05085,0.08553,-0.99504,4.243,4.206,4.225,,,,Valid,Valid,226.1,163.1,478.1,283.2,162.1,476.8,268.0,212.4,258.9,203.1,0.5014,0.7028,0.5101,0.7185,0.4927,0.6872,Screen Recording,Screen Recording Recording8.mp4,1920,1080,0,0,960,540,Fixation,204,223,959,751,0.4995,0.6957,,,,,,,,,,,
98182785,472181176525,Eye Tracker,LipReading_BJ,10/21/2025,CJY,Recording8,10/18/2025,10/18/2025,10:09:23.595,02:09:23.595,431768,Timeline1,Tobii I-VT (Fixation),1.241.54219,1080,1920,10.0,3.7,2.3,2.7,0.31,0.19,0.23,13,8,10,4.3,4.1,3.4,0.38,0.36,0.3,16,15,12,7398308914,,,963,739,979,746,946,731,0.0869,0.08522,-0.99257,-0.05058,0.07943,-0.99556,4.29,4.169,4.225,,,,Valid,Valid,226.1,163.1,478.2,283.3,162.1,476.8,268.0,204.1,259.0,200.1,0.5015,0.6839,0.51,0.6906,0.493,0.6772,Screen Recording,Screen Recording Recording8.mp4,1920,1080,0,0,960,540,Fixation,204,223,959,751,0.4995,0.6957,,,,,,,,,,,
98186784,472181180524,Eye Tracker,LipReading_BJ,10/21/2025,CJY,Recording8,10/18/2025,10/18/2025,10:09:23.595,02:09:23.595,431768,Timeline1,Tobii I-VT (Fixation),1.241.54219,1080,1920,10.0,3.7,2.3,2.7,0.31,0.19,0.23,13,8,10,4.3,4.1,3.4,0.38,0.36,0.3,16,15,12,7398312913,,,964,733,987,732,942,734,0.09159,0.07726,-0.99279,-0.05346,0.08088,-0.99529,4.29,4.205,4.242,,,,Valid,Valid,226.1,163.0,478.3,283.3,162.1,476.8,270.2,200.3,257.7,200.9,0.5023,0.6786,0.5143,0.6776,0.4904,0.6796,Screen Recording,Screen Recording Recording8.mp4,1920,1080,0,0,960,540,Fixation,204,223,959,751,0.4995,0.6957,,,,,,,,,,,
98190784,472181184524,Eye Tracker,LipReading_BJ,10/21/2025,CJY,Recording8,10/18/2025,10/18/2025,10:09:23.595,02:09:23.595,431768,Timeline1,Tobii I-VT (Fixation),1.241.54219,1080,1920,10.0,3.7,2.3,2.7,0.31,0.19,0.23,13,8,10,4.3,4.1,3.4,0.38,0.36,0.3,16,15,12,7398316913,,,959,761,979,774,939,748,0.08662,0.10113,-0.99109,-0.0547,0.08898,-0.99453,4.214,4.214,4.241,,,,Valid,Valid,226.1,163.0,478.3,283.3,162.1,476.9,267.9,211.8,257.1,204.8,0.4996,0.7048,0.5099,0.7168,0.4892,0.6928,Screen Recording,Screen Recording Recording8.mp4,1920,1080,0,0,960,540,Fixation,204,223,959,751,0.4995,0.6957,,,,,,,,,,,
98194785,472181188525,Eye Tracker,LipReading_BJ,10/21/2025,CJY,Recording8,10/18/2025,10/18/2025,10:09:23.595,02:09:23.595,431768,Timeline1,Tobii I-VT (Fixation),1.241.54219,1080,1920,10.0,3.7,2.3,2.7,0.31,0.19,0.23,13,8,10,4.3,4.1,3.4,0.38,0.36,0.3,16,15,12,7398320914,,,962,742,983,744,941,739,0.0892,0.08439,-0.99243,-0.05378,0.08379,-0.99503,4.277,4.215,4.215,,,,Valid,Valid,226.2,163.1,478.3,283.3,162.1,476.9,269.1,203.7,257.5,202.2,0.5012,0.6868,0.5122,0.6893,0.4902,0.6843,Screen Recording,Screen Recording Recording8.mp4,1920,1080,0,0,960,540,Fixation,204,223,959,751,0.4995,0.6957,,,,,,,,,,,
98198784,472181192524,Eye Tracker,LipReading_BJ,10/21/2025,CJY,Recording8,10/18/2025,10/18/2025,10:09:23.595,02:09:23.595,431768,Timeline1,Tobii I-VT (Fixation),1.241.54219,1080,1920,10.0,3.7,2.3,2.7,0.31,0.19,0.23,13,8,10,4.3,4.1,3.4,0.38,0.36,0.3,16,15,12,7398324913,,,960,751,977,760,944,742,0.08522,0.09308,-0.992,-0.05193,0.0857,-0.99497,4.221,4.201,4.213,,,,Valid,Valid,226.2,163.1,478.2,283.3,162.1,476.9,267.3,208.0,258.4,203.2,0.5003,0.6955,0.5086,0.7036,0.4919,0.6874,Screen Recording,Screen Recording Recording8.mp4,1920,1080,0,0,960,540,Fixation,204,223,959,751,0.4995,0.6957,,,,,,,,,,,
98202785,472181196525,Eye Tracker,LipReading_BJ,10/21/2025,CJY,Recording8,10/18/2025,10/18/2025,10:09:23.595,02:09:23.595,431768,Timeline1,Tobii I-VT (Fixation),1.241.54219,1080,1920,10.0,3.7,2.3,2.7,0.31,0.19,0.23,13,8,10,4.3,4.1,3.4,0.38,0.36,0.3,16,15,12,7398328914,,,967,750,987,765,948,735,0.09091,0.09588,-0.99123,-0.04989,0.08174,-0.9954,4.202,4.21,4.206,,,,Valid,Valid,226.2,163.1,478.2,283.3,162.1,477.0,270.1,209.3,259.4,201.2,0.5039,0.6946,0.514,0.7083,0.4938,0.6809,Screen Recording,Screen Recording Recording8.mp4,1920,1080,0,0,960,540,Fixation,204,223,959,751,0.4995,0.6957,,,,,,,,,,,
98206784,472181200524,Eye Tracker,LipReading_BJ,10/21/2025,CJY,Recording8,10/18/2025,10/18/2025,10:09:23.595,02:09:23.595,431768,Timeline1,Tobii I-VT (Fixation),1.241.54219,1080,1920,10.0,3.7,2.3,2.7,0.31,0.19,0.23,13,8,10,4.3,4.1,3.4,0.38,0.36,0.3,16,15,12,7398332913,,,961,756,975,775,946,738,0.08423,0.10176,-0.99124,-0.05085,0.08305,-0.99525,4.194,4.211,4.201,,,,Valid,Valid,226.2,163.1,478.3,283.4,162.1,477.0,266.8,212.2,259.0,201.9,0.5004,0.7005,0.5079,0.7179,0.4929,0.683,Screen Recording,Screen Recording Recording8.mp4,1920,1080,0,0,960,540,Fixation,204,223,959,751,0.4995,0.6957,,,,,,,,,,,
98210785,472181204525,Eye Tracker,LipReading_BJ,10/21/2025,CJY,Recording8,10/18/2025,10/18/2025,10:09:23.595,02:09:23.595,431768,Timeline1,Tobii I-VT (Fixation),1.241.54219,1080,1920,10.0,3.7,2.3,2.7,0.31,0.19,0.23,13,8,10,4.3,4.1,3.4,0.38,0.36,0.3,16,15,12,7398336914,,,962,750,983,773,941,727,0.08891,0.10065,-0.99094,-0.05414,0.07714,-0.99555,4.199,4.201,4.2,,,,Valid,Valid,226.2,163.1,478.4,283.4,162.1,477.0,269.1,211.7,257.4,199.0,0.5011,0.6948,0.5122,0.7161,0.4899,0.6734,Screen Recording,Screen Recording Recording8.mp4,1920,1080,0,0,960,540,Fixation,204,223,959,751,0.4995,0.6957,,,,,,,,,,,
98214785,472181208525,Eye Tracker,LipReading_BJ,10/21/2025,CJY,Recording8,10/18/2025,10/18/2025,10:09:23.595,02:09:23.595,431768,Timeline1,Tobii I-VT (Fixation),1.241.54219,1080,1920,10.0,3.7,2.3,2.7,0.31,0.19,0.23,13,8,10,4.3,4.1,3.4,0.38,0.36,0.3,16,15,12,7398340914,,,964,739,981,742,947,736,0.08784,0.08292,-0.99268,-0.05065,0.08199,-0.99535,4.246,4.182,4.199,,,,Valid,Valid,226.2,163.1,478.4,283.4,162.1,477.0,268.6,203.0,259.1,201.4,0.5021,0.6842,0.5111,0.6869,0.4931,0.6814,Screen Recording,Screen Recording Recording8.mp4,1920,1080,0,0,960,540,Fixation,204,223,959,751,0.4995,0.6957,,,,,,,,,,,
98218784,472181212524,Eye Tracker,LipReading_BJ,10/21/2025,CJY,Recording8,10/18/2025,10/18/2025,10:09:23.595,02:09:23.595,431768,Timeline1,Tobii I-VT (Fixation),1.241.54219,1080,1920,10.0,3.7,2.3,2.7,0.31,0.19,0.23,13,8,10,4.3,4.1,3.4,0.38,0.36,0.3,16,15,12,7398344913,,,963,750,976,771,950,730,0.08486,0.09923,-0.99144,-0.04912,0.07839,-0.99571,4.198,4.191,4.195,,,,Valid,Valid,226.2,163.1,478.5,283.4,162.1,477.1,267.2,211.0,259.8,199.7,0.5015,0.6946,0.5085,0.7138,0.4945,0.6755,Screen Recording,Screen Recording Recording8.mp4,1920,1080,0,0,960,540,Fixation,204,223,959,751,0.4995,0.6957,,,,,,,,,,,
98222785,472181216525,Eye Tracker,LipReading_BJ,10/21/2025,CJY,Recording8,10/18/2025,10/18/2025,10:09:23.595,02:09:23.595,431768,Timeline1,Tobii I-VT (Fixation),1.241.54219,1080,1920,10.0,3.7,2.3,2.7,0.31,0.19,0.23,13,8,10,4.3,4.1,3.4,0.38,0.36,0.3,16,15,12,7398348914,,,955,769,971,803,940,736,0.08156,0.1173,-0.98974,-0.05468,0.08176,-0.99515,4.132,4.2,4.193,,,,Valid,Valid,226.2,163.1,478.5,283.4,162.1,477.1,265.7,219.8,257.2,201.3,0.4975,0.7124,0.5056,0.7436,0.4894,0.6811,Screen Recording,Screen Recording Recording8.mp4,1920,1080,0,0,960,540,Fixation,204,223,959,751,0.4995,0.6957,,,,,,,,,,,
98226784,472181220524,Eye Tracker,LipReading_BJ,10/21/2025,CJY,Recording8,10/18/2025,10/18/2025,10:09:23.595,02:09:23.595,431768,Timeline1,Tobii I-VT (Fixation),1.241.54219,1080,1920,10.0,3.7,2.3,2.7,0.31,0.19,0.23,13,8,10,4.3,4.1,3.4,0.38,0.36,0.3,16,15,12,7398352913,,,958,754,973,772,943,736,0.083,0.0998,-0.99154,-0.05288,0.08202,-0.99523,4.2,4.184,4.193,,,,Valid,Valid,226.2,163.1,478.5,283.4,162.1,477.1,266.3,211.2,258.0,201.4,0.4989,0.6981,0.5068,0.7147,0.4911,0.6815,Screen Recording,Screen Recording Recording8.mp4,1920,1080,0,0,960,540,Fixation,204,223,959,751,0.4995,0.6957,,,,,,,,,,,
98230785,472181224525,Eye Tracker,LipReading_BJ,10/21/2025,CJY,Recording8,10/18/2025,10/18/2025,10:09:23.595,02:09:23.595,431768,Timeline1,Tobii I-VT (Fixation),1.241.54219,1080,1920,10.0,3.7,2.3,2.7,0.31,0.19,0.23,13,8,10,4.3,4.1,3.4,0.38,0.36,0.3,16,15,12,7398356914,,,958,756,974,779,943,732,0.08356,0.10392,-0.99107,-0.05285,0.07965,-0.99542,4.178,4.187,4.181,,,,Valid,Valid,226.2,163.1,478.6,283.4,162.1,477.1,266.6,213.3,258.0,200.3,0.4992,0.6996,0.5073,0.7215,0.4911,0.6776,Screen Recording,Screen Recording Recording8.mp4,1920,1080,0,0,960,540,Fixation,204,223,959,751,0.4995,0.6957,,,,,,,,,,,
98234785,472181228525,Eye Tracker,LipReading_BJ,10/21/2025,CJY,Recording8,10/18/2025,10/18/2025,10:09:23.595,02:09:23.595,431768,Timeline1,Tobii I-VT (Fixation),1.241.54219,1080,1920,10.0,3.7,2.3,2.7,0.31,0.19,0.23,13,8,10,4.3,4.1,3.4,0.38,0.36,0.3,16,15,12,7398360914,,,960,740,983,746,937,735,0.08879,0.08494,-0.99242,-0.05628,0.08166,-0.99507,4.251,4.182,4.18,,,,Valid,Valid,226.2,163.1,478.6,283.4,162.1,477.2,269.0,204.0,256.4,201.3,0.5,0.6856,0.512,0.6903,0.4879,0.6809,Screen Recording,Screen Recording Recording8.mp4,1920,1080,0,0,960,540,Fixation,204,223,959,751,0.4995,0.6957,,,,,,,,,,,
98238784,472181232524,Eye Tracker,LipReading_BJ,10/21/2025,CJY,Recording8,10/18/2025,10/18/2025,10:09:23.595,02:09:23.595,431768,Timeline1,Tobii I-VT (Fixation),1.241.54219,1080,1920,10.0,3.7,2.3,2.7,0.31,0.19,0.23,13,8,10,4.3,4.1,3.4,0.38,0.36,0.3,16,15,12,7398364913,,,960,760,973,777,946,743,0.08327,0.10294,-0.9912,-0.05113,0.08602,-0.99498,4.177,4.161,4.18,,,,Valid,Valid,226.2,163.1,478.7,283.4,162.1,477.2,266.4,212.8,258.8,203.4,0.4998,0.7039,0.507,0.7198,0.4926,0.688,Screen Recording,Screen Recording Recording8.mp4,1920,1080,0,0,960,540,Fixation,204,223,959,751,0.4995,0.6957,,,,,,,,,,,
98242784,472181236524,Eye Tracker,LipReading_BJ,10/21/2025,CJY,Recording8,10/18/2025,10/18/2025,10:09:23.595,02:09:23.595,431768,Timeline1,Tobii I-VT (Fixation),1.241.54219,1080,1920,10.0,3.7,2.3,2.7,0.31,0.19,0.23,13,8,10,4.3,4.1,3.4,0.38,0.36,0.3,16,15,12,7398368914,,,961,757,985,774,937,740,0.0896,0.10072,-0.99087,-0.05633,0.08404,-0.99487,4.171,4.171,4.173,,,,Valid,Valid,226.2,163.0,478.7,283.3,162.1,477.2,269.5,211.7,256.3,202.4,0.5003,0.7005,0.5128,0.7163,0.4878,0.6848,Screen Recording,Screen Recording Recording8.mp4,1920,1080,0,0,960,540,Fixation,204,223,959,751,0.4995,0.6957,,,,,,,,,,,
98246783,472181240523,Eye Tracker,LipReading_BJ,10/21/2025,CJY,Recording8,10/18/2025,10/18/2025,10:09:23.595,02:09:23.595,431768,Timeline1,Tobii I-VT (Fixation),1.241.54219,1080,1920,10.0,3.7,2.3,2.7,0.31,0.19,0.23,13,8,10,4.3,4.1,3.4,0.38,0.36,0.3,16,15,12,7398372913,,,957,762,973,788,942,735,0.0829,0.10907,-0.99057,-0.05345,0.08135,-0.99525,4.145,4.19,4.162,,,,Valid,Valid,226.1,163.0,478.7,283.3,162.1,477.3,266.2,215.7,257.7,201.1,0.4985,0.7051,0.5066,0.7299,0.4904,0.6803,Screen Recording,Screen Recording Recording8.mp4,1920,1080,0,0,960,540,Fixation,204,223,959,751,0.4995,0.6957,,,,,,,,,,,
98250783,472181244523,Eye Tracker,LipReading_BJ,10/21/2025,CJY,Recording8,10/18/2025,10/18/2025,10:09:23.595,02:09:23.595,431768,Timeline1,Tobii I-VT (Fixation),1.241.54219,1080,1920,10.0,3.7,2.3,2.7,0.31,0.19,0.23,13,8,10,4.3,4.1,3.4,0.38,0.36,0.3,16,15,12,7398376913,,,963,759,978,782,947,735,0.08604,0.10547,-0.99069,-0.05024,0.08179,-0.99538,4.145,4.175,4.161,,,,Valid,Valid,226.1,163.0,478.8,283.3,162.0,477.4,267.7,214.0,259.2,201.3,0.5014,0.7024,0.5095,0.724,0.4933,0.6809,Screen Recording,Screen Recording Recording8.mp4,1920,1080,0,0,960,540,Fixation,204,223,959,751,0.4995,0.6957,,,,,,,,,,,
98254784,472181248524,Eye Tracker,LipReading_BJ,10/21/2025,CJY,Recording8,10/18/2025,10/18/2025,10:09:23.595,02:09:23.595,431768,Timeline1,Tobii I-VT (Fixation),1.241.54219,1080,1920,10.0,3.7,2.3,2.7,0.31,0.19,0.23,13,8,10,4.3,4.1,3.4,0.38,0.36,0.3,16,15,12,7398380914,,,955,754,968,779,943,728,0.08022,0.1042,-0.99132,-0.05275,0.07751,-0.9956,4.154,4.163,4.16,,,,Valid,Valid,226.1,163.0,478.8,283.3,162.0,477.4,264.9,213.3,258.0,199.2,0.4975,0.6978,0.5041,0.7217,0.491,0.6739,Screen Recording,Screen Recording Recording8.mp4,1920,1080,0,0,960,540,Fixation,204,223,959,751,0.4995,0.6957,,,,,,,,,,,
98258783,472181252523,Eye Tracker,LipReading_BJ,10/21/2025,CJY,Recording8,10/18/2025,10/18/2025,10:09:23.595,02:09:23.595,431768,Timeline1,Tobii I-VT (Fixation),1.241.54219,1080,1920,10.0,3.7,2.3,2.7,0.31,0.19,0.23,13,8,10,4.3,4.1,3.4,0.38,0.36,0.3,16,15,12,7398384913,,,959,756,976,776,942,735,0.08511,0.10239,-0.9911,-0.05299,0.08169,-0.99525,4.151,4.168,4.159,,,,Valid,Valid,226.1,163.0,478.9,283.2,162.0,477.4,267.2,212.4,257.8,201.2,0.4996,0.6997,0.5085,0.7188,0.4907,0.6807,Screen Recording,Screen Recording Recording8.mp4,1920,1080,0,0,960,540,Fixation,204,223,959,751,0.4995,0.6957,,,,,,,,,,,
98262784,472181256524,Eye Tracker,LipReading_BJ,10/21/2025,CJY,Recording8,10/18/2025,10/18/2025,10:09:23.595,02:09:23.595,431768,Timeline1,Tobii I-VT (Fixation),1.241.54219,1080,1920,10.0,3.7,2.3,2.7,0.31,0.19,0.23,13,8,10,4.3,4.1,3.4,0.38,0.36,0.3,16,15,12,7398388914,,,959,751,974,757,944,746,0.08412,0.09154,-0.99224,-0.05191,0.08786,-0.99478,4.201,4.159,4.157,,,,Valid,Valid,226.0,162.9,479.0,283.2,162.0,477.4,266.7,207.1,258.3,204.2,0.4995,0.6958,0.5075,0.7008,0.4916,0.6907,Screen Recording,Screen Recording Recording8.mp4,1920,1080,0,0,960,540,Fixation,204,223,959,751,0.4995,0.6957,,,,,,,,,,,
98266783,472181260523,Eye Tracker,LipReading_BJ,10/21/2025,CJY,Recording8,10/18/2025,10/18/2025,10:09:23.595,02:09:23.595,431768,Timeline1,Tobii I-VT (Fixation),1.241.54219,1080,1920,10.0,3.7,2.3,2.7,0.31,0.19,0.23,13,8,10,4.3,4.1,3.4,0.38,0.36,0.3,16,15,12,7398392913,,,957,749,973,766,940,733,0.08359,0.09667,-0.9918,-0.05404,0.08046,-0.99529,4.162,4.158,4.155,,,,Valid,Valid,226.0,162.9,479.0,283.2,162.0,477.5,266.4,209.6,257.3,200.6,0.4983,0.6939,0.507,0.7091,0.4896,0.6786,Screen Recording,Screen Recording Recording8.mp4,1920,1080,0,0,960,540,Fixation,204,223,959,751,0.4995,0.6957,,,,,,,,,,,
98270784,472181264524,Eye Tracker,LipReading_BJ,10/21/2025,CJY,Recording8,10/18/2025,10/18/2025,10:09:23.595,02:09:23.595,431768,Timeline1,Tobii I-VT (Fixation),1.241.54219,1080,1920,10.0,3.7,2.3,2.7,0.31,0.19,0.23,13,8,10,4.3,4.1,3.4,0.38,0.36,0.3,16,15,12,7398396914,,,960,752,982,772,937,732,0.08869,0.10021,-0.99101,-0.05568,0.07985,-0.99525,4.152,4.134,4.16,,,,Valid,Valid,226.0,162.9,479.1,283.2,161.9,477.5,268.9,211.3,256.4,200.2,0.4999,0.6963,0.5117,0.715,0.4881,0.6775,Screen Recording,Screen Recording Recording8.mp4,1920,1080,0,0,960,540,Fixation,204,223,959,751,0.4995,0.6957,,,,,,,,,,,
98274784,472181268524,Eye Tracker,LipReading_BJ,10/21/2025,CJY,Recording8,10/18/2025,10/18/2025,10:09:23.595,02:09:23.595,431768,Timeline1,Tobii I-VT (Fixation),1.241.54219,1080,1920,10.0,3.7,2.3,2.7,0.31,0.19,0.23,13,8,10,4.3,4.1,3.4,0.38,0.36,0.3,16,15,12,7398400914,,,960,760,972,783,948,737,0.08279,0.10614,-0.9909,-0.04964,0.08278,-0.99533,4.136,4.141,4.151,,,,Valid,Valid,226.0,162.9,479.0,283.1,161.9,477.6,266.0,214.2,259.3,201.6,0.4999,0.7034,0.5062,0.7247,0.4935,0.6821,Screen Recording,Screen Recording Recording8.mp4,1920,1080,0,0,960,540,Fixation,204,223,959,751,0.4995,0.6957,,,,,,,,,,,
98278783,472181272523,Eye Tracker,LipReading_BJ,10/21/2025,CJY,Recording8,10/18/2025,10/18/2025,10:09:23.595,02:09:23.595,431768,Timeline1,Tobii I-VT (Fixation),1.241.54219,1080,1920,10.0,3.7,2.3,2.7,0.31,0.19,0.23,13,8,10,4.3,4.1,3.4,0.38,0.36,0.3,16,15,12,7398404913,,,961,753,970,774,951,733,0.08185,0.10113,-0.9915,-0.04751,0.08062,-0.99561,4.167,4.18,4.151,,,,Valid,Valid,225.9,162.9,479.0,283.1,161.9,477.6,265.5,211.7,260.3,200.5,0.5003,0.6975,0.5053,0.7164,0.4954,0.6785,Screen Recording,Screen Recording Recording8.mp4,1920,1080,0,0,960,540,Fixation,204,223,959,751,0.4995,0.6957,,,,,,,,,,,
98282784,472181276524,Eye Tracker,LipReading_BJ,10/21/2025,CJY,Recording8,10/18/2025,10/18/2025,10:09:23.595,02:09:23.595,431768,Timeline1,Tobii I-VT (Fixation),1.241.54219,1080,1920,10.0,3.7,2.3,2.7,0.31,0.19,0.23,13,8,10,4.3,4.1,3.4,0.38,0.36,0.3,16,15,12,7398408914,,,963,753,983,764,944,741,0.08904,0.09577,-0.99141,-0.05164,0.0852,-0.99502,4.17,4.126,4.154,,,,Valid,Valid,225.9,162.9,479.0,283.1,161.9,477.6,268.9,209.1,258.3,202.8,0.5017,0.6968,0.5118,0.7076,0.4916,0.686,Screen Recording,Screen Recording Recording8.mp4,1920,1080,0,0,960,540,Fixation,204,223,959,751,0.4995,0.6957,,,,,,,,,,,
98286783,472181280523,Eye Tracker,LipReading_BJ,10/21/2025,CJY,Recording8,10/18/2025,10/18/2025,10:09:23.595,02:09:23.595,431768,Timeline1,Tobii I-VT (Fixation),1.241.54219,1080,1920,10.0,3.7,2.3,2.7,0.31,0.19,0.23,13,8,10,4.3,4.1,3.4,0.38,0.36,0.3,16,15,12,7398412913,,,959,731,977,727,942,735,0.08579,0.07469,-0.99351,-0.05244,0.08173,-0.99527,4.265,4.133,4.156,,,,Valid,Valid,225.9,162.9,479.0,283.1,161.9,477.6,267.3,198.9,257.9,201.1,0.4997,0.6766,0.5087,0.6728,0.4908,0.6804,Screen Recording,Screen Recording Recording8.mp4,1920,1080,0,0,960,540,Fixation,204,223,959,751,0.4995,0.6957,,,,,,,,,,,
98290784,472181284524,Eye Tracker,LipReading_BJ,10/21/2025,CJY,Recording8,10/18/2025,10/18/2025,10:09:23.595,02:09:23.595,431768,Timeline1,Tobii I-VT (Fixation),1.241.54219,1080,1920,10.0,3.7,2.3,2.7,0.31,0.19,0.23,13,8,10,4.3,4.1,3.4,0.38,0.36,0.3,16,15,12,7398416914,,,958,755,971,773,945,738,0.08261,0.10077,-0.99147,-0.05089,0.08355,-0.9952,4.144,4.153,4.142,,,,Valid,Valid,225.9,162.8,479.1,283.0,161.8,477.6,265.8,211.5,258.6,201.9,0.499,0.6994,0.5059,0.7156,0.4922,0.6833,Screen Recording,Screen Recording Recording8.mp4,1920,1080,0,0,960,540,Fixation,204,223,959,751,0.4995,0.6957,,,,,,,,,,,
98294779,472181288519,Eye Tracker,LipReading_BJ,10/21/2025,CJY,Recording8,10/18/2025,10/18/2025,10:09:23.595,02:09:23.595,431768,Timeline1,Tobii I-VT (Fixation),1.241.54219,1080,1920,10.0,3.7,2.3,2.7,0.31,0.19,0.23,13,8,10,4.3,4.1,3.4,0.38,0.36,0.3,16,15,12,7398420909,,,961,753,977,767,946,739,0.08587,0.09744,-0.99153,-0.05034,0.08407,-0.99519,4.15,4.145,4.147,,,,Valid,Valid,225.9,162.8,479.1,283.0,161.8,477.7,267.4,209.9,258.9,202.2,0.5007,0.697,0.5088,0.7101,0.4927,0.684,Screen Recording,Screen Recording Recording8.mp4,1920,1080,0,0,960,540,Fixation,204,223,959,751,0.4995,0.6957,,,,,,,,,,,
98298778,472181292518,Eye Tracker,LipReading_BJ,10/21/2025,CJY,Recording8,10/18/2025,10/18/2025,10:09:23.595,02:09:23.595,431768,Timeline1,Tobii I-VT (Fixation),1.241.54219,1080,1920,10.0,3.7,2.3,2.7,0.31,0.19,0.23,13,8,10,4.3,4.1,3.4,0.38,0.36,0.3,16,15,12,7398424908,,,961,754,970,769,952,738,0.08213,0.09887,-0.99171,-0.04681,0.08365,-0.9954,4.139,4.117,4.143,,,,Valid,Valid,225.9,162.8,479.2,283.0,161.8,477.7,265.5,210.5,260.5,201.9,0.5006,0.6978,0.5054,0.7123,0.4959,0.6832,Screen Recording,Screen Recording Recording8.mp4,1920,1080,0,0,960,540,Fixation,204,223,959,751,0.4995,0.6957,,,,,,,,,,,
98302779,472181296519,Eye Tracker,LipReading_BJ,10/21/2025,CJY,Recording8,10/18/2025,10/18/2025,10:09:23.595,02:09:23.595,431768,Timeline1,Tobii I-VT (Fixation),1.241.54219,1080,1920,10.0,3.7,2.3,2.7,0.31,0.19,0.23,13,8,10,4.3,4.1,3.4,0.38,0.36,0.3,16,15,12,7398428909,,,963,754,976,774,951,733,0.08504,0.1014,-0.9912,-0.0475,0.08115,-0.99557,4.162,4.143,4.141,,,,Valid,Valid,225.9,162.7,479.2,283.0,161.7,477.8,267.0,211.8,260.2,200.7,0.5016,0.6977,0.5081,0.7165,0.4952,0.679,Screen Recording,Screen Recording Recording8.mp4,1920,1080,0,0,960,540,Fixation,204,223,959,751,0.4995,0.6957,,,,,,,,,,,
98306778,472181300518,Eye Tracker,LipReading_BJ,10/21/2025,CJY,Recording8,10/18/2025,10/18/2025,10:09:23.595,02:09:23.595,431768,Timeline1,Tobii I-VT (Fixation),1.241.54219,1080,1920,10.0,3.7,2.3,2.7,0.31,0.19,0.23,13,8,10,4.3,4.1,3.4,0.38,0.36,0.3,16,15,12,7398432908,,,956,759,968,782,945,737,0.08073,0.10592,-0.99109,-0.05086,0.08335,-0.99522,4.126,4.112,4.128,,,,Valid,Valid,225.8,162.7,479.3,283.0,161.7,477.9,264.9,213.9,258.6,201.7,0.4981,0.7032,0.5041,0.7238,0.4921,0.6826,Screen Recording,Screen Recording Recording8.mp4,1920,1080,0,0,960,540,Fixation,204,223,959,751,0.4995,0.6957,,,,,,,,,,,
98310778,472181304518,Eye Tracker,LipReading_BJ,10/21/2025,CJY,Recording8,10/18/2025,10/18/2025,10:09:23.595,02:09:23.595,431768,Timeline1,Tobii I-VT (Fixation),1.241.54219,1080,1920,10.0,3.7,2.3,2.7,0.31,0.19,0.23,13,8,10,4.3,4.1,3.4,0.38,0.36,0.3,16,15,12,7398436908,,,956,756,972,779,940,733,0.08288,0.10468,-0.99105,-0.05368,0.08118,-0.99525,4.139,4.15,4.136,,,,Valid,Valid,225.8,162.7,479.3,283.0,161.7,477.9,265.9,213.3,257.2,200.7,0.4978,0.7004,0.5061,0.7217,0.4895,0.679,Screen Recording,Screen Recording Recording8.mp4,1920,1080,0,0,960,540,Fixation,204,223,959,751,0.4995,0.6957,,,,,,,,,,,
98314779,472181308519,Eye Tracker,LipReading_BJ,10/21/2025,CJY,Recording8,10/18/2025,10/18/2025,10:09:23.595,02:09:23.595,431768,Timeline1,Tobii I-VT (Fixation),1.241.54219,1080,1920,10.0,3.7,2.3,2.7,0.31,0.19,0.23,13,8,10,4.3,4.1,3.4,0.38,0.36,0.3,16,15,12,7398440909,,,944,731,,,944,731,,,,-0.05125,0.07976,-0.9955,,4.102,4.13,,,,Invalid,Valid,,,,283.0,161.7,478.0,,,258.4,200.0,0.4918,0.6765,,,0.4918,0.6765,Screen Recording,Screen Recording Recording8.mp4,1920,1080,0,0,960,540,Fixation,204,223,959,751,0.4995,0.6957,,,,,,,,,,,
98318778,472181312518,Eye Tracker,LipReading_BJ,10/21/2025,CJY,Recording8,10/18/2025,10/18/2025,10:09:23.595,02:09:23.595,431768,Timeline1,Tobii I-VT (Fixation),1.241.54219,1080,1920,10.0,3.7,2.3,2.7,0.31,0.19,0.23,13,8,10,4.3,4.1,3.4,0.38,0.36,0.3,16,15,12,7398444908,,,958,753,973,772,942,735,0.08377,0.10075,-0.99138,-0.05232,0.08203,-0.99526,4.16,4.123,4.131,,,,Valid,Valid,225.9,162.6,479.4,283.0,161.6,478.0,266.4,211.4,257.9,201.0,0.4989,0.6976,0.5069,0.7151,0.4908,0.6802,Screen Recording,Screen Recording Recording8.mp4,1920,1080,0,0,960,540,Fixation,204,223,959,751,0.4995,0.6957,,,,,,,,,,,
98322779,472181316519,Eye Tracker,LipReading_BJ,10/21/2025,CJY,Recording8,10/18/2025,10/18/2025,10:09:23.595,02:09:23.595,431768,Timeline1,Tobii I-VT (Fixation),1.241.54219,1080,1920,10.0,3.7,2.3,2.7,0.31,0.19,0.23,13,8,10,4.3,4.1,3.4,0.38,0.36,0.3,16,15,12,7398448909,,,946,732,,,946,732,,,,-0.05021,0.08087,-0.99546,,4.117,4.131,,,,Invalid,Valid,,,,283.0,161.6,478.0,,,258.9,200.5,0.4927,0.6782,,,0.4927,0.6782,Screen Recording,Screen Recording Recording8.mp4,1920,1080,0,0,960,540,Fixation,204,223,959,751,0.4995,0.6957,,,,,,,,,,,
98326778,472181320518,Eye Tracker,LipReading_BJ,10/21/2025,CJY,Recording8,10/18/2025,10/18/2025,10:09:23.595,02:09:23.595,431768,Timeline1,Tobii I-VT (Fixation),1.241.54219,1080,1920,10.0,3.7,2.3,2.7,0.31,0.19,0.23,13,8,10,4.3,4.1,3.4,0.38,0.36,0.3,16,15,12,7398452908,,,961,753,974,768,949,738,0.08396,0.09811,-0.99163,-0.04837,0.08408,-0.99528,4.128,4.119,4.131,,,,Valid,Valid,225.9,162.6,479.4,283.0,161.6,478.1,266.5,210.1,259.8,202.0,0.5008,0.697,0.5071,0.7107,0.4944,0.6834,Screen Recording,Screen Recording Recording8.mp4,1920,1080,0,0,960,540,Fixation,204,223,959,751,0.4995,0.6957,,,,,,,,,,,
98330779,472181324519,Eye Tracker,LipReading_BJ,10/21/2025,CJY,Recording8,10/18/2025,10/18/2025,10:09:23.595,02:09:23.595,431768,Timeline1,Tobii I-VT (Fixation),1.241.54219,1080,1920,10.0,3.7,2.3,2.7,0.31,0.19,0.23,13,8,10,4.3,4.1,3.4,0.38,0.36,0.3,16,15,12,7398456909,,,961,755,977,775,944,735,0.08591,0.10242,-0.99103,-0.05133,0.08218,-0.9953,4.091,4.126,4.124,,,,Valid,Valid,225.9,162.6,479.5,283.1,161.6,478.1,267.5,212.1,258.4,201.0,0.5004,0.699,0.509,0.7177,0.4918,0.6802,Screen Recording,Screen Recording Recording8.mp4,1920,1080,0,0,960,540,Fixation,204,223,959,751,0.4995,0.6957,,,,,,,,,,,
98334779,472181328519,Eye Tracker,LipReading_BJ,10/21/2025,CJY,Recording8,10/18/2025,10/18/2025,10:09:23.595,02:09:23.595,431768,Timeline1,Tobii I-VT (Fixation),1.241.54219,1080,1920,10.0,3.7,2.3,2.7,0.31,0.19,0.23,13,8,10,4.3,4.1,3.4,0.38,0.36,0.3,16,15,12,7398460909,,,961,752,978,764,944,740,0.08657,0.09615,-0.9916,-0.05146,0.08523,-0.99503,4.152,4.106,4.124,,,,Valid,Valid,225.9,162.5,479.6,283.1,161.5,478.1,267.8,209.0,258.4,202.5,0.5007,0.6962,0.5096,0.7073,0.4917,0.6851,Screen Recording,Screen Recording Recording8.mp4,1920,1080,0,0,960,540,Fixation,204,223,959,751,0.4995,0.6957,,,,,,,,,,,
98338778,472181332518,Eye Tracker,LipReading_BJ,10/21/2025,CJY,Recording8,10/18/2025,10/18/2025,10:09:23.595,02:09:23.595,431768,Timeline1,Tobii I-VT (Fixation),1.241.54219,1080,1920,10.0,3.7,2.3,2.7,0.31,0.19,0.23,13,8,10,4.3,4.1,3.4,0.38,0.36,0.3,16,15,12,7398464908,,,954,754,968,772,939,736,0.08076,0.10092,-0.99161,-0.05418,0.0831,-0.99507,4.107,4.123,4.111,,,,Valid,Valid,225.9,162.5,479.6,283.1,161.5,478.2,265.0,211.3,257.1,201.4,0.4968,0.6983,0.5043,0.715,0.4892,0.6816,Screen Recording,Screen Recording Recording8.mp4,1920,1080,0,0,960,540,Fixation,204,223,959,751,0.4995,0.6957,,,,,,,,,,,
98342779,472181336519,Eye Tracker,LipReading_BJ,10/21/2025,CJY,Recording8,10/18/2025,10/18/2025,10:09:23.595,02:09:23.595,431768,Timeline1,Tobii I-VT (Fixation),1.241.54219,1080,1920,10.0,3.7,2.3,2.7,0.31,0.19,0.23,13,8,10,4.3,4.1,3.4,0.38,0.36,0.3,16,15,12,7398468909,,,955,755,970,772,941,738,0.08157,0.10087,-0.99155,-0.05327,0.08434,-0.99501,4.151,4.103,4.11,,,,Valid,Valid,226.0,162.5,479.6,283.1,161.5,478.2,265.4,211.3,257.5,202.0,0.4976,0.6992,0.5051,0.7149,0.4901,0.6835,Screen Recording,Screen Recording Recording8.mp4,1920,1080,0,0,960,540,Fixation,204,223,959,751,0.4995,0.6957,,,,,,,,,,,
98346777,472181340517,Eye Tracker,LipReading_BJ,10/21/2025,CJY,Recording8,10/18/2025,10/18/2025,10:09:23.595,02:09:23.595,431768,Timeline1,Tobii I-VT (Fixation),1.241.54219,1080,1920,10.0,3.7,2.3,2.7,0.31,0.19,0.23,13,8,10,4.3,4.1,3.4,0.38,0.36,0.3,16,15,12,7398472908,,,959,752,981,768,938,736,0.08768,0.09863,-0.99125,-0.05511,0.08308,-0.99502,4.116,4.097,4.106,,,,Valid,Valid,226.0,162.5,479.6,283.2,161.5,478.2,268.4,210.2,256.7,201.4,0.4997,0.6963,0.5108,0.7112,0.4885,0.6814,Screen Recording,Screen Recording Recording8.mp4,1920,1080,0,0,960,540,Fixation,204,223,959,751,0.4995,0.6957,,,,,,,,,,,
98350778,472181344518,Eye Tracker,LipReading_BJ,10/21/2025,CJY,Recording8,10/18/2025,10/18/2025,10:09:23.595,02:09:23.595,431768,Timeline1,Tobii I-VT (Fixation),1.241.54219,1080,1920,10.0,3.7,2.3,2.7,0.31,0.19,0.23,13,8,10,4.3,4.1,3.4,0.38,0.36,0.3,16,15,12,7398476909,,,958,754,970,770,946,738,0.08165,0.09974,-0.99166,-0.05047,0.08413,-0.99518,4.117,4.09,4.106,,,,Valid,Valid,226.0,162.4,479.7,283.2,161.5,478.2,265.5,210.7,258.9,201.9,0.4991,0.6979,0.5053,0.7128,0.4928,0.683,Screen Recording,Screen Recording Recording8.mp4,1920,1080,0,0,960,540,Fixation,204,223,959,751,0.4995,0.6957,,,,,,,,,,,
98354778,472181348518,Eye Tracker,LipReading_BJ,10/21/2025,CJY,Recording8,10/18/2025,10/18/2025,10:09:23.595,02:09:23.595,431768,Timeline1,Tobii I-VT (Fixation),1.241.54219,1080,1920,10.0,3.7,2.3,2.7,0.31,0.19,0.23,13,8,10,4.3,4.1,3.4,0.38,0.36,0.3,16,15,12,7398480909,,,956,766,971,788,942,744,0.08197,0.10989,-0.99056,-0.053,0.08787,-0.99472,4.056,4.097,4.106,,,,Valid,Valid,226.1,162.4,479.8,283.2,161.4,478.4,265.8,215.6,257.7,203.6,0.4981,0.7093,0.5058,0.7295,0.4905,0.689,Screen Recording,Screen Recording Recording8.mp4,1920,1080,0,0,960,540,Fixation,204,223,959,751,0.4995,0.6957,,,,,,,,,,,
98358777,472181352517,Eye Tracker,LipReading_BJ,10/21/2025,CJY,Recording8,10/18/2025,10/18/2025,10:09:23.595,02:09:23.595,431768,Timeline1,Tobii I-VT (Fixation),1.241.54219,1080,1920,10.0,3.7,2.3,2.7,0.31,0.19,0.23,13,8,10,4.3,4.1,3.4,0.38,0.36,0.3,16,15,12,7398484908,,,963,762,978,780,947,743,0.08595,0.10562,-0.99068,-0.04999,0.08748,-0.99491,4.091,4.099,4.094,,,,Valid,Valid,226.1,162.4,479.8,283.3,161.4,478.4,267.7,213.5,259.2,203.4,0.5014,0.7053,0.5095,0.7224,0.4933,0.6883,Screen Recording,Screen Recording Recording8.mp4,1920,1080,0,0,960,540,Fixation,204,223,959,751,0.4995,0.6957,,,,,,,,,,,
98362778,472181356518,Eye Tracker,LipReading_BJ,10/21/2025,CJY,Recording8,10/18/2025,10/18/2025,10:09:23.595,02:09:23.595,431768,Timeline1,Tobii I-VT (Fixation),1.241.54219,1080,1920,10.0,3.7,2.3,2.7,0.31,0.19,0.23,13,8,10,4.3,4.1,3.4,0.38,0.36,0.3,16,15,12,7398488909,,,959,750,974,757,945,743,0.08367,0.09291,-0.99215,-0.05142,0.08732,-0.99485,4.163,4.068,4.095,,,,Valid,Valid,226.1,162.4,479.8,283.3,161.3,478.4,266.6,207.3,258.6,203.3,0.4997,0.6946,0.5073,0.7013,0.4921,0.6879,Screen Recording,Screen Recording Recording8.mp4,1920,1080,0,0,960,540,Fixation,204,223,959,751,0.4995,0.6957,,,,,,,,,,,
98366777,472181360517,Eye Tracker,LipReading_BJ,10/21/2025,CJY,Recording8,10/18/2025,10/18/2025,10:09:23.595,02:09:23.595,431768,Timeline1,Tobii I-VT (Fixation),1.241.54219,1080,1920,10.0,3.7,2.3,2.7,0.31,0.19,0.23,13,8,10,4.3,4.1,3.4,0.38,0.36,0.3,16,15,12,7398492908,,,958,758,963,798,952,718,0.07722,0.11566,-0.99028,-0.04728,0.07319,-0.9962,3.942,4.12,4.023,,,,Valid,Valid,226.1,162.3,480.0,283.3,161.3,478.5,263.6,218.3,260.6,196.4,0.4988,0.7016,0.5016,0.7387,0.496,0.6646,Screen Recording,Screen Recording Recording8.mp4,1920,1080,0,0,960,540,Fixation,204,223,959,751,0.4995,0.6957,,,,,,,,,,,
98370778,472181364518,Eye Tracker,LipReading_BJ,10/21/2025,CJY,Recording8,10/18/2025,10/18/2025,10:09:23.595,02:09:23.595,431768,Timeline1,Tobii I-VT (Fixation),1.241.54219,1080,1920,10.0,3.7,2.3,2.7,0.31,0.19,0.23,13,8,10,4.3,4.1,3.4,0.38,0.36,0.3,16,15,12,7398496909,,,948,692,,,948,692,,,,-0.04974,0.05853,-0.99705,,4.224,4.12,,,,Invalid,Valid,,,,283.4,161.2,478.5,,,259.5,189.3,0.4939,0.6406,,,0.4939,0.6406,Screen Recording,Screen Recording Recording8.mp4,1920,1080,0,0,960,540,Fixation,204,223,959,751,0.4995,0.6957,,,,,,,,,,,
98374778,472181368518,Eye Tracker,LipReading_BJ,10/21/2025,CJY,Recording8,10/18/2025,10/18/2025,10:09:23.595,02:09:23.595,431768,Timeline1,Tobii I-VT (Fixation),1.241.54219,1080,1920,10.0,3.7,2.3,2.7,0.31,0.19,0.23,13,8,10,4.3,4.1,3.4,0.38,0.36,0.3,16,15,12,7398500909,,,947,714,,,947,714,,,,-0.05049,0.07133,-0.99617,,4.103,4.103,,,,Invalid,Valid,,,,283.4,161.1,478.7,,,259.1,195.4,0.4932,0.6611,,,0.4932,0.6611,Screen Recording,Screen Recording Recording8.mp4,1920,1080,0,0,960,540,Fixation,204,223,959,751,0.4995,0.6957,,,,,,,,,,,
98378775,472181372515,Eye Tracker,LipReading_BJ,10/21/2025,CJY,Recording8,10/18/2025,10/18/2025,10:09:23.595,02:09:23.595,431768,Timeline1,Tobii I-VT (Fixation),1.241.54219,1080,1920,10.0,3.7,2.3,2.7,0.31,0.19,0.23,13,8,10,4.3,4.1,3.4,0.38,0.36,0.3,16,15,12,7398504906,,,,,,,,,,,,,,,,,,,,,Invalid,Invalid,,,,,,,,,,,,,,,,,Screen Recording,Screen Recording Recording8.mp4,1920,1080,0,0,960,540,EyesNotFound,168,66,,,,,,,,,,,,,,,
98382778,472181376518,Eye Tracker,LipReading_BJ,10/21/2025,CJY,Recording8,10/18/2025,10/18/2025,10:09:23.595,02:09:23.595,431768,Timeline1,Tobii I-VT (Fixation),1.241.54219,1080,1920,10.0,3.7,2.3,2.7,0.31,0.19,0.23,13,8,10,4.3,4.1,3.4,0.38,0.36,0.3,16,15,12,7398508909,,,,,,,,,,,,,,,,,,,,,Invalid,Invalid,,,,,,,,,,,,,,,,,Screen Recording,Screen Recording Recording8.mp4,1920,1080,0,0,960,540,EyesNotFound,168,66,,,,,,,,,,,,,,,
98386777,472181380517,Eye Tracker,LipReading_BJ,10/21/2025,CJY,Recording8,10/18/2025,10/18/2025,10:09:23.595,02:09:23.595,431768,Timeline1,Tobii I-VT (Fixation),1.241.54219,1080,1920,10.0,3.7,2.3,2.7,0.31,0.19,0.23,13,8,10,4.3,4.1,3.4,0.38,0.36,0.3,16,15,12,7398512908,,,,,,,,,,,,,,,,,,,,,Invalid,Invalid,,,,,,,,,,,,,,,,,Screen Recording,Screen Recording Recording8.mp4,1920,1080,0,0,960,540,EyesNotFound,168,66,,,,,,,,,,,,,,,
98390778,472181384518,Eye Tracker,LipReading_BJ,10/21/2025,CJY,Recording8,10/18/2025,10/18/2025,10:09:23.595,02:09:23.595,431768,Timeline1,Tobii I-VT (Fixation),1.241.54219,1080,1920,10.0,3.7,2.3,2.7,0.31,0.19,0.23,13,8,10,4.3,4.1,3.4,0.38,0.36,0.3,16,15,12,7398516909,,,,,,,,,,,,,,,,,,,,,Invalid,Invalid,,,,,,,,,,,,,,,,,Screen Recording,Screen Recording Recording8.mp4,1920,1080,0,0,960,540,EyesNotFound,168,66,,,,,,,,,,,,,,,
98394778,472181388518,Eye Tracker,LipReading_BJ,10/21/2025,CJY,Recording8,10/18/2025,10/18/2025,10:09:23.595,02:09:23.595,431768,Timeline1,Tobii I-VT (Fixation),1.241.54219,1080,1920,10.0,3.7,2.3,2.7,0.31,0.19,0.23,13,8,10,4.3,4.1,3.4,0.38,0.36,0.3,16,15,12,7398520909,,,,,,,,,,,,,,,,,,,,,Invalid,Invalid,,,,,,,,,,,,,,,,,Screen Recording,Screen Recording Recording8.mp4,1920,1080,0,0,960,540,EyesNotFound,168,66,,,,,,,,,,,,,,,
98398777,472181392517,Eye Tracker,LipReading_BJ,10/21/2025,CJY,Recording8,10/18/2025,10/18/2025,10:09:23.595,02:09:23.595,431768,Timeline1,Tobii I-VT (Fixation),1.241.54219,1080,1920,10.0,3.7,2.3,2.7,0.31,0.19,0.23,13,8,10,4.3,4.1,3.4,0.38,0.36,0.3,16,15,12,7398524908,,,,,,,,,,,,,,,,,,,,,Invalid,Invalid,,,,,,,,,,,,,,,,,Screen Recording,Screen Recording Recording8.mp4,1920,1080,0,0,960,540,EyesNotFound,168,66,,,,,,,,,,,,,,,
98402777,472181396517,Eye Tracker,LipReading_BJ,10/21/2025,CJY,Recording8,10/18/2025,10/18/2025,10:09:23.595,02:09:23.595,431768,Timeline1,Tobii I-VT (Fixation),1.241.54219,1080,1920,10.0,3.7,2.3,2.7,0.31,0.19,0.23,13,8,10,4.3,4.1,3.4,0.38,0.36,0.3,16,15,12,7398528908,,,,,,,,,,,,,,,,,,,,,Invalid,Invalid,,,,,,,,,,,,,,,,,Screen Recording,Screen Recording Recording8.mp4,1920,1080,0,0,960,540,EyesNotFound,168,66,,,,,,,,,,,,,,,
98406778,472181400518,Eye Tracker,LipReading_BJ,10/21/2025,CJY,Recording8,10/18/2025,10/18/2025,10:09:23.595,02:09:23.595,431768,Timeline1,Tobii I-VT (Fixation),1.241.54219,1080,1920,10.0,3.7,2.3,2.7,0.31,0.19,0.23,13,8,10,4.3,4.1,3.4,0.38,0.36,0.3,16,15,12,7398532909,,,,,,,,,,,,,,,,,,,,,Invalid,Invalid,,,,,,,,,,,,,,,,,Screen Recording,Screen Recording Recording8.mp4,1920,1080,0,0,960,540,EyesNotFound,168,66,,,,,,,,,,,,,,,
98410777,472181404517,Eye Tracker,LipReading_BJ,10/21/2025,CJY,Recording8,10/18/2025,10/18/2025,10:09:23.595,02:09:23.595,431768,Timeline1,Tobii I-VT (Fixation),1.241.54219,1080,1920,10.0,3.7,2.3,2.7,0.31,0.19,0.23,13,8,10,4.3,4.1,3.4,0.38,0.36,0.3,16,15,12,7398536908,,,,,,,,,,,,,,,,,,,,,Invalid,Invalid,,,,,,,,,,,,,,,,,Screen Recording,Screen Recording Recording8.mp4,1920,1080,0,0,960,540,EyesNotFound,168,66,,,,,,,,,,,,,,,
98414777,472181408517,Eye Tracker,LipReading_BJ,10/21/2025,CJY,Recording8,10/18/2025,10/18/2025,10:09:23.595,02:09:23.595,431768,Timeline1,Tobii I-VT (Fixation),1.241.54219,1080,1920,10.0,3.7,2.3,2.7,0.31,0.19,0.23,13,8,10,4.3,4.1,3.4,0.38,0.36,0.3,16,15,12,7398540908,,,,,,,,,,,,,,,,,,,,,Invalid,Invalid,,,,,,,,,,,,,,,,,Screen Recording,Screen Recording Recording8.mp4,1920,1080,0,0,960,540,EyesNotFound,168,66,,,,,,,,,,,,,,,
98418778,472181412518,Eye Tracker,LipReading_BJ,10/21/2025,CJY,Recording8,10/18/2025,10/18/2025,10:09:23.595,02:09:23.595,431768,Timeline1,Tobii I-VT (Fixation),1.241.54219,1080,1920,10.0,3.7,2.3,2.7,0.31,0.19,0.23,13,8,10,4.3,4.1,3.4,0.38,0.36,0.3,16,15,12,7398544909,,,,,,,,,,,,,,,,,,,,,Invalid,Invalid,,,,,,,,,,,,,,,,,Screen Recording,Screen Recording Recording8.mp4,1920,1080,0,0,960,540,EyesNotFound,168,66,,,,,,,,,,,,,,,
98422777,472181416517,Eye Tracker,LipReading_BJ,10/21/2025,CJY,Recording8,10/18/2025,10/18/2025,10:09:23.595,02:09:23.595,431768,Timeline1,Tobii I-VT (Fixation),1.241.54219,1080,1920,10.0,3.7,2.3,2.7,0.31,0.19,0.23,13,8,10,4.3,4.1,3.4,0.38,0.36,0.3,16,15,12,7398548908,,,,,,,,,,,,,,,,,,,,,Invalid,Invalid,,,,,,,,,,,,,,,,,Screen Recording,Screen Recording Recording8.mp4,1920,1080,0,0,960,540,EyesNotFound,168,66,,,,,,,,,,,,,,,
98426777,472181420517,Eye Tracker,LipReading_BJ,10/21/2025,CJY,Recording8,10/18/2025,10/18/2025,10:09:23.595,02:09:23.595,431768,Timeline1,Tobii I-VT (Fixation),1.241.54219,1080,1920,10.0,3.7,2.3,2.7,0.31,0.19,0.23,13,8,10,4.3,4.1,3.4,0.38,0.36,0.3,16,15,12,7398552908,,,,,,,,,,,,,,,,,,,,,Invalid,Invalid,,,,,,,,,,,,,,,,,Screen Recording,Screen Recording Recording8.mp4,1920,1080,0,0,960,540,EyesNotFound,168,66,,,,,,,,,,,,,,,
98430778,472181424518,Eye Tracker,LipReading_BJ,10/21/2025,CJY,Recording8,10/18/2025,10/18/2025,10:09:23.595,02:09:23.595,431768,Timeline1,Tobii I-VT (Fixation),1.241.54219,1080,1920,10.0,3.7,2.3,2.7,0.31,0.19,0.23,13,8,10,4.3,4.1,3.4,0.38,0.36,0.3,16,15,12,7398556909,,,,,,,,,,,,,,,,,,,,,Invalid,Invalid,,,,,,,,,,,,,,,,,Screen Recording,Screen Recording Recording8.mp4,1920,1080,0,0,960,540,EyesNotFound,168,66,,,,,,,,,,,,,,,
98434778,472181428518,Eye Tracker,LipReading_BJ,10/21/2025,CJY,Recording8,10/18/2025,10/18/2025,10:09:23.595,02:09:23.595,431768,Timeline1,Tobii I-VT (Fixation),1.241.54219,1080,1920,10.0,3.7,2.3,2.7,0.31,0.19,0.23,13,8,10,4.3,4.1,3.4,0.38,0.36,0.3,16,15,12,7398560909,,,,,,,,,,,,,,,,,,,,,Invalid,Invalid,,,,,,,,,,,,,,,,,Screen Recording,Screen Recording Recording8.mp4,1920,1080,0,0,960,540,EyesNotFound,168,66,,,,,,,,,,,,,,,
98438777,472181432517,Eye Tracker,LipReading_BJ,10/21/2025,CJY,Recording8,10/18/2025,10/18/2025,10:09:23.595,02:09:23.595,431768,Timeline1,Tobii I-VT (Fixation),1.241.54219,1080,1920,10.0,3.7,2.3,2.7,0.31,0.19,0.23,13,8,10,4.3,4.1,3.4,0.38,0.36,0.3,16,15,12,7398564908,,,,,,,,,,,,,,,,,,,,,Invalid,Invalid,,,,,,,,,,,,,,,,,Screen Recording,Screen Recording Recording8.mp4,1920,1080,0,0,960,540,EyesNotFound,168,66,,,,,,,,,,,,,,,
98442777,472181436517,Eye Tracker,LipReading_BJ,10/21/2025,CJY,Recording8,10/18/2025,10/18/2025,10:09:23.595,02:09:23.595,431768,Timeline1,Tobii I-VT (Fixation),1.241.54219,1080,1920,10.0,3.7,2.3,2.7,0.31,0.19,0.23,13,8,10,4.3,4.1,3.4,0.38,0.36,0.3,16,15,12,7398568908,,,,,,,,,,,,,,,,,,,,,Invalid,Invalid,,,,,,,,,,,,,,,,,Screen Recording,Screen Recording Recording8.mp4,1920,1080,0,0,960,540,EyesNotFound,168,66,,,,,,,,,,,,,,,
98446777,472181440517,Eye Tracker,LipReading_BJ,10/21/2025,CJY,Recording8,10/18/2025,10/18/2025,10:09:23.595,02:09:23.595,431768,Timeline1,Tobii I-VT (Fixation),1.241.54219,1080,1920,10.0,3.7,2.3,2.7,0.31,0.19,0.23,13,8,10,4.3,4.1,3.4,0.38,0.36,0.3,16,15,12,7398572909,,,,,,,,,,,,,,,,,,,,,Invalid,Invalid,,,,,,,,,,,,,,,,,Screen Recording,Screen Recording Recording8.mp4,1920,1080,0,0,960,540,EyesNotFound,168,66,,,,,,,,,,,,,,,
98450776,472181444516,Eye Tracker,LipReading_BJ,10/21/2025,CJY,Recording8,10/18/2025,10/18/2025,10:09:23.595,02:09:23.595,431768,Timeline1,Tobii I-VT (Fixation),1.241.54219,1080,1920,10.0,3.7,2.3,2.7,0.31,0.19,0.23,13,8,10,4.3,4.1,3.4,0.38,0.36,0.3,16,15,12,7398576908,,,,,,,,,,,,,,,,,,,,,Invalid,Invalid,,,,,,,,,,,,,,,,,Screen Recording,Screen Recording Recording8.mp4,1920,1080,0,0,960,540,EyesNotFound,168,66,,,,,,,,,,,,,,,
98454776,472181448516,Eye Tracker,LipReading_BJ,10/21/2025,CJY,Recording8,10/18/2025,10/18/2025,10:09:23.595,02:09:23.595,431768,Timeline1,Tobii I-VT (Fixation),1.241.54219,1080,1920,10.0,3.7,2.3,2.7,0.31,0.19,0.23,13,8,10,4.3,4.1,3.4,0.38,0.36,0.3,16,15,12,7398580908,,,,,,,,,,,,,,,,,,,,,Invalid,Invalid,,,,,,,,,,,,,,,,,Screen Recording,Screen Recording Recording8.mp4,1920,1080,0,0,960,540,EyesNotFound,168,66,,,,,,,,,,,,,,,
98458777,472181452517,Eye Tracker,LipReading_BJ,10/21/2025,CJY,Recording8,10/18/2025,10/18/2025,10:09:23.595,02:09:23.595,431768,Timeline1,Tobii I-VT (Fixation),1.241.54219,1080,1920,10.0,3.7,2.3,2.7,0.31,0.19,0.23,13,8,10,4.3,4.1,3.4,0.38,0.36,0.3,16,15,12,7398584909,,,,,,,,,,,,,,,,,,,,,Invalid,Invalid,,,,,,,,,,,,,,,,,Screen Recording,Screen Recording Recording8.mp4,1920,1080,0,0,960,540,EyesNotFound,168,66,,,,,,,,,,,,,,,
98462777,472181456517,Eye Tracker,LipReading_BJ,10/21/2025,CJY,Recording8,10/18/2025,10/18/2025,10:09:23.595,02:09:23.595,431768,Timeline1,Tobii I-VT (Fixation),1.241.54219,1080,1920,10.0,3.7,2.3,2.7,0.31,0.19,0.23,13,8,10,4.3,4.1,3.4,0.38,0.36,0.3,16,15,12,7398588909,,,,,,,,,,,,,,,,,,,,,Invalid,Invalid,,,,,,,,,,,,,,,,,Screen Recording,Screen Recording Recording8.mp4,1920,1080,0,0,960,540,EyesNotFound,168,66,,,,,,,,,,,,,,,
98466776,472181460516,Eye Tracker,LipReading_BJ,10/21/2025,CJY,Recording8,10/18/2025,10/18/2025,10:09:23.595,02:09:23.595,431768,Timeline1,Tobii I-VT (Fixation),1.241.54219,1080,1920,10.0,3.7,2.3,2.7,0.31,0.19,0.23,13,8,10,4.3,4.1,3.4,0.38,0.36,0.3,16,15,12,7398592908,,,,,,,,,,,,,,,,,,,,,Invalid,Invalid,,,,,,,,,,,,,,,,,Screen Recording,Screen Recording Recording8.mp4,1920,1080,0,0,960,540,EyesNotFound,168,66,,,,,,,,,,,,,,,
98470777,472181464517,Eye Tracker,LipReading_BJ,10/21/2025,CJY,Recording8,10/18/2025,10/18/2025,10:09:23.595,02:09:23.595,431768,Timeline1,Tobii I-VT (Fixation),1.241.54219,1080,1920,10.0,3.7,2.3,2.7,0.31,0.19,0.23,13,8,10,4.3,4.1,3.4,0.38,0.36,0.3,16,15,12,7398596909,,,,,,,,,,,,,,,,,,,,,Invalid,Invalid,,,,,,,,,,,,,,,,,Screen Recording,Screen Recording Recording8.mp4,1920,1080,0,0,960,540,EyesNotFound,168,66,,,,,,,,,,,,,,,
98474777,472181468517,Eye Tracker,LipReading_BJ,10/21/2025,CJY,Recording8,10/18/2025,10/18/2025,10:09:23.595,02:09:23.595,431768,Timeline1,Tobii I-VT (Fixation),1.241.54219,1080,1920,10.0,3.7,2.3,2.7,0.31,0.19,0.23,13,8,10,4.3,4.1,3.4,0.38,0.36,0.3,16,15,12,7398600909,,,,,,,,,,,,,,,,,,,,,Invalid,Invalid,,,,,,,,,,,,,,,,,Screen Recording,Screen Recording Recording8.mp4,1920,1080,0,0,960,540,EyesNotFound,168,66,,,,,,,,,,,,,,,
98478776,472181472516,Eye Tracker,LipReading_BJ,10/21/2025,CJY,Recording8,10/18/2025,10/18/2025,10:09:23.595,02:09:23.595,431768,Timeline1,Tobii I-VT (Fixation),1.241.54219,1080,1920,10.0,3.7,2.3,2.7,0.31,0.19,0.23,13,8,10,4.3,4.1,3.4,0.38,0.36,0.3,16,15,12,7398604908,,,,,,,,,,,,,,,,,,,,,Invalid,Invalid,,,,,,,,,,,,,,,,,Screen Recording,Screen Recording Recording8.mp4,1920,1080,0,0,960,540,EyesNotFound,168,66,,,,,,,,,,,,,,,
98482776,472181476516,Eye Tracker,LipReading_BJ,10/21/2025,CJY,Recording8,10/18/2025,10/18/2025,10:09:23.595,02:09:23.595,431768,Timeline1,Tobii I-VT (Fixation),1.241.54219,1080,1920,10.0,3.7,2.3,2.7,0.31,0.19,0.23,13,8,10,4.3,4.1,3.4,0.38,0.36,0.3,16,15,12,7398608908,,,,,,,,,,,,,,,,,,,,,Invalid,Invalid,,,,,,,,,,,,,,,,,Screen Recording,Screen Recording Recording8.mp4,1920,1080,0,0,960,540,EyesNotFound,168,66,,,,,,,,,,,,,,,
98486777,472181480517,Eye Tracker,LipReading_BJ,10/21/2025,CJY,Recording8,10/18/2025,10/18/2025,10:09:23.595,02:09:23.595,431768,Timeline1,Tobii I-VT (Fixation),1.241.54219,1080,1920,10.0,3.7,2.3,2.7,0.31,0.19,0.23,13,8,10,4.3,4.1,3.4,0.38,0.36,0.3,16,15,12,7398612909,,,,,,,,,,,,,,,,,,,,,Invalid,Invalid,,,,,,,,,,,,,,,,,Screen Recording,Screen Recording Recording8.mp4,1920,1080,0,0,960,540,EyesNotFound,168,66,,,,,,,,,,,,,,,
98490776,472181484516,Eye Tracker,LipReading_BJ,10/21/2025,CJY,Recording8,10/18/2025,10/18/2025,10:09:23.595,02:09:23.595,431768,Timeline1,Tobii I-VT (Fixation),1.241.54219,1080,1920,10.0,3.7,2.3,2.7,0.31,0.19,0.23,13,8,10,4.3,4.1,3.4,0.38,0.36,0.3,16,15,12,7398616908,,,,,,,,,,,,,,,,,,,,,Invalid,Invalid,,,,,,,,,,,,,,,,,Screen Recording,Screen Recording Recording8.mp4,1920,1080,0,0,960,540,EyesNotFound,168,66,,,,,,,,,,,,,,,
98494776,472181488516,Eye Tracker,LipReading_BJ,10/21/2025,CJY,Recording8,10/18/2025,10/18/2025,10:09:23.595,02:09:23.595,431768,Timeline1,Tobii I-VT (Fixation),1.241.54219,1080,1920,10.0,3.7,2.3,2.7,0.31,0.19,0.23,13,8,10,4.3,4.1,3.4,0.38,0.36,0.3,16,15,12,7398620908,,,,,,,,,,,,,,,,,,,,,Invalid,Invalid,,,,,,,,,,,,,,,,,Screen Recording,Screen Recording Recording8.mp4,1920,1080,0,0,960,540,EyesNotFound,168,66,,,,,,,,,,,,,,,
98498777,472181492517,Eye Tracker,LipReading_BJ,10/21/2025,CJY,Recording8,10/18/2025,10/18/2025,10:09:23.595,02:09:23.595,431768,Timeline1,Tobii I-VT (Fixation),1.241.54219,1080,1920,10.0,3.7,2.3,2.7,0.31,0.19,0.23,13,8,10,4.3,4.1,3.4,0.38,0.36,0.3,16,15,12,7398624909,,,,,,,,,,,,,,,,,,,,,Invalid,Invalid,,,,,,,,,,,,,,,,,Screen Recording,Screen Recording Recording8.mp4,1920,1080,0,0,960,540,EyesNotFound,168,66,,,,,,,,,,,,,,,
98502777,472181496517,Eye Tracker,LipReading_BJ,10/21/2025,CJY,Recording8,10/18/2025,10/18/2025,10:09:23.595,02:09:23.595,431768,Timeline1,Tobii I-VT (Fixation),1.241.54219,1080,1920,10.0,3.7,2.3,2.7,0.31,0.19,0.23,13,8,10,4.3,4.1,3.4,0.38,0.36,0.3,16,15,12,7398628909,,,,,,,,,,,,,,,,,,,,,Invalid,Invalid,,,,,,,,,,,,,,,,,Screen Recording,Screen Recording Recording8.mp4,1920,1080,0,0,960,540,EyesNotFound,168,66,,,,,,,,,,,,,,,
98506776,472181500516,Eye Tracker,LipReading_BJ,10/21/2025,CJY,Recording8,10/18/2025,10/18/2025,10:09:23.595,02:09:23.595,431768,Timeline1,Tobii I-VT (Fixation),1.241.54219,1080,1920,10.0,3.7,2.3,2.7,0.31,0.19,0.23,13,8,10,4.3,4.1,3.4,0.38,0.36,0.3,16,15,12,7398632908,,,,,,,,,,,,,,,,,,,,,Invalid,Invalid,,,,,,,,,,,,,,,,,Screen Recording,Screen Recording Recording8.mp4,1920,1080,0,0,960,540,EyesNotFound,168,66,,,,,,,,,,,,,,,
98510777,472181504517,Eye Tracker,LipReading_BJ,10/21/2025,CJY,Recording8,10/18/2025,10/18/2025,10:09:23.595,02:09:23.595,431768,Timeline1,Tobii I-VT (Fixation),1.241.54219,1080,1920,10.0,3.7,2.3,2.7,0.31,0.19,0.23,13,8,10,4.3,4.1,3.4,0.38,0.36,0.3,16,15,12,7398636909,,,,,,,,,,,,,,,,,,,,,Invalid,Invalid,,,,,,,,,,,,,,,,,Screen Recording,Screen Recording Recording8.mp4,1920,1080,0,0,960,540,EyesNotFound,168,66,,,,,,,,,,,,,,,
98514776,472181508516,Eye Tracker,LipReading_BJ,10/21/2025,CJY,Recording8,10/18/2025,10/18/2025,10:09:23.595,02:09:23.595,431768,Timeline1,Tobii I-VT (Fixation),1.241.54219,1080,1920,10.0,3.7,2.3,2.7,0.31,0.19,0.23,13,8,10,4.3,4.1,3.4,0.38,0.36,0.3,16,15,12,7398640908,,,,,,,,,,,,,,,,,,,,,Invalid,Invalid,,,,,,,,,,,,,,,,,Screen Recording,Screen Recording Recording8.mp4,1920,1080,0,0,960,540,EyesNotFound,168,66,,,,,,,,,,,,,,,
98518776,472181512516,Eye Tracker,LipReading_BJ,10/21/2025,CJY,Recording8,10/18/2025,10/18/2025,10:09:23.595,02:09:23.595,431768,Timeline1,Tobii I-VT (Fixation),1.241.54219,1080,1920,10.0,3.7,2.3,2.7,0.31,0.19,0.23,13,8,10,4.3,4.1,3.4,0.38,0.36,0.3,16,15,12,7398644908,,,,,,,,,,,,,,,,,,,,,Invalid,Invalid,,,,,,,,,,,,,,,,,Screen Recording,Screen Recording Recording8.mp4,1920,1080,0,0,960,540,EyesNotFound,168,66,,,,,,,,,,,,,,,
98522776,472181516516,Eye Tracker,LipReading_BJ,10/21/2025,CJY,Recording8,10/18/2025,10/18/2025,10:09:23.595,02:09:23.595,431768,Timeline1,Tobii I-VT (Fixation),1.241.54219,1080,1920,10.0,3.7,2.3,2.7,0.31,0.19,0.23,13,8,10,4.3,4.1,3.4,0.38,0.36,0.3,16,15,12,7398648908,,,,,,,,,,,,,,,,,,,,,Invalid,Invalid,,,,,,,,,,,,,,,,,Screen Recording,Screen Recording Recording8.mp4,1920,1080,0,0,960,540,EyesNotFound,168,66,,,,,,,,,,,,,,,
98526777,472181520517,Eye Tracker,LipReading_BJ,10/21/2025,CJY,Recording8,10/18/2025,10/18/2025,10:09:23.595,02:09:23.595,431768,Timeline1,Tobii I-VT (Fixation),1.241.54219,1080,1920,10.0,3.7,2.3,2.7,0.31,0.19,0.23,13,8,10,4.3,4.1,3.4,0.38,0.36,0.3,16,15,12,7398652909,,,,,,,,,,,,,,,,,,,,,Invalid,Invalid,,,,,,,,,,,,,,,,,Screen Recording,Screen Recording Recording8.mp4,1920,1080,0,0,960,540,EyesNotFound,168,66,,,,,,,,,,,,,,,
98530776,472181524516,Eye Tracker,LipReading_BJ,10/21/2025,CJY,Recording8,10/18/2025,10/18/2025,10:09:23.595,02:09:23.595,431768,Timeline1,Tobii I-VT (Fixation),1.241.54219,1080,1920,10.0,3.7,2.3,2.7,0.31,0.19,0.23,13,8,10,4.3,4.1,3.4,0.38,0.36,0.3,16,15,12,7398656908,,,,,,,,,,,,,,,,,,,,,Invalid,Invalid,,,,,,,,,,,,,,,,,Screen Recording,Screen Recording Recording8.mp4,1920,1080,0,0,960,540,EyesNotFound,168,66,,,,,,,,,,,,,,,
98534776,472181528516,Eye Tracker,LipReading_BJ,10/21/2025,CJY,Recording8,10/18/2025,10/18/2025,10:09:23.595,02:09:23.595,431768,Timeline1,Tobii I-VT (Fixation),1.241.54219,1080,1920,10.0,3.7,2.3,2.7,0.31,0.19,0.23,13,8,10,4.3,4.1,3.4,0.38,0.36,0.3,16,15,12,7398660908,,,,,,,,,,,,,,,,,,,,,Invalid,Invalid,,,,,,,,,,,,,,,,,Screen Recording,Screen Recording Recording8.mp4,1920,1080,0,0,960,540,EyesNotFound,168,66,,,,,,,,,,,,,,,
98538777,472181532517,Eye Tracker,LipReading_BJ,10/21/2025,CJY,Recording8,10/18/2025,10/18/2025,10:09:23.595,02:09:23.595,431768,Timeline1,Tobii I-VT (Fixation),1.241.54219,1080,1920,10.0,3.7,2.3,2.7,0.31,0.19,0.23,13,8,10,4.3,4.1,3.4,0.38,0.36,0.3,16,15,12,7398664909,,,,,,,,,,,,,,,,,,,,,Invalid,Invalid,,,,,,,,,,,,,,,,,Screen Recording,Screen Recording Recording8.mp4,1920,1080,0,0,960,540,EyesNotFound,168,66,,,,,,,,,,,,,,,
98542777,472181536517,Eye Tracker,LipReading_BJ,10/21/2025,CJY,Recording8,10/18/2025,10/18/2025,10:09:23.595,02:09:23.595,431768,Timeline1,Tobii I-VT (Fixation),1.241.54219,1080,1920,10.0,3.7,2.3,2.7,0.31,0.19,0.23,13,8,10,4.3,4.1,3.4,0.38,0.36,0.3,16,15,12,7398668909,,,,,,,,,,,,,,,,,,,,,Invalid,Invalid,,,,,,,,,,,,,,,,,Screen Recording,Screen Recording Recording8.mp4,1920,1080,0,0,960,540,EyesNotFound,168,66,,,,,,,,,,,,,,,
98546776,472181540516,Eye Tracker,LipReading_BJ,10/21/2025,CJY,Recording8,10/18/2025,10/18/2025,10:09:23.595,02:09:23.595,431768,Timeline1,Tobii I-VT (Fixation),1.241.54219,1080,1920,10.0,3.7,2.3,2.7,0.31,0.19,0.23,13,8,10,4.3,4.1,3.4,0.38,0.36,0.3,16,15,12,7398672908,,,965,717,965,717,,,0.07657,0.07497,-0.99424,,,,3.68,,3.68,,,,Valid,Invalid,226.8,159.9,482.8,,,,264.0,196.3,,,0.5025,0.6642,0.5025,0.6642,,,Screen Recording,Screen Recording Recording8.mp4,1920,1080,0,0,960,540,Saccade,28,388,,,,,,,,,,,,,,,
98550775,472181544515,Eye Tracker,LipReading_BJ,10/21/2025,CJY,Recording8,10/18/2025,10/18/2025,10:09:23.595,02:09:23.595,431768,Timeline1,Tobii I-VT (Fixation),1.241.54219,1080,1920,10.0,3.7,2.3,2.7,0.31,0.19,0.23,13,8,10,4.3,4.1,3.4,0.38,0.36,0.3,16,15,12,7398676908,,,959,701,970,706,948,695,0.0794,0.06888,-0.99446,-0.05089,0.06413,-0.99664,3.74,3.743,3.742,,,,Valid,Valid,226.9,159.9,482.8,284.1,159.1,481.1,265.4,193.3,259.5,190.1,0.4995,0.6486,0.5051,0.6542,0.4939,0.6431,Screen Recording,Screen Recording Recording8.mp4,1920,1080,0,0,960,540,Saccade,28,388,,,,,,,,,,,,,,,
98554780,472181548520,Eye Tracker,LipReading_BJ,10/21/2025,CJY,Recording8,10/18/2025,10/18/2025,10:09:23.595,02:09:23.595,431768,Timeline1,Tobii I-VT (Fixation),1.241.54219,1080,1920,10.0,3.7,2.3,2.7,0.31,0.19,0.23,13,8,10,4.3,4.1,3.4,0.38,0.36,0.3,16,15,12,7398680913,,,961,658,,,961,658,,,,-0.04405,0.0433,-0.99809,,3.84,3.826,,,,Invalid,Valid,,,,284.1,159.1,481.1,,,262.9,180.0,0.5003,0.6089,,,0.5003,0.6089,Screen Recording,Screen Recording Recording8.mp4,1920,1080,0,0,960,540,Saccade,28,388,,,,,,,,,,,,,,,
98558779,472181552519,Eye Tracker,LipReading_BJ,10/21/2025,CJY,Recording8,10/18/2025,10/18/2025,10:09:23.595,02:09:23.595,431768,Timeline1,Tobii I-VT (Fixation),1.241.54219,1080,1920,10.0,3.7,2.3,2.7,0.31,0.19,0.23,13,8,10,4.3,4.1,3.4,0.38,0.36,0.3,16,15,12,7398684912,,,981,670,981,670,,,0.08544,0.04828,-0.99517,,,,3.886,,3.874,,,,Valid,Invalid,227.0,159.9,482.7,,,,268.4,183.4,,,0.5109,0.6204,0.5109,0.6204,,,Screen Recording,Screen Recording Recording8.mp4,1920,1080,0,0,960,540,Saccade,28,388,,,,,,,,,,,,,,,
98562779,472181556519,Eye Tracker,LipReading_BJ,10/21/2025,CJY,Recording8,10/18/2025,10/18/2025,10:09:23.595,02:09:23.595,431768,Timeline1,Tobii I-VT (Fixation),1.241.54219,1080,1920,10.0,3.7,2.3,2.7,0.31,0.19,0.23,13,8,10,4.3,4.1,3.4,0.38,0.36,0.3,16,15,12,7398688912,,,966,648,,,966,648,,,,-0.04096,0.03803,-0.99844,,3.886,3.911,,,,Invalid,Valid,,,,284.2,159.0,481.4,,,264.4,177.3,0.5033,0.6,,,0.5033,0.6,Screen Recording,Screen Recording Recording8.mp4,1920,1080,0,0,960,540,Saccade,28,388,,,,,,,,,,,,,,,
98566780,472181560520,Eye Tracker,LipReading_BJ,10/21/2025,CJY,Recording8,10/18/2025,10/18/2025,10:09:23.595,02:09:23.595,431768,Timeline1,Tobii I-VT (Fixation),1.241.54219,1080,1920,10.0,3.7,2.3,2.7,0.31,0.19,0.23,13,8,10,4.3,4.1,3.4,0.38,0.36,0.3,16,15,12,7398692913,,,986,623,986,623,,,0.0883,0.02166,-0.99586,,,,3.991,,3.917,,,,Valid,Invalid,227.1,159.9,482.7,,,,269.9,170.4,,,0.5136,0.5766,0.5136,0.5766,,,Screen Recording,Screen Recording Recording8.mp4,1920,1080,0,0,960,540,Saccade,28,388,,,,,,,,,,,,,,,
98570779,472181564519,Eye Tracker,LipReading_BJ,10/21/2025,CJY,Recording8,10/18/2025,10/18/2025,10:09:23.595,02:09:23.595,431768,Timeline1,Tobii I-VT (Fixation),1.241.54219,1080,1920,10.0,3.7,2.3,2.7,0.31,0.19,0.23,13,8,10,4.3,4.1,3.4,0.38,0.36,0.3,16,15,12,7398696912,,,982,643,993,650,970,636,0.092,0.03706,-0.99507,-0.03875,0.03096,-0.99877,3.965,3.883,3.922,,,,Valid,Valid,227.1,159.9,482.8,284.2,159.0,481.5,271.7,177.9,265.6,173.9,0.5113,0.5952,0.5171,0.6019,0.5054,0.5885,Screen Recording,Screen Recording Recording8.mp4,1920,1080,0,0,960,540,Saccade,28,388,,,,,,,,,,,,,,,
98574779,472181568519,Eye Tracker,LipReading_BJ,10/21/2025,CJY,Recording8,10/18/2025,10/18/2025,10:09:23.595,02:09:23.595,431768,Timeline1,Tobii I-VT (Fixation),1.241.54219,1080,1920,10.0,3.7,2.3,2.7,0.31,0.19,0.23,13,8,10,4.3,4.1,3.4,0.38,0.36,0.3,16,15,12,7398700912,,,981,637,994,647,968,628,0.0926,0.03523,-0.99508,-0.04004,0.02652,-0.99885,3.95,3.908,3.923,,,,Valid,Valid,227.1,159.9,482.8,284.2,159.0,481.4,272.0,177.0,264.9,171.8,0.511,0.59,0.5178,0.5988,0.5042,0.5813,Screen Recording,Screen Recording Recording8.mp4,1920,1080,0,0,960,540,Fixation,100,224,980,641,0.5103,0.5939,,,,,,,,,,,
98578780,472181572520,Eye Tracker,LipReading_BJ,10/21/2025,CJY,Recording8,10/18/2025,10/18/2025,10:09:23.595,02:09:23.595,431768,Timeline1,Tobii I-VT (Fixation),1.241.54219,1080,1920,10.0,3.7,2.3,2.7,0.31,0.19,0.23,13,8,10,4.3,4.1,3.4,0.38,0.36,0.3,16,15,12,7398704913,,,991,646,991,646,,,0.09098,0.03515,-0.99523,,,,3.957,,3.924,,,,Valid,Invalid,227.1,159.8,483.0,,,,271.3,176.9,,,0.5163,0.5985,0.5163,0.5985,,,Screen Recording,Screen Recording Recording8.mp4,1920,1080,0,0,960,540,Fixation,100,224,980,641,0.5103,0.5939,,,,,,,,,,,
98582779,472181576519,Eye Tracker,LipReading_BJ,10/21/2025,CJY,Recording8,10/18/2025,10/18/2025,10:09:23.595,02:09:23.595,431768,Timeline1,Tobii I-VT (Fixation),1.241.54219,1080,1920,10.0,3.7,2.3,2.7,0.31,0.19,0.23,13,8,10,4.3,4.1,3.4,0.38,0.36,0.3,16,15,12,7398708912,,,979,633,988,643,969,623,0.08927,0.03356,-0.99544,-0.03941,0.02402,-0.99893,3.939,3.889,3.924,,,,Valid,Valid,227.2,159.8,483.2,284.3,159.0,481.5,270.5,176.1,265.3,170.6,0.5098,0.5865,0.5148,0.5958,0.5049,0.5772,Screen Recording,Screen Recording Recording8.mp4,1920,1080,0,0,960,540,Fixation,100,224,980,641,0.5103,0.5939,,,,,,,,,,,
98586779,472181580519,Eye Tracker,LipReading_BJ,10/21/2025,CJY,Recording8,10/18/2025,10/18/2025,10:09:23.595,02:09:23.595,431768,Timeline1,Tobii I-VT (Fixation),1.241.54219,1080,1920,10.0,3.7,2.3,2.7,0.31,0.19,0.23,13,8,10,4.3,4.1,3.4,0.38,0.36,0.3,16,15,12,7398712912,,,990,654,990,654,,,0.09033,0.03969,-0.99512,,,,3.948,,3.923,,,,Valid,Invalid,227.2,159.8,483.2,,,,271.1,179.1,,,0.5159,0.6058,0.5159,0.6058,,,Screen Recording,Screen Recording Recording8.mp4,1920,1080,0,0,960,540,Fixation,100,224,980,641,0.5103,0.5939,,,,,,,,,,,
98590780,472181584520,Eye Tracker,LipReading_BJ,10/21/2025,CJY,Recording8,10/18/2025,10/18/2025,10:09:23.595,02:09:23.595,431768,Timeline1,Tobii I-VT (Fixation),1.241.54219,1080,1920,10.0,3.7,2.3,2.7,0.31,0.19,0.23,13,8,10,4.3,4.1,3.4,0.38,0.36,0.3,16,15,12,7398716913,,,982,636,1002,635,962,638,0.09668,0.02888,-0.9949,-0.04384,0.03228,-0.99852,3.996,3.908,3.919,,,,Valid,Valid,227.2,159.8,483.4,284.3,159.0,481.7,274.2,173.8,263.2,174.5,0.5113,0.5893,0.5218,0.5881,0.5009,0.5906,Screen Recording,Screen Recording Recording8.mp4,1920,1080,0,0,960,540,Fixation,100,224,980,641,0.5103,0.5939,,,,,,,,,,,
98594780,472181588520,Eye Tracker,LipReading_BJ,10/21/2025,CJY,Recording8,10/18/2025,10/18/2025,10:09:23.595,02:09:23.595,431768,Timeline1,Tobii I-VT (Fixation),1.241.54219,1080,1920,10.0,3.7,2.3,2.7,0.31,0.19,0.23,13,8,10,4.3,4.1,3.4,0.38,0.36,0.3,16,15,12,7398720913,,,978,642,995,646,962,638,0.09266,0.03482,-0.99509,-0.04392,0.03239,-0.99851,3.942,3.885,3.922,,,,Valid,Valid,227.3,159.8,483.2,284.4,159.0,481.7,272.2,176.7,263.2,174.6,0.5095,0.5944,0.5181,0.598,0.5009,0.5908,Screen Recording,Screen Recording Recording8.mp4,1920,1080,0,0,960,540,Fixation,100,224,980,641,0.5103,0.5939,,,,,,,,,,,
98598779,472181592519,Eye Tracker,LipReading_BJ,10/21/2025,CJY,Recording8,10/18/2025,10/18/2025,10:09:23.595,02:09:23.595,431768,Timeline1,Tobii I-VT (Fixation),1.241.54219,1080,1920,10.0,3.7,2.3,2.7,0.31,0.19,0.23,13,8,10,4.3,4.1,3.4,0.38,0.36,0.3,16,15,12,7398724912,,,1004,634,1004,634,,,0.09802,0.02847,-0.99478,,,,3.978,,3.923,,,,Valid,Invalid,227.2,159.8,483.5,,,,274.9,173.6,,,0.5231,0.5873,0.5231,0.5873,,,Screen Recording,Screen Recording Recording8.mp4,1920,1080,0,0,960,540,Fixation,100,224,980,641,0.5103,0.5939,,,,,,,,,,,
98602780,472181596520,Eye Tracker,LipReading_BJ,10/21/2025,CJY,Recording8,10/18/2025,10/18/2025,10:09:23.595,02:09:23.595,431768,Timeline1,Tobii I-VT (Fixation),1.241.54219,1080,1920,10.0,3.7,2.3,2.7,0.31,0.19,0.23,13,8,10,4.3,4.1,3.4,0.38,0.36,0.3,16,15,12,7398728913,,,980,640,998,647,963,633,0.09435,0.03562,-0.9949,-0.04329,0.02951,-0.99863,3.947,3.895,3.923,,,,Valid,Valid,227.3,159.7,483.5,284.4,158.9,481.9,273.1,177.1,263.5,173.2,0.5107,0.5925,0.5198,0.5991,0.5015,0.5859,Screen Recording,Screen Recording Recording8.mp4,1920,1080,0,0,960,540,Fixation,100,224,980,641,0.5103,0.5939,,,,,,,,,,,
98606780,472181600520,Eye Tracker,LipReading_BJ,10/21/2025,CJY,Recording8,10/18/2025,10/18/2025,10:09:23.595,02:09:23.595,431768,Timeline1,Tobii I-VT (Fixation),1.241.54219,1080,1920,10.0,3.7,2.3,2.7,0.31,0.19,0.23,13,8,10,4.3,4.1,3.4,0.38,0.36,0.3,16,15,12,7398732913,,,,,,,,,,,,,,,,,3.929,,,,Invalid,Invalid,,,,,,,,,,,,,,,,,Screen Recording,Screen Recording Recording8.mp4,1920,1080,0,0,960,540,Fixation,100,224,980,641,0.5103,0.5939,,,,,,,,,,,
98610779,472181604519,Eye Tracker,LipReading_BJ,10/21/2025,CJY,Recording8,10/18/2025,10/18/2025,10:09:23.595,02:09:23.595,431768,Timeline1,Tobii I-VT (Fixation),1.241.54219,1080,1920,10.0,3.7,2.3,2.7,0.31,0.19,0.23,13,8,10,4.3,4.1,3.4,0.38,0.36,0.3,16,15,12,7398736912,,,982,632,999,638,965,625,0.09478,0.0307,-0.99502,-0.04237,0.02512,-0.99879,3.953,3.925,3.928,,,,Valid,Valid,227.3,159.7,483.7,284.4,158.9,482.0,273.3,174.6,264.0,171.0,0.5113,0.5847,0.5202,0.5907,0.5024,0.5787,Screen Recording,Screen Recording Recording8.mp4,1920,1080,0,0,960,540,Fixation,100,224,980,641,0.5103,0.5939,,,,,,,,,,,
98614779,472181608519,Eye Tracker,LipReading_BJ,10/21/2025,CJY,Recording8,10/18/2025,10/18/2025,10:09:23.595,02:09:23.595,431768,Timeline1,Tobii I-VT (Fixation),1.241.54219,1080,1920,10.0,3.7,2.3,2.7,0.31,0.19,0.23,13,8,10,4.3,4.1,3.4,0.38,0.36,0.3,16,15,12,7398740912,,,982,630,999,638,965,622,0.09509,0.03079,-0.99499,-0.04216,0.0235,-0.99883,3.942,3.908,3.929,,,,Valid,Valid,227.3,159.6,483.8,284.5,158.9,482.0,273.5,174.6,264.1,170.2,0.5116,0.5834,0.5205,0.5908,0.5027,0.576,Screen Recording,Screen Recording Recording8.mp4,1920,1080,0,0,960,540,Fixation,100,224,980,641,0.5103,0.5939,,,,,,,,,,,
98618780,472181612520,Eye Tracker,LipReading_BJ,10/21/2025,CJY,Recording8,10/18/2025,10/18/2025,10:09:23.595,02:09:23.595,431768,Timeline1,Tobii I-VT (Fixation),1.241.54219,1080,1920,10.0,3.7,2.3,2.7,0.31,0.19,0.23,13,8,10,4.3,4.1,3.4,0.38,0.36,0.3,16,15,12,7398744913,,,,,,,,,,,,,,,,,3.922,,,,Invalid,Invalid,,,,,,,,,,,,,,,,,Screen Recording,Screen Recording Recording8.mp4,1920,1080,0,0,960,540,Fixation,100,224,980,641,0.5103,0.5939,,,,,,,,,,,
98622779,472181616519,Eye Tracker,LipReading_BJ,10/21/2025,CJY,Recording8,10/18/2025,10/18/2025,10:09:23.595,02:09:23.595,431768,Timeline1,Tobii I-VT (Fixation),1.241.54219,1080,1920,10.0,3.7,2.3,2.7,0.31,0.19,0.23,13,8,10,4.3,4.1,3.4,0.38,0.36,0.3,16,15,12,7398748912,,,978,639,995,650,962,628,0.09224,0.03744,-0.99503,-0.0441,0.02735,-0.99865,3.954,3.883,3.919,,,,Valid,Valid,227.4,159.6,483.7,284.5,158.7,482.4,272.2,177.8,263.2,172.0,0.5096,0.5917,0.5181,0.6016,0.501,0.5818,Screen Recording,Screen Recording Recording8.mp4,1920,1080,0,0,960,540,Fixation,100,224,980,641,0.5103,0.5939,,,,,,,,,,,
98626780,472181620520,Eye Tracker,LipReading_BJ,10/21/2025,CJY,Recording8,10/18/2025,10/18/2025,10:09:23.595,02:09:23.595,431768,Timeline1,Tobii I-VT (Fixation),1.241.54219,1080,1920,10.0,3.7,2.3,2.7,0.31,0.19,0.23,13,8,10,4.3,4.1,3.4,0.38,0.36,0.3,16,15,12,7398752913,,,964,628,,,964,628,,,,-0.04295,0.02699,-0.99871,,3.893,3.916,,,,Invalid,Valid,,,,284.6,158.7,482.5,,,263.8,171.7,0.5021,0.581,,,0.5021,0.581,Screen Recording,Screen Recording Recording8.mp4,1920,1080,0,0,960,540,Fixation,100,224,980,641,0.5103,0.5939,,,,,,,,,,,
98630779,472181624519,Eye Tracker,LipReading_BJ,10/21/2025,CJY,Recording8,10/18/2025,10/18/2025,10:09:23.595,02:09:23.595,431768,Timeline1,Tobii I-VT (Fixation),1.241.54219,1080,1920,10.0,3.7,2.3,2.7,0.31,0.19,0.23,13,8,10,4.3,4.1,3.4,0.38,0.36,0.3,16,15,12,7398756912,,,976,645,990,657,961,633,0.08964,0.04171,-0.9951,-0.04471,0.02996,-0.99855,3.923,3.9,3.915,,,,Valid,Valid,227.4,159.5,484.0,284.6,158.7,482.5,271.0,179.8,263.0,173.1,0.5082,0.597,0.5158,0.6082,0.5005,0.5858,Screen Recording,Screen Recording Recording8.mp4,1920,1080,0,0,960,540,Fixation,100,224,980,641,0.5103,0.5939,,,,,,,,,,,
98634779,472181628519,Eye Tracker,LipReading_BJ,10/21/2025,CJY,Recording8,10/18/2025,10/18/2025,10:09:23.595,02:09:23.595,431768,Timeline1,Tobii I-VT (Fixation),1.241.54219,1080,1920,10.0,3.7,2.3,2.7,0.31,0.19,0.23,13,8,10,4.3,4.1,3.4,0.38,0.36,0.3,16,15,12,7398760912,,,,,,,,,,,,,,,,,3.915,,,,Invalid,Invalid,,,,,,,,,,,,,,,,,Screen Recording,Screen Recording Recording8.mp4,1920,1080,0,0,960,540,Fixation,100,224,980,641,0.5103,0.5939,,,,,,,,,,,
98638780,472181632520,Eye Tracker,LipReading_BJ,10/21/2025,CJY,Recording8,10/18/2025,10/18/2025,10:09:23.595,02:09:23.595,431768,Timeline1,Tobii I-VT (Fixation),1.241.54219,1080,1920,10.0,3.7,2.3,2.7,0.31,0.19,0.23,13,8,10,4.3,4.1,3.4,0.38,0.36,0.3,16,15,12,7398764913,,,964,627,,,964,627,,,,-0.0431,0.02696,-0.99871,,3.889,3.91,,,,Invalid,Valid,,,,284.6,158.6,482.6,,,263.8,171.6,0.502,0.5806,,,0.502,0.5806,Screen Recording,Screen Recording Recording8.mp4,1920,1080,0,0,960,540,Fixation,100,224,980,641,0.5103,0.5939,,,,,,,,,,,
98642779,472181636519,Eye Tracker,LipReading_BJ,10/21/2025,CJY,Recording8,10/18/2025,10/18/2025,10:09:23.595,02:09:23.595,431768,Timeline1,Tobii I-VT (Fixation),1.241.54219,1080,1920,10.0,3.7,2.3,2.7,0.31,0.19,0.23,13,8,10,4.3,4.1,3.4,0.38,0.36,0.3,16,15,12,7398768912,,,982,647,994,667,970,626,0.09124,0.04756,-0.99469,-0.03959,0.02679,-0.99886,3.945,3.872,3.913,,,,Valid,Valid,227.5,159.3,484.3,284.7,158.5,482.8,271.9,182.4,265.5,171.4,0.5114,0.5987,0.5175,0.6172,0.5053,0.5801,Screen Recording,Screen Recording Recording8.mp4,1920,1080,0,0,960,540,Fixation,100,224,980,641,0.5103,0.5939,,,,,,,,,,,
98646779,472181640519,Eye Tracker,LipReading_BJ,10/21/2025,CJY,Recording8,10/18/2025,10/18/2025,10:09:23.595,02:09:23.595,431768,Timeline1,Tobii I-VT (Fixation),1.241.54219,1080,1920,10.0,3.7,2.3,2.7,0.31,0.19,0.23,13,8,10,4.3,4.1,3.4,0.38,0.36,0.3,16,15,12,7398772912,,,980,647,993,665,966,629,0.09091,0.04653,-0.99477,-0.04181,0.02814,-0.99873,3.92,3.879,3.913,,,,Valid,Valid,227.5,159.3,484.2,284.7,158.4,482.9,271.8,181.9,264.5,172.0,0.5103,0.5987,0.5173,0.6155,0.5033,0.582,Screen Recording,Screen Recording Recording8.mp4,1920,1080,0,0,960,540,Fixation,100,224,980,641,0.5103,0.5939,,,,,,,,,,,
98650779,472181644519,Eye Tracker,LipReading_BJ,10/21/2025,CJY,Recording8,10/18/2025,10/18/2025,10:09:23.595,02:09:23.595,431768,Timeline1,Tobii I-VT (Fixation),1.241.54219,1080,1920,10.0,3.7,2.3,2.7,0.31,0.19,0.23,13,8,10,4.3,4.1,3.4,0.38,0.36,0.3,16,15,12,7398776913,,,979,648,990,666,968,630,0.08931,0.04762,-0.99487,-0.04101,0.02905,-0.99874,3.937,3.888,3.907,,,,Valid,Valid,227.6,159.2,484.5,284.7,158.4,482.9,271.0,182.3,264.9,172.4,0.51,0.6002,0.5158,0.617,0.5041,0.5834,Screen Recording,Screen Recording Recording8.mp4,1920,1080,0,0,960,540,Fixation,100,224,980,641,0.5103,0.5939,,,,,,,,,,,
98654779,472181648519,Eye Tracker,LipReading_BJ,10/21/2025,CJY,Recording8,10/18/2025,10/18/2025,10:09:23.595,02:09:23.595,431768,Timeline1,Tobii I-VT (Fixation),1.241.54219,1080,1920,10.0,3.7,2.3,2.7,0.31,0.19,0.23,13,8,10,4.3,4.1,3.4,0.38,0.36,0.3,16,15,12,7398780913,,,980,648,993,663,966,633,0.09094,0.04575,-0.9948,-0.04203,0.03065,-0.99865,3.921,3.903,3.908,,,,Valid,Valid,227.6,159.2,484.3,284.7,158.3,483.0,271.9,181.4,264.4,173.2,0.5103,0.5999,0.5174,0.6139,0.5032,0.5858,Screen Recording,Screen Recording Recording8.mp4,1920,1080,0,0,960,540,Fixation,100,224,980,641,0.5103,0.5939,,,,,,,,,,,
98658778,472181652518,Eye Tracker,LipReading_BJ,10/21/2025,CJY,Recording8,10/18/2025,10/18/2025,10:09:23.595,02:09:23.595,431768,Timeline1,Tobii I-VT (Fixation),1.241.54219,1080,1920,10.0,3.7,2.3,2.7,0.31,0.19,0.23,13,8,10,4.3,4.1,3.4,0.38,0.36,0.3,16,15,12,7398784912,,,981,648,993,666,969,631,0.09039,0.04763,-0.99477,-0.04037,0.02958,-0.99875,3.926,3.89,3.909,,,,Valid,Valid,227.6,159.1,484.4,284.8,158.3,483.0,271.6,182.3,265.2,172.6,0.5109,0.6004,0.517,0.6168,0.5048,0.584,Screen Recording,Screen Recording Recording8.mp4,1920,1080,0,0,960,540,Fixation,100,224,980,641,0.5103,0.5939,,,,,,,,,,,
98662778,472181656518,Eye Tracker,LipReading_BJ,10/21/2025,CJY,Recording8,10/18/2025,10/18/2025,10:09:23.595,02:09:23.595,431768,Timeline1,Tobii I-VT (Fixation),1.241.54219,1080,1920,10.0,3.7,2.3,2.7,0.31,0.19,0.23,13,8,10,4.3,4.1,3.4,0.38,0.36,0.3,16,15,12,7398788912,,,980,646,991,663,970,628,0.08916,0.04622,-0.99494,-0.04025,0.02839,-0.99879,3.935,3.892,3.914,,,,Valid,Valid,227.7,159.1,484.4,284.8,158.3,483.0,271.1,181.6,265.3,172.0,0.5104,0.5981,0.5159,0.6143,0.505,0.5819,Screen Recording,Screen Recording Recording8.mp4,1920,1080,0,0,960,540,Fixation,100,224,980,641,0.5103,0.5939,,,,,,,,,,,
98666778,472181660518,Eye Tracker,LipReading_BJ,10/21/2025,CJY,Recording8,10/18/2025,10/18/2025,10:09:23.595,02:09:23.595,431768,Timeline1,Tobii I-VT (Fixation),1.241.54219,1080,1920,10.0,3.7,2.3,2.7,0.31,0.19,0.23,13,8,10,4.3,4.1,3.4,0.38,0.36,0.3,16,15,12,7398792912,,,978,647,991,666,966,629,0.0895,0.04781,-0.99484,-0.04256,0.02871,-0.99868,3.925,3.906,3.908,,,,Valid,Valid,227.7,159.0,484.4,284.8,158.2,483.2,271.3,182.3,264.2,172.1,0.5096,0.5995,0.5163,0.6168,0.5029,0.5821,Screen Recording,Screen Recording Recording8.mp4,1920,1080,0,0,960,540,Fixation,100,224,980,641,0.5103,0.5939,,,,,,,,,,,
98670778,472181664518,Eye Tracker,LipReading_BJ,10/21/2025,CJY,Recording8,10/18/2025,10/18/2025,10:09:23.595,02:09:23.595,431768,Timeline1,Tobii I-VT (Fixation),1.241.54219,1080,1920,10.0,3.7,2.3,2.7,0.31,0.19,0.23,13,8,10,4.3,4.1,3.4,0.38,0.36,0.3,16,15,12,7398796912,,,983,653,997,671,968,635,0.09245,0.0506,-0.99443,-0.04104,0.03223,-0.99864,3.916,3.914,3.916,,,,Valid,Valid,227.7,158.9,484.7,284.9,158.1,483.2,272.8,183.6,265.0,173.7,0.5118,0.6044,0.5192,0.6211,0.5044,0.5878,Screen Recording,Screen Recording Recording8.mp4,1920,1080,0,0,960,540,Fixation,100,224,980,641,0.5103,0.5939,,,,,,,,,,,
98674778,472181668518,Eye Tracker,LipReading_BJ,10/21/2025,CJY,Recording8,10/18/2025,10/18/2025,10:09:23.595,02:09:23.595,431768,Timeline1,Tobii I-VT (Fixation),1.241.54219,1080,1920,10.0,3.7,2.3,2.7,0.31,0.19,0.23,13,8,10,4.3,4.1,3.4,0.38,0.36,0.3,16,15,12,7398800912,,,966,636,,,966,636,,,,-0.04256,0.03279,-0.99856,,3.889,3.916,,,,Invalid,Valid,,,,284.9,158.1,483.2,,,264.3,174.0,0.503,0.5886,,,0.503,0.5886,Screen Recording,Screen Recording Recording8.mp4,1920,1080,0,0,960,540,Saccade,24,389,,,,,,,,,,,,,,,
98678779,472181672519,Eye Tracker,LipReading_BJ,10/21/2025,CJY,Recording8,10/18/2025,10/18/2025,10:09:23.595,02:09:23.595,431768,Timeline1,Tobii I-VT (Fixation),1.241.54219,1080,1920,10.0,3.7,2.3,2.7,0.31,0.19,0.23,13,8,10,4.3,4.1,3.4,0.38,0.36,0.3,16,15,12,7398804913,,,974,637,982,654,965,621,0.08441,0.04132,-0.99557,-0.04286,0.02474,-0.99877,3.926,3.911,3.917,,,,Valid,Valid,227.8,158.8,484.7,284.9,158.0,483.3,268.9,178.9,264.1,170.0,0.5072,0.5903,0.5117,0.6054,0.5027,0.5752,Screen Recording,Screen Recording Recording8.mp4,1920,1080,0,0,960,540,Saccade,24,389,,,,,,,,,,,,,,,
98682779,472181676519,Eye Tracker,LipReading_BJ,10/21/2025,CJY,Recording8,10/18/2025,10/18/2025,10:09:23.595,02:09:23.595,431768,Timeline1,Tobii I-VT (Fixation),1.241.54219,1080,1920,10.0,3.7,2.3,2.7,0.31,0.19,0.23,13,8,10,4.3,4.1,3.4,0.38,0.36,0.3,16,15,12,7398808913,,,956,616,967,630,945,602,0.07555,0.02845,-0.99674,-0.05407,0.0142,-0.99844,3.921,3.914,3.92,,,,Valid,Valid,227.8,158.7,485.0,284.9,157.9,483.4,264.5,172.5,258.7,164.8,0.4979,0.5706,0.5034,0.5836,0.4923,0.5575,Screen Recording,Screen Recording Recording8.mp4,1920,1080,0,0,960,540,Saccade,24,389,,,,,,,,,,,,,,,
98686773,472181680513,Eye Tracker,LipReading_BJ,10/21/2025,CJY,Recording8,10/18/2025,10/18/2025,10:09:23.595,02:09:23.595,431768,Timeline1,Tobii I-VT (Fixation),1.241.54219,1080,1920,10.0,3.7,2.3,2.7,0.31,0.19,0.23,13,8,10,4.3,4.1,3.4,0.38,0.36,0.3,16,15,12,7398812907,,,933,586,942,607,923,564,0.06177,0.01562,-0.99797,-0.06651,-0.00711,-0.99776,3.961,3.955,3.948,,,,Valid,Valid,227.8,158.6,485.1,284.8,157.8,483.6,257.8,166.2,252.6,154.3,0.4857,0.5422,0.4906,0.5622,0.4807,0.5222,Screen Recording,Screen Recording Recording8.mp4,1920,1080,0,0,960,540,Saccade,24,389,,,,,,,,,,,,,,,
98690773,472181684513,Eye Tracker,LipReading_BJ,10/21/2025,CJY,Recording8,10/18/2025,10/18/2025,10:09:23.595,02:09:23.595,431768,Timeline1,Tobii I-VT (Fixation),1.241.54219,1080,1920,10.0,3.7,2.3,2.7,0.31,0.19,0.23,13,8,10,4.3,4.1,3.4,0.38,0.36,0.3,16,15,12,7398816907,,,920,553,934,573,907,533,0.0572,-0.00351,-0.99836,-0.0757,-0.02418,-0.99684,3.964,3.946,3.948,,,,Valid,Valid,227.8,158.4,485.2,284.8,157.7,483.7,255.6,156.7,248.1,145.9,0.4793,0.512,0.4864,0.5302,0.4721,0.4937,Screen Recording,Screen Recording Recording8.mp4,1920,1080,0,0,960,540,Saccade,24,389,,,,,,,,,,,,,,,
98694773,472181688513,Eye Tracker,LipReading_BJ,10/21/2025,CJY,Recording8,10/18/2025,10/18/2025,10:09:23.595,02:09:23.595,431768,Timeline1,Tobii I-VT (Fixation),1.241.54219,1080,1920,10.0,3.7,2.3,2.7,0.31,0.19,0.23,13,8,10,4.3,4.1,3.4,0.38,0.36,0.3,16,15,12,7398820907,,,900,499,,,900,499,,,,-0.07909,-0.04338,-0.99592,,3.936,3.948,,,,Invalid,Valid,,,,284.8,157.6,483.7,,,246.4,136.5,0.4689,0.4618,,,0.4689,0.4618,Screen Recording,Screen Recording Recording8.mp4,1920,1080,0,0,960,540,Saccade,24,389,,,,,,,,,,,,,,,
98698772,472181692512,Eye Tracker,LipReading_BJ,10/21/2025,CJY,Recording8,10/18/2025,10/18/2025,10:09:23.595,02:09:23.595,431768,Timeline1,Tobii I-VT (Fixation),1.241.54219,1080,1920,10.0,3.7,2.3,2.7,0.31,0.19,0.23,13,8,10,4.3,4.1,3.4,0.38,0.36,0.3,16,15,12,7398824906,,,,,,,,,,,,,,,,,3.948,,,,Invalid,Invalid,,,,,,,,,,,,,,,,,Screen Recording,Screen Recording Recording8.mp4,1920,1080,0,0,960,540,EyesNotFound,4,67,,,,,,,,,,,,,,,
98702772,472181696512,Eye Tracker,LipReading_BJ,10/21/2025,CJY,Recording8,10/18/2025,10/18/2025,10:09:23.595,02:09:23.595,431768,Timeline1,Tobii I-VT (Fixation),1.241.54219,1080,1920,10.0,3.7,2.3,2.7,0.31,0.19,0.23,13,8,10,4.3,4.1,3.4,0.38,0.36,0.3,16,15,12,7398828906,,,907,487,920,509,895,466,0.0493,-0.03875,-0.99803,-0.08204,-0.06163,-0.99472,3.95,3.919,3.948,,,,Valid,Valid,227.9,158.1,485.5,284.8,157.4,483.9,251.8,139.3,244.9,127.4,0.4726,0.4512,0.4793,0.4712,0.466,0.4311,Screen Recording,Screen Recording Recording8.mp4,1920,1080,0,0,960,540,Fixation,204,225,905,459,0.4712,0.4252,,,,,,,,,,,
98706772,472181700512,Eye Tracker,LipReading_BJ,10/21/2025,CJY,Recording8,10/18/2025,10/18/2025,10:09:23.595,02:09:23.595,431768,Timeline1,Tobii I-VT (Fixation),1.241.54219,1080,1920,10.0,3.7,2.3,2.7,0.31,0.19,0.23,13,8,10,4.3,4.1,3.4,0.38,0.36,0.3,16,15,12,7398832906,,,906,471,923,490,889,452,0.05064,-0.04928,-0.9975,-0.0852,-0.06893,-0.99398,3.973,3.937,3.946,,,,Valid,Valid,227.9,158.1,485.6,284.8,157.3,483.9,252.5,134.1,243.3,123.8,0.4718,0.4362,0.4806,0.4537,0.463,0.4188,Screen Recording,Screen Recording Recording8.mp4,1920,1080,0,0,960,540,Fixation,204,225,905,459,0.4712,0.4252,,,,,,,,,,,
98710772,472181704512,Eye Tracker,LipReading_BJ,10/21/2025,CJY,Recording8,10/18/2025,10/18/2025,10:09:23.595,02:09:23.595,431768,Timeline1,Tobii I-VT (Fixation),1.241.54219,1080,1920,10.0,3.7,2.3,2.7,0.31,0.19,0.23,13,8,10,4.3,4.1,3.4,0.38,0.36,0.3,16,15,12,7398836906,,,887,435,,,887,435,,,,-0.08615,-0.07855,-0.99318,,3.944,3.949,,,,Invalid,Valid,,,,284.8,157.3,484.0,,,242.8,119.0,0.4621,0.4026,,,0.4621,0.4026,Screen Recording,Screen Recording Recording8.mp4,1920,1080,0,0,960,540,Fixation,204,225,905,459,0.4712,0.4252,,,,,,,,,,,
98714772,472181708512,Eye Tracker,LipReading_BJ,10/21/2025,CJY,Recording8,10/18/2025,10/18/2025,10:09:23.595,02:09:23.595,431768,Timeline1,Tobii I-VT (Fixation),1.241.54219,1080,1920,10.0,3.7,2.3,2.7,0.31,0.19,0.23,13,8,10,4.3,4.1,3.4,0.38,0.36,0.3,16,15,12,7398840906,,,903,452,921,466,885,437,0.0493,-0.06225,-0.99684,-0.08731,-0.07721,-0.99318,3.947,3.944,3.955,,,,Valid,Valid,227.9,158.0,485.8,284.8,157.3,484.1,251.9,127.6,242.3,119.6,0.4703,0.4183,0.4795,0.4319,0.4611,0.4048,Screen Recording,Screen Recording Recording8.mp4,1920,1080,0,0,960,540,Fixation,204,225,905,459,0.4712,0.4252,,,,,,,,,,,
98718773,472181712513,Eye Tracker,LipReading_BJ,10/21/2025,CJY,Recording8,10/18/2025,10/18/2025,10:09:23.595,02:09:23.595,431768,Timeline1,Tobii I-VT (Fixation),1.241.54219,1080,1920,10.0,3.7,2.3,2.7,0.31,0.19,0.23,13,8,10,4.3,4.1,3.4,0.38,0.36,0.3,16,15,12,7398844907,,,905,465,921,488,889,442,0.04949,-0.05034,-0.9975,-0.08538,-0.07431,-0.99357,3.982,3.922,3.963,,,,Valid,Valid,227.9,158.0,485.9,284.9,157.3,484.1,252.0,133.5,243.3,121.1,0.4713,0.4306,0.4797,0.4515,0.4629,0.4096,Screen Recording,Screen Recording Recording8.mp4,1920,1080,0,0,960,540,Fixation,204,225,905,459,0.4712,0.4252,,,,,,,,,,,
98722773,472181716513,Eye Tracker,LipReading_BJ,10/21/2025,CJY,Recording8,10/18/2025,10/18/2025,10:09:23.595,02:09:23.595,431768,Timeline1,Tobii I-VT (Fixation),1.241.54219,1080,1920,10.0,3.7,2.3,2.7,0.31,0.19,0.23,13,8,10,4.3,4.1,3.4,0.38,0.36,0.3,16,15,12,7398848907,,,910,484,930,513,889,456,0.05459,-0.03627,-0.99785,-0.0852,-0.06696,-0.99411,4.038,3.908,3.958,,,,Valid,Valid,228.0,158.0,486.0,284.9,157.3,484.1,254.5,140.3,243.4,124.7,0.4738,0.4483,0.4844,0.4747,0.4632,0.4219,Screen Recording,Screen Recording Recording8.mp4,1920,1080,0,0,960,540,Fixation,204,225,905,459,0.4712,0.4252,,,,,,,,,,,
98726773,472181720513,Eye Tracker,LipReading_BJ,10/21/2025,CJY,Recording8,10/18/2025,10/18/2025,10:09:23.595,02:09:23.595,431768,Timeline1,Tobii I-VT (Fixation),1.241.54219,1080,1920,10.0,3.7,2.3,2.7,0.31,0.19,0.23,13,8,10,4.3,4.1,3.4,0.38,0.36,0.3,16,15,12,7398852907,,,901,475,914,492,887,458,0.04543,-0.04787,-0.99782,-0.08653,-0.06534,-0.9941,3.982,3.961,3.959,,,,Valid,Valid,228.0,158.0,486.0,284.9,157.3,484.2,250.1,134.7,242.8,125.5,0.469,0.4401,0.476,0.4557,0.462,0.4245,Screen Recording,Screen Recording Recording8.mp4,1920,1080,0,0,960,540,Fixation,204,225,905,459,0.4712,0.4252,,,,,,,,,,,
98730772,472181724512,Eye Tracker,LipReading_BJ,10/21/2025,CJY,Recording8,10/18/2025,10/18/2025,10:09:23.595,02:09:23.595,431768,Timeline1,Tobii I-VT (Fixation),1.241.54219,1080,1920,10.0,3.7,2.3,2.7,0.31,0.19,0.23,13,8,10,4.3,4.1,3.4,0.38,0.36,0.3,16,15,12,7398856906,,,901,465,915,483,886,448,0.04584,-0.05309,-0.99754,-0.08695,-0.07135,-0.99365,3.982,3.935,3.984,,,,Valid,Valid,228.0,158.0,486.1,285.0,157.3,484.3,250.4,132.1,242.6,122.5,0.4691,0.4307,0.4765,0.4469,0.4617,0.4145,Screen Recording,Screen Recording Recording8.mp4,1920,1080,0,0,960,540,Fixation,204,225,905,459,0.4712,0.4252,,,,,,,,,,,
98734773,472181728513,Eye Tracker,LipReading_BJ,10/21/2025,CJY,Recording8,10/18/2025,10/18/2025,10:09:23.595,02:09:23.595,431768,Timeline1,Tobii I-VT (Fixation),1.241.54219,1080,1920,10.0,3.7,2.3,2.7,0.31,0.19,0.23,13,8,10,4.3,4.1,3.4,0.38,0.36,0.3,16,15,12,7398860907,,,902,470,917,492,888,448,0.04683,-0.04779,-0.99776,-0.08638,-0.07089,-0.99374,4.016,3.952,3.969,,,,Valid,Valid,228.0,157.9,486.2,285.0,157.3,484.4,250.9,134.7,242.9,122.7,0.4698,0.4354,0.4774,0.4556,0.4622,0.4152,Screen Recording,Screen Recording Recording8.mp4,1920,1080,0,0,960,540,Fixation,204,225,905,459,0.4712,0.4252,,,,,,,,,,,
98738772,472181732512,Eye Tracker,LipReading_BJ,10/21/2025,CJY,Recording8,10/18/2025,10/18/2025,10:09:23.595,02:09:23.595,431768,Timeline1,Tobii I-VT (Fixation),1.241.54219,1080,1920,10.0,3.7,2.3,2.7,0.31,0.19,0.23,13,8,10,4.3,4.1,3.4,0.38,0.36,0.3,16,15,12,7398864906,,,907,474,923,507,891,441,0.05054,-0.03909,-0.99796,-0.08468,-0.07465,-0.99361,4.06,3.956,3.974,,,,Valid,Valid,228.1,157.9,486.2,285.0,157.2,484.5,252.7,138.9,243.7,120.8,0.4724,0.4393,0.4809,0.4699,0.4639,0.4088,Screen Recording,Screen Recording Recording8.mp4,1920,1080,0,0,960,540,Fixation,204,225,905,459,0.4712,0.4252,,,,,,,,,,,
98742772,472181736512,Eye Tracker,LipReading_BJ,10/21/2025,CJY,Recording8,10/18/2025,10/18/2025,10:09:23.595,02:09:23.595,431768,Timeline1,Tobii I-VT (Fixation),1.241.54219,1080,1920,10.0,3.7,2.3,2.7,0.31,0.19,0.23,13,8,10,4.3,4.1,3.4,0.38,0.36,0.3,16,15,12,7398868906,,,903,455,916,474,889,436,0.04622,-0.05748,-0.99728,-0.08535,-0.07745,-0.99334,3.975,3.956,3.986,,,,Valid,Valid,228.1,157.9,486.3,285.1,157.2,484.6,250.7,129.9,243.4,119.4,0.4702,0.4217,0.477,0.4393,0.4633,0.404,Screen Recording,Screen Recording Recording8.mp4,1920,1080,0,0,960,540,Fixation,204,225,905,459,0.4712,0.4252,,,,,,,,,,,
98746772,472181740512,Eye Tracker,LipReading_BJ,10/21/2025,CJY,Recording8,10/18/2025,10/18/2025,10:09:23.595,02:09:23.595,431768,Timeline1,Tobii I-VT (Fixation),1.241.54219,1080,1920,10.0,3.7,2.3,2.7,0.31,0.19,0.23,13,8,10,4.3,4.1,3.4,0.38,0.36,0.3,16,15,12,7398872906,,,905,456,921,471,889,441,0.04877,-0.05935,-0.99705,-0.08581,-0.07479,-0.9935,3.993,3.977,3.984,,,,Valid,Valid,228.1,157.8,486.4,285.1,157.1,484.8,251.9,128.9,243.2,120.6,0.4712,0.4221,0.4795,0.4361,0.4629,0.4082,Screen Recording,Screen Recording Recording8.mp4,1920,1080,0,0,960,540,Fixation,204,225,905,459,0.4712,0.4252,,,,,,,,,,,
98750772,472181744512,Eye Tracker,LipReading_BJ,10/21/2025,CJY,Recording8,10/18/2025,10/18/2025,10:09:23.595,02:09:23.595,431768,Timeline1,Tobii I-VT (Fixation),1.241.54219,1080,1920,10.0,3.7,2.3,2.7,0.31,0.19,0.23,13,8,10,4.3,4.1,3.4,0.38,0.36,0.3,16,15,12,7398876906,,,905,461,919,482,892,441,0.0477,-0.05315,-0.99745,-0.08404,-0.07493,-0.99364,4.016,3.954,3.984,,,,Valid,Valid,228.2,157.8,486.5,285.1,157.1,484.8,251.4,131.9,244.1,120.6,0.4716,0.427,0.4785,0.4462,0.4646,0.4079,Screen Recording,Screen Recording Recording8.mp4,1920,1080,0,0,960,540,Fixation,204,225,905,459,0.4712,0.4252,,,,,,,,,,,
98754771,472181748511,Eye Tracker,LipReading_BJ,10/21/2025,CJY,Recording8,10/18/2025,10/18/2025,10:09:23.595,02:09:23.595,431768,Timeline1,Tobii I-VT (Fixation),1.241.54219,1080,1920,10.0,3.7,2.3,2.7,0.31,0.19,0.23,13,8,10,4.3,4.1,3.4,0.38,0.36,0.3,16,15,12,7398880906,,,907,457,921,475,893,439,0.04884,-0.05689,-0.99719,-0.08381,-0.07546,-0.99362,4.011,3.957,3.989,,,,Valid,Valid,228.2,157.7,486.6,285.2,157.1,484.8,252.1,130.0,244.3,120.3,0.4723,0.4233,0.4797,0.4398,0.4649,0.4069,Screen Recording,Screen Recording Recording8.mp4,1920,1080,0,0,960,540,Fixation,204,225,905,459,0.4712,0.4252,,,,,,,,,,,
98758772,472181752512,Eye Tracker,LipReading_BJ,10/21/2025,CJY,Recording8,10/18/2025,10/18/2025,10:09:23.595,02:09:23.595,431768,Timeline1,Tobii I-VT (Fixation),1.241.54219,1080,1920,10.0,3.7,2.3,2.7,0.31,0.19,0.23,13,8,10,4.3,4.1,3.4,0.38,0.36,0.3,16,15,12,7398884907,,,906,464,919,490,894,438,0.04742,-0.04848,-0.9977,-0.0833,-0.07596,-0.99363,4.032,3.973,3.989,,,,Valid,Valid,228.3,157.7,486.6,285.2,157.0,485.0,251.4,134.1,244.6,120.0,0.472,0.4297,0.4785,0.4536,0.4655,0.4058,Screen Recording,Screen Recording Recording8.mp4,1920,1080,0,0,960,540,Fixation,204,225,905,459,0.4712,0.4252,,,,,,,,,,,
98762771,472181756511,Eye Tracker,LipReading_BJ,10/21/2025,CJY,Recording8,10/18/2025,10/18/2025,10:09:23.595,02:09:23.595,431768,Timeline1,Tobii I-VT (Fixation),1.241.54219,1080,1920,10.0,3.7,2.3,2.7,0.31,0.19,0.23,13,8,10,4.3,4.1,3.4,0.38,0.36,0.3,16,15,12,7398888906,,,906,470,925,502,887,437,0.05076,-0.0416,-0.99784,-0.08708,-0.07629,-0.99328,4.07,3.961,3.995,,,,Valid,Valid,228.3,157.7,486.6,285.3,157.0,485.0,253.1,137.4,242.8,119.7,0.4718,0.4349,0.4816,0.4648,0.462,0.4051,Screen Recording,Screen Recording Recording8.mp4,1920,1080,0,0,960,540,Fixation,204,225,905,459,0.4712,0.4252,,,,,,,,,,,
98766772,472181760512,Eye Tracker,LipReading_BJ,10/21/2025,CJY,Recording8,10/18/2025,10/18/2025,10:09:23.595,02:09:23.595,431768,Timeline1,Tobii I-VT (Fixation),1.241.54219,1080,1920,10.0,3.7,2.3,2.7,0.31,0.19,0.23,13,8,10,4.3,4.1,3.4,0.38,0.36,0.3,16,15,12,7398892907,,,905,463,922,481,888,445,0.04892,-0.05311,-0.99739,-0.08645,-0.07182,-0.99366,4.008,3.981,3.996,,,,Valid,Valid,228.4,157.6,486.7,285.3,156.9,485.1,252.2,131.7,243.1,121.9,0.4714,0.4289,0.4801,0.4455,0.4627,0.4123,Screen Recording,Screen Recording Recording8.mp4,1920,1080,0,0,960,540,Fixation,204,225,905,459,0.4712,0.4252,,,,,,,,,,,
98770772,472181764512,Eye Tracker,LipReading_BJ,10/21/2025,CJY,Recording8,10/18/2025,10/18/2025,10:09:23.595,02:09:23.595,431768,Timeline1,Tobii I-VT (Fixation),1.241.54219,1080,1920,10.0,3.7,2.3,2.7,0.31,0.19,0.23,13,8,10,4.3,4.1,3.4,0.38,0.36,0.3,16,15,12,7398896907,,,904,459,920,479,888,439,0.04806,-0.05417,-0.99737,-0.08653,-0.0754,-0.99339,4.021,3.969,3.995,,,,Valid,Valid,228.4,157.5,486.8,285.4,156.8,485.2,251.9,131.1,243.1,120.0,0.4711,0.4248,0.4794,0.4436,0.4627,0.406,Screen Recording,Screen Recording Recording8.mp4,1920,1080,0,0,960,540,Fixation,204,225,905,459,0.4712,0.4252,,,,,,,,,,,
98774772,472181768512,Eye Tracker,LipReading_BJ,10/21/2025,CJY,Recording8,10/18/2025,10/18/2025,10:09:23.595,02:09:23.595,431768,Timeline1,Tobii I-VT (Fixation),1.241.54219,1080,1920,10.0,3.7,2.3,2.7,0.31,0.19,0.23,13,8,10,4.3,4.1,3.4,0.38,0.36,0.3,16,15,12,7398900907,,,906,462,922,481,889,442,0.04871,-0.05262,-0.99743,-0.08613,-0.07334,-0.99358,4.013,3.972,3.991,,,,Valid,Valid,228.5,157.4,486.9,285.5,156.8,485.3,252.2,131.8,243.4,120.9,0.4716,0.4275,0.4801,0.4458,0.4632,0.4092,Screen Recording,Screen Recording Recording8.mp4,1920,1080,0,0,960,540,Fixation,204,225,905,459,0.4712,0.4252,,,,,,,,,,,
98778771,472181772511,Eye Tracker,LipReading_BJ,10/21/2025,CJY,Recording8,10/18/2025,10/18/2025,10:09:23.595,02:09:23.595,431768,Timeline1,Tobii I-VT (Fixation),1.241.54219,1080,1920,10.0,3.7,2.3,2.7,0.31,0.19,0.23,13,8,10,4.3,4.1,3.4,0.38,0.36,0.3,16,15,12,7398904906,,,904,468,918,497,889,439,0.04669,-0.04382,-0.99795,-0.08647,-0.07508,-0.99342,4.04,3.962,3.991,,,,Valid,Valid,228.5,157.3,487.0,285.5,156.7,485.3,251.3,136.0,243.3,120.1,0.4706,0.4331,0.4783,0.46,0.463,0.4062,Screen Recording,Screen Recording Recording8.mp4,1920,1080,0,0,960,540,Fixation,204,225,905,459,0.4712,0.4252,,,,,,,,,,,
98782771,472181776511,Eye Tracker,LipReading_BJ,10/21/2025,CJY,Recording8,10/18/2025,10/18/2025,10:09:23.595,02:09:23.595,431768,Timeline1,Tobii I-VT (Fixation),1.241.54219,1080,1920,10.0,3.7,2.3,2.7,0.31,0.19,0.23,13,8,10,4.3,4.1,3.4,0.38,0.36,0.3,16,15,12,7398908906,,,905,455,920,473,891,437,0.04756,-0.05726,-0.99723,-0.08549,-0.07581,-0.99345,3.999,3.962,3.988,,,,Valid,Valid,228.6,157.3,487.1,285.6,156.6,485.4,251.8,129.3,243.8,119.6,0.4716,0.4211,0.4792,0.4376,0.464,0.4046,Screen Recording,Screen Recording Recording8.mp4,1920,1080,0,0,960,540,Fixation,204,225,905,459,0.4712,0.4252,,,,,,,,,,,
98786771,472181780511,Eye Tracker,LipReading_BJ,10/21/2025,CJY,Recording8,10/18/2025,10/18/2025,10:09:23.595,02:09:23.595,431768,Timeline1,Tobii I-VT (Fixation),1.241.54219,1080,1920,10.0,3.7,2.3,2.7,0.31,0.19,0.23,13,8,10,4.3,4.1,3.4,0.38,0.36,0.3,16,15,12,7398912906,,,903,458,916,477,891,439,0.04496,-0.05455,-0.9975,-0.0857,-0.07473,-0.99351,4.019,3.958,3.989,,,,Valid,Valid,228.6,157.2,487.2,285.6,156.6,485.5,250.6,130.6,243.8,120.1,0.4704,0.424,0.4769,0.4418,0.4639,0.4062,Screen Recording,Screen Recording Recording8.mp4,1920,1080,0,0,960,540,Fixation,204,225,905,459,0.4712,0.4252,,,,,,,,,,,
98790771,472181784511,Eye Tracker,LipReading_BJ,10/21/2025,CJY,Recording8,10/18/2025,10/18/2025,10:09:23.595,02:09:23.595,431768,Timeline1,Tobii I-VT (Fixation),1.241.54219,1080,1920,10.0,3.7,2.3,2.7,0.31,0.19,0.23,13,8,10,4.3,4.1,3.4,0.38,0.36,0.3,16,15,12,7398916906,,,907,462,921,483,893,441,0.04778,-0.05129,-0.99754,-0.08471,-0.07335,-0.9937,4.011,3.955,3.987,,,,Valid,Valid,228.7,157.1,487.2,285.7,156.5,485.6,252.0,132.1,244.3,120.7,0.4723,0.4275,0.4797,0.4468,0.4649,0.4082,Screen Recording,Screen Recording Recording8.mp4,1920,1080,0,0,960,540,Fixation,204,225,905,459,0.4712,0.4252,,,,,,,,,,,
98794771,472181788511,Eye Tracker,LipReading_BJ,10/21/2025,CJY,Recording8,10/18/2025,10/18/2025,10:09:23.595,02:09:23.595,431768,Timeline1,Tobii I-VT (Fixation),1.241.54219,1080,1920,10.0,3.7,2.3,2.7,0.31,0.19,0.23,13,8,10,4.3,4.1,3.4,0.38,0.36,0.3,16,15,12,7398920906,,,908,464,924,488,891,440,0.04947,-0.04827,-0.99761,-0.08566,-0.07363,-0.9936,4.025,3.946,3.986,,,,Valid,Valid,228.8,157.1,487.2,285.8,156.4,485.7,252.9,133.5,243.9,120.4,0.4727,0.4296,0.4814,0.4517,0.4641,0.4075,Screen Recording,Screen Recording Recording8.mp4,1920,1080,0,0,960,540,Fixation,204,225,905,459,0.4712,0.4252,,,,,,,,,,,
98798772,472181792512,Eye Tracker,LipReading_BJ,10/21/2025,CJY,Recording8,10/18/2025,10/18/2025,10:09:23.595,02:09:23.595,431768,Timeline1,Tobii I-VT (Fixation),1.241.54219,1080,1920,10.0,3.7,2.3,2.7,0.31,0.19,0.23,13,8,10,4.3,4.1,3.4,0.38,0.36,0.3,16,15,12,7398924907,,,910,461,928,491,891,432,0.05163,-0.04626,-0.99759,-0.08584,-0.07811,-0.99324,4.072,3.947,3.986,,,,Valid,Valid,228.8,157.0,487.4,285.8,156.4,485.7,254.0,134.4,243.8,118.2,0.4738,0.4272,0.4835,0.4547,0.464,0.3998,Screen Recording,Screen Recording Recording8.mp4,1920,1080,0,0,960,540,Fixation,204,225,905,459,0.4712,0.4252,,,,,,,,,,,
98802772,472181796512,Eye Tracker,LipReading_BJ,10/21/2025,CJY,Recording8,10/18/2025,10/18/2025,10:09:23.595,02:09:23.595,431768,Timeline1,Tobii I-VT (Fixation),1.241.54219,1080,1920,10.0,3.7,2.3,2.7,0.31,0.19,0.23,13,8,10,4.3,4.1,3.4,0.38,0.36,0.3,16,15,12,7398928907,,,906,452,922,469,890,436,0.04788,-0.05866,-0.99713,-0.08673,-0.0757,-0.99335,3.978,3.953,4.003,,,,Valid,Valid,228.9,156.9,487.5,285.9,156.3,485.9,252.3,128.3,243.4,119.3,0.4717,0.4187,0.4801,0.4339,0.4633,0.4035,Screen Recording,Screen Recording Recording8.mp4,1920,1080,0,0,960,540,Fixation,204,225,905,459,0.4712,0.4252,,,,,,,,,,,
98806772,472181800512,Eye Tracker,LipReading_BJ,10/21/2025,CJY,Recording8,10/18/2025,10/18/2025,10:09:23.595,02:09:23.595,431768,Timeline1,Tobii I-VT (Fixation),1.241.54219,1080,1920,10.0,3.7,2.3,2.7,0.31,0.19,0.23,13,8,10,4.3,4.1,3.4,0.38,0.36,0.3,16,15,12,7398932907,,,906,466,920,499,892,433,0.04695,-0.0414,-0.99804,-0.0855,-0.07716,-0.99335,4.06,3.939,4.001,,,,Valid,Valid,228.9,156.9,487.4,285.9,156.2,485.9,251.9,136.7,244.1,118.5,0.472,0.4317,0.4793,0.4625,0.4646,0.4009,Screen Recording,Screen Recording Recording8.mp4,1920,1080,0,0,960,540,Fixation,204,225,905,459,0.4712,0.4252,,,,,,,,,,,
98810772,472181804512,Eye Tracker,LipReading_BJ,10/21/2025,CJY,Recording8,10/18/2025,10/18/2025,10:09:23.595,02:09:23.595,431768,Timeline1,Tobii I-VT (Fixation),1.241.54219,1080,1920,10.0,3.7,2.3,2.7,0.31,0.19,0.23,13,8,10,4.3,4.1,3.4,0.38,0.36,0.3,16,15,12,7398936907,,,905,468,924,504,887,433,0.04902,-0.03881,-0.99804,-0.08856,-0.07688,-0.9931,4.067,3.941,3.988,,,,Valid,Valid,229.0,156.8,487.6,286.0,156.2,486.0,252.9,137.8,242.7,118.5,0.4716,0.4337,0.4814,0.4663,0.4618,0.4011,Screen Recording,Screen Recording Recording8.mp4,1920,1080,0,0,960,540,Fixation,204,225,905,459,0.4712,0.4252,,,,,,,,,,,
98814772,472181808512,Eye Tracker,LipReading_BJ,10/21/2025,CJY,Recording8,10/18/2025,10/18/2025,10:09:23.595,02:09:23.595,431768,Timeline1,Tobii I-VT (Fixation),1.241.54219,1080,1920,10.0,3.7,2.3,2.7,0.31,0.19,0.23,13,8,10,4.3,4.1,3.4,0.38,0.36,0.3,16,15,12,7398940907,,,906,463,921,492,891,434,0.04724,-0.04514,-0.99786,-0.08649,-0.07652,-0.99331,4.037,3.927,3.987,,,,Valid,Valid,229.0,156.7,487.7,286.0,156.1,486.1,252.1,134.7,243.7,118.7,0.4718,0.4286,0.4798,0.4557,0.4638,0.4015,Screen Recording,Screen Recording Recording8.mp4,1920,1080,0,0,960,540,Fixation,204,225,905,459,0.4712,0.4252,,,,,,,,,,,
98818768,472181812508,Eye Tracker,LipReading_BJ,10/21/2025,CJY,Recording8,10/18/2025,10/18/2025,10:09:23.595,02:09:23.595,431768,Timeline1,Tobii I-VT (Fixation),1.241.54219,1080,1920,10.0,3.7,2.3,2.7,0.31,0.19,0.23,13,8,10,4.3,4.1,3.4,0.38,0.36,0.3,16,15,12,7398944903,,,904,457,918,484,889,430,0.04541,-0.04971,-0.99773,-0.08728,-0.07856,-0.99308,4.016,3.936,3.981,,,,Valid,Valid,229.1,156.7,487.8,286.1,156.1,486.2,251.3,132.4,243.4,117.6,0.4707,0.4229,0.4783,0.4479,0.4632,0.3979,Screen Recording,Screen Recording Recording8.mp4,1920,1080,0,0,960,540,Fixation,204,225,905,459,0.4712,0.4252,,,,,,,,,,,
98822768,472181816508,Eye Tracker,LipReading_BJ,10/21/2025,CJY,Recording8,10/18/2025,10/18/2025,10:09:23.595,02:09:23.595,431768,Timeline1,Tobii I-VT (Fixation),1.241.54219,1080,1920,10.0,3.7,2.3,2.7,0.31,0.19,0.23,13,8,10,4.3,4.1,3.4,0.38,0.36,0.3,16,15,12,7398948903,,,905,460,919,485,891,434,0.04575,-0.04866,-0.99777,-0.08672,-0.07586,-0.99334,4.035,3.917,3.97,,,,Valid,Valid,229.1,156.6,487.9,286.2,156.0,486.3,251.5,132.8,243.7,118.9,0.4712,0.4258,0.4787,0.4494,0.4638,0.4021,Screen Recording,Screen Recording Recording8.mp4,1920,1080,0,0,960,540,Fixation,204,225,905,459,0.4712,0.4252,,,,,,,,,,,
98826768,472181820508,Eye Tracker,LipReading_BJ,10/21/2025,CJY,Recording8,10/18/2025,10/18/2025,10:09:23.595,02:09:23.595,431768,Timeline1,Tobii I-VT (Fixation),1.241.54219,1080,1920,10.0,3.7,2.3,2.7,0.31,0.19,0.23,13,8,10,4.3,4.1,3.4,0.38,0.36,0.3,16,15,12,7398952903,,,903,457,919,478,888,436,0.04545,-0.05256,-0.99758,-0.08814,-0.07492,-0.99329,3.997,3.924,3.958,,,,Valid,Valid,229.2,156.5,488.0,286.2,155.9,486.4,251.4,130.8,243.1,119.2,0.4705,0.423,0.4785,0.4427,0.4626,0.4034,Screen Recording,Screen Recording Recording8.mp4,1920,1080,0,0,960,540,Fixation,204,225,905,459,0.4712,0.4252,,,,,,,,,,,
98830768,472181824508,Eye Tracker,LipReading_BJ,10/21/2025,CJY,Recording8,10/18/2025,10/18/2025,10:09:23.595,02:09:23.595,431768,Timeline1,Tobii I-VT (Fixation),1.241.54219,1080,1920,10.0,3.7,2.3,2.7,0.31,0.19,0.23,13,8,10,4.3,4.1,3.4,0.38,0.36,0.3,16,15,12,7398956903,,,906,458,923,481,888,435,0.04787,-0.05099,-0.99755,-0.08815,-0.07529,-0.99326,3.994,3.919,3.955,,,,Valid,Valid,229.2,156.5,488.1,286.3,155.9,486.4,252.7,131.5,243.1,119.0,0.4718,0.4238,0.4809,0.445,0.4626,0.4027,Screen Recording,Screen Recording Recording8.mp4,1920,1080,0,0,960,540,Fixation,204,225,905,459,0.4712,0.4252,,,,,,,,,,,
98834768,472181828508,Eye Tracker,LipReading_BJ,10/21/2025,CJY,Recording8,10/18/2025,10/18/2025,10:09:23.595,02:09:23.595,431768,Timeline1,Tobii I-VT (Fixation),1.241.54219,1080,1920,10.0,3.7,2.3,2.7,0.31,0.19,0.23,13,8,10,4.3,4.1,3.4,0.38,0.36,0.3,16,15,12,7398960903,,,903,450,918,470,887,431,0.04481,-0.05695,-0.99737,-0.08871,-0.07717,-0.99306,3.963,3.912,3.942,,,,Valid,Valid,229.3,156.4,488.1,286.3,155.8,486.6,251.2,128.6,242.8,118.0,0.4701,0.4171,0.4781,0.4349,0.4622,0.3992,Screen Recording,Screen Recording Recording8.mp4,1920,1080,0,0,960,540,Fixation,204,225,905,459,0.4712,0.4252,,,,,,,,,,,
98838768,472181832508,Eye Tracker,LipReading_BJ,10/21/2025,CJY,Recording8,10/18/2025,10/18/2025,10:09:23.595,02:09:23.595,431768,Timeline1,Tobii I-VT (Fixation),1.241.54219,1080,1920,10.0,3.7,2.3,2.7,0.31,0.19,0.23,13,8,10,4.3,4.1,3.4,0.38,0.36,0.3,16,15,12,7398964903,,,904,452,922,470,887,434,0.04678,-0.05658,-0.9973,-0.08911,-0.07544,-0.99316,3.973,3.892,3.94,,,,Valid,Valid,229.3,156.3,488.2,286.3,155.8,486.6,252.2,128.6,242.7,118.8,0.471,0.4186,0.48,0.4352,0.4619,0.4019,Screen Recording,Screen Recording Recording8.mp4,1920,1080,0,0,960,540,Fixation,204,225,905,459,0.4712,0.4252,,,,,,,,,,,
98842769,472181836509,Eye Tracker,LipReading_BJ,10/21/2025,CJY,Recording8,10/18/2025,10/18/2025,10:09:23.595,02:09:23.595,431768,Timeline1,Tobii I-VT (Fixation),1.241.54219,1080,1920,10.0,3.7,2.3,2.7,0.31,0.19,0.23,13,8,10,4.3,4.1,3.4,0.38,0.36,0.3,16,15,12,7398968904,,,907,452,925,472,889,433,0.04845,-0.05556,-0.99728,-0.0879,-0.07609,-0.99322,3.971,3.901,3.936,,,,Valid,Valid,229.4,156.3,488.3,286.4,155.7,486.7,253.1,129.1,243.3,118.4,0.4724,0.4186,0.4817,0.4367,0.4631,0.4005,Screen Recording,Screen Recording Recording8.mp4,1920,1080,0,0,960,540,Fixation,204,225,905,459,0.4712,0.4252,,,,,,,,,,,
98846769,472181840509,Eye Tracker,LipReading_BJ,10/21/2025,CJY,Recording8,10/18/2025,10/18/2025,10:09:23.595,02:09:23.595,431768,Timeline1,Tobii I-VT (Fixation),1.241.54219,1080,1920,10.0,3.7,2.3,2.7,0.31,0.19,0.23,13,8,10,4.3,4.1,3.4,0.38,0.36,0.3,16,15,12,7398972904,,,903,458,918,481,888,436,0.04443,-0.05036,-0.99774,-0.08839,-0.07423,-0.99332,3.985,3.908,3.931,,,,Valid,Valid,229.4,156.2,488.4,286.4,155.6,486.8,251.2,131.5,243.1,119.2,0.4703,0.4242,0.478,0.445,0.4627,0.4034,Screen Recording,Screen Recording Recording8.mp4,1920,1080,0,0,960,540,Fixation,204,225,905,459,0.4712,0.4252,,,,,,,,,,,
98850769,472181844509,Eye Tracker,LipReading_BJ,10/21/2025,CJY,Recording8,10/18/2025,10/18/2025,10:09:23.595,02:09:23.595,431768,Timeline1,Tobii I-VT (Fixation),1.241.54219,1080,1920,10.0,3.7,2.3,2.7,0.31,0.19,0.23,13,8,10,4.3,4.1,3.4,0.38,0.36,0.3,16,15,12,7398976904,,,904,454,918,474,890,435,0.04425,-0.0537,-0.99758,-0.08765,-0.07469,-0.99335,3.956,3.891,3.931,,,,Valid,Valid,229.5,156.1,488.5,286.5,155.5,486.9,251.1,129.8,243.5,118.9,0.4707,0.4208,0.4779,0.4393,0.4634,0.4024,Screen Recording,Screen Recording Recording8.mp4,1920,1080,0,0,960,540,Fixation,204,225,905,459,0.4712,0.4252,,,,,,,,,,,
98854768,472181848508,Eye Tracker,LipReading_BJ,10/21/2025,CJY,Recording8,10/18/2025,10/18/2025,10:09:23.595,02:09:23.595,431768,Timeline1,Tobii I-VT (Fixation),1.241.54219,1080,1920,10.0,3.7,2.3,2.7,0.31,0.19,0.23,13,8,10,4.3,4.1,3.4,0.38,0.36,0.3,16,15,12,7398980903,,,906,451,918,466,893,436,0.04456,-0.05846,-0.99729,-0.08608,-0.07362,-0.99356,3.933,3.89,3.923,,,,Valid,Valid,229.5,156.1,488.6,286.5,155.5,487.0,251.3,127.4,244.3,119.4,0.4716,0.4175,0.4783,0.4311,0.465,0.4039,Screen Recording,Screen Recording Recording8.mp4,1920,1080,0,0,960,540,Fixation,204,225,905,459,0.4712,0.4252,,,,,,,,,,,
98858767,472181852507,Eye Tracker,LipReading_BJ,10/21/2025,CJY,Recording8,10/18/2025,10/18/2025,10:09:23.595,02:09:23.595,431768,Timeline1,Tobii I-VT (Fixation),1.241.54219,1080,1920,10.0,3.7,2.3,2.7,0.31,0.19,0.23,13,8,10,4.3,4.1,3.4,0.38,0.36,0.3,16,15,12,7398984903,,,906,451,921,471,891,432,0.04609,-0.05539,-0.9974,-0.08682,-0.07584,-0.99333,3.978,3.875,3.905,,,,Valid,Valid,229.5,156.0,488.7,286.5,155.4,487.1,252.1,128.8,244.0,118.2,0.472,0.4179,0.4798,0.4359,0.4643,0.3999,Screen Recording,Screen Recording Recording8.mp4,1920,1080,0,0,960,540,Fixation,204,225,905,459,0.4712,0.4252,,,,,,,,,,,
98862767,472181856507,Eye Tracker,LipReading_BJ,10/21/2025,CJY,Recording8,10/18/2025,10/18/2025,10:09:23.595,02:09:23.595,431768,Timeline1,Tobii I-VT (Fixation),1.241.54219,1080,1920,10.0,3.7,2.3,2.7,0.31,0.19,0.23,13,8,10,4.3,4.1,3.4,0.38,0.36,0.3,16,15,12,7398988903,,,904,451,919,467,889,434,0.04483,-0.05726,-0.99735,-0.08822,-0.07448,-0.99331,3.936,3.872,3.905,,,,Valid,Valid,229.5,155.9,488.8,286.6,155.3,487.2,251.5,127.8,243.3,118.8,0.4708,0.4172,0.4787,0.4325,0.463,0.402,Screen Recording,Screen Recording Recording8.mp4,1920,1080,0,0,960,540,Fixation,204,225,905,459,0.4712,0.4252,,,,,,,,,,,
98866767,472181860507,Eye Tracker,LipReading_BJ,10/21/2025,CJY,Recording8,10/18/2025,10/18/2025,10:09:23.595,02:09:23.595,431768,Timeline1,Tobii I-VT (Fixation),1.241.54219,1080,1920,10.0,3.7,2.3,2.7,0.31,0.19,0.23,13,8,10,4.3,4.1,3.4,0.38,0.36,0.3,16,15,12,7398992903,,,905,456,920,476,890,436,0.0454,-0.05216,-0.99761,-0.08762,-0.0734,-0.99345,3.929,3.875,3.904,,,,Valid,Valid,229.6,155.8,488.9,286.6,155.3,487.3,251.8,130.3,243.6,119.3,0.4714,0.4221,0.4793,0.4407,0.4636,0.4036,Screen Recording,Screen Recording Recording8.mp4,1920,1080,0,0,960,540,Fixation,204,225,905,459,0.4712,0.4252,,,,,,,,,,,
98870767,472181864507,Eye Tracker,LipReading_BJ,10/21/2025,CJY,Recording8,10/18/2025,10/18/2025,10:09:23.595,02:09:23.595,431768,Timeline1,Tobii I-VT (Fixation),1.241.54219,1080,1920,10.0,3.7,2.3,2.7,0.31,0.19,0.23,13,8,10,4.3,4.1,3.4,0.38,0.36,0.3,16,15,12,7398996903,,,904,452,920,472,888,431,0.04546,-0.05413,-0.9975,-0.08906,-0.07573,-0.99314,3.935,3.861,3.898,,,,Valid,Valid,229.6,155.8,489.1,286.6,155.2,487.4,251.9,129.2,242.9,118.1,0.4708,0.4183,0.4794,0.4372,0.4623,0.3995,Screen Recording,Screen Recording Recording8.mp4,1920,1080,0,0,960,540,Fixation,204,225,905,459,0.4712,0.4252,,,,,,,,,,,
98874767,472181868507,Eye Tracker,LipReading_BJ,10/21/2025,CJY,Recording8,10/18/2025,10/18/2025,10:09:23.595,02:09:23.595,431768,Timeline1,Tobii I-VT (Fixation),1.241.54219,1080,1920,10.0,3.7,2.3,2.7,0.31,0.19,0.23,13,8,10,4.3,4.1,3.4,0.38,0.36,0.3,16,15,12,7399000903,,,905,456,920,477,891,436,0.04498,-0.0516,-0.99765,-0.08725,-0.0731,-0.9935,3.942,3.856,3.892,,,,Valid,Valid,229.6,155.7,489.1,286.6,155.2,487.4,251.7,130.4,243.8,119.3,0.4715,0.4225,0.479,0.4412,0.4641,0.4037,Screen Recording,Screen Recording Recording8.mp4,1920,1080,0,0,960,540,Fixation,204,225,905,459,0.4712,0.4252,,,,,,,,,,,
98878768,472181872508,Eye Tracker,LipReading_BJ,10/21/2025,CJY,Recording8,10/18/2025,10/18/2025,10:09:23.595,02:09:23.595,431768,Timeline1,Tobii I-VT (Fixation),1.241.54219,1080,1920,10.0,3.7,2.3,2.7,0.31,0.19,0.23,13,8,10,4.3,4.1,3.4,0.38,0.36,0.3,16,15,12,7399004904,,,906,458,919,479,892,436,0.04479,-0.05018,-0.99774,-0.0866,-0.07292,-0.99357,3.925,3.853,3.889,,,,Valid,Valid,229.7,155.7,489.2,286.7,155.1,487.6,251.6,131.1,244.2,119.3,0.4718,0.4236,0.4789,0.4434,0.4647,0.4038,Screen Recording,Screen Recording Recording8.mp4,1920,1080,0,0,960,540,Fixation,204,225,905,459,0.4712,0.4252,,,,,,,,,,,
98882768,472181876508,Eye Tracker,LipReading_BJ,10/21/2025,CJY,Recording8,10/18/2025,10/18/2025,10:09:23.595,02:09:23.595,431768,Timeline1,Tobii I-VT (Fixation),1.241.54219,1080,1920,10.0,3.7,2.3,2.7,0.31,0.19,0.23,13,8,10,4.3,4.1,3.4,0.38,0.36,0.3,16,15,12,7399008904,,,902,446,917,460,888,431,0.04316,-0.06052,-0.99723,-0.08917,-0.07541,-0.99316,3.861,3.823,3.878,,,,Valid,Valid,229.7,155.6,489.3,286.7,155.1,487.7,250.9,125.9,242.9,118.0,0.4699,0.4127,0.4774,0.426,0.4623,0.3994,Screen Recording,Screen Recording Recording8.mp4,1920,1080,0,0,960,540,Fixation,204,225,905,459,0.4712,0.4252,,,,,,,,,,,
98886767,472181880507,Eye Tracker,LipReading_BJ,10/21/2025,CJY,Recording8,10/18/2025,10/18/2025,10:09:23.595,02:09:23.595,431768,Timeline1,Tobii I-VT (Fixation),1.241.54219,1080,1920,10.0,3.7,2.3,2.7,0.31,0.19,0.23,13,8,10,4.3,4.1,3.4,0.38,0.36,0.3,16,15,12,7399012903,,,904,454,917,472,890,436,0.04356,-0.05366,-0.99761,-0.0877,-0.07295,-0.99347,3.908,3.848,3.856,,,,Valid,Valid,229.7,155.6,489.4,286.7,155.0,487.8,251.1,129.3,243.7,119.2,0.4708,0.4203,0.4778,0.4373,0.4637,0.4034,Screen Recording,Screen Recording Recording8.mp4,1920,1080,0,0,960,540,Fixation,204,225,905,459,0.4712,0.4252,,,,,,,,,,,
98890768,472181884508,Eye Tracker,LipReading_BJ,10/21/2025,CJY,Recording8,10/18/2025,10/18/2025,10:09:23.595,02:09:23.595,431768,Timeline1,Tobii I-VT (Fixation),1.241.54219,1080,1920,10.0,3.7,2.3,2.7,0.31,0.19,0.23,13,8,10,4.3,4.1,3.4,0.38,0.36,0.3,16,15,12,7399016904,,,906,448,921,461,890,434,0.04553,-0.05986,-0.99717,-0.08791,-0.07363,-0.9934,3.883,3.82,3.85,,,,Valid,Valid,229.7,155.5,489.5,286.8,155.0,488.0,252.1,126.1,243.6,118.8,0.4717,0.4144,0.4798,0.4268,0.4636,0.402,Screen Recording,Screen Recording Recording8.mp4,1920,1080,0,0,960,540,Fixation,204,225,905,459,0.4712,0.4252,,,,,,,,,,,
98894768,472181888508,Eye Tracker,LipReading_BJ,10/21/2025,CJY,Recording8,10/18/2025,10/18/2025,10:09:23.595,02:09:23.595,431768,Timeline1,Tobii I-VT (Fixation),1.241.54219,1080,1920,10.0,3.7,2.3,2.7,0.31,0.19,0.23,13,8,10,4.3,4.1,3.4,0.38,0.36,0.3,16,15,12,7399020904,,,905,449,917,467,893,431,0.04326,-0.0565,-0.99747,-0.08646,-0.07546,-0.99339,3.876,3.829,3.85,,,,Valid,Valid,229.8,155.5,489.6,286.8,155.0,488.0,251.0,127.7,244.3,117.9,0.4713,0.4155,0.4777,0.4322,0.4649,0.3989,Screen Recording,Screen Recording Recording8.mp4,1920,1080,0,0,960,540,Fixation,204,225,905,459,0.4712,0.4252,,,,,,,,,,,
98898767,472181892507,Eye Tracker,LipReading_BJ,10/21/2025,CJY,Recording8,10/18/2025,10/18/2025,10:09:23.595,02:09:23.595,431768,Timeline1,Tobii I-VT (Fixation),1.241.54219,1080,1920,10.0,3.7,2.3,2.7,0.31,0.19,0.23,13,8,10,4.3,4.1,3.4,0.38,0.36,0.3,16,15,12,7399024903,,,907,451,920,466,895,436,0.04499,-0.05676,-0.99737,-0.08552,-0.07254,-0.99369,3.858,3.823,3.839,,,,Valid,Valid,229.8,155.4,489.7,286.8,154.9,488.2,251.9,127.6,244.8,119.3,0.4726,0.4176,0.4794,0.4316,0.4659,0.4035,Screen Recording,Screen Recording Recording8.mp4,1920,1080,0,0,960,540,Fixation,204,225,905,459,0.4712,0.4252,,,,,,,,,,,
98902767,472181896507,Eye Tracker,LipReading_BJ,10/21/2025,CJY,Recording8,10/18/2025,10/18/2025,10:09:23.595,02:09:23.595,431768,Timeline1,Tobii I-VT (Fixation),1.241.54219,1080,1920,10.0,3.7,2.3,2.7,0.31,0.19,0.23,13,8,10,4.3,4.1,3.4,0.38,0.36,0.3,16,15,12,7399028903,,,903,444,917,452,890,436,0.04303,-0.06439,-0.997,-0.08812,-0.07222,-0.99349,3.819,3.786,3.83,,,,Valid,Valid,229.8,155.4,489.8,286.8,154.9,488.3,251.0,123.8,243.5,119.4,0.4705,0.4113,0.4776,0.4187,0.4635,0.4039,Screen Recording,Screen Recording Recording8.mp4,1920,1080,0,0,960,540,Fixation,204,225,905,459,0.4712,0.4252,,,,,,,,,,,
98906767,472181900507,Eye Tracker,LipReading_BJ,10/21/2025,CJY,Recording8,10/18/2025,10/18/2025,10:09:23.595,02:09:23.595,431768,Timeline1,Tobii I-VT (Fixation),1.241.54219,1080,1920,10.0,3.7,2.3,2.7,0.31,0.19,0.23,13,8,10,4.3,4.1,3.4,0.38,0.36,0.3,16,15,12,7399032903,,,906,454,916,470,895,439,0.04248,-0.05422,-0.99763,-0.08524,-0.07072,-0.99385,3.828,3.812,3.818,,,,Valid,Valid,229.8,155.3,489.9,286.9,154.8,488.4,250.7,128.7,245.0,120.0,0.4717,0.4208,0.4771,0.4355,0.4662,0.4062,Screen Recording,Screen Recording Recording8.mp4,1920,1080,0,0,960,540,Saccade,24,390,,,,,,,,,,,,,,,
98910767,472181904507,Eye Tracker,LipReading_BJ,10/21/2025,CJY,Recording8,10/18/2025,10/18/2025,10:09:23.595,02:09:23.595,431768,Timeline1,Tobii I-VT (Fixation),1.241.54219,1080,1920,10.0,3.7,2.3,2.7,0.31,0.19,0.23,13,8,10,4.3,4.1,3.4,0.38,0.36,0.3,16,15,12,7399036903,,,890,448,902,466,879,430,0.03462,-0.05627,-0.99782,-0.09428,-0.0752,-0.9927,3.849,3.785,3.81,,,,Valid,Valid,229.8,155.3,490.1,286.9,154.7,488.5,246.8,127.6,240.5,117.7,0.4637,0.415,0.4697,0.4318,0.4576,0.3983,Screen Recording,Screen Recording Recording8.mp4,1920,1080,0,0,960,540,Saccade,24,390,,,,,,,,,,,,,,,
98914767,472181908507,Eye Tracker,LipReading_BJ,10/21/2025,CJY,Recording8,10/18/2025,10/18/2025,10:09:23.595,02:09:23.595,431768,Timeline1,Tobii I-VT (Fixation),1.241.54219,1080,1920,10.0,3.7,2.3,2.7,0.31,0.19,0.23,13,8,10,4.3,4.1,3.4,0.38,0.36,0.3,16,15,12,7399040903,,,872,457,884,479,861,435,0.02473,-0.04919,-0.99848,-0.10397,-0.07258,-0.99193,3.876,3.772,3.806,,,,Valid,Valid,229.8,155.2,490.3,286.8,154.7,488.6,241.9,131.0,235.6,118.9,0.4544,0.4229,0.4605,0.4433,0.4484,0.4024,Screen Recording,Screen Recording Recording8.mp4,1920,1080,0,0,960,540,Saccade,24,390,,,,,,,,,,,,,,,
98918768,472181912508,Eye Tracker,LipReading_BJ,10/21/2025,CJY,Recording8,10/18/2025,10/18/2025,10:09:23.595,02:09:23.595,431768,Timeline1,Tobii I-VT (Fixation),1.241.54219,1080,1920,10.0,3.7,2.3,2.7,0.31,0.19,0.23,13,8,10,4.3,4.1,3.4,0.38,0.36,0.3,16,15,12,7399044904,,,839,448,849,462,828,434,0.00536,-0.05866,-0.99826,-0.12182,-0.07235,-0.98991,3.834,3.769,3.804,,,,Valid,Valid,229.8,155.1,490.4,286.8,154.6,488.8,232.4,126.3,226.6,118.9,0.4368,0.4148,0.4423,0.4273,0.4313,0.4023,Screen Recording,Screen Recording Recording8.mp4,1920,1080,0,0,960,540,Saccade,24,390,,,,,,,,,,,,,,,
98922768,472181916508,Eye Tracker,LipReading_BJ,10/21/2025,CJY,Recording8,10/18/2025,10/18/2025,10:09:23.595,02:09:23.595,431768,Timeline1,Tobii I-VT (Fixation),1.241.54219,1080,1920,10.0,3.7,2.3,2.7,0.31,0.19,0.23,13,8,10,4.3,4.1,3.4,0.38,0.36,0.3,16,15,12,7399048904,,,822,449,830,459,814,440,-0.00538,-0.06002,-0.99818,-0.1295,-0.06915,-0.98917,3.784,3.777,3.803,,,,Valid,Valid,229.8,155.0,490.6,286.8,154.5,488.9,227.2,125.5,222.8,120.4,0.4281,0.4159,0.4323,0.4246,0.424,0.4072,Screen Recording,Screen Recording Recording8.mp4,1920,1080,0,0,960,540,Saccade,24,390,,,,,,,,,,,,,,,
98926768,472181920508,Eye Tracker,LipReading_BJ,10/21/2025,CJY,Recording8,10/18/2025,10/18/2025,10:09:23.595,02:09:23.595,431768,Timeline1,Tobii I-VT (Fixation),1.241.54219,1080,1920,10.0,3.7,2.3,2.7,0.31,0.19,0.23,13,8,10,4.3,4.1,3.4,0.38,0.36,0.3,16,15,12,7399052904,,,830,453,843,466,818,441,0.00172,-0.05584,-0.99844,-0.12762,-0.06857,-0.98945,3.812,3.774,3.802,,,,Valid,Valid,229.8,155.0,490.6,286.8,154.5,489.0,230.7,127.5,223.7,120.6,0.4324,0.4198,0.439,0.4315,0.4258,0.408,Screen Recording,Screen Recording Recording8.mp4,1920,1080,0,0,960,540,Saccade,24,390,,,,,,,,,,,,,,,
98930768,472181924508,Eye Tracker,LipReading_BJ,10/21/2025,CJY,Recording8,10/18/2025,10/18/2025,10:09:23.595,02:09:23.595,431768,Timeline1,Tobii I-VT (Fixation),1.241.54219,1080,1920,10.0,3.7,2.3,2.7,0.31,0.19,0.23,13,8,10,4.3,4.1,3.4,0.38,0.36,0.3,16,15,12,7399056904,,,843,457,858,475,828,439,0.00996,-0.05079,-0.99866,-0.12183,-0.06922,-0.99013,3.842,3.745,3.778,,,,Valid,Valid,229.8,154.9,490.7,286.8,154.4,489.1,234.7,129.9,226.7,120.2,0.4391,0.4232,0.4467,0.4396,0.4314,0.4068,Screen Recording,Screen Recording Recording8.mp4,1920,1080,0,0,960,540,Fixation,304,226,837,451,0.436,0.4179,,,,,,,,,,,
98934768,472181928508,Eye Tracker,LipReading_BJ,10/21/2025,CJY,Recording8,10/18/2025,10/18/2025,10:09:23.595,02:09:23.595,431768,Timeline1,Tobii I-VT (Fixation),1.241.54219,1080,1920,10.0,3.7,2.3,2.7,0.31,0.19,0.23,13,8,10,4.3,4.1,3.4,0.38,0.36,0.3,16,15,12,7399060904,,,847,459,862,478,831,440,0.01224,-0.04891,-0.99873,-0.12036,-0.06889,-0.99034,3.835,3.74,3.788,,,,Valid,Valid,229.9,154.8,490.9,286.9,154.3,489.2,235.9,130.7,227.4,120.3,0.4409,0.4247,0.4489,0.4424,0.4329,0.4071,Screen Recording,Screen Recording Recording8.mp4,1920,1080,0,0,960,540,Fixation,304,226,837,451,0.436,0.4179,,,,,,,,,,,
98938767,472181932507,Eye Tracker,LipReading_BJ,10/21/2025,CJY,Recording8,10/18/2025,10/18/2025,10:09:23.595,02:09:23.595,431768,Timeline1,Tobii I-VT (Fixation),1.241.54219,1080,1920,10.0,3.7,2.3,2.7,0.31,0.19,0.23,13,8,10,4.3,4.1,3.4,0.38,0.36,0.3,16,15,12,7399064903,,,843,454,854,469,832,439,0.0079,-0.05333,-0.99855,-0.11983,-0.06925,-0.99038,3.811,3.736,3.788,,,,Valid,Valid,229.9,154.7,491.0,286.9,154.3,489.3,233.8,128.5,227.7,120.1,0.4392,0.4205,0.445,0.4347,0.4334,0.4062,Screen Recording,Screen Recording Recording8.mp4,1920,1080,0,0,960,540,Fixation,304,226,837,451,0.436,0.4179,,,,,,,,,,,
98942767,472181936507,Eye Tracker,LipReading_BJ,10/21/2025,CJY,Recording8,10/18/2025,10/18/2025,10:09:23.595,02:09:23.595,431768,Timeline1,Tobii I-VT (Fixation),1.241.54219,1080,1920,10.0,3.7,2.3,2.7,0.31,0.19,0.23,13,8,10,4.3,4.1,3.4,0.38,0.36,0.3,16,15,12,7399068903,,,841,463,859,486,823,439,0.01031,-0.04386,-0.99898,-0.12495,-0.06902,-0.98976,3.861,3.74,3.781,,,,Valid,Valid,230.0,154.7,491.0,287.0,154.2,489.4,235.0,133.1,225.2,120.1,0.438,0.4283,0.4473,0.4504,0.4286,0.4062,Screen Recording,Screen Recording Recording8.mp4,1920,1080,0,0,960,540,Fixation,304,226,837,451,0.436,0.4179,,,,,,,,,,,
98946765,472181940505,Eye Tracker,LipReading_BJ,10/21/2025,CJY,Recording8,10/18/2025,10/18/2025,10:09:23.595,02:09:23.595,431768,Timeline1,Tobii I-VT (Fixation),1.241.54219,1080,1920,10.0,3.7,2.3,2.7,0.31,0.19,0.23,13,8,10,4.3,4.1,3.4,0.38,0.36,0.3,16,15,12,7399072901,,,839,457,852,476,826,438,0.00653,-0.04916,-0.99877,-0.12323,-0.06908,-0.98997,3.826,3.728,3.77,,,,Valid,Valid,230.0,154.6,491.2,287.0,154.1,489.5,233.2,130.4,226.1,120.0,0.4371,0.4235,0.4439,0.4412,0.4303,0.4059,Screen Recording,Screen Recording Recording8.mp4,1920,1080,0,0,960,540,Fixation,304,226,837,451,0.436,0.4179,,,,,,,,,,,
98950765,472181944505,Eye Tracker,LipReading_BJ,10/21/2025,CJY,Recording8,10/18/2025,10/18/2025,10:09:23.595,02:09:23.595,431768,Timeline1,Tobii I-VT (Fixation),1.241.54219,1080,1920,10.0,3.7,2.3,2.7,0.31,0.19,0.23,13,8,10,4.3,4.1,3.4,0.38,0.36,0.3,16,15,12,7399076901,,,837,454,848,466,826,442,0.00423,-0.05453,-0.9985,-0.12323,-0.06693,-0.99012,3.778,3.729,3.753,,,,Valid,Valid,230.1,154.5,491.4,287.1,154.1,489.5,232.2,127.6,226.2,121.0,0.4361,0.4206,0.4418,0.4319,0.4304,0.4094,Screen Recording,Screen Recording Recording8.mp4,1920,1080,0,0,960,540,Fixation,304,226,837,451,0.436,0.4179,,,,,,,,,,,
98954765,472181948505,Eye Tracker,LipReading_BJ,10/21/2025,CJY,Recording8,10/18/2025,10/18/2025,10:09:23.595,02:09:23.595,431768,Timeline1,Tobii I-VT (Fixation),1.241.54219,1080,1920,10.0,3.7,2.3,2.7,0.31,0.19,0.23,13,8,10,4.3,4.1,3.4,0.38,0.36,0.3,16,15,12,7399080901,,,837,452,850,463,823,441,0.00505,-0.05606,-0.99841,-0.12502,-0.0671,-0.98988,3.774,3.699,3.745,,,,Valid,Valid,230.1,154.4,491.5,287.2,154.0,489.7,232.6,126.8,225.3,120.8,0.4358,0.4188,0.4427,0.429,0.4288,0.4087,Screen Recording,Screen Recording Recording8.mp4,1920,1080,0,0,960,540,Fixation,304,226,837,451,0.436,0.4179,,,,,,,,,,,
98958765,472181952505,Eye Tracker,LipReading_BJ,10/21/2025,CJY,Recording8,10/18/2025,10/18/2025,10:09:23.595,02:09:23.595,431768,Timeline1,Tobii I-VT (Fixation),1.241.54219,1080,1920,10.0,3.7,2.3,2.7,0.31,0.19,0.23,13,8,10,4.3,4.1,3.4,0.38,0.36,0.3,16,15,12,7399084902,,,838,452,851,460,825,445,0.00543,-0.05767,-0.99832,-0.1244,-0.0651,-0.99009,3.753,3.716,3.734,,,,Valid,Valid,230.2,154.3,491.5,287.2,153.9,489.8,232.9,125.9,225.7,121.7,0.4363,0.4189,0.4432,0.4261,0.4295,0.4117,Screen Recording,Screen Recording Recording8.mp4,1920,1080,0,0,960,540,Fixation,304,226,837,451,0.436,0.4179,,,,,,,,,,,
98962765,472181956505,Eye Tracker,LipReading_BJ,10/21/2025,CJY,Recording8,10/18/2025,10/18/2025,10:09:23.595,02:09:23.595,431768,Timeline1,Tobii I-VT (Fixation),1.241.54219,1080,1920,10.0,3.7,2.3,2.7,0.31,0.19,0.23,13,8,10,4.3,4.1,3.4,0.38,0.36,0.3,16,15,12,7399088902,,,833,445,845,451,821,439,0.00184,-0.06242,-0.99805,-0.12632,-0.06793,-0.98966,3.728,3.717,3.727,,,,Valid,Valid,230.3,154.3,491.6,287.3,153.8,490.0,231.2,123.5,224.7,120.2,0.4338,0.4122,0.4399,0.4179,0.4277,0.4066,Screen Recording,Screen Recording Recording8.mp4,1920,1080,0,0,960,540,Fixation,304,226,837,451,0.436,0.4179,,,,,,,,,,,
98966765,472181960505,Eye Tracker,LipReading_BJ,10/21/2025,CJY,Recording8,10/18/2025,10/18/2025,10:09:23.595,02:09:23.595,431768,Timeline1,Tobii I-VT (Fixation),1.241.54219,1080,1920,10.0,3.7,2.3,2.7,0.31,0.19,0.23,13,8,10,4.3,4.1,3.4,0.38,0.36,0.3,16,15,12,7399092902,,,839,453,849,466,829,440,0.0042,-0.05423,-0.99852,-0.12244,-0.06763,-0.99017,3.748,3.701,3.727,,,,Valid,Valid,230.3,154.2,491.7,287.3,153.8,490.0,232.4,127.5,226.7,120.3,0.4369,0.4192,0.4423,0.4313,0.4315,0.407,Screen Recording,Screen Recording Recording8.mp4,1920,1080,0,0,960,540,Fixation,304,226,837,451,0.436,0.4179,,,,,,,,,,,
98970765,472181964505,Eye Tracker,LipReading_BJ,10/21/2025,CJY,Recording8,10/18/2025,10/18/2025,10:09:23.595,02:09:23.595,431768,Timeline1,Tobii I-VT (Fixation),1.241.54219,1080,1920,10.0,3.7,2.3,2.7,0.31,0.19,0.23,13,8,10,4.3,4.1,3.4,0.38,0.36,0.3,16,15,12,7399096902,,,837,460,846,478,829,442,0.00229,-0.04734,-0.99888,-0.12242,-0.06603,-0.99028,3.794,3.686,3.717,,,,Valid,Valid,230.4,154.1,491.8,287.4,153.7,490.2,231.5,130.8,226.8,121.0,0.4361,0.426,0.4406,0.4426,0.4316,0.4094,Screen Recording,Screen Recording Recording8.mp4,1920,1080,0,0,960,540,Fixation,304,226,837,451,0.436,0.4179,,,,,,,,,,,
98974765,472181968505,Eye Tracker,LipReading_BJ,10/21/2025,CJY,Recording8,10/18/2025,10/18/2025,10:09:23.595,02:09:23.595,431768,Timeline1,Tobii I-VT (Fixation),1.241.54219,1080,1920,10.0,3.7,2.3,2.7,0.31,0.19,0.23,13,8,10,4.3,4.1,3.4,0.38,0.36,0.3,16,15,12,7399100902,,,843,461,859,479,828,443,0.0092,-0.04658,-0.99887,-0.12273,-0.06515,-0.9903,3.812,3.685,3.717,,,,Valid,Valid,230.4,154.0,492.0,287.5,153.6,490.3,235.0,131.1,226.7,121.3,0.4393,0.427,0.4472,0.4435,0.4314,0.4105,Screen Recording,Screen Recording Recording8.mp4,1920,1080,0,0,960,540,Fixation,304,226,837,451,0.436,0.4179,,,,,,,,,,,
98978764,472181972504,Eye Tracker,LipReading_BJ,10/21/2025,CJY,Recording8,10/18/2025,10/18/2025,10:09:23.595,02:09:23.595,431768,Timeline1,Tobii I-VT (Fixation),1.241.54219,1080,1920,10.0,3.7,2.3,2.7,0.31,0.19,0.23,13,8,10,4.3,4.1,3.4,0.38,0.36,0.3,16,15,12,7399104901,,,838,451,851,460,826,441,0.00506,-0.05703,-0.99836,-0.12433,-0.06626,-0.99003,3.724,3.68,3.712,,,,Valid,Valid,230.5,154.0,492.0,287.5,153.5,490.3,233.0,125.9,225.9,120.7,0.4367,0.4171,0.4434,0.4258,0.43,0.4084,Screen Recording,Screen Recording Recording8.mp4,1920,1080,0,0,960,540,Fixation,304,226,837,451,0.436,0.4179,,,,,,,,,,,
98982764,472181976504,Eye Tracker,LipReading_BJ,10/21/2025,CJY,Recording8,10/18/2025,10/18/2025,10:09:23.595,02:09:23.595,431768,Timeline1,Tobii I-VT (Fixation),1.241.54219,1080,1920,10.0,3.7,2.3,2.7,0.31,0.19,0.23,13,8,10,4.3,4.1,3.4,0.38,0.36,0.3,16,15,12,7399108901,,,839,447,851,447,827,447,0.00459,-0.06388,-0.99795,-0.12351,-0.06289,-0.99035,3.716,3.691,3.709,,,,Valid,Valid,230.5,153.9,492.2,287.6,153.5,490.4,232.8,122.3,226.4,122.3,0.437,0.4139,0.4431,0.4139,0.4309,0.4139,Screen Recording,Screen Recording Recording8.mp4,1920,1080,0,0,960,540,Fixation,304,226,837,451,0.436,0.4179,,,,,,,,,,,
98986764,472181980504,Eye Tracker,LipReading_BJ,10/21/2025,CJY,Recording8,10/18/2025,10/18/2025,10:09:23.595,02:09:23.595,431768,Timeline1,Tobii I-VT (Fixation),1.241.54219,1080,1920,10.0,3.7,2.3,2.7,0.31,0.19,0.23,13,8,10,4.3,4.1,3.4,0.38,0.36,0.3,16,15,12,7399112901,,,839,452,851,462,827,442,0.0047,-0.05556,-0.99844,-0.12374,-0.06556,-0.99015,3.738,3.676,3.7,,,,Valid,Valid,230.6,153.8,492.4,287.6,153.4,490.6,232.9,126.4,226.3,120.9,0.437,0.4184,0.4433,0.4276,0.4307,0.4091,Screen Recording,Screen Recording Recording8.mp4,1920,1080,0,0,960,540,Fixation,304,226,837,451,0.436,0.4179,,,,,,,,,,,
98990764,472181984504,Eye Tracker,LipReading_BJ,10/21/2025,CJY,Recording8,10/18/2025,10/18/2025,10:09:23.595,02:09:23.595,431768,Timeline1,Tobii I-VT (Fixation),1.241.54219,1080,1920,10.0,3.7,2.3,2.7,0.31,0.19,0.23,13,8,10,4.3,4.1,3.4,0.38,0.36,0.3,16,15,12,7399116901,,,839,452,847,465,830,439,0.0025,-0.05371,-0.99855,-0.12191,-0.06685,-0.99029,3.738,3.659,3.689,,,,Valid,Valid,230.7,153.7,492.5,287.7,153.3,490.7,231.9,127.2,227.3,120.2,0.4369,0.4185,0.4413,0.4304,0.4325,0.4066,Screen Recording,Screen Recording Recording8.mp4,1920,1080,0,0,960,540,Fixation,304,226,837,451,0.436,0.4179,,,,,,,,,,,
98994764,472181988504,Eye Tracker,LipReading_BJ,10/21/2025,CJY,Recording8,10/18/2025,10/18/2025,10:09:23.595,02:09:23.595,431768,Timeline1,Tobii I-VT (Fixation),1.241.54219,1080,1920,10.0,3.7,2.3,2.7,0.31,0.19,0.23,13,8,10,4.3,4.1,3.4,0.38,0.36,0.3,16,15,12,7399120901,,,840,447,851,452,829,441,0.00468,-0.06041,-0.99816,-0.12272,-0.06575,-0.99026,3.704,3.663,3.683,,,,Valid,Valid,230.7,153.6,492.6,287.7,153.3,490.8,233.0,123.8,226.9,120.7,0.4377,0.4136,0.4435,0.4189,0.4318,0.4083,Screen Recording,Screen Recording Recording8.mp4,1920,1080,0,0,960,540,Fixation,304,226,837,451,0.436,0.4179,,,,,,,,,,,
98998765,472181992505,Eye Tracker,LipReading_BJ,10/21/2025,CJY,Recording8,10/18/2025,10/18/2025,10:09:23.595,02:09:23.595,431768,Timeline1,Tobii I-VT (Fixation),1.241.54219,1080,1920,10.0,3.7,2.3,2.7,0.31,0.19,0.23,13,8,10,4.3,4.1,3.4,0.38,0.36,0.3,16,15,12,7399124902,,,836,450,847,452,825,448,0.00228,-0.06056,-0.99816,-0.12485,-0.06166,-0.99026,3.7,3.66,3.682,,,,Valid,Valid,230.7,153.6,492.7,287.8,153.1,491.0,231.9,123.7,225.9,122.6,0.4356,0.4166,0.4413,0.4184,0.4299,0.4147,Screen Recording,Screen Recording Recording8.mp4,1920,1080,0,0,960,540,Fixation,304,226,837,451,0.436,0.4179,,,,,,,,,,,
99002764,472181996504,Eye Tracker,LipReading_BJ,10/21/2025,CJY,Recording8,10/18/2025,10/18/2025,10:09:23.595,02:09:23.595,431768,Timeline1,Tobii I-VT (Fixation),1.241.54219,1080,1920,10.0,3.7,2.3,2.7,0.31,0.19,0.23,13,8,10,4.3,4.1,3.4,0.38,0.36,0.3,16,15,12,7399128901,,,838,451,849,457,827,445,0.00308,-0.05768,-0.99833,-0.12409,-0.06299,-0.99027,3.693,3.676,3.68,,,,Valid,Valid,230.8,153.5,492.8,287.8,153.1,491.0,232.3,125.0,226.3,121.9,0.4364,0.4176,0.4421,0.4229,0.4307,0.4124,Screen Recording,Screen Recording Recording8.mp4,1920,1080,0,0,960,540,Fixation,304,226,837,451,0.436,0.4179,,,,,,,,,,,
99006765,472182000505,Eye Tracker,LipReading_BJ,10/21/2025,CJY,Recording8,10/18/2025,10/18/2025,10:09:23.595,02:09:23.595,431768,Timeline1,Tobii I-VT (Fixation),1.241.54219,1080,1920,10.0,3.7,2.3,2.7,0.31,0.19,0.23,13,8,10,4.3,4.1,3.4,0.38,0.36,0.3,16,15,12,7399132902,,,839,454,854,468,824,440,0.00574,-0.05137,-0.99866,-0.12589,-0.06575,-0.98986,3.729,3.649,3.671,,,,Valid,Valid,230.8,153.4,492.8,287.9,153.0,491.2,233.7,128.1,225.4,120.4,0.4368,0.4204,0.4447,0.4333,0.429,0.4074,Screen Recording,Screen Recording Recording8.mp4,1920,1080,0,0,960,540,Fixation,304,226,837,451,0.436,0.4179,,,,,,,,,,,
99010756,472182004496,Eye Tracker,LipReading_BJ,10/21/2025,CJY,Recording8,10/18/2025,10/18/2025,10:09:23.595,02:09:23.595,431768,Timeline1,Tobii I-VT (Fixation),1.241.54219,1080,1920,10.0,3.7,2.3,2.7,0.31,0.19,0.23,13,8,10,4.3,4.1,3.4,0.38,0.36,0.3,16,15,12,7399136893,,,834,446,846,453,822,439,0.00127,-0.05946,-0.99823,-0.12654,-0.06602,-0.98976,3.673,3.639,3.662,,,,Valid,Valid,230.9,153.3,493.1,287.9,153.0,491.3,231.5,124.0,225.1,120.2,0.4345,0.413,0.4406,0.4194,0.4284,0.4067,Screen Recording,Screen Recording Recording8.mp4,1920,1080,0,0,960,540,Fixation,304,226,837,451,0.436,0.4179,,,,,,,,,,,
99014765,472182008505,Eye Tracker,LipReading_BJ,10/21/2025,CJY,Recording8,10/18/2025,10/18/2025,10:09:23.595,02:09:23.595,431768,Timeline1,Tobii I-VT (Fixation),1.241.54219,1080,1920,10.0,3.7,2.3,2.7,0.31,0.19,0.23,13,8,10,4.3,4.1,3.4,0.38,0.36,0.3,16,15,12,7399140902,,,837,445,848,448,825,441,0.00264,-0.06186,-0.99808,-0.12532,-0.06462,-0.99001,3.676,3.643,3.659,,,,Valid,Valid,230.9,153.3,493.2,287.9,152.9,491.4,232.2,122.7,225.7,120.8,0.4357,0.4119,0.4419,0.4151,0.4296,0.4087,Screen Recording,Screen Recording Recording8.mp4,1920,1080,0,0,960,540,Fixation,304,226,837,451,0.436,0.4179,,,,,,,,,,,
99018764,472182012504,Eye Tracker,LipReading_BJ,10/21/2025,CJY,Recording8,10/18/2025,10/18/2025,10:09:23.595,02:09:23.595,431768,Timeline1,Tobii I-VT (Fixation),1.241.54219,1080,1920,10.0,3.7,2.3,2.7,0.31,0.19,0.23,13,8,10,4.3,4.1,3.4,0.38,0.36,0.3,16,15,12,7399144901,,,839,449,852,453,826,444,0.00474,-0.0592,-0.99823,-0.12466,-0.06296,-0.9902,3.674,3.648,3.657,,,,Valid,Valid,230.9,153.2,493.3,288.0,152.8,491.6,233.3,123.9,226.1,121.6,0.4371,0.4153,0.4439,0.4194,0.4302,0.4113,Screen Recording,Screen Recording Recording8.mp4,1920,1080,0,0,960,540,Fixation,304,226,837,451,0.436,0.4179,,,,,,,,,,,
99022764,472182016504,Eye Tracker,LipReading_BJ,10/21/2025,CJY,Recording8,10/18/2025,10/18/2025,10:09:23.595,02:09:23.595,431768,Timeline1,Tobii I-VT (Fixation),1.241.54219,1080,1920,10.0,3.7,2.3,2.7,0.31,0.19,0.23,13,8,10,4.3,4.1,3.4,0.38,0.36,0.3,16,15,12,7399148901,,,837,452,847,458,828,445,0.00162,-0.05601,-0.99843,-0.12367,-0.06231,-0.99037,3.696,3.629,3.66,,,,Valid,Valid,230.9,153.1,493.5,288.0,152.8,491.6,231.7,125.5,226.6,121.8,0.4361,0.4184,0.441,0.4245,0.4312,0.4122,Screen Recording,Screen Recording Recording8.mp4,1920,1080,0,0,960,540,Fixation,304,226,837,451,0.436,0.4179,,,,,,,,,,,
99026764,472182020504,Eye Tracker,LipReading_BJ,10/21/2025,CJY,Recording8,10/18/2025,10/18/2025,10:09:23.595,02:09:23.595,431768,Timeline1,Tobii I-VT (Fixation),1.241.54219,1080,1920,10.0,3.7,2.3,2.7,0.31,0.19,0.23,13,8,10,4.3,4.1,3.4,0.38,0.36,0.3,16,15,12,7399152901,,,838,451,848,462,829,441,0.00247,-0.05401,-0.99854,-0.12332,-0.0646,-0.99026,3.685,3.613,3.658,,,,Valid,Valid,231.0,153.1,493.5,288.0,152.7,491.7,232.2,126.4,226.8,120.6,0.4367,0.4179,0.4419,0.4277,0.4316,0.4082,Screen Recording,Screen Recording Recording8.mp4,1920,1080,0,0,960,540,Fixation,304,226,837,451,0.436,0.4179,,,,,,,,,,,
99030764,472182024504,Eye Tracker,LipReading_BJ,10/21/2025,CJY,Recording8,10/18/2025,10/18/2025,10:09:23.595,02:09:23.595,431768,Timeline1,Tobii I-VT (Fixation),1.241.54219,1080,1920,10.0,3.7,2.3,2.7,0.31,0.19,0.23,13,8,10,4.3,4.1,3.4,0.38,0.36,0.3,16,15,12,7399156901,,,837,456,847,474,828,438,0.0014,-0.04709,-0.99889,-0.12385,-0.06622,-0.99009,3.713,3.634,3.654,,,,Valid,Valid,231.0,153.1,493.6,288.0,152.7,491.9,231.7,129.8,226.5,119.8,0.436,0.4222,0.4409,0.4391,0.431,0.4053,Screen Recording,Screen Recording Recording8.mp4,1920,1080,0,0,960,540,Fixation,304,226,837,451,0.436,0.4179,,,,,,,,,,,
99034764,472182028504,Eye Tracker,LipReading_BJ,10/21/2025,CJY,Recording8,10/18/2025,10/18/2025,10:09:23.595,02:09:23.595,431768,Timeline1,Tobii I-VT (Fixation),1.241.54219,1080,1920,10.0,3.7,2.3,2.7,0.31,0.19,0.23,13,8,10,4.3,4.1,3.4,0.38,0.36,0.3,16,15,12,7399160901,,,835,455,847,470,823,441,0.00147,-0.04956,-0.99877,-0.12661,-0.0643,-0.98987,3.687,3.608,3.651,,,,Valid,Valid,231.0,153.0,493.7,288.0,152.6,492.0,231.7,128.5,225.1,120.7,0.4347,0.4216,0.441,0.4348,0.4284,0.4083,Screen Recording,Screen Recording Recording8.mp4,1920,1080,0,0,960,540,Fixation,304,226,837,451,0.436,0.4179,,,,,,,,,,,
99038764,472182032504,Eye Tracker,LipReading_BJ,10/21/2025,CJY,Recording8,10/18/2025,10/18/2025,10:09:23.595,02:09:23.595,431768,Timeline1,Tobii I-VT (Fixation),1.241.54219,1080,1920,10.0,3.7,2.3,2.7,0.31,0.19,0.23,13,8,10,4.3,4.1,3.4,0.38,0.36,0.3,16,15,12,7399164901,,,836,449,849,456,823,443,0.00287,-0.05702,-0.99837,-0.12622,-0.06313,-0.98999,3.642,3.622,3.647,,,,Valid,Valid,231.0,153.0,493.8,288.1,152.6,492.2,232.5,124.8,225.3,121.2,0.4356,0.4161,0.4424,0.4221,0.4288,0.41,Screen Recording,Screen Recording Recording8.mp4,1920,1080,0,0,960,540,Fixation,304,226,837,451,0.436,0.4179,,,,,,,,,,,
99042765,472182036505,Eye Tracker,LipReading_BJ,10/21/2025,CJY,Recording8,10/18/2025,10/18/2025,10:09:23.595,02:09:23.595,431768,Timeline1,Tobii I-VT (Fixation),1.241.54219,1080,1920,10.0,3.7,2.3,2.7,0.31,0.19,0.23,13,8,10,4.3,4.1,3.4,0.38,0.36,0.3,16,15,12,7399168902,,,830,451,838,462,822,439,-0.00334,-0.0535,-0.99856,-0.12671,-0.065,-0.98981,3.627,3.618,3.63,,,,Valid,Valid,231.0,152.9,493.9,288.1,152.5,492.3,229.4,126.4,225.1,120.2,0.4324,0.4173,0.4366,0.4278,0.4283,0.4067,Screen Recording,Screen Recording Recording8.mp4,1920,1080,0,0,960,540,Fixation,304,226,837,451,0.436,0.4179,,,,,,,,,,,
99046765,472182040505,Eye Tracker,LipReading_BJ,10/21/2025,CJY,Recording8,10/18/2025,10/18/2025,10:09:23.595,02:09:23.595,431768,Timeline1,Tobii I-VT (Fixation),1.241.54219,1080,1920,10.0,3.7,2.3,2.7,0.31,0.19,0.23,13,8,10,4.3,4.1,3.4,0.38,0.36,0.3,16,15,12,7399172902,,,836,454,848,464,824,444,0.00191,-0.05247,-0.99862,-0.12585,-0.0625,-0.99008,3.673,3.623,3.625,,,,Valid,Valid,231.1,152.9,494.0,288.1,152.5,492.4,232.0,126.9,225.5,121.4,0.4353,0.4201,0.4415,0.4294,0.4291,0.4107,Screen Recording,Screen Recording Recording8.mp4,1920,1080,0,0,960,540,Fixation,304,226,837,451,0.436,0.4179,,,,,,,,,,,
99050765,472182044505,Eye Tracker,LipReading_BJ,10/21/2025,CJY,Recording8,10/18/2025,10/18/2025,10:09:23.595,02:09:23.595,431768,Timeline1,Tobii I-VT (Fixation),1.241.54219,1080,1920,10.0,3.7,2.3,2.7,0.31,0.19,0.23,13,8,10,4.3,4.1,3.4,0.38,0.36,0.3,16,15,12,7399176902,,,837,446,847,454,827,439,0.0017,-0.05785,-0.99832,-0.12398,-0.06482,-0.99017,3.632,3.604,3.618,,,,Valid,Valid,231.1,152.8,494.2,288.1,152.4,492.5,231.9,124.2,226.4,120.2,0.4361,0.4134,0.4413,0.4202,0.4309,0.4067,Screen Recording,Screen Recording Recording8.mp4,1920,1080,0,0,960,540,Fixation,304,226,837,451,0.436,0.4179,,,,,,,,,,,
99054765,472182048505,Eye Tracker,LipReading_BJ,10/21/2025,CJY,Recording8,10/18/2025,10/18/2025,10:09:23.595,02:09:23.595,431768,Timeline1,Tobii I-VT (Fixation),1.241.54219,1080,1920,10.0,3.7,2.3,2.7,0.31,0.19,0.23,13,8,10,4.3,4.1,3.4,0.38,0.36,0.3,16,15,12,7399180902,,,838,445,852,448,825,443,0.00402,-0.06105,-0.99813,-0.12512,-0.06285,-0.99015,3.626,3.598,3.617,,,,Valid,Valid,231.1,152.8,494.3,288.1,152.4,492.6,233.1,122.5,225.8,121.1,0.4367,0.4122,0.4435,0.4145,0.4298,0.4098,Screen Recording,Screen Recording Recording8.mp4,1920,1080,0,0,960,540,Fixation,304,226,837,451,0.436,0.4179,,,,,,,,,,,
99058764,472182052504,Eye Tracker,LipReading_BJ,10/21/2025,CJY,Recording8,10/18/2025,10/18/2025,10:09:23.595,02:09:23.595,431768,Timeline1,Tobii I-VT (Fixation),1.241.54219,1080,1920,10.0,3.7,2.3,2.7,0.31,0.19,0.23,13,8,10,4.3,4.1,3.4,0.38,0.36,0.3,16,15,12,7399184901,,,836,450,853,462,820,438,0.00479,-0.05282,-0.99859,-0.12796,-0.06527,-0.98963,3.641,3.6,3.616,,,,Valid,Valid,231.1,152.7,494.5,288.1,152.3,492.8,233.4,126.6,224.4,119.8,0.4357,0.4168,0.4443,0.4282,0.4271,0.4055,Screen Recording,Screen Recording Recording8.mp4,1920,1080,0,0,960,540,Fixation,304,226,837,451,0.436,0.4179,,,,,,,,,,,
99062763,472182056503,Eye Tracker,LipReading_BJ,10/21/2025,CJY,Recording8,10/18/2025,10/18/2025,10:09:23.595,02:09:23.595,431768,Timeline1,Tobii I-VT (Fixation),1.241.54219,1080,1920,10.0,3.7,2.3,2.7,0.31,0.19,0.23,13,8,10,4.3,4.1,3.4,0.38,0.36,0.3,16,15,12,7399188901,,,830,449,840,463,820,436,-0.00218,-0.05258,-0.99861,-0.12783,-0.06626,-0.98958,3.634,3.588,3.616,,,,Valid,Valid,231.1,152.6,494.6,288.1,152.3,492.9,230.0,126.6,224.5,119.3,0.4324,0.416,0.4377,0.4283,0.4272,0.4036,Screen Recording,Screen Recording Recording8.mp4,1920,1080,0,0,960,540,Fixation,304,226,837,451,0.436,0.4179,,,,,,,,,,,
99066763,472182060503,Eye Tracker,LipReading_BJ,10/21/2025,CJY,Recording8,10/18/2025,10/18/2025,10:09:23.595,02:09:23.595,431768,Timeline1,Tobii I-VT (Fixation),1.241.54219,1080,1920,10.0,3.7,2.3,2.7,0.31,0.19,0.23,13,8,10,4.3,4.1,3.4,0.38,0.36,0.3,16,15,12,7399192901,,,835,445,850,458,819,433,0.00329,-0.05523,-0.99847,-0.12849,-0.06772,-0.9894,3.634,3.595,3.617,,,,Valid,Valid,231.1,152.6,494.7,288.1,152.2,493.1,232.7,125.3,224.1,118.5,0.4347,0.4123,0.4429,0.4238,0.4265,0.4008,Screen Recording,Screen Recording Recording8.mp4,1920,1080,0,0,960,540,Fixation,304,226,837,451,0.436,0.4179,,,,,,,,,,,
99070763,472182064503,Eye Tracker,LipReading_BJ,10/21/2025,CJY,Recording8,10/18/2025,10/18/2025,10:09:23.595,02:09:23.595,431768,Timeline1,Tobii I-VT (Fixation),1.241.54219,1080,1920,10.0,3.7,2.3,2.7,0.31,0.19,0.23,13,8,10,4.3,4.1,3.4,0.38,0.36,0.3,16,15,12,7399196901,,,832,444,846,452,817,437,0.00105,-0.0585,-0.99829,-0.12947,-0.06523,-0.98944,3.625,3.6,3.617,,,,Valid,Valid,231.1,152.6,494.8,288.2,152.2,493.3,231.6,123.6,223.6,119.6,0.4332,0.4114,0.4408,0.4181,0.4256,0.4048,Screen Recording,Screen Recording Recording8.mp4,1920,1080,0,0,960,540,Fixation,304,226,837,451,0.436,0.4179,,,,,,,,,,,
99074763,472182068503,Eye Tracker,LipReading_BJ,10/21/2025,CJY,Recording8,10/18/2025,10/18/2025,10:09:23.595,02:09:23.595,431768,Timeline1,Tobii I-VT (Fixation),1.241.54219,1080,1920,10.0,3.7,2.3,2.7,0.31,0.19,0.23,13,8,10,4.3,4.1,3.4,0.38,0.36,0.3,16,15,12,7399200901,,,830,441,847,439,813,442,0.00159,-0.065,-0.99788,-0.13167,-0.06254,-0.98932,3.606,3.604,3.613,,,,Valid,Valid,231.1,152.5,494.9,288.2,152.1,493.4,231.9,120.3,222.5,120.9,0.4324,0.408,0.4414,0.4069,0.4235,0.4091,Screen Recording,Screen Recording Recording8.mp4,1920,1080,0,0,960,540,Fixation,304,226,837,451,0.436,0.4179,,,,,,,,,,,
99078765,472182072505,Eye Tracker,LipReading_BJ,10/21/2025,CJY,Recording8,10/18/2025,10/18/2025,10:09:23.595,02:09:23.595,431768,Timeline1,Tobii I-VT (Fixation),1.241.54219,1080,1920,10.0,3.7,2.3,2.7,0.31,0.19,0.23,13,8,10,4.3,4.1,3.4,0.38,0.36,0.3,16,15,12,7399204903,,,831,450,847,458,816,441,0.00125,-0.0545,-0.99851,-0.13031,-0.06266,-0.98949,3.64,3.608,3.613,,,,Valid,Valid,231.1,152.5,495.0,288.2,152.1,493.5,231.8,125.5,223.2,120.8,0.4329,0.4166,0.4411,0.4245,0.4248,0.4087,Screen Recording,Screen Recording Recording8.mp4,1920,1080,0,0,960,540,Fixation,304,226,837,451,0.436,0.4179,,,,,,,,,,,
99082765,472182076505,Eye Tracker,LipReading_BJ,10/21/2025,CJY,Recording8,10/18/2025,10/18/2025,10:09:23.595,02:09:23.595,431768,Timeline1,Tobii I-VT (Fixation),1.241.54219,1080,1920,10.0,3.7,2.3,2.7,0.31,0.19,0.23,13,8,10,4.3,4.1,3.4,0.38,0.36,0.3,16,15,12,7399208903,,,831,444,848,452,814,436,0.00175,-0.05812,-0.99831,-0.13104,-0.06545,-0.98921,3.588,3.592,3.604,,,,Valid,Valid,231.1,152.4,495.2,288.2,152.0,493.7,232.0,123.6,222.8,119.3,0.4328,0.411,0.4416,0.4182,0.424,0.4037,Screen Recording,Screen Recording Recording8.mp4,1920,1080,0,0,960,540,Fixation,304,226,837,451,0.436,0.4179,,,,,,,,,,,
99086756,472182080496,Eye Tracker,LipReading_BJ,10/21/2025,CJY,Recording8,10/18/2025,10/18/2025,10:09:23.595,02:09:23.595,431768,Timeline1,Tobii I-VT (Fixation),1.241.54219,1080,1920,10.0,3.7,2.3,2.7,0.31,0.19,0.23,13,8,10,4.3,4.1,3.4,0.38,0.36,0.3,16,15,12,7399212894,,,832,449,852,462,813,437,0.00427,-0.05213,-0.99863,-0.13192,-0.06509,-0.98912,3.638,3.59,3.608,,,,Valid,Valid,231.2,152.4,495.3,288.2,151.9,493.8,233.3,126.5,222.4,119.5,0.4336,0.4161,0.444,0.428,0.4232,0.4042,Screen Recording,Screen Recording Recording8.mp4,1920,1080,0,0,960,540,Fixation,304,226,837,451,0.436,0.4179,,,,,,,,,,,
99090765,472182084505,Eye Tracker,LipReading_BJ,10/21/2025,CJY,Recording8,10/18/2025,10/18/2025,10:09:23.595,02:09:23.595,431768,Timeline1,Tobii I-VT (Fixation),1.241.54219,1080,1920,10.0,3.7,2.3,2.7,0.31,0.19,0.23,13,8,10,4.3,4.1,3.4,0.38,0.36,0.3,16,15,12,7399216903,,,830,450,846,458,813,442,0.00064,-0.05449,-0.99851,-0.1316,-0.06184,-0.98937,3.616,3.585,3.605,,,,Valid,Valid,231.2,152.3,495.6,288.2,151.9,493.9,231.5,125.2,222.5,121.0,0.4321,0.4166,0.4406,0.4237,0.4235,0.4094,Screen Recording,Screen Recording Recording8.mp4,1920,1080,0,0,960,540,Fixation,304,226,837,451,0.436,0.4179,,,,,,,,,,,
99094764,472182088504,Eye Tracker,LipReading_BJ,10/21/2025,CJY,Recording8,10/18/2025,10/18/2025,10:09:23.595,02:09:23.595,431768,Timeline1,Tobii I-VT (Fixation),1.241.54219,1080,1920,10.0,3.7,2.3,2.7,0.31,0.19,0.23,13,8,10,4.3,4.1,3.4,0.38,0.36,0.3,16,15,12,7399220902,,,832,445,849,451,815,438,0.0023,-0.05793,-0.99832,-0.13085,-0.06391,-0.98934,3.625,3.604,3.605,,,,Valid,Valid,231.2,152.2,495.6,288.3,151.8,494.1,232.3,123.5,222.9,119.9,0.4332,0.4118,0.4422,0.4178,0.4242,0.4057,Screen Recording,Screen Recording Recording8.mp4,1920,1080,0,0,960,540,Fixation,304,226,837,451,0.436,0.4179,,,,,,,,,,,
99098764,472182092504,Eye Tracker,LipReading_BJ,10/21/2025,CJY,Recording8,10/18/2025,10/18/2025,10:09:23.595,02:09:23.595,431768,Timeline1,Tobii I-VT (Fixation),1.241.54219,1080,1920,10.0,3.7,2.3,2.7,0.31,0.19,0.23,13,8,10,4.3,4.1,3.4,0.38,0.36,0.3,16,15,12,7399224902,,,832,447,850,462,814,433,0.00268,-0.05224,-0.99863,-0.13139,-0.06647,-0.9891,3.62,3.59,3.602,,,,Valid,Valid,231.2,152.2,495.6,288.3,151.8,494.3,232.5,126.3,222.6,118.5,0.4331,0.4142,0.4426,0.4274,0.4237,0.4011,Screen Recording,Screen Recording Recording8.mp4,1920,1080,0,0,960,540,Fixation,304,226,837,451,0.436,0.4179,,,,,,,,,,,
99102764,472182096504,Eye Tracker,LipReading_BJ,10/21/2025,CJY,Recording8,10/18/2025,10/18/2025,10:09:23.595,02:09:23.595,431768,Timeline1,Tobii I-VT (Fixation),1.241.54219,1080,1920,10.0,3.7,2.3,2.7,0.31,0.19,0.23,13,8,10,4.3,4.1,3.4,0.38,0.36,0.3,16,15,12,7399228902,,,834,443,854,448,815,438,0.00517,-0.05944,-0.99822,-0.13085,-0.0635,-0.98937,3.599,3.581,3.602,,,,Valid,Valid,231.2,152.2,495.8,288.3,151.7,494.4,233.8,122.6,222.9,120.0,0.4346,0.4105,0.445,0.415,0.4243,0.406,Screen Recording,Screen Recording Recording8.mp4,1920,1080,0,0,960,540,Fixation,304,226,837,451,0.436,0.4179,,,,,,,,,,,
99106756,472182100496,Eye Tracker,LipReading_BJ,10/21/2025,CJY,Recording8,10/18/2025,10/18/2025,10:09:23.595,02:09:23.595,431768,Timeline1,Tobii I-VT (Fixation),1.241.54219,1080,1920,10.0,3.7,2.3,2.7,0.31,0.19,0.23,13,8,10,4.3,4.1,3.4,0.38,0.36,0.3,16,15,12,7399232894,,,833,447,853,459,812,435,0.00457,-0.05321,-0.99857,-0.13226,-0.06508,-0.98908,3.62,3.576,3.592,,,,Valid,Valid,231.3,152.1,496.1,288.3,151.7,494.5,233.5,125.7,222.2,119.1,0.4337,0.4141,0.4444,0.4252,0.4229,0.4031,Screen Recording,Screen Recording Recording8.mp4,1920,1080,0,0,960,540,Fixation,304,226,837,451,0.436,0.4179,,,,,,,,,,,
99110764,472182104504,Eye Tracker,LipReading_BJ,10/21/2025,CJY,Recording8,10/18/2025,10/18/2025,10:09:23.595,02:09:23.595,431768,Timeline1,Tobii I-VT (Fixation),1.241.54219,1080,1920,10.0,3.7,2.3,2.7,0.31,0.19,0.23,13,8,10,4.3,4.1,3.4,0.38,0.36,0.3,16,15,12,7399236902,,,831,445,849,455,813,436,0.00208,-0.05564,-0.99845,-0.13154,-0.06452,-0.98921,3.579,3.584,3.59,,,,Valid,Valid,231.3,152.0,496.2,288.4,151.6,494.7,232.3,124.4,222.6,119.4,0.4329,0.4124,0.4421,0.4209,0.4236,0.4038,Screen Recording,Screen Recording Recording8.mp4,1920,1080,0,0,960,540,Fixation,304,226,837,451,0.436,0.4179,,,,,,,,,,,
99114756,472182108496,Eye Tracker,LipReading_BJ,10/21/2025,CJY,Recording8,10/18/2025,10/18/2025,10:09:23.595,02:09:23.595,431768,Timeline1,Tobii I-VT (Fixation),1.241.54219,1080,1920,10.0,3.7,2.3,2.7,0.31,0.19,0.23,13,8,10,4.3,4.1,3.4,0.38,0.36,0.3,16,15,12,7399240894,,,829,446,849,459,810,434,0.00191,-0.05337,-0.99857,-0.13325,-0.06573,-0.9889,3.591,3.588,3.585,,,,Valid,Valid,231.3,152.0,496.2,288.4,151.6,494.9,232.3,125.5,221.7,118.7,0.432,0.4131,0.442,0.4247,0.422,0.4015,Screen Recording,Screen Recording Recording8.mp4,1920,1080,0,0,960,540,Fixation,304,226,837,451,0.436,0.4179,,,,,,,,,,,
99118765,472182112505,Eye Tracker,LipReading_BJ,10/21/2025,CJY,Recording8,10/18/2025,10/18/2025,10:09:23.595,02:09:23.595,431768,Timeline1,Tobii I-VT (Fixation),1.241.54219,1080,1920,10.0,3.7,2.3,2.7,0.31,0.19,0.23,13,8,10,4.3,4.1,3.4,0.38,0.36,0.3,16,15,12,7399244903,,,832,452,855,471,809,434,0.00517,-0.04643,-0.99891,-0.13397,-0.06549,-0.98882,3.623,3.578,3.585,,,,Valid,Valid,231.3,152.0,496.3,288.4,151.5,495.0,233.9,128.9,221.4,118.7,0.4332,0.419,0.4452,0.4362,0.4213,0.4017,Screen Recording,Screen Recording Recording8.mp4,1920,1080,0,0,960,540,Fixation,304,226,837,451,0.436,0.4179,,,,,,,,,,,
99122756,472182116496,Eye Tracker,LipReading_BJ,10/21/2025,CJY,Recording8,10/18/2025,10/18/2025,10:09:23.595,02:09:23.595,431768,Timeline1,Tobii I-VT (Fixation),1.241.54219,1080,1920,10.0,3.7,2.3,2.7,0.31,0.19,0.23,13,8,10,4.3,4.1,3.4,0.38,0.36,0.3,16,15,12,7399248894,,,830,446,853,462,807,430,0.00416,-0.05102,-0.99869,-0.13493,-0.06776,-0.98854,3.59,3.57,3.585,,,,Valid,Valid,231.4,151.9,496.5,288.4,151.5,495.0,233.4,126.6,220.9,117.6,0.4323,0.413,0.4443,0.4282,0.4204,0.3978,Screen Recording,Screen Recording Recording8.mp4,1920,1080,0,0,960,540,Fixation,304,226,837,451,0.436,0.4179,,,,,,,,,,,
99126765,472182120505,Eye Tracker,LipReading_BJ,10/21/2025,CJY,Recording8,10/18/2025,10/18/2025,10:09:23.595,02:09:23.595,431768,Timeline1,Tobii I-VT (Fixation),1.241.54219,1080,1920,10.0,3.7,2.3,2.7,0.31,0.19,0.23,13,8,10,4.3,4.1,3.4,0.38,0.36,0.3,16,15,12,7399252903,,,831,452,847,472,815,432,0.00071,-0.04542,-0.99897,-0.13091,-0.06657,-0.98916,3.641,3.569,3.601,,,,Valid,Valid,231.4,151.9,496.6,288.5,151.5,495.1,231.8,129.3,223.0,118.1,0.4327,0.4186,0.4411,0.4374,0.4243,0.3997,Screen Recording,Screen Recording Recording8.mp4,1920,1080,0,0,960,540,Fixation,304,226,837,451,0.436,0.4179,,,,,,,,,,,
99130765,472182124505,Eye Tracker,LipReading_BJ,10/21/2025,CJY,Recording8,10/18/2025,10/18/2025,10:09:23.595,02:09:23.595,431768,Timeline1,Tobii I-VT (Fixation),1.241.54219,1080,1920,10.0,3.7,2.3,2.7,0.31,0.19,0.23,13,8,10,4.3,4.1,3.4,0.38,0.36,0.3,16,15,12,7399256903,,,833,448,851,461,816,434,0.00271,-0.05176,-0.99866,-0.13012,-0.065,-0.98937,3.587,3.59,3.58,,,,Valid,Valid,231.4,151.8,496.7,288.5,151.4,495.2,232.8,126.1,223.4,118.9,0.4341,0.4144,0.443,0.4265,0.4251,0.4022,Screen Recording,Screen Recording Recording8.mp4,1920,1080,0,0,960,540,Fixation,304,226,837,451,0.436,0.4179,,,,,,,,,,,
99134756,472182128496,Eye Tracker,LipReading_BJ,10/21/2025,CJY,Recording8,10/18/2025,10/18/2025,10:09:23.595,02:09:23.595,431768,Timeline1,Tobii I-VT (Fixation),1.241.54219,1080,1920,10.0,3.7,2.3,2.7,0.31,0.19,0.23,13,8,10,4.3,4.1,3.4,0.38,0.36,0.3,16,15,12,7399260894,,,837,456,858,476,816,437,0.00681,-0.04331,-0.99904,-0.13012,-0.0635,-0.98946,3.662,3.578,3.604,,,,Valid,Valid,231.5,151.7,496.9,288.5,151.4,495.3,234.9,130.2,223.4,119.6,0.4361,0.4225,0.447,0.4404,0.4252,0.4045,Screen Recording,Screen Recording Recording8.mp4,1920,1080,0,0,960,540,Fixation,304,226,837,451,0.436,0.4179,,,,,,,,,,,
99138756,472182132496,Eye Tracker,LipReading_BJ,10/21/2025,CJY,Recording8,10/18/2025,10/18/2025,10:09:23.595,02:09:23.595,431768,Timeline1,Tobii I-VT (Fixation),1.241.54219,1080,1920,10.0,3.7,2.3,2.7,0.31,0.19,0.23,13,8,10,4.3,4.1,3.4,0.38,0.36,0.3,16,15,12,7399264894,,,837,446,851,454,823,438,0.00267,-0.05504,-0.99848,-0.12642,-0.06283,-0.98999,3.558,3.563,3.601,,,,Valid,Valid,231.5,151.6,497.1,288.6,151.3,495.3,232.8,124.2,225.3,119.9,0.436,0.413,0.4431,0.4203,0.4288,0.4056,Screen Recording,Screen Recording Recording8.mp4,1920,1080,0,0,960,540,Fixation,304,226,837,451,0.436,0.4179,,,,,,,,,,,
99142756,472182136496,Eye Tracker,LipReading_BJ,10/21/2025,CJY,Recording8,10/18/2025,10/18/2025,10:09:23.595,02:09:23.595,431768,Timeline1,Tobii I-VT (Fixation),1.241.54219,1080,1920,10.0,3.7,2.3,2.7,0.31,0.19,0.23,13,8,10,4.3,4.1,3.4,0.38,0.36,0.3,16,15,12,7399268894,,,840,462,854,480,826,444,0.00438,-0.04069,-0.99916,-0.1252,-0.05957,-0.99034,3.631,3.578,3.596,,,,Valid,Valid,231.5,151.6,497.1,288.6,151.3,495.3,233.7,131.4,226.0,121.5,0.4374,0.4278,0.4448,0.4445,0.4301,0.4111,Screen Recording,Screen Recording Recording8.mp4,1920,1080,0,0,960,540,Fixation,304,226,837,451,0.436,0.4179,,,,,,,,,,,
99146756,472182140496,Eye Tracker,LipReading_BJ,10/21/2025,CJY,Recording8,10/18/2025,10/18/2025,10:09:23.595,02:09:23.595,431768,Timeline1,Tobii I-VT (Fixation),1.241.54219,1080,1920,10.0,3.7,2.3,2.7,0.31,0.19,0.23,13,8,10,4.3,4.1,3.4,0.38,0.36,0.3,16,15,12,7399272894,,,839,452,849,460,828,444,0.00157,-0.05146,-0.99867,-0.12396,-0.05912,-0.99053,3.624,3.569,3.591,,,,Valid,Valid,231.6,151.5,497.2,288.6,151.2,495.5,232.4,125.9,226.6,121.6,0.4368,0.4188,0.4422,0.426,0.4313,0.4115,Screen Recording,Screen Recording Recording8.mp4,1920,1080,0,0,960,540,Fixation,304,226,837,451,0.436,0.4179,,,,,,,,,,,
99150764,472182144504,Eye Tracker,LipReading_BJ,10/21/2025,CJY,Recording8,10/18/2025,10/18/2025,10:09:23.595,02:09:23.595,431768,Timeline1,Tobii I-VT (Fixation),1.241.54219,1080,1920,10.0,3.7,2.3,2.7,0.31,0.19,0.23,13,8,10,4.3,4.1,3.4,0.38,0.36,0.3,16,15,12,7399276902,,,841,452,852,464,830,440,0.00301,-0.0492,-0.99878,-0.12312,-0.06166,-0.99047,3.567,3.563,3.592,,,,Valid,Valid,231.6,151.4,497.4,288.7,151.1,495.6,233.1,126.9,227.1,120.3,0.4379,0.4182,0.4437,0.4295,0.4321,0.407,Screen Recording,Screen Recording Recording8.mp4,1920,1080,0,0,960,540,Fixation,304,226,837,451,0.436,0.4179,,,,,,,,,,,
99154764,472182148504,Eye Tracker,LipReading_BJ,10/21/2025,CJY,Recording8,10/18/2025,10/18/2025,10:09:23.595,02:09:23.595,431768,Timeline1,Tobii I-VT (Fixation),1.241.54219,1080,1920,10.0,3.7,2.3,2.7,0.31,0.19,0.23,13,8,10,4.3,4.1,3.4,0.38,0.36,0.3,16,15,12,7399280902,,,840,455,853,467,827,442,0.00382,-0.04707,-0.99888,-0.12472,-0.05993,-0.99038,3.613,3.571,3.588,,,,Valid,Valid,231.7,151.4,497.6,288.7,151.1,495.7,233.6,127.9,226.3,121.1,0.4376,0.4212,0.4445,0.4328,0.4306,0.4096,Screen Recording,Screen Recording Recording8.mp4,1920,1080,0,0,960,540,Fixation,304,226,837,451,0.436,0.4179,,,,,,,,,,,
99158765,472182152505,Eye Tracker,LipReading_BJ,10/21/2025,CJY,Recording8,10/18/2025,10/18/2025,10:09:23.595,02:09:23.595,431768,Timeline1,Tobii I-VT (Fixation),1.241.54219,1080,1920,10.0,3.7,2.3,2.7,0.31,0.19,0.23,13,8,10,4.3,4.1,3.4,0.38,0.36,0.3,16,15,12,7399284903,,,843,453,855,467,832,440,0.00472,-0.04734,-0.99887,-0.1222,-0.06141,-0.9906,3.615,3.551,3.588,,,,Valid,Valid,231.7,151.3,497.7,288.7,151.0,495.8,234.0,127.7,227.6,120.3,0.4393,0.4195,0.4454,0.4321,0.4331,0.4069,Screen Recording,Screen Recording Recording8.mp4,1920,1080,0,0,960,540,Fixation,304,226,837,451,0.436,0.4179,,,,,,,,,,,
99162764,472182156504,Eye Tracker,LipReading_BJ,10/21/2025,CJY,Recording8,10/18/2025,10/18/2025,10:09:23.595,02:09:23.595,431768,Timeline1,Tobii I-VT (Fixation),1.241.54219,1080,1920,10.0,3.7,2.3,2.7,0.31,0.19,0.23,13,8,10,4.3,4.1,3.4,0.38,0.36,0.3,16,15,12,7399288903,,,843,446,855,449,831,443,0.00434,-0.05707,-0.99836,-0.12232,-0.0594,-0.99071,3.557,3.564,3.586,,,,Valid,Valid,231.7,151.2,497.8,288.8,150.9,495.9,233.9,122.8,227.5,121.2,0.4391,0.4127,0.4451,0.4153,0.433,0.4101,Screen Recording,Screen Recording Recording8.mp4,1920,1080,0,0,960,540,Fixation,304,226,837,451,0.436,0.4179,,,,,,,,,,,
99166764,472182160504,Eye Tracker,LipReading_BJ,10/21/2025,CJY,Recording8,10/18/2025,10/18/2025,10:09:23.595,02:09:23.595,431768,Timeline1,Tobii I-VT (Fixation),1.241.54219,1080,1920,10.0,3.7,2.3,2.7,0.31,0.19,0.23,13,8,10,4.3,4.1,3.4,0.38,0.36,0.3,16,15,12,7399292903,,,845,468,861,499,830,438,0.00752,-0.02955,-0.99953,-0.12314,-0.0618,-0.99046,3.698,3.557,3.583,,,,Valid,Valid,231.8,151.2,497.8,288.8,150.8,496.1,235.5,136.5,227.1,119.9,0.4402,0.4337,0.4482,0.4618,0.4323,0.4057,Screen Recording,Screen Recording Recording8.mp4,1920,1080,0,0,960,540,Fixation,304,226,837,451,0.436,0.4179,,,,,,,,,,,
99170764,472182164504,Eye Tracker,LipReading_BJ,10/21/2025,CJY,Recording8,10/18/2025,10/18/2025,10:09:23.595,02:09:23.595,431768,Timeline1,Tobii I-VT (Fixation),1.241.54219,1080,1920,10.0,3.7,2.3,2.7,0.31,0.19,0.23,13,8,10,4.3,4.1,3.4,0.38,0.36,0.3,16,15,12,7399296903,,,840,457,855,476,826,439,0.00419,-0.04208,-0.99911,-0.12522,-0.06118,-0.99024,3.617,3.55,3.565,,,,Valid,Valid,231.8,151.1,497.9,288.8,150.8,496.1,233.9,130.2,226.1,120.2,0.4377,0.4235,0.4451,0.4404,0.4303,0.4065,Screen Recording,Screen Recording Recording8.mp4,1920,1080,0,0,960,540,Fixation,304,226,837,451,0.436,0.4179,,,,,,,,,,,
99174764,472182168504,Eye Tracker,LipReading_BJ,10/21/2025,CJY,Recording8,10/18/2025,10/18/2025,10:09:23.595,02:09:23.595,431768,Timeline1,Tobii I-VT (Fixation),1.241.54219,1080,1920,10.0,3.7,2.3,2.7,0.31,0.19,0.23,13,8,10,4.3,4.1,3.4,0.38,0.36,0.3,16,15,12,7399300903,,,839,450,850,458,829,443,0.00149,-0.05171,-0.99866,-0.12395,-0.05922,-0.99052,3.579,3.551,3.565,,,,Valid,Valid,231.8,151.0,498.2,288.9,150.8,496.2,232.6,125.2,226.8,121.1,0.4371,0.4167,0.4426,0.4237,0.4316,0.4097,Screen Recording,Screen Recording Recording8.mp4,1920,1080,0,0,960,540,Fixation,304,226,837,451,0.436,0.4179,,,,,,,,,,,
99178763,472182172503,Eye Tracker,LipReading_BJ,10/21/2025,CJY,Recording8,10/18/2025,10/18/2025,10:09:23.595,02:09:23.595,431768,Timeline1,Tobii I-VT (Fixation),1.241.54219,1080,1920,10.0,3.7,2.3,2.7,0.31,0.19,0.23,13,8,10,4.3,4.1,3.4,0.38,0.36,0.3,16,15,12,7399304902,,,840,449,851,457,830,441,0.00188,-0.05213,-0.99864,-0.12331,-0.05998,-0.99055,3.568,3.547,3.565,,,,Valid,Valid,231.8,151.0,498.3,288.9,150.7,496.4,232.8,125.0,227.1,120.7,0.4376,0.4155,0.443,0.4228,0.4322,0.4082,Screen Recording,Screen Recording Recording8.mp4,1920,1080,0,0,960,540,Fixation,304,226,837,451,0.436,0.4179,,,,,,,,,,,
99182764,472182176504,Eye Tracker,LipReading_BJ,10/21/2025,CJY,Recording8,10/18/2025,10/18/2025,10:09:23.595,02:09:23.595,431768,Timeline1,Tobii I-VT (Fixation),1.241.54219,1080,1920,10.0,3.7,2.3,2.7,0.31,0.19,0.23,13,8,10,4.3,4.1,3.4,0.38,0.36,0.3,16,15,12,7399308903,,,839,446,851,448,828,444,0.00181,-0.0567,-0.99839,-0.1241,-0.05824,-0.99056,3.546,3.573,3.571,,,,Valid,Valid,231.9,151.0,498.3,288.9,150.7,496.5,232.8,122.7,226.7,121.5,0.4372,0.4131,0.443,0.4151,0.4314,0.411,Screen Recording,Screen Recording Recording8.mp4,1920,1080,0,0,960,540,Fixation,304,226,837,451,0.436,0.4179,,,,,,,,,,,
99186763,472182180503,Eye Tracker,LipReading_BJ,10/21/2025,CJY,Recording8,10/18/2025,10/18/2025,10:09:23.595,02:09:23.595,431768,Timeline1,Tobii I-VT (Fixation),1.241.54219,1080,1920,10.0,3.7,2.3,2.7,0.31,0.19,0.23,13,8,10,4.3,4.1,3.4,0.38,0.36,0.3,16,15,12,7399312902,,,843,457,860,473,826,442,0.00678,-0.0433,-0.99904,-0.12532,-0.0593,-0.99034,3.621,3.562,3.584,,,,Valid,Valid,231.9,151.0,498.3,288.9,150.6,496.6,235.3,129.4,226.1,120.9,0.439,0.4234,0.4478,0.4378,0.4303,0.4091,Screen Recording,Screen Recording Recording8.mp4,1920,1080,0,0,960,540,Fixation,304,226,837,451,0.436,0.4179,,,,,,,,,,,
99190763,472182184503,Eye Tracker,LipReading_BJ,10/21/2025,CJY,Recording8,10/18/2025,10/18/2025,10:09:23.595,02:09:23.595,431768,Timeline1,Tobii I-VT (Fixation),1.241.54219,1080,1920,10.0,3.7,2.3,2.7,0.31,0.19,0.23,13,8,10,4.3,4.1,3.4,0.38,0.36,0.3,16,15,12,7399316902,,,839,454,851,468,828,441,0.00188,-0.04588,-0.99895,-0.1245,-0.05987,-0.99041,3.604,3.564,3.584,,,,Valid,Valid,231.9,150.9,498.6,288.9,150.6,496.8,232.8,128.0,226.5,120.6,0.4371,0.4205,0.4431,0.4331,0.4311,0.408,Screen Recording,Screen Recording Recording8.mp4,1920,1080,0,0,960,540,Fixation,304,226,837,451,0.436,0.4179,,,,,,,,,,,
99194763,472182188503,Eye Tracker,LipReading_BJ,10/21/2025,CJY,Recording8,10/18/2025,10/18/2025,10:09:23.595,02:09:23.595,431768,Timeline1,Tobii I-VT (Fixation),1.241.54219,1080,1920,10.0,3.7,2.3,2.7,0.31,0.19,0.23,13,8,10,4.3,4.1,3.4,0.38,0.36,0.3,16,15,12,7399320902,,,839,467,855,498,824,436,0.00398,-0.0295,-0.99956,-0.12643,-0.06226,-0.99002,3.67,3.566,3.583,,,,Valid,Valid,231.9,150.9,498.8,289.0,150.6,497.0,233.9,136.2,225.5,119.3,0.4372,0.4322,0.4452,0.4607,0.4292,0.4038,Screen Recording,Screen Recording Recording8.mp4,1920,1080,0,0,960,540,Fixation,304,226,837,451,0.436,0.4179,,,,,,,,,,,
99198764,472182192504,Eye Tracker,LipReading_BJ,10/21/2025,CJY,Recording8,10/18/2025,10/18/2025,10:09:23.595,02:09:23.595,431768,Timeline1,Tobii I-VT (Fixation),1.241.54219,1080,1920,10.0,3.7,2.3,2.7,0.31,0.19,0.23,13,8,10,4.3,4.1,3.4,0.38,0.36,0.3,16,15,12,7399324903,,,836,450,852,463,820,437,0.00228,-0.04841,-0.99882,-0.12875,-0.06186,-0.98975,3.558,3.554,3.566,,,,Valid,Valid,231.9,150.9,498.9,289.0,150.6,497.1,233.1,126.7,224.3,119.5,0.4352,0.4165,0.4436,0.4287,0.4269,0.4043,Screen Recording,Screen Recording Recording8.mp4,1920,1080,0,0,960,540,Fixation,304,226,837,451,0.436,0.4179,,,,,,,,,,,
99202764,472182196504,Eye Tracker,LipReading_BJ,10/21/2025,CJY,Recording8,10/18/2025,10/18/2025,10:09:23.595,02:09:23.595,431768,Timeline1,Tobii I-VT (Fixation),1.241.54219,1080,1920,10.0,3.7,2.3,2.7,0.31,0.19,0.23,13,8,10,4.3,4.1,3.4,0.38,0.36,0.3,16,15,12,7399328903,,,837,450,852,465,821,435,0.0025,-0.04724,-0.99888,-0.12797,-0.06291,-0.98978,3.568,3.561,3.564,,,,Valid,Valid,231.9,150.9,499.0,289.0,150.6,497.2,233.2,127.3,224.7,119.0,0.4357,0.4166,0.4438,0.4306,0.4276,0.4025,Screen Recording,Screen Recording Recording8.mp4,1920,1080,0,0,960,540,Fixation,304,226,837,451,0.436,0.4179,,,,,,,,,,,
99206764,472182200504,Eye Tracker,LipReading_BJ,10/21/2025,CJY,Recording8,10/18/2025,10/18/2025,10:09:23.595,02:09:23.595,431768,Timeline1,Tobii I-VT (Fixation),1.241.54219,1080,1920,10.0,3.7,2.3,2.7,0.31,0.19,0.23,13,8,10,4.3,4.1,3.4,0.38,0.36,0.3,16,15,12,7399332903,,,834,449,848,457,819,440,0.0004,-0.05154,-0.99867,-0.12919,-0.05983,-0.98981,3.565,3.574,3.564,,,,Valid,Valid,231.9,150.9,499.0,289.0,150.6,497.3,232.1,125.1,224.1,120.5,0.4341,0.4156,0.4418,0.4234,0.4265,0.4077,Screen Recording,Screen Recording Recording8.mp4,1920,1080,0,0,960,540,Fixation,304,226,837,451,0.436,0.4179,,,,,,,,,,,
99210763,472182204503,Eye Tracker,LipReading_BJ,10/21/2025,CJY,Recording8,10/18/2025,10/18/2025,10:09:23.595,02:09:23.595,431768,Timeline1,Tobii I-VT (Fixation),1.241.54219,1080,1920,10.0,3.7,2.3,2.7,0.31,0.19,0.23,13,8,10,4.3,4.1,3.4,0.38,0.36,0.3,16,15,12,7399336902,,,843,452,860,464,827,440,0.00669,-0.04783,-0.99883,-0.12478,-0.05989,-0.99038,3.574,3.557,3.568,,,,Valid,Valid,231.9,150.9,499.1,289.0,150.5,497.5,235.3,127.0,226.3,120.5,0.4393,0.4187,0.4478,0.4297,0.4307,0.4076,Screen Recording,Screen Recording Recording8.mp4,1920,1080,0,0,960,540,Fixation,304,226,837,451,0.436,0.4179,,,,,,,,,,,
99214763,472182208503,Eye Tracker,LipReading_BJ,10/21/2025,CJY,Recording8,10/18/2025,10/18/2025,10:09:23.595,02:09:23.595,431768,Timeline1,Tobii I-VT (Fixation),1.241.54219,1080,1920,10.0,3.7,2.3,2.7,0.31,0.19,0.23,13,8,10,4.3,4.1,3.4,0.38,0.36,0.3,16,15,12,7399340902,,,840,455,856,472,824,437,0.00466,-0.04325,-0.99905,-0.12619,-0.06135,-0.99011,3.626,3.562,3.577,,,,Valid,Valid,232.0,150.9,499.3,289.0,150.5,497.7,234.3,129.3,225.6,119.7,0.4376,0.4212,0.4459,0.4374,0.4293,0.405,Screen Recording,Screen Recording Recording8.mp4,1920,1080,0,0,960,540,Fixation,304,226,837,451,0.436,0.4179,,,,,,,,,,,
99218762,472182212502,Eye Tracker,LipReading_BJ,10/21/2025,CJY,Recording8,10/18/2025,10/18/2025,10:09:23.595,02:09:23.595,431768,Timeline1,Tobii I-VT (Fixation),1.241.54219,1080,1920,10.0,3.7,2.3,2.7,0.31,0.19,0.23,13,8,10,4.3,4.1,3.4,0.38,0.36,0.3,16,15,12,7399344901,,,839,457,857,473,821,441,0.00502,-0.04281,-0.99907,-0.1279,-0.0591,-0.99002,3.591,3.565,3.581,,,,Valid,Valid,232.0,150.9,499.5,289.0,150.5,497.8,234.5,129.5,224.7,120.8,0.4369,0.4234,0.4462,0.438,0.4276,0.4087,Screen Recording,Screen Recording Recording8.mp4,1920,1080,0,0,960,540,Fixation,304,226,837,451,0.436,0.4179,,,,,,,,,,,
99222763,472182216503,Eye Tracker,LipReading_BJ,10/21/2025,CJY,Recording8,10/18/2025,10/18/2025,10:09:23.595,02:09:23.595,431768,Timeline1,Tobii I-VT (Fixation),1.241.54219,1080,1920,10.0,3.7,2.3,2.7,0.31,0.19,0.23,13,8,10,4.3,4.1,3.4,0.38,0.36,0.3,16,15,12,7399348902,,,844,461,863,478,825,443,0.0082,-0.04026,-0.99916,-0.1256,-0.05802,-0.99038,3.625,3.55,3.583,,,,Valid,Valid,232.0,150.9,499.6,289.0,150.5,497.9,236.1,130.7,225.9,121.3,0.4396,0.4264,0.4493,0.4423,0.4299,0.4105,Screen Recording,Screen Recording Recording8.mp4,1920,1080,0,0,960,540,Fixation,304,226,837,451,0.436,0.4179,,,,,,,,,,,
99226754,472182220494,Eye Tracker,LipReading_BJ,10/21/2025,CJY,Recording8,10/18/2025,10/18/2025,10:09:23.595,02:09:23.595,431768,Timeline1,Tobii I-VT (Fixation),1.241.54219,1080,1920,10.0,3.7,2.3,2.7,0.31,0.19,0.23,13,8,10,4.3,4.1,3.4,0.38,0.36,0.3,16,15,12,7399352893,,,844,458,864,473,824,443,0.0088,-0.04305,-0.99903,-0.12621,-0.0583,-0.99029,3.6,3.576,3.578,,,,Valid,Valid,232.0,150.9,499.7,289.0,150.5,498.1,236.4,129.3,225.5,121.2,0.4395,0.4237,0.4498,0.4375,0.4292,0.4099,Screen Recording,Screen Recording Recording8.mp4,1920,1080,0,0,960,540,Fixation,304,226,837,451,0.436,0.4179,,,,,,,,,,,
99230754,472182224494,Eye Tracker,LipReading_BJ,10/21/2025,CJY,Recording8,10/18/2025,10/18/2025,10:09:23.595,02:09:23.595,431768,Timeline1,Tobii I-VT (Fixation),1.241.54219,1080,1920,10.0,3.7,2.3,2.7,0.31,0.19,0.23,13,8,10,4.3,4.1,3.4,0.38,0.36,0.3,16,15,12,7399356893,,,839,445,854,446,825,444,0.00344,-0.05717,-0.99836,-0.1258,-0.05775,-0.99037,3.535,3.567,3.575,,,,Valid,Valid,232.0,150.8,500.0,289.0,150.5,498.2,233.7,122.2,225.7,121.4,0.4372,0.4121,0.4447,0.4134,0.4296,0.4109,Screen Recording,Screen Recording Recording8.mp4,1920,1080,0,0,960,540,Fixation,304,226,837,451,0.436,0.4179,,,,,,,,,,,
99234762,472182228502,Eye Tracker,LipReading_BJ,10/21/2025,CJY,Recording8,10/18/2025,10/18/2025,10:09:23.595,02:09:23.595,431768,Timeline1,Tobii I-VT (Fixation),1.241.54219,1080,1920,10.0,3.7,2.3,2.7,0.31,0.19,0.23,13,8,10,4.3,4.1,3.4,0.38,0.36,0.3,16,15,12,7399360901,,,839,451,856,460,822,442,0.0045,-0.04983,-0.99875,-0.12712,-0.0585,-0.99016,3.585,3.556,3.572,,,,Valid,Valid,232.0,150.8,500.1,289.0,150.5,498.3,234.2,125.9,225.0,121.1,0.437,0.4177,0.4457,0.4258,0.4283,0.4096,Screen Recording,Screen Recording Recording8.mp4,1920,1080,0,0,960,540,Saccade,20,391,,,,,,,,,,,,,,,
99238763,472182232503,Eye Tracker,LipReading_BJ,10/21/2025,CJY,Recording8,10/18/2025,10/18/2025,10:09:23.595,02:09:23.595,431768,Timeline1,Tobii I-VT (Fixation),1.241.54219,1080,1920,10.0,3.7,2.3,2.7,0.31,0.19,0.23,13,8,10,4.3,4.1,3.4,0.38,0.36,0.3,16,15,12,7399364902,,,847,453,863,463,831,442,0.00834,-0.04823,-0.9988,-0.12268,-0.05856,-0.99072,3.591,3.559,3.568,,,,Valid,Valid,232.0,150.8,500.1,289.0,150.5,498.4,236.2,126.7,227.3,121.1,0.441,0.4191,0.4494,0.4285,0.4326,0.4096,Screen Recording,Screen Recording Recording8.mp4,1920,1080,0,0,960,540,Saccade,20,391,,,,,,,,,,,,,,,
99242763,472182236503,Eye Tracker,LipReading_BJ,10/21/2025,CJY,Recording8,10/18/2025,10/18/2025,10:09:23.595,02:09:23.595,431768,Timeline1,Tobii I-VT (Fixation),1.241.54219,1080,1920,10.0,3.7,2.3,2.7,0.31,0.19,0.23,13,8,10,4.3,4.1,3.4,0.38,0.36,0.3,16,15,12,7399368902,,,863,453,875,460,850,445,0.01509,-0.04964,-0.99865,-0.11227,-0.05693,-0.99205,3.579,3.558,3.568,,,,Valid,Valid,232.0,150.7,500.4,289.1,150.5,498.4,239.6,125.9,232.7,121.9,0.4494,0.4191,0.456,0.4258,0.4428,0.4124,Screen Recording,Screen Recording Recording8.mp4,1920,1080,0,0,960,540,Saccade,20,391,,,,,,,,,,,,,,,
99246763,472182240503,Eye Tracker,LipReading_BJ,10/21/2025,CJY,Recording8,10/18/2025,10/18/2025,10:09:23.595,02:09:23.595,431768,Timeline1,Tobii I-VT (Fixation),1.241.54219,1080,1920,10.0,3.7,2.3,2.7,0.31,0.19,0.23,13,8,10,4.3,4.1,3.4,0.38,0.36,0.3,16,15,12,7399372902,,,877,449,882,453,872,444,0.01882,-0.053,-0.99842,-0.10078,-0.0577,-0.99323,3.578,3.548,3.569,,,,Valid,Valid,232.0,150.7,500.7,289.1,150.4,498.7,241.5,124.1,238.5,121.4,0.4567,0.4154,0.4596,0.4199,0.4539,0.4109,Screen Recording,Screen Recording Recording8.mp4,1920,1080,0,0,960,540,Saccade,20,391,,,,,,,,,,,,,,,
99250763,472182244503,Eye Tracker,LipReading_BJ,10/21/2025,CJY,Recording8,10/18/2025,10/18/2025,10:09:23.595,02:09:23.595,431768,Timeline1,Tobii I-VT (Fixation),1.241.54219,1080,1920,10.0,3.7,2.3,2.7,0.31,0.19,0.23,13,8,10,4.3,4.1,3.4,0.38,0.36,0.3,16,15,12,7399376902,,,890,442,901,441,878,442,0.02918,-0.05968,-0.99779,-0.09732,-0.05858,-0.99353,3.581,3.539,3.568,,,,Valid,Valid,232.1,150.7,500.7,289.1,150.4,498.9,246.7,120.7,240.3,121.0,0.4634,0.4089,0.4695,0.4085,0.4573,0.4093,Screen Recording,Screen Recording Recording8.mp4,1920,1080,0,0,960,540,Saccade,20,391,,,,,,,,,,,,,,,
99254763,472182248503,Eye Tracker,LipReading_BJ,10/21/2025,CJY,Recording8,10/18/2025,10/18/2025,10:09:23.595,02:09:23.595,431768,Timeline1,Tobii I-VT (Fixation),1.241.54219,1080,1920,10.0,3.7,2.3,2.7,0.31,0.19,0.23,13,8,10,4.3,4.1,3.4,0.38,0.36,0.3,16,15,12,7399380902,,,881,444,893,450,869,438,0.02453,-0.05473,-0.9982,-0.10214,-0.06097,-0.9929,3.58,3.558,3.564,,,,Valid,Valid,232.1,150.7,500.7,289.1,150.4,499.0,244.4,123.2,237.8,119.7,0.4588,0.411,0.4651,0.417,0.4526,0.4051,Screen Recording,Screen Recording Recording8.mp4,1920,1080,0,0,960,540,Fixation,456,227,876,444,0.4562,0.4107,,,,,,,,,,,
99258762,472182252502,Eye Tracker,LipReading_BJ,10/21/2025,CJY,Recording8,10/18/2025,10/18/2025,10:09:23.595,02:09:23.595,431768,Timeline1,Tobii I-VT (Fixation),1.241.54219,1080,1920,10.0,3.7,2.3,2.7,0.31,0.19,0.23,13,8,10,4.3,4.1,3.4,0.38,0.36,0.3,16,15,12,7399384901,,,868,444,882,448,855,439,0.01867,-0.05593,-0.99826,-0.1098,-0.0599,-0.99215,3.578,3.563,3.57,,,,Valid,Valid,232.1,150.7,500.8,289.1,150.4,499.2,241.5,122.6,233.9,120.2,0.4523,0.4108,0.4595,0.4149,0.4452,0.4068,Screen Recording,Screen Recording Recording8.mp4,1920,1080,0,0,960,540,Fixation,456,227,876,444,0.4562,0.4107,,,,,,,,,,,
99262762,472182256502,Eye Tracker,LipReading_BJ,10/21/2025,CJY,Recording8,10/18/2025,10/18/2025,10:09:23.595,02:09:23.595,431768,Timeline1,Tobii I-VT (Fixation),1.241.54219,1080,1920,10.0,3.7,2.3,2.7,0.31,0.19,0.23,13,8,10,4.3,4.1,3.4,0.38,0.36,0.3,16,15,12,7399388901,,,868,445,884,457,852,432,0.0198,-0.05083,-0.99851,-0.11111,-0.06356,-0.99177,3.599,3.544,3.579,,,,Valid,Valid,232.1,150.7,501.0,289.2,150.3,499.3,242.0,125.1,233.2,118.3,0.4522,0.4119,0.4606,0.4234,0.4438,0.4004,Screen Recording,Screen Recording Recording8.mp4,1920,1080,0,0,960,540,Fixation,456,227,876,444,0.4562,0.4107,,,,,,,,,,,
99266761,472182260501,Eye Tracker,LipReading_BJ,10/21/2025,CJY,Recording8,10/18/2025,10/18/2025,10:09:23.595,02:09:23.595,431768,Timeline1,Tobii I-VT (Fixation),1.241.54219,1080,1920,10.0,3.7,2.3,2.7,0.31,0.19,0.23,13,8,10,4.3,4.1,3.4,0.38,0.36,0.3,16,15,12,7399392901,,,870,440,883,445,857,435,0.01892,-0.05753,-0.99816,-0.10826,-0.06224,-0.99217,3.595,3.565,3.579,,,,Valid,Valid,232.1,150.6,501.1,289.2,150.3,499.4,241.6,121.8,234.7,119.0,0.4532,0.4073,0.4598,0.4119,0.4466,0.4026,Screen Recording,Screen Recording Recording8.mp4,1920,1080,0,0,960,540,Fixation,456,227,876,444,0.4562,0.4107,,,,,,,,,,,
99270761,472182264501,Eye Tracker,LipReading_BJ,10/21/2025,CJY,Recording8,10/18/2025,10/18/2025,10:09:23.595,02:09:23.595,431768,Timeline1,Tobii I-VT (Fixation),1.241.54219,1080,1920,10.0,3.7,2.3,2.7,0.31,0.19,0.23,13,8,10,4.3,4.1,3.4,0.38,0.36,0.3,16,15,12,7399396901,,,871,442,884,448,857,436,0.01953,-0.05591,-0.99824,-0.10842,-0.06146,-0.9922,3.605,3.572,3.582,,,,Valid,Valid,232.1,150.6,501.2,289.2,150.3,499.5,241.9,122.5,234.6,119.4,0.4534,0.4092,0.4604,0.4146,0.4464,0.4038,Screen Recording,Screen Recording Recording8.mp4,1920,1080,0,0,960,540,Fixation,456,227,876,444,0.4562,0.4107,,,,,,,,,,,
99274761,472182268501,Eye Tracker,LipReading_BJ,10/21/2025,CJY,Recording8,10/18/2025,10/18/2025,10:09:23.595,02:09:23.595,431768,Timeline1,Tobii I-VT (Fixation),1.241.54219,1080,1920,10.0,3.7,2.3,2.7,0.31,0.19,0.23,13,8,10,4.3,4.1,3.4,0.38,0.36,0.3,16,15,12,7399400901,,,870,438,880,443,860,432,0.01732,-0.05834,-0.99815,-0.1071,-0.06355,-0.99222,3.594,3.563,3.583,,,,Valid,Valid,232.1,150.5,501.4,289.2,150.3,499.6,240.8,121.2,235.2,118.3,0.453,0.4051,0.4583,0.4101,0.4477,0.4001,Screen Recording,Screen Recording Recording8.mp4,1920,1080,0,0,960,540,Fixation,456,227,876,444,0.4562,0.4107,,,,,,,,,,,
99278753,472182272493,Eye Tracker,LipReading_BJ,10/21/2025,CJY,Recording8,10/18/2025,10/18/2025,10:09:23.595,02:09:23.595,431768,Timeline1,Tobii I-VT (Fixation),1.241.54219,1080,1920,10.0,3.7,2.3,2.7,0.31,0.19,0.23,13,8,10,4.3,4.1,3.4,0.38,0.36,0.3,16,15,12,7399404893,,,874,443,888,448,860,437,0.02159,-0.05528,-0.99824,-0.10664,-0.06065,-0.99245,3.619,3.576,3.586,,,,Valid,Valid,232.1,150.5,501.5,289.2,150.2,499.7,243.0,122.7,235.5,119.7,0.4553,0.4101,0.4624,0.4152,0.4482,0.405,Screen Recording,Screen Recording Recording8.mp4,1920,1080,0,0,960,540,Fixation,456,227,876,444,0.4562,0.4107,,,,,,,,,,,
99282753,472182276493,Eye Tracker,LipReading_BJ,10/21/2025,CJY,Recording8,10/18/2025,10/18/2025,10:09:23.595,02:09:23.595,431768,Timeline1,Tobii I-VT (Fixation),1.241.54219,1080,1920,10.0,3.7,2.3,2.7,0.31,0.19,0.23,13,8,10,4.3,4.1,3.4,0.38,0.36,0.3,16,15,12,7399408893,,,874,450,887,457,862,443,0.02113,-0.05087,-0.99848,-0.10596,-0.05766,-0.9927,3.601,3.564,3.581,,,,Valid,Valid,232.1,150.5,501.6,289.2,150.2,499.8,242.7,124.9,235.8,121.2,0.4554,0.4164,0.462,0.4227,0.4489,0.41,Screen Recording,Screen Recording Recording8.mp4,1920,1080,0,0,960,540,Fixation,456,227,876,444,0.4562,0.4107,,,,,,,,,,,
99286753,472182280493,Eye Tracker,LipReading_BJ,10/21/2025,CJY,Recording8,10/18/2025,10/18/2025,10:09:23.595,02:09:23.595,431768,Timeline1,Tobii I-VT (Fixation),1.241.54219,1080,1920,10.0,3.7,2.3,2.7,0.31,0.19,0.23,13,8,10,4.3,4.1,3.4,0.38,0.36,0.3,16,15,12,7399412893,,,877,444,896,455,857,434,0.02613,-0.05176,-0.99832,-0.10856,-0.06226,-0.99214,3.588,3.572,3.583,,,,Valid,Valid,232.1,150.5,501.7,289.2,150.2,499.9,245.3,124.5,234.5,118.8,0.4566,0.4115,0.4668,0.4211,0.4463,0.4019,Screen Recording,Screen Recording Recording8.mp4,1920,1080,0,0,960,540,Fixation,456,227,876,444,0.4562,0.4107,,,,,,,,,,,
99290753,472182284493,Eye Tracker,LipReading_BJ,10/21/2025,CJY,Recording8,10/18/2025,10/18/2025,10:09:23.595,02:09:23.595,431768,Timeline1,Tobii I-VT (Fixation),1.241.54219,1080,1920,10.0,3.7,2.3,2.7,0.31,0.19,0.23,13,8,10,4.3,4.1,3.4,0.38,0.36,0.3,16,15,12,7399416893,,,871,444,888,449,855,438,0.02172,-0.05491,-0.99826,-0.10986,-0.05977,-0.99215,3.593,3.568,3.583,,,,Valid,Valid,232.2,150.4,501.8,289.2,150.1,500.1,243.1,122.8,233.9,120.0,0.4539,0.4107,0.4626,0.4156,0.4451,0.4059,Screen Recording,Screen Recording Recording8.mp4,1920,1080,0,0,960,540,Fixation,456,227,876,444,0.4562,0.4107,,,,,,,,,,,
99294753,472182288493,Eye Tracker,LipReading_BJ,10/21/2025,CJY,Recording8,10/18/2025,10/18/2025,10:09:23.595,02:09:23.595,431768,Timeline1,Tobii I-VT (Fixation),1.241.54219,1080,1920,10.0,3.7,2.3,2.7,0.31,0.19,0.23,13,8,10,4.3,4.1,3.4,0.38,0.36,0.3,16,15,12,7399420893,,,869,442,881,445,858,438,0.01757,-0.05662,-0.99824,-0.10819,-0.05963,-0.99234,3.583,3.578,3.585,,,,Valid,Valid,232.2,150.3,502.0,289.3,150.1,500.3,241.0,121.9,234.7,120.0,0.4527,0.4092,0.4587,0.4123,0.4467,0.406,Screen Recording,Screen Recording Recording8.mp4,1920,1080,0,0,960,540,Fixation,456,227,876,444,0.4562,0.4107,,,,,,,,,,,
99298753,472182292493,Eye Tracker,LipReading_BJ,10/21/2025,CJY,Recording8,10/18/2025,10/18/2025,10:09:23.595,02:09:23.595,431768,Timeline1,Tobii I-VT (Fixation),1.241.54219,1080,1920,10.0,3.7,2.3,2.7,0.31,0.19,0.23,13,8,10,4.3,4.1,3.4,0.38,0.36,0.3,16,15,12,7399424893,,,872,442,884,450,859,433,0.01912,-0.05372,-0.99837,-0.10733,-0.06253,-0.99226,3.603,3.578,3.591,,,,Valid,Valid,232.2,150.3,502.1,289.3,150.0,500.4,241.8,123.3,235.2,118.5,0.4539,0.409,0.4602,0.4171,0.4476,0.4009,Screen Recording,Screen Recording Recording8.mp4,1920,1080,0,0,960,540,Fixation,456,227,876,444,0.4562,0.4107,,,,,,,,,,,
99302753,472182296493,Eye Tracker,LipReading_BJ,10/21/2025,CJY,Recording8,10/18/2025,10/18/2025,10:09:23.595,02:09:23.595,431768,Timeline1,Tobii I-VT (Fixation),1.241.54219,1080,1920,10.0,3.7,2.3,2.7,0.31,0.19,0.23,13,8,10,4.3,4.1,3.4,0.38,0.36,0.3,16,15,12,7399428893,,,872,445,887,455,857,436,0.02075,-0.05138,-0.99846,-0.1087,-0.06081,-0.99221,3.616,3.581,3.592,,,,Valid,Valid,232.2,150.3,502.2,289.3,150.0,500.4,242.7,124.4,234.5,119.3,0.4541,0.4124,0.4619,0.421,0.4463,0.4037,Screen Recording,Screen Recording Recording8.mp4,1920,1080,0,0,960,540,Fixation,456,227,876,444,0.4562,0.4107,,,,,,,,,,,
99306753,472182300493,Eye Tracker,LipReading_BJ,10/21/2025,CJY,Recording8,10/18/2025,10/18/2025,10:09:23.595,02:09:23.595,431768,Timeline1,Tobii I-VT (Fixation),1.241.54219,1080,1920,10.0,3.7,2.3,2.7,0.31,0.19,0.23,13,8,10,4.3,4.1,3.4,0.38,0.36,0.3,16,15,12,7399432893,,,873,450,889,460,857,439,0.0221,-0.04824,-0.99859,-0.10843,-0.05884,-0.99236,3.636,3.598,3.604,,,,Valid,Valid,232.3,150.2,502.3,289.3,149.9,500.6,243.4,126.0,234.7,120.3,0.4549,0.4165,0.4632,0.4262,0.4466,0.4069,Screen Recording,Screen Recording Recording8.mp4,1920,1080,0,0,960,540,Fixation,456,227,876,444,0.4562,0.4107,,,,,,,,,,,
99310753,472182304493,Eye Tracker,LipReading_BJ,10/21/2025,CJY,Recording8,10/18/2025,10/18/2025,10:09:23.595,02:09:23.595,431768,Timeline1,Tobii I-VT (Fixation),1.241.54219,1080,1920,10.0,3.7,2.3,2.7,0.31,0.19,0.23,13,8,10,4.3,4.1,3.4,0.38,0.36,0.3,16,15,12,7399436893,,,871,446,883,454,859,437,0.01866,-0.05124,-0.99851,-0.10765,-0.05998,-0.99238,3.602,3.609,3.604,,,,Valid,Valid,232.3,150.1,502.5,289.4,149.9,500.7,241.7,124.3,235.1,119.6,0.4537,0.4127,0.46,0.4207,0.4474,0.4047,Screen Recording,Screen Recording Recording8.mp4,1920,1080,0,0,960,540,Fixation,456,227,876,444,0.4562,0.4107,,,,,,,,,,,
99314753,472182308493,Eye Tracker,LipReading_BJ,10/21/2025,CJY,Recording8,10/18/2025,10/18/2025,10:09:23.595,02:09:23.595,431768,Timeline1,Tobii I-VT (Fixation),1.241.54219,1080,1920,10.0,3.7,2.3,2.7,0.31,0.19,0.23,13,8,10,4.3,4.1,3.4,0.38,0.36,0.3,16,15,12,7399440893,,,871,444,884,455,858,433,0.0191,-0.05097,-0.99852,-0.10825,-0.06211,-0.99218,3.62,3.593,3.597,,,,Valid,Valid,232.3,150.1,502.6,289.4,149.8,500.8,242.0,124.4,234.8,118.5,0.4536,0.4109,0.4605,0.4211,0.4468,0.4008,Screen Recording,Screen Recording Recording8.mp4,1920,1080,0,0,960,540,Fixation,456,227,876,444,0.4562,0.4107,,,,,,,,,,,
99318753,472182312493,Eye Tracker,LipReading_BJ,10/21/2025,CJY,Recording8,10/18/2025,10/18/2025,10:09:23.595,02:09:23.595,431768,Timeline1,Tobii I-VT (Fixation),1.241.54219,1080,1920,10.0,3.7,2.3,2.7,0.31,0.19,0.23,13,8,10,4.3,4.1,3.4,0.38,0.36,0.3,16,15,12,7399444893,,,878,440,892,447,864,433,0.02347,-0.05479,-0.99822,-0.10512,-0.06215,-0.99252,3.6,3.579,3.597,,,,Valid,Valid,232.4,150.1,502.6,289.5,149.8,500.9,244.2,122.5,236.4,118.4,0.4573,0.4075,0.4647,0.4143,0.4499,0.4006,Screen Recording,Screen Recording Recording8.mp4,1920,1080,0,0,960,540,Fixation,456,227,876,444,0.4562,0.4107,,,,,,,,,,,
99320621,472182314361,Mouse,LipReading_BJ,10/21/2025,CJY,Recording8,10/18/2025,10/18/2025,10:09:23.595,02:09:23.595,431768,Timeline1,Tobii I-VT (Fixation),1.241.54219,1080,1920,10.0,3.7,2.3,2.7,0.31,0.19,0.23,13,8,10,4.3,4.1,3.4,0.38,0.36,0.3,16,15,12,,,,,,,,,,,,,,,,,,,,,,,,,,,,,,,,,,,,,,,,Screen Recording,Screen Recording Recording8.mp4,1920,1080,0,0,960,540,Fixation,456,227,876,444,0.4562,0.4107,,,,,,,,,,984,580
99322753,472182316493,Eye Tracker,LipReading_BJ,10/21/2025,CJY,Recording8,10/18/2025,10/18/2025,10:09:23.595,02:09:23.595,431768,Timeline1,Tobii I-VT (Fixation),1.241.54219,1080,1920,10.0,3.7,2.3,2.7,0.31,0.19,0.23,13,8,10,4.3,4.1,3.4,0.38,0.36,0.3,16,15,12,7399448893,,,871,444,885,453,857,435,0.01921,-0.05173,-0.99848,-0.10866,-0.06073,-0.99222,3.571,3.581,3.596,,,,Valid,Valid,232.4,150.0,502.8,289.5,149.7,501.0,242.1,123.9,234.6,119.1,0.4536,0.4111,0.4607,0.4193,0.4465,0.4029,Screen Recording,Screen Recording Recording8.mp4,1920,1080,0,0,960,540,Fixation,456,227,876,444,0.4562,0.4107,,,,,,,,,,,
99326762,472182320502,Eye Tracker,LipReading_BJ,10/21/2025,CJY,Recording8,10/18/2025,10/18/2025,10:09:23.595,02:09:23.595,431768,Timeline1,Tobii I-VT (Fixation),1.241.54219,1080,1920,10.0,3.7,2.3,2.7,0.31,0.19,0.23,13,8,10,4.3,4.1,3.4,0.38,0.36,0.3,16,15,12,7399452902,,,876,447,891,455,861,440,0.02261,-0.05029,-0.99848,-0.10696,-0.05817,-0.99256,3.624,3.595,3.592,,,,Valid,Valid,232.5,149.9,503.0,289.5,149.7,501.1,243.8,124.6,235.5,120.3,0.4562,0.4143,0.4641,0.4215,0.4482,0.4071,Screen Recording,Screen Recording Recording8.mp4,1920,1080,0,0,960,540,Fixation,456,227,876,444,0.4562,0.4107,,,,,,,,,,,
99330762,472182324502,Eye Tracker,LipReading_BJ,10/21/2025,CJY,Recording8,10/18/2025,10/18/2025,10:09:23.595,02:09:23.595,431768,Timeline1,Tobii I-VT (Fixation),1.241.54219,1080,1920,10.0,3.7,2.3,2.7,0.31,0.19,0.23,13,8,10,4.3,4.1,3.4,0.38,0.36,0.3,16,15,12,7399456902,,,873,442,886,451,860,434,0.01987,-0.05271,-0.99841,-0.10733,-0.06133,-0.99233,3.591,3.598,3.597,,,,Valid,Valid,232.5,149.9,503.0,289.6,149.7,501.2,242.5,123.3,235.4,118.7,0.4547,0.4094,0.4615,0.4173,0.4479,0.4015,Screen Recording,Screen Recording Recording8.mp4,1920,1080,0,0,960,540,Fixation,456,227,876,444,0.4562,0.4107,,,,,,,,,,,
99333657,472182327397,Mouse,LipReading_BJ,10/21/2025,CJY,Recording8,10/18/2025,10/18/2025,10:09:23.595,02:09:23.595,431768,Timeline1,Tobii I-VT (Fixation),1.241.54219,1080,1920,10.0,3.7,2.3,2.7,0.31,0.19,0.23,13,8,10,4.3,4.1,3.4,0.38,0.36,0.3,16,15,12,,,,,,,,,,,,,,,,,,,,,,,,,,,,,,,,,,,,,,,,Screen Recording,Screen Recording Recording8.mp4,1920,1080,0,0,960,540,Fixation,456,227,876,444,0.4562,0.4107,,,,,,,,,,984,583
99334762,472182328502,Eye Tracker,LipReading_BJ,10/21/2025,CJY,Recording8,10/18/2025,10/18/2025,10:09:23.595,02:09:23.595,431768,Timeline1,Tobii I-VT (Fixation),1.241.54219,1080,1920,10.0,3.7,2.3,2.7,0.31,0.19,0.23,13,8,10,4.3,4.1,3.4,0.38,0.36,0.3,16,15,12,7399460902,,,876,438,890,444,863,431,0.02186,-0.05628,-0.99818,-0.10592,-0.06259,-0.9924,3.598,3.586,3.609,,,,Valid,Valid,232.5,149.9,503.2,289.6,149.6,501.4,243.6,121.5,236.1,118.0,0.4564,0.4051,0.4635,0.4111,0.4493,0.3992,Screen Recording,Screen Recording Recording8.mp4,1920,1080,0,0,960,540,Fixation,456,227,876,444,0.4562,0.4107,,,,,,,,,,,
99338761,472182332501,Eye Tracker,LipReading_BJ,10/21/2025,CJY,Recording8,10/18/2025,10/18/2025,10:09:23.595,02:09:23.595,431768,Timeline1,Tobii I-VT (Fixation),1.241.54219,1080,1920,10.0,3.7,2.3,2.7,0.31,0.19,0.23,13,8,10,4.3,4.1,3.4,0.38,0.36,0.3,16,15,12,7399464901,,,874,449,891,464,857,435,0.02247,-0.04557,-0.99871,-0.10881,-0.06031,-0.99223,3.646,3.596,3.61,,,,Valid,Valid,232.6,149.8,503.3,289.7,149.6,501.5,243.9,126.9,234.7,119.1,0.4554,0.4161,0.4642,0.4293,0.4466,0.403,Screen Recording,Screen Recording Recording8.mp4,1920,1080,0,0,960,540,Fixation,456,227,876,444,0.4562,0.4107,,,,,,,,,,,
99342757,472182336497,Eye Tracker,LipReading_BJ,10/21/2025,CJY,Recording8,10/18/2025,10/18/2025,10:09:23.595,02:09:23.595,431768,Timeline1,Tobii I-VT (Fixation),1.241.54219,1080,1920,10.0,3.7,2.3,2.7,0.31,0.19,0.23,13,8,10,4.3,4.1,3.4,0.38,0.36,0.3,16,15,12,7399468897,,,872,441,885,447,860,436,0.01893,-0.05454,-0.99833,-0.10772,-0.05995,-0.99237,3.622,3.618,3.61,,,,Valid,Valid,232.6,149.8,503.4,289.7,149.6,501.6,242.2,122.3,235.3,119.3,0.4543,0.4087,0.4609,0.4139,0.4477,0.4035,Screen Recording,Screen Recording Recording8.mp4,1920,1080,0,0,960,540,Fixation,456,227,876,444,0.4562,0.4107,,,,,,,,,,,
99346756,472182340496,Eye Tracker,LipReading_BJ,10/21/2025,CJY,Recording8,10/18/2025,10/18/2025,10:09:23.595,02:09:23.595,431768,Timeline1,Tobii I-VT (Fixation),1.241.54219,1080,1920,10.0,3.7,2.3,2.7,0.31,0.19,0.23,13,8,10,4.3,4.1,3.4,0.38,0.36,0.3,16,15,12,7399472896,,,871,438,887,442,856,433,0.0202,-0.05703,-0.99817,-0.10993,-0.06135,-0.99204,3.622,3.597,3.614,,,,Valid,Valid,232.7,149.8,503.5,289.7,149.5,501.8,242.9,121.1,234.1,118.5,0.4539,0.4053,0.4622,0.4096,0.4456,0.401,Screen Recording,Screen Recording Recording8.mp4,1920,1080,0,0,960,540,Fixation,456,227,876,444,0.4562,0.4107,,,,,,,,,,,
99348667,472182342407,Mouse,LipReading_BJ,10/21/2025,CJY,Recording8,10/18/2025,10/18/2025,10:09:23.595,02:09:23.595,431768,Timeline1,Tobii I-VT (Fixation),1.241.54219,1080,1920,10.0,3.7,2.3,2.7,0.31,0.19,0.23,13,8,10,4.3,4.1,3.4,0.38,0.36,0.3,16,15,12,,,,,,,,,,,,,,,,,,,,,,,,,,,,,,,,,,,,,,,,Screen Recording,Screen Recording Recording8.mp4,1920,1080,0,0,960,540,Fixation,456,227,876,444,0.4562,0.4107,,,,,,,,,,984,584
99350756,472182344496,Eye Tracker,LipReading_BJ,10/21/2025,CJY,Recording8,10/18/2025,10/18/2025,10:09:23.595,02:09:23.595,431768,Timeline1,Tobii I-VT (Fixation),1.241.54219,1080,1920,10.0,3.7,2.3,2.7,0.31,0.19,0.23,13,8,10,4.3,4.1,3.4,0.38,0.36,0.3,16,15,12,7399476896,,,876,452,890,467,861,438,0.0216,-0.04346,-0.99882,-0.10707,-0.05889,-0.99251,3.657,3.613,3.618,,,,Valid,Valid,232.7,149.8,503.7,289.8,149.5,501.9,243.6,127.9,235.6,119.8,0.456,0.419,0.4636,0.4327,0.4485,0.4052,Screen Recording,Screen Recording Recording8.mp4,1920,1080,0,0,960,540,Fixation,456,227,876,444,0.4562,0.4107,,,,,,,,,,,
99354748,472182348488,Eye Tracker,LipReading_BJ,10/21/2025,CJY,Recording8,10/18/2025,10/18/2025,10:09:23.595,02:09:23.595,431768,Timeline1,Tobii I-VT (Fixation),1.241.54219,1080,1920,10.0,3.7,2.3,2.7,0.31,0.19,0.23,13,8,10,4.3,4.1,3.4,0.38,0.36,0.3,16,15,12,7399480888,,,874,442,892,448,856,436,0.02253,-0.0542,-0.99828,-0.10969,-0.05959,-0.99218,3.612,3.606,3.616,,,,Valid,Valid,232.8,149.8,503.7,289.8,149.6,502.0,244.1,122.5,234.3,119.4,0.4553,0.4092,0.4646,0.4144,0.446,0.4041,Screen Recording,Screen Recording Recording8.mp4,1920,1080,0,0,960,540,Fixation,456,227,876,444,0.4562,0.4107,,,,,,,,,,,
99358748,472182352488,Eye Tracker,LipReading_BJ,10/21/2025,CJY,Recording8,10/18/2025,10/18/2025,10:09:23.595,02:09:23.595,431768,Timeline1,Tobii I-VT (Fixation),1.241.54219,1080,1920,10.0,3.7,2.3,2.7,0.31,0.19,0.23,13,8,10,4.3,4.1,3.4,0.38,0.36,0.3,16,15,12,7399484888,,,872,445,887,451,857,439,0.01987,-0.05229,-0.99843,-0.10933,-0.05811,-0.99231,3.628,3.62,3.617,,,,Valid,Valid,232.8,149.8,504.0,289.9,149.6,502.1,242.8,123.4,234.6,120.2,0.4543,0.4121,0.4621,0.4176,0.4464,0.4067,Screen Recording,Screen Recording Recording8.mp4,1920,1080,0,0,960,540,Fixation,456,227,876,444,0.4562,0.4107,,,,,,,,,,,
99362748,472182356488,Eye Tracker,LipReading_BJ,10/21/2025,CJY,Recording8,10/18/2025,10/18/2025,10:09:23.595,02:09:23.595,431768,Timeline1,Tobii I-VT (Fixation),1.241.54219,1080,1920,10.0,3.7,2.3,2.7,0.31,0.19,0.23,13,8,10,4.3,4.1,3.4,0.38,0.36,0.3,16,15,12,7399488888,,,874,444,892,455,857,434,0.02233,-0.05039,-0.99848,-0.10947,-0.06087,-0.99212,3.626,3.601,3.61,,,,Valid,Valid,232.8,149.8,504.1,289.9,149.6,502.2,244.1,124.4,234.5,118.8,0.4554,0.4114,0.4646,0.4209,0.4463,0.402,Screen Recording,Screen Recording Recording8.mp4,1920,1080,0,0,960,540,Fixation,456,227,876,444,0.4562,0.4107,,,,,,,,,,,
99364788,472182358528,Mouse,LipReading_BJ,10/21/2025,CJY,Recording8,10/18/2025,10/18/2025,10:09:23.595,02:09:23.595,431768,Timeline1,Tobii I-VT (Fixation),1.241.54219,1080,1920,10.0,3.7,2.3,2.7,0.31,0.19,0.23,13,8,10,4.3,4.1,3.4,0.38,0.36,0.3,16,15,12,,,,,,,,,,,,,,,,,,,,,,,,,,,,,,,,,,,,,,,,Screen Recording,Screen Recording Recording8.mp4,1920,1080,0,0,960,540,Fixation,456,227,876,444,0.4562,0.4107,,,,,,,,,,984,585
99366747,472182360487,Eye Tracker,LipReading_BJ,10/21/2025,CJY,Recording8,10/18/2025,10/18/2025,10:09:23.595,02:09:23.595,431768,Timeline1,Tobii I-VT (Fixation),1.241.54219,1080,1920,10.0,3.7,2.3,2.7,0.31,0.19,0.23,13,8,10,4.3,4.1,3.4,0.38,0.36,0.3,16,15,12,7399492888,,,872,442,891,452,853,432,0.02182,-0.05185,-0.99842,-0.11159,-0.0622,-0.99181,3.611,3.607,3.619,,,,Valid,Valid,232.9,149.9,504.2,289.9,149.6,502.3,243.9,123.7,233.4,118.1,0.4542,0.4091,0.4642,0.4185,0.4442,0.3997,Screen Recording,Screen Recording Recording8.mp4,1920,1080,0,0,960,540,Fixation,456,227,876,444,0.4562,0.4107,,,,,,,,,,,
99370756,472182364496,Eye Tracker,LipReading_BJ,10/21/2025,CJY,Recording8,10/18/2025,10/18/2025,10:09:23.595,02:09:23.595,431768,Timeline1,Tobii I-VT (Fixation),1.241.54219,1080,1920,10.0,3.7,2.3,2.7,0.31,0.19,0.23,13,8,10,4.3,4.1,3.4,0.38,0.36,0.3,16,15,12,7399496897,,,874,442,891,451,857,434,0.0215,-0.05252,-0.99839,-0.10969,-0.06114,-0.99208,3.61,3.619,3.619,,,,Valid,Valid,232.9,149.9,504.3,290.0,149.7,502.5,243.8,123.4,234.4,118.7,0.455,0.4095,0.4639,0.4174,0.4461,0.4016,Screen Recording,Screen Recording Recording8.mp4,1920,1080,0,0,960,540,Fixation,456,227,876,444,0.4562,0.4107,,,,,,,,,,,
99374756,472182368496,Eye Tracker,LipReading_BJ,10/21/2025,CJY,Recording8,10/18/2025,10/18/2025,10:09:23.595,02:09:23.595,431768,Timeline1,Tobii I-VT (Fixation),1.241.54219,1080,1920,10.0,3.7,2.3,2.7,0.31,0.19,0.23,13,8,10,4.3,4.1,3.4,0.38,0.36,0.3,16,15,12,7399500897,,,875,443,888,449,861,438,0.01978,-0.05365,-0.99836,-0.10717,-0.05912,-0.99248,3.62,3.62,3.619,,,,Valid,Valid,232.9,149.9,504.4,290.0,149.7,502.6,242.9,122.8,235.7,119.7,0.4555,0.4103,0.4623,0.4155,0.4486,0.4051,Screen Recording,Screen Recording Recording8.mp4,1920,1080,0,0,960,540,Fixation,456,227,876,444,0.4562,0.4107,,,,,,,,,,,
99377928,472182371668,Mouse,LipReading_BJ,10/21/2025,CJY,Recording8,10/18/2025,10/18/2025,10:09:23.595,02:09:23.595,431768,Timeline1,Tobii I-VT (Fixation),1.241.54219,1080,1920,10.0,3.7,2.3,2.7,0.31,0.19,0.23,13,8,10,4.3,4.1,3.4,0.38,0.36,0.3,16,15,12,,,,,,,,,,,,,,,,,,,,,,,,,,,,,,,,,,,,,,,,Screen Recording,Screen Recording Recording8.mp4,1920,1080,0,0,960,540,Fixation,456,227,876,444,0.4562,0.4107,,,,,,,,,,984,585
99378755,472182372495,Eye Tracker,LipReading_BJ,10/21/2025,CJY,Recording8,10/18/2025,10/18/2025,10:09:23.595,02:09:23.595,431768,Timeline1,Tobii I-VT (Fixation),1.241.54219,1080,1920,10.0,3.7,2.3,2.7,0.31,0.19,0.23,13,8,10,4.3,4.1,3.4,0.38,0.36,0.3,16,15,12,7399504896,,,871,451,890,462,853,440,0.02093,-0.04621,-0.99871,-0.11163,-0.05798,-0.99206,3.626,3.627,3.62,,,,Valid,Valid,232.9,149.9,504.6,290.0,149.7,502.7,243.5,126.6,233.5,120.3,0.4539,0.4177,0.4635,0.4282,0.4443,0.4071,Screen Recording,Screen Recording Recording8.mp4,1920,1080,0,0,960,540,Fixation,456,227,876,444,0.4562,0.4107,,,,,,,,,,,
99382747,472182376487,Eye Tracker,LipReading_BJ,10/21/2025,CJY,Recording8,10/18/2025,10/18/2025,10:09:23.595,02:09:23.595,431768,Timeline1,Tobii I-VT (Fixation),1.241.54219,1080,1920,10.0,3.7,2.3,2.7,0.31,0.19,0.23,13,8,10,4.3,4.1,3.4,0.38,0.36,0.3,16,15,12,7399508888,,,876,439,892,445,859,433,0.02228,-0.05566,-0.9982,-0.10854,-0.06165,-0.99218,3.646,3.603,3.623,,,,Valid,Valid,233.0,150.0,504.6,290.0,149.7,502.8,244.2,121.8,235.0,118.5,0.4561,0.4066,0.4648,0.4122,0.4473,0.4009,Screen Recording,Screen Recording Recording8.mp4,1920,1080,0,0,960,540,Fixation,456,227,876,444,0.4562,0.4107,,,,,,,,,,,
99386747,472182380487,Eye Tracker,LipReading_BJ,10/21/2025,CJY,Recording8,10/18/2025,10/18/2025,10:09:23.595,02:09:23.595,431768,Timeline1,Tobii I-VT (Fixation),1.241.54219,1080,1920,10.0,3.7,2.3,2.7,0.31,0.19,0.23,13,8,10,4.3,4.1,3.4,0.38,0.36,0.3,16,15,12,7399512888,,,873,439,890,442,856,437,0.02071,-0.05747,-0.99813,-0.11027,-0.05964,-0.99211,3.615,3.633,3.626,,,,Valid,Valid,233.0,150.0,504.8,290.1,149.7,502.9,243.5,120.9,234.2,119.5,0.4545,0.4067,0.4633,0.4091,0.4456,0.4043,Screen Recording,Screen Recording Recording8.mp4,1920,1080,0,0,960,540,Fixation,456,227,876,444,0.4562,0.4107,,,,,,,,,,,
99390747,472182384487,Eye Tracker,LipReading_BJ,10/21/2025,CJY,Recording8,10/18/2025,10/18/2025,10:09:23.595,02:09:23.595,431768,Timeline1,Tobii I-VT (Fixation),1.241.54219,1080,1920,10.0,3.7,2.3,2.7,0.31,0.19,0.23,13,8,10,4.3,4.1,3.4,0.38,0.36,0.3,16,15,12,7399516888,,,878,449,899,456,858,443,0.02595,-0.04964,-0.99843,-0.10927,-0.05643,-0.99241,3.626,3.621,3.629,,,,Valid,Valid,233.0,150.0,505.0,290.1,149.8,503.0,246.1,124.8,234.7,121.2,0.4575,0.4162,0.4684,0.4224,0.4466,0.4099,Screen Recording,Screen Recording Recording8.mp4,1920,1080,0,0,960,540,Fixation,456,227,876,444,0.4562,0.4107,,,,,,,,,,,
99394747,472182388487,Eye Tracker,LipReading_BJ,10/21/2025,CJY,Recording8,10/18/2025,10/18/2025,10:09:23.595,02:09:23.595,431768,Timeline1,Tobii I-VT (Fixation),1.241.54219,1080,1920,10.0,3.7,2.3,2.7,0.31,0.19,0.23,13,8,10,4.3,4.1,3.4,0.38,0.36,0.3,16,15,12,7399520888,,,873,442,889,452,858,432,0.02019,-0.05199,-0.99844,-0.10913,-0.06199,-0.99209,3.633,3.627,3.627,,,,Valid,Valid,233.0,150.0,505.1,290.1,149.8,503.1,243.2,123.7,234.7,118.3,0.4548,0.4094,0.4629,0.4184,0.4467,0.4003,Screen Recording,Screen Recording Recording8.mp4,1920,1080,0,0,960,540,Fixation,456,227,876,444,0.4562,0.4107,,,,,,,,,,,
99397877,472182391617,Mouse,LipReading_BJ,10/21/2025,CJY,Recording8,10/18/2025,10/18/2025,10:09:23.595,02:09:23.595,431768,Timeline1,Tobii I-VT (Fixation),1.241.54219,1080,1920,10.0,3.7,2.3,2.7,0.31,0.19,0.23,13,8,10,4.3,4.1,3.4,0.38,0.36,0.3,16,15,12,,,,,,,,,,,,,,,,,,,,,,,,,,,,,,,,,,,,,,,,Screen Recording,Screen Recording Recording8.mp4,1920,1080,0,0,960,540,Fixation,456,227,876,444,0.4562,0.4107,,,,,,,,,,984,586
99398755,472182392495,Eye Tracker,LipReading_BJ,10/21/2025,CJY,Recording8,10/18/2025,10/18/2025,10:09:23.595,02:09:23.595,431768,Timeline1,Tobii I-VT (Fixation),1.241.54219,1080,1920,10.0,3.7,2.3,2.7,0.31,0.19,0.23,13,8,10,4.3,4.1,3.4,0.38,0.36,0.3,16,15,12,7399524896,,,874,437,887,446,862,429,0.01921,-0.05514,-0.99829,-0.10706,-0.06394,-0.99219,3.662,3.625,3.626,,,,Valid,Valid,233.0,150.0,505.2,290.1,149.8,503.3,242.7,122.1,235.8,117.3,0.4553,0.405,0.4619,0.413,0.4487,0.397,Screen Recording,Screen Recording Recording8.mp4,1920,1080,0,0,960,540,Fixation,456,227,876,444,0.4562,0.4107,,,,,,,,,,,
99402756,472182396496,Eye Tracker,LipReading_BJ,10/21/2025,CJY,Recording8,10/18/2025,10/18/2025,10:09:23.595,02:09:23.595,431768,Timeline1,Tobii I-VT (Fixation),1.241.54219,1080,1920,10.0,3.7,2.3,2.7,0.31,0.19,0.23,13,8,10,4.3,4.1,3.4,0.38,0.36,0.3,16,15,12,7399528897,,,874,443,894,449,854,437,0.02332,-0.05358,-0.99829,-0.11128,-0.05951,-0.99201,3.627,3.656,3.63,,,,Valid,Valid,233.0,149.9,505.4,290.1,149.8,503.4,244.8,122.8,233.6,119.6,0.4552,0.41,0.4659,0.4155,0.4446,0.4045,Screen Recording,Screen Recording Recording8.mp4,1920,1080,0,0,960,540,Fixation,456,227,876,444,0.4562,0.4107,,,,,,,,,,,
99406747,472182400487,Eye Tracker,LipReading_BJ,10/21/2025,CJY,Recording8,10/18/2025,10/18/2025,10:09:23.595,02:09:23.595,431768,Timeline1,Tobii I-VT (Fixation),1.241.54219,1080,1920,10.0,3.7,2.3,2.7,0.31,0.19,0.23,13,8,10,4.3,4.1,3.4,0.38,0.36,0.3,16,15,12,7399532888,,,876,444,895,448,858,440,0.02347,-0.05416,-0.99826,-0.10883,-0.0578,-0.99238,3.618,3.623,3.649,,,,Valid,Valid,233.0,149.9,505.5,290.1,149.8,503.4,244.9,122.5,234.8,120.4,0.4565,0.411,0.466,0.4145,0.4469,0.4075,Screen Recording,Screen Recording Recording8.mp4,1920,1080,0,0,960,540,Fixation,456,227,876,444,0.4562,0.4107,,,,,,,,,,,
99410747,472182404487,Eye Tracker,LipReading_BJ,10/21/2025,CJY,Recording8,10/18/2025,10/18/2025,10:09:23.595,02:09:23.595,431768,Timeline1,Tobii I-VT (Fixation),1.241.54219,1080,1920,10.0,3.7,2.3,2.7,0.31,0.19,0.23,13,8,10,4.3,4.1,3.4,0.38,0.36,0.3,16,15,12,7399536888,,,877,451,891,465,863,438,0.02171,-0.04481,-0.99876,-0.10594,-0.05885,-0.99263,3.655,3.642,3.649,,,,Valid,Valid,233.0,149.9,505.6,290.0,149.7,503.6,244.0,127.2,236.3,119.9,0.457,0.418,0.4643,0.4305,0.4497,0.4055,Screen Recording,Screen Recording Recording8.mp4,1920,1080,0,0,960,540,Fixation,456,227,876,444,0.4562,0.4107,,,,,,,,,,,
99414747,472182408487,Eye Tracker,LipReading_BJ,10/21/2025,CJY,Recording8,10/18/2025,10/18/2025,10:09:23.595,02:09:23.595,431768,Timeline1,Tobii I-VT (Fixation),1.241.54219,1080,1920,10.0,3.7,2.3,2.7,0.31,0.19,0.23,13,8,10,4.3,4.1,3.4,0.38,0.36,0.3,16,15,12,7399540888,,,877,450,890,460,863,440,0.02117,-0.04754,-0.99864,-0.1059,-0.05758,-0.99271,3.672,3.657,3.649,,,,Valid,Valid,232.9,149.9,505.7,290.0,149.7,503.7,243.7,125.8,236.3,120.5,0.4567,0.4167,0.4637,0.4256,0.4497,0.4077,Screen Recording,Screen Recording Recording8.mp4,1920,1080,0,0,960,540,Fixation,456,227,876,444,0.4562,0.4107,,,,,,,,,,,
99416786,472182410526,Mouse,LipReading_BJ,10/21/2025,CJY,Recording8,10/18/2025,10/18/2025,10:09:23.595,02:09:23.595,431768,Timeline1,Tobii I-VT (Fixation),1.241.54219,1080,1920,10.0,3.7,2.3,2.7,0.31,0.19,0.23,13,8,10,4.3,4.1,3.4,0.38,0.36,0.3,16,15,12,,,,,,,,,,,,,,,,,,,,,,,,,,,,,,,,,,,,,,,,Screen Recording,Screen Recording Recording8.mp4,1920,1080,0,0,960,540,Fixation,456,227,876,444,0.4562,0.4107,,,,,,,,,,984,587
99418747,472182412487,Eye Tracker,LipReading_BJ,10/21/2025,CJY,Recording8,10/18/2025,10/18/2025,10:09:23.595,02:09:23.595,431768,Timeline1,Tobii I-VT (Fixation),1.241.54219,1080,1920,10.0,3.7,2.3,2.7,0.31,0.19,0.23,13,8,10,4.3,4.1,3.4,0.38,0.36,0.3,16,15,12,7399544888,,,878,448,897,462,859,434,0.02492,-0.04613,-0.99862,-0.10803,-0.06081,-0.99229,3.666,3.626,3.654,,,,Valid,Valid,232.9,149.8,505.8,290.0,149.7,503.8,245.6,126.5,235.2,118.8,0.4574,0.4149,0.4673,0.4279,0.4475,0.4019,Screen Recording,Screen Recording Recording8.mp4,1920,1080,0,0,960,540,Fixation,456,227,876,444,0.4562,0.4107,,,,,,,,,,,
99422747,472182416487,Eye Tracker,LipReading_BJ,10/21/2025,CJY,Recording8,10/18/2025,10/18/2025,10:09:23.595,02:09:23.595,431768,Timeline1,Tobii I-VT (Fixation),1.241.54219,1080,1920,10.0,3.7,2.3,2.7,0.31,0.19,0.23,13,8,10,4.3,4.1,3.4,0.38,0.36,0.3,16,15,12,7399548888,,,876,446,894,459,857,433,0.02315,-0.04796,-0.99858,-0.10893,-0.0613,-0.99216,3.687,3.632,3.655,,,,Valid,Valid,232.9,149.8,506.0,290.0,149.6,504.0,244.6,125.5,234.7,118.5,0.4561,0.4128,0.4656,0.4246,0.4466,0.4009,Screen Recording,Screen Recording Recording8.mp4,1920,1080,0,0,960,540,Fixation,456,227,876,444,0.4562,0.4107,,,,,,,,,,,
99426747,472182420487,Eye Tracker,LipReading_BJ,10/21/2025,CJY,Recording8,10/18/2025,10/18/2025,10:09:23.595,02:09:23.595,431768,Timeline1,Tobii I-VT (Fixation),1.241.54219,1080,1920,10.0,3.7,2.3,2.7,0.31,0.19,0.23,13,8,10,4.3,4.1,3.4,0.38,0.36,0.3,16,15,12,7399552888,,,874,446,890,456,859,437,0.02112,-0.04945,-0.99855,-0.10834,-0.0591,-0.99236,3.655,3.644,3.655,,,,Valid,Valid,232.9,149.8,506.1,290.0,149.6,504.1,243.6,124.7,235.0,119.6,0.4554,0.4132,0.4636,0.4219,0.4471,0.4046,Screen Recording,Screen Recording Recording8.mp4,1920,1080,0,0,960,540,Fixation,456,227,876,444,0.4562,0.4107,,,,,,,,,,,
99430747,472182424487,Eye Tracker,LipReading_BJ,10/21/2025,CJY,Recording8,10/18/2025,10/18/2025,10:09:23.595,02:09:23.595,431768,Timeline1,Tobii I-VT (Fixation),1.241.54219,1080,1920,10.0,3.7,2.3,2.7,0.31,0.19,0.23,13,8,10,4.3,4.1,3.4,0.38,0.36,0.3,16,15,12,7399556888,,,875,442,888,443,861,440,0.02008,-0.05627,-0.99821,-0.10704,-0.05718,-0.99261,3.662,3.655,3.658,,,,Valid,Valid,232.9,149.7,506.2,290.0,149.5,504.2,243.1,121.2,235.6,120.5,0.4555,0.4089,0.4626,0.41,0.4484,0.4077,Screen Recording,Screen Recording Recording8.mp4,1920,1080,0,0,960,540,Fixation,456,227,876,444,0.4562,0.4107,,,,,,,,,,,
99430773,472182424513,Mouse,LipReading_BJ,10/21/2025,CJY,Recording8,10/18/2025,10/18/2025,10:09:23.595,02:09:23.595,431768,Timeline1,Tobii I-VT (Fixation),1.241.54219,1080,1920,10.0,3.7,2.3,2.7,0.31,0.19,0.23,13,8,10,4.3,4.1,3.4,0.38,0.36,0.3,16,15,12,,,,,,,,,,,,,,,,,,,,,,,,,,,,,,,,,,,,,,,,Screen Recording,Screen Recording Recording8.mp4,1920,1080,0,0,960,540,Fixation,456,227,876,444,0.4562,0.4107,,,,,,,,,,984,588
99434747,472182428487,Eye Tracker,LipReading_BJ,10/21/2025,CJY,Recording8,10/18/2025,10/18/2025,10:09:23.595,02:09:23.595,431768,Timeline1,Tobii I-VT (Fixation),1.241.54219,1080,1920,10.0,3.7,2.3,2.7,0.31,0.19,0.23,13,8,10,4.3,4.1,3.4,0.38,0.36,0.3,16,15,12,7399560888,,,878,448,897,460,859,435,0.0247,-0.04683,-0.9986,-0.10805,-0.05993,-0.99234,3.677,3.658,3.657,,,,Valid,Valid,232.9,149.7,506.3,289.9,149.5,504.3,245.4,125.9,235.0,119.1,0.4572,0.4145,0.467,0.4261,0.4473,0.4028,Screen Recording,Screen Recording Recording8.mp4,1920,1080,0,0,960,540,Fixation,456,227,876,444,0.4562,0.4107,,,,,,,,,,,
99438747,472182432487,Eye Tracker,LipReading_BJ,10/21/2025,CJY,Recording8,10/18/2025,10/18/2025,10:09:23.595,02:09:23.595,431768,Timeline1,Tobii I-VT (Fixation),1.241.54219,1080,1920,10.0,3.7,2.3,2.7,0.31,0.19,0.23,13,8,10,4.3,4.1,3.4,0.38,0.36,0.3,16,15,12,7399564888,,,876,439,892,443,859,435,0.02235,-0.05602,-0.99818,-0.10794,-0.05998,-0.99235,3.657,3.656,3.66,,,,Valid,Valid,232.8,149.6,506.4,289.9,149.5,504.4,244.2,121.2,235.1,119.0,0.4561,0.4063,0.4647,0.4101,0.4474,0.4025,Screen Recording,Screen Recording Recording8.mp4,1920,1080,0,0,960,540,Fixation,456,227,876,444,0.4562,0.4107,,,,,,,,,,,
99442747,472182436487,Eye Tracker,LipReading_BJ,10/21/2025,CJY,Recording8,10/18/2025,10/18/2025,10:09:23.595,02:09:23.595,431768,Timeline1,Tobii I-VT (Fixation),1.241.54219,1080,1920,10.0,3.7,2.3,2.7,0.31,0.19,0.23,13,8,10,4.3,4.1,3.4,0.38,0.36,0.3,16,15,12,7399568888,,,874,441,895,440,852,441,0.02397,-0.05752,-0.99806,-0.11144,-0.05638,-0.99217,3.642,3.686,3.665,,,,Valid,Valid,232.8,149.6,506.5,289.9,149.4,504.5,245.0,120.4,233.3,120.7,0.4551,0.4079,0.4663,0.4073,0.4439,0.4085,Screen Recording,Screen Recording Recording8.mp4,1920,1080,0,0,960,540,Fixation,456,227,876,444,0.4562,0.4107,,,,,,,,,,,
99446747,472182440487,Eye Tracker,LipReading_BJ,10/21/2025,CJY,Recording8,10/18/2025,10/18/2025,10:09:23.595,02:09:23.595,431768,Timeline1,Tobii I-VT (Fixation),1.241.54219,1080,1920,10.0,3.7,2.3,2.7,0.31,0.19,0.23,13,8,10,4.3,4.1,3.4,0.38,0.36,0.3,16,15,12,7399572888,,,877,442,893,445,861,439,0.02285,-0.05468,-0.99824,-0.10676,-0.05767,-0.99261,3.664,3.683,3.665,,,,Valid,Valid,232.8,149.5,506.6,289.9,149.4,504.6,244.4,121.8,235.6,120.0,0.4568,0.4091,0.4652,0.412,0.4484,0.4061,Screen Recording,Screen Recording Recording8.mp4,1920,1080,0,0,960,540,Fixation,456,227,876,444,0.4562,0.4107,,,,,,,,,,,
99449189,472182442929,Mouse,LipReading_BJ,10/21/2025,CJY,Recording8,10/18/2025,10/18/2025,10:09:23.595,02:09:23.595,431768,Timeline1,Tobii I-VT (Fixation),1.241.54219,1080,1920,10.0,3.7,2.3,2.7,0.31,0.19,0.23,13,8,10,4.3,4.1,3.4,0.38,0.36,0.3,16,15,12,,,,,,,,,,,,,,,,,,,,,,,,,,,,,,,,,,,,,,,,Screen Recording,Screen Recording Recording8.mp4,1920,1080,0,0,960,540,Fixation,456,227,876,444,0.4562,0.4107,,,,,,,,,,984,589
99450747,472182444487,Eye Tracker,LipReading_BJ,10/21/2025,CJY,Recording8,10/18/2025,10/18/2025,10:09:23.595,02:09:23.595,431768,Timeline1,Tobii I-VT (Fixation),1.241.54219,1080,1920,10.0,3.7,2.3,2.7,0.31,0.19,0.23,13,8,10,4.3,4.1,3.4,0.38,0.36,0.3,16,15,12,7399576888,,,880,442,899,449,862,435,0.0258,-0.05221,-0.9983,-0.10622,-0.05931,-0.99257,3.664,3.667,3.674,,,,Valid,Valid,232.8,149.5,506.6,289.9,149.3,504.7,245.9,123.0,235.9,119.1,0.4585,0.4096,0.468,0.4161,0.4489,0.4031,Screen Recording,Screen Recording Recording8.mp4,1920,1080,0,0,960,540,Fixation,456,227,876,444,0.4562,0.4107,,,,,,,,,,,
99454747,472182448487,Eye Tracker,LipReading_BJ,10/21/2025,CJY,Recording8,10/18/2025,10/18/2025,10:09:23.595,02:09:23.595,431768,Timeline1,Tobii I-VT (Fixation),1.241.54219,1080,1920,10.0,3.7,2.3,2.7,0.31,0.19,0.23,13,8,10,4.3,4.1,3.4,0.38,0.36,0.3,16,15,12,7399580888,,,873,439,887,446,860,432,0.01942,-0.0537,-0.99837,-0.10724,-0.06121,-0.99235,3.678,3.659,3.679,,,,Valid,Valid,232.8,149.4,506.8,289.9,149.2,504.9,242.7,122.2,235.3,118.1,0.4549,0.4064,0.4618,0.4133,0.4479,0.3996,Screen Recording,Screen Recording Recording8.mp4,1920,1080,0,0,960,540,Fixation,456,227,876,444,0.4562,0.4107,,,,,,,,,,,
99458747,472182452487,Eye Tracker,LipReading_BJ,10/21/2025,CJY,Recording8,10/18/2025,10/18/2025,10:09:23.595,02:09:23.595,431768,Timeline1,Tobii I-VT (Fixation),1.241.54219,1080,1920,10.0,3.7,2.3,2.7,0.31,0.19,0.23,13,8,10,4.3,4.1,3.4,0.38,0.36,0.3,16,15,12,7399584888,,,877,448,897,458,857,437,0.02494,-0.04734,-0.99857,-0.10894,-0.05793,-0.99236,3.675,3.687,3.68,,,,Valid,Valid,232.8,149.3,506.9,289.9,149.2,504.9,245.5,125.3,234.5,119.7,0.4567,0.4145,0.4672,0.424,0.4462,0.405,Screen Recording,Screen Recording Recording8.mp4,1920,1080,0,0,960,540,Fixation,456,227,876,444,0.4562,0.4107,,,,,,,,,,,
99462747,472182456487,Eye Tracker,LipReading_BJ,10/21/2025,CJY,Recording8,10/18/2025,10/18/2025,10:09:23.595,02:09:23.595,431768,Timeline1,Tobii I-VT (Fixation),1.241.54219,1080,1920,10.0,3.7,2.3,2.7,0.31,0.19,0.23,13,8,10,4.3,4.1,3.4,0.38,0.36,0.3,16,15,12,7399588888,,,875,450,897,459,853,441,0.02519,-0.04662,-0.99859,-0.11101,-0.05602,-0.99224,3.691,3.682,3.689,,,,Valid,Valid,232.8,149.3,507.0,289.9,149.1,505.0,245.6,125.6,233.4,120.6,0.4558,0.4165,0.4674,0.425,0.4442,0.4081,Screen Recording,Screen Recording Recording8.mp4,1920,1080,0,0,960,540,Fixation,456,227,876,444,0.4562,0.4107,,,,,,,,,,,
99466746,472182460486,Eye Tracker,LipReading_BJ,10/21/2025,CJY,Recording8,10/18/2025,10/18/2025,10:09:23.595,02:09:23.595,431768,Timeline1,Tobii I-VT (Fixation),1.241.54219,1080,1920,10.0,3.7,2.3,2.7,0.31,0.19,0.23,13,8,10,4.3,4.1,3.4,0.38,0.36,0.3,16,15,12,7399592887,,,876,449,897,460,855,438,0.02501,-0.04616,-0.99862,-0.10969,-0.05739,-0.99231,3.702,3.689,3.69,,,,Valid,Valid,232.8,149.2,507.1,289.9,149.1,505.1,245.5,125.8,234.1,119.8,0.4564,0.4155,0.4673,0.4256,0.4455,0.4054,Screen Recording,Screen Recording Recording8.mp4,1920,1080,0,0,960,540,Fixation,456,227,876,444,0.4562,0.4107,,,,,,,,,,,
99468659,472182462399,Mouse,LipReading_BJ,10/21/2025,CJY,Recording8,10/18/2025,10/18/2025,10:09:23.595,02:09:23.595,431768,Timeline1,Tobii I-VT (Fixation),1.241.54219,1080,1920,10.0,3.7,2.3,2.7,0.31,0.19,0.23,13,8,10,4.3,4.1,3.4,0.38,0.36,0.3,16,15,12,,,,,,,,,,,,,,,,,,,,,,,,,,,,,,,,,,,,,,,,Screen Recording,Screen Recording Recording8.mp4,1920,1080,0,0,960,540,Fixation,456,227,876,444,0.4562,0.4107,,,,,,,,,,984,590
99470746,472182464486,Eye Tracker,LipReading_BJ,10/21/2025,CJY,Recording8,10/18/2025,10/18/2025,10:09:23.595,02:09:23.595,431768,Timeline1,Tobii I-VT (Fixation),1.241.54219,1080,1920,10.0,3.7,2.3,2.7,0.31,0.19,0.23,13,8,10,4.3,4.1,3.4,0.38,0.36,0.3,16,15,12,7399596888,,,879,452,898,461,859,443,0.02559,-0.04534,-0.99864,-0.10769,-0.05449,-0.99269,3.709,3.69,3.696,,,,Valid,Valid,232.8,149.2,507.2,289.9,149.0,505.2,245.8,126.2,235.1,121.3,0.4576,0.4186,0.4678,0.4269,0.4475,0.4103,Screen Recording,Screen Recording Recording8.mp4,1920,1080,0,0,960,540,Fixation,456,227,876,444,0.4562,0.4107,,,,,,,,,,,
99474746,472182468486,Eye Tracker,LipReading_BJ,10/21/2025,CJY,Recording8,10/18/2025,10/18/2025,10:09:23.595,02:09:23.595,431768,Timeline1,Tobii I-VT (Fixation),1.241.54219,1080,1920,10.0,3.7,2.3,2.7,0.31,0.19,0.23,13,8,10,4.3,4.1,3.4,0.38,0.36,0.3,16,15,12,7399600888,,,876,438,897,441,855,434,0.02509,-0.05582,-0.99813,-0.11002,-0.05909,-0.99217,3.68,3.694,3.696,,,,Valid,Valid,232.8,149.1,507.3,289.9,149.0,505.3,245.6,120.8,233.9,118.9,0.4563,0.4054,0.4674,0.4086,0.4452,0.4021,Screen Recording,Screen Recording Recording8.mp4,1920,1080,0,0,960,540,Fixation,456,227,876,444,0.4562,0.4107,,,,,,,,,,,
99478754,472182472494,Eye Tracker,LipReading_BJ,10/21/2025,CJY,Recording8,10/18/2025,10/18/2025,10:09:23.595,02:09:23.595,431768,Timeline1,Tobii I-VT (Fixation),1.241.54219,1080,1920,10.0,3.7,2.3,2.7,0.31,0.19,0.23,13,8,10,4.3,4.1,3.4,0.38,0.36,0.3,16,15,12,7399604896,,,875,439,892,443,858,434,0.02192,-0.05458,-0.99827,-0.10839,-0.05932,-0.99234,3.701,3.696,3.693,,,,Valid,Valid,232.9,149.1,507.4,290.0,148.9,505.4,244.0,121.3,234.8,118.7,0.4556,0.4061,0.4644,0.4105,0.4468,0.4016,Screen Recording,Screen Recording Recording8.mp4,1920,1080,0,0,960,540,Fixation,456,227,876,444,0.4562,0.4107,,,,,,,,,,,
99482755,472182476495,Eye Tracker,LipReading_BJ,10/21/2025,CJY,Recording8,10/18/2025,10/18/2025,10:09:23.595,02:09:23.595,431768,Timeline1,Tobii I-VT (Fixation),1.241.54219,1080,1920,10.0,3.7,2.3,2.7,0.31,0.19,0.23,13,8,10,4.3,4.1,3.4,0.38,0.36,0.3,16,15,12,7399608897,,,878,447,898,465,859,429,0.02537,-0.04264,-0.99877,-0.10793,-0.06191,-0.99223,3.697,3.683,3.688,,,,Valid,Valid,232.9,149.0,507.5,290.0,148.9,505.5,245.8,127.4,235.0,117.3,0.4575,0.414,0.4678,0.431,0.4472,0.397,Screen Recording,Screen Recording Recording8.mp4,1920,1080,0,0,960,540,Fixation,456,227,876,444,0.4562,0.4107,,,,,,,,,,,
99483871,472182477611,Mouse,LipReading_BJ,10/21/2025,CJY,Recording8,10/18/2025,10/18/2025,10:09:23.595,02:09:23.595,431768,Timeline1,Tobii I-VT (Fixation),1.241.54219,1080,1920,10.0,3.7,2.3,2.7,0.31,0.19,0.23,13,8,10,4.3,4.1,3.4,0.38,0.36,0.3,16,15,12,,,,,,,,,,,,,,,,,,,,,,,,,,,,,,,,,,,,,,,,Screen Recording,Screen Recording Recording8.mp4,1920,1080,0,0,960,540,Fixation,456,227,876,444,0.4562,0.4107,,,,,,,,,,984,591
99486755,472182480495,Eye Tracker,LipReading_BJ,10/21/2025,CJY,Recording8,10/18/2025,10/18/2025,10:09:23.595,02:09:23.595,431768,Timeline1,Tobii I-VT (Fixation),1.241.54219,1080,1920,10.0,3.7,2.3,2.7,0.31,0.19,0.23,13,8,10,4.3,4.1,3.4,0.38,0.36,0.3,16,15,12,7399612897,,,874,439,891,449,857,430,0.02132,-0.05161,-0.99844,-0.10906,-0.06127,-0.99215,3.694,3.68,3.69,,,,Valid,Valid,232.9,149.0,507.5,290.0,148.8,505.6,243.8,122.8,234.4,117.6,0.455,0.4067,0.4639,0.4154,0.4461,0.3979,Screen Recording,Screen Recording Recording8.mp4,1920,1080,0,0,960,540,Fixation,456,227,876,444,0.4562,0.4107,,,,,,,,,,,
99490754,472182484494,Eye Tracker,LipReading_BJ,10/21/2025,CJY,Recording8,10/18/2025,10/18/2025,10:09:23.595,02:09:23.595,431768,Timeline1,Tobii I-VT (Fixation),1.241.54219,1080,1920,10.0,3.7,2.3,2.7,0.31,0.19,0.23,13,8,10,4.3,4.1,3.4,0.38,0.36,0.3,16,15,12,7399616896,,,874,440,891,450,857,429,0.02146,-0.05059,-0.99849,-0.10902,-0.06145,-0.99214,3.687,3.682,3.688,,,,Valid,Valid,233.0,149.0,507.7,290.0,148.8,505.8,243.9,123.3,234.5,117.5,0.4552,0.4072,0.4641,0.4171,0.4462,0.3974,Screen Recording,Screen Recording Recording8.mp4,1920,1080,0,0,960,540,Fixation,456,227,876,444,0.4562,0.4107,,,,,,,,,,,
99494755,472182488495,Eye Tracker,LipReading_BJ,10/21/2025,CJY,Recording8,10/18/2025,10/18/2025,10:09:23.595,02:09:23.595,431768,Timeline1,Tobii I-VT (Fixation),1.241.54219,1080,1920,10.0,3.7,2.3,2.7,0.31,0.19,0.23,13,8,10,4.3,4.1,3.4,0.38,0.36,0.3,16,15,12,7399620897,,,876,442,892,448,860,436,0.02199,-0.05192,-0.99841,-0.10742,-0.05783,-0.99253,3.713,3.702,3.692,,,,Valid,Valid,233.0,148.9,507.8,290.1,148.8,505.9,244.2,122.5,235.3,119.3,0.4563,0.4091,0.4647,0.4146,0.4479,0.4036,Screen Recording,Screen Recording Recording8.mp4,1920,1080,0,0,960,540,Fixation,456,227,876,444,0.4562,0.4107,,,,,,,,,,,
99498746,472182492486,Eye Tracker,LipReading_BJ,10/21/2025,CJY,Recording8,10/18/2025,10/18/2025,10:09:23.595,02:09:23.595,431768,Timeline1,Tobii I-VT (Fixation),1.241.54219,1080,1920,10.0,3.7,2.3,2.7,0.31,0.19,0.23,13,8,10,4.3,4.1,3.4,0.38,0.36,0.3,16,15,12,7399624888,,,876,441,894,440,858,441,0.02268,-0.05605,-0.99817,-0.10832,-0.05492,-0.9926,3.692,3.697,3.695,,,,Valid,Valid,233.0,148.9,508.0,290.1,148.7,506.0,244.6,120.4,234.9,120.7,0.4563,0.4079,0.4655,0.4073,0.4471,0.4085,Screen Recording,Screen Recording Recording8.mp4,1920,1080,0,0,960,540,Fixation,456,227,876,444,0.4562,0.4107,,,,,,,,,,,
99502754,472182496494,Eye Tracker,LipReading_BJ,10/21/2025,CJY,Recording8,10/18/2025,10/18/2025,10:09:23.595,02:09:23.595,431768,Timeline1,Tobii I-VT (Fixation),1.241.54219,1080,1920,10.0,3.7,2.3,2.7,0.31,0.19,0.23,13,8,10,4.3,4.1,3.4,0.38,0.36,0.3,16,15,12,7399628896,,,876,440,895,447,858,433,0.02342,-0.05226,-0.99836,-0.10871,-0.05952,-0.99229,3.713,3.69,3.707,,,,Valid,Valid,233.1,148.9,508.0,290.2,148.8,506.0,245.0,122.3,234.7,118.4,0.4565,0.4072,0.4663,0.4139,0.4467,0.4006,Screen Recording,Screen Recording Recording8.mp4,1920,1080,0,0,960,540,Fixation,456,227,876,444,0.4562,0.4107,,,,,,,,,,,
99506755,472182500495,Eye Tracker,LipReading_BJ,10/21/2025,CJY,Recording8,10/18/2025,10/18/2025,10:09:23.595,02:09:23.595,431768,Timeline1,Tobii I-VT (Fixation),1.241.54219,1080,1920,10.0,3.7,2.3,2.7,0.31,0.19,0.23,13,8,10,4.3,4.1,3.4,0.38,0.36,0.3,16,15,12,7399632897,,,876,439,893,445,860,433,0.02221,-0.05328,-0.99833,-0.10768,-0.05913,-0.99243,3.692,3.714,3.708,,,,Valid,Valid,233.1,148.9,508.2,290.2,148.7,506.1,244.4,121.7,235.3,118.6,0.4565,0.4065,0.4652,0.4119,0.4478,0.4012,Screen Recording,Screen Recording Recording8.mp4,1920,1080,0,0,960,540,Fixation,456,227,876,444,0.4562,0.4107,,,,,,,,,,,
99510754,472182504494,Eye Tracker,LipReading_BJ,10/21/2025,CJY,Recording8,10/18/2025,10/18/2025,10:09:23.595,02:09:23.595,431768,Timeline1,Tobii I-VT (Fixation),1.241.54219,1080,1920,10.0,3.7,2.3,2.7,0.31,0.19,0.23,13,8,10,4.3,4.1,3.4,0.38,0.36,0.3,16,15,12,7399636896,,,874,445,891,458,857,433,0.02102,-0.04616,-0.99871,-0.10941,-0.05926,-0.99223,3.73,3.703,3.712,,,,Valid,Valid,233.2,148.8,508.3,290.3,148.7,506.3,243.9,125.3,234.4,118.5,0.4551,0.4124,0.4641,0.4241,0.4461,0.4008,Screen Recording,Screen Recording Recording8.mp4,1920,1080,0,0,960,540,Fixation,456,227,876,444,0.4562,0.4107,,,,,,,,,,,
99514754,472182508494,Eye Tracker,LipReading_BJ,10/21/2025,CJY,Recording8,10/18/2025,10/18/2025,10:09:23.595,02:09:23.595,431768,Timeline1,Tobii I-VT (Fixation),1.241.54219,1080,1920,10.0,3.7,2.3,2.7,0.31,0.19,0.23,13,8,10,4.3,4.1,3.4,0.38,0.36,0.3,16,15,12,7399640896,,,876,444,893,453,859,435,0.022,-0.04908,-0.99855,-0.10796,-0.05828,-0.99245,3.722,3.71,3.716,,,,Valid,Valid,233.2,148.8,508.4,290.3,148.7,506.5,244.4,123.9,235.2,118.9,0.4564,0.4107,0.4652,0.4191,0.4476,0.4024,Screen Recording,Screen Recording Recording8.mp4,1920,1080,0,0,960,540,Fixation,456,227,876,444,0.4562,0.4107,,,,,,,,,,,
99518755,472182512495,Eye Tracker,LipReading_BJ,10/21/2025,CJY,Recording8,10/18/2025,10/18/2025,10:09:23.595,02:09:23.595,431768,Timeline1,Tobii I-VT (Fixation),1.241.54219,1080,1920,10.0,3.7,2.3,2.7,0.31,0.19,0.23,13,8,10,4.3,4.1,3.4,0.38,0.36,0.3,16,15,12,7399644897,,,874,435,892,437,855,433,0.02111,-0.05722,-0.99814,-0.11014,-0.05907,-0.99216,3.703,3.714,3.72,,,,Valid,Valid,233.3,148.8,508.6,290.4,148.7,506.5,244.0,119.7,234.1,118.5,0.455,0.403,0.4644,0.4049,0.4456,0.4011,Screen Recording,Screen Recording Recording8.mp4,1920,1080,0,0,960,540,Fixation,456,227,876,444,0.4562,0.4107,,,,,,,,,,,
99522746,472182516486,Eye Tracker,LipReading_BJ,10/21/2025,CJY,Recording8,10/18/2025,10/18/2025,10:09:23.595,02:09:23.595,431768,Timeline1,Tobii I-VT (Fixation),1.241.54219,1080,1920,10.0,3.7,2.3,2.7,0.31,0.19,0.23,13,8,10,4.3,4.1,3.4,0.38,0.36,0.3,16,15,12,7399648888,,,877,444,895,453,860,436,0.023,-0.04902,-0.99853,-0.10805,-0.05778,-0.99246,3.748,3.705,3.718,,,,Valid,Valid,233.3,148.9,508.6,290.4,148.7,506.6,245.0,123.9,235.2,119.2,0.457,0.4113,0.4663,0.4192,0.4477,0.4033,Screen Recording,Screen Recording Recording8.mp4,1920,1080,0,0,960,540,Fixation,456,227,876,444,0.4562,0.4107,,,,,,,,,,,
99526746,472182520486,Eye Tracker,LipReading_BJ,10/21/2025,CJY,Recording8,10/18/2025,10/18/2025,10:09:23.595,02:09:23.595,431768,Timeline1,Tobii I-VT (Fixation),1.241.54219,1080,1920,10.0,3.7,2.3,2.7,0.31,0.19,0.23,13,8,10,4.3,4.1,3.4,0.38,0.36,0.3,16,15,12,7399652888,,,877,447,896,454,858,439,0.0231,-0.04819,-0.99857,-0.10889,-0.05592,-0.99248,3.734,3.717,3.719,,,,Valid,Valid,233.4,148.8,508.8,290.5,148.7,506.7,245.1,124.3,234.9,120.1,0.4567,0.4135,0.4665,0.4205,0.447,0.4065,Screen Recording,Screen Recording Recording8.mp4,1920,1080,0,0,960,540,Fixation,456,227,876,444,0.4562,0.4107,,,,,,,,,,,
99530746,472182524486,Eye Tracker,LipReading_BJ,10/21/2025,CJY,Recording8,10/18/2025,10/18/2025,10:09:23.595,02:09:23.595,431768,Timeline1,Tobii I-VT (Fixation),1.241.54219,1080,1920,10.0,3.7,2.3,2.7,0.31,0.19,0.23,13,8,10,4.3,4.1,3.4,0.38,0.36,0.3,16,15,12,7399656888,,,878,439,898,445,857,433,0.02422,-0.05281,-0.99831,-0.10948,-0.05887,-0.99224,3.685,3.723,3.725,,,,Valid,Valid,233.4,148.8,508.9,290.5,148.7,506.9,245.8,121.9,234.6,118.6,0.4571,0.4069,0.4677,0.4125,0.4464,0.4013,Screen Recording,Screen Recording Recording8.mp4,1920,1080,0,0,960,540,Fixation,456,227,876,444,0.4562,0.4107,,,,,,,,,,,
99534746,472182528486,Eye Tracker,LipReading_BJ,10/21/2025,CJY,Recording8,10/18/2025,10/18/2025,10:09:23.595,02:09:23.595,431768,Timeline1,Tobii I-VT (Fixation),1.241.54219,1080,1920,10.0,3.7,2.3,2.7,0.31,0.19,0.23,13,8,10,4.3,4.1,3.4,0.38,0.36,0.3,16,15,12,7399660888,,,880,450,901,465,859,434,0.02548,-0.04219,-0.99878,-0.10835,-0.0587,-0.99238,3.723,3.712,3.723,,,,Valid,Valid,233.5,148.8,509.0,290.6,148.7,507.0,246.4,127.3,235.2,118.7,0.4583,0.4162,0.469,0.4308,0.4476,0.4016,Screen Recording,Screen Recording Recording8.mp4,1920,1080,0,0,960,540,Fixation,456,227,876,444,0.4562,0.4107,,,,,,,,,,,
99538746,472182532486,Eye Tracker,LipReading_BJ,10/21/2025,CJY,Recording8,10/18/2025,10/18/2025,10:09:23.595,02:09:23.595,431768,Timeline1,Tobii I-VT (Fixation),1.241.54219,1080,1920,10.0,3.7,2.3,2.7,0.31,0.19,0.23,13,8,10,4.3,4.1,3.4,0.38,0.36,0.3,16,15,12,7399664888,,,878,443,898,455,858,430,0.02404,-0.04755,-0.99858,-0.10919,-0.06079,-0.99216,3.742,3.724,3.723,,,,Valid,Valid,233.5,148.8,509.1,290.6,148.7,507.1,245.8,124.6,234.8,117.6,0.4573,0.4098,0.4677,0.4216,0.4469,0.398,Screen Recording,Screen Recording Recording8.mp4,1920,1080,0,0,960,540,Fixation,456,227,876,444,0.4562,0.4107,,,,,,,,,,,
99542746,472182536486,Eye Tracker,LipReading_BJ,10/21/2025,CJY,Recording8,10/18/2025,10/18/2025,10:09:23.595,02:09:23.595,431768,Timeline1,Tobii I-VT (Fixation),1.241.54219,1080,1920,10.0,3.7,2.3,2.7,0.31,0.19,0.23,13,8,10,4.3,4.1,3.4,0.38,0.36,0.3,16,15,12,7399668888,,,879,437,902,442,855,433,0.0259,-0.05487,-0.99816,-0.11068,-0.05916,-0.99209,3.708,3.733,3.733,,,,Valid,Valid,233.6,148.8,509.3,290.6,148.7,507.2,246.8,120.8,234.1,118.5,0.4576,0.4048,0.4696,0.4088,0.4455,0.4008,Screen Recording,Screen Recording Recording8.mp4,1920,1080,0,0,960,540,Fixation,456,227,876,444,0.4562,0.4107,,,,,,,,,,,
99546754,472182540494,Eye Tracker,LipReading_BJ,10/21/2025,CJY,Recording8,10/18/2025,10/18/2025,10:09:23.595,02:09:23.595,431768,Timeline1,Tobii I-VT (Fixation),1.241.54219,1080,1920,10.0,3.7,2.3,2.7,0.31,0.19,0.23,13,8,10,4.3,4.1,3.4,0.38,0.36,0.3,16,15,12,7399672896,,,876,447,899,459,853,435,0.02443,-0.04538,-0.99867,-0.11176,-0.0579,-0.99205,3.755,3.717,3.738,,,,Valid,Valid,233.6,148.8,509.3,290.7,148.7,507.3,246.1,125.7,233.5,119.1,0.4564,0.4141,0.4683,0.4253,0.4445,0.4029,Screen Recording,Screen Recording Recording8.mp4,1920,1080,0,0,960,540,Fixation,456,227,876,444,0.4562,0.4107,,,,,,,,,,,
99550754,472182544494,Eye Tracker,LipReading_BJ,10/21/2025,CJY,Recording8,10/18/2025,10/18/2025,10:09:23.595,02:09:23.595,431768,Timeline1,Tobii I-VT (Fixation),1.241.54219,1080,1920,10.0,3.7,2.3,2.7,0.31,0.19,0.23,13,8,10,4.3,4.1,3.4,0.38,0.36,0.3,16,15,12,7399676896,,,878,446,897,452,859,439,0.02342,-0.04935,-0.99851,-0.10908,-0.05568,-0.99247,3.75,3.744,3.747,,,,Valid,Valid,233.6,148.8,509.4,290.7,148.7,507.4,245.6,123.7,235.0,120.2,0.4573,0.4126,0.4674,0.4184,0.4472,0.4067,Screen Recording,Screen Recording Recording8.mp4,1920,1080,0,0,960,540,Fixation,456,227,876,444,0.4562,0.4107,,,,,,,,,,,
99554754,472182548494,Eye Tracker,LipReading_BJ,10/21/2025,CJY,Recording8,10/18/2025,10/18/2025,10:09:23.595,02:09:23.595,431768,Timeline1,Tobii I-VT (Fixation),1.241.54219,1080,1920,10.0,3.7,2.3,2.7,0.31,0.19,0.23,13,8,10,4.3,4.1,3.4,0.38,0.36,0.3,16,15,12,7399680896,,,878,443,895,447,860,439,0.02189,-0.05158,-0.99843,-0.10808,-0.05596,-0.99257,3.73,3.762,3.757,,,,Valid,Valid,233.7,148.8,509.6,290.8,148.6,507.6,244.8,122.5,235.5,120.0,0.4571,0.4102,0.466,0.4143,0.4482,0.4061,Screen Recording,Screen Recording Recording8.mp4,1920,1080,0,0,960,540,Fixation,456,227,876,444,0.4562,0.4107,,,,,,,,,,,
99558755,472182552495,Eye Tracker,LipReading_BJ,10/21/2025,CJY,Recording8,10/18/2025,10/18/2025,10:09:23.595,02:09:23.595,431768,Timeline1,Tobii I-VT (Fixation),1.241.54219,1080,1920,10.0,3.7,2.3,2.7,0.31,0.19,0.23,13,8,10,4.3,4.1,3.4,0.38,0.36,0.3,16,15,12,7399684897,,,879,456,903,475,855,438,0.02634,-0.03679,-0.99898,-0.1109,-0.05629,-0.99224,3.792,3.766,3.756,,,,Valid,Valid,233.7,148.8,509.7,290.8,148.6,507.7,247.1,130.0,234.0,119.8,0.4579,0.4226,0.4703,0.4398,0.4454,0.4054,Screen Recording,Screen Recording Recording8.mp4,1920,1080,0,0,960,540,Fixation,456,227,876,444,0.4562,0.4107,,,,,,,,,,,
99562746,472182556486,Eye Tracker,LipReading_BJ,10/21/2025,CJY,Recording8,10/18/2025,10/18/2025,10:09:23.595,02:09:23.595,431768,Timeline1,Tobii I-VT (Fixation),1.241.54219,1080,1920,10.0,3.7,2.3,2.7,0.31,0.19,0.23,13,8,10,4.3,4.1,3.4,0.38,0.36,0.3,16,15,12,7399688888,,,875,444,896,457,854,430,0.02266,-0.04621,-0.99867,-0.11129,-0.0605,-0.99194,3.753,3.761,3.752,,,,Valid,Valid,233.7,148.7,509.8,290.8,148.6,507.8,245.3,125.2,233.8,117.6,0.4559,0.4107,0.4668,0.4235,0.445,0.3979,Screen Recording,Screen Recording Recording8.mp4,1920,1080,0,0,960,540,Fixation,456,227,876,444,0.4562,0.4107,,,,,,,,,,,
99566746,472182560486,Eye Tracker,LipReading_BJ,10/21/2025,CJY,Recording8,10/18/2025,10/18/2025,10:09:23.595,02:09:23.595,431768,Timeline1,Tobii I-VT (Fixation),1.241.54219,1080,1920,10.0,3.7,2.3,2.7,0.31,0.19,0.23,13,8,10,4.3,4.1,3.4,0.38,0.36,0.3,16,15,12,7399692888,,,877,442,899,449,855,434,0.02406,-0.05068,-0.99843,-0.11097,-0.05797,-0.99213,3.728,3.746,3.752,,,,Valid,Valid,233.7,148.7,509.9,290.8,148.6,507.9,246.0,122.8,234.0,118.9,0.4568,0.4089,0.4682,0.4156,0.4454,0.4023,Screen Recording,Screen Recording Recording8.mp4,1920,1080,0,0,960,540,Fixation,456,227,876,444,0.4562,0.4107,,,,,,,,,,,
99570746,472182564486,Eye Tracker,LipReading_BJ,10/21/2025,CJY,Recording8,10/18/2025,10/18/2025,10:09:23.595,02:09:23.595,431768,Timeline1,Tobii I-VT (Fixation),1.241.54219,1080,1920,10.0,3.7,2.3,2.7,0.31,0.19,0.23,13,8,10,4.3,4.1,3.4,0.38,0.36,0.3,16,15,12,7399696888,,,878,444,900,458,856,429,0.02471,-0.04578,-0.99865,-0.11038,-0.06072,-0.99203,3.743,3.752,3.748,,,,Valid,Valid,233.7,148.7,510.0,290.8,148.6,508.0,246.4,125.3,234.3,117.5,0.4574,0.4107,0.4689,0.424,0.4459,0.3974,Screen Recording,Screen Recording Recording8.mp4,1920,1080,0,0,960,540,Fixation,456,227,876,444,0.4562,0.4107,,,,,,,,,,,
99574745,472182568485,Eye Tracker,LipReading_BJ,10/21/2025,CJY,Recording8,10/18/2025,10/18/2025,10:09:23.595,02:09:23.595,431768,Timeline1,Tobii I-VT (Fixation),1.241.54219,1080,1920,10.0,3.7,2.3,2.7,0.31,0.19,0.23,13,8,10,4.3,4.1,3.4,0.38,0.36,0.3,16,15,12,7399700888,,,876,437,896,448,855,427,0.02266,-0.05088,-0.99845,-0.111,-0.06194,-0.99189,3.733,3.761,3.745,,,,Valid,Valid,233.8,148.6,510.1,290.8,148.5,508.1,245.3,122.7,234.0,116.8,0.4561,0.4051,0.4669,0.415,0.4453,0.3952,Screen Recording,Screen Recording Recording8.mp4,1920,1080,0,0,960,540,Fixation,456,227,876,444,0.4562,0.4107,,,,,,,,,,,
99578745,472182572485,Eye Tracker,LipReading_BJ,10/21/2025,CJY,Recording8,10/18/2025,10/18/2025,10:09:23.595,02:09:23.595,431768,Timeline1,Tobii I-VT (Fixation),1.241.54219,1080,1920,10.0,3.7,2.3,2.7,0.31,0.19,0.23,13,8,10,4.3,4.1,3.4,0.38,0.36,0.3,16,15,12,7399704888,,,872,437,892,449,853,425,0.0201,-0.05033,-0.99853,-0.11197,-0.06272,-0.99173,3.76,3.748,3.747,,,,Valid,Valid,233.8,148.6,510.2,290.9,148.5,508.2,244.0,122.9,233.5,116.3,0.4544,0.4047,0.4644,0.4158,0.4443,0.3937,Screen Recording,Screen Recording Recording8.mp4,1920,1080,0,0,960,540,Fixation,456,227,876,444,0.4562,0.4107,,,,,,,,,,,
99582745,472182576485,Eye Tracker,LipReading_BJ,10/21/2025,CJY,Recording8,10/18/2025,10/18/2025,10:09:23.595,02:09:23.595,431768,Timeline1,Tobii I-VT (Fixation),1.241.54219,1080,1920,10.0,3.7,2.3,2.7,0.31,0.19,0.23,13,8,10,4.3,4.1,3.4,0.38,0.36,0.3,16,15,12,7399708888,,,879,440,906,454,853,426,0.02757,-0.04751,-0.99849,-0.11191,-0.0621,-0.99178,3.742,3.747,3.752,,,,Valid,Valid,233.8,148.6,510.3,290.8,148.5,508.3,247.8,124.3,233.5,116.6,0.458,0.4076,0.4717,0.4205,0.4444,0.3946,Screen Recording,Screen Recording Recording8.mp4,1920,1080,0,0,960,540,Fixation,456,227,876,444,0.4562,0.4107,,,,,,,,,,,
99586745,472182580485,Eye Tracker,LipReading_BJ,10/21/2025,CJY,Recording8,10/18/2025,10/18/2025,10:09:23.595,02:09:23.595,431768,Timeline1,Tobii I-VT (Fixation),1.241.54219,1080,1920,10.0,3.7,2.3,2.7,0.31,0.19,0.23,13,8,10,4.3,4.1,3.4,0.38,0.36,0.3,16,15,12,7399712888,,,877,445,899,457,855,433,0.02425,-0.04577,-0.99866,-0.11097,-0.05857,-0.9921,3.734,3.766,3.756,,,,Valid,Valid,233.7,148.5,510.4,290.8,148.4,508.4,246.1,125.1,234.0,118.4,0.4569,0.412,0.4684,0.4234,0.4453,0.4006,Screen Recording,Screen Recording Recording8.mp4,1920,1080,0,0,960,540,Fixation,456,227,876,444,0.4562,0.4107,,,,,,,,,,,
99590745,472182584485,Eye Tracker,LipReading_BJ,10/21/2025,CJY,Recording8,10/18/2025,10/18/2025,10:09:23.595,02:09:23.595,431768,Timeline1,Tobii I-VT (Fixation),1.241.54219,1080,1920,10.0,3.7,2.3,2.7,0.31,0.19,0.23,13,8,10,4.3,4.1,3.4,0.38,0.36,0.3,16,15,12,7399716888,,,879,441,904,449,853,434,0.02695,-0.05037,-0.99837,-0.11179,-0.05774,-0.99205,3.747,3.778,3.76,,,,Valid,Valid,233.7,148.5,510.5,290.8,148.4,508.5,247.5,122.7,233.5,118.8,0.4578,0.4086,0.4711,0.4153,0.4445,0.4019,Screen Recording,Screen Recording Recording8.mp4,1920,1080,0,0,960,540,Fixation,456,227,876,444,0.4562,0.4107,,,,,,,,,,,
99594744,472182588484,Eye Tracker,LipReading_BJ,10/21/2025,CJY,Recording8,10/18/2025,10/18/2025,10:09:23.595,02:09:23.595,431768,Timeline1,Tobii I-VT (Fixation),1.241.54219,1080,1920,10.0,3.7,2.3,2.7,0.31,0.19,0.23,13,8,10,4.3,4.1,3.4,0.38,0.36,0.3,16,15,12,7399720887,,,881,446,910,460,851,432,0.02986,-0.04412,-0.99858,-0.11279,-0.05898,-0.99187,3.777,3.773,3.778,,,,Valid,Valid,233.7,148.5,510.6,290.8,148.4,508.5,249.0,125.9,233.0,118.1,0.4586,0.4128,0.4739,0.426,0.4434,0.3996,Screen Recording,Screen Recording Recording8.mp4,1920,1080,0,0,960,540,Fixation,456,227,876,444,0.4562,0.4107,,,,,,,,,,,
99598745,472182592485,Eye Tracker,LipReading_BJ,10/21/2025,CJY,Recording8,10/18/2025,10/18/2025,10:09:23.595,02:09:23.595,431768,Timeline1,Tobii I-VT (Fixation),1.241.54219,1080,1920,10.0,3.7,2.3,2.7,0.31,0.19,0.23,13,8,10,4.3,4.1,3.4,0.38,0.36,0.3,16,15,12,7399724888,,,877,445,897,456,857,434,0.02281,-0.04602,-0.99868,-0.10995,-0.05759,-0.99227,3.779,3.78,3.778,,,,Valid,Valid,233.7,148.4,510.6,290.8,148.3,508.6,245.4,124.9,234.4,118.8,0.4566,0.4122,0.467,0.4226,0.4462,0.4019,Screen Recording,Screen Recording Recording8.mp4,1920,1080,0,0,960,540,Fixation,456,227,876,444,0.4562,0.4107,,,,,,,,,,,
99602741,472182596481,Eye Tracker,LipReading_BJ,10/21/2025,CJY,Recording8,10/18/2025,10/18/2025,10:09:23.595,02:09:23.595,431768,Timeline1,Tobii I-VT (Fixation),1.241.54219,1080,1920,10.0,3.7,2.3,2.7,0.31,0.19,0.23,13,8,10,4.3,4.1,3.4,0.38,0.36,0.3,16,15,12,7399728884,,,879,447,902,457,856,437,0.02582,-0.04539,-0.99864,-0.11026,-0.05563,-0.99234,3.798,3.783,3.776,,,,Valid,Valid,233.7,148.4,510.6,290.8,148.2,508.7,246.9,125.2,234.3,119.7,0.4578,0.4143,0.4699,0.4236,0.4458,0.4051,Screen Recording,Screen Recording Recording8.mp4,1920,1080,0,0,960,540,Fixation,456,227,876,444,0.4562,0.4107,,,,,,,,,,,
99606741,472182600481,Eye Tracker,LipReading_BJ,10/21/2025,CJY,Recording8,10/18/2025,10/18/2025,10:09:23.595,02:09:23.595,431768,Timeline1,Tobii I-VT (Fixation),1.241.54219,1080,1920,10.0,3.7,2.3,2.7,0.31,0.19,0.23,13,8,10,4.3,4.1,3.4,0.38,0.36,0.3,16,15,12,7399732884,,,882,444,905,454,858,433,0.02759,-0.0469,-0.99852,-0.10928,-0.0579,-0.99232,3.757,3.767,3.78,,,,Valid,Valid,233.7,148.3,510.7,290.8,148.2,508.8,247.8,124.4,234.7,118.5,0.4591,0.4109,0.4715,0.4208,0.4467,0.401,Screen Recording,Screen Recording Recording8.mp4,1920,1080,0,0,960,540,Fixation,456,227,876,444,0.4562,0.4107,,,,,,,,,,,
99610741,472182604481,Eye Tracker,LipReading_BJ,10/21/2025,CJY,Recording8,10/18/2025,10/18/2025,10:09:23.595,02:09:23.595,431768,Timeline1,Tobii I-VT (Fixation),1.241.54219,1080,1920,10.0,3.7,2.3,2.7,0.31,0.19,0.23,13,8,10,4.3,4.1,3.4,0.38,0.36,0.3,16,15,12,7399736884,,,882,440,909,448,855,432,0.02973,-0.05025,-0.99829,-0.1104,-0.05858,-0.99216,3.772,3.775,3.785,,,,Valid,Valid,233.6,148.3,510.9,290.7,148.2,508.8,248.8,122.6,234.1,118.1,0.4596,0.4072,0.4736,0.4147,0.4455,0.3997,Screen Recording,Screen Recording Recording8.mp4,1920,1080,0,0,960,540,Fixation,456,227,876,444,0.4562,0.4107,,,,,,,,,,,
99614741,472182608481,Eye Tracker,LipReading_BJ,10/21/2025,CJY,Recording8,10/18/2025,10/18/2025,10:09:23.595,02:09:23.595,431768,Timeline1,Tobii I-VT (Fixation),1.241.54219,1080,1920,10.0,3.7,2.3,2.7,0.31,0.19,0.23,13,8,10,4.3,4.1,3.4,0.38,0.36,0.3,16,15,12,7399740884,,,880,444,901,452,860,437,0.02529,-0.04797,-0.99853,-0.10801,-0.05588,-0.99258,3.793,3.798,3.785,,,,Valid,Valid,233.6,148.2,510.9,290.7,148.2,508.8,246.5,123.7,235.3,119.5,0.4585,0.4114,0.4692,0.4185,0.4479,0.4043,Screen Recording,Screen Recording Recording8.mp4,1920,1080,0,0,960,540,Fixation,456,227,876,444,0.4562,0.4107,,,,,,,,,,,
99618741,472182612481,Eye Tracker,LipReading_BJ,10/21/2025,CJY,Recording8,10/18/2025,10/18/2025,10:09:23.595,02:09:23.595,431768,Timeline1,Tobii I-VT (Fixation),1.241.54219,1080,1920,10.0,3.7,2.3,2.7,0.31,0.19,0.23,13,8,10,4.3,4.1,3.4,0.38,0.36,0.3,16,15,12,7399744884,,,882,445,902,458,862,431,0.02579,-0.04441,-0.99868,-0.10659,-0.05852,-0.99258,3.804,3.777,3.794,,,,Valid,Valid,233.6,148.2,510.9,290.7,148.1,509.0,246.8,125.5,236.0,118.1,0.4594,0.412,0.4697,0.4245,0.4492,0.3995,Screen Recording,Screen Recording Recording8.mp4,1920,1080,0,0,960,540,Fixation,456,227,876,444,0.4562,0.4107,,,,,,,,,,,
99622750,472182616490,Eye Tracker,LipReading_BJ,10/21/2025,CJY,Recording8,10/18/2025,10/18/2025,10:09:23.595,02:09:23.595,431768,Timeline1,Tobii I-VT (Fixation),1.241.54219,1080,1920,10.0,3.7,2.3,2.7,0.31,0.19,0.23,13,8,10,4.3,4.1,3.4,0.38,0.36,0.3,16,15,12,7399748893,,,879,443,903,457,855,430,0.02647,-0.04521,-0.99863,-0.11026,-0.05929,-0.99213,3.833,3.791,3.794,,,,Valid,Valid,233.6,148.1,511.0,290.7,148.0,509.1,247.1,125.0,234.1,117.6,0.4579,0.4105,0.4703,0.423,0.4455,0.3979,Screen Recording,Screen Recording Recording8.mp4,1920,1080,0,0,960,540,Fixation,456,227,876,444,0.4562,0.4107,,,,,,,,,,,
99626749,472182620489,Eye Tracker,LipReading_BJ,10/21/2025,CJY,Recording8,10/18/2025,10/18/2025,10:09:23.595,02:09:23.595,431768,Timeline1,Tobii I-VT (Fixation),1.241.54219,1080,1920,10.0,3.7,2.3,2.7,0.31,0.19,0.23,13,8,10,4.3,4.1,3.4,0.38,0.36,0.3,16,15,12,7399752892,,,878,440,902,450,854,429,0.02598,-0.04859,-0.99848,-0.11094,-0.05955,-0.99204,3.797,3.805,3.794,,,,Valid,Valid,233.5,148.1,511.1,290.6,148.0,509.2,246.8,123.2,233.7,117.4,0.4573,0.4071,0.4698,0.4169,0.4448,0.3972,Screen Recording,Screen Recording Recording8.mp4,1920,1080,0,0,960,540,Fixation,456,227,876,444,0.4562,0.4107,,,,,,,,,,,
99630749,472182624489,Eye Tracker,LipReading_BJ,10/21/2025,CJY,Recording8,10/18/2025,10/18/2025,10:09:23.595,02:09:23.595,431768,Timeline1,Tobii I-VT (Fixation),1.241.54219,1080,1920,10.0,3.7,2.3,2.7,0.31,0.19,0.23,13,8,10,4.3,4.1,3.4,0.38,0.36,0.3,16,15,12,7399756892,,,880,443,905,454,854,431,0.02757,-0.04652,-0.99854,-0.11072,-0.05816,-0.99215,3.787,3.791,3.796,,,,Valid,Valid,233.5,148.1,511.1,290.6,147.9,509.3,247.7,124.3,233.8,118.1,0.4581,0.4099,0.4713,0.4204,0.445,0.3994,Screen Recording,Screen Recording Recording8.mp4,1920,1080,0,0,960,540,Fixation,456,227,876,444,0.4562,0.4107,,,,,,,,,,,
99634741,472182628481,Eye Tracker,LipReading_BJ,10/21/2025,CJY,Recording8,10/18/2025,10/18/2025,10:09:23.595,02:09:23.595,431768,Timeline1,Tobii I-VT (Fixation),1.241.54219,1080,1920,10.0,3.7,2.3,2.7,0.31,0.19,0.23,13,8,10,4.3,4.1,3.4,0.38,0.36,0.3,16,15,12,7399760884,,,877,438,898,444,856,431,0.02397,-0.05198,-0.99836,-0.10959,-0.05804,-0.99228,3.788,3.796,3.795,,,,Valid,Valid,233.5,148.0,511.2,290.6,147.9,509.4,245.8,121.4,234.4,118.1,0.4569,0.4051,0.4678,0.4107,0.446,0.3995,Screen Recording,Screen Recording Recording8.mp4,1920,1080,0,0,960,540,Fixation,456,227,876,444,0.4562,0.4107,,,,,,,,,,,
