Recording timestamp,Computer timestamp,Sensor,Project name,Export date,Participant name,Recording name,Recording date,Recording date UTC,Recording start time,Recording start time UTC,Recording duration,Timeline name,Recording Fixation filter name,Recording software version,Recording resolution height,Recording resolution width,Recording monitor latency,Average calibration accuracy (mm),Average calibration precision SD (mm),Average calibration precision RMS (mm),Average calibration accuracy (degrees),Average calibration precision SD (degrees),Average calibration precision RMS (degrees),Average calibration accuracy (pixels),Average calibration precision SD (pixels),Average calibration precision RMS (pixels),Average validation accuracy (mm),Average validation precision SD (mm),Average validation precision RMS (mm),Average validation accuracy (degrees),Average validation precision SD (degrees),Average validation precision RMS (degrees),Average validation accuracy (pixels),Average validation precision SD (pixels),Average validation precision RMS (pixels),Eyetracker timestamp,Event,Event value,Gaze point X,Gaze point Y,Gaze point left X,Gaze point left Y,Gaze point right X,Gaze point right Y,Gaze direction left X,Gaze direction left Y,Gaze direction left Z,Gaze direction right X,Gaze direction right Y,Gaze direction right Z,Pupil diameter left,Pupil diameter right,Pupil diameter filtered,Eye openness left,Eye openness right,Eye openness filtered,Validity left,Validity right,Eye position left X (DACSmm),Eye position left Y (DACSmm),Eye position left Z (DACSmm),Eye position right X (DACSmm),Eye position right Y (DACSmm),Eye position right Z (DACSmm),Gaze point left X (DACSmm),Gaze point left Y (DACSmm),Gaze point right X (DACSmm),Gaze point right Y (DACSmm),Gaze point X (MCSnorm),Gaze point Y (MCSnorm),Gaze point left X (MCSnorm),Gaze point left Y (MCSnorm),Gaze point right X (MCSnorm),Gaze point right Y (MCSnorm),Presented Stimulus name,Presented Media name,Presented Media width,Presented Media height,Presented Media position X (DACSpx),Presented Media position Y (DACSpx),Original Media width,Original Media height,Eye movement type,Gaze event duration,Eye movement type index,Fixation point X,Fixation point Y,Fixation point X (MCSnorm),Fixation point Y (MCSnorm),Ungrouped,Client area position X (DACSpx),Client area position Y (DACSpx),Viewport position X,Viewport position Y,Viewport width,Viewport height,Full page width,Full page height,Mouse position X,Mouse position Y
173233651,1602700789,Eye Tracker,LipReading,08/25/2025,YanTianming,Recording16,05/10/2025,05/10/2025,14:25:35.695,06:25:35.695,387686,Timeline1,Tobii I-VT (Fixation),1.241.54219,1080,1920,10.0,5.1,9.5,10.6,0.53,1.02,1.13,19,35,39,6.6,5.5,2.9,0.7,0.62,0.32,24,20,11,1563809441,,,938,766,959,762,917,770,0.05923,0.25657,-0.96471,-0.06392,0.25528,-0.96475,3.963,4.287,4.125,,,,Valid,Valid,226.1,51.4,590.7,290.1,54.2,591.6,262.4,208.5,250.9,210.7,0.4885,0.7092,0.4994,0.7053,0.4776,0.713,Screen Recording,Screen Recording Recording16.mp4,1920,1080,0,0,960,540,Fixation,192,404,941,760,0.4903,0.7038,,,,,,,,,,,
173237651,1602704789,Eye Tracker,LipReading,08/25/2025,YanTianming,Recording16,05/10/2025,05/10/2025,14:25:35.695,06:25:35.695,387686,Timeline1,Tobii I-VT (Fixation),1.241.54219,1080,1920,10.0,5.1,9.5,10.6,0.53,1.02,1.13,19,35,39,6.6,5.5,2.9,0.7,0.62,0.32,24,20,11,1563813441,,,938,761,955,758,921,764,0.05752,0.25493,-0.96525,-0.06212,0.25288,-0.9655,3.963,4.29,4.125,,,,Valid,Valid,226.1,51.4,590.7,290.1,54.2,591.6,261.3,207.4,252.1,209.1,0.4885,0.7046,0.4973,0.7016,0.4797,0.7076,Screen Recording,Screen Recording Recording16.mp4,1920,1080,0,0,960,540,Fixation,192,404,941,760,0.4903,0.7038,,,,,,,,,,,
173241651,1602708789,Eye Tracker,LipReading,08/25/2025,YanTianming,Recording16,05/10/2025,05/10/2025,14:25:35.695,06:25:35.695,387686,Timeline1,Tobii I-VT (Fixation),1.241.54219,1080,1920,10.0,5.1,9.5,10.6,0.53,1.02,1.13,19,35,39,6.6,5.5,2.9,0.7,0.62,0.32,24,20,11,1563817441,,,936,760,952,755,921,765,0.05622,0.25376,-0.96563,-0.06229,0.25335,-0.96537,3.971,4.283,4.124,,,,Valid,Valid,226.1,51.4,590.7,290.1,54.2,591.6,260.5,206.6,252.0,209.4,0.4877,0.7038,0.4958,0.699,0.4795,0.7086,Screen Recording,Screen Recording Recording16.mp4,1920,1080,0,0,960,540,Fixation,192,404,941,760,0.4903,0.7038,,,,,,,,,,,
173245651,1602712789,Eye Tracker,LipReading,08/25/2025,YanTianming,Recording16,05/10/2025,05/10/2025,14:25:35.695,06:25:35.695,387686,Timeline1,Tobii I-VT (Fixation),1.241.54219,1080,1920,10.0,5.1,9.5,10.6,0.53,1.02,1.13,19,35,39,6.6,5.5,2.9,0.7,0.62,0.32,24,20,11,1563821441,,,937,761,956,761,919,760,0.058,0.25625,-0.96487,-0.06323,0.2512,-0.96587,3.966,4.286,4.126,,,,Valid,Valid,226.1,51.4,590.6,290.1,54.2,591.6,261.6,208.3,251.4,208.0,0.4882,0.7043,0.4979,0.7046,0.4784,0.7039,Screen Recording,Screen Recording Recording16.mp4,1920,1080,0,0,960,540,Fixation,192,404,941,760,0.4903,0.7038,,,,,,,,,,,
173249651,1602716789,Eye Tracker,LipReading,08/25/2025,YanTianming,Recording16,05/10/2025,05/10/2025,14:25:35.695,06:25:35.695,387686,Timeline1,Tobii I-VT (Fixation),1.241.54219,1080,1920,10.0,5.1,9.5,10.6,0.53,1.02,1.13,19,35,39,6.6,5.5,2.9,0.7,0.62,0.32,24,20,11,1563825441,,,936,768,953,758,919,777,0.05682,0.25523,-0.96521,-0.06316,0.25822,-0.96402,3.944,4.279,4.128,,,,Valid,Valid,226.1,51.4,590.7,290.1,54.2,591.6,260.9,207.6,251.4,212.7,0.4875,0.7109,0.4965,0.7023,0.4784,0.7195,Screen Recording,Screen Recording Recording16.mp4,1920,1080,0,0,960,540,Fixation,192,404,941,760,0.4903,0.7038,,,,,,,,,,,
173253650,1602720788,Eye Tracker,LipReading,08/25/2025,YanTianming,Recording16,05/10/2025,05/10/2025,14:25:35.695,06:25:35.695,387686,Timeline1,Tobii I-VT (Fixation),1.241.54219,1080,1920,10.0,5.1,9.5,10.6,0.53,1.02,1.13,19,35,39,6.6,5.5,2.9,0.7,0.62,0.32,24,20,11,1563829441,,,941,762,960,758,921,766,0.05997,0.2551,-0.96505,-0.06225,0.2537,-0.96528,3.972,4.288,4.127,,,,Valid,Valid,226.1,51.4,590.7,290.1,54.2,591.6,262.8,207.5,252.0,209.7,0.4899,0.7058,0.5002,0.7021,0.4796,0.7094,Screen Recording,Screen Recording Recording16.mp4,1920,1080,0,0,960,540,Fixation,192,404,941,760,0.4903,0.7038,,,,,,,,,,,
173257650,1602724788,Eye Tracker,LipReading,08/25/2025,YanTianming,Recording16,05/10/2025,05/10/2025,14:25:35.695,06:25:35.695,387686,Timeline1,Tobii I-VT (Fixation),1.241.54219,1080,1920,10.0,5.1,9.5,10.6,0.53,1.02,1.13,19,35,39,6.6,5.5,2.9,0.7,0.62,0.32,24,20,11,1563833441,,,939,768,959,765,919,770,0.05912,0.25804,-0.96433,-0.06289,0.25541,-0.96479,3.977,4.298,4.13,,,,Valid,Valid,226.1,51.4,590.7,290.1,54.2,591.6,262.3,209.4,251.6,210.8,0.489,0.7109,0.4993,0.7086,0.4788,0.7132,Screen Recording,Screen Recording Recording16.mp4,1920,1080,0,0,960,540,Fixation,192,404,941,760,0.4903,0.7038,,,,,,,,,,,
173261650,1602728788,Eye Tracker,LipReading,08/25/2025,YanTianming,Recording16,05/10/2025,05/10/2025,14:25:35.695,06:25:35.695,387686,Timeline1,Tobii I-VT (Fixation),1.241.54219,1080,1920,10.0,5.1,9.5,10.6,0.53,1.02,1.13,19,35,39,6.6,5.5,2.9,0.7,0.62,0.32,24,20,11,1563837441,,,939,762,957,757,922,766,0.05824,0.25463,-0.96528,-0.06176,0.25358,-0.96534,3.964,4.297,4.13,,,,Valid,Valid,226.1,51.4,590.7,290.1,54.2,591.6,261.8,207.2,252.3,209.6,0.4892,0.7051,0.4982,0.7011,0.4801,0.7091,Screen Recording,Screen Recording Recording16.mp4,1920,1080,0,0,960,540,Fixation,192,404,941,760,0.4903,0.7038,,,,,,,,,,,
173265650,1602732788,Eye Tracker,LipReading,08/25/2025,YanTianming,Recording16,05/10/2025,05/10/2025,14:25:35.695,06:25:35.695,387686,Timeline1,Tobii I-VT (Fixation),1.241.54219,1080,1920,10.0,5.1,9.5,10.6,0.53,1.02,1.13,19,35,39,6.6,5.5,2.9,0.7,0.62,0.32,24,20,11,1563841441,,,936,772,955,767,917,777,0.05755,0.25887,-0.9642,-0.06386,0.25824,-0.96397,3.982,4.281,4.137,,,,Valid,Valid,226.1,51.4,590.7,290.1,54.2,591.6,261.4,210.0,250.9,212.7,0.4875,0.715,0.4975,0.7104,0.4776,0.7196,Screen Recording,Screen Recording Recording16.mp4,1920,1080,0,0,960,540,Fixation,192,404,941,760,0.4903,0.7038,,,,,,,,,,,
173269650,1602736788,Eye Tracker,LipReading,08/25/2025,YanTianming,Recording16,05/10/2025,05/10/2025,14:25:35.695,06:25:35.695,387686,Timeline1,Tobii I-VT (Fixation),1.241.54219,1080,1920,10.0,5.1,9.5,10.6,0.53,1.02,1.13,19,35,39,6.6,5.5,2.9,0.7,0.62,0.32,24,20,11,1563845441,,,935,767,948,762,923,772,0.0544,0.2567,-0.96496,-0.06129,0.25602,-0.96473,3.96,4.278,4.132,,,,Valid,Valid,226.1,51.4,590.6,290.1,54.2,591.6,259.4,208.5,252.5,211.2,0.4872,0.71,0.4938,0.7055,0.4806,0.7145,Screen Recording,Screen Recording Recording16.mp4,1920,1080,0,0,960,540,Fixation,192,404,941,760,0.4903,0.7038,,,,,,,,,,,
173273650,1602740788,Eye Tracker,LipReading,08/25/2025,YanTianming,Recording16,05/10/2025,05/10/2025,14:25:35.695,06:25:35.695,387686,Timeline1,Tobii I-VT (Fixation),1.241.54219,1080,1920,10.0,5.1,9.5,10.6,0.53,1.02,1.13,19,35,39,6.6,5.5,2.9,0.7,0.62,0.32,24,20,11,1563849441,,,940,762,960,760,920,765,0.05966,0.25589,-0.96486,-0.06273,0.25302,-0.96543,3.977,4.302,4.129,,,,Valid,Valid,226.1,51.4,590.7,290.1,54.2,591.6,262.7,208.0,251.7,209.2,0.4894,0.7059,0.4999,0.7039,0.479,0.7079,Screen Recording,Screen Recording Recording16.mp4,1920,1080,0,0,960,540,Fixation,192,404,941,760,0.4903,0.7038,,,,,,,,,,,
173277647,1602744785,Eye Tracker,LipReading,08/25/2025,YanTianming,Recording16,05/10/2025,05/10/2025,14:25:35.695,06:25:35.695,387686,Timeline1,Tobii I-VT (Fixation),1.241.54219,1080,1920,10.0,5.1,9.5,10.6,0.53,1.02,1.13,19,35,39,6.6,5.5,2.9,0.7,0.62,0.32,24,20,11,1563853438,,,943,759,962,750,925,768,0.0605,0.25179,-0.96589,-0.06019,0.25458,-0.96518,3.97,4.293,4.124,,,,Valid,Valid,226.1,51.4,590.7,290.1,54.1,591.7,263.1,205.4,253.2,210.2,0.4914,0.703,0.5008,0.6948,0.482,0.7112,Screen Recording,Screen Recording Recording16.mp4,1920,1080,0,0,960,540,Fixation,192,404,941,760,0.4903,0.7038,,,,,,,,,,,
173281647,1602748785,Eye Tracker,LipReading,08/25/2025,YanTianming,Recording16,05/10/2025,05/10/2025,14:25:35.695,06:25:35.695,387686,Timeline1,Tobii I-VT (Fixation),1.241.54219,1080,1920,10.0,5.1,9.5,10.6,0.53,1.02,1.13,19,35,39,6.6,5.5,2.9,0.7,0.62,0.32,24,20,11,1563857438,,,938,767,953,758,923,775,0.05658,0.25521,-0.96523,-0.06128,0.25734,-0.96438,3.981,4.272,4.121,,,,Valid,Valid,226.1,51.4,590.7,290.1,54.1,591.7,260.8,207.6,252.5,212.0,0.4884,0.7098,0.4963,0.7022,0.4806,0.7173,Screen Recording,Screen Recording Recording16.mp4,1920,1080,0,0,960,540,Fixation,192,404,941,760,0.4903,0.7038,,,,,,,,,,,
173285647,1602752785,Eye Tracker,LipReading,08/25/2025,YanTianming,Recording16,05/10/2025,05/10/2025,14:25:35.695,06:25:35.695,387686,Timeline1,Tobii I-VT (Fixation),1.241.54219,1080,1920,10.0,5.1,9.5,10.6,0.53,1.02,1.13,19,35,39,6.6,5.5,2.9,0.7,0.62,0.32,24,20,11,1563861438,,,940,768,957,761,924,776,0.05839,0.25609,-0.96489,-0.06077,0.25774,-0.9643,3.965,4.265,4.121,,,,Valid,Valid,226.1,51.4,590.7,290.1,54.1,591.7,261.9,208.1,252.8,212.3,0.4898,0.7112,0.4984,0.7042,0.4812,0.7182,Screen Recording,Screen Recording Recording16.mp4,1920,1080,0,0,960,540,Fixation,192,404,941,760,0.4903,0.7038,,,,,,,,,,,
173289647,1602756785,Eye Tracker,LipReading,08/25/2025,YanTianming,Recording16,05/10/2025,05/10/2025,14:25:35.695,06:25:35.695,387686,Timeline1,Tobii I-VT (Fixation),1.241.54219,1080,1920,10.0,5.1,9.5,10.6,0.53,1.02,1.13,19,35,39,6.6,5.5,2.9,0.7,0.62,0.32,24,20,11,1563865438,,,939,769,954,760,924,778,0.05692,0.25598,-0.965,-0.06063,0.2586,-0.96408,3.962,4.27,4.119,,,,Valid,Valid,226.1,51.4,590.7,290.1,54.1,591.7,261.0,208.0,252.9,212.8,0.489,0.712,0.4967,0.7039,0.4813,0.72,Screen Recording,Screen Recording Recording16.mp4,1920,1080,0,0,960,540,Fixation,192,404,941,760,0.4903,0.7038,,,,,,,,,,,
173293647,1602760785,Eye Tracker,LipReading,08/25/2025,YanTianming,Recording16,05/10/2025,05/10/2025,14:25:35.695,06:25:35.695,387686,Timeline1,Tobii I-VT (Fixation),1.241.54219,1080,1920,10.0,5.1,9.5,10.6,0.53,1.02,1.13,19,35,39,6.6,5.5,2.9,0.7,0.62,0.32,24,20,11,1563869438,,,939,768,956,757,922,779,0.05813,0.25477,-0.96525,-0.06164,0.25908,-0.96389,3.981,4.287,4.119,,,,Valid,Valid,226.1,51.3,590.7,290.1,54.1,591.8,261.7,207.3,252.3,213.1,0.4891,0.7112,0.4981,0.7012,0.4801,0.7211,Screen Recording,Screen Recording Recording16.mp4,1920,1080,0,0,960,540,Fixation,192,404,941,760,0.4903,0.7038,,,,,,,,,,,
173297647,1602764785,Eye Tracker,LipReading,08/25/2025,YanTianming,Recording16,05/10/2025,05/10/2025,14:25:35.695,06:25:35.695,387686,Timeline1,Tobii I-VT (Fixation),1.241.54219,1080,1920,10.0,5.1,9.5,10.6,0.53,1.02,1.13,19,35,39,6.6,5.5,2.9,0.7,0.62,0.32,24,20,11,1563873438,,,936,769,946,761,926,777,0.05371,0.25634,-0.96509,-0.05961,0.2583,-0.96422,3.956,4.273,4.125,,,,Valid,Valid,226.1,51.3,590.7,290.1,54.0,591.8,259.0,208.2,253.5,212.6,0.4877,0.7119,0.4929,0.7045,0.4825,0.7192,Screen Recording,Screen Recording Recording16.mp4,1920,1080,0,0,960,540,Fixation,192,404,941,760,0.4903,0.7038,,,,,,,,,,,
173301647,1602768785,Eye Tracker,LipReading,08/25/2025,YanTianming,Recording16,05/10/2025,05/10/2025,14:25:35.695,06:25:35.695,387686,Timeline1,Tobii I-VT (Fixation),1.241.54219,1080,1920,10.0,5.1,9.5,10.6,0.53,1.02,1.13,19,35,39,6.6,5.5,2.9,0.7,0.62,0.32,24,20,11,1563877438,,,939,772,958,761,921,783,0.05887,0.25647,-0.96476,-0.06199,0.26091,-0.96337,3.975,4.283,4.125,,,,Valid,Valid,226.1,51.3,590.7,290.1,54.1,591.8,262.2,208.4,252.0,214.3,0.4893,0.7151,0.499,0.705,0.4797,0.7252,Screen Recording,Screen Recording Recording16.mp4,1920,1080,0,0,960,540,Saccade,20,542,,,,,,,,,,,,,,,
173305647,1602772785,Eye Tracker,LipReading,08/25/2025,YanTianming,Recording16,05/10/2025,05/10/2025,14:25:35.695,06:25:35.695,387686,Timeline1,Tobii I-VT (Fixation),1.241.54219,1080,1920,10.0,5.1,9.5,10.6,0.53,1.02,1.13,19,35,39,6.6,5.5,2.9,0.7,0.62,0.32,24,20,11,1563881438,,,952,774,971,759,933,788,0.06471,0.25536,-0.96468,-0.05665,0.26301,-0.96313,3.971,4.278,4.118,,,,Valid,Valid,226.1,51.4,590.8,290.1,54.1,591.8,265.8,207.7,255.3,215.7,0.4958,0.7164,0.5058,0.7029,0.4859,0.7298,Screen Recording,Screen Recording Recording16.mp4,1920,1080,0,0,960,540,Saccade,20,542,,,,,,,,,,,,,,,
173309647,1602776785,Eye Tracker,LipReading,08/25/2025,YanTianming,Recording16,05/10/2025,05/10/2025,14:25:35.695,06:25:35.695,387686,Timeline1,Tobii I-VT (Fixation),1.241.54219,1080,1920,10.0,5.1,9.5,10.6,0.53,1.02,1.13,19,35,39,6.6,5.5,2.9,0.7,0.62,0.32,24,20,11,1563885438,,,971,791,983,783,959,800,0.06959,0.26505,-0.96172,-0.04488,0.26814,-0.96234,3.955,4.262,4.113,,,,Valid,Valid,226.1,51.4,590.8,290.1,54.1,591.9,268.9,214.2,262.5,219.0,0.5057,0.7329,0.5118,0.7248,0.4996,0.741,Screen Recording,Screen Recording Recording16.mp4,1920,1080,0,0,960,540,Saccade,20,542,,,,,,,,,,,,,,,
173313647,1602780785,Eye Tracker,LipReading,08/25/2025,YanTianming,Recording16,05/10/2025,05/10/2025,14:25:35.695,06:25:35.695,387686,Timeline1,Tobii I-VT (Fixation),1.241.54219,1080,1920,10.0,5.1,9.5,10.6,0.53,1.02,1.13,19,35,39,6.6,5.5,2.9,0.7,0.62,0.32,24,20,11,1563889438,,,976,788,992,774,960,801,0.07374,0.26137,-0.96242,-0.04442,0.26858,-0.96223,3.964,4.239,4.104,,,,Valid,Valid,226.2,51.4,590.8,290.1,54.0,592.0,271.4,211.9,262.8,219.3,0.5083,0.7294,0.5166,0.7169,0.5001,0.7419,Screen Recording,Screen Recording Recording16.mp4,1920,1080,0,0,960,540,Saccade,20,542,,,,,,,,,,,,,,,
173317647,1602784785,Eye Tracker,LipReading,08/25/2025,YanTianming,Recording16,05/10/2025,05/10/2025,14:25:35.695,06:25:35.695,387686,Timeline1,Tobii I-VT (Fixation),1.241.54219,1080,1920,10.0,5.1,9.5,10.6,0.53,1.02,1.13,19,35,39,6.6,5.5,2.9,0.7,0.62,0.32,24,20,11,1563893438,,,976,797,996,784,956,811,0.07558,0.26524,-0.96122,-0.04613,0.2726,-0.96102,3.937,4.253,4.095,,,,Valid,Valid,226.1,51.4,590.8,290.1,54.0,592.1,272.6,214.5,261.7,222.0,0.5084,0.7383,0.5188,0.7256,0.498,0.751,Screen Recording,Screen Recording Recording16.mp4,1920,1080,0,0,960,540,Saccade,20,542,,,,,,,,,,,,,,,
173321647,1602788785,Eye Tracker,LipReading,08/25/2025,YanTianming,Recording16,05/10/2025,05/10/2025,14:25:35.695,06:25:35.695,387686,Timeline1,Tobii I-VT (Fixation),1.241.54219,1080,1920,10.0,5.1,9.5,10.6,0.53,1.02,1.13,19,35,39,6.6,5.5,2.9,0.7,0.62,0.32,24,20,11,1563897438,,,969,792,989,768,950,817,0.07255,0.25878,-0.96321,-0.0488,0.27497,-0.96021,3.928,4.247,4.09,,,,Valid,Valid,226.1,51.4,590.9,290.1,54.0,592.1,270.6,210.2,260.0,223.6,0.5049,0.7338,0.5151,0.7111,0.4948,0.7564,Screen Recording,Screen Recording Recording16.mp4,1920,1080,0,0,960,540,Fixation,592,405,966,745,0.503,0.6902,,,,,,,,,,,
173325647,1602792785,Eye Tracker,LipReading,08/25/2025,YanTianming,Recording16,05/10/2025,05/10/2025,14:25:35.695,06:25:35.695,387686,Timeline1,Tobii I-VT (Fixation),1.241.54219,1080,1920,10.0,5.1,9.5,10.6,0.53,1.02,1.13,19,35,39,6.6,5.5,2.9,0.7,0.62,0.32,24,20,11,1563901438,,,972,798,989,768,956,828,0.07259,0.25896,-0.96316,-0.04608,0.27948,-0.95904,3.929,4.253,4.09,,,,Valid,Valid,226.1,51.5,590.8,290.1,54.0,592.1,270.6,210.3,261.6,226.6,0.5065,0.7391,0.5151,0.7116,0.4979,0.7666,Screen Recording,Screen Recording Recording16.mp4,1920,1080,0,0,960,540,Fixation,592,405,966,745,0.503,0.6902,,,,,,,,,,,
173329647,1602796785,Eye Tracker,LipReading,08/25/2025,YanTianming,Recording16,05/10/2025,05/10/2025,14:25:35.695,06:25:35.695,387686,Timeline1,Tobii I-VT (Fixation),1.241.54219,1080,1920,10.0,5.1,9.5,10.6,0.53,1.02,1.13,19,35,39,6.6,5.5,2.9,0.7,0.62,0.32,24,20,11,1563905438,,,971,787,978,762,965,813,0.06759,0.25632,-0.96423,-0.04217,0.27336,-0.96099,3.932,4.236,4.084,,,,Valid,Valid,226.1,51.5,590.8,290.0,54.1,592.0,267.5,208.5,264.0,222.5,0.5058,0.7291,0.5091,0.7055,0.5025,0.7528,Screen Recording,Screen Recording Recording16.mp4,1920,1080,0,0,960,540,Fixation,592,405,966,745,0.503,0.6902,,,,,,,,,,,
173333647,1602800785,Eye Tracker,LipReading,08/25/2025,YanTianming,Recording16,05/10/2025,05/10/2025,14:25:35.695,06:25:35.695,387686,Timeline1,Tobii I-VT (Fixation),1.241.54219,1080,1920,10.0,5.1,9.5,10.6,0.53,1.02,1.13,19,35,39,6.6,5.5,2.9,0.7,0.62,0.32,24,20,11,1563909438,,,970,783,974,757,965,810,0.06627,0.25438,-0.96483,-0.04189,0.27196,-0.9614,3.934,4.23,4.081,,,,Valid,Valid,226.1,51.5,590.7,290.0,54.2,591.8,266.7,207.3,264.2,221.6,0.5051,0.7255,0.5075,0.7012,0.5028,0.7497,Screen Recording,Screen Recording Recording16.mp4,1920,1080,0,0,960,540,Fixation,592,405,966,745,0.503,0.6902,,,,,,,,,,,
173337647,1602804785,Eye Tracker,LipReading,08/25/2025,YanTianming,Recording16,05/10/2025,05/10/2025,14:25:35.695,06:25:35.695,387686,Timeline1,Tobii I-VT (Fixation),1.241.54219,1080,1920,10.0,5.1,9.5,10.6,0.53,1.02,1.13,19,35,39,6.6,5.5,2.9,0.7,0.62,0.32,24,20,11,1563913438,,,969,789,975,766,963,812,0.06651,0.25806,-0.96384,-0.04304,0.27272,-0.96113,3.934,4.226,4.079,,,,Valid,Valid,226.0,51.5,590.7,290.0,54.2,591.7,266.8,209.7,263.5,222.1,0.5046,0.7304,0.5078,0.7094,0.5014,0.7515,Screen Recording,Screen Recording Recording16.mp4,1920,1080,0,0,960,540,Fixation,592,405,966,745,0.503,0.6902,,,,,,,,,,,
173341647,1602808785,Eye Tracker,LipReading,08/25/2025,YanTianming,Recording16,05/10/2025,05/10/2025,14:25:35.695,06:25:35.695,387686,Timeline1,Tobii I-VT (Fixation),1.241.54219,1080,1920,10.0,5.1,9.5,10.6,0.53,1.02,1.13,19,35,39,6.6,5.5,2.9,0.7,0.62,0.32,24,20,11,1563917438,,,969,780,986,759,953,801,0.07138,0.2548,-0.96436,-0.04749,0.26821,-0.96219,3.928,4.212,4.077,,,,Valid,Valid,226.0,51.5,590.7,289.9,54.2,591.7,269.7,207.6,260.7,219.2,0.5048,0.7219,0.5133,0.7024,0.4962,0.7415,Screen Recording,Screen Recording Recording16.mp4,1920,1080,0,0,960,540,Fixation,592,405,966,745,0.503,0.6902,,,,,,,,,,,
173344939,1602812077,Mouse,LipReading,08/25/2025,YanTianming,Recording16,05/10/2025,05/10/2025,14:25:35.695,06:25:35.695,387686,Timeline1,Tobii I-VT (Fixation),1.241.54219,1080,1920,10.0,5.1,9.5,10.6,0.53,1.02,1.13,19,35,39,6.6,5.5,2.9,0.7,0.62,0.32,24,20,11,,,,,,,,,,,,,,,,,,,,,,,,,,,,,,,,,,,,,,,,Screen Recording,Screen Recording Recording16.mp4,1920,1080,0,0,960,540,Fixation,592,405,966,745,0.503,0.6902,,,,,,,,,,979,826
173345646,1602812784,Eye Tracker,LipReading,08/25/2025,YanTianming,Recording16,05/10/2025,05/10/2025,14:25:35.695,06:25:35.695,387686,Timeline1,Tobii I-VT (Fixation),1.241.54219,1080,1920,10.0,5.1,9.5,10.6,0.53,1.02,1.13,19,35,39,6.6,5.5,2.9,0.7,0.62,0.32,24,20,11,1563921438,,,964,781,980,754,948,808,0.0691,0.2528,-0.96505,-0.04973,0.2711,-0.96127,3.903,4.226,4.067,,,,Valid,Valid,226.0,51.5,590.7,289.9,54.2,591.8,268.3,206.3,259.3,221.1,0.502,0.7229,0.5106,0.6978,0.4935,0.748,Screen Recording,Screen Recording Recording16.mp4,1920,1080,0,0,960,540,Fixation,592,405,966,745,0.503,0.6902,,,,,,,,,,,
173349646,1602816784,Eye Tracker,LipReading,08/25/2025,YanTianming,Recording16,05/10/2025,05/10/2025,14:25:35.695,06:25:35.695,387686,Timeline1,Tobii I-VT (Fixation),1.241.54219,1080,1920,10.0,5.1,9.5,10.6,0.53,1.02,1.13,19,35,39,6.6,5.5,2.9,0.7,0.62,0.32,24,20,11,1563925438,,,965,778,984,752,947,803,0.07068,0.25225,-0.96508,-0.05002,0.26922,-0.96178,3.906,4.238,4.066,,,,Valid,Valid,226.0,51.5,590.8,289.9,54.1,592.0,269.2,205.9,259.1,219.8,0.5028,0.7202,0.5124,0.6967,0.4931,0.7437,Screen Recording,Screen Recording Recording16.mp4,1920,1080,0,0,960,540,Fixation,592,405,966,745,0.503,0.6902,,,,,,,,,,,
173353646,1602820784,Eye Tracker,LipReading,08/25/2025,YanTianming,Recording16,05/10/2025,05/10/2025,14:25:35.695,06:25:35.695,387686,Timeline1,Tobii I-VT (Fixation),1.241.54219,1080,1920,10.0,5.1,9.5,10.6,0.53,1.02,1.13,19,35,39,6.6,5.5,2.9,0.7,0.62,0.32,24,20,11,1563929438,,,967,781,985,751,949,810,0.07112,0.25163,-0.96521,-0.04899,0.27219,-0.961,3.908,4.226,4.066,,,,Valid,Valid,225.9,51.5,590.9,289.9,54.0,592.2,269.5,205.5,259.7,221.8,0.5035,0.7228,0.5128,0.6953,0.4942,0.7503,Screen Recording,Screen Recording Recording16.mp4,1920,1080,0,0,960,540,Fixation,592,405,966,745,0.503,0.6902,,,,,,,,,,,
173357646,1602824784,Eye Tracker,LipReading,08/25/2025,YanTianming,Recording16,05/10/2025,05/10/2025,14:25:35.695,06:25:35.695,387686,Timeline1,Tobii I-VT (Fixation),1.241.54219,1080,1920,10.0,5.1,9.5,10.6,0.53,1.02,1.13,19,35,39,6.6,5.5,2.9,0.7,0.62,0.32,24,20,11,1563933438,,,966,783,981,760,951,806,0.06962,0.25532,-0.96435,-0.04791,0.27055,-0.96151,3.906,4.21,4.067,,,,Valid,Valid,225.9,51.5,590.8,289.8,54.1,592.1,268.6,207.9,260.3,220.7,0.5033,0.725,0.5111,0.7034,0.4955,0.7466,Screen Recording,Screen Recording Recording16.mp4,1920,1080,0,0,960,540,Fixation,592,405,966,745,0.503,0.6902,,,,,,,,,,,
173361646,1602828784,Eye Tracker,LipReading,08/25/2025,YanTianming,Recording16,05/10/2025,05/10/2025,14:25:35.695,06:25:35.695,387686,Timeline1,Tobii I-VT (Fixation),1.241.54219,1080,1920,10.0,5.1,9.5,10.6,0.53,1.02,1.13,19,35,39,6.6,5.5,2.9,0.7,0.62,0.32,24,20,11,1563937438,,,966,788,976,767,955,810,0.06719,0.2582,-0.96375,-0.04603,0.27208,-0.96117,3.933,4.229,4.062,,,,Valid,Valid,225.9,51.5,590.8,289.8,54.1,591.9,267.1,209.8,261.5,221.7,0.5029,0.7299,0.5083,0.7097,0.4976,0.7501,Screen Recording,Screen Recording Recording16.mp4,1920,1080,0,0,960,540,Fixation,592,405,966,745,0.503,0.6902,,,,,,,,,,,
173365646,1602832784,Eye Tracker,LipReading,08/25/2025,YanTianming,Recording16,05/10/2025,05/10/2025,14:25:35.695,06:25:35.695,387686,Timeline1,Tobii I-VT (Fixation),1.241.54219,1080,1920,10.0,5.1,9.5,10.6,0.53,1.02,1.13,19,35,39,6.6,5.5,2.9,0.7,0.62,0.32,24,20,11,1563941438,,,969,778,980,755,958,800,0.06901,0.25347,-0.96488,-0.04491,0.26788,-0.96241,3.929,4.203,4.069,,,,Valid,Valid,225.9,51.5,590.7,289.8,54.2,591.8,268.1,206.7,262.1,218.9,0.5046,0.7201,0.5103,0.6994,0.4989,0.7408,Screen Recording,Screen Recording Recording16.mp4,1920,1080,0,0,960,540,Fixation,592,405,966,745,0.503,0.6902,,,,,,,,,,,
173369646,1602836784,Eye Tracker,LipReading,08/25/2025,YanTianming,Recording16,05/10/2025,05/10/2025,14:25:35.695,06:25:35.695,387686,Timeline1,Tobii I-VT (Fixation),1.241.54219,1080,1920,10.0,5.1,9.5,10.6,0.53,1.02,1.13,19,35,39,6.6,5.5,2.9,0.7,0.62,0.32,24,20,11,1563945438,,,967,780,979,757,955,803,0.06895,0.25408,-0.96472,-0.04632,0.26908,-0.962,3.915,4.202,4.066,,,,Valid,Valid,225.8,51.5,590.7,289.7,54.2,591.7,268.0,207.1,261.2,219.8,0.5037,0.7221,0.5101,0.7007,0.4972,0.7435,Screen Recording,Screen Recording Recording16.mp4,1920,1080,0,0,960,540,Fixation,592,405,966,745,0.503,0.6902,,,,,,,,,,,
173370102,1602837240,Mouse,LipReading,08/25/2025,YanTianming,Recording16,05/10/2025,05/10/2025,14:25:35.695,06:25:35.695,387686,Timeline1,Tobii I-VT (Fixation),1.241.54219,1080,1920,10.0,5.1,9.5,10.6,0.53,1.02,1.13,19,35,39,6.6,5.5,2.9,0.7,0.62,0.32,24,20,11,,,,,,,,,,,,,,,,,,,,,,,,,,,,,,,,,,,,,,,,Screen Recording,Screen Recording Recording16.mp4,1920,1080,0,0,960,540,Fixation,592,405,966,745,0.503,0.6902,,,,,,,,,,980,827
173373646,1602840784,Eye Tracker,LipReading,08/25/2025,YanTianming,Recording16,05/10/2025,05/10/2025,14:25:35.695,06:25:35.695,387686,Timeline1,Tobii I-VT (Fixation),1.241.54219,1080,1920,10.0,5.1,9.5,10.6,0.53,1.02,1.13,19,35,39,6.6,5.5,2.9,0.7,0.62,0.32,24,20,11,1563949438,,,974,786,991,761,956,811,0.07412,0.25555,-0.96395,-0.0455,0.27257,-0.96106,3.933,4.211,4.059,,,,Valid,Valid,225.8,51.5,590.7,289.7,54.2,591.8,271.2,208.1,261.7,222.1,0.5071,0.7277,0.5162,0.7042,0.4981,0.7513,Screen Recording,Screen Recording Recording16.mp4,1920,1080,0,0,960,540,Fixation,592,405,966,745,0.503,0.6902,,,,,,,,,,,
173377646,1602844784,Eye Tracker,LipReading,08/25/2025,YanTianming,Recording16,05/10/2025,05/10/2025,14:25:35.695,06:25:35.695,387686,Timeline1,Tobii I-VT (Fixation),1.241.54219,1080,1920,10.0,5.1,9.5,10.6,0.53,1.02,1.13,19,35,39,6.6,5.5,2.9,0.7,0.62,0.32,24,20,11,1563953438,,,966,778,992,754,940,801,0.07464,0.25301,-0.96458,-0.05255,0.26827,-0.96191,3.907,4.204,4.059,,,,Valid,Valid,225.8,51.5,590.7,289.7,54.1,592.0,271.5,206.5,257.4,219.2,0.5032,0.7201,0.5166,0.6985,0.4898,0.7417,Screen Recording,Screen Recording Recording16.mp4,1920,1080,0,0,960,540,Fixation,592,405,966,745,0.503,0.6902,,,,,,,,,,,
173381646,1602848784,Eye Tracker,LipReading,08/25/2025,YanTianming,Recording16,05/10/2025,05/10/2025,14:25:35.695,06:25:35.695,387686,Timeline1,Tobii I-VT (Fixation),1.241.54219,1080,1920,10.0,5.1,9.5,10.6,0.53,1.02,1.13,19,35,39,6.6,5.5,2.9,0.7,0.62,0.32,24,20,11,1563957438,,,967,773,986,744,948,803,0.07193,0.24877,-0.96589,-0.04918,0.26898,-0.96189,3.903,4.211,4.064,,,,Valid,Valid,225.7,51.5,590.8,289.7,54.1,592.1,269.7,203.6,259.4,219.6,0.5035,0.7161,0.5133,0.689,0.4937,0.7431,Screen Recording,Screen Recording Recording16.mp4,1920,1080,0,0,960,540,Fixation,592,405,966,745,0.503,0.6902,,,,,,,,,,,
173385646,1602852784,Eye Tracker,LipReading,08/25/2025,YanTianming,Recording16,05/10/2025,05/10/2025,14:25:35.695,06:25:35.695,387686,Timeline1,Tobii I-VT (Fixation),1.241.54219,1080,1920,10.0,5.1,9.5,10.6,0.53,1.02,1.13,19,35,39,6.6,5.5,2.9,0.7,0.62,0.32,24,20,11,1563961438,,,968,776,988,755,949,797,0.07274,0.25329,-0.96465,-0.04865,0.26683,-0.96251,3.92,4.202,4.057,,,,Valid,Valid,225.7,51.4,590.9,289.7,54.0,592.2,270.3,206.6,259.7,218.2,0.5043,0.7186,0.5144,0.699,0.4943,0.7382,Screen Recording,Screen Recording Recording16.mp4,1920,1080,0,0,960,540,Fixation,592,405,966,745,0.503,0.6902,,,,,,,,,,,
173389646,1602856784,Eye Tracker,LipReading,08/25/2025,YanTianming,Recording16,05/10/2025,05/10/2025,14:25:35.695,06:25:35.695,387686,Timeline1,Tobii I-VT (Fixation),1.241.54219,1080,1920,10.0,5.1,9.5,10.6,0.53,1.02,1.13,19,35,39,6.6,5.5,2.9,0.7,0.62,0.32,24,20,11,1563965438,,,972,782,987,766,958,799,0.07249,0.25775,-0.96349,-0.0448,0.2676,-0.96249,3.927,4.207,4.056,,,,Valid,Valid,225.7,51.4,590.9,289.7,54.0,592.2,270.2,209.5,262.1,218.7,0.5065,0.7243,0.5141,0.7088,0.4988,0.7398,Screen Recording,Screen Recording Recording16.mp4,1920,1080,0,0,960,540,Fixation,592,405,966,745,0.503,0.6902,,,,,,,,,,,
173393646,1602860784,Eye Tracker,LipReading,08/25/2025,YanTianming,Recording16,05/10/2025,05/10/2025,14:25:35.695,06:25:35.695,387686,Timeline1,Tobii I-VT (Fixation),1.241.54219,1080,1920,10.0,5.1,9.5,10.6,0.53,1.02,1.13,19,35,39,6.6,5.5,2.9,0.7,0.62,0.32,24,20,11,1563969438,,,964,771,974,743,954,799,0.06663,0.24831,-0.96639,-0.04637,0.26762,-0.96241,3.901,4.209,4.053,,,,Valid,Valid,225.7,51.5,590.8,289.6,54.0,592.2,266.4,203.3,261.1,218.7,0.502,0.7138,0.5071,0.6877,0.4969,0.7399,Screen Recording,Screen Recording Recording16.mp4,1920,1080,0,0,960,540,Fixation,592,405,966,745,0.503,0.6902,,,,,,,,,,,
173397646,1602864784,Eye Tracker,LipReading,08/25/2025,YanTianming,Recording16,05/10/2025,05/10/2025,14:25:35.695,06:25:35.695,387686,Timeline1,Tobii I-VT (Fixation),1.241.54219,1080,1920,10.0,5.1,9.5,10.6,0.53,1.02,1.13,19,35,39,6.6,5.5,2.9,0.7,0.62,0.32,24,20,11,1563973438,,,967,768,975,746,958,789,0.06738,0.24985,-0.96594,-0.0447,0.26356,-0.96361,3.905,4.187,4.05,,,,Valid,Valid,225.7,51.5,590.8,289.6,54.0,592.1,266.9,204.3,262.2,216.0,0.5034,0.711,0.508,0.6911,0.4989,0.7308,Screen Recording,Screen Recording Recording16.mp4,1920,1080,0,0,960,540,Fixation,592,405,966,745,0.503,0.6902,,,,,,,,,,,
173401646,1602868784,Eye Tracker,LipReading,08/25/2025,YanTianming,Recording16,05/10/2025,05/10/2025,14:25:35.695,06:25:35.695,387686,Timeline1,Tobii I-VT (Fixation),1.241.54219,1080,1920,10.0,5.1,9.5,10.6,0.53,1.02,1.13,19,35,39,6.6,5.5,2.9,0.7,0.62,0.32,24,20,11,1563977438,,,967,765,972,733,962,797,0.06607,0.24427,-0.96745,-0.04288,0.26663,-0.96284,3.887,4.195,4.048,,,,Valid,Valid,225.7,51.5,590.7,289.6,54.0,592.1,266.0,200.6,263.2,218.0,0.5037,0.7082,0.5063,0.6788,0.501,0.7376,Screen Recording,Screen Recording Recording16.mp4,1920,1080,0,0,960,540,Fixation,592,405,966,745,0.503,0.6902,,,,,,,,,,,
173405646,1602872784,Eye Tracker,LipReading,08/25/2025,YanTianming,Recording16,05/10/2025,05/10/2025,14:25:35.695,06:25:35.695,387686,Timeline1,Tobii I-VT (Fixation),1.241.54219,1080,1920,10.0,5.1,9.5,10.6,0.53,1.02,1.13,19,35,39,6.6,5.5,2.9,0.7,0.62,0.32,24,20,11,1563981438,,,971,768,981,740,960,796,0.07015,0.24716,-0.96643,-0.0439,0.26625,-0.9629,3.92,4.195,4.05,,,,Valid,Valid,225.7,51.5,590.7,289.6,54.0,592.1,268.6,202.5,262.6,217.8,0.5055,0.711,0.5111,0.6853,0.4998,0.7368,Screen Recording,Screen Recording Recording16.mp4,1920,1080,0,0,960,540,Fixation,592,405,966,745,0.503,0.6902,,,,,,,,,,,
173409647,1602876785,Eye Tracker,LipReading,08/25/2025,YanTianming,Recording16,05/10/2025,05/10/2025,14:25:35.695,06:25:35.695,387686,Timeline1,Tobii I-VT (Fixation),1.241.54219,1080,1920,10.0,5.1,9.5,10.6,0.53,1.02,1.13,19,35,39,6.6,5.5,2.9,0.7,0.62,0.32,24,20,11,1563985439,,,969,758,982,734,956,783,0.07038,0.2445,-0.96709,-0.04556,0.26095,-0.96428,3.895,4.21,4.052,,,,Valid,Valid,225.7,51.4,590.7,289.6,54.0,592.1,268.7,200.8,261.6,214.3,0.5046,0.7022,0.5113,0.6794,0.498,0.725,Screen Recording,Screen Recording Recording16.mp4,1920,1080,0,0,960,540,Fixation,592,405,966,745,0.503,0.6902,,,,,,,,,,,
173413647,1602880785,Eye Tracker,LipReading,08/25/2025,YanTianming,Recording16,05/10/2025,05/10/2025,14:25:35.695,06:25:35.695,387686,Timeline1,Tobii I-VT (Fixation),1.241.54219,1080,1920,10.0,5.1,9.5,10.6,0.53,1.02,1.13,19,35,39,6.6,5.5,2.9,0.7,0.62,0.32,24,20,11,1563989439,,,971,762,979,742,963,783,0.06884,0.24806,-0.96629,-0.04231,0.26087,-0.96445,3.914,4.175,4.05,,,,Valid,Valid,225.7,51.4,590.7,289.6,54.0,592.1,267.8,203.1,263.7,214.2,0.5057,0.7059,0.5096,0.6871,0.5018,0.7247,Screen Recording,Screen Recording Recording16.mp4,1920,1080,0,0,960,540,Fixation,592,405,966,745,0.503,0.6902,,,,,,,,,,,
173417647,1602884785,Eye Tracker,LipReading,08/25/2025,YanTianming,Recording16,05/10/2025,05/10/2025,14:25:35.695,06:25:35.695,387686,Timeline1,Tobii I-VT (Fixation),1.241.54219,1080,1920,10.0,5.1,9.5,10.6,0.53,1.02,1.13,19,35,39,6.6,5.5,2.9,0.7,0.62,0.32,24,20,11,1563993439,,,963,760,975,743,951,777,0.06738,0.24848,-0.96629,-0.04805,0.2585,-0.96482,3.909,4.191,4.05,,,,Valid,Valid,225.7,51.4,590.7,289.7,54.0,592.1,266.9,203.3,260.2,212.7,0.5016,0.7037,0.508,0.6879,0.4951,0.7195,Screen Recording,Screen Recording Recording16.mp4,1920,1080,0,0,960,540,Fixation,592,405,966,745,0.503,0.6902,,,,,,,,,,,
173421067,1602888205,Mouse,LipReading,08/25/2025,YanTianming,Recording16,05/10/2025,05/10/2025,14:25:35.695,06:25:35.695,387686,Timeline1,Tobii I-VT (Fixation),1.241.54219,1080,1920,10.0,5.1,9.5,10.6,0.53,1.02,1.13,19,35,39,6.6,5.5,2.9,0.7,0.62,0.32,24,20,11,,,,,,,,,,,,,,,,,,,,,,,,,,,,,,,,,,,,,,,,Screen Recording,Screen Recording Recording16.mp4,1920,1080,0,0,960,540,Fixation,592,405,966,745,0.503,0.6902,,,,,,,,,,982,829
173421647,1602888785,Eye Tracker,LipReading,08/25/2025,YanTianming,Recording16,05/10/2025,05/10/2025,14:25:35.695,06:25:35.695,387686,Timeline1,Tobii I-VT (Fixation),1.241.54219,1080,1920,10.0,5.1,9.5,10.6,0.53,1.02,1.13,19,35,39,6.6,5.5,2.9,0.7,0.62,0.32,24,20,11,1563997439,,,970,760,986,738,953,781,0.07223,0.24642,-0.96647,-0.04683,0.26031,-0.96439,3.889,4.19,4.05,,,,Valid,Valid,225.7,51.4,590.8,289.7,54.0,592.1,269.9,202.0,260.9,213.8,0.5051,0.7035,0.5136,0.6835,0.4966,0.7235,Screen Recording,Screen Recording Recording16.mp4,1920,1080,0,0,960,540,Fixation,592,405,966,745,0.503,0.6902,,,,,,,,,,,
173425647,1602892785,Eye Tracker,LipReading,08/25/2025,YanTianming,Recording16,05/10/2025,05/10/2025,14:25:35.695,06:25:35.695,387686,Timeline1,Tobii I-VT (Fixation),1.241.54219,1080,1920,10.0,5.1,9.5,10.6,0.53,1.02,1.13,19,35,39,6.6,5.5,2.9,0.7,0.62,0.32,24,20,11,1564001439,,,971,758,986,742,955,775,0.07207,0.24803,-0.96607,-0.04614,0.25761,-0.96515,3.909,4.184,4.047,,,,Valid,Valid,225.7,51.4,590.7,289.7,54.0,592.0,269.8,203.1,261.4,212.1,0.5055,0.7023,0.5135,0.6871,0.4975,0.7175,Screen Recording,Screen Recording Recording16.mp4,1920,1080,0,0,960,540,Fixation,592,405,966,745,0.503,0.6902,,,,,,,,,,,
173429647,1602896785,Eye Tracker,LipReading,08/25/2025,YanTianming,Recording16,05/10/2025,05/10/2025,14:25:35.695,06:25:35.695,387686,Timeline1,Tobii I-VT (Fixation),1.241.54219,1080,1920,10.0,5.1,9.5,10.6,0.53,1.02,1.13,19,35,39,6.6,5.5,2.9,0.7,0.62,0.32,24,20,11,1564005439,,,965,756,981,737,949,776,0.06976,0.2459,-0.96678,-0.04877,0.2578,-0.96497,3.888,4.191,4.037,,,,Valid,Valid,225.8,51.4,590.7,289.7,54.1,591.9,268.4,201.7,259.8,212.2,0.5026,0.7002,0.5108,0.6823,0.4944,0.7181,Screen Recording,Screen Recording Recording16.mp4,1920,1080,0,0,960,540,Fixation,592,405,966,745,0.503,0.6902,,,,,,,,,,,
173433647,1602900785,Eye Tracker,LipReading,08/25/2025,YanTianming,Recording16,05/10/2025,05/10/2025,14:25:35.695,06:25:35.695,387686,Timeline1,Tobii I-VT (Fixation),1.241.54219,1080,1920,10.0,5.1,9.5,10.6,0.53,1.02,1.13,19,35,39,6.6,5.5,2.9,0.7,0.62,0.32,24,20,11,1564009439,,,962,762,978,742,946,783,0.06848,0.24791,-0.96636,-0.05038,0.26096,-0.96403,3.903,4.184,4.036,,,,Valid,Valid,225.8,51.4,590.6,289.7,54.2,591.7,267.7,203.0,258.8,214.4,0.501,0.706,0.5094,0.6867,0.4925,0.7253,Screen Recording,Screen Recording Recording16.mp4,1920,1080,0,0,960,540,Fixation,592,405,966,745,0.503,0.6902,,,,,,,,,,,
173437646,1602904784,Eye Tracker,LipReading,08/25/2025,YanTianming,Recording16,05/10/2025,05/10/2025,14:25:35.695,06:25:35.695,387686,Timeline1,Tobii I-VT (Fixation),1.241.54219,1080,1920,10.0,5.1,9.5,10.6,0.53,1.02,1.13,19,35,39,6.6,5.5,2.9,0.7,0.62,0.32,24,20,11,1564013439,,,965,757,976,735,953,780,0.06767,0.24516,-0.96712,-0.04697,0.25956,-0.96459,3.883,4.185,4.037,,,,Valid,Valid,225.8,51.4,590.7,289.7,54.2,591.7,267.2,201.2,260.9,213.4,0.5025,0.7014,0.5085,0.6806,0.4966,0.7221,Screen Recording,Screen Recording Recording16.mp4,1920,1080,0,0,960,540,Fixation,592,405,966,745,0.503,0.6902,,,,,,,,,,,
173441646,1602908784,Eye Tracker,LipReading,08/25/2025,YanTianming,Recording16,05/10/2025,05/10/2025,14:25:35.695,06:25:35.695,387686,Timeline1,Tobii I-VT (Fixation),1.241.54219,1080,1920,10.0,5.1,9.5,10.6,0.53,1.02,1.13,19,35,39,6.6,5.5,2.9,0.7,0.62,0.32,24,20,11,1564017439,,,968,752,968,723,968,781,0.0639,0.23997,-0.96868,-0.04052,0.26021,-0.9647,3.862,4.182,4.037,,,,Valid,Valid,225.9,51.4,590.7,289.8,54.2,591.8,264.8,197.8,264.9,213.8,0.5041,0.6962,0.504,0.6691,0.5042,0.7233,Screen Recording,Screen Recording Recording16.mp4,1920,1080,0,0,960,540,Fixation,592,405,966,745,0.503,0.6902,,,,,,,,,,,
173445646,1602912784,Eye Tracker,LipReading,08/25/2025,YanTianming,Recording16,05/10/2025,05/10/2025,14:25:35.695,06:25:35.695,387686,Timeline1,Tobii I-VT (Fixation),1.241.54219,1080,1920,10.0,5.1,9.5,10.6,0.53,1.02,1.13,19,35,39,6.6,5.5,2.9,0.7,0.62,0.32,24,20,11,1564021439,,,971,752,975,731,966,773,0.06726,0.2436,-0.96754,-0.04151,0.25698,-0.96553,3.889,4.186,4.034,,,,Valid,Valid,225.9,51.4,590.7,289.8,54.1,592.0,267.0,200.2,264.4,211.6,0.5056,0.6966,0.5081,0.6772,0.5031,0.716,Screen Recording,Screen Recording Recording16.mp4,1920,1080,0,0,960,540,Fixation,592,405,966,745,0.503,0.6902,,,,,,,,,,,
173449646,1602916784,Eye Tracker,LipReading,08/25/2025,YanTianming,Recording16,05/10/2025,05/10/2025,14:25:35.695,06:25:35.695,387686,Timeline1,Tobii I-VT (Fixation),1.241.54219,1080,1920,10.0,5.1,9.5,10.6,0.53,1.02,1.13,19,35,39,6.6,5.5,2.9,0.7,0.62,0.32,24,20,11,1564025439,,,964,760,976,740,952,779,0.06732,0.24735,-0.96658,-0.04768,0.25941,-0.96459,3.888,4.196,4.03,,,,Valid,Valid,225.9,51.4,590.7,289.9,54.0,592.1,267.1,202.6,260.6,213.3,0.5021,0.7035,0.5083,0.6854,0.496,0.7216,Screen Recording,Screen Recording Recording16.mp4,1920,1080,0,0,960,540,Fixation,592,405,966,745,0.503,0.6902,,,,,,,,,,,
173453646,1602920784,Eye Tracker,LipReading,08/25/2025,YanTianming,Recording16,05/10/2025,05/10/2025,14:25:35.695,06:25:35.695,387686,Timeline1,Tobii I-VT (Fixation),1.241.54219,1080,1920,10.0,5.1,9.5,10.6,0.53,1.02,1.13,19,35,39,6.6,5.5,2.9,0.7,0.62,0.32,24,20,11,1564029439,,,971,751,985,725,958,777,0.07129,0.24102,-0.9679,-0.04524,0.25866,-0.96491,3.877,4.169,4.033,,,,Valid,Valid,225.9,51.4,590.8,289.9,54.1,592.0,269.5,198.5,262.1,212.8,0.5059,0.6958,0.5128,0.6716,0.4989,0.7199,Screen Recording,Screen Recording Recording16.mp4,1920,1080,0,0,960,540,Fixation,592,405,966,745,0.503,0.6902,,,,,,,,,,,
173457646,1602924784,Eye Tracker,LipReading,08/25/2025,YanTianming,Recording16,05/10/2025,05/10/2025,14:25:35.695,06:25:35.695,387686,Timeline1,Tobii I-VT (Fixation),1.241.54219,1080,1920,10.0,5.1,9.5,10.6,0.53,1.02,1.13,19,35,39,6.6,5.5,2.9,0.7,0.62,0.32,24,20,11,1564033439,,,967,743,986,713,948,774,0.07213,0.23571,-0.96914,-0.04975,0.25704,-0.96512,3.854,4.184,4.031,,,,Valid,Valid,226.0,51.5,590.7,289.9,54.2,591.8,269.9,195.1,259.4,211.8,0.5037,0.6884,0.5137,0.6601,0.4937,0.7166,Screen Recording,Screen Recording Recording16.mp4,1920,1080,0,0,960,540,Fixation,592,405,966,745,0.503,0.6902,,,,,,,,,,,
173461646,1602928784,Eye Tracker,LipReading,08/25/2025,YanTianming,Recording16,05/10/2025,05/10/2025,14:25:35.695,06:25:35.695,387686,Timeline1,Tobii I-VT (Fixation),1.241.54219,1080,1920,10.0,5.1,9.5,10.6,0.53,1.02,1.13,19,35,39,6.6,5.5,2.9,0.7,0.62,0.32,24,20,11,1564037439,,,967,754,982,728,952,780,0.07013,0.2423,-0.96766,-0.04813,0.2597,-0.96449,3.881,4.185,4.03,,,,Valid,Valid,226.0,51.5,590.6,289.9,54.2,591.7,268.8,199.4,260.4,213.5,0.5036,0.6985,0.5116,0.6745,0.4956,0.7225,Screen Recording,Screen Recording Recording16.mp4,1920,1080,0,0,960,540,Fixation,592,405,966,745,0.503,0.6902,,,,,,,,,,,
173465646,1602932784,Eye Tracker,LipReading,08/25/2025,YanTianming,Recording16,05/10/2025,05/10/2025,14:25:35.695,06:25:35.695,387686,Timeline1,Tobii I-VT (Fixation),1.241.54219,1080,1920,10.0,5.1,9.5,10.6,0.53,1.02,1.13,19,35,39,6.6,5.5,2.9,0.7,0.62,0.32,24,20,11,1564041439,,,971,754,981,726,960,781,0.06961,0.24146,-0.96791,-0.04445,0.26004,-0.96458,3.877,4.191,4.023,,,,Valid,Valid,226.1,51.5,590.7,290.0,54.2,591.7,268.5,198.8,262.7,213.7,0.5055,0.6979,0.5111,0.6727,0.5,0.7231,Screen Recording,Screen Recording Recording16.mp4,1920,1080,0,0,960,540,Fixation,592,405,966,745,0.503,0.6902,,,,,,,,,,,
173469646,1602936784,Eye Tracker,LipReading,08/25/2025,YanTianming,Recording16,05/10/2025,05/10/2025,14:25:35.695,06:25:35.695,387686,Timeline1,Tobii I-VT (Fixation),1.241.54219,1080,1920,10.0,5.1,9.5,10.6,0.53,1.02,1.13,19,35,39,6.6,5.5,2.9,0.7,0.62,0.32,24,20,11,1564045439,,,972,744,977,715,967,773,0.06759,0.23659,-0.96926,-0.04149,0.25662,-0.96562,3.861,4.179,4.021,,,,Valid,Valid,226.1,51.5,590.7,290.0,54.1,591.9,267.3,195.6,264.6,211.4,0.5061,0.6886,0.5087,0.6619,0.5035,0.7153,Screen Recording,Screen Recording Recording16.mp4,1920,1080,0,0,960,540,Fixation,592,405,966,745,0.503,0.6902,,,,,,,,,,,
173473646,1602940784,Eye Tracker,LipReading,08/25/2025,YanTianming,Recording16,05/10/2025,05/10/2025,14:25:35.695,06:25:35.695,387686,Timeline1,Tobii I-VT (Fixation),1.241.54219,1080,1920,10.0,5.1,9.5,10.6,0.53,1.02,1.13,19,35,39,6.6,5.5,2.9,0.7,0.62,0.32,24,20,11,1564049439,,,973,742,984,717,962,767,0.07061,0.23756,-0.9688,-0.04363,0.25426,-0.96615,3.858,4.173,4.02,,,,Valid,Valid,226.1,51.5,590.7,290.0,54.1,592.0,269.2,196.3,263.3,209.9,0.5067,0.6871,0.5123,0.6642,0.5011,0.7101,Screen Recording,Screen Recording Recording16.mp4,1920,1080,0,0,960,540,Fixation,592,405,966,745,0.503,0.6902,,,,,,,,,,,
173477646,1602944784,Eye Tracker,LipReading,08/25/2025,YanTianming,Recording16,05/10/2025,05/10/2025,14:25:35.695,06:25:35.695,387686,Timeline1,Tobii I-VT (Fixation),1.241.54219,1080,1920,10.0,5.1,9.5,10.6,0.53,1.02,1.13,19,35,39,6.6,5.5,2.9,0.7,0.62,0.32,24,20,11,1564053439,,,969,747,980,721,958,773,0.06916,0.23912,-0.96852,-0.04552,0.25692,-0.96536,3.855,4.182,4.018,,,,Valid,Valid,226.1,51.4,590.7,290.1,54.1,592.1,268.3,197.3,262.2,211.6,0.5048,0.6917,0.5106,0.6675,0.4989,0.716,Screen Recording,Screen Recording Recording16.mp4,1920,1080,0,0,960,540,Fixation,592,405,966,745,0.503,0.6902,,,,,,,,,,,
173481646,1602948784,Eye Tracker,LipReading,08/25/2025,YanTianming,Recording16,05/10/2025,05/10/2025,14:25:35.695,06:25:35.695,387686,Timeline1,Tobii I-VT (Fixation),1.241.54219,1080,1920,10.0,5.1,9.5,10.6,0.53,1.02,1.13,19,35,39,6.6,5.5,2.9,0.7,0.62,0.32,24,20,11,1564057439,,,967,745,984,714,951,775,0.07084,0.23631,-0.96909,-0.04887,0.25765,-0.965,3.843,4.183,4.015,,,,Valid,Valid,226.2,51.4,590.7,290.1,54.1,592.0,269.3,195.5,260.1,212.1,0.5038,0.6896,0.5126,0.6614,0.4951,0.7178,Screen Recording,Screen Recording Recording16.mp4,1920,1080,0,0,960,540,Fixation,592,405,966,745,0.503,0.6902,,,,,,,,,,,
173485646,1602952784,Eye Tracker,LipReading,08/25/2025,YanTianming,Recording16,05/10/2025,05/10/2025,14:25:35.695,06:25:35.695,387686,Timeline1,Tobii I-VT (Fixation),1.241.54219,1080,1920,10.0,5.1,9.5,10.6,0.53,1.02,1.13,19,35,39,6.6,5.5,2.9,0.7,0.62,0.32,24,20,11,1564061439,,,962,742,976,720,949,765,0.06691,0.23865,-0.9688,-0.04979,0.25349,-0.96606,3.872,4.174,4.015,,,,Valid,Valid,226.2,51.4,590.7,290.1,54.1,591.9,267.0,197.0,259.6,209.4,0.5011,0.6875,0.5081,0.6664,0.4941,0.7086,Screen Recording,Screen Recording Recording16.mp4,1920,1080,0,0,960,540,Fixation,592,405,966,745,0.503,0.6902,,,,,,,,,,,
173489646,1602956784,Eye Tracker,LipReading,08/25/2025,YanTianming,Recording16,05/10/2025,05/10/2025,14:25:35.695,06:25:35.695,387686,Timeline1,Tobii I-VT (Fixation),1.241.54219,1080,1920,10.0,5.1,9.5,10.6,0.53,1.02,1.13,19,35,39,6.6,5.5,2.9,0.7,0.62,0.32,24,20,11,1564065439,,,963,743,981,716,945,771,0.06945,0.23695,-0.96904,-0.05162,0.25564,-0.96539,3.848,4.171,4.016,,,,Valid,Valid,226.2,51.5,590.6,290.1,54.2,591.7,268.5,195.9,258.5,210.9,0.5015,0.6882,0.511,0.6628,0.4919,0.7135,Screen Recording,Screen Recording Recording16.mp4,1920,1080,0,0,960,540,Fixation,592,405,966,745,0.503,0.6902,,,,,,,,,,,
173493646,1602960784,Eye Tracker,LipReading,08/25/2025,YanTianming,Recording16,05/10/2025,05/10/2025,14:25:35.695,06:25:35.695,387686,Timeline1,Tobii I-VT (Fixation),1.241.54219,1080,1920,10.0,5.1,9.5,10.6,0.53,1.02,1.13,19,35,39,6.6,5.5,2.9,0.7,0.62,0.32,24,20,11,1564069439,,,969,741,982,716,955,766,0.06993,0.23717,-0.96895,-0.04688,0.25372,-0.96614,3.857,4.176,4.019,,,,Valid,Valid,226.2,51.5,590.5,290.1,54.2,591.7,268.8,196.1,261.4,209.6,0.5046,0.6862,0.5116,0.6633,0.4975,0.7091,Screen Recording,Screen Recording Recording16.mp4,1920,1080,0,0,960,540,Fixation,592,405,966,745,0.503,0.6902,,,,,,,,,,,
173497646,1602964784,Eye Tracker,LipReading,08/25/2025,YanTianming,Recording16,05/10/2025,05/10/2025,14:25:35.695,06:25:35.695,387686,Timeline1,Tobii I-VT (Fixation),1.241.54219,1080,1920,10.0,5.1,9.5,10.6,0.53,1.02,1.13,19,35,39,6.6,5.5,2.9,0.7,0.62,0.32,24,20,11,1564073439,,,966,741,980,717,952,766,0.0688,0.23737,-0.96898,-0.04842,0.25373,-0.96606,3.864,4.165,4.014,,,,Valid,Valid,226.2,51.5,590.5,290.1,54.2,591.6,268.1,196.2,260.5,209.6,0.503,0.6865,0.5103,0.6637,0.4957,0.7092,Screen Recording,Screen Recording Recording16.mp4,1920,1080,0,0,960,540,Fixation,592,405,966,745,0.503,0.6902,,,,,,,,,,,
173501646,1602968784,Eye Tracker,LipReading,08/25/2025,YanTianming,Recording16,05/10/2025,05/10/2025,14:25:35.695,06:25:35.695,387686,Timeline1,Tobii I-VT (Fixation),1.241.54219,1080,1920,10.0,5.1,9.5,10.6,0.53,1.02,1.13,19,35,39,6.6,5.5,2.9,0.7,0.62,0.32,24,20,11,1564077439,,,966,745,975,722,958,767,0.06656,0.23954,-0.9686,-0.04582,0.2543,-0.96604,3.872,4.174,4.016,,,,Valid,Valid,226.2,51.5,590.5,290.1,54.2,591.6,266.8,197.6,262.1,210.0,0.5033,0.6894,0.5078,0.6684,0.4988,0.7105,Screen Recording,Screen Recording Recording16.mp4,1920,1080,0,0,960,540,Fixation,592,405,966,745,0.503,0.6902,,,,,,,,,,,
173505646,1602972784,Eye Tracker,LipReading,08/25/2025,YanTianming,Recording16,05/10/2025,05/10/2025,14:25:35.695,06:25:35.695,387686,Timeline1,Tobii I-VT (Fixation),1.241.54219,1080,1920,10.0,5.1,9.5,10.6,0.53,1.02,1.13,19,35,39,6.6,5.5,2.9,0.7,0.62,0.32,24,20,11,1564081439,,,967,741,978,712,956,770,0.06818,0.23536,-0.96951,-0.04649,0.2553,-0.96574,3.846,4.163,4.016,,,,Valid,Valid,226.2,51.5,590.5,290.1,54.2,591.6,267.7,194.9,261.7,210.6,0.5038,0.686,0.5096,0.6593,0.498,0.7127,Screen Recording,Screen Recording Recording16.mp4,1920,1080,0,0,960,540,Fixation,592,405,966,745,0.503,0.6902,,,,,,,,,,,
173509646,1602976784,Eye Tracker,LipReading,08/25/2025,YanTianming,Recording16,05/10/2025,05/10/2025,14:25:35.695,06:25:35.695,387686,Timeline1,Tobii I-VT (Fixation),1.241.54219,1080,1920,10.0,5.1,9.5,10.6,0.53,1.02,1.13,19,35,39,6.6,5.5,2.9,0.7,0.62,0.32,24,20,11,1564085439,,,965,737,976,710,954,763,0.06701,0.23455,-0.96979,-0.04756,0.25248,-0.96643,3.852,4.179,4.016,,,,Valid,Valid,226.2,51.5,590.5,290.1,54.2,591.6,267.0,194.3,261.0,208.8,0.5025,0.682,0.5082,0.6575,0.4968,0.7064,Screen Recording,Screen Recording Recording16.mp4,1920,1080,0,0,960,540,Fixation,592,405,966,745,0.503,0.6902,,,,,,,,,,,
173513646,1602980784,Eye Tracker,LipReading,08/25/2025,YanTianming,Recording16,05/10/2025,05/10/2025,14:25:35.695,06:25:35.695,387686,Timeline1,Tobii I-VT (Fixation),1.241.54219,1080,1920,10.0,5.1,9.5,10.6,0.53,1.02,1.13,19,35,39,6.6,5.5,2.9,0.7,0.62,0.32,24,20,11,1564089439,,,967,741,981,715,954,766,0.06951,0.23679,-0.96907,-0.04766,0.25395,-0.96604,3.857,4.177,4.015,,,,Valid,Valid,226.2,51.5,590.5,290.1,54.2,591.6,268.6,195.8,260.9,209.8,0.5039,0.6861,0.5111,0.6625,0.4966,0.7097,Screen Recording,Screen Recording Recording16.mp4,1920,1080,0,0,960,540,Fixation,592,405,966,745,0.503,0.6902,,,,,,,,,,,
173517646,1602984784,Eye Tracker,LipReading,08/25/2025,YanTianming,Recording16,05/10/2025,05/10/2025,14:25:35.695,06:25:35.695,387686,Timeline1,Tobii I-VT (Fixation),1.241.54219,1080,1920,10.0,5.1,9.5,10.6,0.53,1.02,1.13,19,35,39,6.6,5.5,2.9,0.7,0.62,0.32,24,20,11,1564093439,,,963,738,979,710,948,767,0.06853,0.23447,-0.96971,-0.05024,0.25415,-0.96586,3.856,4.178,4.015,,,,Valid,Valid,226.2,51.5,590.6,290.1,54.2,591.7,267.9,194.3,259.3,209.9,0.5017,0.6837,0.5099,0.6573,0.4936,0.7102,Screen Recording,Screen Recording Recording16.mp4,1920,1080,0,0,960,540,Fixation,592,405,966,745,0.503,0.6902,,,,,,,,,,,
173521646,1602988784,Eye Tracker,LipReading,08/25/2025,YanTianming,Recording16,05/10/2025,05/10/2025,14:25:35.695,06:25:35.695,387686,Timeline1,Tobii I-VT (Fixation),1.241.54219,1080,1920,10.0,5.1,9.5,10.6,0.53,1.02,1.13,19,35,39,6.6,5.5,2.9,0.7,0.62,0.32,24,20,11,1564097439,,,966,737,980,709,951,766,0.06896,0.23403,-0.96978,-0.04863,0.25384,-0.96602,3.837,4.187,4.014,,,,Valid,Valid,226.2,51.5,590.6,290.1,54.2,591.8,268.2,194.0,260.3,209.7,0.5029,0.6828,0.5104,0.6563,0.4954,0.7094,Screen Recording,Screen Recording Recording16.mp4,1920,1080,0,0,960,540,Fixation,592,405,966,745,0.503,0.6902,,,,,,,,,,,
173525645,1602992783,Eye Tracker,LipReading,08/25/2025,YanTianming,Recording16,05/10/2025,05/10/2025,14:25:35.695,06:25:35.695,387686,Timeline1,Tobii I-VT (Fixation),1.241.54219,1080,1920,10.0,5.1,9.5,10.6,0.53,1.02,1.13,19,35,39,6.6,5.5,2.9,0.7,0.62,0.32,24,20,11,1564101439,,,966,738,978,712,955,764,0.06791,0.23521,-0.96957,-0.04681,0.25306,-0.96632,3.848,4.181,4.013,,,,Valid,Valid,226.1,51.5,590.6,290.1,54.1,591.9,267.5,194.7,261.4,209.1,0.5033,0.6832,0.5091,0.6589,0.4975,0.7076,Screen Recording,Screen Recording Recording16.mp4,1920,1080,0,0,960,540,Fixation,592,405,966,745,0.503,0.6902,,,,,,,,,,,
173529645,1602996783,Eye Tracker,LipReading,08/25/2025,YanTianming,Recording16,05/10/2025,05/10/2025,14:25:35.695,06:25:35.695,387686,Timeline1,Tobii I-VT (Fixation),1.241.54219,1080,1920,10.0,5.1,9.5,10.6,0.53,1.02,1.13,19,35,39,6.6,5.5,2.9,0.7,0.62,0.32,24,20,11,1564105439,,,967,736,977,713,957,759,0.06755,0.23576,-0.96946,-0.04593,0.25084,-0.96694,3.85,4.168,4.012,,,,Valid,Valid,226.1,51.5,590.5,290.1,54.1,591.9,267.3,195.1,261.9,207.7,0.5036,0.6814,0.5087,0.6601,0.4985,0.7026,Screen Recording,Screen Recording Recording16.mp4,1920,1080,0,0,960,540,Fixation,592,405,966,745,0.503,0.6902,,,,,,,,,,,
173533645,1603000783,Eye Tracker,LipReading,08/25/2025,YanTianming,Recording16,05/10/2025,05/10/2025,14:25:35.695,06:25:35.695,387686,Timeline1,Tobii I-VT (Fixation),1.241.54219,1080,1920,10.0,5.1,9.5,10.6,0.53,1.02,1.13,19,35,39,6.6,5.5,2.9,0.7,0.62,0.32,24,20,11,1564109439,,,975,733,984,709,965,756,0.0709,0.23421,-0.9696,-0.04218,0.24984,-0.96737,3.837,4.175,4.012,,,,Valid,Valid,226.1,51.5,590.5,290.0,54.2,591.8,269.3,194.2,264.2,207.0,0.5077,0.6786,0.5125,0.6569,0.5028,0.7004,Screen Recording,Screen Recording Recording16.mp4,1920,1080,0,0,960,540,Fixation,592,405,966,745,0.503,0.6902,,,,,,,,,,,
173537642,1603004780,Eye Tracker,LipReading,08/25/2025,YanTianming,Recording16,05/10/2025,05/10/2025,14:25:35.695,06:25:35.695,387686,Timeline1,Tobii I-VT (Fixation),1.241.54219,1080,1920,10.0,5.1,9.5,10.6,0.53,1.02,1.13,19,35,39,6.6,5.5,2.9,0.7,0.62,0.32,24,20,11,1564113436,,,975,740,979,719,972,762,0.06854,0.23825,-0.96878,-0.03933,0.25211,-0.9669,3.866,4.169,4.02,,,,Valid,Valid,226.1,51.6,590.4,290.0,54.2,591.7,267.8,196.8,265.9,208.5,0.5079,0.6856,0.5097,0.6657,0.5061,0.7054,Screen Recording,Screen Recording Recording16.mp4,1920,1080,0,0,960,540,Fixation,592,405,966,745,0.503,0.6902,,,,,,,,,,,
173541642,1603008780,Eye Tracker,LipReading,08/25/2025,YanTianming,Recording16,05/10/2025,05/10/2025,14:25:35.695,06:25:35.695,387686,Timeline1,Tobii I-VT (Fixation),1.241.54219,1080,1920,10.0,5.1,9.5,10.6,0.53,1.02,1.13,19,35,39,6.6,5.5,2.9,0.7,0.62,0.32,24,20,11,1564117436,,,972,740,981,716,963,764,0.0697,0.23686,-0.96904,-0.04292,0.25311,-0.96649,3.875,4.174,4.021,,,,Valid,Valid,226.0,51.6,590.4,289.9,54.3,591.5,268.5,195.9,263.7,209.2,0.5064,0.6853,0.511,0.6628,0.5018,0.7078,Screen Recording,Screen Recording Recording16.mp4,1920,1080,0,0,960,540,Fixation,592,405,966,745,0.503,0.6902,,,,,,,,,,,
173545642,1603012780,Eye Tracker,LipReading,08/25/2025,YanTianming,Recording16,05/10/2025,05/10/2025,14:25:35.695,06:25:35.695,387686,Timeline1,Tobii I-VT (Fixation),1.241.54219,1080,1920,10.0,5.1,9.5,10.6,0.53,1.02,1.13,19,35,39,6.6,5.5,2.9,0.7,0.62,0.32,24,20,11,1564121436,,,962,749,974,731,950,768,0.06636,0.24329,-0.96768,-0.04876,0.25442,-0.96586,3.888,4.184,4.026,,,,Valid,Valid,226.0,51.6,590.4,289.9,54.3,591.6,266.5,200.0,260.1,210.1,0.5011,0.6938,0.5072,0.6767,0.4949,0.7108,Screen Recording,Screen Recording Recording16.mp4,1920,1080,0,0,960,540,Fixation,592,405,966,745,0.503,0.6902,,,,,,,,,,,
173549642,1603016780,Eye Tracker,LipReading,08/25/2025,YanTianming,Recording16,05/10/2025,05/10/2025,14:25:35.695,06:25:35.695,387686,Timeline1,Tobii I-VT (Fixation),1.241.54219,1080,1920,10.0,5.1,9.5,10.6,0.53,1.02,1.13,19,35,39,6.6,5.5,2.9,0.7,0.62,0.32,24,20,11,1564125436,,,962,735,974,709,950,761,0.06687,0.23392,-0.96995,-0.04894,0.2518,-0.96654,3.852,4.184,4.026,,,,Valid,Valid,226.0,51.5,590.5,289.9,54.2,591.7,266.7,193.9,259.9,208.4,0.5011,0.6805,0.5075,0.6561,0.4947,0.705,Screen Recording,Screen Recording Recording16.mp4,1920,1080,0,0,960,540,Fixation,592,405,966,745,0.503,0.6902,,,,,,,,,,,
173553642,1603020780,Eye Tracker,LipReading,08/25/2025,YanTianming,Recording16,05/10/2025,05/10/2025,14:25:35.695,06:25:35.695,387686,Timeline1,Tobii I-VT (Fixation),1.241.54219,1080,1920,10.0,5.1,9.5,10.6,0.53,1.02,1.13,19,35,39,6.6,5.5,2.9,0.7,0.62,0.32,24,20,11,1564129436,,,963,742,974,721,951,764,0.06654,0.23906,-0.96872,-0.04821,0.25294,-0.96628,3.867,4.21,4.018,,,,Valid,Valid,225.9,51.5,590.5,289.9,54.2,591.7,266.5,197.3,260.3,209.1,0.5013,0.6874,0.5072,0.6674,0.4955,0.7074,Screen Recording,Screen Recording Recording16.mp4,1920,1080,0,0,960,540,Fixation,592,405,966,745,0.503,0.6902,,,,,,,,,,,
173557642,1603024780,Eye Tracker,LipReading,08/25/2025,YanTianming,Recording16,05/10/2025,05/10/2025,14:25:35.695,06:25:35.695,387686,Timeline1,Tobii I-VT (Fixation),1.241.54219,1080,1920,10.0,5.1,9.5,10.6,0.53,1.02,1.13,19,35,39,6.6,5.5,2.9,0.7,0.62,0.32,24,20,11,1564133436,,,970,740,978,714,963,767,0.06844,0.23598,-0.96934,-0.04285,0.25407,-0.96624,3.85,4.181,4.018,,,,Valid,Valid,225.9,51.6,590.4,289.8,54.2,591.7,267.6,195.3,263.6,209.8,0.5054,0.6853,0.5093,0.6608,0.5016,0.7098,Screen Recording,Screen Recording Recording16.mp4,1920,1080,0,0,960,540,Fixation,592,405,966,745,0.503,0.6902,,,,,,,,,,,
173561642,1603028780,Eye Tracker,LipReading,08/25/2025,YanTianming,Recording16,05/10/2025,05/10/2025,14:25:35.695,06:25:35.695,387686,Timeline1,Tobii I-VT (Fixation),1.241.54219,1080,1920,10.0,5.1,9.5,10.6,0.53,1.02,1.13,19,35,39,6.6,5.5,2.9,0.7,0.62,0.32,24,20,11,1564137436,,,976,739,979,709,972,768,0.06927,0.23406,-0.96975,-0.03884,0.25465,-0.96625,3.851,4.194,4.024,,,,Valid,Valid,225.9,51.6,590.3,289.8,54.2,591.6,268.0,194.1,266.0,210.2,0.5082,0.6839,0.5101,0.6567,0.5062,0.7111,Screen Recording,Screen Recording Recording16.mp4,1920,1080,0,0,960,540,Fixation,592,405,966,745,0.503,0.6902,,,,,,,,,,,
173565642,1603032780,Eye Tracker,LipReading,08/25/2025,YanTianming,Recording16,05/10/2025,05/10/2025,14:25:35.695,06:25:35.695,387686,Timeline1,Tobii I-VT (Fixation),1.241.54219,1080,1920,10.0,5.1,9.5,10.6,0.53,1.02,1.13,19,35,39,6.6,5.5,2.9,0.7,0.62,0.32,24,20,11,1564141436,,,971,743,971,724,970,761,0.06533,0.24052,-0.96844,-0.03951,0.25161,-0.96702,3.871,4.179,4.025,,,,Valid,Valid,225.8,51.7,590.2,289.7,54.3,591.5,265.6,198.2,265.6,208.2,0.5055,0.6876,0.5056,0.6707,0.5054,0.7044,Screen Recording,Screen Recording Recording16.mp4,1920,1080,0,0,960,540,Fixation,592,405,966,745,0.503,0.6902,,,,,,,,,,,
173569642,1603036780,Eye Tracker,LipReading,08/25/2025,YanTianming,Recording16,05/10/2025,05/10/2025,14:25:35.695,06:25:35.695,387686,Timeline1,Tobii I-VT (Fixation),1.241.54219,1080,1920,10.0,5.1,9.5,10.6,0.53,1.02,1.13,19,35,39,6.6,5.5,2.9,0.7,0.62,0.32,24,20,11,1564145436,,,961,748,969,730,954,765,0.06445,0.24298,-0.96789,-0.04676,0.25343,-0.96622,3.876,4.18,4.025,,,,Valid,Valid,225.8,51.6,590.4,289.7,54.3,591.5,265.1,199.8,261.1,209.4,0.5007,0.6923,0.5045,0.676,0.4969,0.7086,Screen Recording,Screen Recording Recording16.mp4,1920,1080,0,0,960,540,Fixation,592,405,966,745,0.503,0.6902,,,,,,,,,,,
173573642,1603040780,Eye Tracker,LipReading,08/25/2025,YanTianming,Recording16,05/10/2025,05/10/2025,14:25:35.695,06:25:35.695,387686,Timeline1,Tobii I-VT (Fixation),1.241.54219,1080,1920,10.0,5.1,9.5,10.6,0.53,1.02,1.13,19,35,39,6.6,5.5,2.9,0.7,0.62,0.32,24,20,11,1564149436,,,959,740,973,726,944,753,0.06645,0.24137,-0.96815,-0.05116,0.24837,-0.96731,3.871,4.173,4.025,,,,Valid,Valid,225.7,51.5,590.5,289.7,54.3,591.5,266.3,198.8,258.4,206.2,0.4993,0.685,0.5067,0.6725,0.4918,0.6975,Screen Recording,Screen Recording Recording16.mp4,1920,1080,0,0,960,540,Fixation,592,405,966,745,0.503,0.6902,,,,,,,,,,,
173577642,1603044780,Eye Tracker,LipReading,08/25/2025,YanTianming,Recording16,05/10/2025,05/10/2025,14:25:35.695,06:25:35.695,387686,Timeline1,Tobii I-VT (Fixation),1.241.54219,1080,1920,10.0,5.1,9.5,10.6,0.53,1.02,1.13,19,35,39,6.6,5.5,2.9,0.7,0.62,0.32,24,20,11,1564153436,,,959,738,972,715,947,761,0.06595,0.2367,-0.96934,-0.05002,0.25179,-0.96649,3.845,4.168,4.025,,,,Valid,Valid,225.7,51.6,590.4,289.7,54.2,591.6,265.9,195.7,259.0,208.4,0.4995,0.6836,0.506,0.6623,0.493,0.705,Screen Recording,Screen Recording Recording16.mp4,1920,1080,0,0,960,540,Fixation,592,405,966,745,0.503,0.6902,,,,,,,,,,,
173581642,1603048780,Eye Tracker,LipReading,08/25/2025,YanTianming,Recording16,05/10/2025,05/10/2025,14:25:35.695,06:25:35.695,387686,Timeline1,Tobii I-VT (Fixation),1.241.54219,1080,1920,10.0,5.1,9.5,10.6,0.53,1.02,1.13,19,35,39,6.6,5.5,2.9,0.7,0.62,0.32,24,20,11,1564157436,,,964,741,970,720,958,762,0.06527,0.23889,-0.96885,-0.04474,0.25226,-0.96663,3.876,4.181,4.025,,,,Valid,Valid,225.7,51.6,590.3,289.6,54.3,591.6,265.5,197.2,262.2,208.6,0.5022,0.6865,0.5052,0.667,0.4991,0.7059,Screen Recording,Screen Recording Recording16.mp4,1920,1080,0,0,960,540,Fixation,592,405,966,745,0.503,0.6902,,,,,,,,,,,
173585642,1603052780,Eye Tracker,LipReading,08/25/2025,YanTianming,Recording16,05/10/2025,05/10/2025,14:25:35.695,06:25:35.695,387686,Timeline1,Tobii I-VT (Fixation),1.241.54219,1080,1920,10.0,5.1,9.5,10.6,0.53,1.02,1.13,19,35,39,6.6,5.5,2.9,0.7,0.62,0.32,24,20,11,1564161436,,,970,745,976,728,964,762,0.06791,0.24203,-0.96789,-0.04199,0.2521,-0.96679,3.87,4.196,4.025,,,,Valid,Valid,225.7,51.6,590.3,289.6,54.3,591.5,267.1,199.2,263.9,208.5,0.5053,0.6897,0.5083,0.674,0.5022,0.7055,Screen Recording,Screen Recording Recording16.mp4,1920,1080,0,0,960,540,Fixation,592,405,966,745,0.503,0.6902,,,,,,,,,,,
173589642,1603056780,Eye Tracker,LipReading,08/25/2025,YanTianming,Recording16,05/10/2025,05/10/2025,14:25:35.695,06:25:35.695,387686,Timeline1,Tobii I-VT (Fixation),1.241.54219,1080,1920,10.0,5.1,9.5,10.6,0.53,1.02,1.13,19,35,39,6.6,5.5,2.9,0.7,0.62,0.32,24,20,11,1564165436,,,971,745,974,724,967,767,0.0673,0.24032,-0.96836,-0.04069,0.25419,-0.9663,3.847,4.195,4.027,,,,Valid,Valid,225.7,51.6,590.2,289.6,54.3,591.5,266.7,198.1,264.7,209.9,0.5056,0.6902,0.5075,0.6703,0.5037,0.7101,Screen Recording,Screen Recording Recording16.mp4,1920,1080,0,0,960,540,Fixation,592,405,966,745,0.503,0.6902,,,,,,,,,,,
173593642,1603060780,Eye Tracker,LipReading,08/25/2025,YanTianming,Recording16,05/10/2025,05/10/2025,14:25:35.695,06:25:35.695,387686,Timeline1,Tobii I-VT (Fixation),1.241.54219,1080,1920,10.0,5.1,9.5,10.6,0.53,1.02,1.13,19,35,39,6.6,5.5,2.9,0.7,0.62,0.32,24,20,11,1564169436,,,974,740,979,718,969,763,0.06922,0.23787,-0.96883,-0.0399,0.25242,-0.9668,3.859,4.191,4.025,,,,Valid,Valid,225.6,51.6,590.2,289.5,54.3,591.4,267.8,196.5,265.1,208.7,0.5071,0.6855,0.5097,0.665,0.5046,0.7061,Screen Recording,Screen Recording Recording16.mp4,1920,1080,0,0,960,540,Fixation,592,405,966,745,0.503,0.6902,,,,,,,,,,,
173597642,1603064780,Eye Tracker,LipReading,08/25/2025,YanTianming,Recording16,05/10/2025,05/10/2025,14:25:35.695,06:25:35.695,387686,Timeline1,Tobii I-VT (Fixation),1.241.54219,1080,1920,10.0,5.1,9.5,10.6,0.53,1.02,1.13,19,35,39,6.6,5.5,2.9,0.7,0.62,0.32,24,20,11,1564173436,,,973,741,983,726,964,757,0.0712,0.24105,-0.9679,-0.0422,0.25,-0.96732,3.862,4.183,4.022,,,,Valid,Valid,225.6,51.6,590.1,289.5,54.3,591.4,269.0,198.6,263.7,207.1,0.507,0.6864,0.512,0.672,0.5019,0.7008,Screen Recording,Screen Recording Recording16.mp4,1920,1080,0,0,960,540,Fixation,592,405,966,745,0.503,0.6902,,,,,,,,,,,
173601642,1603068780,Eye Tracker,LipReading,08/25/2025,YanTianming,Recording16,05/10/2025,05/10/2025,14:25:35.695,06:25:35.695,387686,Timeline1,Tobii I-VT (Fixation),1.241.54219,1080,1920,10.0,5.1,9.5,10.6,0.53,1.02,1.13,19,35,39,6.6,5.5,2.9,0.7,0.62,0.32,24,20,11,1564177436,,,970,743,975,721,964,764,0.06767,0.23924,-0.9686,-0.04208,0.253,-0.96655,3.846,4.188,4.021,,,,Valid,Valid,225.6,51.6,590.1,289.5,54.3,591.5,266.9,197.4,263.8,209.1,0.505,0.6877,0.5079,0.6679,0.502,0.7074,Screen Recording,Screen Recording Recording16.mp4,1920,1080,0,0,960,540,Fixation,592,405,966,745,0.503,0.6902,,,,,,,,,,,
173605642,1603072780,Eye Tracker,LipReading,08/25/2025,YanTianming,Recording16,05/10/2025,05/10/2025,14:25:35.695,06:25:35.695,387686,Timeline1,Tobii I-VT (Fixation),1.241.54219,1080,1920,10.0,5.1,9.5,10.6,0.53,1.02,1.13,19,35,39,6.6,5.5,2.9,0.7,0.62,0.32,24,20,11,1564181436,,,971,742,982,725,960,758,0.07071,0.24076,-0.968,-0.04381,0.25049,-0.96713,3.857,4.177,4.02,,,,Valid,Valid,225.6,51.7,590.1,289.5,54.3,591.4,268.7,198.4,262.8,207.5,0.5058,0.6866,0.5115,0.6714,0.5001,0.7019,Screen Recording,Screen Recording Recording16.mp4,1920,1080,0,0,960,540,Fixation,592,405,966,745,0.503,0.6902,,,,,,,,,,,
173609642,1603076780,Eye Tracker,LipReading,08/25/2025,YanTianming,Recording16,05/10/2025,05/10/2025,14:25:35.695,06:25:35.695,387686,Timeline1,Tobii I-VT (Fixation),1.241.54219,1080,1920,10.0,5.1,9.5,10.6,0.53,1.02,1.13,19,35,39,6.6,5.5,2.9,0.7,0.62,0.32,24,20,11,1564185436,,,972,753,976,738,967,768,0.06791,0.24646,-0.96677,-0.04065,0.25457,-0.9662,3.886,4.178,4.017,,,,Valid,Valid,225.6,51.6,590.1,289.6,54.3,591.4,267.1,202.1,264.7,210.1,0.506,0.6973,0.5083,0.6837,0.5037,0.7108,Screen Recording,Screen Recording Recording16.mp4,1920,1080,0,0,960,540,Fixation,592,405,966,745,0.503,0.6902,,,,,,,,,,,
173613642,1603080780,Eye Tracker,LipReading,08/25/2025,YanTianming,Recording16,05/10/2025,05/10/2025,14:25:35.695,06:25:35.695,387686,Timeline1,Tobii I-VT (Fixation),1.241.54219,1080,1920,10.0,5.1,9.5,10.6,0.53,1.02,1.13,19,35,39,6.6,5.5,2.9,0.7,0.62,0.32,24,20,11,1564189436,,,967,742,973,721,960,764,0.06679,0.23913,-0.96869,-0.04373,0.25282,-0.96652,3.844,4.19,4.021,,,,Valid,Valid,225.7,51.6,590.1,289.6,54.3,591.4,266.3,197.3,262.8,209.0,0.5035,0.6873,0.5069,0.6676,0.5002,0.707,Screen Recording,Screen Recording Recording16.mp4,1920,1080,0,0,960,540,Fixation,592,405,966,745,0.503,0.6902,,,,,,,,,,,
173617641,1603084779,Eye Tracker,LipReading,08/25/2025,YanTianming,Recording16,05/10/2025,05/10/2025,14:25:35.695,06:25:35.695,387686,Timeline1,Tobii I-VT (Fixation),1.241.54219,1080,1920,10.0,5.1,9.5,10.6,0.53,1.02,1.13,19,35,39,6.6,5.5,2.9,0.7,0.62,0.32,24,20,11,1564193436,,,965,737,973,713,958,762,0.06654,0.23564,-0.96956,-0.04475,0.25209,-0.96667,3.847,4.199,4.025,,,,Valid,Valid,225.7,51.6,590.2,289.6,54.3,591.4,266.2,195.1,262.2,208.5,0.5028,0.6827,0.5066,0.6599,0.4991,0.7054,Screen Recording,Screen Recording Recording16.mp4,1920,1080,0,0,960,540,Fixation,592,405,966,745,0.503,0.6902,,,,,,,,,,,
173621641,1603088779,Eye Tracker,LipReading,08/25/2025,YanTianming,Recording16,05/10/2025,05/10/2025,14:25:35.695,06:25:35.695,387686,Timeline1,Tobii I-VT (Fixation),1.241.54219,1080,1920,10.0,5.1,9.5,10.6,0.53,1.02,1.13,19,35,39,6.6,5.5,2.9,0.7,0.62,0.32,24,20,11,1564197436,,,962,748,974,731,951,765,0.06681,0.24345,-0.96761,-0.04787,0.25355,-0.96614,3.875,4.184,4.025,,,,Valid,Valid,225.7,51.6,590.2,289.6,54.3,591.3,266.5,200.1,260.3,209.5,0.5013,0.6929,0.5071,0.677,0.4955,0.7088,Screen Recording,Screen Recording Recording16.mp4,1920,1080,0,0,960,540,Fixation,592,405,966,745,0.503,0.6902,,,,,,,,,,,
173625641,1603092779,Eye Tracker,LipReading,08/25/2025,YanTianming,Recording16,05/10/2025,05/10/2025,14:25:35.695,06:25:35.695,387686,Timeline1,Tobii I-VT (Fixation),1.241.54219,1080,1920,10.0,5.1,9.5,10.6,0.53,1.02,1.13,19,35,39,6.6,5.5,2.9,0.7,0.62,0.32,24,20,11,1564201436,,,962,749,975,728,948,770,0.06737,0.2421,-0.96791,-0.04922,0.25525,-0.96562,3.859,4.191,4.025,,,,Valid,Valid,225.7,51.6,590.2,289.7,54.3,591.3,266.8,199.2,259.5,210.6,0.5009,0.6933,0.5078,0.6741,0.4939,0.7126,Screen Recording,Screen Recording Recording16.mp4,1920,1080,0,0,960,540,Fixation,592,405,966,745,0.503,0.6902,,,,,,,,,,,
173629641,1603096779,Eye Tracker,LipReading,08/25/2025,YanTianming,Recording16,05/10/2025,05/10/2025,14:25:35.695,06:25:35.695,387686,Timeline1,Tobii I-VT (Fixation),1.241.54219,1080,1920,10.0,5.1,9.5,10.6,0.53,1.02,1.13,19,35,39,6.6,5.5,2.9,0.7,0.62,0.32,24,20,11,1564205436,,,962,739,972,720,952,757,0.06599,0.23877,-0.96883,-0.04789,0.24998,-0.96707,3.871,4.18,4.022,,,,Valid,Valid,225.8,51.6,590.2,289.7,54.3,591.3,266.0,197.1,260.4,207.1,0.5009,0.6838,0.5062,0.6667,0.4956,0.7009,Screen Recording,Screen Recording Recording16.mp4,1920,1080,0,0,960,540,Fixation,592,405,966,745,0.503,0.6902,,,,,,,,,,,
173633641,1603100779,Eye Tracker,LipReading,08/25/2025,YanTianming,Recording16,05/10/2025,05/10/2025,14:25:35.695,06:25:35.695,387686,Timeline1,Tobii I-VT (Fixation),1.241.54219,1080,1920,10.0,5.1,9.5,10.6,0.53,1.02,1.13,19,35,39,6.6,5.5,2.9,0.7,0.62,0.32,24,20,11,1564209436,,,965,743,972,724,957,762,0.06609,0.24024,-0.96846,-0.04562,0.25214,-0.96662,3.845,4.191,4.016,,,,Valid,Valid,225.8,51.7,590.1,289.7,54.3,591.3,266.1,198.0,261.8,208.5,0.5023,0.6878,0.5064,0.6701,0.4983,0.7056,Screen Recording,Screen Recording Recording16.mp4,1920,1080,0,0,960,540,Fixation,592,405,966,745,0.503,0.6902,,,,,,,,,,,
173637641,1603104779,Eye Tracker,LipReading,08/25/2025,YanTianming,Recording16,05/10/2025,05/10/2025,14:25:35.695,06:25:35.695,387686,Timeline1,Tobii I-VT (Fixation),1.241.54219,1080,1920,10.0,5.1,9.5,10.6,0.53,1.02,1.13,19,35,39,6.6,5.5,2.9,0.7,0.62,0.32,24,20,11,1564213436,,,969,742,982,726,956,757,0.07054,0.24116,-0.96792,-0.04584,0.25,-0.96716,3.852,4.178,4.014,,,,Valid,Valid,225.9,51.7,590.0,289.8,54.3,591.2,268.8,198.7,261.8,207.2,0.5049,0.6866,0.5117,0.6724,0.4982,0.7009,Screen Recording,Screen Recording Recording16.mp4,1920,1080,0,0,960,540,Fixation,592,405,966,745,0.503,0.6902,,,,,,,,,,,
173641641,1603108779,Eye Tracker,LipReading,08/25/2025,YanTianming,Recording16,05/10/2025,05/10/2025,14:25:35.695,06:25:35.695,387686,Timeline1,Tobii I-VT (Fixation),1.241.54219,1080,1920,10.0,5.1,9.5,10.6,0.53,1.02,1.13,19,35,39,6.6,5.5,2.9,0.7,0.62,0.32,24,20,11,1564217436,,,963,741,973,719,953,763,0.06649,0.2384,-0.96889,-0.04747,0.2526,-0.96641,3.851,4.17,4.013,,,,Valid,Valid,225.9,51.7,590.0,289.8,54.4,591.2,266.4,196.9,260.8,208.9,0.5017,0.6865,0.507,0.6662,0.4964,0.7068,Screen Recording,Screen Recording Recording16.mp4,1920,1080,0,0,960,540,Fixation,592,405,966,745,0.503,0.6902,,,,,,,,,,,
173645641,1603112779,Eye Tracker,LipReading,08/25/2025,YanTianming,Recording16,05/10/2025,05/10/2025,14:25:35.695,06:25:35.695,387686,Timeline1,Tobii I-VT (Fixation),1.241.54219,1080,1920,10.0,5.1,9.5,10.6,0.53,1.02,1.13,19,35,39,6.6,5.5,2.9,0.7,0.62,0.32,24,20,11,1564221436,,,960,735,972,712,948,757,0.06593,0.23543,-0.96965,-0.04996,0.24979,-0.96701,3.84,4.167,4.011,,,,Valid,Valid,225.9,51.7,590.2,289.9,54.4,591.2,266.1,194.9,259.4,207.1,0.5,0.6801,0.5064,0.6596,0.4936,0.7006,Screen Recording,Screen Recording Recording16.mp4,1920,1080,0,0,960,540,Fixation,592,405,966,745,0.503,0.6902,,,,,,,,,,,
173649641,1603116779,Eye Tracker,LipReading,08/25/2025,YanTianming,Recording16,05/10/2025,05/10/2025,14:25:35.695,06:25:35.695,387686,Timeline1,Tobii I-VT (Fixation),1.241.54219,1080,1920,10.0,5.1,9.5,10.6,0.53,1.02,1.13,19,35,39,6.6,5.5,2.9,0.7,0.62,0.32,24,20,11,1564225436,,,963,744,970,725,957,764,0.06466,0.2407,-0.96844,-0.04586,0.25287,-0.96641,3.854,4.174,4.012,,,,Valid,Valid,226.0,51.7,590.1,289.9,54.3,591.3,265.4,198.3,261.9,209.0,0.5017,0.6892,0.5051,0.671,0.4984,0.7073,Screen Recording,Screen Recording Recording16.mp4,1920,1080,0,0,960,540,Fixation,592,405,966,745,0.503,0.6902,,,,,,,,,,,
173653641,1603120779,Eye Tracker,LipReading,08/25/2025,YanTianming,Recording16,05/10/2025,05/10/2025,14:25:35.695,06:25:35.695,387686,Timeline1,Tobii I-VT (Fixation),1.241.54219,1080,1920,10.0,5.1,9.5,10.6,0.53,1.02,1.13,19,35,39,6.6,5.5,2.9,0.7,0.62,0.32,24,20,11,1564229436,,,965,737,973,721,957,754,0.06608,0.23893,-0.96879,-0.04611,0.2487,-0.96748,3.864,4.171,4.014,,,,Valid,Valid,226.1,51.7,590.0,290.0,54.4,591.1,266.3,197.2,261.8,206.4,0.5025,0.6828,0.5068,0.6673,0.4983,0.6982,Screen Recording,Screen Recording Recording16.mp4,1920,1080,0,0,960,540,Fixation,592,405,966,745,0.503,0.6902,,,,,,,,,,,
173657641,1603124779,Eye Tracker,LipReading,08/25/2025,YanTianming,Recording16,05/10/2025,05/10/2025,14:25:35.695,06:25:35.695,387686,Timeline1,Tobii I-VT (Fixation),1.241.54219,1080,1920,10.0,5.1,9.5,10.6,0.53,1.02,1.13,19,35,39,6.6,5.5,2.9,0.7,0.62,0.32,24,20,11,1564233436,,,962,741,975,719,949,763,0.06692,0.23805,-0.96895,-0.04948,0.25259,-0.96631,3.858,4.183,4.015,,,,Valid,Valid,226.1,51.7,590.0,290.0,54.4,591.0,266.8,196.7,259.8,208.9,0.5011,0.6862,0.5079,0.6655,0.4944,0.7069,Screen Recording,Screen Recording Recording16.mp4,1920,1080,0,0,960,540,Fixation,592,405,966,745,0.503,0.6902,,,,,,,,,,,
173661641,1603128779,Eye Tracker,LipReading,08/25/2025,YanTianming,Recording16,05/10/2025,05/10/2025,14:25:35.695,06:25:35.695,387686,Timeline1,Tobii I-VT (Fixation),1.241.54219,1080,1920,10.0,5.1,9.5,10.6,0.53,1.02,1.13,19,35,39,6.6,5.5,2.9,0.7,0.62,0.32,24,20,11,1564237436,,,964,739,979,721,950,757,0.06843,0.23906,-0.96859,-0.0492,0.24996,-0.96701,3.852,4.177,4.015,,,,Valid,Valid,226.1,51.7,590.1,290.1,54.4,591.1,267.8,197.3,260.0,207.2,0.5023,0.6843,0.5097,0.6676,0.4949,0.701,Screen Recording,Screen Recording Recording16.mp4,1920,1080,0,0,960,540,Fixation,592,405,966,745,0.503,0.6902,,,,,,,,,,,
173665641,1603132779,Eye Tracker,LipReading,08/25/2025,YanTianming,Recording16,05/10/2025,05/10/2025,14:25:35.695,06:25:35.695,387686,Timeline1,Tobii I-VT (Fixation),1.241.54219,1080,1920,10.0,5.1,9.5,10.6,0.53,1.02,1.13,19,35,39,6.6,5.5,2.9,0.7,0.62,0.32,24,20,11,1564241436,,,966,740,978,724,954,756,0.06785,0.24046,-0.96829,-0.04733,0.24962,-0.96719,3.854,4.175,4.015,,,,Valid,Valid,226.2,51.7,590.1,290.2,54.4,591.2,267.5,198.2,261.2,206.9,0.5032,0.6854,0.5092,0.6706,0.4971,0.7002,Screen Recording,Screen Recording Recording16.mp4,1920,1080,0,0,960,540,Fixation,592,405,966,745,0.503,0.6902,,,,,,,,,,,
173669643,1603136781,Eye Tracker,LipReading,08/25/2025,YanTianming,Recording16,05/10/2025,05/10/2025,14:25:35.695,06:25:35.695,387686,Timeline1,Tobii I-VT (Fixation),1.241.54219,1080,1920,10.0,5.1,9.5,10.6,0.53,1.02,1.13,19,35,39,6.6,5.5,2.9,0.7,0.62,0.32,24,20,11,1564245438,,,965,741,972,723,958,759,0.06533,0.23997,-0.96858,-0.04586,0.25069,-0.96698,3.845,4.179,4.01,,,,Valid,Valid,226.3,51.7,589.9,290.2,54.4,591.0,266.0,197.9,262.2,207.7,0.5026,0.6861,0.5063,0.6696,0.4989,0.7026,Screen Recording,Screen Recording Recording16.mp4,1920,1080,0,0,960,540,Fixation,592,405,966,745,0.503,0.6902,,,,,,,,,,,
173673643,1603140781,Eye Tracker,LipReading,08/25/2025,YanTianming,Recording16,05/10/2025,05/10/2025,14:25:35.695,06:25:35.695,387686,Timeline1,Tobii I-VT (Fixation),1.241.54219,1080,1920,10.0,5.1,9.5,10.6,0.53,1.02,1.13,19,35,39,6.6,5.5,2.9,0.7,0.62,0.32,24,20,11,1564249438,,,963,737,977,714,950,761,0.06742,0.23615,-0.96937,-0.04963,0.25139,-0.96661,3.842,4.169,4.01,,,,Valid,Valid,226.3,51.8,589.8,290.2,54.4,591.0,267.3,195.5,259.9,208.1,0.5017,0.6828,0.5088,0.6613,0.4946,0.7042,Screen Recording,Screen Recording Recording16.mp4,1920,1080,0,0,960,540,Fixation,592,405,966,745,0.503,0.6902,,,,,,,,,,,
173677643,1603144781,Eye Tracker,LipReading,08/25/2025,YanTianming,Recording16,05/10/2025,05/10/2025,14:25:35.695,06:25:35.695,387686,Timeline1,Tobii I-VT (Fixation),1.241.54219,1080,1920,10.0,5.1,9.5,10.6,0.53,1.02,1.13,19,35,39,6.6,5.5,2.9,0.7,0.62,0.32,24,20,11,1564253438,,,965,741,978,722,952,761,0.06788,0.23942,-0.96854,-0.04857,0.25151,-0.96663,3.843,4.172,4.01,,,,Valid,Valid,226.3,51.7,589.9,290.3,54.4,591.1,267.7,197.6,260.6,208.2,0.5027,0.6864,0.5095,0.6684,0.496,0.7044,Screen Recording,Screen Recording Recording16.mp4,1920,1080,0,0,960,540,Fixation,592,405,966,745,0.503,0.6902,,,,,,,,,,,
173681643,1603148781,Eye Tracker,LipReading,08/25/2025,YanTianming,Recording16,05/10/2025,05/10/2025,14:25:35.695,06:25:35.695,387686,Timeline1,Tobii I-VT (Fixation),1.241.54219,1080,1920,10.0,5.1,9.5,10.6,0.53,1.02,1.13,19,35,39,6.6,5.5,2.9,0.7,0.62,0.32,24,20,11,1564257438,,,963,744,973,721,953,766,0.06561,0.23923,-0.96874,-0.04844,0.25388,-0.96602,3.849,4.186,4.007,,,,Valid,Valid,226.4,51.6,590.1,290.3,54.4,591.1,266.3,197.4,260.7,209.7,0.5015,0.6886,0.5069,0.6677,0.4962,0.7095,Screen Recording,Screen Recording Recording16.mp4,1920,1080,0,0,960,540,Fixation,592,405,966,745,0.503,0.6902,,,,,,,,,,,
173685643,1603152781,Eye Tracker,LipReading,08/25/2025,YanTianming,Recording16,05/10/2025,05/10/2025,14:25:35.695,06:25:35.695,387686,Timeline1,Tobii I-VT (Fixation),1.241.54219,1080,1920,10.0,5.1,9.5,10.6,0.53,1.02,1.13,19,35,39,6.6,5.5,2.9,0.7,0.62,0.32,24,20,11,1564261438,,,966,744,976,719,957,768,0.06664,0.23834,-0.96889,-0.04666,0.25472,-0.96589,3.838,4.177,4.013,,,,Valid,Valid,226.4,51.7,590.0,290.4,54.4,591.1,267.0,196.8,261.8,210.2,0.5032,0.6886,0.5081,0.6659,0.4983,0.7113,Screen Recording,Screen Recording Recording16.mp4,1920,1080,0,0,960,540,Fixation,592,405,966,745,0.503,0.6902,,,,,,,,,,,
173689643,1603156781,Eye Tracker,LipReading,08/25/2025,YanTianming,Recording16,05/10/2025,05/10/2025,14:25:35.695,06:25:35.695,387686,Timeline1,Tobii I-VT (Fixation),1.241.54219,1080,1920,10.0,5.1,9.5,10.6,0.53,1.02,1.13,19,35,39,6.6,5.5,2.9,0.7,0.62,0.32,24,20,11,1564265438,,,965,751,969,727,962,776,0.06367,0.24148,-0.96832,-0.04447,0.25814,-0.96508,3.851,4.168,4.014,,,,Valid,Valid,226.5,51.7,589.8,290.4,54.4,590.9,265.2,198.8,263.2,212.5,0.5028,0.6958,0.5048,0.6727,0.5008,0.7189,Screen Recording,Screen Recording Recording16.mp4,1920,1080,0,0,960,540,Fixation,592,405,966,745,0.503,0.6902,,,,,,,,,,,
173693643,1603160781,Eye Tracker,LipReading,08/25/2025,YanTianming,Recording16,05/10/2025,05/10/2025,14:25:35.695,06:25:35.695,387686,Timeline1,Tobii I-VT (Fixation),1.241.54219,1080,1920,10.0,5.1,9.5,10.6,0.53,1.02,1.13,19,35,39,6.6,5.5,2.9,0.7,0.62,0.32,24,20,11,1564269438,,,963,745,973,722,954,768,0.06518,0.23937,-0.96874,-0.04783,0.25437,-0.96592,3.855,4.179,4.015,,,,Valid,Valid,226.5,51.8,589.8,290.4,54.4,590.8,266.2,197.5,261.2,210.0,0.5018,0.6894,0.5066,0.6682,0.497,0.7107,Screen Recording,Screen Recording Recording16.mp4,1920,1080,0,0,960,540,Fixation,592,405,966,745,0.503,0.6902,,,,,,,,,,,
173697643,1603164781,Eye Tracker,LipReading,08/25/2025,YanTianming,Recording16,05/10/2025,05/10/2025,14:25:35.695,06:25:35.695,387686,Timeline1,Tobii I-VT (Fixation),1.241.54219,1080,1920,10.0,5.1,9.5,10.6,0.53,1.02,1.13,19,35,39,6.6,5.5,2.9,0.7,0.62,0.32,24,20,11,1564273438,,,963,752,973,731,952,773,0.06527,0.24341,-0.96773,-0.0489,0.25659,-0.96528,3.859,4.175,4.015,,,,Valid,Valid,226.5,51.8,589.8,290.5,54.4,590.9,266.3,200.1,260.5,211.5,0.5013,0.6963,0.5068,0.677,0.4958,0.7156,Screen Recording,Screen Recording Recording16.mp4,1920,1080,0,0,960,540,Fixation,592,405,966,745,0.503,0.6902,,,,,,,,,,,
173701163,1603168301,Mouse,LipReading,08/25/2025,YanTianming,Recording16,05/10/2025,05/10/2025,14:25:35.695,06:25:35.695,387686,Timeline1,Tobii I-VT (Fixation),1.241.54219,1080,1920,10.0,5.1,9.5,10.6,0.53,1.02,1.13,19,35,39,6.6,5.5,2.9,0.7,0.62,0.32,24,20,11,,,,,,,,,,,,,,,,,,,,,,,,,,,,,,,,,,,,,,,,Screen Recording,Screen Recording Recording16.mp4,1920,1080,0,0,960,540,Fixation,592,405,966,745,0.503,0.6902,,,,,,,,,,982,829
173701643,1603168781,Eye Tracker,LipReading,08/25/2025,YanTianming,Recording16,05/10/2025,05/10/2025,14:25:35.695,06:25:35.695,387686,Timeline1,Tobii I-VT (Fixation),1.241.54219,1080,1920,10.0,5.1,9.5,10.6,0.53,1.02,1.13,19,35,39,6.6,5.5,2.9,0.7,0.62,0.32,24,20,11,1564277438,,,963,754,977,736,948,771,0.06688,0.24542,-0.96711,-0.05054,0.25602,-0.96535,3.874,4.17,4.019,,,,Valid,Valid,226.5,51.7,589.8,290.5,54.4,591.0,267.3,201.4,259.6,211.1,0.5014,0.6979,0.5087,0.6814,0.494,0.7143,Screen Recording,Screen Recording Recording16.mp4,1920,1080,0,0,960,540,Fixation,592,405,966,745,0.503,0.6902,,,,,,,,,,,
173705643,1603172781,Eye Tracker,LipReading,08/25/2025,YanTianming,Recording16,05/10/2025,05/10/2025,14:25:35.695,06:25:35.695,387686,Timeline1,Tobii I-VT (Fixation),1.241.54219,1080,1920,10.0,5.1,9.5,10.6,0.53,1.02,1.13,19,35,39,6.6,5.5,2.9,0.7,0.62,0.32,24,20,11,1564281438,,,963,749,978,726,949,773,0.06735,0.24106,-0.96817,-0.0504,0.25684,-0.96514,3.849,4.191,4.02,,,,Valid,Valid,226.5,51.7,589.8,290.5,54.4,591.0,267.6,198.6,259.6,211.6,0.5017,0.694,0.5092,0.6719,0.4941,0.7161,Screen Recording,Screen Recording Recording16.mp4,1920,1080,0,0,960,540,Fixation,592,405,966,745,0.503,0.6902,,,,,,,,,,,
173709642,1603176780,Eye Tracker,LipReading,08/25/2025,YanTianming,Recording16,05/10/2025,05/10/2025,14:25:35.695,06:25:35.695,387686,Timeline1,Tobii I-VT (Fixation),1.241.54219,1080,1920,10.0,5.1,9.5,10.6,0.53,1.02,1.13,19,35,39,6.6,5.5,2.9,0.7,0.62,0.32,24,20,11,1564285438,,,964,748,977,722,951,774,0.06711,0.23949,-0.96858,-0.04952,0.25694,-0.96516,3.86,4.186,4.016,,,,Valid,Valid,226.6,51.7,589.9,290.5,54.4,591.0,267.4,197.5,260.2,211.7,0.5021,0.6923,0.5089,0.6684,0.4952,0.7163,Screen Recording,Screen Recording Recording16.mp4,1920,1080,0,0,960,540,Fixation,592,405,966,745,0.503,0.6902,,,,,,,,,,,
173713642,1603180780,Eye Tracker,LipReading,08/25/2025,YanTianming,Recording16,05/10/2025,05/10/2025,14:25:35.695,06:25:35.695,387686,Timeline1,Tobii I-VT (Fixation),1.241.54219,1080,1920,10.0,5.1,9.5,10.6,0.53,1.02,1.13,19,35,39,6.6,5.5,2.9,0.7,0.62,0.32,24,20,11,1564289438,,,966,744,980,718,951,771,0.06827,0.23778,-0.96892,-0.04929,0.25575,-0.96549,3.825,4.181,4.015,,,,Valid,Valid,226.6,51.7,589.9,290.5,54.4,591.0,268.1,196.5,260.4,210.9,0.5029,0.6892,0.5103,0.6647,0.4955,0.7137,Screen Recording,Screen Recording Recording16.mp4,1920,1080,0,0,960,540,Fixation,592,405,966,745,0.503,0.6902,,,,,,,,,,,
173714997,1603182135,Mouse,LipReading,08/25/2025,YanTianming,Recording16,05/10/2025,05/10/2025,14:25:35.695,06:25:35.695,387686,Timeline1,Tobii I-VT (Fixation),1.241.54219,1080,1920,10.0,5.1,9.5,10.6,0.53,1.02,1.13,19,35,39,6.6,5.5,2.9,0.7,0.62,0.32,24,20,11,,,,,,,,,,,,,,,,,,,,,,,,,,,,,,,,,,,,,,,,Screen Recording,Screen Recording Recording16.mp4,1920,1080,0,0,960,540,Fixation,592,405,966,745,0.503,0.6902,,,,,,,,,,984,830
173717642,1603184780,Eye Tracker,LipReading,08/25/2025,YanTianming,Recording16,05/10/2025,05/10/2025,14:25:35.695,06:25:35.695,387686,Timeline1,Tobii I-VT (Fixation),1.241.54219,1080,1920,10.0,5.1,9.5,10.6,0.53,1.02,1.13,19,35,39,6.6,5.5,2.9,0.7,0.62,0.32,24,20,11,1564293438,,,967,747,983,729,952,764,0.06976,0.24261,-0.96761,-0.04926,0.25297,-0.96622,3.852,4.175,4.005,,,,Valid,Valid,226.6,51.7,589.9,290.5,54.4,591.0,269.1,199.6,260.4,209.1,0.5038,0.6914,0.5121,0.6753,0.4956,0.7076,Screen Recording,Screen Recording Recording16.mp4,1920,1080,0,0,960,540,Fixation,592,405,966,745,0.503,0.6902,,,,,,,,,,,
173721642,1603188780,Eye Tracker,LipReading,08/25/2025,YanTianming,Recording16,05/10/2025,05/10/2025,14:25:35.695,06:25:35.695,387686,Timeline1,Tobii I-VT (Fixation),1.241.54219,1080,1920,10.0,5.1,9.5,10.6,0.53,1.02,1.13,19,35,39,6.6,5.5,2.9,0.7,0.62,0.32,24,20,11,1564297438,,,965,738,982,717,947,758,0.06926,0.23751,-0.96891,-0.05119,0.25048,-0.96677,3.828,4.165,4.004,,,,Valid,Valid,226.6,51.7,589.8,290.5,54.4,591.0,268.7,196.3,259.2,207.5,0.5024,0.6832,0.5114,0.6642,0.4934,0.7022,Screen Recording,Screen Recording Recording16.mp4,1920,1080,0,0,960,540,Fixation,592,405,966,745,0.503,0.6902,,,,,,,,,,,
173725642,1603192780,Eye Tracker,LipReading,08/25/2025,YanTianming,Recording16,05/10/2025,05/10/2025,14:25:35.695,06:25:35.695,387686,Timeline1,Tobii I-VT (Fixation),1.241.54219,1080,1920,10.0,5.1,9.5,10.6,0.53,1.02,1.13,19,35,39,6.6,5.5,2.9,0.7,0.62,0.32,24,20,11,1564301438,,,966,738,982,714,950,763,0.06925,0.23587,-0.96931,-0.05003,0.25238,-0.96633,3.835,4.173,4.01,,,,Valid,Valid,226.5,51.8,589.7,290.5,54.5,590.9,268.7,195.3,259.9,208.8,0.503,0.6836,0.5113,0.6607,0.4947,0.7064,Screen Recording,Screen Recording Recording16.mp4,1920,1080,0,0,960,540,Fixation,592,405,966,745,0.503,0.6902,,,,,,,,,,,
173726909,1603194047,Mouse,LipReading,08/25/2025,YanTianming,Recording16,05/10/2025,05/10/2025,14:25:35.695,06:25:35.695,387686,Timeline1,Tobii I-VT (Fixation),1.241.54219,1080,1920,10.0,5.1,9.5,10.6,0.53,1.02,1.13,19,35,39,6.6,5.5,2.9,0.7,0.62,0.32,24,20,11,,,,,,,,,,,,,,,,,,,,,,,,,,,,,,,,,,,,,,,,Screen Recording,Screen Recording Recording16.mp4,1920,1080,0,0,960,540,Fixation,592,405,966,745,0.503,0.6902,,,,,,,,,,984,831
173729642,1603196780,Eye Tracker,LipReading,08/25/2025,YanTianming,Recording16,05/10/2025,05/10/2025,14:25:35.695,06:25:35.695,387686,Timeline1,Tobii I-VT (Fixation),1.241.54219,1080,1920,10.0,5.1,9.5,10.6,0.53,1.02,1.13,19,35,39,6.6,5.5,2.9,0.7,0.62,0.32,24,20,11,1564305438,,,963,746,972,733,953,758,0.0646,0.24424,-0.96756,-0.04836,0.25033,-0.96695,3.863,4.162,4.01,,,,Valid,Valid,226.5,51.8,589.7,290.5,54.5,590.8,265.9,200.7,260.9,207.5,0.5013,0.6904,0.5061,0.6789,0.4966,0.702,Screen Recording,Screen Recording Recording16.mp4,1920,1080,0,0,960,540,Fixation,592,405,966,745,0.503,0.6902,,,,,,,,,,,
173733642,1603200780,Eye Tracker,LipReading,08/25/2025,YanTianming,Recording16,05/10/2025,05/10/2025,14:25:35.695,06:25:35.695,387686,Timeline1,Tobii I-VT (Fixation),1.241.54219,1080,1920,10.0,5.1,9.5,10.6,0.53,1.02,1.13,19,35,39,6.6,5.5,2.9,0.7,0.62,0.32,24,20,11,1564309438,,,972,743,985,726,959,760,0.0706,0.24091,-0.96798,-0.04594,0.25108,-0.96688,3.876,4.169,4.011,,,,Valid,Valid,226.5,51.8,589.7,290.5,54.6,590.7,269.5,198.6,262.4,208.0,0.5062,0.6878,0.513,0.6719,0.4994,0.7036,Screen Recording,Screen Recording Recording16.mp4,1920,1080,0,0,960,540,Fixation,592,405,966,745,0.503,0.6902,,,,,,,,,,,
173737642,1603204780,Eye Tracker,LipReading,08/25/2025,YanTianming,Recording16,05/10/2025,05/10/2025,14:25:35.695,06:25:35.695,387686,Timeline1,Tobii I-VT (Fixation),1.241.54219,1080,1920,10.0,5.1,9.5,10.6,0.53,1.02,1.13,19,35,39,6.6,5.5,2.9,0.7,0.62,0.32,24,20,11,1564313438,,,968,739,982,721,955,758,0.06928,0.23889,-0.96857,-0.04779,0.25005,-0.96705,3.853,4.167,4.015,,,,Valid,Valid,226.5,51.8,589.7,290.4,54.6,590.7,268.7,197.3,261.2,207.3,0.5043,0.6844,0.5113,0.6674,0.4972,0.7015,Screen Recording,Screen Recording Recording16.mp4,1920,1080,0,0,960,540,Fixation,592,405,966,745,0.503,0.6902,,,,,,,,,,,
173741642,1603208780,Eye Tracker,LipReading,08/25/2025,YanTianming,Recording16,05/10/2025,05/10/2025,14:25:35.695,06:25:35.695,387686,Timeline1,Tobii I-VT (Fixation),1.241.54219,1080,1920,10.0,5.1,9.5,10.6,0.53,1.02,1.13,19,35,39,6.6,5.5,2.9,0.7,0.62,0.32,24,20,11,1564317438,,,962,739,972,720,953,758,0.0649,0.23869,-0.96892,-0.04865,0.25021,-0.96697,3.856,4.151,4.012,,,,Valid,Valid,226.5,51.8,589.8,290.4,54.6,590.7,266.0,197.1,260.7,207.5,0.5012,0.6843,0.5062,0.6668,0.4961,0.7019,Screen Recording,Screen Recording Recording16.mp4,1920,1080,0,0,960,540,Fixation,592,405,966,745,0.503,0.6902,,,,,,,,,,,
173745642,1603212780,Eye Tracker,LipReading,08/25/2025,YanTianming,Recording16,05/10/2025,05/10/2025,14:25:35.695,06:25:35.695,387686,Timeline1,Tobii I-VT (Fixation),1.241.54219,1080,1920,10.0,5.1,9.5,10.6,0.53,1.02,1.13,19,35,39,6.6,5.5,2.9,0.7,0.62,0.32,24,20,11,1564321438,,,965,736,973,716,957,756,0.06559,0.23715,-0.96926,-0.04644,0.24962,-0.96723,3.868,4.173,4.01,,,,Valid,Valid,226.4,51.8,589.8,290.4,54.6,590.8,266.4,196.1,262.0,207.0,0.5028,0.6819,0.5069,0.6634,0.4987,0.7004,Screen Recording,Screen Recording Recording16.mp4,1920,1080,0,0,960,540,Fixation,592,405,966,745,0.503,0.6902,,,,,,,,,,,
173749642,1603216780,Eye Tracker,LipReading,08/25/2025,YanTianming,Recording16,05/10/2025,05/10/2025,14:25:35.695,06:25:35.695,387686,Timeline1,Tobii I-VT (Fixation),1.241.54219,1080,1920,10.0,5.1,9.5,10.6,0.53,1.02,1.13,19,35,39,6.6,5.5,2.9,0.7,0.62,0.32,24,20,11,1564325438,,,963,739,971,722,956,755,0.06454,0.23955,-0.96874,-0.04705,0.24919,-0.96731,3.848,4.168,4.008,,,,Valid,Valid,226.4,51.8,589.8,290.4,54.5,591.0,265.7,197.6,261.6,206.7,0.5018,0.684,0.5057,0.6686,0.4979,0.6994,Screen Recording,Screen Recording Recording16.mp4,1920,1080,0,0,960,540,Fixation,592,405,966,745,0.503,0.6902,,,,,,,,,,,
173753642,1603220780,Eye Tracker,LipReading,08/25/2025,YanTianming,Recording16,05/10/2025,05/10/2025,14:25:35.695,06:25:35.695,387686,Timeline1,Tobii I-VT (Fixation),1.241.54219,1080,1920,10.0,5.1,9.5,10.6,0.53,1.02,1.13,19,35,39,6.6,5.5,2.9,0.7,0.62,0.32,24,20,11,1564329438,,,965,733,975,720,954,745,0.06633,0.23881,-0.9688,-0.04782,0.24479,-0.9684,3.84,4.165,4.008,,,,Valid,Valid,226.4,51.7,589.8,290.3,54.5,591.0,266.8,197.1,261.2,203.9,0.5024,0.6783,0.5077,0.667,0.497,0.6897,Screen Recording,Screen Recording Recording16.mp4,1920,1080,0,0,960,540,Fixation,592,405,966,745,0.503,0.6902,,,,,,,,,,,
173753727,1603220865,Mouse,LipReading,08/25/2025,YanTianming,Recording16,05/10/2025,05/10/2025,14:25:35.695,06:25:35.695,387686,Timeline1,Tobii I-VT (Fixation),1.241.54219,1080,1920,10.0,5.1,9.5,10.6,0.53,1.02,1.13,19,35,39,6.6,5.5,2.9,0.7,0.62,0.32,24,20,11,,,,,,,,,,,,,,,,,,,,,,,,,,,,,,,,,,,,,,,,Screen Recording,Screen Recording Recording16.mp4,1920,1080,0,0,960,540,Fixation,592,405,966,745,0.503,0.6902,,,,,,,,,,985,833
173757642,1603224780,Eye Tracker,LipReading,08/25/2025,YanTianming,Recording16,05/10/2025,05/10/2025,14:25:35.695,06:25:35.695,387686,Timeline1,Tobii I-VT (Fixation),1.241.54219,1080,1920,10.0,5.1,9.5,10.6,0.53,1.02,1.13,19,35,39,6.6,5.5,2.9,0.7,0.62,0.32,24,20,11,1564333438,,,964,739,979,718,949,760,0.0685,0.23774,-0.96891,-0.04989,0.25094,-0.96672,3.831,4.178,4.004,,,,Valid,Valid,226.4,51.8,589.7,290.3,54.5,590.9,268.0,196.5,259.8,207.9,0.5023,0.6841,0.5101,0.6648,0.4945,0.7034,Screen Recording,Screen Recording Recording16.mp4,1920,1080,0,0,960,540,Fixation,592,405,966,745,0.503,0.6902,,,,,,,,,,,
173761642,1603228780,Eye Tracker,LipReading,08/25/2025,YanTianming,Recording16,05/10/2025,05/10/2025,14:25:35.695,06:25:35.695,387686,Timeline1,Tobii I-VT (Fixation),1.241.54219,1080,1920,10.0,5.1,9.5,10.6,0.53,1.02,1.13,19,35,39,6.6,5.5,2.9,0.7,0.62,0.32,24,20,11,1564337438,,,959,738,968,725,949,751,0.06358,0.24099,-0.96844,-0.0501,0.24739,-0.96762,3.858,4.149,4.002,,,,Valid,Valid,226.3,51.8,589.5,290.3,54.6,590.8,265.0,198.5,259.7,205.6,0.4993,0.6837,0.5044,0.6717,0.4942,0.6956,Screen Recording,Screen Recording Recording16.mp4,1920,1080,0,0,960,540,Fixation,592,405,966,745,0.503,0.6902,,,,,,,,,,,
173765642,1603232780,Eye Tracker,LipReading,08/25/2025,YanTianming,Recording16,05/10/2025,05/10/2025,14:25:35.695,06:25:35.695,387686,Timeline1,Tobii I-VT (Fixation),1.241.54219,1080,1920,10.0,5.1,9.5,10.6,0.53,1.02,1.13,19,35,39,6.6,5.5,2.9,0.7,0.62,0.32,24,20,11,1564341438,,,964,740,975,719,953,760,0.06651,0.23824,-0.96893,-0.04821,0.25118,-0.96674,3.823,4.173,3.999,,,,Valid,Valid,226.3,51.8,589.5,290.2,54.6,590.7,266.8,196.8,260.8,208.1,0.502,0.6849,0.5077,0.6658,0.4963,0.7039,Screen Recording,Screen Recording Recording16.mp4,1920,1080,0,0,960,540,Fixation,592,405,966,745,0.503,0.6902,,,,,,,,,,,
173769642,1603236780,Eye Tracker,LipReading,08/25/2025,YanTianming,Recording16,05/10/2025,05/10/2025,14:25:35.695,06:25:35.695,387686,Timeline1,Tobii I-VT (Fixation),1.241.54219,1080,1920,10.0,5.1,9.5,10.6,0.53,1.02,1.13,19,35,39,6.6,5.5,2.9,0.7,0.62,0.32,24,20,11,1564345438,,,963,743,968,727,957,759,0.06358,0.24157,-0.9683,-0.04623,0.25051,-0.96701,3.848,4.149,3.998,,,,Valid,Valid,226.3,51.8,589.5,290.2,54.6,590.6,265.0,198.9,262.0,207.6,0.5014,0.6877,0.5043,0.673,0.4986,0.7024,Screen Recording,Screen Recording Recording16.mp4,1920,1080,0,0,960,540,Fixation,592,405,966,745,0.503,0.6902,,,,,,,,,,,
173773642,1603240780,Eye Tracker,LipReading,08/25/2025,YanTianming,Recording16,05/10/2025,05/10/2025,14:25:35.695,06:25:35.695,387686,Timeline1,Tobii I-VT (Fixation),1.241.54219,1080,1920,10.0,5.1,9.5,10.6,0.53,1.02,1.13,19,35,39,6.6,5.5,2.9,0.7,0.62,0.32,24,20,11,1564349438,,,959,737,963,723,955,752,0.06142,0.23988,-0.96886,-0.04741,0.24781,-0.96765,3.848,4.146,3.997,,,,Valid,Valid,226.3,51.8,589.6,290.2,54.6,590.7,263.6,197.8,261.2,205.8,0.4995,0.6828,0.5017,0.6691,0.4972,0.6964,Screen Recording,Screen Recording Recording16.mp4,1920,1080,0,0,960,540,Fixation,592,405,966,745,0.503,0.6902,,,,,,,,,,,
173777642,1603244780,Eye Tracker,LipReading,08/25/2025,YanTianming,Recording16,05/10/2025,05/10/2025,14:25:35.695,06:25:35.695,387686,Timeline1,Tobii I-VT (Fixation),1.241.54219,1080,1920,10.0,5.1,9.5,10.6,0.53,1.02,1.13,19,35,39,6.6,5.5,2.9,0.7,0.62,0.32,24,20,11,1564353438,,,963,738,967,715,959,760,0.063,0.23657,-0.96957,-0.04533,0.25129,-0.96685,3.844,4.147,3.997,,,,Valid,Valid,226.2,51.7,589.7,290.2,54.5,590.8,264.5,195.6,262.5,208.0,0.5015,0.6829,0.5035,0.6619,0.4995,0.7039,Screen Recording,Screen Recording Recording16.mp4,1920,1080,0,0,960,540,Fixation,592,405,966,745,0.503,0.6902,,,,,,,,,,,
173781642,1603248780,Eye Tracker,LipReading,08/25/2025,YanTianming,Recording16,05/10/2025,05/10/2025,14:25:35.695,06:25:35.695,387686,Timeline1,Tobii I-VT (Fixation),1.241.54219,1080,1920,10.0,5.1,9.5,10.6,0.53,1.02,1.13,19,35,39,6.6,5.5,2.9,0.7,0.62,0.32,24,20,11,1564357438,,,968,734,978,710,958,758,0.06816,0.23443,-0.96974,-0.04591,0.25048,-0.96703,3.829,4.169,3.996,,,,Valid,Valid,226.2,51.7,589.8,290.1,54.4,590.9,267.6,194.3,262.1,207.5,0.5041,0.6797,0.5094,0.6573,0.4988,0.702,Screen Recording,Screen Recording Recording16.mp4,1920,1080,0,0,960,540,Fixation,592,405,966,745,0.503,0.6902,,,,,,,,,,,
173785642,1603252780,Eye Tracker,LipReading,08/25/2025,YanTianming,Recording16,05/10/2025,05/10/2025,14:25:35.695,06:25:35.695,387686,Timeline1,Tobii I-VT (Fixation),1.241.54219,1080,1920,10.0,5.1,9.5,10.6,0.53,1.02,1.13,19,35,39,6.6,5.5,2.9,0.7,0.62,0.32,24,20,11,1564361438,,,962,733,972,711,951,755,0.06546,0.23483,-0.96983,-0.04879,0.24891,-0.9673,3.835,4.156,3.996,,,,Valid,Valid,226.2,51.7,589.8,290.1,54.4,590.9,266.0,194.5,260.3,206.5,0.5008,0.6784,0.5062,0.6581,0.4954,0.6987,Screen Recording,Screen Recording Recording16.mp4,1920,1080,0,0,960,540,Fixation,592,405,966,745,0.503,0.6902,,,,,,,,,,,
173789642,1603256780,Eye Tracker,LipReading,08/25/2025,YanTianming,Recording16,05/10/2025,05/10/2025,14:25:35.695,06:25:35.695,387686,Timeline1,Tobii I-VT (Fixation),1.241.54219,1080,1920,10.0,5.1,9.5,10.6,0.53,1.02,1.13,19,35,39,6.6,5.5,2.9,0.7,0.62,0.32,24,20,11,1564365438,,,963,732,979,703,947,761,0.06894,0.23157,-0.97037,-0.05048,0.25178,-0.96647,3.827,4.163,3.996,,,,Valid,Valid,226.1,51.7,589.7,290.1,54.4,590.9,268.0,192.4,259.2,208.4,0.5018,0.6781,0.5101,0.6511,0.4934,0.705,Screen Recording,Screen Recording Recording16.mp4,1920,1080,0,0,960,540,Fixation,592,405,966,745,0.503,0.6902,,,,,,,,,,,
173793642,1603260780,Eye Tracker,LipReading,08/25/2025,YanTianming,Recording16,05/10/2025,05/10/2025,14:25:35.695,06:25:35.695,387686,Timeline1,Tobii I-VT (Fixation),1.241.54219,1080,1920,10.0,5.1,9.5,10.6,0.53,1.02,1.13,19,35,39,6.6,5.5,2.9,0.7,0.62,0.32,24,20,11,1564369438,,,966,736,983,713,948,759,0.07043,0.23552,-0.96931,-0.05003,0.25062,-0.96679,3.85,4.158,3.995,,,,Valid,Valid,226.1,51.7,589.7,290.1,54.5,590.9,269.0,195.0,259.5,207.6,0.5029,0.6812,0.5119,0.6598,0.4939,0.7025,Screen Recording,Screen Recording Recording16.mp4,1920,1080,0,0,960,540,Fixation,592,405,966,745,0.503,0.6902,,,,,,,,,,,
173797642,1603264780,Eye Tracker,LipReading,08/25/2025,YanTianming,Recording16,05/10/2025,05/10/2025,14:25:35.695,06:25:35.695,387686,Timeline1,Tobii I-VT (Fixation),1.241.54219,1080,1920,10.0,5.1,9.5,10.6,0.53,1.02,1.13,19,35,39,6.6,5.5,2.9,0.7,0.62,0.32,24,20,11,1564373438,,,966,730,981,711,952,749,0.06945,0.23471,-0.96958,-0.04835,0.24667,-0.96789,3.835,4.147,3.995,,,,Valid,Valid,226.1,51.8,589.7,290.1,54.5,590.9,268.4,194.5,260.6,205.1,0.5033,0.676,0.5107,0.6581,0.4959,0.6939,Screen Recording,Screen Recording Recording16.mp4,1920,1080,0,0,960,540,Fixation,592,405,966,745,0.503,0.6902,,,,,,,,,,,
173801637,1603268775,Eye Tracker,LipReading,08/25/2025,YanTianming,Recording16,05/10/2025,05/10/2025,14:25:35.695,06:25:35.695,387686,Timeline1,Tobii I-VT (Fixation),1.241.54219,1080,1920,10.0,5.1,9.5,10.6,0.53,1.02,1.13,19,35,39,6.6,5.5,2.9,0.7,0.62,0.32,24,20,11,1564377434,,,964,731,976,713,953,750,0.06717,0.23554,-0.96954,-0.04785,0.24699,-0.96784,3.835,4.139,3.995,,,,Valid,Valid,226.1,51.8,589.6,290.1,54.5,590.8,267.0,195.0,260.9,205.3,0.5023,0.6772,0.5081,0.6598,0.4965,0.6946,Screen Recording,Screen Recording Recording16.mp4,1920,1080,0,0,960,540,Fixation,592,405,966,745,0.503,0.6902,,,,,,,,,,,
173805637,1603272775,Eye Tracker,LipReading,08/25/2025,YanTianming,Recording16,05/10/2025,05/10/2025,14:25:35.695,06:25:35.695,387686,Timeline1,Tobii I-VT (Fixation),1.241.54219,1080,1920,10.0,5.1,9.5,10.6,0.53,1.02,1.13,19,35,39,6.6,5.5,2.9,0.7,0.62,0.32,24,20,11,1564381434,,,966,730,979,710,954,750,0.06861,0.23422,-0.96976,-0.04775,0.24677,-0.9679,3.809,4.155,3.995,,,,Valid,Valid,226.1,51.8,589.6,290.1,54.5,590.9,267.8,194.2,260.9,205.2,0.5032,0.6756,0.5098,0.657,0.4966,0.6941,Screen Recording,Screen Recording Recording16.mp4,1920,1080,0,0,960,540,Fixation,592,405,966,745,0.503,0.6902,,,,,,,,,,,
173809637,1603276775,Eye Tracker,LipReading,08/25/2025,YanTianming,Recording16,05/10/2025,05/10/2025,14:25:35.695,06:25:35.695,387686,Timeline1,Tobii I-VT (Fixation),1.241.54219,1080,1920,10.0,5.1,9.5,10.6,0.53,1.02,1.13,19,35,39,6.6,5.5,2.9,0.7,0.62,0.32,24,20,11,1564385434,,,968,735,984,721,951,750,0.07091,0.23886,-0.96846,-0.04875,0.2467,-0.96786,3.851,4.167,3.995,,,,Valid,Valid,226.1,51.8,589.7,290.1,54.5,590.9,269.3,197.2,260.3,205.1,0.504,0.6806,0.5126,0.6672,0.4955,0.694,Screen Recording,Screen Recording Recording16.mp4,1920,1080,0,0,960,540,Fixation,592,405,966,745,0.503,0.6902,,,,,,,,,,,
173813637,1603280775,Eye Tracker,LipReading,08/25/2025,YanTianming,Recording16,05/10/2025,05/10/2025,14:25:35.695,06:25:35.695,387686,Timeline1,Tobii I-VT (Fixation),1.241.54219,1080,1920,10.0,5.1,9.5,10.6,0.53,1.02,1.13,19,35,39,6.6,5.5,2.9,0.7,0.62,0.32,24,20,11,1564389434,,,965,734,973,718,957,750,0.06592,0.23796,-0.96904,-0.04606,0.24712,-0.96789,3.818,4.16,3.997,,,,Valid,Valid,226.2,51.8,589.7,290.1,54.5,591.0,266.3,196.6,262.0,205.4,0.5027,0.68,0.5068,0.6651,0.4986,0.6948,Screen Recording,Screen Recording Recording16.mp4,1920,1080,0,0,960,540,Fixation,592,405,966,745,0.503,0.6902,,,,,,,,,,,
173816935,1603284073,Mouse,LipReading,08/25/2025,YanTianming,Recording16,05/10/2025,05/10/2025,14:25:35.695,06:25:35.695,387686,Timeline1,Tobii I-VT (Fixation),1.241.54219,1080,1920,10.0,5.1,9.5,10.6,0.53,1.02,1.13,19,35,39,6.6,5.5,2.9,0.7,0.62,0.32,24,20,11,,,,,,,,,,,,,,,,,,,,,,,,,,,,,,,,,,,,,,,,Screen Recording,Screen Recording Recording16.mp4,1920,1080,0,0,960,540,Fixation,592,405,966,745,0.503,0.6902,,,,,,,,,,986,833
173817637,1603284775,Eye Tracker,LipReading,08/25/2025,YanTianming,Recording16,05/10/2025,05/10/2025,14:25:35.695,06:25:35.695,387686,Timeline1,Tobii I-VT (Fixation),1.241.54219,1080,1920,10.0,5.1,9.5,10.6,0.53,1.02,1.13,19,35,39,6.6,5.5,2.9,0.7,0.62,0.32,24,20,11,1564393434,,,966,730,976,718,956,742,0.06713,0.2376,-0.96904,-0.04692,0.24359,-0.96874,3.847,4.141,3.997,,,,Valid,Valid,226.2,51.8,589.8,290.1,54.5,591.0,267.0,196.4,261.5,203.1,0.503,0.6758,0.5082,0.6644,0.4977,0.6872,Screen Recording,Screen Recording Recording16.mp4,1920,1080,0,0,960,540,Fixation,592,405,966,745,0.503,0.6902,,,,,,,,,,,
173821637,1603288775,Eye Tracker,LipReading,08/25/2025,YanTianming,Recording16,05/10/2025,05/10/2025,14:25:35.695,06:25:35.695,387686,Timeline1,Tobii I-VT (Fixation),1.241.54219,1080,1920,10.0,5.1,9.5,10.6,0.53,1.02,1.13,19,35,39,6.6,5.5,2.9,0.7,0.62,0.32,24,20,11,1564397434,,,963,729,973,712,954,746,0.06567,0.23528,-0.96971,-0.04753,0.24528,-0.96829,3.838,4.134,3.992,,,,Valid,Valid,226.2,51.8,589.7,290.1,54.6,590.9,266.1,194.9,261.1,204.2,0.5018,0.6752,0.5065,0.6593,0.497,0.691,Screen Recording,Screen Recording Recording16.mp4,1920,1080,0,0,960,540,Fixation,592,405,966,745,0.503,0.6902,,,,,,,,,,,
173825637,1603292775,Eye Tracker,LipReading,08/25/2025,YanTianming,Recording16,05/10/2025,05/10/2025,14:25:35.695,06:25:35.695,387686,Timeline1,Tobii I-VT (Fixation),1.241.54219,1080,1920,10.0,5.1,9.5,10.6,0.53,1.02,1.13,19,35,39,6.6,5.5,2.9,0.7,0.62,0.32,24,20,11,1564401434,,,961,730,970,715,952,746,0.06432,0.23644,-0.96952,-0.04852,0.24502,-0.9683,3.843,4.151,3.992,,,,Valid,Valid,226.2,51.8,589.7,290.2,54.7,590.6,265.4,195.6,260.6,204.1,0.5005,0.6763,0.505,0.6619,0.4959,0.6907,Screen Recording,Screen Recording Recording16.mp4,1920,1080,0,0,960,540,Fixation,592,405,966,745,0.503,0.6902,,,,,,,,,,,
173828973,1603296111,Mouse,LipReading,08/25/2025,YanTianming,Recording16,05/10/2025,05/10/2025,14:25:35.695,06:25:35.695,387686,Timeline1,Tobii I-VT (Fixation),1.241.54219,1080,1920,10.0,5.1,9.5,10.6,0.53,1.02,1.13,19,35,39,6.6,5.5,2.9,0.7,0.62,0.32,24,20,11,,,,,,,,,,,,,,,,,,,,,,,,,,,,,,,,,,,,,,,,Screen Recording,Screen Recording Recording16.mp4,1920,1080,0,0,960,540,Fixation,592,405,966,745,0.503,0.6902,,,,,,,,,,987,834
173829637,1603296775,Eye Tracker,LipReading,08/25/2025,YanTianming,Recording16,05/10/2025,05/10/2025,14:25:35.695,06:25:35.695,387686,Timeline1,Tobii I-VT (Fixation),1.241.54219,1080,1920,10.0,5.1,9.5,10.6,0.53,1.02,1.13,19,35,39,6.6,5.5,2.9,0.7,0.62,0.32,24,20,11,1564405434,,,959,728,972,709,947,747,0.0652,0.23377,-0.9701,-0.05082,0.24534,-0.9681,3.843,4.137,3.994,,,,Valid,Valid,226.3,51.9,589.6,290.2,54.8,590.4,265.9,194.0,259.2,204.4,0.4997,0.6739,0.5061,0.6562,0.4933,0.6915,Screen Recording,Screen Recording Recording16.mp4,1920,1080,0,0,960,540,Fixation,592,405,966,745,0.503,0.6902,,,,,,,,,,,
173833637,1603300775,Eye Tracker,LipReading,08/25/2025,YanTianming,Recording16,05/10/2025,05/10/2025,14:25:35.695,06:25:35.695,387686,Timeline1,Tobii I-VT (Fixation),1.241.54219,1080,1920,10.0,5.1,9.5,10.6,0.53,1.02,1.13,19,35,39,6.6,5.5,2.9,0.7,0.62,0.32,24,20,11,1564409434,,,962,735,977,707,946,762,0.0675,0.23313,-0.9701,-0.05123,0.25168,-0.96645,3.815,4.153,3.991,,,,Valid,Valid,226.3,51.9,589.5,290.3,54.6,590.7,267.3,193.6,259.0,208.5,0.5008,0.6802,0.5088,0.655,0.4928,0.7053,Screen Recording,Screen Recording Recording16.mp4,1920,1080,0,0,960,540,Fixation,592,405,966,745,0.503,0.6902,,,,,,,,,,,
173837637,1603304775,Eye Tracker,LipReading,08/25/2025,YanTianming,Recording16,05/10/2025,05/10/2025,14:25:35.695,06:25:35.695,387686,Timeline1,Tobii I-VT (Fixation),1.241.54219,1080,1920,10.0,5.1,9.5,10.6,0.53,1.02,1.13,19,35,39,6.6,5.5,2.9,0.7,0.62,0.32,24,20,11,1564413434,,,967,733,978,702,956,764,0.06812,0.23101,-0.97056,-0.04675,0.25259,-0.96644,3.823,4.149,3.99,,,,Valid,Valid,226.4,51.8,589.7,290.3,54.5,591.0,267.8,192.2,261.7,209.0,0.5038,0.6787,0.5096,0.6503,0.4981,0.7071,Screen Recording,Screen Recording Recording16.mp4,1920,1080,0,0,960,540,Fixation,592,405,966,745,0.503,0.6902,,,,,,,,,,,
173841637,1603308775,Eye Tracker,LipReading,08/25/2025,YanTianming,Recording16,05/10/2025,05/10/2025,14:25:35.695,06:25:35.695,387686,Timeline1,Tobii I-VT (Fixation),1.241.54219,1080,1920,10.0,5.1,9.5,10.6,0.53,1.02,1.13,19,35,39,6.6,5.5,2.9,0.7,0.62,0.32,24,20,11,1564417434,,,963,731,967,711,959,751,0.06289,0.23486,-0.96999,-0.04557,0.24705,-0.96793,3.832,4.153,3.986,,,,Valid,Valid,226.4,51.8,589.7,290.4,54.6,590.9,264.7,194.6,262.5,205.4,0.5017,0.6767,0.5037,0.6585,0.4997,0.6949,Screen Recording,Screen Recording Recording16.mp4,1920,1080,0,0,960,540,Fixation,592,405,966,745,0.503,0.6902,,,,,,,,,,,
173845637,1603312775,Eye Tracker,LipReading,08/25/2025,YanTianming,Recording16,05/10/2025,05/10/2025,14:25:35.695,06:25:35.695,387686,Timeline1,Tobii I-VT (Fixation),1.241.54219,1080,1920,10.0,5.1,9.5,10.6,0.53,1.02,1.13,19,35,39,6.6,5.5,2.9,0.7,0.62,0.32,24,20,11,1564421434,,,957,731,962,716,952,747,0.06061,0.23706,-0.9696,-0.0489,0.24527,-0.96822,3.862,4.137,3.985,,,,Valid,Valid,226.5,51.9,589.7,290.4,54.7,590.5,263.3,196.0,260.6,204.3,0.4985,0.6773,0.5012,0.6633,0.4959,0.6913,Screen Recording,Screen Recording Recording16.mp4,1920,1080,0,0,960,540,Fixation,592,405,966,745,0.503,0.6902,,,,,,,,,,,
173849637,1603316775,Eye Tracker,LipReading,08/25/2025,YanTianming,Recording16,05/10/2025,05/10/2025,14:25:35.695,06:25:35.695,387686,Timeline1,Tobii I-VT (Fixation),1.241.54219,1080,1920,10.0,5.1,9.5,10.6,0.53,1.02,1.13,19,35,39,6.6,5.5,2.9,0.7,0.62,0.32,24,20,11,1564425434,,,959,727,970,701,948,752,0.06417,0.23047,-0.97096,-0.05101,0.24774,-0.96748,3.818,4.141,3.984,,,,Valid,Valid,226.5,51.9,589.6,290.5,54.7,590.6,265.5,191.9,259.3,205.9,0.4994,0.6729,0.5053,0.6491,0.4935,0.6967,Screen Recording,Screen Recording Recording16.mp4,1920,1080,0,0,960,540,Fixation,592,405,966,745,0.503,0.6902,,,,,,,,,,,
173853637,1603320775,Eye Tracker,LipReading,08/25/2025,YanTianming,Recording16,05/10/2025,05/10/2025,14:25:35.695,06:25:35.695,387686,Timeline1,Tobii I-VT (Fixation),1.241.54219,1080,1920,10.0,5.1,9.5,10.6,0.53,1.02,1.13,19,35,39,6.6,5.5,2.9,0.7,0.62,0.32,24,20,11,1564429434,,,959,725,966,708,952,741,0.06218,0.23361,-0.97034,-0.04913,0.243,-0.96878,3.828,4.142,3.981,,,,Valid,Valid,226.6,51.8,589.8,290.5,54.5,591.0,264.4,193.8,260.6,202.8,0.4995,0.6709,0.5031,0.6557,0.4959,0.686,Screen Recording,Screen Recording Recording16.mp4,1920,1080,0,0,960,540,Fixation,592,405,966,745,0.503,0.6902,,,,,,,,,,,
173857637,1603324775,Eye Tracker,LipReading,08/25/2025,YanTianming,Recording16,05/10/2025,05/10/2025,14:25:35.695,06:25:35.695,387686,Timeline1,Tobii I-VT (Fixation),1.241.54219,1080,1920,10.0,5.1,9.5,10.6,0.53,1.02,1.13,19,35,39,6.6,5.5,2.9,0.7,0.62,0.32,24,20,11,1564433434,,,965,722,967,699,962,745,0.06279,0.22985,-0.9712,-0.04477,0.24494,-0.9685,3.817,4.139,3.981,,,,Valid,Valid,226.6,51.8,589.8,290.6,54.6,590.9,264.8,191.4,263.3,204.0,0.5024,0.6689,0.5039,0.6476,0.501,0.6902,Screen Recording,Screen Recording Recording16.mp4,1920,1080,0,0,960,540,Fixation,592,405,966,745,0.503,0.6902,,,,,,,,,,,
173861637,1603328775,Eye Tracker,LipReading,08/25/2025,YanTianming,Recording16,05/10/2025,05/10/2025,14:25:35.695,06:25:35.695,387686,Timeline1,Tobii I-VT (Fixation),1.241.54219,1080,1920,10.0,5.1,9.5,10.6,0.53,1.02,1.13,19,35,39,6.6,5.5,2.9,0.7,0.62,0.32,24,20,11,1564437434,,,958,726,961,700,956,751,0.05964,0.23031,-0.97129,-0.04748,0.24734,-0.96776,3.822,4.145,3.982,,,,Valid,Valid,226.7,51.9,589.7,290.6,54.7,590.5,262.9,191.7,261.6,205.7,0.4991,0.6722,0.5003,0.6486,0.4979,0.6958,Screen Recording,Screen Recording Recording16.mp4,1920,1080,0,0,960,540,Fixation,592,405,966,745,0.503,0.6902,,,,,,,,,,,
173865637,1603332775,Eye Tracker,LipReading,08/25/2025,YanTianming,Recording16,05/10/2025,05/10/2025,14:25:35.695,06:25:35.695,387686,Timeline1,Tobii I-VT (Fixation),1.241.54219,1080,1920,10.0,5.1,9.5,10.6,0.53,1.02,1.13,19,35,39,6.6,5.5,2.9,0.7,0.62,0.32,24,20,11,1564441434,,,955,724,965,703,945,745,0.06147,0.23115,-0.97097,-0.05271,0.24477,-0.96815,3.826,4.14,3.983,,,,Valid,Valid,226.7,51.9,589.6,290.7,54.7,590.6,264.1,192.3,258.5,204.0,0.4973,0.6704,0.5026,0.6505,0.492,0.6902,Screen Recording,Screen Recording Recording16.mp4,1920,1080,0,0,960,540,Fixation,592,405,966,745,0.503,0.6902,,,,,,,,,,,
173869637,1603336775,Eye Tracker,LipReading,08/25/2025,YanTianming,Recording16,05/10/2025,05/10/2025,14:25:35.695,06:25:35.695,387686,Timeline1,Tobii I-VT (Fixation),1.241.54219,1080,1920,10.0,5.1,9.5,10.6,0.53,1.02,1.13,19,35,39,6.6,5.5,2.9,0.7,0.62,0.32,24,20,11,1564445434,,,968,723,980,701,957,746,0.06803,0.23029,-0.97074,-0.04735,0.24531,-0.96829,3.816,4.158,3.986,,,,Valid,Valid,226.8,51.8,589.8,290.7,54.5,591.0,268.1,191.7,261.8,204.2,0.5043,0.6699,0.5102,0.6487,0.4983,0.6911,Screen Recording,Screen Recording Recording16.mp4,1920,1080,0,0,960,540,Fixation,592,405,966,745,0.503,0.6902,,,,,,,,,,,
173873637,1603340775,Eye Tracker,LipReading,08/25/2025,YanTianming,Recording16,05/10/2025,05/10/2025,14:25:35.695,06:25:35.695,387686,Timeline1,Tobii I-VT (Fixation),1.241.54219,1080,1920,10.0,5.1,9.5,10.6,0.53,1.02,1.13,19,35,39,6.6,5.5,2.9,0.7,0.62,0.32,24,20,11,1564449434,,,969,725,974,706,964,744,0.06515,0.23262,-0.97038,-0.04402,0.24443,-0.96867,3.836,4.145,3.992,,,,Valid,Valid,226.8,51.8,589.9,290.8,54.5,591.1,266.4,193.2,263.9,203.6,0.5046,0.6713,0.507,0.6536,0.5023,0.689,Screen Recording,Screen Recording Recording16.mp4,1920,1080,0,0,960,540,Fixation,592,405,966,745,0.503,0.6902,,,,,,,,,,,
173877637,1603344775,Eye Tracker,LipReading,08/25/2025,YanTianming,Recording16,05/10/2025,05/10/2025,14:25:35.695,06:25:35.695,387686,Timeline1,Tobii I-VT (Fixation),1.241.54219,1080,1920,10.0,5.1,9.5,10.6,0.53,1.02,1.13,19,35,39,6.6,5.5,2.9,0.7,0.62,0.32,24,20,11,1564453434,,,961,727,964,709,959,746,0.06062,0.23382,-0.97039,-0.0463,0.24496,-0.96843,3.834,4.157,3.988,,,,Valid,Valid,226.9,51.8,589.8,290.8,54.6,590.8,263.7,193.9,262.5,204.0,0.5008,0.6733,0.5019,0.6562,0.4997,0.6903,Screen Recording,Screen Recording Recording16.mp4,1920,1080,0,0,960,540,Fixation,592,405,966,745,0.503,0.6902,,,,,,,,,,,
173881637,1603348775,Eye Tracker,LipReading,08/25/2025,YanTianming,Recording16,05/10/2025,05/10/2025,14:25:35.695,06:25:35.695,387686,Timeline1,Tobii I-VT (Fixation),1.241.54219,1080,1920,10.0,5.1,9.5,10.6,0.53,1.02,1.13,19,35,39,6.6,5.5,2.9,0.7,0.62,0.32,24,20,11,1564457434,,,961,722,971,703,951,740,0.06395,0.23154,-0.97072,-0.04996,0.24264,-0.96883,3.819,4.163,3.983,,,,Valid,Valid,226.9,51.8,589.8,290.8,54.7,590.5,265.8,192.5,260.4,202.6,0.5006,0.6684,0.5058,0.6513,0.4955,0.6855,Screen Recording,Screen Recording Recording16.mp4,1920,1080,0,0,960,540,Fixation,592,405,966,745,0.503,0.6902,,,,,,,,,,,
173885637,1603352775,Eye Tracker,LipReading,08/25/2025,YanTianming,Recording16,05/10/2025,05/10/2025,14:25:35.695,06:25:35.695,387686,Timeline1,Tobii I-VT (Fixation),1.241.54219,1080,1920,10.0,5.1,9.5,10.6,0.53,1.02,1.13,19,35,39,6.6,5.5,2.9,0.7,0.62,0.32,24,20,11,1564461434,,,961,717,976,690,946,744,0.06619,0.22575,-0.97194,-0.05226,0.2441,-0.96834,3.781,4.147,3.983,,,,Valid,Valid,226.9,51.9,589.7,290.9,54.7,590.6,267.1,188.8,259.0,203.6,0.5006,0.6638,0.5083,0.6389,0.4929,0.6887,Screen Recording,Screen Recording Recording16.mp4,1920,1080,0,0,960,540,Fixation,592,405,966,745,0.503,0.6902,,,,,,,,,,,
173889637,1603356775,Eye Tracker,LipReading,08/25/2025,YanTianming,Recording16,05/10/2025,05/10/2025,14:25:35.695,06:25:35.695,387686,Timeline1,Tobii I-VT (Fixation),1.241.54219,1080,1920,10.0,5.1,9.5,10.6,0.53,1.02,1.13,19,35,39,6.6,5.5,2.9,0.7,0.62,0.32,24,20,11,1564465434,,,964,717,976,689,953,745,0.06614,0.22534,-0.97203,-0.04949,0.24459,-0.96836,3.804,4.146,3.982,,,,Valid,Valid,227.0,51.9,589.7,290.9,54.6,590.7,267.1,188.6,260.7,203.8,0.5022,0.6638,0.5083,0.638,0.4962,0.6896,Screen Recording,Screen Recording Recording16.mp4,1920,1080,0,0,960,540,Fixation,592,405,966,745,0.503,0.6902,,,,,,,,,,,
173890815,1603357953,Mouse,LipReading,08/25/2025,YanTianming,Recording16,05/10/2025,05/10/2025,14:25:35.695,06:25:35.695,387686,Timeline1,Tobii I-VT (Fixation),1.241.54219,1080,1920,10.0,5.1,9.5,10.6,0.53,1.02,1.13,19,35,39,6.6,5.5,2.9,0.7,0.62,0.32,24,20,11,,,,,,,,,,,,,,,,,,,,,,,,,,,,,,,,,,,,,,,,Screen Recording,Screen Recording Recording16.mp4,1920,1080,0,0,960,540,Fixation,592,405,966,745,0.503,0.6902,,,,,,,,,,987,835
173893636,1603360774,Eye Tracker,LipReading,08/25/2025,YanTianming,Recording16,05/10/2025,05/10/2025,14:25:35.695,06:25:35.695,387686,Timeline1,Tobii I-VT (Fixation),1.241.54219,1080,1920,10.0,5.1,9.5,10.6,0.53,1.02,1.13,19,35,39,6.6,5.5,2.9,0.7,0.62,0.32,24,20,11,1564469434,,,965,719,976,697,954,740,0.06617,0.22878,-0.97123,-0.04873,0.24271,-0.96887,3.836,4.139,3.98,,,,Valid,Valid,227.0,51.8,589.8,290.9,54.6,590.8,267.2,190.8,261.2,202.6,0.5028,0.6654,0.5084,0.6454,0.4971,0.6854,Screen Recording,Screen Recording Recording16.mp4,1920,1080,0,0,960,540,Fixation,592,405,966,745,0.503,0.6902,,,,,,,,,,,
173897636,1603364774,Eye Tracker,LipReading,08/25/2025,YanTianming,Recording16,05/10/2025,05/10/2025,14:25:35.695,06:25:35.695,387686,Timeline1,Tobii I-VT (Fixation),1.241.54219,1080,1920,10.0,5.1,9.5,10.6,0.53,1.02,1.13,19,35,39,6.6,5.5,2.9,0.7,0.62,0.32,24,20,11,1564473434,,,963,716,969,701,957,730,0.06284,0.2304,-0.97106,-0.04777,0.23864,-0.96993,3.82,4.134,3.98,,,,Valid,Valid,227.0,51.8,589.9,290.9,54.5,591.0,265.1,191.7,261.8,199.9,0.5015,0.6625,0.5046,0.6488,0.4983,0.6763,Screen Recording,Screen Recording Recording16.mp4,1920,1080,0,0,960,540,Fixation,592,405,966,745,0.503,0.6902,,,,,,,,,,,
173901636,1603368774,Eye Tracker,LipReading,08/25/2025,YanTianming,Recording16,05/10/2025,05/10/2025,14:25:35.695,06:25:35.695,387686,Timeline1,Tobii I-VT (Fixation),1.241.54219,1080,1920,10.0,5.1,9.5,10.6,0.53,1.02,1.13,19,35,39,6.6,5.5,2.9,0.7,0.62,0.32,24,20,11,1564477434,,,970,721,980,702,960,740,0.06798,0.23081,-0.97062,-0.04621,0.24273,-0.96899,3.819,4.142,3.98,,,,Valid,Valid,227.0,51.8,589.9,290.9,54.5,591.0,268.3,192.0,262.8,202.5,0.5053,0.6675,0.5106,0.6498,0.5001,0.6852,Screen Recording,Screen Recording Recording16.mp4,1920,1080,0,0,960,540,Fixation,592,405,966,745,0.503,0.6902,,,,,,,,,,,
173905636,1603372774,Eye Tracker,LipReading,08/25/2025,YanTianming,Recording16,05/10/2025,05/10/2025,14:25:35.695,06:25:35.695,387686,Timeline1,Tobii I-VT (Fixation),1.241.54219,1080,1920,10.0,5.1,9.5,10.6,0.53,1.02,1.13,19,35,39,6.6,5.5,2.9,0.7,0.62,0.32,24,20,11,1564481434,,,966,717,975,696,958,739,0.06549,0.22823,-0.9714,-0.04715,0.24237,-0.96904,3.806,4.152,3.983,,,,Valid,Valid,227.0,51.7,590.0,291.0,54.5,591.0,266.8,190.4,262.2,202.3,0.5033,0.6643,0.5077,0.6441,0.499,0.6845,Screen Recording,Screen Recording Recording16.mp4,1920,1080,0,0,960,540,Fixation,592,405,966,745,0.503,0.6902,,,,,,,,,,,
173909636,1603376774,Eye Tracker,LipReading,08/25/2025,YanTianming,Recording16,05/10/2025,05/10/2025,14:25:35.695,06:25:35.695,387686,Timeline1,Tobii I-VT (Fixation),1.241.54219,1080,1920,10.0,5.1,9.5,10.6,0.53,1.02,1.13,19,35,39,6.6,5.5,2.9,0.7,0.62,0.32,24,20,11,1564485434,,,964,716,969,699,960,733,0.06268,0.22955,-0.97128,-0.04628,0.23994,-0.96968,3.819,4.148,3.977,,,,Valid,Valid,227.0,51.7,590.0,291.0,54.5,591.0,265.1,191.2,262.7,200.7,0.5022,0.663,0.5044,0.6468,0.5,0.6791,Screen Recording,Screen Recording Recording16.mp4,1920,1080,0,0,960,540,Fixation,592,405,966,745,0.503,0.6902,,,,,,,,,,,
173913636,1603380774,Eye Tracker,LipReading,08/25/2025,YanTianming,Recording16,05/10/2025,05/10/2025,14:25:35.695,06:25:35.695,387686,Timeline1,Tobii I-VT (Fixation),1.241.54219,1080,1920,10.0,5.1,9.5,10.6,0.53,1.02,1.13,19,35,39,6.6,5.5,2.9,0.7,0.62,0.32,24,20,11,1564489434,,,967,712,977,691,956,732,0.06653,0.22642,-0.97175,-0.04805,0.23941,-0.96973,3.797,4.147,3.976,,,,Valid,Valid,227.0,51.8,589.9,290.9,54.5,591.0,267.4,189.2,261.7,200.4,0.5034,0.6591,0.5088,0.6402,0.498,0.678,Screen Recording,Screen Recording Recording16.mp4,1920,1080,0,0,960,540,Saccade,20,543,,,,,,,,,,,,,,,
173917636,1603384774,Eye Tracker,LipReading,08/25/2025,YanTianming,Recording16,05/10/2025,05/10/2025,14:25:35.695,06:25:35.695,387686,Timeline1,Tobii I-VT (Fixation),1.241.54219,1080,1920,10.0,5.1,9.5,10.6,0.53,1.02,1.13,19,35,39,6.6,5.5,2.9,0.7,0.62,0.32,24,20,11,1564493434,,,961,719,974,697,949,741,0.06516,0.22871,-0.97131,-0.05133,0.24282,-0.96871,3.804,4.148,3.976,,,,Valid,Valid,227.0,51.8,589.8,290.9,54.6,590.7,266.5,190.7,259.6,202.7,0.5006,0.6655,0.5072,0.6453,0.494,0.6858,Screen Recording,Screen Recording Recording16.mp4,1920,1080,0,0,960,540,Saccade,20,543,,,,,,,,,,,,,,,
173921636,1603388774,Eye Tracker,LipReading,08/25/2025,YanTianming,Recording16,05/10/2025,05/10/2025,14:25:35.695,06:25:35.695,387686,Timeline1,Tobii I-VT (Fixation),1.241.54219,1080,1920,10.0,5.1,9.5,10.6,0.53,1.02,1.13,19,35,39,6.6,5.5,2.9,0.7,0.62,0.32,24,20,11,1564497434,,,938,712,945,690,931,734,0.05237,0.22613,-0.97269,-0.05899,0.23974,-0.96904,3.792,4.14,3.975,,,,Valid,Valid,226.9,51.8,589.9,290.8,54.7,590.6,258.7,189.0,254.9,200.8,0.4886,0.6593,0.4923,0.6393,0.485,0.6793,Screen Recording,Screen Recording Recording16.mp4,1920,1080,0,0,960,540,Saccade,20,543,,,,,,,,,,,,,,,
173925636,1603392774,Eye Tracker,LipReading,08/25/2025,YanTianming,Recording16,05/10/2025,05/10/2025,14:25:35.695,06:25:35.695,387686,Timeline1,Tobii I-VT (Fixation),1.241.54219,1080,1920,10.0,5.1,9.5,10.6,0.53,1.02,1.13,19,35,39,6.6,5.5,2.9,0.7,0.62,0.32,24,20,11,1564501434,,,920,723,921,702,919,745,0.04155,0.231,-0.97207,-0.06432,0.24466,-0.96747,3.803,4.158,3.976,,,,Valid,Valid,226.8,51.8,589.9,290.8,54.5,591.0,252.1,192.0,251.5,203.9,0.4791,0.6698,0.4797,0.6495,0.4786,0.69,Screen Recording,Screen Recording Recording16.mp4,1920,1080,0,0,960,540,Saccade,20,543,,,,,,,,,,,,,,,
173929636,1603396774,Eye Tracker,LipReading,08/25/2025,YanTianming,Recording16,05/10/2025,05/10/2025,14:25:35.695,06:25:35.695,387686,Timeline1,Tobii I-VT (Fixation),1.241.54219,1080,1920,10.0,5.1,9.5,10.6,0.53,1.02,1.13,19,35,39,6.6,5.5,2.9,0.7,0.62,0.32,24,20,11,1564505434,,,904,718,909,699,898,736,0.03644,0.23011,-0.97248,-0.07377,0.24054,-0.96783,3.804,4.144,3.974,,,,Valid,Valid,226.8,51.8,590.0,290.7,54.5,591.0,248.9,191.4,245.7,201.4,0.4706,0.6644,0.4737,0.6474,0.4676,0.6814,Screen Recording,Screen Recording Recording16.mp4,1920,1080,0,0,960,540,Saccade,20,543,,,,,,,,,,,,,,,
173933638,1603400776,Eye Tracker,LipReading,08/25/2025,YanTianming,Recording16,05/10/2025,05/10/2025,14:25:35.695,06:25:35.695,387686,Timeline1,Tobii I-VT (Fixation),1.241.54219,1080,1920,10.0,5.1,9.5,10.6,0.53,1.02,1.13,19,35,39,6.6,5.5,2.9,0.7,0.62,0.32,24,20,11,1564509436,,,911,714,921,693,901,735,0.04178,0.2274,-0.9729,-0.07234,0.24021,-0.96802,3.804,4.149,3.974,,,,Valid,Valid,226.7,51.9,589.8,290.7,54.6,590.7,252.1,189.7,246.5,201.2,0.4744,0.6613,0.4797,0.6419,0.4692,0.6807,Screen Recording,Screen Recording Recording16.mp4,1920,1080,0,0,960,540,Fixation,432,406,912,727,0.4751,0.6734,,,,,,,,,,,
173937638,1603404776,Eye Tracker,LipReading,08/25/2025,YanTianming,Recording16,05/10/2025,05/10/2025,14:25:35.695,06:25:35.695,387686,Timeline1,Tobii I-VT (Fixation),1.241.54219,1080,1920,10.0,5.1,9.5,10.6,0.53,1.02,1.13,19,35,39,6.6,5.5,2.9,0.7,0.62,0.32,24,20,11,1564513436,,,918,719,926,700,910,738,0.04399,0.23011,-0.97217,-0.06795,0.24164,-0.96798,3.797,4.137,3.971,,,,Valid,Valid,226.7,51.9,589.8,290.6,54.6,590.7,253.4,191.5,249.1,202.1,0.4782,0.6658,0.4822,0.6478,0.4742,0.6837,Screen Recording,Screen Recording Recording16.mp4,1920,1080,0,0,960,540,Fixation,432,406,912,727,0.4751,0.6734,,,,,,,,,,,
173941638,1603408776,Eye Tracker,LipReading,08/25/2025,YanTianming,Recording16,05/10/2025,05/10/2025,14:25:35.695,06:25:35.695,387686,Timeline1,Tobii I-VT (Fixation),1.241.54219,1080,1920,10.0,5.1,9.5,10.6,0.53,1.02,1.13,19,35,39,6.6,5.5,2.9,0.7,0.62,0.32,24,20,11,1564517436,,,916,719,926,702,906,736,0.04409,0.23105,-0.97194,-0.06996,0.24051,-0.96812,3.796,4.145,3.967,,,,Valid,Valid,226.7,51.8,589.9,290.6,54.5,591.0,253.4,192.1,247.9,201.3,0.477,0.6655,0.4823,0.6498,0.4717,0.6811,Screen Recording,Screen Recording Recording16.mp4,1920,1080,0,0,960,540,Fixation,432,406,912,727,0.4751,0.6734,,,,,,,,,,,
173945638,1603412776,Eye Tracker,LipReading,08/25/2025,YanTianming,Recording16,05/10/2025,05/10/2025,14:25:35.695,06:25:35.695,387686,Timeline1,Tobii I-VT (Fixation),1.241.54219,1080,1920,10.0,5.1,9.5,10.6,0.53,1.02,1.13,19,35,39,6.6,5.5,2.9,0.7,0.62,0.32,24,20,11,1564521436,,,911,713,916,702,907,724,0.03947,0.23106,-0.97214,-0.06921,0.23568,-0.96936,3.798,4.137,3.967,,,,Valid,Valid,226.6,51.8,590.0,290.5,54.5,591.1,250.6,192.0,248.3,198.2,0.4747,0.66,0.4768,0.6496,0.4726,0.6704,Screen Recording,Screen Recording Recording16.mp4,1920,1080,0,0,960,540,Fixation,432,406,912,727,0.4751,0.6734,,,,,,,,,,,
173949638,1603416776,Eye Tracker,LipReading,08/25/2025,YanTianming,Recording16,05/10/2025,05/10/2025,14:25:35.695,06:25:35.695,387686,Timeline1,Tobii I-VT (Fixation),1.241.54219,1080,1920,10.0,5.1,9.5,10.6,0.53,1.02,1.13,19,35,39,6.6,5.5,2.9,0.7,0.62,0.32,24,20,11,1564525436,,,916,717,930,693,902,741,0.04605,0.22715,-0.97277,-0.0714,0.24267,-0.96748,3.778,4.136,3.966,,,,Valid,Valid,226.6,51.8,590.0,290.5,54.5,590.9,254.5,189.5,246.9,202.7,0.4771,0.6636,0.4843,0.6413,0.4699,0.686,Screen Recording,Screen Recording Recording16.mp4,1920,1080,0,0,960,540,Fixation,432,406,912,727,0.4751,0.6734,,,,,,,,,,,
173953638,1603420776,Eye Tracker,LipReading,08/25/2025,YanTianming,Recording16,05/10/2025,05/10/2025,14:25:35.695,06:25:35.695,387686,Timeline1,Tobii I-VT (Fixation),1.241.54219,1080,1920,10.0,5.1,9.5,10.6,0.53,1.02,1.13,19,35,39,6.6,5.5,2.9,0.7,0.62,0.32,24,20,11,1564529436,,,914,718,922,704,906,731,0.04241,0.23215,-0.97175,-0.06947,0.23859,-0.96863,3.807,4.133,3.965,,,,Valid,Valid,226.5,51.8,589.8,290.4,54.6,590.7,252.3,192.8,248.1,200.1,0.4761,0.6646,0.4801,0.6522,0.4721,0.677,Screen Recording,Screen Recording Recording16.mp4,1920,1080,0,0,960,540,Fixation,432,406,912,727,0.4751,0.6734,,,,,,,,,,,
173957638,1603424776,Eye Tracker,LipReading,08/25/2025,YanTianming,Recording16,05/10/2025,05/10/2025,14:25:35.695,06:25:35.695,387686,Timeline1,Tobii I-VT (Fixation),1.241.54219,1080,1920,10.0,5.1,9.5,10.6,0.53,1.02,1.13,19,35,39,6.6,5.5,2.9,0.7,0.62,0.32,24,20,11,1564533436,,,914,712,927,694,902,729,0.04475,0.22774,-0.97269,-0.07139,0.23764,-0.96873,3.788,4.114,3.97,,,,Valid,Valid,226.5,51.8,589.8,290.4,54.6,590.8,253.6,189.9,246.9,199.5,0.4762,0.6588,0.4827,0.6426,0.4698,0.675,Screen Recording,Screen Recording Recording16.mp4,1920,1080,0,0,960,540,Fixation,432,406,912,727,0.4751,0.6734,,,,,,,,,,,
173961638,1603428776,Eye Tracker,LipReading,08/25/2025,YanTianming,Recording16,05/10/2025,05/10/2025,14:25:35.695,06:25:35.695,387686,Timeline1,Tobii I-VT (Fixation),1.241.54219,1080,1920,10.0,5.1,9.5,10.6,0.53,1.02,1.13,19,35,39,6.6,5.5,2.9,0.7,0.62,0.32,24,20,11,1564537436,,,916,719,925,710,906,728,0.04382,0.23469,-0.97108,-0.06936,0.23754,-0.9689,3.819,4.126,3.967,,,,Valid,Valid,226.4,51.8,589.9,290.4,54.4,591.1,253.0,194.4,248.0,199.4,0.4768,0.6661,0.4816,0.6576,0.4721,0.6745,Screen Recording,Screen Recording Recording16.mp4,1920,1080,0,0,960,540,Fixation,432,406,912,727,0.4751,0.6734,,,,,,,,,,,
173965638,1603432776,Eye Tracker,LipReading,08/25/2025,YanTianming,Recording16,05/10/2025,05/10/2025,14:25:35.695,06:25:35.695,387686,Timeline1,Tobii I-VT (Fixation),1.241.54219,1080,1920,10.0,5.1,9.5,10.6,0.53,1.02,1.13,19,35,39,6.6,5.5,2.9,0.7,0.62,0.32,24,20,11,1564541436,,,917,728,922,716,911,740,0.04277,0.23715,-0.97053,-0.06722,0.24224,-0.96789,3.833,4.139,3.969,,,,Valid,Valid,226.4,51.7,590.1,290.3,54.5,591.1,252.4,195.9,249.3,202.4,0.4774,0.6738,0.4803,0.6628,0.4744,0.6847,Screen Recording,Screen Recording Recording16.mp4,1920,1080,0,0,960,540,Fixation,432,406,912,727,0.4751,0.6734,,,,,,,,,,,
173969638,1603436776,Eye Tracker,LipReading,08/25/2025,YanTianming,Recording16,05/10/2025,05/10/2025,14:25:35.695,06:25:35.695,387686,Timeline1,Tobii I-VT (Fixation),1.241.54219,1080,1920,10.0,5.1,9.5,10.6,0.53,1.02,1.13,19,35,39,6.6,5.5,2.9,0.7,0.62,0.32,24,20,11,1564545436,,,912,717,924,704,901,729,0.04358,0.23191,-0.97176,-0.07165,0.23788,-0.96865,3.801,4.126,3.97,,,,Valid,Valid,226.3,51.8,589.9,290.3,54.5,590.9,252.8,192.6,246.6,199.6,0.4752,0.6635,0.4811,0.6516,0.4693,0.6755,Screen Recording,Screen Recording Recording16.mp4,1920,1080,0,0,960,540,Fixation,432,406,912,727,0.4751,0.6734,,,,,,,,,,,
173973638,1603440776,Eye Tracker,LipReading,08/25/2025,YanTianming,Recording16,05/10/2025,05/10/2025,14:25:35.695,06:25:35.695,387686,Timeline1,Tobii I-VT (Fixation),1.241.54219,1080,1920,10.0,5.1,9.5,10.6,0.53,1.02,1.13,19,35,39,6.6,5.5,2.9,0.7,0.62,0.32,24,20,11,1564549436,,,913,726,919,712,907,741,0.0415,0.2353,-0.97104,-0.06887,0.24287,-0.96761,3.811,4.145,3.965,,,,Valid,Valid,226.3,51.8,589.8,290.2,54.6,590.8,251.5,194.8,248.2,202.9,0.4755,0.6727,0.4787,0.659,0.4723,0.6863,Screen Recording,Screen Recording Recording16.mp4,1920,1080,0,0,960,540,Fixation,432,406,912,727,0.4751,0.6734,,,,,,,,,,,
173977638,1603444776,Eye Tracker,LipReading,08/25/2025,YanTianming,Recording16,05/10/2025,05/10/2025,14:25:35.695,06:25:35.695,387686,Timeline1,Tobii I-VT (Fixation),1.241.54219,1080,1920,10.0,5.1,9.5,10.6,0.53,1.02,1.13,19,35,39,6.6,5.5,2.9,0.7,0.62,0.32,24,20,11,1564553436,,,912,717,920,706,903,728,0.04218,0.2329,-0.97159,-0.07076,0.23733,-0.96885,3.793,4.129,3.965,,,,Valid,Valid,226.3,51.9,589.8,290.2,54.6,590.8,251.9,193.2,247.0,199.3,0.4748,0.664,0.4794,0.6538,0.4702,0.6743,Screen Recording,Screen Recording Recording16.mp4,1920,1080,0,0,960,540,Fixation,432,406,912,727,0.4751,0.6734,,,,,,,,,,,
173981637,1603448775,Eye Tracker,LipReading,08/25/2025,YanTianming,Recording16,05/10/2025,05/10/2025,14:25:35.695,06:25:35.695,387686,Timeline1,Tobii I-VT (Fixation),1.241.54219,1080,1920,10.0,5.1,9.5,10.6,0.53,1.02,1.13,19,35,39,6.6,5.5,2.9,0.7,0.62,0.32,24,20,11,1564557436,,,914,722,921,709,907,735,0.04262,0.23419,-0.97126,-0.06869,0.2403,-0.96826,3.802,4.127,3.973,,,,Valid,Valid,226.3,51.8,589.9,290.2,54.5,591.0,252.1,194.0,248.3,201.2,0.4762,0.6686,0.4799,0.6565,0.4725,0.6806,Screen Recording,Screen Recording Recording16.mp4,1920,1080,0,0,960,540,Fixation,432,406,912,727,0.4751,0.6734,,,,,,,,,,,
173985637,1603452775,Eye Tracker,LipReading,08/25/2025,YanTianming,Recording16,05/10/2025,05/10/2025,14:25:35.695,06:25:35.695,387686,Timeline1,Tobii I-VT (Fixation),1.241.54219,1080,1920,10.0,5.1,9.5,10.6,0.53,1.02,1.13,19,35,39,6.6,5.5,2.9,0.7,0.62,0.32,24,20,11,1564561436,,,914,724,916,712,912,737,0.04003,0.23533,-0.97109,-0.06626,0.24103,-0.96825,3.823,4.136,3.965,,,,Valid,Valid,226.2,51.8,589.9,290.2,54.5,591.0,250.6,194.8,249.7,201.6,0.476,0.6705,0.4769,0.659,0.4752,0.6821,Screen Recording,Screen Recording Recording16.mp4,1920,1080,0,0,960,540,Fixation,432,406,912,727,0.4751,0.6734,,,,,,,,,,,
173989637,1603456775,Eye Tracker,LipReading,08/25/2025,YanTianming,Recording16,05/10/2025,05/10/2025,14:25:35.695,06:25:35.695,387686,Timeline1,Tobii I-VT (Fixation),1.241.54219,1080,1920,10.0,5.1,9.5,10.6,0.53,1.02,1.13,19,35,39,6.6,5.5,2.9,0.7,0.62,0.32,24,20,11,1564565436,,,912,723,916,716,908,731,0.04011,0.23708,-0.97066,-0.06814,0.2385,-0.96875,3.809,4.139,3.973,,,,Valid,Valid,226.2,51.8,589.9,290.1,54.4,591.1,250.6,195.9,248.6,200.0,0.475,0.6697,0.4769,0.6628,0.4731,0.6766,Screen Recording,Screen Recording Recording16.mp4,1920,1080,0,0,960,540,Fixation,432,406,912,727,0.4751,0.6734,,,,,,,,,,,
173993637,1603460775,Eye Tracker,LipReading,08/25/2025,YanTianming,Recording16,05/10/2025,05/10/2025,14:25:35.695,06:25:35.695,387686,Timeline1,Tobii I-VT (Fixation),1.241.54219,1080,1920,10.0,5.1,9.5,10.6,0.53,1.02,1.13,19,35,39,6.6,5.5,2.9,0.7,0.62,0.32,24,20,11,1564569436,,,919,712,925,700,914,723,0.04436,0.23043,-0.97208,-0.06578,0.23535,-0.96968,3.8,4.111,3.975,,,,Valid,Valid,226.2,51.8,589.9,290.1,54.4,591.2,253.1,191.6,250.0,197.9,0.4788,0.659,0.4818,0.6484,0.4759,0.6696,Screen Recording,Screen Recording Recording16.mp4,1920,1080,0,0,960,540,Fixation,432,406,912,727,0.4751,0.6734,,,,,,,,,,,
173997637,1603464775,Eye Tracker,LipReading,08/25/2025,YanTianming,Recording16,05/10/2025,05/10/2025,14:25:35.695,06:25:35.695,387686,Timeline1,Tobii I-VT (Fixation),1.241.54219,1080,1920,10.0,5.1,9.5,10.6,0.53,1.02,1.13,19,35,39,6.6,5.5,2.9,0.7,0.62,0.32,24,20,11,1564573436,,,919,716,926,704,912,728,0.04475,0.23213,-0.97165,-0.06642,0.23757,-0.9691,3.812,4.15,3.974,,,,Valid,Valid,226.2,51.8,589.9,290.1,54.4,591.2,253.4,192.7,249.6,199.4,0.4787,0.6633,0.4822,0.6521,0.4751,0.6745,Screen Recording,Screen Recording Recording16.mp4,1920,1080,0,0,960,540,Fixation,432,406,912,727,0.4751,0.6734,,,,,,,,,,,
174001637,1603468775,Eye Tracker,LipReading,08/25/2025,YanTianming,Recording16,05/10/2025,05/10/2025,14:25:35.695,06:25:35.695,387686,Timeline1,Tobii I-VT (Fixation),1.241.54219,1080,1920,10.0,5.1,9.5,10.6,0.53,1.02,1.13,19,35,39,6.6,5.5,2.9,0.7,0.62,0.32,24,20,11,1564577436,,,917,718,923,703,911,733,0.04344,0.23141,-0.97188,-0.06705,0.23951,-0.96858,3.81,4.142,3.969,,,,Valid,Valid,226.2,51.8,590.0,290.1,54.4,591.2,252.6,192.3,249.2,200.6,0.4775,0.6647,0.4807,0.6506,0.4743,0.6788,Screen Recording,Screen Recording Recording16.mp4,1920,1080,0,0,960,540,Fixation,432,406,912,727,0.4751,0.6734,,,,,,,,,,,
174005637,1603472775,Eye Tracker,LipReading,08/25/2025,YanTianming,Recording16,05/10/2025,05/10/2025,14:25:35.695,06:25:35.695,387686,Timeline1,Tobii I-VT (Fixation),1.241.54219,1080,1920,10.0,5.1,9.5,10.6,0.53,1.02,1.13,19,35,39,6.6,5.5,2.9,0.7,0.62,0.32,24,20,11,1564581436,,,914,721,916,702,913,740,0.04019,0.2311,-0.9721,-0.06611,0.2423,-0.96795,3.793,4.132,3.972,,,,Valid,Valid,226.2,51.8,590.0,290.1,54.5,591.1,250.6,192.1,249.8,202.4,0.4762,0.6674,0.477,0.6499,0.4754,0.6849,Screen Recording,Screen Recording Recording16.mp4,1920,1080,0,0,960,540,Fixation,432,406,912,727,0.4751,0.6734,,,,,,,,,,,
174009637,1603476775,Eye Tracker,LipReading,08/25/2025,YanTianming,Recording16,05/10/2025,05/10/2025,14:25:35.695,06:25:35.695,387686,Timeline1,Tobii I-VT (Fixation),1.241.54219,1080,1920,10.0,5.1,9.5,10.6,0.53,1.02,1.13,19,35,39,6.6,5.5,2.9,0.7,0.62,0.32,24,20,11,1564585436,,,913,721,914,697,912,745,0.03941,0.22883,-0.97267,-0.06638,0.24441,-0.9674,3.802,4.137,3.969,,,,Valid,Valid,226.3,51.9,589.9,290.2,54.5,591.0,250.2,190.6,249.6,203.8,0.4756,0.6674,0.4761,0.645,0.475,0.6897,Screen Recording,Screen Recording Recording16.mp4,1920,1080,0,0,960,540,Fixation,432,406,912,727,0.4751,0.6734,,,,,,,,,,,
174013637,1603480775,Eye Tracker,LipReading,08/25/2025,YanTianming,Recording16,05/10/2025,05/10/2025,14:25:35.695,06:25:35.695,387686,Timeline1,Tobii I-VT (Fixation),1.241.54219,1080,1920,10.0,5.1,9.5,10.6,0.53,1.02,1.13,19,35,39,6.6,5.5,2.9,0.7,0.62,0.32,24,20,11,1564589436,,,913,724,912,700,915,749,0.03845,0.2302,-0.97238,-0.06524,0.24597,-0.96708,3.782,4.155,3.965,,,,Valid,Valid,226.3,51.9,589.8,290.2,54.6,590.8,249.6,191.5,250.3,204.9,0.4757,0.6706,0.475,0.648,0.4764,0.6932,Screen Recording,Screen Recording Recording16.mp4,1920,1080,0,0,960,540,Fixation,432,406,912,727,0.4751,0.6734,,,,,,,,,,,
174017637,1603484775,Eye Tracker,LipReading,08/25/2025,YanTianming,Recording16,05/10/2025,05/10/2025,14:25:35.695,06:25:35.695,387686,Timeline1,Tobii I-VT (Fixation),1.241.54219,1080,1920,10.0,5.1,9.5,10.6,0.53,1.02,1.13,19,35,39,6.6,5.5,2.9,0.7,0.62,0.32,24,20,11,1564593436,,,912,725,926,702,897,748,0.04474,0.23113,-0.97189,-0.07312,0.2456,-0.96661,3.809,4.126,3.971,,,,Valid,Valid,226.3,51.9,589.8,290.2,54.7,590.7,253.4,192.2,245.5,204.8,0.4748,0.6715,0.4823,0.6502,0.4672,0.6928,Screen Recording,Screen Recording Recording16.mp4,1920,1080,0,0,960,540,Fixation,432,406,912,727,0.4751,0.6734,,,,,,,,,,,
174021637,1603488775,Eye Tracker,LipReading,08/25/2025,YanTianming,Recording16,05/10/2025,05/10/2025,14:25:35.695,06:25:35.695,387686,Timeline1,Tobii I-VT (Fixation),1.241.54219,1080,1920,10.0,5.1,9.5,10.6,0.53,1.02,1.13,19,35,39,6.6,5.5,2.9,0.7,0.62,0.32,24,20,11,1564597436,,,916,726,927,702,904,749,0.0452,0.23127,-0.97184,-0.06994,0.24616,-0.9667,3.79,4.141,3.973,,,,Valid,Valid,226.3,51.9,589.9,290.2,54.6,590.9,253.8,192.3,247.5,205.1,0.477,0.6721,0.4829,0.6505,0.471,0.6938,Screen Recording,Screen Recording Recording16.mp4,1920,1080,0,0,960,540,Fixation,432,406,912,727,0.4751,0.6734,,,,,,,,,,,
174025637,1603492775,Eye Tracker,LipReading,08/25/2025,YanTianming,Recording16,05/10/2025,05/10/2025,14:25:35.695,06:25:35.695,387686,Timeline1,Tobii I-VT (Fixation),1.241.54219,1080,1920,10.0,5.1,9.5,10.6,0.53,1.02,1.13,19,35,39,6.6,5.5,2.9,0.7,0.62,0.32,24,20,11,1564601436,,,909,733,921,716,898,749,0.04233,0.2372,-0.97054,-0.07297,0.24601,-0.96652,3.835,4.145,3.973,,,,Valid,Valid,226.3,51.8,590.1,290.3,54.5,591.1,252.1,196.0,245.7,205.0,0.4737,0.6783,0.4798,0.6632,0.4676,0.6935,Screen Recording,Screen Recording Recording16.mp4,1920,1080,0,0,960,540,Fixation,432,406,912,727,0.4751,0.6734,,,,,,,,,,,
174029637,1603496775,Eye Tracker,LipReading,08/25/2025,YanTianming,Recording16,05/10/2025,05/10/2025,14:25:35.695,06:25:35.695,387686,Timeline1,Tobii I-VT (Fixation),1.241.54219,1080,1920,10.0,5.1,9.5,10.6,0.53,1.02,1.13,19,35,39,6.6,5.5,2.9,0.7,0.62,0.32,24,20,11,1564605436,,,906,730,920,709,893,751,0.04167,0.23397,-0.97135,-0.07526,0.24688,-0.96612,3.804,4.141,3.969,,,,Valid,Valid,226.4,51.8,590.2,290.3,54.5,591.2,251.7,193.9,244.3,205.6,0.472,0.6758,0.479,0.6561,0.4649,0.6955,Screen Recording,Screen Recording Recording16.mp4,1920,1080,0,0,960,540,Fixation,432,406,912,727,0.4751,0.6734,,,,,,,,,,,
174033637,1603500775,Eye Tracker,LipReading,08/25/2025,YanTianming,Recording16,05/10/2025,05/10/2025,14:25:35.695,06:25:35.695,387686,Timeline1,Tobii I-VT (Fixation),1.241.54219,1080,1920,10.0,5.1,9.5,10.6,0.53,1.02,1.13,19,35,39,6.6,5.5,2.9,0.7,0.62,0.32,24,20,11,1564609436,,,914,730,924,712,903,749,0.04354,0.23552,-0.97089,-0.07072,0.24579,-0.96674,3.797,4.143,3.974,,,,Valid,Valid,226.5,51.9,589.9,290.4,54.6,591.0,252.9,195.0,247.1,204.8,0.4758,0.6764,0.4813,0.6597,0.4703,0.6931,Screen Recording,Screen Recording Recording16.mp4,1920,1080,0,0,960,540,Fixation,432,406,912,727,0.4751,0.6734,,,,,,,,,,,
174037637,1603504775,Eye Tracker,LipReading,08/25/2025,YanTianming,Recording16,05/10/2025,05/10/2025,14:25:35.695,06:25:35.695,387686,Timeline1,Tobii I-VT (Fixation),1.241.54219,1080,1920,10.0,5.1,9.5,10.6,0.53,1.02,1.13,19,35,39,6.6,5.5,2.9,0.7,0.62,0.32,24,20,11,1564613436,,,914,726,921,708,907,744,0.04201,0.23364,-0.97142,-0.0691,0.24397,-0.96732,3.793,4.13,3.972,,,,Valid,Valid,226.5,51.9,589.9,290.4,54.7,590.8,252.0,193.8,248.2,203.7,0.476,0.6724,0.4796,0.6556,0.4724,0.6892,Screen Recording,Screen Recording Recording16.mp4,1920,1080,0,0,960,540,Fixation,432,406,912,727,0.4751,0.6734,,,,,,,,,,,
174041637,1603508775,Eye Tracker,LipReading,08/25/2025,YanTianming,Recording16,05/10/2025,05/10/2025,14:25:35.695,06:25:35.695,387686,Timeline1,Tobii I-VT (Fixation),1.241.54219,1080,1920,10.0,5.1,9.5,10.6,0.53,1.02,1.13,19,35,39,6.6,5.5,2.9,0.7,0.62,0.32,24,20,11,1564617436,,,919,732,929,715,909,749,0.04537,0.23658,-0.97055,-0.06825,0.24621,-0.96681,3.838,4.162,3.976,,,,Valid,Valid,226.5,51.8,590.0,290.5,54.6,591.0,254.1,195.7,248.8,205.1,0.4785,0.678,0.4836,0.662,0.4734,0.6939,Screen Recording,Screen Recording Recording16.mp4,1920,1080,0,0,960,540,Fixation,432,406,912,727,0.4751,0.6734,,,,,,,,,,,
174045637,1603512775,Eye Tracker,LipReading,08/25/2025,YanTianming,Recording16,05/10/2025,05/10/2025,14:25:35.695,06:25:35.695,387686,Timeline1,Tobii I-VT (Fixation),1.241.54219,1080,1920,10.0,5.1,9.5,10.6,0.53,1.02,1.13,19,35,39,6.6,5.5,2.9,0.7,0.62,0.32,24,20,11,1564621436,,,907,725,919,709,895,742,0.04086,0.23402,-0.97137,-0.07467,0.24289,-0.96717,3.809,4.139,3.977,,,,Valid,Valid,226.6,51.8,590.2,290.5,54.5,591.2,251.4,194.0,244.9,203.0,0.4723,0.6715,0.4785,0.6562,0.4661,0.6868,Screen Recording,Screen Recording Recording16.mp4,1920,1080,0,0,960,540,Fixation,432,406,912,727,0.4751,0.6734,,,,,,,,,,,
174049637,1603516775,Eye Tracker,LipReading,08/25/2025,YanTianming,Recording16,05/10/2025,05/10/2025,14:25:35.695,06:25:35.695,387686,Timeline1,Tobii I-VT (Fixation),1.241.54219,1080,1920,10.0,5.1,9.5,10.6,0.53,1.02,1.13,19,35,39,6.6,5.5,2.9,0.7,0.62,0.32,24,20,11,1564625436,,,913,734,920,717,906,751,0.04123,0.23725,-0.97057,-0.06993,0.2467,-0.96656,3.82,4.149,3.985,,,,Valid,Valid,226.7,51.9,589.9,290.6,54.6,591.0,251.7,196.1,247.8,205.4,0.4754,0.6792,0.4791,0.6634,0.4716,0.6951,Screen Recording,Screen Recording Recording16.mp4,1920,1080,0,0,960,540,Fixation,432,406,912,727,0.4751,0.6734,,,,,,,,,,,
174053637,1603520775,Eye Tracker,LipReading,08/25/2025,YanTianming,Recording16,05/10/2025,05/10/2025,14:25:35.695,06:25:35.695,387686,Timeline1,Tobii I-VT (Fixation),1.241.54219,1080,1920,10.0,5.1,9.5,10.6,0.53,1.02,1.13,19,35,39,6.6,5.5,2.9,0.7,0.62,0.32,24,20,11,1564629436,,,912,729,918,711,907,746,0.04054,0.235,-0.97115,-0.06961,0.24483,-0.96706,3.803,4.145,3.979,,,,Valid,Valid,226.7,51.9,589.9,290.6,54.7,590.9,251.3,194.6,248.1,204.2,0.4753,0.6748,0.4784,0.6586,0.4722,0.691,Screen Recording,Screen Recording Recording16.mp4,1920,1080,0,0,960,540,Fixation,432,406,912,727,0.4751,0.6734,,,,,,,,,,,
174057637,1603524775,Eye Tracker,LipReading,08/25/2025,YanTianming,Recording16,05/10/2025,05/10/2025,14:25:35.695,06:25:35.695,387686,Timeline1,Tobii I-VT (Fixation),1.241.54219,1080,1920,10.0,5.1,9.5,10.6,0.53,1.02,1.13,19,35,39,6.6,5.5,2.9,0.7,0.62,0.32,24,20,11,1564633436,,,911,734,923,718,898,749,0.04247,0.23786,-0.97037,-0.07331,0.24613,-0.96646,3.821,4.16,3.985,,,,Valid,Valid,226.8,51.8,590.2,290.7,54.5,591.1,252.6,196.4,245.9,205.1,0.4743,0.6792,0.4807,0.6646,0.4679,0.6939,Screen Recording,Screen Recording Recording16.mp4,1920,1080,0,0,960,540,Fixation,432,406,912,727,0.4751,0.6734,,,,,,,,,,,
174061635,1603528773,Eye Tracker,LipReading,08/25/2025,YanTianming,Recording16,05/10/2025,05/10/2025,14:25:35.695,06:25:35.695,387686,Timeline1,Tobii I-VT (Fixation),1.241.54219,1080,1920,10.0,5.1,9.5,10.6,0.53,1.02,1.13,19,35,39,6.6,5.5,2.9,0.7,0.62,0.32,24,20,11,1564637434,,,911,733,923,714,899,751,0.04219,0.23631,-0.97076,-0.07294,0.24693,-0.96629,3.804,4.158,3.981,,,,Valid,Valid,226.8,51.8,590.2,290.8,54.5,591.2,252.5,195.4,246.1,205.6,0.4745,0.6784,0.4805,0.6613,0.4684,0.6956,Screen Recording,Screen Recording Recording16.mp4,1920,1080,0,0,960,540,Fixation,432,406,912,727,0.4751,0.6734,,,,,,,,,,,
174065635,1603532773,Eye Tracker,LipReading,08/25/2025,YanTianming,Recording16,05/10/2025,05/10/2025,14:25:35.695,06:25:35.695,387686,Timeline1,Tobii I-VT (Fixation),1.241.54219,1080,1920,10.0,5.1,9.5,10.6,0.53,1.02,1.13,19,35,39,6.6,5.5,2.9,0.7,0.62,0.32,24,20,11,1564641434,,,910,733,915,722,906,743,0.03849,0.23975,-0.97007,-0.07027,0.24363,-0.96732,3.822,4.146,3.989,,,,Valid,Valid,226.9,51.9,589.9,290.8,54.6,591.0,250.3,197.7,247.9,203.5,0.474,0.6786,0.4764,0.6689,0.4717,0.6884,Screen Recording,Screen Recording Recording16.mp4,1920,1080,0,0,960,540,Fixation,432,406,912,727,0.4751,0.6734,,,,,,,,,,,
174069635,1603536773,Eye Tracker,LipReading,08/25/2025,YanTianming,Recording16,05/10/2025,05/10/2025,14:25:35.695,06:25:35.695,387686,Timeline1,Tobii I-VT (Fixation),1.241.54219,1080,1920,10.0,5.1,9.5,10.6,0.53,1.02,1.13,19,35,39,6.6,5.5,2.9,0.7,0.62,0.32,24,20,11,1564645434,,,910,731,922,720,897,743,0.04194,0.23866,-0.9702,-0.07423,0.24336,-0.96709,3.817,4.141,3.99,,,,Valid,Valid,226.9,51.9,589.9,290.8,54.7,590.9,252.4,197.0,245.5,203.4,0.4738,0.6773,0.4804,0.6665,0.4672,0.688,Screen Recording,Screen Recording Recording16.mp4,1920,1080,0,0,960,540,Fixation,432,406,912,727,0.4751,0.6734,,,,,,,,,,,
174073634,1603540772,Eye Tracker,LipReading,08/25/2025,YanTianming,Recording16,05/10/2025,05/10/2025,14:25:35.695,06:25:35.695,387686,Timeline1,Tobii I-VT (Fixation),1.241.54219,1080,1920,10.0,5.1,9.5,10.6,0.53,1.02,1.13,19,35,39,6.6,5.5,2.9,0.7,0.62,0.32,24,20,11,1564649434,,,913,738,924,730,903,746,0.04233,0.24303,-0.96909,-0.07178,0.24482,-0.96691,3.852,4.171,3.993,,,,Valid,Valid,227.0,51.8,590.2,290.9,54.6,591.1,252.8,199.8,247.0,204.2,0.4756,0.6835,0.481,0.6759,0.4701,0.691,Screen Recording,Screen Recording Recording16.mp4,1920,1080,0,0,960,540,Fixation,432,406,912,727,0.4751,0.6734,,,,,,,,,,,
174077634,1603544772,Eye Tracker,LipReading,08/25/2025,YanTianming,Recording16,05/10/2025,05/10/2025,14:25:35.695,06:25:35.695,387686,Timeline1,Tobii I-VT (Fixation),1.241.54219,1080,1920,10.0,5.1,9.5,10.6,0.53,1.02,1.13,19,35,39,6.6,5.5,2.9,0.7,0.62,0.32,24,20,11,1564653434,,,903,732,911,717,895,746,0.03656,0.23762,-0.97067,-0.07531,0.2448,-0.96664,3.836,4.172,3.998,,,,Valid,Valid,227.0,51.8,590.2,291.0,54.6,591.1,249.3,196.2,244.9,204.3,0.4702,0.6775,0.4744,0.664,0.4661,0.6911,Screen Recording,Screen Recording Recording16.mp4,1920,1080,0,0,960,540,Fixation,432,406,912,727,0.4751,0.6734,,,,,,,,,,,
174081634,1603548772,Eye Tracker,LipReading,08/25/2025,YanTianming,Recording16,05/10/2025,05/10/2025,14:25:35.695,06:25:35.695,387686,Timeline1,Tobii I-VT (Fixation),1.241.54219,1080,1920,10.0,5.1,9.5,10.6,0.53,1.02,1.13,19,35,39,6.6,5.5,2.9,0.7,0.62,0.32,24,20,11,1564657434,,,910,733,921,720,900,746,0.04094,0.23856,-0.97026,-0.07297,0.24463,-0.96687,3.828,4.159,4.004,,,,Valid,Valid,227.1,51.9,590.0,291.0,54.6,591.1,252.0,196.9,246.4,204.1,0.4742,0.6785,0.4795,0.6663,0.4689,0.6907,Screen Recording,Screen Recording Recording16.mp4,1920,1080,0,0,960,540,Fixation,432,406,912,727,0.4751,0.6734,,,,,,,,,,,
174085634,1603552772,Eye Tracker,LipReading,08/25/2025,YanTianming,Recording16,05/10/2025,05/10/2025,14:25:35.695,06:25:35.695,387686,Timeline1,Tobii I-VT (Fixation),1.241.54219,1080,1920,10.0,5.1,9.5,10.6,0.53,1.02,1.13,19,35,39,6.6,5.5,2.9,0.7,0.62,0.32,24,20,11,1564661434,,,917,738,921,721,912,755,0.04113,0.23921,-0.9701,-0.06754,0.24832,-0.96632,3.838,4.159,4.004,,,,Valid,Valid,227.1,51.9,590.0,291.0,54.6,591.0,252.1,197.4,249.7,206.5,0.4775,0.6832,0.4798,0.6677,0.4752,0.6987,Screen Recording,Screen Recording Recording16.mp4,1920,1080,0,0,960,540,Fixation,432,406,912,727,0.4751,0.6734,,,,,,,,,,,
174089634,1603556772,Eye Tracker,LipReading,08/25/2025,YanTianming,Recording16,05/10/2025,05/10/2025,14:25:35.695,06:25:35.695,387686,Timeline1,Tobii I-VT (Fixation),1.241.54219,1080,1920,10.0,5.1,9.5,10.6,0.53,1.02,1.13,19,35,39,6.6,5.5,2.9,0.7,0.62,0.32,24,20,11,1564665434,,,911,739,918,723,903,754,0.0398,0.23989,-0.96999,-0.07189,0.24812,-0.96606,3.838,4.186,3.999,,,,Valid,Valid,227.1,51.9,590.0,291.0,54.7,590.9,251.3,197.8,247.0,206.4,0.4743,0.6838,0.4783,0.6692,0.4702,0.6985,Screen Recording,Screen Recording Recording16.mp4,1920,1080,0,0,960,540,Fixation,432,406,912,727,0.4751,0.6734,,,,,,,,,,,
174093634,1603560772,Eye Tracker,LipReading,08/25/2025,YanTianming,Recording16,05/10/2025,05/10/2025,14:25:35.695,06:25:35.695,387686,Timeline1,Tobii I-VT (Fixation),1.241.54219,1080,1920,10.0,5.1,9.5,10.6,0.53,1.02,1.13,19,35,39,6.6,5.5,2.9,0.7,0.62,0.32,24,20,11,1564669434,,,917,733,927,724,906,742,0.04369,0.24054,-0.96966,-0.07062,0.24293,-0.96747,3.846,4.169,4.002,,,,Valid,Valid,227.1,51.9,590.0,291.1,54.7,590.9,253.7,198.2,247.9,203.1,0.4774,0.6789,0.4829,0.6707,0.4718,0.6871,Screen Recording,Screen Recording Recording16.mp4,1920,1080,0,0,960,540,Fixation,432,406,912,727,0.4751,0.6734,,,,,,,,,,,
174097634,1603564772,Eye Tracker,LipReading,08/25/2025,YanTianming,Recording16,05/10/2025,05/10/2025,14:25:35.695,06:25:35.695,387686,Timeline1,Tobii I-VT (Fixation),1.241.54219,1080,1920,10.0,5.1,9.5,10.6,0.53,1.02,1.13,19,35,39,6.6,5.5,2.9,0.7,0.62,0.32,24,20,11,1564673434,,,908,732,918,720,898,744,0.03956,0.23866,-0.9703,-0.07423,0.24351,-0.96705,3.835,4.159,4.006,,,,Valid,Valid,227.2,51.9,590.0,291.1,54.7,590.9,251.2,197.0,245.7,203.5,0.4729,0.6775,0.4781,0.6665,0.4676,0.6885,Screen Recording,Screen Recording Recording16.mp4,1920,1080,0,0,960,540,Fixation,432,406,912,727,0.4751,0.6734,,,,,,,,,,,
174101634,1603568772,Eye Tracker,LipReading,08/25/2025,YanTianming,Recording16,05/10/2025,05/10/2025,14:25:35.695,06:25:35.695,387686,Timeline1,Tobii I-VT (Fixation),1.241.54219,1080,1920,10.0,5.1,9.5,10.6,0.53,1.02,1.13,19,35,39,6.6,5.5,2.9,0.7,0.62,0.32,24,20,11,1564677434,,,910,733,923,726,897,739,0.04177,0.24146,-0.96951,-0.07462,0.24144,-0.96754,3.848,4.166,4.006,,,,Valid,Valid,227.2,51.9,590.1,291.1,54.7,590.9,252.6,198.8,245.5,202.2,0.474,0.6783,0.4807,0.6727,0.4672,0.684,Screen Recording,Screen Recording Recording16.mp4,1920,1080,0,0,960,540,Fixation,432,406,912,727,0.4751,0.6734,,,,,,,,,,,
174105634,1603572772,Eye Tracker,LipReading,08/25/2025,YanTianming,Recording16,05/10/2025,05/10/2025,14:25:35.695,06:25:35.695,387686,Timeline1,Tobii I-VT (Fixation),1.241.54219,1080,1920,10.0,5.1,9.5,10.6,0.53,1.02,1.13,19,35,39,6.6,5.5,2.9,0.7,0.62,0.32,24,20,11,1564681434,,,909,735,916,728,901,742,0.03874,0.24226,-0.96944,-0.07282,0.24272,-0.96736,3.848,4.166,4.007,,,,Valid,Valid,227.2,51.9,590.1,291.1,54.7,590.9,250.8,199.3,246.6,203.0,0.4733,0.6806,0.4772,0.6744,0.4693,0.6868,Screen Recording,Screen Recording Recording16.mp4,1920,1080,0,0,960,540,Fixation,432,406,912,727,0.4751,0.6734,,,,,,,,,,,
174109634,1603576772,Eye Tracker,LipReading,08/25/2025,YanTianming,Recording16,05/10/2025,05/10/2025,14:25:35.695,06:25:35.695,387686,Timeline1,Tobii I-VT (Fixation),1.241.54219,1080,1920,10.0,5.1,9.5,10.6,0.53,1.02,1.13,19,35,39,6.6,5.5,2.9,0.7,0.62,0.32,24,20,11,1564685434,,,911,724,927,718,895,729,0.0434,0.23796,-0.97031,-0.07552,0.23725,-0.96851,3.828,4.156,4.007,,,,Valid,Valid,227.2,51.9,590.1,291.1,54.7,591.0,253.6,196.6,245.0,199.5,0.4744,0.67,0.4826,0.6651,0.4663,0.6749,Screen Recording,Screen Recording Recording16.mp4,1920,1080,0,0,960,540,Fixation,432,406,912,727,0.4751,0.6734,,,,,,,,,,,
174113634,1603580772,Eye Tracker,LipReading,08/25/2025,YanTianming,Recording16,05/10/2025,05/10/2025,14:25:35.695,06:25:35.695,387686,Timeline1,Tobii I-VT (Fixation),1.241.54219,1080,1920,10.0,5.1,9.5,10.6,0.53,1.02,1.13,19,35,39,6.6,5.5,2.9,0.7,0.62,0.32,24,20,11,1564689434,,,914,733,926,727,902,739,0.04322,0.24167,-0.96939,-0.07234,0.2414,-0.96773,3.853,4.172,4.004,,,,Valid,Valid,227.2,51.9,590.1,291.1,54.7,590.9,253.5,199.0,246.9,202.2,0.4762,0.6786,0.4824,0.6732,0.4699,0.684,Screen Recording,Screen Recording Recording16.mp4,1920,1080,0,0,960,540,Fixation,432,406,912,727,0.4751,0.6734,,,,,,,,,,,
174117634,1603584772,Eye Tracker,LipReading,08/25/2025,YanTianming,Recording16,05/10/2025,05/10/2025,14:25:35.695,06:25:35.695,387686,Timeline1,Tobii I-VT (Fixation),1.241.54219,1080,1920,10.0,5.1,9.5,10.6,0.53,1.02,1.13,19,35,39,6.6,5.5,2.9,0.7,0.62,0.32,24,20,11,1564693434,,,908,730,922,721,893,738,0.04118,0.23924,-0.97009,-0.07622,0.24105,-0.96752,3.845,4.163,4.004,,,,Valid,Valid,227.2,51.9,590.0,291.1,54.8,590.9,252.2,197.4,244.5,202.0,0.4727,0.6756,0.48,0.6679,0.4653,0.6834,Screen Recording,Screen Recording Recording16.mp4,1920,1080,0,0,960,540,Fixation,432,406,912,727,0.4751,0.6734,,,,,,,,,,,
174121634,1603588772,Eye Tracker,LipReading,08/25/2025,YanTianming,Recording16,05/10/2025,05/10/2025,14:25:35.695,06:25:35.695,387686,Timeline1,Tobii I-VT (Fixation),1.241.54219,1080,1920,10.0,5.1,9.5,10.6,0.53,1.02,1.13,19,35,39,6.6,5.5,2.9,0.7,0.62,0.32,24,20,11,1564697434,,,915,725,925,716,905,734,0.04267,0.23691,-0.97059,-0.07113,0.23952,-0.96828,3.841,4.162,4.008,,,,Valid,Valid,227.1,51.9,590.0,291.0,54.8,590.9,253.1,195.9,247.6,200.9,0.4765,0.6713,0.4817,0.6629,0.4713,0.6798,Screen Recording,Screen Recording Recording16.mp4,1920,1080,0,0,960,540,Fixation,432,406,912,727,0.4751,0.6734,,,,,,,,,,,
174125634,1603592772,Eye Tracker,LipReading,08/25/2025,YanTianming,Recording16,05/10/2025,05/10/2025,14:25:35.695,06:25:35.695,387686,Timeline1,Tobii I-VT (Fixation),1.241.54219,1080,1920,10.0,5.1,9.5,10.6,0.53,1.02,1.13,19,35,39,6.6,5.5,2.9,0.7,0.62,0.32,24,20,11,1564701434,,,917,732,924,727,910,737,0.04234,0.24174,-0.96942,-0.06867,0.24077,-0.96815,3.851,4.176,4.005,,,,Valid,Valid,227.1,51.9,590.0,291.0,54.7,591.0,252.9,199.0,249.1,201.7,0.4777,0.6779,0.4813,0.6734,0.4741,0.6824,Screen Recording,Screen Recording Recording16.mp4,1920,1080,0,0,960,540,Fixation,432,406,912,727,0.4751,0.6734,,,,,,,,,,,
174129634,1603596772,Eye Tracker,LipReading,08/25/2025,YanTianming,Recording16,05/10/2025,05/10/2025,14:25:35.695,06:25:35.695,387686,Timeline1,Tobii I-VT (Fixation),1.241.54219,1080,1920,10.0,5.1,9.5,10.6,0.53,1.02,1.13,19,35,39,6.6,5.5,2.9,0.7,0.62,0.32,24,20,11,1564705434,,,915,729,924,723,905,734,0.04236,0.24006,-0.96983,-0.07095,0.23949,-0.9683,3.855,4.164,4.013,,,,Valid,Valid,227.1,51.9,590.1,291.0,54.6,591.2,252.9,197.9,247.7,200.9,0.4763,0.6746,0.4812,0.6697,0.4714,0.6796,Screen Recording,Screen Recording Recording16.mp4,1920,1080,0,0,960,540,Fixation,432,406,912,727,0.4751,0.6734,,,,,,,,,,,
174133634,1603600772,Eye Tracker,LipReading,08/25/2025,YanTianming,Recording16,05/10/2025,05/10/2025,14:25:35.695,06:25:35.695,387686,Timeline1,Tobii I-VT (Fixation),1.241.54219,1080,1920,10.0,5.1,9.5,10.6,0.53,1.02,1.13,19,35,39,6.6,5.5,2.9,0.7,0.62,0.32,24,20,11,1564709434,,,917,725,924,712,910,737,0.04241,0.23535,-0.97099,-0.06863,0.24085,-0.96813,3.84,4.174,4.013,,,,Valid,Valid,227.1,51.9,590.1,291.0,54.6,591.3,252.8,194.9,249.1,201.7,0.4776,0.6709,0.4812,0.6594,0.474,0.6824,Screen Recording,Screen Recording Recording16.mp4,1920,1080,0,0,960,540,Fixation,432,406,912,727,0.4751,0.6734,,,,,,,,,,,
174137634,1603604772,Eye Tracker,LipReading,08/25/2025,YanTianming,Recording16,05/10/2025,05/10/2025,14:25:35.695,06:25:35.695,387686,Timeline1,Tobii I-VT (Fixation),1.241.54219,1080,1920,10.0,5.1,9.5,10.6,0.53,1.02,1.13,19,35,39,6.6,5.5,2.9,0.7,0.62,0.32,24,20,11,1564713434,,,915,732,926,722,903,741,0.04338,0.23971,-0.96987,-0.07159,0.24237,-0.96754,3.858,4.178,4.011,,,,Valid,Valid,227.0,51.8,590.2,291.0,54.6,591.3,253.4,197.7,247.2,202.7,0.4764,0.6774,0.4823,0.6688,0.4705,0.6859,Screen Recording,Screen Recording Recording16.mp4,1920,1080,0,0,960,540,Fixation,432,406,912,727,0.4751,0.6734,,,,,,,,,,,
174141634,1603608772,Eye Tracker,LipReading,08/25/2025,YanTianming,Recording16,05/10/2025,05/10/2025,14:25:35.695,06:25:35.695,387686,Timeline1,Tobii I-VT (Fixation),1.241.54219,1080,1920,10.0,5.1,9.5,10.6,0.53,1.02,1.13,19,35,39,6.6,5.5,2.9,0.7,0.62,0.32,24,20,11,1564717434,,,911,727,926,716,896,738,0.04341,0.23719,-0.97049,-0.07486,0.24108,-0.96761,3.827,4.176,4.01,,,,Valid,Valid,227.0,51.7,590.3,290.9,54.7,591.1,253.4,196.0,245.2,201.9,0.4745,0.6732,0.4823,0.6632,0.4666,0.6833,Screen Recording,Screen Recording Recording16.mp4,1920,1080,0,0,960,540,Fixation,432,406,912,727,0.4751,0.6734,,,,,,,,,,,
174145634,1603612772,Eye Tracker,LipReading,08/25/2025,YanTianming,Recording16,05/10/2025,05/10/2025,14:25:35.695,06:25:35.695,387686,Timeline1,Tobii I-VT (Fixation),1.241.54219,1080,1920,10.0,5.1,9.5,10.6,0.53,1.02,1.13,19,35,39,6.6,5.5,2.9,0.7,0.62,0.32,24,20,11,1564721434,,,907,728,922,716,893,740,0.04147,0.2372,-0.97058,-0.07619,0.24189,-0.96731,3.847,4.182,4.011,,,,Valid,Valid,227.0,51.8,590.1,290.9,54.7,591.0,252.2,196.1,244.3,202.5,0.4725,0.6742,0.48,0.6633,0.465,0.6852,Screen Recording,Screen Recording Recording16.mp4,1920,1080,0,0,960,540,Fixation,432,406,912,727,0.4751,0.6734,,,,,,,,,,,
174149634,1603616772,Eye Tracker,LipReading,08/25/2025,YanTianming,Recording16,05/10/2025,05/10/2025,14:25:35.695,06:25:35.695,387686,Timeline1,Tobii I-VT (Fixation),1.241.54219,1080,1920,10.0,5.1,9.5,10.6,0.53,1.02,1.13,19,35,39,6.6,5.5,2.9,0.7,0.62,0.32,24,20,11,1564725434,,,917,731,926,718,909,744,0.04356,0.23791,-0.97031,-0.06893,0.24386,-0.96736,3.845,4.171,4.011,,,,Valid,Valid,226.9,51.9,590.0,290.8,54.7,591.0,253.4,196.5,248.7,203.7,0.4778,0.6771,0.4823,0.665,0.4733,0.6892,Screen Recording,Screen Recording Recording16.mp4,1920,1080,0,0,960,540,Fixation,432,406,912,727,0.4751,0.6734,,,,,,,,,,,
174153634,1603620772,Eye Tracker,LipReading,08/25/2025,YanTianming,Recording16,05/10/2025,05/10/2025,14:25:35.695,06:25:35.695,387686,Timeline1,Tobii I-VT (Fixation),1.241.54219,1080,1920,10.0,5.1,9.5,10.6,0.53,1.02,1.13,19,35,39,6.6,5.5,2.9,0.7,0.62,0.32,24,20,11,1564729434,,,915,731,921,718,909,744,0.04138,0.23801,-0.97038,-0.06885,0.24386,-0.96736,3.828,4.182,4.013,,,,Valid,Valid,226.9,51.9,590.0,290.8,54.6,591.2,252.1,196.6,248.7,203.7,0.4765,0.6771,0.4797,0.6651,0.4733,0.6891,Screen Recording,Screen Recording Recording16.mp4,1920,1080,0,0,960,540,Fixation,432,406,912,727,0.4751,0.6734,,,,,,,,,,,
174157634,1603624772,Eye Tracker,LipReading,08/25/2025,YanTianming,Recording16,05/10/2025,05/10/2025,14:25:35.695,06:25:35.695,387686,Timeline1,Tobii I-VT (Fixation),1.241.54219,1080,1920,10.0,5.1,9.5,10.6,0.53,1.02,1.13,19,35,39,6.6,5.5,2.9,0.7,0.62,0.32,24,20,11,1564733434,,,909,729,913,726,905,733,0.03769,0.24119,-0.96975,-0.07061,0.23921,-0.9684,3.856,4.177,4.002,,,,Valid,Valid,226.9,51.8,590.1,290.8,54.6,591.3,249.8,198.6,247.7,200.6,0.4734,0.6754,0.4754,0.672,0.4713,0.6789,Screen Recording,Screen Recording Recording16.mp4,1920,1080,0,0,960,540,Fixation,432,406,912,727,0.4751,0.6734,,,,,,,,,,,
174161634,1603628772,Eye Tracker,LipReading,08/25/2025,YanTianming,Recording16,05/10/2025,05/10/2025,14:25:35.695,06:25:35.695,387686,Timeline1,Tobii I-VT (Fixation),1.241.54219,1080,1920,10.0,5.1,9.5,10.6,0.53,1.02,1.13,19,35,39,6.6,5.5,2.9,0.7,0.62,0.32,24,20,11,1564737434,,,908,725,918,715,899,736,0.03996,0.23649,-0.97081,-0.07303,0.24034,-0.96794,3.821,4.192,4.002,,,,Valid,Valid,226.8,51.7,590.3,290.7,54.6,591.2,251.1,195.5,246.1,201.4,0.4732,0.6716,0.4779,0.6616,0.4684,0.6815,Screen Recording,Screen Recording Recording16.mp4,1920,1080,0,0,960,540,Fixation,432,406,912,727,0.4751,0.6734,,,,,,,,,,,
174165633,1603632771,Eye Tracker,LipReading,08/25/2025,YanTianming,Recording16,05/10/2025,05/10/2025,14:25:35.695,06:25:35.695,387686,Timeline1,Tobii I-VT (Fixation),1.241.54219,1080,1920,10.0,5.1,9.5,10.6,0.53,1.02,1.13,19,35,39,6.6,5.5,2.9,0.7,0.62,0.32,24,20,11,1564741434,,,901,735,912,720,891,750,0.0373,0.2389,-0.97033,-0.07661,0.24631,-0.96616,3.828,4.171,4.004,,,,Valid,Valid,226.8,51.7,590.3,290.7,54.7,591.1,249.5,197.1,243.8,205.4,0.4694,0.6808,0.4748,0.6668,0.464,0.6948,Screen Recording,Screen Recording Recording16.mp4,1920,1080,0,0,960,540,Fixation,432,406,912,727,0.4751,0.6734,,,,,,,,,,,
174169633,1603636771,Eye Tracker,LipReading,08/25/2025,YanTianming,Recording16,05/10/2025,05/10/2025,14:25:35.695,06:25:35.695,387686,Timeline1,Tobii I-VT (Fixation),1.241.54219,1080,1920,10.0,5.1,9.5,10.6,0.53,1.02,1.13,19,35,39,6.6,5.5,2.9,0.7,0.62,0.32,24,20,11,1564745434,,,909,732,915,723,902,741,0.03879,0.23999,-0.97,-0.07158,0.24234,-0.96755,3.84,4.169,3.999,,,,Valid,Valid,226.7,51.8,590.1,290.6,54.7,591.0,250.3,197.8,246.9,202.7,0.4732,0.6776,0.4764,0.6693,0.4699,0.6859,Screen Recording,Screen Recording Recording16.mp4,1920,1080,0,0,960,540,Fixation,432,406,912,727,0.4751,0.6734,,,,,,,,,,,
174173633,1603640771,Eye Tracker,LipReading,08/25/2025,YanTianming,Recording16,05/10/2025,05/10/2025,14:25:35.695,06:25:35.695,387686,Timeline1,Tobii I-VT (Fixation),1.241.54219,1080,1920,10.0,5.1,9.5,10.6,0.53,1.02,1.13,19,35,39,6.6,5.5,2.9,0.7,0.62,0.32,24,20,11,1564749434,,,909,729,913,720,905,738,0.03789,0.23891,-0.9703,-0.07008,0.241,-0.96799,3.837,4.164,3.999,,,,Valid,Valid,226.7,51.9,590.1,290.6,54.7,591.1,249.8,197.2,247.8,201.8,0.4735,0.675,0.4753,0.667,0.4716,0.6829,Screen Recording,Screen Recording Recording16.mp4,1920,1080,0,0,960,540,Fixation,432,406,912,727,0.4751,0.6734,,,,,,,,,,,
174177633,1603644771,Eye Tracker,LipReading,08/25/2025,YanTianming,Recording16,05/10/2025,05/10/2025,14:25:35.695,06:25:35.695,387686,Timeline1,Tobii I-VT (Fixation),1.241.54219,1080,1920,10.0,5.1,9.5,10.6,0.53,1.02,1.13,19,35,39,6.6,5.5,2.9,0.7,0.62,0.32,24,20,11,1564753434,,,914,716,920,705,909,728,0.04145,0.23252,-0.97171,-0.06874,0.23685,-0.96911,3.813,4.166,3.998,,,,Valid,Valid,226.7,51.9,590.1,290.6,54.6,591.3,251.8,193.1,248.6,199.1,0.4762,0.6634,0.4793,0.6532,0.4732,0.6736,Screen Recording,Screen Recording Recording16.mp4,1920,1080,0,0,960,540,Fixation,432,406,912,727,0.4751,0.6734,,,,,,,,,,,
174181633,1603648771,Eye Tracker,LipReading,08/25/2025,YanTianming,Recording16,05/10/2025,05/10/2025,14:25:35.695,06:25:35.695,387686,Timeline1,Tobii I-VT (Fixation),1.241.54219,1080,1920,10.0,5.1,9.5,10.6,0.53,1.02,1.13,19,35,39,6.6,5.5,2.9,0.7,0.62,0.32,24,20,11,1564757434,,,917,728,923,713,910,742,0.04269,0.23575,-0.97088,-0.06788,0.24318,-0.9676,3.824,4.184,4.003,,,,Valid,Valid,226.6,51.8,590.1,290.6,54.6,591.4,252.6,195.1,249.1,203.2,0.4774,0.6739,0.4807,0.6603,0.474,0.6875,Screen Recording,Screen Recording Recording16.mp4,1920,1080,0,0,960,540,Fixation,432,406,912,727,0.4751,0.6734,,,,,,,,,,,
174185633,1603652771,Eye Tracker,LipReading,08/25/2025,YanTianming,Recording16,05/10/2025,05/10/2025,14:25:35.695,06:25:35.695,387686,Timeline1,Tobii I-VT (Fixation),1.241.54219,1080,1920,10.0,5.1,9.5,10.6,0.53,1.02,1.13,19,35,39,6.6,5.5,2.9,0.7,0.62,0.32,24,20,11,1564761434,,,909,725,918,708,900,741,0.04031,0.23386,-0.97144,-0.07231,0.24254,-0.96744,3.827,4.183,4.002,,,,Valid,Valid,226.6,51.8,590.3,290.5,54.6,591.3,251.1,193.9,246.3,202.8,0.4734,0.6711,0.4779,0.656,0.4688,0.6863,Screen Recording,Screen Recording Recording16.mp4,1920,1080,0,0,960,540,Fixation,432,406,912,727,0.4751,0.6734,,,,,,,,,,,
174189633,1603656771,Eye Tracker,LipReading,08/25/2025,YanTianming,Recording16,05/10/2025,05/10/2025,14:25:35.695,06:25:35.695,387686,Timeline1,Tobii I-VT (Fixation),1.241.54219,1080,1920,10.0,5.1,9.5,10.6,0.53,1.02,1.13,19,35,39,6.6,5.5,2.9,0.7,0.62,0.32,24,20,11,1564765434,,,912,728,925,709,900,747,0.04348,0.23405,-0.97125,-0.07244,0.24491,-0.96684,3.842,4.179,4.004,,,,Valid,Valid,226.6,51.8,590.3,290.5,54.6,591.2,253.0,194.0,246.2,204.4,0.4751,0.674,0.4815,0.6565,0.4686,0.6915,Screen Recording,Screen Recording Recording16.mp4,1920,1080,0,0,960,540,Fixation,432,406,912,727,0.4751,0.6734,,,,,,,,,,,
174193634,1603660772,Eye Tracker,LipReading,08/25/2025,YanTianming,Recording16,05/10/2025,05/10/2025,14:25:35.695,06:25:35.695,387686,Timeline1,Tobii I-VT (Fixation),1.241.54219,1080,1920,10.0,5.1,9.5,10.6,0.53,1.02,1.13,19,35,39,6.6,5.5,2.9,0.7,0.62,0.32,24,20,11,1564769435,,,904,727,914,715,895,740,0.03879,0.23671,-0.97081,-0.07471,0.24181,-0.96744,3.825,4.171,4.002,,,,Valid,Valid,226.6,51.8,590.3,290.5,54.7,591.2,250.2,195.7,244.9,202.4,0.4711,0.6735,0.4761,0.6622,0.466,0.6848,Screen Recording,Screen Recording Recording16.mp4,1920,1080,0,0,960,540,Fixation,432,406,912,727,0.4751,0.6734,,,,,,,,,,,
174197634,1603664772,Eye Tracker,LipReading,08/25/2025,YanTianming,Recording16,05/10/2025,05/10/2025,14:25:35.695,06:25:35.695,387686,Timeline1,Tobii I-VT (Fixation),1.241.54219,1080,1920,10.0,5.1,9.5,10.6,0.53,1.02,1.13,19,35,39,6.6,5.5,2.9,0.7,0.62,0.32,24,20,11,1564773435,,,910,725,926,707,894,743,0.04436,0.23316,-0.97143,-0.07497,0.24326,-0.96706,3.824,4.183,4.002,,,,Valid,Valid,226.6,51.8,590.3,290.5,54.7,591.1,253.5,193.5,244.7,203.4,0.4741,0.6714,0.4825,0.6547,0.4657,0.6881,Screen Recording,Screen Recording Recording16.mp4,1920,1080,0,0,960,540,Fixation,432,406,912,727,0.4751,0.6734,,,,,,,,,,,
174201634,1603668772,Eye Tracker,LipReading,08/25/2025,YanTianming,Recording16,05/10/2025,05/10/2025,14:25:35.695,06:25:35.695,387686,Timeline1,Tobii I-VT (Fixation),1.241.54219,1080,1920,10.0,5.1,9.5,10.6,0.53,1.02,1.13,19,35,39,6.6,5.5,2.9,0.7,0.62,0.32,24,20,11,1564777435,,,903,724,916,703,891,745,0.03965,0.23143,-0.97204,-0.07644,0.24408,-0.96674,3.814,4.179,3.999,,,,Valid,Valid,226.6,51.8,590.3,290.5,54.7,591.1,250.6,192.4,243.8,203.9,0.4705,0.6704,0.477,0.6508,0.4639,0.69,Screen Recording,Screen Recording Recording16.mp4,1920,1080,0,0,960,540,Fixation,432,406,912,727,0.4751,0.6734,,,,,,,,,,,
174205634,1603672772,Eye Tracker,LipReading,08/25/2025,YanTianming,Recording16,05/10/2025,05/10/2025,14:25:35.695,06:25:35.695,387686,Timeline1,Tobii I-VT (Fixation),1.241.54219,1080,1920,10.0,5.1,9.5,10.6,0.53,1.02,1.13,19,35,39,6.6,5.5,2.9,0.7,0.62,0.32,24,20,11,1564781435,,,904,729,916,712,893,745,0.03962,0.23546,-0.97108,-0.07538,0.24398,-0.96685,3.84,4.173,3.994,,,,Valid,Valid,226.6,51.8,590.3,290.5,54.7,591.1,250.6,195.0,244.4,203.9,0.4711,0.6747,0.477,0.6596,0.4651,0.6897,Screen Recording,Screen Recording Recording16.mp4,1920,1080,0,0,960,540,Fixation,432,406,912,727,0.4751,0.6734,,,,,,,,,,,
174209634,1603676772,Eye Tracker,LipReading,08/25/2025,YanTianming,Recording16,05/10/2025,05/10/2025,14:25:35.695,06:25:35.695,387686,Timeline1,Tobii I-VT (Fixation),1.241.54219,1080,1920,10.0,5.1,9.5,10.6,0.53,1.02,1.13,19,35,39,6.6,5.5,2.9,0.7,0.62,0.32,24,20,11,1564785435,,,910,724,924,709,897,740,0.04311,0.23403,-0.97127,-0.07355,0.24179,-0.96754,3.814,4.167,3.994,,,,Valid,Valid,226.6,51.8,590.3,290.5,54.7,591.1,252.8,194.1,245.6,202.4,0.4742,0.6707,0.4811,0.6566,0.4673,0.6848,Screen Recording,Screen Recording Recording16.mp4,1920,1080,0,0,960,540,Fixation,432,406,912,727,0.4751,0.6734,,,,,,,,,,,
174213634,1603680772,Eye Tracker,LipReading,08/25/2025,YanTianming,Recording16,05/10/2025,05/10/2025,14:25:35.695,06:25:35.695,387686,Timeline1,Tobii I-VT (Fixation),1.241.54219,1080,1920,10.0,5.1,9.5,10.6,0.53,1.02,1.13,19,35,39,6.6,5.5,2.9,0.7,0.62,0.32,24,20,11,1564789435,,,912,721,928,704,895,737,0.04507,0.23183,-0.97171,-0.07446,0.24087,-0.9677,3.809,4.175,3.997,,,,Valid,Valid,226.6,51.8,590.3,290.5,54.7,591.1,253.9,192.6,245.0,201.8,0.4748,0.6673,0.4833,0.6518,0.4663,0.6828,Screen Recording,Screen Recording Recording16.mp4,1920,1080,0,0,960,540,Fixation,432,406,912,727,0.4751,0.6734,,,,,,,,,,,
174217634,1603684772,Eye Tracker,LipReading,08/25/2025,YanTianming,Recording16,05/10/2025,05/10/2025,14:25:35.695,06:25:35.695,387686,Timeline1,Tobii I-VT (Fixation),1.241.54219,1080,1920,10.0,5.1,9.5,10.6,0.53,1.02,1.13,19,35,39,6.6,5.5,2.9,0.7,0.62,0.32,24,20,11,1564793435,,,906,724,917,709,895,740,0.04005,0.2341,-0.97139,-0.07448,0.24181,-0.96746,3.832,4.176,3.994,,,,Valid,Valid,226.6,51.8,590.4,290.5,54.7,591.2,250.9,194.1,245.0,202.4,0.4719,0.6707,0.4775,0.6566,0.4663,0.6848,Screen Recording,Screen Recording Recording16.mp4,1920,1080,0,0,960,540,Fixation,432,406,912,727,0.4751,0.6734,,,,,,,,,,,
174221634,1603688772,Eye Tracker,LipReading,08/25/2025,YanTianming,Recording16,05/10/2025,05/10/2025,14:25:35.695,06:25:35.695,387686,Timeline1,Tobii I-VT (Fixation),1.241.54219,1080,1920,10.0,5.1,9.5,10.6,0.53,1.02,1.13,19,35,39,6.6,5.5,2.9,0.7,0.62,0.32,24,20,11,1564797435,,,905,722,914,708,895,737,0.03894,0.23344,-0.97159,-0.07441,0.24051,-0.96779,3.82,4.163,3.998,,,,Valid,Valid,226.6,51.8,590.3,290.5,54.6,591.2,250.2,193.6,245.1,201.6,0.4713,0.6685,0.4762,0.6551,0.4664,0.682,Screen Recording,Screen Recording Recording16.mp4,1920,1080,0,0,960,540,Fixation,432,406,912,727,0.4751,0.6734,,,,,,,,,,,
174225634,1603692772,Eye Tracker,LipReading,08/25/2025,YanTianming,Recording16,05/10/2025,05/10/2025,14:25:35.695,06:25:35.695,387686,Timeline1,Tobii I-VT (Fixation),1.241.54219,1080,1920,10.0,5.1,9.5,10.6,0.53,1.02,1.13,19,35,39,6.6,5.5,2.9,0.7,0.62,0.32,24,20,11,1564801435,,,903,724,911,704,896,744,0.03728,0.23177,-0.97206,-0.07434,0.24356,-0.96703,3.814,4.18,4.001,,,,Valid,Valid,226.6,51.8,590.3,290.5,54.6,591.3,249.2,192.5,245.1,203.5,0.4704,0.67,0.4743,0.6514,0.4664,0.6886,Screen Recording,Screen Recording Recording16.mp4,1920,1080,0,0,960,540,Fixation,432,406,912,727,0.4751,0.6734,,,,,,,,,,,
174229633,1603696771,Eye Tracker,LipReading,08/25/2025,YanTianming,Recording16,05/10/2025,05/10/2025,14:25:35.695,06:25:35.695,387686,Timeline1,Tobii I-VT (Fixation),1.241.54219,1080,1920,10.0,5.1,9.5,10.6,0.53,1.02,1.13,19,35,39,6.6,5.5,2.9,0.7,0.62,0.32,24,20,11,1564805435,,,906,726,912,716,900,737,0.0378,0.23694,-0.97079,-0.0725,0.24069,-0.96789,3.826,4.188,4.001,,,,Valid,Valid,226.6,51.8,590.3,290.5,54.6,591.3,249.6,195.9,246.3,201.6,0.4718,0.6724,0.475,0.6627,0.4687,0.6822,Screen Recording,Screen Recording Recording16.mp4,1920,1080,0,0,960,540,Fixation,432,406,912,727,0.4751,0.6734,,,,,,,,,,,
174233633,1603700771,Eye Tracker,LipReading,08/25/2025,YanTianming,Recording16,05/10/2025,05/10/2025,14:25:35.695,06:25:35.695,387686,Timeline1,Tobii I-VT (Fixation),1.241.54219,1080,1920,10.0,5.1,9.5,10.6,0.53,1.02,1.13,19,35,39,6.6,5.5,2.9,0.7,0.62,0.32,24,20,11,1564809435,,,910,724,917,715,903,734,0.04021,0.23643,-0.97082,-0.07111,0.23971,-0.96824,3.833,4.172,4.001,,,,Valid,Valid,226.6,51.8,590.2,290.6,54.6,591.3,251.1,195.6,247.1,201.0,0.4741,0.6708,0.4778,0.6617,0.4703,0.6799,Screen Recording,Screen Recording Recording16.mp4,1920,1080,0,0,960,540,Fixation,432,406,912,727,0.4751,0.6734,,,,,,,,,,,
174237633,1603704771,Eye Tracker,LipReading,08/25/2025,YanTianming,Recording16,05/10/2025,05/10/2025,14:25:35.695,06:25:35.695,387686,Timeline1,Tobii I-VT (Fixation),1.241.54219,1080,1920,10.0,5.1,9.5,10.6,0.53,1.02,1.13,19,35,39,6.6,5.5,2.9,0.7,0.62,0.32,24,20,11,1564813435,,,911,720,916,707,906,732,0.03966,0.23324,-0.97161,-0.06962,0.23896,-0.96853,3.833,4.176,3.999,,,,Valid,Valid,226.7,51.9,590.1,290.6,54.5,591.4,250.7,193.5,248.1,200.4,0.4747,0.6665,0.4772,0.6548,0.4721,0.6781,Screen Recording,Screen Recording Recording16.mp4,1920,1080,0,0,960,540,Fixation,432,406,912,727,0.4751,0.6734,,,,,,,,,,,
174241633,1603708771,Eye Tracker,LipReading,08/25/2025,YanTianming,Recording16,05/10/2025,05/10/2025,14:25:35.695,06:25:35.695,387686,Timeline1,Tobii I-VT (Fixation),1.241.54219,1080,1920,10.0,5.1,9.5,10.6,0.53,1.02,1.13,19,35,39,6.6,5.5,2.9,0.7,0.62,0.32,24,20,11,1564817435,,,914,722,926,711,903,733,0.04409,0.23479,-0.97105,-0.07138,0.23924,-0.96833,3.811,4.161,3.993,,,,Valid,Valid,226.7,51.9,590.1,290.6,54.5,591.3,253.5,194.5,247.0,200.6,0.4762,0.6685,0.4824,0.6582,0.4701,0.6788,Screen Recording,Screen Recording Recording16.mp4,1920,1080,0,0,960,540,Fixation,432,406,912,727,0.4751,0.6734,,,,,,,,,,,
174245633,1603712771,Eye Tracker,LipReading,08/25/2025,YanTianming,Recording16,05/10/2025,05/10/2025,14:25:35.695,06:25:35.695,387686,Timeline1,Tobii I-VT (Fixation),1.241.54219,1080,1920,10.0,5.1,9.5,10.6,0.53,1.02,1.13,19,35,39,6.6,5.5,2.9,0.7,0.62,0.32,24,20,11,1564821435,,,917,722,921,700,912,743,0.04179,0.23021,-0.97224,-0.06712,0.24346,-0.96759,3.796,4.165,3.993,,,,Valid,Valid,226.7,51.9,590.1,290.6,54.6,591.2,252.1,191.6,249.6,203.3,0.4774,0.6681,0.4797,0.6482,0.475,0.688,Screen Recording,Screen Recording Recording16.mp4,1920,1080,0,0,960,540,Fixation,432,406,912,727,0.4751,0.6734,,,,,,,,,,,
174249633,1603716771,Eye Tracker,LipReading,08/25/2025,YanTianming,Recording16,05/10/2025,05/10/2025,14:25:35.695,06:25:35.695,387686,Timeline1,Tobii I-VT (Fixation),1.241.54219,1080,1920,10.0,5.1,9.5,10.6,0.53,1.02,1.13,19,35,39,6.6,5.5,2.9,0.7,0.62,0.32,24,20,11,1564825435,,,911,728,920,711,902,745,0.04142,0.23487,-0.97115,-0.0716,0.24437,-0.96704,3.816,4.169,3.993,,,,Valid,Valid,226.7,51.9,590.1,290.6,54.6,591.1,251.9,194.6,246.9,204.0,0.4746,0.6742,0.4794,0.6583,0.4698,0.6901,Screen Recording,Screen Recording Recording16.mp4,1920,1080,0,0,960,540,Fixation,432,406,912,727,0.4751,0.6734,,,,,,,,,,,
174253633,1603720771,Eye Tracker,LipReading,08/25/2025,YanTianming,Recording16,05/10/2025,05/10/2025,14:25:35.695,06:25:35.695,387686,Timeline1,Tobii I-VT (Fixation),1.241.54219,1080,1920,10.0,5.1,9.5,10.6,0.53,1.02,1.13,19,35,39,6.6,5.5,2.9,0.7,0.62,0.32,24,20,11,1564829435,,,912,728,917,710,906,745,0.03998,0.2347,-0.97125,-0.06981,0.24422,-0.9672,3.834,4.18,3.998,,,,Valid,Valid,226.8,51.8,590.2,290.7,54.6,591.1,251.1,194.4,248.0,203.9,0.4749,0.6738,0.4778,0.6578,0.472,0.6897,Screen Recording,Screen Recording Recording16.mp4,1920,1080,0,0,960,540,Fixation,432,406,912,727,0.4751,0.6734,,,,,,,,,,,
174257632,1603724770,Eye Tracker,LipReading,08/25/2025,YanTianming,Recording16,05/10/2025,05/10/2025,14:25:35.695,06:25:35.695,387686,Timeline1,Tobii I-VT (Fixation),1.241.54219,1080,1920,10.0,5.1,9.5,10.6,0.53,1.02,1.13,19,35,39,6.6,5.5,2.9,0.7,0.62,0.32,24,20,11,1564833435,,,912,727,922,712,902,742,0.04218,0.23535,-0.971,-0.07181,0.24285,-0.9674,3.817,4.184,3.998,,,,Valid,Valid,226.8,51.7,590.3,290.7,54.5,591.2,252.4,194.8,246.8,203.0,0.4751,0.6729,0.4804,0.6591,0.4697,0.6867,Screen Recording,Screen Recording Recording16.mp4,1920,1080,0,0,960,540,Fixation,432,406,912,727,0.4751,0.6734,,,,,,,,,,,
174261632,1603728770,Eye Tracker,LipReading,08/25/2025,YanTianming,Recording16,05/10/2025,05/10/2025,14:25:35.695,06:25:35.695,387686,Timeline1,Tobii I-VT (Fixation),1.241.54219,1080,1920,10.0,5.1,9.5,10.6,0.53,1.02,1.13,19,35,39,6.6,5.5,2.9,0.7,0.62,0.32,24,20,11,1564837435,,,906,733,914,709,897,758,0.03863,0.23426,-0.97141,-0.07374,0.24954,-0.96555,3.802,4.188,3.998,,,,Valid,Valid,226.8,51.7,590.4,290.7,54.5,591.3,250.3,194.1,245.6,207.3,0.4718,0.679,0.4763,0.6566,0.4674,0.7014,Screen Recording,Screen Recording Recording16.mp4,1920,1080,0,0,960,540,Fixation,432,406,912,727,0.4751,0.6734,,,,,,,,,,,
174265632,1603732770,Eye Tracker,LipReading,08/25/2025,YanTianming,Recording16,05/10/2025,05/10/2025,14:25:35.695,06:25:35.695,387686,Timeline1,Tobii I-VT (Fixation),1.241.54219,1080,1920,10.0,5.1,9.5,10.6,0.53,1.02,1.13,19,35,39,6.6,5.5,2.9,0.7,0.62,0.32,24,20,11,1564841435,,,905,734,915,709,896,758,0.03866,0.23426,-0.97141,-0.07425,0.24971,-0.96547,3.809,4.176,3.997,,,,Valid,Valid,226.8,51.8,590.3,290.8,54.5,591.3,250.3,194.1,245.3,207.4,0.4716,0.6793,0.4764,0.6567,0.4668,0.7018,Screen Recording,Screen Recording Recording16.mp4,1920,1080,0,0,960,540,Fixation,432,406,912,727,0.4751,0.6734,,,,,,,,,,,
174269632,1603736770,Eye Tracker,LipReading,08/25/2025,YanTianming,Recording16,05/10/2025,05/10/2025,14:25:35.695,06:25:35.695,387686,Timeline1,Tobii I-VT (Fixation),1.241.54219,1080,1920,10.0,5.1,9.5,10.6,0.53,1.02,1.13,19,35,39,6.6,5.5,2.9,0.7,0.62,0.32,24,20,11,1564845435,,,908,728,916,710,901,745,0.03904,0.2347,-0.97128,-0.07249,0.24416,-0.96702,3.834,4.178,3.998,,,,Valid,Valid,226.9,51.8,590.1,290.8,54.5,591.2,250.6,194.4,246.5,203.8,0.473,0.6736,0.4769,0.6578,0.469,0.6895,Screen Recording,Screen Recording Recording16.mp4,1920,1080,0,0,960,540,Fixation,432,406,912,727,0.4751,0.6734,,,,,,,,,,,
174273632,1603740770,Eye Tracker,LipReading,08/25/2025,YanTianming,Recording16,05/10/2025,05/10/2025,14:25:35.695,06:25:35.695,387686,Timeline1,Tobii I-VT (Fixation),1.241.54219,1080,1920,10.0,5.1,9.5,10.6,0.53,1.02,1.13,19,35,39,6.6,5.5,2.9,0.7,0.62,0.32,24,20,11,1564849435,,,915,725,924,705,907,745,0.04267,0.23225,-0.97172,-0.06956,0.24429,-0.9672,3.808,4.199,4.001,,,,Valid,Valid,226.9,51.8,590.0,290.8,54.5,591.1,252.8,192.9,248.3,203.8,0.4768,0.6711,0.4811,0.6526,0.4725,0.6897,Screen Recording,Screen Recording Recording16.mp4,1920,1080,0,0,960,540,Fixation,432,406,912,727,0.4751,0.6734,,,,,,,,,,,
174277632,1603744770,Eye Tracker,LipReading,08/25/2025,YanTianming,Recording16,05/10/2025,05/10/2025,14:25:35.695,06:25:35.695,387686,Timeline1,Tobii I-VT (Fixation),1.241.54219,1080,1920,10.0,5.1,9.5,10.6,0.53,1.02,1.13,19,35,39,6.6,5.5,2.9,0.7,0.62,0.32,24,20,11,1564853435,,,911,730,916,706,906,754,0.03901,0.23292,-0.97171,-0.07014,0.24802,-0.96621,3.795,4.196,4.001,,,,Valid,Valid,226.9,51.8,590.0,290.8,54.6,591.1,250.6,193.3,247.9,206.3,0.4743,0.6759,0.4769,0.6539,0.4718,0.6979,Screen Recording,Screen Recording Recording16.mp4,1920,1080,0,0,960,540,Fixation,432,406,912,727,0.4751,0.6734,,,,,,,,,,,
174281632,1603748770,Eye Tracker,LipReading,08/25/2025,YanTianming,Recording16,05/10/2025,05/10/2025,14:25:35.695,06:25:35.695,387686,Timeline1,Tobii I-VT (Fixation),1.241.54219,1080,1920,10.0,5.1,9.5,10.6,0.53,1.02,1.13,19,35,39,6.6,5.5,2.9,0.7,0.62,0.32,24,20,11,1564857435,,,919,730,928,708,910,753,0.04454,0.23353,-0.97133,-0.06847,0.24758,-0.96645,3.822,4.193,4.001,,,,Valid,Valid,226.9,51.9,590.0,290.8,54.6,591.0,254.0,193.7,248.9,206.0,0.4785,0.6762,0.4833,0.6554,0.4737,0.6969,Screen Recording,Screen Recording Recording16.mp4,1920,1080,0,0,960,540,Fixation,432,406,912,727,0.4751,0.6734,,,,,,,,,,,
174285632,1603752770,Eye Tracker,LipReading,08/25/2025,YanTianming,Recording16,05/10/2025,05/10/2025,14:25:35.695,06:25:35.695,387686,Timeline1,Tobii I-VT (Fixation),1.241.54219,1080,1920,10.0,5.1,9.5,10.6,0.53,1.02,1.13,19,35,39,6.6,5.5,2.9,0.7,0.62,0.32,24,20,11,1564861435,,,915,730,919,708,912,751,0.04037,0.23383,-0.97144,-0.06766,0.24686,-0.96669,3.791,4.193,4.005,,,,Valid,Valid,226.9,51.9,590.0,290.8,54.6,591.0,251.4,193.9,249.5,205.5,0.4766,0.6757,0.4785,0.656,0.4747,0.6954,Screen Recording,Screen Recording Recording16.mp4,1920,1080,0,0,960,540,Fixation,432,406,912,727,0.4751,0.6734,,,,,,,,,,,
174289632,1603756770,Eye Tracker,LipReading,08/25/2025,YanTianming,Recording16,05/10/2025,05/10/2025,14:25:35.695,06:25:35.695,387686,Timeline1,Tobii I-VT (Fixation),1.241.54219,1080,1920,10.0,5.1,9.5,10.6,0.53,1.02,1.13,19,35,39,6.6,5.5,2.9,0.7,0.62,0.32,24,20,11,1564865435,,,915,731,930,714,901,748,0.04521,0.23626,-0.97064,-0.07259,0.24532,-0.96672,3.817,4.173,4.004,,,,Valid,Valid,226.9,51.8,590.0,290.8,54.6,590.9,254.4,195.5,246.4,204.6,0.4766,0.6767,0.4842,0.6613,0.469,0.6921,Screen Recording,Screen Recording Recording16.mp4,1920,1080,0,0,960,540,Fixation,432,406,912,727,0.4751,0.6734,,,,,,,,,,,
174293632,1603760770,Eye Tracker,LipReading,08/25/2025,YanTianming,Recording16,05/10/2025,05/10/2025,14:25:35.695,06:25:35.695,387686,Timeline1,Tobii I-VT (Fixation),1.241.54219,1080,1920,10.0,5.1,9.5,10.6,0.53,1.02,1.13,19,35,39,6.6,5.5,2.9,0.7,0.62,0.32,24,20,11,1564869435,,,913,729,922,706,905,752,0.04169,0.23292,-0.9716,-0.07079,0.24706,-0.96641,3.831,4.19,4.003,,,,Valid,Valid,226.9,51.8,590.0,290.8,54.6,590.9,252.3,193.3,247.5,205.7,0.4756,0.6749,0.4801,0.654,0.4711,0.6959,Screen Recording,Screen Recording Recording16.mp4,1920,1080,0,0,960,540,Fixation,432,406,912,727,0.4751,0.6734,,,,,,,,,,,
174297632,1603764770,Eye Tracker,LipReading,08/25/2025,YanTianming,Recording16,05/10/2025,05/10/2025,14:25:35.695,06:25:35.695,387686,Timeline1,Tobii I-VT (Fixation),1.241.54219,1080,1920,10.0,5.1,9.5,10.6,0.53,1.02,1.13,19,35,39,6.6,5.5,2.9,0.7,0.62,0.32,24,20,11,1564873435,,,914,735,920,719,909,751,0.04064,0.23836,-0.97033,-0.06895,0.2468,-0.96661,3.818,4.186,4.001,,,,Valid,Valid,226.9,51.9,590.0,290.8,54.6,591.0,251.7,196.8,248.7,205.5,0.4761,0.6805,0.4789,0.6658,0.4733,0.6953,Screen Recording,Screen Recording Recording16.mp4,1920,1080,0,0,960,540,Fixation,432,406,912,727,0.4751,0.6734,,,,,,,,,,,
174301632,1603768770,Eye Tracker,LipReading,08/25/2025,YanTianming,Recording16,05/10/2025,05/10/2025,14:25:35.695,06:25:35.695,387686,Timeline1,Tobii I-VT (Fixation),1.241.54219,1080,1920,10.0,5.1,9.5,10.6,0.53,1.02,1.13,19,35,39,6.6,5.5,2.9,0.7,0.62,0.32,24,20,11,1564877435,,,915,729,925,706,904,752,0.04333,0.23286,-0.97154,-0.0708,0.24721,-0.96637,3.816,4.208,4.002,,,,Valid,Valid,226.9,51.9,590.0,290.8,54.6,590.9,253.2,193.3,247.5,205.8,0.4765,0.6751,0.482,0.6539,0.4711,0.6963,Screen Recording,Screen Recording Recording16.mp4,1920,1080,0,0,960,540,Fixation,432,406,912,727,0.4751,0.6734,,,,,,,,,,,
174305632,1603772770,Eye Tracker,LipReading,08/25/2025,YanTianming,Recording16,05/10/2025,05/10/2025,14:25:35.695,06:25:35.695,387686,Timeline1,Tobii I-VT (Fixation),1.241.54219,1080,1920,10.0,5.1,9.5,10.6,0.53,1.02,1.13,19,35,39,6.6,5.5,2.9,0.7,0.62,0.32,24,20,11,1564881435,,,918,732,927,715,908,750,0.04395,0.2364,-0.97066,-0.06908,0.24621,-0.96675,3.809,4.184,4.001,,,,Valid,Valid,226.9,51.9,590.0,290.8,54.6,590.9,253.6,195.6,248.6,205.1,0.4779,0.6778,0.4827,0.6616,0.4731,0.694,Screen Recording,Screen Recording Recording16.mp4,1920,1080,0,0,960,540,Fixation,432,406,912,727,0.4751,0.6734,,,,,,,,,,,
174309632,1603776770,Eye Tracker,LipReading,08/25/2025,YanTianming,Recording16,05/10/2025,05/10/2025,14:25:35.695,06:25:35.695,387686,Timeline1,Tobii I-VT (Fixation),1.241.54219,1080,1920,10.0,5.1,9.5,10.6,0.53,1.02,1.13,19,35,39,6.6,5.5,2.9,0.7,0.62,0.32,24,20,11,1564885435,,,919,731,925,709,912,753,0.04336,0.234,-0.97127,-0.06732,0.24763,-0.96651,3.823,4.187,4.001,,,,Valid,Valid,226.9,51.9,589.9,290.8,54.6,590.9,253.3,194.0,249.6,206.0,0.4785,0.6767,0.482,0.6564,0.4751,0.697,Screen Recording,Screen Recording Recording16.mp4,1920,1080,0,0,960,540,Fixation,432,406,912,727,0.4751,0.6734,,,,,,,,,,,
174313632,1603780770,Eye Tracker,LipReading,08/25/2025,YanTianming,Recording16,05/10/2025,05/10/2025,14:25:35.695,06:25:35.695,387686,Timeline1,Tobii I-VT (Fixation),1.241.54219,1080,1920,10.0,5.1,9.5,10.6,0.53,1.02,1.13,19,35,39,6.6,5.5,2.9,0.7,0.62,0.32,24,20,11,1564889435,,,915,724,921,699,909,749,0.04155,0.2299,-0.97233,-0.06897,0.24618,-0.96677,3.814,4.176,4.001,,,,Valid,Valid,226.9,51.9,589.9,290.8,54.6,590.9,252.1,191.4,248.6,205.1,0.4765,0.6707,0.4798,0.6475,0.4732,0.6939,Screen Recording,Screen Recording Recording16.mp4,1920,1080,0,0,960,540,Fixation,432,406,912,727,0.4751,0.6734,,,,,,,,,,,
174317632,1603784770,Eye Tracker,LipReading,08/25/2025,YanTianming,Recording16,05/10/2025,05/10/2025,14:25:35.695,06:25:35.695,387686,Timeline1,Tobii I-VT (Fixation),1.241.54219,1080,1920,10.0,5.1,9.5,10.6,0.53,1.02,1.13,19,35,39,6.6,5.5,2.9,0.7,0.62,0.32,24,20,11,1564893435,,,918,733,927,713,910,753,0.04393,0.23559,-0.97086,-0.06815,0.24769,-0.96644,3.821,4.187,4.002,,,,Valid,Valid,226.9,51.9,590.0,290.8,54.6,591.0,253.6,195.0,249.1,206.0,0.4783,0.6785,0.4826,0.6599,0.4741,0.6971,Screen Recording,Screen Recording Recording16.mp4,1920,1080,0,0,960,540,Fixation,432,406,912,727,0.4751,0.6734,,,,,,,,,,,
174321632,1603788770,Eye Tracker,LipReading,08/25/2025,YanTianming,Recording16,05/10/2025,05/10/2025,14:25:35.695,06:25:35.695,387686,Timeline1,Tobii I-VT (Fixation),1.241.54219,1080,1920,10.0,5.1,9.5,10.6,0.53,1.02,1.13,19,35,39,6.6,5.5,2.9,0.7,0.62,0.32,24,20,11,1564897435,,,914,730,923,702,906,758,0.04229,0.23089,-0.97206,-0.07012,0.24993,-0.96572,3.816,4.196,4.006,,,,Valid,Valid,226.9,51.9,590.0,290.8,54.5,591.1,252.5,192.0,247.9,207.5,0.4762,0.6759,0.4806,0.6496,0.4717,0.7021,Screen Recording,Screen Recording Recording16.mp4,1920,1080,0,0,960,540,Fixation,432,406,912,727,0.4751,0.6734,,,,,,,,,,,
174325633,1603792771,Eye Tracker,LipReading,08/25/2025,YanTianming,Recording16,05/10/2025,05/10/2025,14:25:35.695,06:25:35.695,387686,Timeline1,Tobii I-VT (Fixation),1.241.54219,1080,1920,10.0,5.1,9.5,10.6,0.53,1.02,1.13,19,35,39,6.6,5.5,2.9,0.7,0.62,0.32,24,20,11,1564901436,,,912,728,919,705,905,751,0.04051,0.23241,-0.97177,-0.07062,0.24709,-0.96642,3.815,4.197,4.007,,,,Valid,Valid,226.8,51.8,590.1,290.8,54.5,591.1,251.4,192.9,247.6,205.6,0.4749,0.6743,0.4785,0.6528,0.4712,0.6958,Screen Recording,Screen Recording Recording16.mp4,1920,1080,0,0,960,540,Fixation,432,406,912,727,0.4751,0.6734,,,,,,,,,,,
174329633,1603796771,Eye Tracker,LipReading,08/25/2025,YanTianming,Recording16,05/10/2025,05/10/2025,14:25:35.695,06:25:35.695,387686,Timeline1,Tobii I-VT (Fixation),1.241.54219,1080,1920,10.0,5.1,9.5,10.6,0.53,1.02,1.13,19,35,39,6.6,5.5,2.9,0.7,0.62,0.32,24,20,11,1564905436,,,913,724,929,692,896,756,0.04503,0.22688,-0.97288,-0.07419,0.24887,-0.96569,3.788,4.2,4.007,,,,Valid,Valid,226.8,51.8,590.2,290.8,54.5,591.2,254.1,189.4,245.3,206.8,0.4753,0.6703,0.4837,0.6408,0.4669,0.6998,Screen Recording,Screen Recording Recording16.mp4,1920,1080,0,0,960,540,Fixation,432,406,912,727,0.4751,0.6734,,,,,,,,,,,
174330798,1603797936,Mouse,LipReading,08/25/2025,YanTianming,Recording16,05/10/2025,05/10/2025,14:25:35.695,06:25:35.695,387686,Timeline1,Tobii I-VT (Fixation),1.241.54219,1080,1920,10.0,5.1,9.5,10.6,0.53,1.02,1.13,19,35,39,6.6,5.5,2.9,0.7,0.62,0.32,24,20,11,,,,,,,,,,,,,,,,,,,,,,,,,,,,,,,,,,,,,,,,Screen Recording,Screen Recording Recording16.mp4,1920,1080,0,0,960,540,Fixation,432,406,912,727,0.4751,0.6734,,,,,,,,,,987,835
174333633,1603800771,Eye Tracker,LipReading,08/25/2025,YanTianming,Recording16,05/10/2025,05/10/2025,14:25:35.695,06:25:35.695,387686,Timeline1,Tobii I-VT (Fixation),1.241.54219,1080,1920,10.0,5.1,9.5,10.6,0.53,1.02,1.13,19,35,39,6.6,5.5,2.9,0.7,0.62,0.32,24,20,11,1564909436,,,903,731,917,708,890,755,0.03959,0.23379,-0.97148,-0.07706,0.24831,-0.96561,3.822,4.201,4.007,,,,Valid,Valid,226.8,51.7,590.2,290.7,54.5,591.2,250.8,193.8,243.6,206.5,0.4705,0.6772,0.4774,0.6556,0.4635,0.6987,Screen Recording,Screen Recording Recording16.mp4,1920,1080,0,0,960,540,Fixation,432,406,912,727,0.4751,0.6734,,,,,,,,,,,
174337633,1603804771,Eye Tracker,LipReading,08/25/2025,YanTianming,Recording16,05/10/2025,05/10/2025,14:25:35.695,06:25:35.695,387686,Timeline1,Tobii I-VT (Fixation),1.241.54219,1080,1920,10.0,5.1,9.5,10.6,0.53,1.02,1.13,19,35,39,6.6,5.5,2.9,0.7,0.62,0.32,24,20,11,1564913436,,,911,735,923,719,898,751,0.04242,0.23825,-0.97028,-0.0733,0.24683,-0.96628,3.84,4.181,4.003,,,,Valid,Valid,226.8,51.8,590.2,290.7,54.5,591.1,252.6,196.7,245.9,205.5,0.4743,0.6804,0.4807,0.6654,0.4679,0.6953,Screen Recording,Screen Recording Recording16.mp4,1920,1080,0,0,960,540,Fixation,432,406,912,727,0.4751,0.6734,,,,,,,,,,,
174341633,1603808771,Eye Tracker,LipReading,08/25/2025,YanTianming,Recording16,05/10/2025,05/10/2025,14:25:35.695,06:25:35.695,387686,Timeline1,Tobii I-VT (Fixation),1.241.54219,1080,1920,10.0,5.1,9.5,10.6,0.53,1.02,1.13,19,35,39,6.6,5.5,2.9,0.7,0.62,0.32,24,20,11,1564917436,,,911,726,922,702,901,750,0.04199,0.23126,-0.97199,-0.07224,0.24632,-0.96649,3.816,4.19,4.006,,,,Valid,Valid,226.8,51.8,590.1,290.7,54.6,590.9,252.2,192.2,246.5,205.2,0.4746,0.6723,0.4801,0.6503,0.4692,0.6942,Screen Recording,Screen Recording Recording16.mp4,1920,1080,0,0,960,540,Fixation,432,406,912,727,0.4751,0.6734,,,,,,,,,,,
174345632,1603812770,Eye Tracker,LipReading,08/25/2025,YanTianming,Recording16,05/10/2025,05/10/2025,14:25:35.695,06:25:35.695,387686,Timeline1,Tobii I-VT (Fixation),1.241.54219,1080,1920,10.0,5.1,9.5,10.6,0.53,1.02,1.13,19,35,39,6.6,5.5,2.9,0.7,0.62,0.32,24,20,11,1564921436,,,917,725,931,700,902,751,0.0464,0.23017,-0.97204,-0.07148,0.24681,-0.96643,3.812,4.19,4.003,,,,Valid,Valid,226.7,51.9,589.9,290.7,54.6,590.8,254.9,191.6,247.0,205.5,0.4776,0.6717,0.4851,0.6481,0.47,0.6953,Screen Recording,Screen Recording Recording16.mp4,1920,1080,0,0,960,540,Fixation,432,406,912,727,0.4751,0.6734,,,,,,,,,,,
174349632,1603816770,Eye Tracker,LipReading,08/25/2025,YanTianming,Recording16,05/10/2025,05/10/2025,14:25:35.695,06:25:35.695,387686,Timeline1,Tobii I-VT (Fixation),1.241.54219,1080,1920,10.0,5.1,9.5,10.6,0.53,1.02,1.13,19,35,39,6.6,5.5,2.9,0.7,0.62,0.32,24,20,11,1564925436,,,911,728,917,711,904,745,0.03999,0.23509,-0.97115,-0.0708,0.24412,-0.96716,3.831,4.198,4.003,,,,Valid,Valid,226.7,51.9,589.8,290.6,54.7,590.7,251.0,194.7,247.4,203.8,0.4743,0.6741,0.4777,0.6587,0.4708,0.6895,Screen Recording,Screen Recording Recording16.mp4,1920,1080,0,0,960,540,Fixation,432,406,912,727,0.4751,0.6734,,,,,,,,,,,
174353632,1603820770,Eye Tracker,LipReading,08/25/2025,YanTianming,Recording16,05/10/2025,05/10/2025,14:25:35.695,06:25:35.695,387686,Timeline1,Tobii I-VT (Fixation),1.241.54219,1080,1920,10.0,5.1,9.5,10.6,0.53,1.02,1.13,19,35,39,6.6,5.5,2.9,0.7,0.62,0.32,24,20,11,1564929436,,,913,727,920,703,905,752,0.04127,0.23162,-0.97193,-0.07014,0.2471,-0.96645,3.807,4.186,4.005,,,,Valid,Valid,226.7,51.9,589.8,290.6,54.7,590.7,251.8,192.5,247.7,205.7,0.4753,0.6736,0.4791,0.6512,0.4715,0.696,Screen Recording,Screen Recording Recording16.mp4,1920,1080,0,0,960,540,Fixation,432,406,912,727,0.4751,0.6734,,,,,,,,,,,
174357632,1603824770,Eye Tracker,LipReading,08/25/2025,YanTianming,Recording16,05/10/2025,05/10/2025,14:25:35.695,06:25:35.695,387686,Timeline1,Tobii I-VT (Fixation),1.241.54219,1080,1920,10.0,5.1,9.5,10.6,0.53,1.02,1.13,19,35,39,6.6,5.5,2.9,0.7,0.62,0.32,24,20,11,1564933436,,,909,730,916,706,901,753,0.03974,0.23269,-0.97174,-0.07186,0.24782,-0.96614,3.822,4.191,4.005,,,,Valid,Valid,226.7,51.9,589.8,290.6,54.7,590.7,250.8,193.2,246.6,206.2,0.4734,0.6756,0.4773,0.6535,0.4694,0.6976,Screen Recording,Screen Recording Recording16.mp4,1920,1080,0,0,960,540,Fixation,432,406,912,727,0.4751,0.6734,,,,,,,,,,,
174361632,1603828770,Eye Tracker,LipReading,08/25/2025,YanTianming,Recording16,05/10/2025,05/10/2025,14:25:35.695,06:25:35.695,387686,Timeline1,Tobii I-VT (Fixation),1.241.54219,1080,1920,10.0,5.1,9.5,10.6,0.53,1.02,1.13,19,35,39,6.6,5.5,2.9,0.7,0.62,0.32,24,20,11,1564937436,,,913,722,917,697,908,746,0.04012,0.22906,-0.97259,-0.06869,0.24499,-0.96709,3.82,4.189,4.002,,,,Valid,Valid,226.7,51.9,589.9,290.6,54.6,590.8,251.0,190.8,248.6,204.3,0.4754,0.6684,0.4777,0.6456,0.4731,0.6912,Screen Recording,Screen Recording Recording16.mp4,1920,1080,0,0,960,540,Fixation,432,406,912,727,0.4751,0.6734,,,,,,,,,,,
174365632,1603832770,Eye Tracker,LipReading,08/25/2025,YanTianming,Recording16,05/10/2025,05/10/2025,14:25:35.695,06:25:35.695,387686,Timeline1,Tobii I-VT (Fixation),1.241.54219,1080,1920,10.0,5.1,9.5,10.6,0.53,1.02,1.13,19,35,39,6.6,5.5,2.9,0.7,0.62,0.32,24,20,11,1564941436,,,909,730,915,704,902,755,0.03932,0.23215,-0.97189,-0.07159,0.24871,-0.96593,3.818,4.182,4.004,,,,Valid,Valid,226.7,51.9,589.9,290.6,54.6,590.9,250.5,192.8,246.8,206.7,0.4732,0.6758,0.4768,0.6522,0.4696,0.6995,Screen Recording,Screen Recording Recording16.mp4,1920,1080,0,0,960,540,Saccade,24,544,,,,,,,,,,,,,,,
174369632,1603836770,Eye Tracker,LipReading,08/25/2025,YanTianming,Recording16,05/10/2025,05/10/2025,14:25:35.695,06:25:35.695,387686,Timeline1,Tobii I-VT (Fixation),1.241.54219,1080,1920,10.0,5.1,9.5,10.6,0.53,1.02,1.13,19,35,39,6.6,5.5,2.9,0.7,0.62,0.32,24,20,11,1564945436,,,916,720,922,694,911,746,0.04232,0.22776,-0.9728,-0.06767,0.24463,-0.96725,3.816,4.178,4.0,,,,Valid,Valid,226.7,51.9,589.8,290.6,54.6,590.8,252.3,190.0,249.2,204.1,0.4773,0.6666,0.4802,0.6428,0.4743,0.6904,Screen Recording,Screen Recording Recording16.mp4,1920,1080,0,0,960,540,Saccade,24,544,,,,,,,,,,,,,,,
174373632,1603840770,Eye Tracker,LipReading,08/25/2025,YanTianming,Recording16,05/10/2025,05/10/2025,14:25:35.695,06:25:35.695,387686,Timeline1,Tobii I-VT (Fixation),1.241.54219,1080,1920,10.0,5.1,9.5,10.6,0.53,1.02,1.13,19,35,39,6.6,5.5,2.9,0.7,0.62,0.32,24,20,11,1564949436,,,935,721,941,695,928,748,0.05094,0.22793,-0.97234,-0.05993,0.2455,-0.96754,3.817,4.198,3.999,,,,Valid,Valid,226.7,51.9,589.7,290.6,54.7,590.7,257.6,190.2,254.0,204.6,0.4868,0.6678,0.4903,0.6435,0.4834,0.6922,Screen Recording,Screen Recording Recording16.mp4,1920,1080,0,0,960,540,Saccade,24,544,,,,,,,,,,,,,,,
174377632,1603844770,Eye Tracker,LipReading,08/25/2025,YanTianming,Recording16,05/10/2025,05/10/2025,14:25:35.695,06:25:35.695,387686,Timeline1,Tobii I-VT (Fixation),1.241.54219,1080,1920,10.0,5.1,9.5,10.6,0.53,1.02,1.13,19,35,39,6.6,5.5,2.9,0.7,0.62,0.32,24,20,11,1564953436,,,961,727,973,703,949,750,0.06515,0.23109,-0.97075,-0.05072,0.24676,-0.96775,3.817,4.182,3.999,,,,Valid,Valid,226.7,51.9,589.7,290.6,54.7,590.7,266.3,192.3,259.7,205.3,0.5005,0.6727,0.5068,0.6507,0.4942,0.6947,Screen Recording,Screen Recording Recording16.mp4,1920,1080,0,0,960,540,Saccade,24,544,,,,,,,,,,,,,,,
174381632,1603848770,Eye Tracker,LipReading,08/25/2025,YanTianming,Recording16,05/10/2025,05/10/2025,14:25:35.695,06:25:35.695,387686,Timeline1,Tobii I-VT (Fixation),1.241.54219,1080,1920,10.0,5.1,9.5,10.6,0.53,1.02,1.13,19,35,39,6.6,5.5,2.9,0.7,0.62,0.32,24,20,11,1564957436,,,979,726,990,700,969,752,0.07274,0.22964,-0.97055,-0.04193,0.24762,-0.96795,3.81,4.199,3.996,,,,Valid,Valid,226.7,51.9,589.8,290.7,54.6,590.8,270.9,191.5,265.1,205.8,0.5101,0.672,0.5156,0.6478,0.5045,0.6963,Screen Recording,Screen Recording Recording16.mp4,1920,1080,0,0,960,540,Saccade,24,544,,,,,,,,,,,,,,,
174385632,1603852770,Eye Tracker,LipReading,08/25/2025,YanTianming,Recording16,05/10/2025,05/10/2025,14:25:35.695,06:25:35.695,387686,Timeline1,Tobii I-VT (Fixation),1.241.54219,1080,1920,10.0,5.1,9.5,10.6,0.53,1.02,1.13,19,35,39,6.6,5.5,2.9,0.7,0.62,0.32,24,20,11,1564961436,,,980,722,996,692,963,753,0.07539,0.22624,-0.97115,-0.04439,0.24791,-0.96777,3.802,4.176,3.996,,,,Valid,Valid,226.7,51.9,589.8,290.7,54.6,590.9,272.5,189.3,263.6,206.0,0.5102,0.6687,0.5187,0.6405,0.5017,0.6969,Screen Recording,Screen Recording Recording16.mp4,1920,1080,0,0,960,540,Saccade,24,544,,,,,,,,,,,,,,,
174389632,1603856770,Eye Tracker,LipReading,08/25/2025,YanTianming,Recording16,05/10/2025,05/10/2025,14:25:35.695,06:25:35.695,387686,Timeline1,Tobii I-VT (Fixation),1.241.54219,1080,1920,10.0,5.1,9.5,10.6,0.53,1.02,1.13,19,35,39,6.6,5.5,2.9,0.7,0.62,0.32,24,20,11,1564965436,,,966,720,979,690,954,749,0.06785,0.22562,-0.97185,-0.04866,0.24644,-0.96793,3.801,4.173,3.993,,,,Valid,Valid,226.7,51.9,589.9,290.7,54.6,591.0,267.9,188.8,261.0,205.1,0.5033,0.6663,0.5099,0.6388,0.4967,0.6938,Screen Recording,Screen Recording Recording16.mp4,1920,1080,0,0,960,540,Fixation,688,407,961,752,0.5005,0.696,,,,,,,,,,,
174393632,1603860770,Eye Tracker,LipReading,08/25/2025,YanTianming,Recording16,05/10/2025,05/10/2025,14:25:35.695,06:25:35.695,387686,Timeline1,Tobii I-VT (Fixation),1.241.54219,1080,1920,10.0,5.1,9.5,10.6,0.53,1.02,1.13,19,35,39,6.6,5.5,2.9,0.7,0.62,0.32,24,20,11,1564969436,,,967,718,988,690,946,747,0.07168,0.22562,-0.97158,-0.05219,0.24532,-0.96804,3.816,4.186,3.994,,,,Valid,Valid,226.7,51.9,589.8,290.7,54.6,590.9,270.3,188.9,258.8,204.4,0.5035,0.6652,0.5144,0.639,0.4926,0.6915,Screen Recording,Screen Recording Recording16.mp4,1920,1080,0,0,960,540,Fixation,688,407,961,752,0.5005,0.696,,,,,,,,,,,
174397632,1603864770,Eye Tracker,LipReading,08/25/2025,YanTianming,Recording16,05/10/2025,05/10/2025,14:25:35.695,06:25:35.695,387686,Timeline1,Tobii I-VT (Fixation),1.241.54219,1080,1920,10.0,5.1,9.5,10.6,0.53,1.02,1.13,19,35,39,6.6,5.5,2.9,0.7,0.62,0.32,24,20,11,1564973436,,,965,718,978,691,953,745,0.06718,0.22599,-0.97181,-0.04912,0.24462,-0.96837,3.813,4.17,3.994,,,,Valid,Valid,226.7,51.9,589.8,290.7,54.6,590.9,267.5,189.0,260.7,203.9,0.5027,0.6648,0.5091,0.6396,0.4962,0.6899,Screen Recording,Screen Recording Recording16.mp4,1920,1080,0,0,960,540,Fixation,688,407,961,752,0.5005,0.696,,,,,,,,,,,
174401632,1603868770,Eye Tracker,LipReading,08/25/2025,YanTianming,Recording16,05/10/2025,05/10/2025,14:25:35.695,06:25:35.695,387686,Timeline1,Tobii I-VT (Fixation),1.241.54219,1080,1920,10.0,5.1,9.5,10.6,0.53,1.02,1.13,19,35,39,6.6,5.5,2.9,0.7,0.62,0.32,24,20,11,1564977436,,,964,720,977,694,951,747,0.06707,0.22726,-0.97152,-0.04986,0.24526,-0.96817,3.815,4.176,3.994,,,,Valid,Valid,226.7,51.9,589.7,290.7,54.7,590.9,267.5,189.9,260.3,204.3,0.5022,0.6669,0.509,0.6424,0.4953,0.6914,Screen Recording,Screen Recording Recording16.mp4,1920,1080,0,0,960,540,Fixation,688,407,961,752,0.5005,0.696,,,,,,,,,,,
174405632,1603872770,Eye Tracker,LipReading,08/25/2025,YanTianming,Recording16,05/10/2025,05/10/2025,14:25:35.695,06:25:35.695,387686,Timeline1,Tobii I-VT (Fixation),1.241.54219,1080,1920,10.0,5.1,9.5,10.6,0.53,1.02,1.13,19,35,39,6.6,5.5,2.9,0.7,0.62,0.32,24,20,11,1564981436,,,967,715,984,683,949,747,0.07024,0.22243,-0.97241,-0.0507,0.24521,-0.96814,3.784,4.181,3.989,,,,Valid,Valid,226.8,51.9,589.7,290.7,54.7,590.8,269.3,186.8,259.8,204.3,0.5035,0.6617,0.5126,0.6321,0.4944,0.6913,Screen Recording,Screen Recording Recording16.mp4,1920,1080,0,0,960,540,Fixation,688,407,961,752,0.5005,0.696,,,,,,,,,,,
174409632,1603876770,Eye Tracker,LipReading,08/25/2025,YanTianming,Recording16,05/10/2025,05/10/2025,14:25:35.695,06:25:35.695,387686,Timeline1,Tobii I-VT (Fixation),1.241.54219,1080,1920,10.0,5.1,9.5,10.6,0.53,1.02,1.13,19,35,39,6.6,5.5,2.9,0.7,0.62,0.32,24,20,11,1564985436,,,965,724,981,695,950,752,0.06853,0.22774,-0.97131,-0.05043,0.24758,-0.96755,3.803,4.168,3.987,,,,Valid,Valid,226.8,51.9,589.7,290.7,54.7,590.9,268.4,190.2,259.9,205.8,0.5027,0.6699,0.5107,0.6434,0.4946,0.6964,Screen Recording,Screen Recording Recording16.mp4,1920,1080,0,0,960,540,Fixation,688,407,961,752,0.5005,0.696,,,,,,,,,,,
174413632,1603880770,Eye Tracker,LipReading,08/25/2025,YanTianming,Recording16,05/10/2025,05/10/2025,14:25:35.695,06:25:35.695,387686,Timeline1,Tobii I-VT (Fixation),1.241.54219,1080,1920,10.0,5.1,9.5,10.6,0.53,1.02,1.13,19,35,39,6.6,5.5,2.9,0.7,0.62,0.32,24,20,11,1564989436,,,964,719,977,683,950,756,0.06684,0.2227,-0.97259,-0.05012,0.24913,-0.96717,3.793,4.184,3.989,,,,Valid,Valid,226.8,51.9,589.8,290.7,54.6,590.9,267.3,186.9,260.1,206.8,0.5019,0.6661,0.5087,0.6325,0.495,0.6998,Screen Recording,Screen Recording Recording16.mp4,1920,1080,0,0,960,540,Fixation,688,407,961,752,0.5005,0.696,,,,,,,,,,,
174417632,1603884770,Eye Tracker,LipReading,08/25/2025,YanTianming,Recording16,05/10/2025,05/10/2025,14:25:35.695,06:25:35.695,387686,Timeline1,Tobii I-VT (Fixation),1.241.54219,1080,1920,10.0,5.1,9.5,10.6,0.53,1.02,1.13,19,35,39,6.6,5.5,2.9,0.7,0.62,0.32,24,20,11,1564993436,,,966,719,983,683,950,755,0.06966,0.22252,-0.97244,-0.0505,0.24872,-0.96726,3.783,4.189,3.992,,,,Valid,Valid,226.8,51.9,589.8,290.7,54.6,590.9,269.0,186.8,259.9,206.6,0.5033,0.6655,0.512,0.6321,0.4946,0.6989,Screen Recording,Screen Recording Recording16.mp4,1920,1080,0,0,960,540,Fixation,688,407,961,752,0.5005,0.696,,,,,,,,,,,
174421632,1603888770,Eye Tracker,LipReading,08/25/2025,YanTianming,Recording16,05/10/2025,05/10/2025,14:25:35.695,06:25:35.695,387686,Timeline1,Tobii I-VT (Fixation),1.241.54219,1080,1920,10.0,5.1,9.5,10.6,0.53,1.02,1.13,19,35,39,6.6,5.5,2.9,0.7,0.62,0.32,24,20,11,1564997436,,,966,727,981,704,951,750,0.0685,0.23165,-0.97038,-0.04993,0.24689,-0.96776,3.834,4.189,3.992,,,,Valid,Valid,226.8,51.9,589.8,290.8,54.6,590.9,268.4,192.7,260.3,205.4,0.5031,0.6733,0.5108,0.6518,0.4953,0.6948,Screen Recording,Screen Recording Recording16.mp4,1920,1080,0,0,960,540,Fixation,688,407,961,752,0.5005,0.696,,,,,,,,,,,
174425632,1603892770,Eye Tracker,LipReading,08/25/2025,YanTianming,Recording16,05/10/2025,05/10/2025,14:25:35.695,06:25:35.695,387686,Timeline1,Tobii I-VT (Fixation),1.241.54219,1080,1920,10.0,5.1,9.5,10.6,0.53,1.02,1.13,19,35,39,6.6,5.5,2.9,0.7,0.62,0.32,24,20,11,1565001436,,,963,718,974,684,952,752,0.06533,0.22332,-0.97255,-0.04955,0.24744,-0.96764,3.796,4.194,4.004,,,,Valid,Valid,226.8,51.9,589.8,290.8,54.6,590.9,266.4,187.3,260.5,205.7,0.5014,0.6648,0.507,0.6337,0.4958,0.696,Screen Recording,Screen Recording Recording16.mp4,1920,1080,0,0,960,540,Fixation,688,407,961,752,0.5005,0.696,,,,,,,,,,,
174429632,1603896770,Eye Tracker,LipReading,08/25/2025,YanTianming,Recording16,05/10/2025,05/10/2025,14:25:35.695,06:25:35.695,387686,Timeline1,Tobii I-VT (Fixation),1.241.54219,1080,1920,10.0,5.1,9.5,10.6,0.53,1.02,1.13,19,35,39,6.6,5.5,2.9,0.7,0.62,0.32,24,20,11,1565005436,,,969,724,981,698,956,751,0.06855,0.22897,-0.97102,-0.04754,0.24717,-0.9678,3.834,4.189,4.011,,,,Valid,Valid,226.8,51.9,589.8,290.8,54.6,590.9,268.5,190.9,261.7,205.5,0.5045,0.6707,0.5109,0.646,0.4981,0.6954,Screen Recording,Screen Recording Recording16.mp4,1920,1080,0,0,960,540,Fixation,688,407,961,752,0.5005,0.696,,,,,,,,,,,
174433632,1603900770,Eye Tracker,LipReading,08/25/2025,YanTianming,Recording16,05/10/2025,05/10/2025,14:25:35.695,06:25:35.695,387686,Timeline1,Tobii I-VT (Fixation),1.241.54219,1080,1920,10.0,5.1,9.5,10.6,0.53,1.02,1.13,19,35,39,6.6,5.5,2.9,0.7,0.62,0.32,24,20,11,1565009436,,,965,722,976,692,955,752,0.06621,0.22662,-0.97173,-0.04838,0.24762,-0.96765,3.819,4.183,4.004,,,,Valid,Valid,226.8,51.9,589.7,290.8,54.7,590.7,267.0,189.4,261.2,205.8,0.5027,0.6687,0.5082,0.6408,0.4972,0.6965,Screen Recording,Screen Recording Recording16.mp4,1920,1080,0,0,960,540,Fixation,688,407,961,752,0.5005,0.696,,,,,,,,,,,
174437631,1603904769,Eye Tracker,LipReading,08/25/2025,YanTianming,Recording16,05/10/2025,05/10/2025,14:25:35.695,06:25:35.695,387686,Timeline1,Tobii I-VT (Fixation),1.241.54219,1080,1920,10.0,5.1,9.5,10.6,0.53,1.02,1.13,19,35,39,6.6,5.5,2.9,0.7,0.62,0.32,24,20,11,1565013436,,,963,725,975,699,952,751,0.06567,0.22962,-0.97106,-0.04977,0.24727,-0.96767,3.834,4.164,4.01,,,,Valid,Valid,226.9,51.9,589.6,290.8,54.8,590.6,266.7,191.3,260.4,205.7,0.5016,0.6716,0.5076,0.6473,0.4956,0.6958,Screen Recording,Screen Recording Recording16.mp4,1920,1080,0,0,960,540,Fixation,688,407,961,752,0.5005,0.696,,,,,,,,,,,
174441631,1603908769,Eye Tracker,LipReading,08/25/2025,YanTianming,Recording16,05/10/2025,05/10/2025,14:25:35.695,06:25:35.695,387686,Timeline1,Tobii I-VT (Fixation),1.241.54219,1080,1920,10.0,5.1,9.5,10.6,0.53,1.02,1.13,19,35,39,6.6,5.5,2.9,0.7,0.62,0.32,24,20,11,1565017436,,,965,727,971,698,958,757,0.06409,0.22931,-0.97124,-0.04668,0.24939,-0.96728,3.815,4.197,4.007,,,,Valid,Valid,226.9,51.9,589.6,290.8,54.8,590.5,265.8,191.1,262.3,207.0,0.5025,0.6736,0.5058,0.6466,0.4992,0.7005,Screen Recording,Screen Recording Recording16.mp4,1920,1080,0,0,960,540,Fixation,688,407,961,752,0.5005,0.696,,,,,,,,,,,
174445631,1603912769,Eye Tracker,LipReading,08/25/2025,YanTianming,Recording16,05/10/2025,05/10/2025,14:25:35.695,06:25:35.695,387686,Timeline1,Tobii I-VT (Fixation),1.241.54219,1080,1920,10.0,5.1,9.5,10.6,0.53,1.02,1.13,19,35,39,6.6,5.5,2.9,0.7,0.62,0.32,24,20,11,1565021436,,,965,730,975,700,955,760,0.06596,0.23001,-0.97095,-0.04833,0.25101,-0.96678,3.831,4.191,4.011,,,,Valid,Valid,226.9,51.9,589.6,290.8,54.8,590.4,266.9,191.6,261.3,208.1,0.5026,0.6762,0.508,0.6482,0.4973,0.7042,Screen Recording,Screen Recording Recording16.mp4,1920,1080,0,0,960,540,Fixation,688,407,961,752,0.5005,0.696,,,,,,,,,,,
174449631,1603916769,Eye Tracker,LipReading,08/25/2025,YanTianming,Recording16,05/10/2025,05/10/2025,14:25:35.695,06:25:35.695,387686,Timeline1,Tobii I-VT (Fixation),1.241.54219,1080,1920,10.0,5.1,9.5,10.6,0.53,1.02,1.13,19,35,39,6.6,5.5,2.9,0.7,0.62,0.32,24,20,11,1565025436,,,963,732,972,702,954,763,0.06426,0.23066,-0.97091,-0.04872,0.25192,-0.96652,3.824,4.19,4.009,,,,Valid,Valid,226.9,51.9,589.6,290.8,54.9,590.3,265.9,192.0,261.0,208.7,0.5014,0.6779,0.5061,0.6496,0.4968,0.7062,Screen Recording,Screen Recording Recording16.mp4,1920,1080,0,0,960,540,Fixation,688,407,961,752,0.5005,0.696,,,,,,,,,,,
174453631,1603920769,Eye Tracker,LipReading,08/25/2025,YanTianming,Recording16,05/10/2025,05/10/2025,14:25:35.695,06:25:35.695,387686,Timeline1,Tobii I-VT (Fixation),1.241.54219,1080,1920,10.0,5.1,9.5,10.6,0.53,1.02,1.13,19,35,39,6.6,5.5,2.9,0.7,0.62,0.32,24,20,11,1565029436,,,964,729,972,706,956,751,0.06414,0.23253,-0.97047,-0.04789,0.24715,-0.96779,3.839,4.201,4.011,,,,Valid,Valid,226.9,51.9,589.5,290.8,54.9,590.3,265.9,193.2,261.6,205.6,0.5019,0.6747,0.506,0.6536,0.4979,0.6957,Screen Recording,Screen Recording Recording16.mp4,1920,1080,0,0,960,540,Fixation,688,407,961,752,0.5005,0.696,,,,,,,,,,,
174457627,1603924765,Eye Tracker,LipReading,08/25/2025,YanTianming,Recording16,05/10/2025,05/10/2025,14:25:35.695,06:25:35.695,387686,Timeline1,Tobii I-VT (Fixation),1.241.54219,1080,1920,10.0,5.1,9.5,10.6,0.53,1.02,1.13,19,35,39,6.6,5.5,2.9,0.7,0.62,0.32,24,20,11,1565033432,,,965,730,977,702,954,758,0.06648,0.2307,-0.97075,-0.04877,0.24998,-0.96702,3.827,4.185,4.011,,,,Valid,Valid,226.9,51.9,589.5,290.8,54.9,590.3,267.3,192.0,261.1,207.5,0.5028,0.6758,0.5087,0.6498,0.4968,0.7019,Screen Recording,Screen Recording Recording16.mp4,1920,1080,0,0,960,540,Fixation,688,407,961,752,0.5005,0.696,,,,,,,,,,,
174461627,1603928765,Eye Tracker,LipReading,08/25/2025,YanTianming,Recording16,05/10/2025,05/10/2025,14:25:35.695,06:25:35.695,387686,Timeline1,Tobii I-VT (Fixation),1.241.54219,1080,1920,10.0,5.1,9.5,10.6,0.53,1.02,1.13,19,35,39,6.6,5.5,2.9,0.7,0.62,0.32,24,20,11,1565037432,,,962,731,967,704,957,758,0.06211,0.23187,-0.97076,-0.04728,0.25014,-0.96706,3.83,4.193,4.011,,,,Valid,Valid,226.9,52.0,589.5,290.9,54.8,590.4,264.7,192.8,262.0,207.5,0.5011,0.6772,0.5037,0.6522,0.4986,0.7022,Screen Recording,Screen Recording Recording16.mp4,1920,1080,0,0,960,540,Fixation,688,407,961,752,0.5005,0.696,,,,,,,,,,,
174465627,1603932765,Eye Tracker,LipReading,08/25/2025,YanTianming,Recording16,05/10/2025,05/10/2025,14:25:35.695,06:25:35.695,387686,Timeline1,Tobii I-VT (Fixation),1.241.54219,1080,1920,10.0,5.1,9.5,10.6,0.53,1.02,1.13,19,35,39,6.6,5.5,2.9,0.7,0.62,0.32,24,20,11,1565041432,,,962,727,976,704,947,749,0.06607,0.23174,-0.97053,-0.05187,0.24607,-0.96786,3.845,4.192,4.011,,,,Valid,Valid,227.0,52.0,589.5,290.9,54.8,590.4,267.1,192.7,259.2,204.9,0.5008,0.6727,0.5083,0.6521,0.4933,0.6934,Screen Recording,Screen Recording Recording16.mp4,1920,1080,0,0,960,540,Fixation,688,407,961,752,0.5005,0.696,,,,,,,,,,,
174469627,1603936765,Eye Tracker,LipReading,08/25/2025,YanTianming,Recording16,05/10/2025,05/10/2025,14:25:35.695,06:25:35.695,387686,Timeline1,Tobii I-VT (Fixation),1.241.54219,1080,1920,10.0,5.1,9.5,10.6,0.53,1.02,1.13,19,35,39,6.6,5.5,2.9,0.7,0.62,0.32,24,20,11,1565045432,,,962,731,980,702,945,759,0.06775,0.23064,-0.97068,-0.05289,0.25052,-0.96667,3.815,4.217,4.014,,,,Valid,Valid,227.0,52.0,589.4,290.9,54.8,590.5,268.1,192.1,258.6,207.8,0.5012,0.6765,0.5102,0.6498,0.4921,0.7032,Screen Recording,Screen Recording Recording16.mp4,1920,1080,0,0,960,540,Fixation,688,407,961,752,0.5005,0.696,,,,,,,,,,,
174473627,1603940765,Eye Tracker,LipReading,08/25/2025,YanTianming,Recording16,05/10/2025,05/10/2025,14:25:35.695,06:25:35.695,387686,Timeline1,Tobii I-VT (Fixation),1.241.54219,1080,1920,10.0,5.1,9.5,10.6,0.53,1.02,1.13,19,35,39,6.6,5.5,2.9,0.7,0.62,0.32,24,20,11,1565049432,,,962,727,977,702,947,752,0.06657,0.23094,-0.97069,-0.05183,0.24743,-0.96752,3.829,4.213,4.023,,,,Valid,Valid,227.0,52.0,589.4,290.9,54.8,590.6,267.4,192.2,259.3,205.8,0.5012,0.6734,0.5089,0.6504,0.4934,0.6963,Screen Recording,Screen Recording Recording16.mp4,1920,1080,0,0,960,540,Fixation,688,407,961,752,0.5005,0.696,,,,,,,,,,,
174477627,1603944765,Eye Tracker,LipReading,08/25/2025,YanTianming,Recording16,05/10/2025,05/10/2025,14:25:35.695,06:25:35.695,387686,Timeline1,Tobii I-VT (Fixation),1.241.54219,1080,1920,10.0,5.1,9.5,10.6,0.53,1.02,1.13,19,35,39,6.6,5.5,2.9,0.7,0.62,0.32,24,20,11,1565053432,,,968,731,984,703,952,759,0.06978,0.23109,-0.97043,-0.04977,0.25018,-0.96692,3.835,4.199,4.023,,,,Valid,Valid,227.0,52.0,589.4,290.9,54.8,590.6,269.4,192.4,260.5,207.6,0.5042,0.6766,0.5126,0.6509,0.4958,0.7023,Screen Recording,Screen Recording Recording16.mp4,1920,1080,0,0,960,540,Fixation,688,407,961,752,0.5005,0.696,,,,,,,,,,,
174481627,1603948765,Eye Tracker,LipReading,08/25/2025,YanTianming,Recording16,05/10/2025,05/10/2025,14:25:35.695,06:25:35.695,387686,Timeline1,Tobii I-VT (Fixation),1.241.54219,1080,1920,10.0,5.1,9.5,10.6,0.53,1.02,1.13,19,35,39,6.6,5.5,2.9,0.7,0.62,0.32,24,20,11,1565057432,,,965,727,984,704,945,750,0.06986,0.23158,-0.9703,-0.05301,0.24663,-0.96766,3.84,4.211,4.025,,,,Valid,Valid,227.0,52.0,589.4,290.9,54.8,590.7,269.4,192.7,258.6,205.3,0.5024,0.6733,0.5127,0.652,0.4921,0.6946,Screen Recording,Screen Recording Recording16.mp4,1920,1080,0,0,960,540,Fixation,688,407,961,752,0.5005,0.696,,,,,,,,,,,
174485627,1603952765,Eye Tracker,LipReading,08/25/2025,YanTianming,Recording16,05/10/2025,05/10/2025,14:25:35.695,06:25:35.695,387686,Timeline1,Tobii I-VT (Fixation),1.241.54219,1080,1920,10.0,5.1,9.5,10.6,0.53,1.02,1.13,19,35,39,6.6,5.5,2.9,0.7,0.62,0.32,24,20,11,1565061432,,,967,725,985,699,948,751,0.07026,0.22925,-0.97083,-0.05157,0.24687,-0.96767,3.84,4.206,4.025,,,,Valid,Valid,227.0,52.0,589.4,290.9,54.8,590.7,269.6,191.2,259.5,205.5,0.5035,0.671,0.5132,0.6469,0.4938,0.6951,Screen Recording,Screen Recording Recording16.mp4,1920,1080,0,0,960,540,Fixation,688,407,961,752,0.5005,0.696,,,,,,,,,,,
174489627,1603956765,Eye Tracker,LipReading,08/25/2025,YanTianming,Recording16,05/10/2025,05/10/2025,14:25:35.695,06:25:35.695,387686,Timeline1,Tobii I-VT (Fixation),1.241.54219,1080,1920,10.0,5.1,9.5,10.6,0.53,1.02,1.13,19,35,39,6.6,5.5,2.9,0.7,0.62,0.32,24,20,11,1565065432,,,962,730,980,706,943,753,0.06778,0.23244,-0.97025,-0.05379,0.248,-0.96727,3.846,4.216,4.025,,,,Valid,Valid,227.0,52.0,589.4,290.9,54.8,590.6,268.2,193.2,258.1,206.2,0.5008,0.6757,0.5104,0.6538,0.4912,0.6977,Screen Recording,Screen Recording Recording16.mp4,1920,1080,0,0,960,540,Fixation,688,407,961,752,0.5005,0.696,,,,,,,,,,,
174493626,1603960764,Eye Tracker,LipReading,08/25/2025,YanTianming,Recording16,05/10/2025,05/10/2025,14:25:35.695,06:25:35.695,387686,Timeline1,Tobii I-VT (Fixation),1.241.54219,1080,1920,10.0,5.1,9.5,10.6,0.53,1.02,1.13,19,35,39,6.6,5.5,2.9,0.7,0.62,0.32,24,20,11,1565069432,,,964,725,980,697,948,753,0.06801,0.22853,-0.97116,-0.05164,0.24767,-0.96747,3.831,4.214,4.019,,,,Valid,Valid,227.0,52.0,589.4,291.0,54.8,590.7,268.3,190.7,259.4,206.0,0.5021,0.6711,0.5106,0.6453,0.4937,0.6969,Screen Recording,Screen Recording Recording16.mp4,1920,1080,0,0,960,540,Fixation,688,407,961,752,0.5005,0.696,,,,,,,,,,,
174497626,1603964764,Eye Tracker,LipReading,08/25/2025,YanTianming,Recording16,05/10/2025,05/10/2025,14:25:35.695,06:25:35.695,387686,Timeline1,Tobii I-VT (Fixation),1.241.54219,1080,1920,10.0,5.1,9.5,10.6,0.53,1.02,1.13,19,35,39,6.6,5.5,2.9,0.7,0.62,0.32,24,20,11,1565073432,,,965,728,982,696,949,759,0.06861,0.22818,-0.9712,-0.05133,0.25048,-0.96676,3.828,4.194,4.016,,,,Valid,Valid,227.0,52.0,589.4,291.0,54.8,590.6,268.6,190.5,259.6,207.8,0.5027,0.6738,0.5113,0.6446,0.494,0.7031,Screen Recording,Screen Recording Recording16.mp4,1920,1080,0,0,960,540,Fixation,688,407,961,752,0.5005,0.696,,,,,,,,,,,
174501626,1603968764,Eye Tracker,LipReading,08/25/2025,YanTianming,Recording16,05/10/2025,05/10/2025,14:25:35.695,06:25:35.695,387686,Timeline1,Tobii I-VT (Fixation),1.241.54219,1080,1920,10.0,5.1,9.5,10.6,0.53,1.02,1.13,19,35,39,6.6,5.5,2.9,0.7,0.62,0.32,24,20,11,1565077432,,,967,722,984,689,949,754,0.06974,0.22515,-0.97183,-0.05113,0.2484,-0.96731,3.817,4.2,4.016,,,,Valid,Valid,227.0,52.1,589.4,290.9,54.8,590.6,269.3,188.6,259.7,206.5,0.5034,0.6683,0.5125,0.6381,0.4943,0.6985,Screen Recording,Screen Recording Recording16.mp4,1920,1080,0,0,960,540,Fixation,688,407,961,752,0.5005,0.696,,,,,,,,,,,
174505626,1603972764,Eye Tracker,LipReading,08/25/2025,YanTianming,Recording16,05/10/2025,05/10/2025,14:25:35.695,06:25:35.695,387686,Timeline1,Tobii I-VT (Fixation),1.241.54219,1080,1920,10.0,5.1,9.5,10.6,0.53,1.02,1.13,19,35,39,6.6,5.5,2.9,0.7,0.62,0.32,24,20,11,1565081432,,,966,723,983,697,948,750,0.06929,0.22871,-0.97103,-0.05159,0.24634,-0.96781,3.832,4.193,4.016,,,,Valid,Valid,227.0,52.1,589.4,290.9,54.8,590.6,269.0,190.9,259.5,205.1,0.5029,0.6699,0.512,0.6458,0.4938,0.694,Screen Recording,Screen Recording Recording16.mp4,1920,1080,0,0,960,540,Fixation,688,407,961,752,0.5005,0.696,,,,,,,,,,,
174509626,1603976764,Eye Tracker,LipReading,08/25/2025,YanTianming,Recording16,05/10/2025,05/10/2025,14:25:35.695,06:25:35.695,387686,Timeline1,Tobii I-VT (Fixation),1.241.54219,1080,1920,10.0,5.1,9.5,10.6,0.53,1.02,1.13,19,35,39,6.6,5.5,2.9,0.7,0.62,0.32,24,20,11,1565085432,,,964,730,985,699,943,760,0.07032,0.22933,-0.9708,-0.05388,0.25084,-0.96653,3.833,4.213,4.023,,,,Valid,Valid,227.0,52.1,589.4,290.9,54.8,590.6,269.7,191.3,258.0,208.1,0.5021,0.6756,0.5132,0.6472,0.491,0.704,Screen Recording,Screen Recording Recording16.mp4,1920,1080,0,0,960,540,Fixation,688,407,961,752,0.5005,0.696,,,,,,,,,,,
174513626,1603980764,Eye Tracker,LipReading,08/25/2025,YanTianming,Recording16,05/10/2025,05/10/2025,14:25:35.695,06:25:35.695,387686,Timeline1,Tobii I-VT (Fixation),1.241.54219,1080,1920,10.0,5.1,9.5,10.6,0.53,1.02,1.13,19,35,39,6.6,5.5,2.9,0.7,0.62,0.32,24,20,11,1565089432,,,961,734,980,709,942,759,0.06791,0.23379,-0.96991,-0.05436,0.2502,-0.96667,3.852,4.225,4.039,,,,Valid,Valid,227.0,52.1,589.4,290.9,54.8,590.5,268.2,194.1,257.7,207.7,0.5005,0.6797,0.5105,0.6568,0.4905,0.7027,Screen Recording,Screen Recording Recording16.mp4,1920,1080,0,0,960,540,Fixation,688,407,961,752,0.5005,0.696,,,,,,,,,,,
174517626,1603984764,Eye Tracker,LipReading,08/25/2025,YanTianming,Recording16,05/10/2025,05/10/2025,14:25:35.695,06:25:35.695,387686,Timeline1,Tobii I-VT (Fixation),1.241.54219,1080,1920,10.0,5.1,9.5,10.6,0.53,1.02,1.13,19,35,39,6.6,5.5,2.9,0.7,0.62,0.32,24,20,11,1565093432,,,965,731,978,707,951,755,0.06709,0.23263,-0.97025,-0.05008,0.24863,-0.9673,3.856,4.232,4.043,,,,Valid,Valid,227.0,52.1,589.4,290.9,54.9,590.4,267.7,193.4,260.3,206.6,0.5025,0.6767,0.5095,0.6543,0.4954,0.6991,Screen Recording,Screen Recording Recording16.mp4,1920,1080,0,0,960,540,Fixation,688,407,961,752,0.5005,0.696,,,,,,,,,,,
174521626,1603988764,Eye Tracker,LipReading,08/25/2025,YanTianming,Recording16,05/10/2025,05/10/2025,14:25:35.695,06:25:35.695,387686,Timeline1,Tobii I-VT (Fixation),1.241.54219,1080,1920,10.0,5.1,9.5,10.6,0.53,1.02,1.13,19,35,39,6.6,5.5,2.9,0.7,0.62,0.32,24,20,11,1565097432,,,958,731,972,712,943,750,0.0642,0.23507,-0.96986,-0.05356,0.24647,-0.96767,3.874,4.231,4.043,,,,Valid,Valid,226.9,52.1,589.4,290.9,54.9,590.3,266.0,194.9,258.2,205.3,0.4988,0.677,0.5062,0.6595,0.4914,0.6946,Screen Recording,Screen Recording Recording16.mp4,1920,1080,0,0,960,540,Fixation,688,407,961,752,0.5005,0.696,,,,,,,,,,,
174525626,1603992764,Eye Tracker,LipReading,08/25/2025,YanTianming,Recording16,05/10/2025,05/10/2025,14:25:35.695,06:25:35.695,387686,Timeline1,Tobii I-VT (Fixation),1.241.54219,1080,1920,10.0,5.1,9.5,10.6,0.53,1.02,1.13,19,35,39,6.6,5.5,2.9,0.7,0.62,0.32,24,20,11,1565101432,,,967,727,975,702,959,751,0.06569,0.23085,-0.97077,-0.04668,0.24682,-0.96794,3.865,4.235,4.049,,,,Valid,Valid,226.9,52.1,589.3,290.8,55.0,590.2,266.8,192.2,262.4,205.5,0.5036,0.6728,0.5078,0.6505,0.4994,0.6952,Screen Recording,Screen Recording Recording16.mp4,1920,1080,0,0,960,540,Fixation,688,407,961,752,0.5005,0.696,,,,,,,,,,,
174529625,1603996763,Eye Tracker,LipReading,08/25/2025,YanTianming,Recording16,05/10/2025,05/10/2025,14:25:35.695,06:25:35.695,387686,Timeline1,Tobii I-VT (Fixation),1.241.54219,1080,1920,10.0,5.1,9.5,10.6,0.53,1.02,1.13,19,35,39,6.6,5.5,2.9,0.7,0.62,0.32,24,20,11,1565105432,,,964,727,971,701,957,753,0.06394,0.23025,-0.97103,-0.04751,0.24749,-0.96772,3.852,4.228,4.05,,,,Valid,Valid,226.9,52.1,589.3,290.8,55.0,590.1,265.7,191.9,261.9,205.9,0.502,0.673,0.5057,0.6491,0.4983,0.6968,Screen Recording,Screen Recording Recording16.mp4,1920,1080,0,0,960,540,Fixation,688,407,961,752,0.5005,0.696,,,,,,,,,,,
174533625,1604000763,Eye Tracker,LipReading,08/25/2025,YanTianming,Recording16,05/10/2025,05/10/2025,14:25:35.695,06:25:35.695,387686,Timeline1,Tobii I-VT (Fixation),1.241.54219,1080,1920,10.0,5.1,9.5,10.6,0.53,1.02,1.13,19,35,39,6.6,5.5,2.9,0.7,0.62,0.32,24,20,11,1565109432,,,956,734,967,712,945,757,0.06231,0.23474,-0.97006,-0.05275,0.24924,-0.967,3.867,4.237,4.05,,,,Valid,Valid,226.9,52.1,589.3,290.8,55.0,590.2,264.8,194.7,258.6,207.1,0.498,0.6798,0.5039,0.6589,0.4922,0.7008,Screen Recording,Screen Recording Recording16.mp4,1920,1080,0,0,960,540,Fixation,688,407,961,752,0.5005,0.696,,,,,,,,,,,
174537625,1604004763,Eye Tracker,LipReading,08/25/2025,YanTianming,Recording16,05/10/2025,05/10/2025,14:25:35.695,06:25:35.695,387686,Timeline1,Tobii I-VT (Fixation),1.241.54219,1080,1920,10.0,5.1,9.5,10.6,0.53,1.02,1.13,19,35,39,6.6,5.5,2.9,0.7,0.62,0.32,24,20,11,1565113432,,,956,730,969,706,944,754,0.06299,0.23237,-0.97059,-0.05321,0.24824,-0.96723,3.848,4.236,4.052,,,,Valid,Valid,226.9,52.2,589.3,290.8,55.0,590.3,265.1,193.2,258.3,206.5,0.4981,0.6762,0.5046,0.6538,0.4916,0.6986,Screen Recording,Screen Recording Recording16.mp4,1920,1080,0,0,960,540,Fixation,688,407,961,752,0.5005,0.696,,,,,,,,,,,
174541625,1604008763,Eye Tracker,LipReading,08/25/2025,YanTianming,Recording16,05/10/2025,05/10/2025,14:25:35.695,06:25:35.695,387686,Timeline1,Tobii I-VT (Fixation),1.241.54219,1080,1920,10.0,5.1,9.5,10.6,0.53,1.02,1.13,19,35,39,6.6,5.5,2.9,0.7,0.62,0.32,24,20,11,1565117432,,,962,737,978,724,946,749,0.06723,0.23976,-0.9685,-0.05232,0.24616,-0.96782,3.892,4.219,4.052,,,,Valid,Valid,226.8,52.2,589.3,290.8,55.0,590.3,267.8,198.0,258.9,205.1,0.5011,0.682,0.5096,0.67,0.4926,0.694,Screen Recording,Screen Recording Recording16.mp4,1920,1080,0,0,960,540,Fixation,688,407,961,752,0.5005,0.696,,,,,,,,,,,
174545625,1604012763,Eye Tracker,LipReading,08/25/2025,YanTianming,Recording16,05/10/2025,05/10/2025,14:25:35.695,06:25:35.695,387686,Timeline1,Tobii I-VT (Fixation),1.241.54219,1080,1920,10.0,5.1,9.5,10.6,0.53,1.02,1.13,19,35,39,6.6,5.5,2.9,0.7,0.62,0.32,24,20,11,1565121432,,,958,742,973,720,942,764,0.06493,0.23844,-0.96898,-0.05373,0.25222,-0.96618,3.883,4.248,4.056,,,,Valid,Valid,226.8,52.2,589.3,290.7,54.9,590.5,266.3,197.2,257.9,209.1,0.4988,0.6872,0.5068,0.6671,0.4908,0.7073,Screen Recording,Screen Recording Recording16.mp4,1920,1080,0,0,960,540,Fixation,688,407,961,752,0.5005,0.696,,,,,,,,,,,
174549625,1604016763,Eye Tracker,LipReading,08/25/2025,YanTianming,Recording16,05/10/2025,05/10/2025,14:25:35.695,06:25:35.695,387686,Timeline1,Tobii I-VT (Fixation),1.241.54219,1080,1920,10.0,5.1,9.5,10.6,0.53,1.02,1.13,19,35,39,6.6,5.5,2.9,0.7,0.62,0.32,24,20,11,1565125432,,,970,731,985,707,955,754,0.0704,0.23244,-0.97006,-0.0481,0.24829,-0.96749,3.858,4.236,4.055,,,,Valid,Valid,226.8,52.2,589.3,290.7,54.9,590.5,269.6,193.4,261.4,206.5,0.5052,0.6764,0.513,0.6543,0.4974,0.6985,Screen Recording,Screen Recording Recording16.mp4,1920,1080,0,0,960,540,Fixation,688,407,961,752,0.5005,0.696,,,,,,,,,,,
174553625,1604020763,Eye Tracker,LipReading,08/25/2025,YanTianming,Recording16,05/10/2025,05/10/2025,14:25:35.695,06:25:35.695,387686,Timeline1,Tobii I-VT (Fixation),1.241.54219,1080,1920,10.0,5.1,9.5,10.6,0.53,1.02,1.13,19,35,39,6.6,5.5,2.9,0.7,0.62,0.32,24,20,11,1565129432,,,964,734,978,717,950,751,0.06711,0.23708,-0.96917,-0.05021,0.2467,-0.96779,3.876,4.223,4.053,,,,Valid,Valid,226.8,52.2,589.3,290.7,54.9,590.5,267.6,196.3,260.1,205.5,0.5021,0.6797,0.5092,0.6643,0.4949,0.6951,Screen Recording,Screen Recording Recording16.mp4,1920,1080,0,0,960,540,Fixation,688,407,961,752,0.5005,0.696,,,,,,,,,,,
174557625,1604024763,Eye Tracker,LipReading,08/25/2025,YanTianming,Recording16,05/10/2025,05/10/2025,14:25:35.695,06:25:35.695,387686,Timeline1,Tobii I-VT (Fixation),1.241.54219,1080,1920,10.0,5.1,9.5,10.6,0.53,1.02,1.13,19,35,39,6.6,5.5,2.9,0.7,0.62,0.32,24,20,11,1565133432,,,964,737,972,721,956,752,0.06455,0.23875,-0.96893,-0.04771,0.24732,-0.96776,3.872,4.233,4.053,,,,Valid,Valid,226.7,52.2,589.3,290.7,55.0,590.4,266.0,197.4,261.6,205.9,0.502,0.6822,0.5063,0.6679,0.4978,0.6965,Screen Recording,Screen Recording Recording16.mp4,1920,1080,0,0,960,540,Fixation,688,407,961,752,0.5005,0.696,,,,,,,,,,,
174561625,1604028763,Eye Tracker,LipReading,08/25/2025,YanTianming,Recording16,05/10/2025,05/10/2025,14:25:35.695,06:25:35.695,387686,Timeline1,Tobii I-VT (Fixation),1.241.54219,1080,1920,10.0,5.1,9.5,10.6,0.53,1.02,1.13,19,35,39,6.6,5.5,2.9,0.7,0.62,0.32,24,20,11,1565137432,,,963,739,969,720,956,757,0.06336,0.23824,-0.96914,-0.04764,0.24934,-0.96724,3.873,4.234,4.055,,,,Valid,Valid,226.7,52.2,589.3,290.6,55.1,590.2,265.3,197.1,261.6,207.2,0.5013,0.6839,0.5048,0.6668,0.4978,0.7011,Screen Recording,Screen Recording Recording16.mp4,1920,1080,0,0,960,540,Fixation,688,407,961,752,0.5005,0.696,,,,,,,,,,,
174565625,1604032763,Eye Tracker,LipReading,08/25/2025,YanTianming,Recording16,05/10/2025,05/10/2025,14:25:35.695,06:25:35.695,387686,Timeline1,Tobii I-VT (Fixation),1.241.54219,1080,1920,10.0,5.1,9.5,10.6,0.53,1.02,1.13,19,35,39,6.6,5.5,2.9,0.7,0.62,0.32,24,20,11,1565141432,,,962,728,977,715,948,741,0.06674,0.23585,-0.9695,-0.05112,0.2426,-0.96878,3.876,4.227,4.054,,,,Valid,Valid,226.7,52.2,589.3,290.6,55.1,590.1,267.3,195.6,259.5,202.9,0.5012,0.6741,0.5087,0.6616,0.4938,0.6865,Screen Recording,Screen Recording Recording16.mp4,1920,1080,0,0,960,540,Fixation,688,407,961,752,0.5005,0.696,,,,,,,,,,,
174569625,1604036763,Eye Tracker,LipReading,08/25/2025,YanTianming,Recording16,05/10/2025,05/10/2025,14:25:35.695,06:25:35.695,387686,Timeline1,Tobii I-VT (Fixation),1.241.54219,1080,1920,10.0,5.1,9.5,10.6,0.53,1.02,1.13,19,35,39,6.6,5.5,2.9,0.7,0.62,0.32,24,20,11,1565145432,,,958,737,972,723,945,751,0.06465,0.23943,-0.96876,-0.05254,0.24662,-0.96769,3.89,4.247,4.055,,,,Valid,Valid,226.7,52.2,589.4,290.6,55.1,590.1,266.0,197.9,258.6,205.5,0.4992,0.6824,0.5063,0.6694,0.4921,0.6954,Screen Recording,Screen Recording Recording16.mp4,1920,1080,0,0,960,540,Fixation,688,407,961,752,0.5005,0.696,,,,,,,,,,,
174573625,1604040763,Eye Tracker,LipReading,08/25/2025,YanTianming,Recording16,05/10/2025,05/10/2025,14:25:35.695,06:25:35.695,387686,Timeline1,Tobii I-VT (Fixation),1.241.54219,1080,1920,10.0,5.1,9.5,10.6,0.53,1.02,1.13,19,35,39,6.6,5.5,2.9,0.7,0.62,0.32,24,20,11,1565149432,,,957,731,974,718,940,744,0.06548,0.23744,-0.96919,-0.05473,0.24387,-0.96826,3.874,4.248,4.06,,,,Valid,Valid,226.7,52.2,589.3,290.6,55.1,590.2,266.5,196.6,257.2,203.7,0.4983,0.6772,0.5071,0.6652,0.4895,0.6893,Screen Recording,Screen Recording Recording16.mp4,1920,1080,0,0,960,540,Fixation,688,407,961,752,0.5005,0.696,,,,,,,,,,,
174577625,1604044763,Eye Tracker,LipReading,08/25/2025,YanTianming,Recording16,05/10/2025,05/10/2025,14:25:35.695,06:25:35.695,387686,Timeline1,Tobii I-VT (Fixation),1.241.54219,1080,1920,10.0,5.1,9.5,10.6,0.53,1.02,1.13,19,35,39,6.6,5.5,2.9,0.7,0.62,0.32,24,20,11,1565153432,,,959,741,971,731,948,751,0.06419,0.24264,-0.96799,-0.05116,0.24659,-0.96777,3.895,4.226,4.058,,,,Valid,Valid,226.6,52.2,589.3,290.6,55.0,590.3,265.7,199.9,259.4,205.5,0.4996,0.6858,0.5057,0.6765,0.4936,0.6951,Screen Recording,Screen Recording Recording16.mp4,1920,1080,0,0,960,540,Fixation,688,407,961,752,0.5005,0.696,,,,,,,,,,,
174581625,1604048763,Eye Tracker,LipReading,08/25/2025,YanTianming,Recording16,05/10/2025,05/10/2025,14:25:35.695,06:25:35.695,387686,Timeline1,Tobii I-VT (Fixation),1.241.54219,1080,1920,10.0,5.1,9.5,10.6,0.53,1.02,1.13,19,35,39,6.6,5.5,2.9,0.7,0.62,0.32,24,20,11,1565157432,,,962,728,976,717,947,739,0.06671,0.23689,-0.96924,-0.05134,0.24171,-0.96899,3.86,4.243,4.058,,,,Valid,Valid,226.6,52.2,589.2,290.5,55.0,590.5,267.2,196.3,259.3,202.3,0.5009,0.6742,0.5085,0.664,0.4934,0.6844,Screen Recording,Screen Recording Recording16.mp4,1920,1080,0,0,960,540,Fixation,688,407,961,752,0.5005,0.696,,,,,,,,,,,
174585625,1604052763,Eye Tracker,LipReading,08/25/2025,YanTianming,Recording16,05/10/2025,05/10/2025,14:25:35.695,06:25:35.695,387686,Timeline1,Tobii I-VT (Fixation),1.241.54219,1080,1920,10.0,5.1,9.5,10.6,0.53,1.02,1.13,19,35,39,6.6,5.5,2.9,0.7,0.62,0.32,24,20,11,1565161432,,,962,737,973,720,952,754,0.06526,0.23802,-0.96907,-0.04923,0.24796,-0.96752,3.866,4.241,4.053,,,,Valid,Valid,226.6,52.3,589.2,290.5,54.9,590.5,266.3,197.0,260.5,206.3,0.5012,0.6822,0.5068,0.6665,0.4957,0.6979,Screen Recording,Screen Recording Recording16.mp4,1920,1080,0,0,960,540,Fixation,688,407,961,752,0.5005,0.696,,,,,,,,,,,
174589627,1604056765,Eye Tracker,LipReading,08/25/2025,YanTianming,Recording16,05/10/2025,05/10/2025,14:25:35.695,06:25:35.695,387686,Timeline1,Tobii I-VT (Fixation),1.241.54219,1080,1920,10.0,5.1,9.5,10.6,0.53,1.02,1.13,19,35,39,6.6,5.5,2.9,0.7,0.62,0.32,24,20,11,1565165434,,,970,738,988,726,951,751,0.072,0.24063,-0.96794,-0.04959,0.24662,-0.96784,3.909,4.254,4.053,,,,Valid,Valid,226.6,52.2,589.2,290.5,54.9,590.6,270.4,198.7,260.3,205.4,0.505,0.6837,0.5146,0.6724,0.4953,0.6949,Screen Recording,Screen Recording Recording16.mp4,1920,1080,0,0,960,540,Fixation,688,407,961,752,0.5005,0.696,,,,,,,,,,,
174593627,1604060765,Eye Tracker,LipReading,08/25/2025,YanTianming,Recording16,05/10/2025,05/10/2025,14:25:35.695,06:25:35.695,387686,Timeline1,Tobii I-VT (Fixation),1.241.54219,1080,1920,10.0,5.1,9.5,10.6,0.53,1.02,1.13,19,35,39,6.6,5.5,2.9,0.7,0.62,0.32,24,20,11,1565169434,,,969,733,983,714,954,751,0.06985,0.23559,-0.96934,-0.0482,0.24696,-0.96783,3.846,4.216,4.053,,,,Valid,Valid,226.6,52.3,589.2,290.5,54.9,590.6,269.0,195.5,261.1,205.6,0.5044,0.6785,0.512,0.6613,0.4969,0.6957,Screen Recording,Screen Recording Recording16.mp4,1920,1080,0,0,960,540,Fixation,688,407,961,752,0.5005,0.696,,,,,,,,,,,
174597627,1604064765,Eye Tracker,LipReading,08/25/2025,YanTianming,Recording16,05/10/2025,05/10/2025,14:25:35.695,06:25:35.695,387686,Timeline1,Tobii I-VT (Fixation),1.241.54219,1080,1920,10.0,5.1,9.5,10.6,0.53,1.02,1.13,19,35,39,6.6,5.5,2.9,0.7,0.62,0.32,24,20,11,1565173434,,,965,744,971,735,958,754,0.06446,0.24433,-0.96755,-0.0463,0.24823,-0.96759,3.897,4.237,4.055,,,,Valid,Valid,226.6,52.2,589.2,290.5,54.9,590.5,265.8,201.0,262.2,206.4,0.5025,0.6893,0.5059,0.6802,0.499,0.6984,Screen Recording,Screen Recording Recording16.mp4,1920,1080,0,0,960,540,Fixation,688,407,961,752,0.5005,0.696,,,,,,,,,,,
174601627,1604068765,Eye Tracker,LipReading,08/25/2025,YanTianming,Recording16,05/10/2025,05/10/2025,14:25:35.695,06:25:35.695,387686,Timeline1,Tobii I-VT (Fixation),1.241.54219,1080,1920,10.0,5.1,9.5,10.6,0.53,1.02,1.13,19,35,39,6.6,5.5,2.9,0.7,0.62,0.32,24,20,11,1565177434,,,965,735,974,722,955,749,0.06578,0.23882,-0.96883,-0.04758,0.24583,-0.96815,3.863,4.25,4.05,,,,Valid,Valid,226.5,52.2,589.2,290.5,55.0,590.4,266.6,197.5,261.4,204.9,0.5024,0.6807,0.5073,0.6682,0.4976,0.6932,Screen Recording,Screen Recording Recording16.mp4,1920,1080,0,0,960,540,Fixation,688,407,961,752,0.5005,0.696,,,,,,,,,,,
174605627,1604072765,Eye Tracker,LipReading,08/25/2025,YanTianming,Recording16,05/10/2025,05/10/2025,14:25:35.695,06:25:35.695,387686,Timeline1,Tobii I-VT (Fixation),1.241.54219,1080,1920,10.0,5.1,9.5,10.6,0.53,1.02,1.13,19,35,39,6.6,5.5,2.9,0.7,0.62,0.32,24,20,11,1565181434,,,960,735,967,722,953,748,0.06274,0.23901,-0.96899,-0.04841,0.24548,-0.96819,3.874,4.235,4.061,,,,Valid,Valid,226.5,52.2,589.2,290.5,55.0,590.4,264.7,197.6,260.9,204.7,0.5002,0.6804,0.5037,0.6684,0.4966,0.6925,Screen Recording,Screen Recording Recording16.mp4,1920,1080,0,0,960,540,Fixation,688,407,961,752,0.5005,0.696,,,,,,,,,,,
174609627,1604076765,Eye Tracker,LipReading,08/25/2025,YanTianming,Recording16,05/10/2025,05/10/2025,14:25:35.695,06:25:35.695,387686,Timeline1,Tobii I-VT (Fixation),1.241.54219,1080,1920,10.0,5.1,9.5,10.6,0.53,1.02,1.13,19,35,39,6.6,5.5,2.9,0.7,0.62,0.32,24,20,11,1565185434,,,965,733,978,719,952,746,0.06775,0.23764,-0.96899,-0.04901,0.24479,-0.96834,3.859,4.249,4.062,,,,Valid,Valid,226.5,52.2,589.2,290.4,55.0,590.3,267.7,196.7,260.6,204.2,0.5027,0.6783,0.5095,0.6656,0.4959,0.691,Screen Recording,Screen Recording Recording16.mp4,1920,1080,0,0,960,540,Fixation,688,407,961,752,0.5005,0.696,,,,,,,,,,,
174613627,1604080765,Eye Tracker,LipReading,08/25/2025,YanTianming,Recording16,05/10/2025,05/10/2025,14:25:35.695,06:25:35.695,387686,Timeline1,Tobii I-VT (Fixation),1.241.54219,1080,1920,10.0,5.1,9.5,10.6,0.53,1.02,1.13,19,35,39,6.6,5.5,2.9,0.7,0.62,0.32,24,20,11,1565189434,,,965,740,979,723,950,757,0.06825,0.23951,-0.96849,-0.05001,0.24926,-0.96714,3.874,4.261,4.061,,,,Valid,Valid,226.5,52.2,589.3,290.4,55.0,590.3,268.1,197.9,259.9,207.1,0.5024,0.6852,0.5101,0.6697,0.4947,0.7008,Screen Recording,Screen Recording Recording16.mp4,1920,1080,0,0,960,540,Fixation,688,407,961,752,0.5005,0.696,,,,,,,,,,,
174617627,1604084765,Eye Tracker,LipReading,08/25/2025,YanTianming,Recording16,05/10/2025,05/10/2025,14:25:35.695,06:25:35.695,387686,Timeline1,Tobii I-VT (Fixation),1.241.54219,1080,1920,10.0,5.1,9.5,10.6,0.53,1.02,1.13,19,35,39,6.6,5.5,2.9,0.7,0.62,0.32,24,20,11,1565193434,,,964,744,972,734,957,755,0.06494,0.2441,-0.96757,-0.04697,0.24843,-0.96751,3.902,4.267,4.082,,,,Valid,Valid,226.5,52.2,589.2,290.4,55.0,590.3,266.1,200.9,261.8,206.6,0.5023,0.6892,0.5064,0.6796,0.4982,0.6989,Screen Recording,Screen Recording Recording16.mp4,1920,1080,0,0,960,540,Fixation,688,407,961,752,0.5005,0.696,,,,,,,,,,,
174621626,1604088764,Eye Tracker,LipReading,08/25/2025,YanTianming,Recording16,05/10/2025,05/10/2025,14:25:35.695,06:25:35.695,387686,Timeline1,Tobii I-VT (Fixation),1.241.54219,1080,1920,10.0,5.1,9.5,10.6,0.53,1.02,1.13,19,35,39,6.6,5.5,2.9,0.7,0.62,0.32,24,20,11,1565197434,,,964,746,979,736,949,755,0.06776,0.24509,-0.96713,-0.05047,0.24869,-0.96727,3.906,4.244,4.084,,,,Valid,Valid,226.5,52.2,589.2,290.5,55.0,590.3,267.8,201.5,259.7,206.7,0.5019,0.6907,0.5097,0.6819,0.4942,0.6995,Screen Recording,Screen Recording Recording16.mp4,1920,1080,0,0,960,540,Fixation,688,407,961,752,0.5005,0.696,,,,,,,,,,,
174625626,1604092764,Eye Tracker,LipReading,08/25/2025,YanTianming,Recording16,05/10/2025,05/10/2025,14:25:35.695,06:25:35.695,387686,Timeline1,Tobii I-VT (Fixation),1.241.54219,1080,1920,10.0,5.1,9.5,10.6,0.53,1.02,1.13,19,35,39,6.6,5.5,2.9,0.7,0.62,0.32,24,20,11,1565201434,,,963,744,976,736,951,752,0.06666,0.24486,-0.96726,-0.0497,0.24742,-0.96763,3.905,4.271,4.084,,,,Valid,Valid,226.5,52.2,589.2,290.5,55.0,590.3,267.1,201.4,260.1,205.9,0.5017,0.689,0.5084,0.6813,0.4951,0.6967,Screen Recording,Screen Recording Recording16.mp4,1920,1080,0,0,960,540,Fixation,688,407,961,752,0.5005,0.696,,,,,,,,,,,
174629626,1604096764,Eye Tracker,LipReading,08/25/2025,YanTianming,Recording16,05/10/2025,05/10/2025,14:25:35.695,06:25:35.695,387686,Timeline1,Tobii I-VT (Fixation),1.241.54219,1080,1920,10.0,5.1,9.5,10.6,0.53,1.02,1.13,19,35,39,6.6,5.5,2.9,0.7,0.62,0.32,24,20,11,1565205434,,,962,746,977,731,947,761,0.06721,0.24297,-0.9677,-0.05115,0.25112,-0.9666,3.897,4.271,4.075,,,,Valid,Valid,226.5,52.2,589.2,290.5,54.9,590.4,267.5,200.2,259.2,208.3,0.5012,0.691,0.509,0.6772,0.4933,0.7048,Screen Recording,Screen Recording Recording16.mp4,1920,1080,0,0,960,540,Fixation,688,407,961,752,0.5005,0.696,,,,,,,,,,,
174633626,1604100764,Eye Tracker,LipReading,08/25/2025,YanTianming,Recording16,05/10/2025,05/10/2025,14:25:35.695,06:25:35.695,387686,Timeline1,Tobii I-VT (Fixation),1.241.54219,1080,1920,10.0,5.1,9.5,10.6,0.53,1.02,1.13,19,35,39,6.6,5.5,2.9,0.7,0.62,0.32,24,20,11,1565209434,,,961,742,977,728,946,756,0.06686,0.2416,-0.96807,-0.05157,0.24907,-0.96711,3.884,4.238,4.077,,,,Valid,Valid,226.5,52.2,589.2,290.5,54.9,590.5,267.2,199.3,259.0,207.0,0.5008,0.6872,0.5086,0.6742,0.4929,0.7003,Screen Recording,Screen Recording Recording16.mp4,1920,1080,0,0,960,540,Fixation,688,407,961,752,0.5005,0.696,,,,,,,,,,,
174637626,1604104764,Eye Tracker,LipReading,08/25/2025,YanTianming,Recording16,05/10/2025,05/10/2025,14:25:35.695,06:25:35.695,387686,Timeline1,Tobii I-VT (Fixation),1.241.54219,1080,1920,10.0,5.1,9.5,10.6,0.53,1.02,1.13,19,35,39,6.6,5.5,2.9,0.7,0.62,0.32,24,20,11,1565213434,,,962,742,971,721,952,764,0.06443,0.23861,-0.96898,-0.04888,0.25223,-0.96643,3.874,4.253,4.077,,,,Valid,Valid,226.6,52.2,589.2,290.5,54.9,590.5,265.7,197.3,260.6,209.0,0.5009,0.6873,0.5057,0.6675,0.496,0.7071,Screen Recording,Screen Recording Recording16.mp4,1920,1080,0,0,960,540,Fixation,688,407,961,752,0.5005,0.696,,,,,,,,,,,
174641626,1604108764,Eye Tracker,LipReading,08/25/2025,YanTianming,Recording16,05/10/2025,05/10/2025,14:25:35.695,06:25:35.695,387686,Timeline1,Tobii I-VT (Fixation),1.241.54219,1080,1920,10.0,5.1,9.5,10.6,0.53,1.02,1.13,19,35,39,6.6,5.5,2.9,0.7,0.62,0.32,24,20,11,1565217434,,,960,752,975,742,944,761,0.06603,0.24765,-0.9666,-0.0526,0.25123,-0.9665,3.907,4.256,4.07,,,,Valid,Valid,226.6,52.2,589.3,290.5,54.9,590.5,266.8,203.2,258.4,208.4,0.4997,0.6962,0.5078,0.6874,0.4917,0.705,Screen Recording,Screen Recording Recording16.mp4,1920,1080,0,0,960,540,Fixation,688,407,961,752,0.5005,0.696,,,,,,,,,,,
174645626,1604112764,Eye Tracker,LipReading,08/25/2025,YanTianming,Recording16,05/10/2025,05/10/2025,14:25:35.695,06:25:35.695,387686,Timeline1,Tobii I-VT (Fixation),1.241.54219,1080,1920,10.0,5.1,9.5,10.6,0.53,1.02,1.13,19,35,39,6.6,5.5,2.9,0.7,0.62,0.32,24,20,11,1565221434,,,963,754,979,741,947,768,0.06792,0.24712,-0.9666,-0.05144,0.25389,-0.96586,3.913,4.266,4.071,,,,Valid,Valid,226.6,52.2,589.3,290.5,54.8,590.6,268.0,202.8,259.1,210.1,0.5015,0.6985,0.51,0.6863,0.493,0.7108,Screen Recording,Screen Recording Recording16.mp4,1920,1080,0,0,960,540,Fixation,688,407,961,752,0.5005,0.696,,,,,,,,,,,
174649626,1604116764,Eye Tracker,LipReading,08/25/2025,YanTianming,Recording16,05/10/2025,05/10/2025,14:25:35.695,06:25:35.695,387686,Timeline1,Tobii I-VT (Fixation),1.241.54219,1080,1920,10.0,5.1,9.5,10.6,0.53,1.02,1.13,19,35,39,6.6,5.5,2.9,0.7,0.62,0.32,24,20,11,1565225434,,,959,743,977,722,942,764,0.06695,0.23893,-0.96873,-0.05343,0.25251,-0.96612,3.877,4.276,4.087,,,,Valid,Valid,226.6,52.1,589.4,290.5,54.8,590.6,267.3,197.5,257.9,209.2,0.4997,0.688,0.5087,0.6683,0.4907,0.7078,Screen Recording,Screen Recording Recording16.mp4,1920,1080,0,0,960,540,Fixation,688,407,961,752,0.5005,0.696,,,,,,,,,,,
174653626,1604120764,Eye Tracker,LipReading,08/25/2025,YanTianming,Recording16,05/10/2025,05/10/2025,14:25:35.695,06:25:35.695,387686,Timeline1,Tobii I-VT (Fixation),1.241.54219,1080,1920,10.0,5.1,9.5,10.6,0.53,1.02,1.13,19,35,39,6.6,5.5,2.9,0.7,0.62,0.32,24,20,11,1565229434,,,963,748,982,730,944,765,0.06905,0.24252,-0.96769,-0.05282,0.25271,-0.9661,3.866,4.278,4.086,,,,Valid,Valid,226.6,52.1,589.4,290.5,54.8,590.6,268.6,199.9,258.2,209.3,0.5014,0.6922,0.5113,0.6762,0.4915,0.7082,Screen Recording,Screen Recording Recording16.mp4,1920,1080,0,0,960,540,Fixation,688,407,961,752,0.5005,0.696,,,,,,,,,,,
174657626,1604124764,Eye Tracker,LipReading,08/25/2025,YanTianming,Recording16,05/10/2025,05/10/2025,14:25:35.695,06:25:35.695,387686,Timeline1,Tobii I-VT (Fixation),1.241.54219,1080,1920,10.0,5.1,9.5,10.6,0.53,1.02,1.13,19,35,39,6.6,5.5,2.9,0.7,0.62,0.32,24,20,11,1565233434,,,964,757,982,739,946,774,0.069,0.24632,-0.96673,-0.05179,0.25671,-0.9651,3.911,4.268,4.081,,,,Valid,Valid,226.6,52.1,589.4,290.5,54.8,590.6,268.7,202.3,258.8,211.9,0.502,0.7008,0.5113,0.6845,0.4926,0.717,Screen Recording,Screen Recording Recording16.mp4,1920,1080,0,0,960,540,Fixation,688,407,961,752,0.5005,0.696,,,,,,,,,,,
174661626,1604128764,Eye Tracker,LipReading,08/25/2025,YanTianming,Recording16,05/10/2025,05/10/2025,14:25:35.695,06:25:35.695,387686,Timeline1,Tobii I-VT (Fixation),1.241.54219,1080,1920,10.0,5.1,9.5,10.6,0.53,1.02,1.13,19,35,39,6.6,5.5,2.9,0.7,0.62,0.32,24,20,11,1565237434,,,963,751,978,740,948,762,0.06718,0.24676,-0.96674,-0.05106,0.25164,-0.96647,3.904,4.252,4.084,,,,Valid,Valid,226.6,52.1,589.4,290.5,54.8,590.5,267.6,202.6,259.4,208.6,0.5014,0.6956,0.5092,0.6854,0.4936,0.7058,Screen Recording,Screen Recording Recording16.mp4,1920,1080,0,0,960,540,Fixation,688,407,961,752,0.5005,0.696,,,,,,,,,,,
174665626,1604132764,Eye Tracker,LipReading,08/25/2025,YanTianming,Recording16,05/10/2025,05/10/2025,14:25:35.695,06:25:35.695,387686,Timeline1,Tobii I-VT (Fixation),1.241.54219,1080,1920,10.0,5.1,9.5,10.6,0.53,1.02,1.13,19,35,39,6.6,5.5,2.9,0.7,0.62,0.32,24,20,11,1565241434,,,957,756,968,739,945,773,0.063,0.24641,-0.96712,-0.05229,0.25607,-0.96524,3.895,4.263,4.084,,,,Valid,Valid,226.6,52.1,589.4,290.6,54.9,590.5,265.0,202.3,258.6,211.5,0.4982,0.7001,0.5044,0.6845,0.4921,0.7157,Screen Recording,Screen Recording Recording16.mp4,1920,1080,0,0,960,540,Fixation,688,407,961,752,0.5005,0.696,,,,,,,,,,,
174669626,1604136764,Eye Tracker,LipReading,08/25/2025,YanTianming,Recording16,05/10/2025,05/10/2025,14:25:35.695,06:25:35.695,387686,Timeline1,Tobii I-VT (Fixation),1.241.54219,1080,1920,10.0,5.1,9.5,10.6,0.53,1.02,1.13,19,35,39,6.6,5.5,2.9,0.7,0.62,0.32,24,20,11,1565245434,,,959,753,975,742,944,763,0.06567,0.24754,-0.96665,-0.05294,0.25209,-0.96625,3.914,4.261,4.08,,,,Valid,Valid,226.6,52.1,589.5,290.6,54.9,590.4,266.7,203.1,258.2,208.9,0.4995,0.697,0.5076,0.687,0.4914,0.7069,Screen Recording,Screen Recording Recording16.mp4,1920,1080,0,0,960,540,Fixation,688,407,961,752,0.5005,0.696,,,,,,,,,,,
174673626,1604140764,Eye Tracker,LipReading,08/25/2025,YanTianming,Recording16,05/10/2025,05/10/2025,14:25:35.695,06:25:35.695,387686,Timeline1,Tobii I-VT (Fixation),1.241.54219,1080,1920,10.0,5.1,9.5,10.6,0.53,1.02,1.13,19,35,39,6.6,5.5,2.9,0.7,0.62,0.32,24,20,11,1565249434,,,959,750,971,734,947,766,0.06424,0.24435,-0.96756,-0.0516,0.25319,-0.96604,3.898,4.269,4.083,,,,Valid,Valid,226.7,52.1,589.4,290.6,54.9,590.4,265.8,201.0,259.0,209.6,0.4994,0.6946,0.5058,0.6799,0.493,0.7093,Screen Recording,Screen Recording Recording16.mp4,1920,1080,0,0,960,540,Fixation,688,407,961,752,0.5005,0.696,,,,,,,,,,,
174677626,1604144764,Eye Tracker,LipReading,08/25/2025,YanTianming,Recording16,05/10/2025,05/10/2025,14:25:35.695,06:25:35.695,387686,Timeline1,Tobii I-VT (Fixation),1.241.54219,1080,1920,10.0,5.1,9.5,10.6,0.53,1.02,1.13,19,35,39,6.6,5.5,2.9,0.7,0.62,0.32,24,20,11,1565253434,,,959,749,975,731,944,767,0.066,0.24295,-0.96779,-0.05293,0.25342,-0.96591,3.893,4.268,4.084,,,,Valid,Valid,226.7,52.1,589.5,290.6,54.9,590.4,266.9,200.1,258.2,209.8,0.4997,0.6934,0.5079,0.6769,0.4915,0.7098,Screen Recording,Screen Recording Recording16.mp4,1920,1080,0,0,960,540,Fixation,688,407,961,752,0.5005,0.696,,,,,,,,,,,
174681626,1604148764,Eye Tracker,LipReading,08/25/2025,YanTianming,Recording16,05/10/2025,05/10/2025,14:25:35.695,06:25:35.695,387686,Timeline1,Tobii I-VT (Fixation),1.241.54219,1080,1920,10.0,5.1,9.5,10.6,0.53,1.02,1.13,19,35,39,6.6,5.5,2.9,0.7,0.62,0.32,24,20,11,1565257434,,,956,752,966,738,947,766,0.06185,0.24605,-0.96728,-0.05154,0.25333,-0.96601,3.902,4.271,4.081,,,,Valid,Valid,226.7,52.1,589.4,290.6,54.9,590.4,264.4,202.0,259.1,209.7,0.4981,0.6966,0.5032,0.6836,0.4931,0.7096,Screen Recording,Screen Recording Recording16.mp4,1920,1080,0,0,960,540,Fixation,688,407,961,752,0.5005,0.696,,,,,,,,,,,
174685626,1604152764,Eye Tracker,LipReading,08/25/2025,YanTianming,Recording16,05/10/2025,05/10/2025,14:25:35.695,06:25:35.695,387686,Timeline1,Tobii I-VT (Fixation),1.241.54219,1080,1920,10.0,5.1,9.5,10.6,0.53,1.02,1.13,19,35,39,6.6,5.5,2.9,0.7,0.62,0.32,24,20,11,1565261434,,,957,747,969,725,944,770,0.06337,0.2404,-0.9686,-0.05266,0.25487,-0.96554,3.861,4.27,4.075,,,,Valid,Valid,226.7,52.1,589.5,290.6,54.9,590.4,265.3,198.4,258.4,210.7,0.4983,0.6921,0.5048,0.6712,0.4918,0.713,Screen Recording,Screen Recording Recording16.mp4,1920,1080,0,0,960,540,Fixation,688,407,961,752,0.5005,0.696,,,,,,,,,,,
174689626,1604156764,Eye Tracker,LipReading,08/25/2025,YanTianming,Recording16,05/10/2025,05/10/2025,14:25:35.695,06:25:35.695,387686,Timeline1,Tobii I-VT (Fixation),1.241.54219,1080,1920,10.0,5.1,9.5,10.6,0.53,1.02,1.13,19,35,39,6.6,5.5,2.9,0.7,0.62,0.32,24,20,11,1565265434,,,957,751,967,730,948,772,0.06226,0.24252,-0.96815,-0.05104,0.25583,-0.96537,3.879,4.271,4.075,,,,Valid,Valid,226.7,52.1,589.4,290.6,54.9,590.3,264.6,199.7,259.4,211.4,0.4986,0.6955,0.5036,0.6758,0.4937,0.7151,Screen Recording,Screen Recording Recording16.mp4,1920,1080,0,0,960,540,Fixation,688,407,961,752,0.5005,0.696,,,,,,,,,,,
174693626,1604160764,Eye Tracker,LipReading,08/25/2025,YanTianming,Recording16,05/10/2025,05/10/2025,14:25:35.695,06:25:35.695,387686,Timeline1,Tobii I-VT (Fixation),1.241.54219,1080,1920,10.0,5.1,9.5,10.6,0.53,1.02,1.13,19,35,39,6.6,5.5,2.9,0.7,0.62,0.32,24,20,11,1565269434,,,961,754,975,732,948,775,0.06579,0.24333,-0.96771,-0.05087,0.25707,-0.96505,3.88,4.283,4.075,,,,Valid,Valid,226.7,52.1,589.4,290.6,54.9,590.3,266.8,200.3,259.5,212.2,0.5008,0.6978,0.5077,0.6777,0.4938,0.7178,Screen Recording,Screen Recording Recording16.mp4,1920,1080,0,0,960,540,Fixation,688,407,961,752,0.5005,0.696,,,,,,,,,,,
174697626,1604164764,Eye Tracker,LipReading,08/25/2025,YanTianming,Recording16,05/10/2025,05/10/2025,14:25:35.695,06:25:35.695,387686,Timeline1,Tobii I-VT (Fixation),1.241.54219,1080,1920,10.0,5.1,9.5,10.6,0.53,1.02,1.13,19,35,39,6.6,5.5,2.9,0.7,0.62,0.32,24,20,11,1565273434,,,960,753,973,739,947,767,0.06493,0.2464,-0.96699,-0.05151,0.25373,-0.9659,3.902,4.265,4.073,,,,Valid,Valid,226.7,52.1,589.4,290.6,54.9,590.3,266.3,202.3,259.1,210.0,0.5,0.6974,0.5068,0.6844,0.4932,0.7105,Screen Recording,Screen Recording Recording16.mp4,1920,1080,0,0,960,540,Fixation,688,407,961,752,0.5005,0.696,,,,,,,,,,,
174701626,1604168764,Eye Tracker,LipReading,08/25/2025,YanTianming,Recording16,05/10/2025,05/10/2025,14:25:35.695,06:25:35.695,387686,Timeline1,Tobii I-VT (Fixation),1.241.54219,1080,1920,10.0,5.1,9.5,10.6,0.53,1.02,1.13,19,35,39,6.6,5.5,2.9,0.7,0.62,0.32,24,20,11,1565277434,,,961,749,973,731,950,766,0.06512,0.24302,-0.96783,-0.05026,0.25329,-0.96608,3.882,4.265,4.074,,,,Valid,Valid,226.7,52.1,589.5,290.6,54.9,590.3,266.4,200.1,259.9,209.7,0.5008,0.6932,0.5069,0.677,0.4946,0.7094,Screen Recording,Screen Recording Recording16.mp4,1920,1080,0,0,960,540,Fixation,688,407,961,752,0.5005,0.696,,,,,,,,,,,
174705626,1604172764,Eye Tracker,LipReading,08/25/2025,YanTianming,Recording16,05/10/2025,05/10/2025,14:25:35.695,06:25:35.695,387686,Timeline1,Tobii I-VT (Fixation),1.241.54219,1080,1920,10.0,5.1,9.5,10.6,0.53,1.02,1.13,19,35,39,6.6,5.5,2.9,0.7,0.62,0.32,24,20,11,1565281434,,,963,745,974,728,951,762,0.06562,0.24154,-0.96817,-0.04981,0.25145,-0.96659,3.882,4.265,4.074,,,,Valid,Valid,226.7,52.1,589.5,290.6,54.9,590.3,266.7,199.1,260.2,208.5,0.5013,0.6896,0.5075,0.6738,0.4952,0.7054,Screen Recording,Screen Recording Recording16.mp4,1920,1080,0,0,960,540,Fixation,688,407,961,752,0.5005,0.696,,,,,,,,,,,
174709626,1604176764,Eye Tracker,LipReading,08/25/2025,YanTianming,Recording16,05/10/2025,05/10/2025,14:25:35.695,06:25:35.695,387686,Timeline1,Tobii I-VT (Fixation),1.241.54219,1080,1920,10.0,5.1,9.5,10.6,0.53,1.02,1.13,19,35,39,6.6,5.5,2.9,0.7,0.62,0.32,24,20,11,1565285434,,,966,752,977,735,955,769,0.06689,0.24441,-0.96736,-0.0479,0.25442,-0.96591,3.905,4.267,4.074,,,,Valid,Valid,226.7,52.1,589.5,290.6,54.9,590.3,267.5,201.0,261.3,210.4,0.5032,0.696,0.509,0.6801,0.4974,0.7119,Screen Recording,Screen Recording Recording16.mp4,1920,1080,0,0,960,540,Fixation,688,407,961,752,0.5005,0.696,,,,,,,,,,,
174713625,1604180763,Eye Tracker,LipReading,08/25/2025,YanTianming,Recording16,05/10/2025,05/10/2025,14:25:35.695,06:25:35.695,387686,Timeline1,Tobii I-VT (Fixation),1.241.54219,1080,1920,10.0,5.1,9.5,10.6,0.53,1.02,1.13,19,35,39,6.6,5.5,2.9,0.7,0.62,0.32,24,20,11,1565289434,,,957,750,966,729,947,771,0.0619,0.24225,-0.96824,-0.05148,0.25523,-0.96551,3.881,4.275,4.076,,,,Valid,Valid,226.7,52.1,589.4,290.6,54.9,590.3,264.4,199.6,259.1,211.0,0.4982,0.6945,0.5032,0.6752,0.4932,0.7138,Screen Recording,Screen Recording Recording16.mp4,1920,1080,0,0,960,540,Fixation,688,407,961,752,0.5005,0.696,,,,,,,,,,,
174717621,1604184759,Eye Tracker,LipReading,08/25/2025,YanTianming,Recording16,05/10/2025,05/10/2025,14:25:35.695,06:25:35.695,387686,Timeline1,Tobii I-VT (Fixation),1.241.54219,1080,1920,10.0,5.1,9.5,10.6,0.53,1.02,1.13,19,35,39,6.6,5.5,2.9,0.7,0.62,0.32,24,20,11,1565293430,,,960,750,974,737,945,763,0.06551,0.24559,-0.96716,-0.05227,0.25177,-0.96637,3.902,4.27,4.078,,,,Valid,Valid,226.7,52.1,589.4,290.6,54.9,590.3,266.6,201.8,258.7,208.7,0.4999,0.6944,0.5075,0.6827,0.4923,0.7062,Screen Recording,Screen Recording Recording16.mp4,1920,1080,0,0,960,540,Fixation,688,407,961,752,0.5005,0.696,,,,,,,,,,,
174721621,1604188759,Eye Tracker,LipReading,08/25/2025,YanTianming,Recording16,05/10/2025,05/10/2025,14:25:35.695,06:25:35.695,387686,Timeline1,Tobii I-VT (Fixation),1.241.54219,1080,1920,10.0,5.1,9.5,10.6,0.53,1.02,1.13,19,35,39,6.6,5.5,2.9,0.7,0.62,0.32,24,20,11,1565297430,,,964,745,976,728,951,762,0.06632,0.24152,-0.96813,-0.0495,0.25136,-0.96663,3.881,4.283,4.081,,,,Valid,Valid,226.7,52.1,589.5,290.6,54.9,590.3,267.1,199.1,260.4,208.4,0.5019,0.6895,0.5083,0.6738,0.4955,0.7052,Screen Recording,Screen Recording Recording16.mp4,1920,1080,0,0,960,540,Fixation,688,407,961,752,0.5005,0.696,,,,,,,,,,,
174725621,1604192759,Eye Tracker,LipReading,08/25/2025,YanTianming,Recording16,05/10/2025,05/10/2025,14:25:35.695,06:25:35.695,387686,Timeline1,Tobii I-VT (Fixation),1.241.54219,1080,1920,10.0,5.1,9.5,10.6,0.53,1.02,1.13,19,35,39,6.6,5.5,2.9,0.7,0.62,0.32,24,20,11,1565301430,,,959,747,973,734,945,761,0.06478,0.2443,-0.96753,-0.05236,0.25087,-0.9666,3.887,4.265,4.083,,,,Valid,Valid,226.7,52.1,589.4,290.6,54.9,590.3,266.2,200.9,258.6,208.2,0.4994,0.692,0.5066,0.6798,0.4922,0.7043,Screen Recording,Screen Recording Recording16.mp4,1920,1080,0,0,960,540,Fixation,688,407,961,752,0.5005,0.696,,,,,,,,,,,
174729621,1604196759,Eye Tracker,LipReading,08/25/2025,YanTianming,Recording16,05/10/2025,05/10/2025,14:25:35.695,06:25:35.695,387686,Timeline1,Tobii I-VT (Fixation),1.241.54219,1080,1920,10.0,5.1,9.5,10.6,0.53,1.02,1.13,19,35,39,6.6,5.5,2.9,0.7,0.62,0.32,24,20,11,1565305430,,,959,751,972,741,946,761,0.06436,0.24729,-0.9668,-0.05201,0.25096,-0.9666,3.899,4.278,4.085,,,,Valid,Valid,226.7,52.1,589.5,290.6,54.9,590.4,265.9,202.9,258.8,208.2,0.4994,0.6954,0.5061,0.6864,0.4926,0.7045,Screen Recording,Screen Recording Recording16.mp4,1920,1080,0,0,960,540,Fixation,688,407,961,752,0.5005,0.696,,,,,,,,,,,
174733621,1604200759,Eye Tracker,LipReading,08/25/2025,YanTianming,Recording16,05/10/2025,05/10/2025,14:25:35.695,06:25:35.695,387686,Timeline1,Tobii I-VT (Fixation),1.241.54219,1080,1920,10.0,5.1,9.5,10.6,0.53,1.02,1.13,19,35,39,6.6,5.5,2.9,0.7,0.62,0.32,24,20,11,1565309430,,,960,749,974,742,945,757,0.0655,0.24751,-0.96667,-0.05238,0.24937,-0.96699,3.896,4.258,4.085,,,,Valid,Valid,226.7,52.1,589.5,290.6,54.9,590.4,266.6,203.0,258.6,207.2,0.4998,0.694,0.5075,0.6869,0.4922,0.701,Screen Recording,Screen Recording Recording16.mp4,1920,1080,0,0,960,540,Fixation,688,407,961,752,0.5005,0.696,,,,,,,,,,,
174737621,1604204759,Eye Tracker,LipReading,08/25/2025,YanTianming,Recording16,05/10/2025,05/10/2025,14:25:35.695,06:25:35.695,387686,Timeline1,Tobii I-VT (Fixation),1.241.54219,1080,1920,10.0,5.1,9.5,10.6,0.53,1.02,1.13,19,35,39,6.6,5.5,2.9,0.7,0.62,0.32,24,20,11,1565313430,,,960,751,979,745,942,757,0.06742,0.24887,-0.96619,-0.05367,0.24929,-0.96694,3.908,4.273,4.085,,,,Valid,Valid,226.7,52.1,589.5,290.6,54.9,590.4,267.8,203.9,257.8,207.2,0.5002,0.6954,0.5097,0.69,0.4907,0.7009,Screen Recording,Screen Recording Recording16.mp4,1920,1080,0,0,960,540,Fixation,688,407,961,752,0.5005,0.696,,,,,,,,,,,
174741621,1604208759,Eye Tracker,LipReading,08/25/2025,YanTianming,Recording16,05/10/2025,05/10/2025,14:25:35.695,06:25:35.695,387686,Timeline1,Tobii I-VT (Fixation),1.241.54219,1080,1920,10.0,5.1,9.5,10.6,0.53,1.02,1.13,19,35,39,6.6,5.5,2.9,0.7,0.62,0.32,24,20,11,1565317430,,,955,753,970,747,941,759,0.06335,0.24962,-0.96627,-0.05433,0.24992,-0.96674,3.899,4.271,4.085,,,,Valid,Valid,226.7,52.1,589.5,290.6,55.0,590.4,265.3,204.4,257.4,207.6,0.4975,0.6969,0.505,0.6915,0.4899,0.7023,Screen Recording,Screen Recording Recording16.mp4,1920,1080,0,0,960,540,Fixation,688,407,961,752,0.5005,0.696,,,,,,,,,,,
174745621,1604212759,Eye Tracker,LipReading,08/25/2025,YanTianming,Recording16,05/10/2025,05/10/2025,14:25:35.695,06:25:35.695,387686,Timeline1,Tobii I-VT (Fixation),1.241.54219,1080,1920,10.0,5.1,9.5,10.6,0.53,1.02,1.13,19,35,39,6.6,5.5,2.9,0.7,0.62,0.32,24,20,11,1565321430,,,953,752,970,747,936,757,0.06358,0.24979,-0.96621,-0.05637,0.24908,-0.96684,3.904,4.266,4.086,,,,Valid,Valid,226.7,52.1,589.5,290.6,55.0,590.4,265.5,204.5,256.2,207.1,0.4964,0.6962,0.5053,0.6919,0.4875,0.7006,Screen Recording,Screen Recording Recording16.mp4,1920,1080,0,0,960,540,Fixation,688,407,961,752,0.5005,0.696,,,,,,,,,,,
174749621,1604216759,Eye Tracker,LipReading,08/25/2025,YanTianming,Recording16,05/10/2025,05/10/2025,14:25:35.695,06:25:35.695,387686,Timeline1,Tobii I-VT (Fixation),1.241.54219,1080,1920,10.0,5.1,9.5,10.6,0.53,1.02,1.13,19,35,39,6.6,5.5,2.9,0.7,0.62,0.32,24,20,11,1565325430,,,957,749,973,743,942,756,0.06473,0.24791,-0.96662,-0.05389,0.24873,-0.96707,3.876,4.273,4.085,,,,Valid,Valid,226.7,52.1,589.5,290.6,55.0,590.4,266.2,203.3,257.7,206.8,0.4985,0.6938,0.5066,0.6878,0.4904,0.6997,Screen Recording,Screen Recording Recording16.mp4,1920,1080,0,0,960,540,Fixation,688,407,961,752,0.5005,0.696,,,,,,,,,,,
174753621,1604220759,Eye Tracker,LipReading,08/25/2025,YanTianming,Recording16,05/10/2025,05/10/2025,14:25:35.695,06:25:35.695,387686,Timeline1,Tobii I-VT (Fixation),1.241.54219,1080,1920,10.0,5.1,9.5,10.6,0.53,1.02,1.13,19,35,39,6.6,5.5,2.9,0.7,0.62,0.32,24,20,11,1565329430,,,957,753,972,745,942,760,0.06425,0.2488,-0.96642,-0.05361,0.25073,-0.96657,3.891,4.292,4.082,,,,Valid,Valid,226.7,52.1,589.6,290.6,54.9,590.5,265.9,203.9,257.8,208.1,0.4984,0.6969,0.506,0.6897,0.4907,0.7041,Screen Recording,Screen Recording Recording16.mp4,1920,1080,0,0,960,540,Fixation,688,407,961,752,0.5005,0.696,,,,,,,,,,,
174757620,1604224758,Eye Tracker,LipReading,08/25/2025,YanTianming,Recording16,05/10/2025,05/10/2025,14:25:35.695,06:25:35.695,387686,Timeline1,Tobii I-VT (Fixation),1.241.54219,1080,1920,10.0,5.1,9.5,10.6,0.53,1.02,1.13,19,35,39,6.6,5.5,2.9,0.7,0.62,0.32,24,20,11,1565333430,,,960,754,977,748,944,761,0.0667,0.25011,-0.96592,-0.05297,0.2509,-0.96656,3.923,4.26,4.082,,,,Valid,Valid,226.7,52.1,589.6,290.6,54.9,590.5,267.4,204.7,258.2,208.2,0.5002,0.6986,0.5089,0.6927,0.4914,0.7045,Screen Recording,Screen Recording Recording16.mp4,1920,1080,0,0,960,540,Fixation,688,407,961,752,0.5005,0.696,,,,,,,,,,,
174761620,1604228758,Eye Tracker,LipReading,08/25/2025,YanTianming,Recording16,05/10/2025,05/10/2025,14:25:35.695,06:25:35.695,387686,Timeline1,Tobii I-VT (Fixation),1.241.54219,1080,1920,10.0,5.1,9.5,10.6,0.53,1.02,1.13,19,35,39,6.6,5.5,2.9,0.7,0.62,0.32,24,20,11,1565337430,,,963,755,980,755,946,755,0.06782,0.25304,-0.96507,-0.05193,0.24837,-0.96727,3.898,4.261,4.089,,,,Valid,Valid,226.7,52.1,589.6,290.6,54.9,590.5,268.1,206.7,258.9,206.6,0.5015,0.699,0.5103,0.6992,0.4927,0.6989,Screen Recording,Screen Recording Recording16.mp4,1920,1080,0,0,960,540,Fixation,688,407,961,752,0.5005,0.696,,,,,,,,,,,
174765620,1604232758,Eye Tracker,LipReading,08/25/2025,YanTianming,Recording16,05/10/2025,05/10/2025,14:25:35.695,06:25:35.695,387686,Timeline1,Tobii I-VT (Fixation),1.241.54219,1080,1920,10.0,5.1,9.5,10.6,0.53,1.02,1.13,19,35,39,6.6,5.5,2.9,0.7,0.62,0.32,24,20,11,1565341430,,,957,756,973,752,942,760,0.06498,0.25158,-0.96565,-0.05381,0.25068,-0.96657,3.889,4.28,4.09,,,,Valid,Valid,226.7,52.1,589.6,290.6,54.9,590.6,266.3,205.7,257.7,208.1,0.4987,0.6999,0.5069,0.6958,0.4904,0.704,Screen Recording,Screen Recording Recording16.mp4,1920,1080,0,0,960,540,Fixation,688,407,961,752,0.5005,0.696,,,,,,,,,,,
174769620,1604236758,Eye Tracker,LipReading,08/25/2025,YanTianming,Recording16,05/10/2025,05/10/2025,14:25:35.695,06:25:35.695,387686,Timeline1,Tobii I-VT (Fixation),1.241.54219,1080,1920,10.0,5.1,9.5,10.6,0.53,1.02,1.13,19,35,39,6.6,5.5,2.9,0.7,0.62,0.32,24,20,11,1565345430,,,956,751,969,746,943,757,0.0632,0.24917,-0.9664,-0.05339,0.24935,-0.96694,3.903,4.28,4.088,,,,Valid,Valid,226.7,52.1,589.6,290.6,54.9,590.6,265.2,204.1,258.0,207.2,0.4979,0.6957,0.5048,0.6904,0.491,0.701,Screen Recording,Screen Recording Recording16.mp4,1920,1080,0,0,960,540,Fixation,688,407,961,752,0.5005,0.696,,,,,,,,,,,
174773620,1604240758,Eye Tracker,LipReading,08/25/2025,YanTianming,Recording16,05/10/2025,05/10/2025,14:25:35.695,06:25:35.695,387686,Timeline1,Tobii I-VT (Fixation),1.241.54219,1080,1920,10.0,5.1,9.5,10.6,0.53,1.02,1.13,19,35,39,6.6,5.5,2.9,0.7,0.62,0.32,24,20,11,1565349430,,,962,749,978,743,945,754,0.06738,0.24799,-0.96642,-0.0523,0.24811,-0.96732,3.902,4.277,4.087,,,,Valid,Valid,226.7,52.1,589.6,290.6,54.9,590.6,267.8,203.3,258.6,206.4,0.5009,0.6931,0.5096,0.688,0.4922,0.6982,Screen Recording,Screen Recording Recording16.mp4,1920,1080,0,0,960,540,Fixation,688,407,961,752,0.5005,0.696,,,,,,,,,,,
174777620,1604244758,Eye Tracker,LipReading,08/25/2025,YanTianming,Recording16,05/10/2025,05/10/2025,14:25:35.695,06:25:35.695,387686,Timeline1,Tobii I-VT (Fixation),1.241.54219,1080,1920,10.0,5.1,9.5,10.6,0.53,1.02,1.13,19,35,39,6.6,5.5,2.9,0.7,0.62,0.32,24,20,11,1565353430,,,963,753,978,750,947,755,0.06728,0.25104,-0.96564,-0.05127,0.24842,-0.96729,3.894,4.27,4.09,,,,Valid,Valid,226.7,52.1,589.6,290.6,54.9,590.6,267.8,205.3,259.3,206.6,0.5015,0.6968,0.5096,0.6947,0.4934,0.6989,Screen Recording,Screen Recording Recording16.mp4,1920,1080,0,0,960,540,Fixation,688,407,961,752,0.5005,0.696,,,,,,,,,,,
174781620,1604248758,Eye Tracker,LipReading,08/25/2025,YanTianming,Recording16,05/10/2025,05/10/2025,14:25:35.695,06:25:35.695,387686,Timeline1,Tobii I-VT (Fixation),1.241.54219,1080,1920,10.0,5.1,9.5,10.6,0.53,1.02,1.13,19,35,39,6.6,5.5,2.9,0.7,0.62,0.32,24,20,11,1565357430,,,955,756,970,743,941,768,0.0637,0.24815,-0.96662,-0.05425,0.25407,-0.96566,3.893,4.292,4.086,,,,Valid,Valid,226.7,52.0,589.6,290.6,54.9,590.6,265.5,203.4,257.4,210.3,0.4976,0.6998,0.5053,0.6882,0.4899,0.7114,Screen Recording,Screen Recording Recording16.mp4,1920,1080,0,0,960,540,Fixation,688,407,961,752,0.5005,0.696,,,,,,,,,,,
174785620,1604252758,Eye Tracker,LipReading,08/25/2025,YanTianming,Recording16,05/10/2025,05/10/2025,14:25:35.695,06:25:35.695,387686,Timeline1,Tobii I-VT (Fixation),1.241.54219,1080,1920,10.0,5.1,9.5,10.6,0.53,1.02,1.13,19,35,39,6.6,5.5,2.9,0.7,0.62,0.32,24,20,11,1565361430,,,959,756,976,753,942,759,0.06612,0.25219,-0.96542,-0.05368,0.25009,-0.96673,3.912,4.274,4.084,,,,Valid,Valid,226.7,52.0,589.6,290.6,54.8,590.7,267.1,206.1,257.8,207.6,0.4994,0.6999,0.5083,0.6972,0.4906,0.7026,Screen Recording,Screen Recording Recording16.mp4,1920,1080,0,0,960,540,Fixation,688,407,961,752,0.5005,0.696,,,,,,,,,,,
174789620,1604256758,Eye Tracker,LipReading,08/25/2025,YanTianming,Recording16,05/10/2025,05/10/2025,14:25:35.695,06:25:35.695,387686,Timeline1,Tobii I-VT (Fixation),1.241.54219,1080,1920,10.0,5.1,9.5,10.6,0.53,1.02,1.13,19,35,39,6.6,5.5,2.9,0.7,0.62,0.32,24,20,11,1565365430,,,957,748,972,741,942,756,0.06428,0.24722,-0.96683,-0.05366,0.24874,-0.96708,3.894,4.278,4.086,,,,Valid,Valid,226.7,52.0,589.6,290.6,54.8,590.7,265.9,202.8,257.8,206.8,0.4983,0.6928,0.506,0.6861,0.4906,0.6995,Screen Recording,Screen Recording Recording16.mp4,1920,1080,0,0,960,540,Fixation,688,407,961,752,0.5005,0.696,,,,,,,,,,,
174793620,1604260758,Eye Tracker,LipReading,08/25/2025,YanTianming,Recording16,05/10/2025,05/10/2025,14:25:35.695,06:25:35.695,387686,Timeline1,Tobii I-VT (Fixation),1.241.54219,1080,1920,10.0,5.1,9.5,10.6,0.53,1.02,1.13,19,35,39,6.6,5.5,2.9,0.7,0.62,0.32,24,20,11,1565369430,,,955,750,969,743,940,758,0.06322,0.24792,-0.96671,-0.0544,0.24963,-0.96681,3.893,4.274,4.087,,,,Valid,Valid,226.7,52.0,589.6,290.6,54.8,590.6,265.2,203.2,257.3,207.4,0.4973,0.6946,0.5048,0.6876,0.4898,0.7015,Screen Recording,Screen Recording Recording16.mp4,1920,1080,0,0,960,540,Fixation,688,407,961,752,0.5005,0.696,,,,,,,,,,,
174797620,1604264758,Eye Tracker,LipReading,08/25/2025,YanTianming,Recording16,05/10/2025,05/10/2025,14:25:35.695,06:25:35.695,387686,Timeline1,Tobii I-VT (Fixation),1.241.54219,1080,1920,10.0,5.1,9.5,10.6,0.53,1.02,1.13,19,35,39,6.6,5.5,2.9,0.7,0.62,0.32,24,20,11,1565373430,,,957,752,971,747,943,758,0.064,0.24961,-0.96623,-0.05342,0.2499,-0.9668,3.899,4.279,4.087,,,,Valid,Valid,226.7,52.0,589.5,290.6,54.9,590.6,265.7,204.3,258.0,207.5,0.4983,0.6967,0.5057,0.6914,0.4909,0.7021,Screen Recording,Screen Recording Recording16.mp4,1920,1080,0,0,960,540,Fixation,688,407,961,752,0.5005,0.696,,,,,,,,,,,
174801619,1604268757,Eye Tracker,LipReading,08/25/2025,YanTianming,Recording16,05/10/2025,05/10/2025,14:25:35.695,06:25:35.695,387686,Timeline1,Tobii I-VT (Fixation),1.241.54219,1080,1920,10.0,5.1,9.5,10.6,0.53,1.02,1.13,19,35,39,6.6,5.5,2.9,0.7,0.62,0.32,24,20,11,1565377430,,,958,752,973,752,942,753,0.06503,0.25196,-0.96555,-0.05387,0.24751,-0.96739,3.902,4.275,4.089,,,,Valid,Valid,226.7,52.0,589.5,290.6,54.9,590.6,266.4,205.9,257.7,206.0,0.4987,0.6967,0.507,0.6966,0.4904,0.6969,Screen Recording,Screen Recording Recording16.mp4,1920,1080,0,0,960,540,Fixation,688,407,961,752,0.5005,0.696,,,,,,,,,,,
174805619,1604272757,Eye Tracker,LipReading,08/25/2025,YanTianming,Recording16,05/10/2025,05/10/2025,14:25:35.695,06:25:35.695,387686,Timeline1,Tobii I-VT (Fixation),1.241.54219,1080,1920,10.0,5.1,9.5,10.6,0.53,1.02,1.13,19,35,39,6.6,5.5,2.9,0.7,0.62,0.32,24,20,11,1565381430,,,959,754,976,746,941,762,0.06614,0.24908,-0.96622,-0.05404,0.25138,-0.96638,3.906,4.276,4.09,,,,Valid,Valid,226.7,52.1,589.5,290.6,54.9,590.6,267.1,204.0,257.6,208.5,0.4992,0.6979,0.5082,0.6903,0.4902,0.7054,Screen Recording,Screen Recording Recording16.mp4,1920,1080,0,0,960,540,Fixation,688,407,961,752,0.5005,0.696,,,,,,,,,,,
174809619,1604276757,Eye Tracker,LipReading,08/25/2025,YanTianming,Recording16,05/10/2025,05/10/2025,14:25:35.695,06:25:35.695,387686,Timeline1,Tobii I-VT (Fixation),1.241.54219,1080,1920,10.0,5.1,9.5,10.6,0.53,1.02,1.13,19,35,39,6.6,5.5,2.9,0.7,0.62,0.32,24,20,11,1565385430,,,958,755,976,752,941,758,0.06632,0.25187,-0.96549,-0.05433,0.24959,-0.96683,3.904,4.27,4.088,,,,Valid,Valid,226.7,52.1,589.5,290.6,54.9,590.6,267.2,205.8,257.4,207.3,0.4992,0.699,0.5085,0.6964,0.4899,0.7015,Screen Recording,Screen Recording Recording16.mp4,1920,1080,0,0,960,540,Fixation,688,407,961,752,0.5005,0.696,,,,,,,,,,,
174813619,1604280757,Eye Tracker,LipReading,08/25/2025,YanTianming,Recording16,05/10/2025,05/10/2025,14:25:35.695,06:25:35.695,387686,Timeline1,Tobii I-VT (Fixation),1.241.54219,1080,1920,10.0,5.1,9.5,10.6,0.53,1.02,1.13,19,35,39,6.6,5.5,2.9,0.7,0.62,0.32,24,20,11,1565389430,,,962,760,978,758,945,762,0.0671,0.25422,-0.96481,-0.05228,0.25136,-0.96648,3.914,4.269,4.088,,,,Valid,Valid,226.7,52.1,589.5,290.6,54.9,590.5,267.7,207.4,258.7,208.5,0.5009,0.7035,0.5095,0.7017,0.4923,0.7054,Screen Recording,Screen Recording Recording16.mp4,1920,1080,0,0,960,540,Fixation,688,407,961,752,0.5005,0.696,,,,,,,,,,,
174817619,1604284757,Eye Tracker,LipReading,08/25/2025,YanTianming,Recording16,05/10/2025,05/10/2025,14:25:35.695,06:25:35.695,387686,Timeline1,Tobii I-VT (Fixation),1.241.54219,1080,1920,10.0,5.1,9.5,10.6,0.53,1.02,1.13,19,35,39,6.6,5.5,2.9,0.7,0.62,0.32,24,20,11,1565393430,,,957,757,977,749,937,765,0.06642,0.2505,-0.96584,-0.05586,0.25277,-0.96591,3.907,4.261,4.088,,,,Valid,Valid,226.7,52.1,589.5,290.6,54.9,590.5,267.3,205.0,256.5,209.4,0.4984,0.701,0.5086,0.6934,0.4881,0.7086,Screen Recording,Screen Recording Recording16.mp4,1920,1080,0,0,960,540,Fixation,688,407,961,752,0.5005,0.696,,,,,,,,,,,
174821619,1604288757,Eye Tracker,LipReading,08/25/2025,YanTianming,Recording16,05/10/2025,05/10/2025,14:25:35.695,06:25:35.695,387686,Timeline1,Tobii I-VT (Fixation),1.241.54219,1080,1920,10.0,5.1,9.5,10.6,0.53,1.02,1.13,19,35,39,6.6,5.5,2.9,0.7,0.62,0.32,24,20,11,1565397430,,,960,763,982,763,938,762,0.06884,0.2565,-0.96409,-0.05534,0.25132,-0.96632,3.921,4.267,4.088,,,,Valid,Valid,226.7,52.1,589.5,290.6,55.0,590.4,268.8,208.9,256.8,208.5,0.5002,0.7061,0.5116,0.7068,0.4887,0.7055,Screen Recording,Screen Recording Recording16.mp4,1920,1080,0,0,960,540,Fixation,688,407,961,752,0.5005,0.696,,,,,,,,,,,
174825619,1604292757,Eye Tracker,LipReading,08/25/2025,YanTianming,Recording16,05/10/2025,05/10/2025,14:25:35.695,06:25:35.695,387686,Timeline1,Tobii I-VT (Fixation),1.241.54219,1080,1920,10.0,5.1,9.5,10.6,0.53,1.02,1.13,19,35,39,6.6,5.5,2.9,0.7,0.62,0.32,24,20,11,1565401430,,,962,759,982,764,942,754,0.0689,0.25667,-0.96404,-0.05374,0.24796,-0.96728,3.905,4.282,4.09,,,,Valid,Valid,226.7,52.1,589.5,290.6,55.0,590.4,268.9,209.0,257.8,206.3,0.5012,0.7026,0.5117,0.7072,0.4907,0.698,Screen Recording,Screen Recording Recording16.mp4,1920,1080,0,0,960,540,Fixation,688,407,961,752,0.5005,0.696,,,,,,,,,,,
174829619,1604296757,Eye Tracker,LipReading,08/25/2025,YanTianming,Recording16,05/10/2025,05/10/2025,14:25:35.695,06:25:35.695,387686,Timeline1,Tobii I-VT (Fixation),1.241.54219,1080,1920,10.0,5.1,9.5,10.6,0.53,1.02,1.13,19,35,39,6.6,5.5,2.9,0.7,0.62,0.32,24,20,11,1565405430,,,963,761,985,758,941,764,0.07006,0.25413,-0.96463,-0.054,0.25207,-0.9662,3.896,4.273,4.09,,,,Valid,Valid,226.7,52.1,589.5,290.6,55.0,590.4,269.5,207.4,257.6,209.0,0.5017,0.7044,0.513,0.7016,0.4903,0.7072,Screen Recording,Screen Recording Recording16.mp4,1920,1080,0,0,960,540,Fixation,688,407,961,752,0.5005,0.696,,,,,,,,,,,
174833619,1604300757,Eye Tracker,LipReading,08/25/2025,YanTianming,Recording16,05/10/2025,05/10/2025,14:25:35.695,06:25:35.695,387686,Timeline1,Tobii I-VT (Fixation),1.241.54219,1080,1920,10.0,5.1,9.5,10.6,0.53,1.02,1.13,19,35,39,6.6,5.5,2.9,0.7,0.62,0.32,24,20,11,1565409430,,,961,765,983,758,939,771,0.06926,0.2541,-0.9647,-0.05503,0.25525,-0.96531,3.917,4.278,4.092,,,,Valid,Valid,226.7,52.1,589.5,290.6,55.0,590.4,269.1,207.3,257.0,211.1,0.5006,0.7079,0.5121,0.7015,0.4891,0.7142,Screen Recording,Screen Recording Recording16.mp4,1920,1080,0,0,960,540,Fixation,688,407,961,752,0.5005,0.696,,,,,,,,,,,
174837619,1604304757,Eye Tracker,LipReading,08/25/2025,YanTianming,Recording16,05/10/2025,05/10/2025,14:25:35.695,06:25:35.695,387686,Timeline1,Tobii I-VT (Fixation),1.241.54219,1080,1920,10.0,5.1,9.5,10.6,0.53,1.02,1.13,19,35,39,6.6,5.5,2.9,0.7,0.62,0.32,24,20,11,1565413430,,,959,764,980,757,937,770,0.06783,0.25372,-0.9649,-0.05593,0.25487,-0.96536,3.906,4.272,4.097,,,,Valid,Valid,226.7,52.1,589.5,290.7,55.0,590.5,268.2,207.1,256.4,210.9,0.4992,0.707,0.5104,0.7006,0.4881,0.7134,Screen Recording,Screen Recording Recording16.mp4,1920,1080,0,0,960,540,Fixation,688,407,961,752,0.5005,0.696,,,,,,,,,,,
174841619,1604308757,Eye Tracker,LipReading,08/25/2025,YanTianming,Recording16,05/10/2025,05/10/2025,14:25:35.695,06:25:35.695,387686,Timeline1,Tobii I-VT (Fixation),1.241.54219,1080,1920,10.0,5.1,9.5,10.6,0.53,1.02,1.13,19,35,39,6.6,5.5,2.9,0.7,0.62,0.32,24,20,11,1565417430,,,963,764,985,760,942,768,0.06982,0.25491,-0.96444,-0.05381,0.254,-0.96571,3.925,4.282,4.097,,,,Valid,Valid,226.8,52.0,589.6,290.7,54.9,590.5,269.4,207.9,257.8,210.3,0.5017,0.7074,0.5128,0.7033,0.4906,0.7114,Screen Recording,Screen Recording Recording16.mp4,1920,1080,0,0,960,540,Fixation,688,407,961,752,0.5005,0.696,,,,,,,,,,,
174845619,1604312757,Eye Tracker,LipReading,08/25/2025,YanTianming,Recording16,05/10/2025,05/10/2025,14:25:35.695,06:25:35.695,387686,Timeline1,Tobii I-VT (Fixation),1.241.54219,1080,1920,10.0,5.1,9.5,10.6,0.53,1.02,1.13,19,35,39,6.6,5.5,2.9,0.7,0.62,0.32,24,20,11,1565421430,,,961,764,979,752,943,776,0.06744,0.25169,-0.96546,-0.05347,0.25736,-0.96483,3.917,4.277,4.099,,,,Valid,Valid,226.8,52.0,589.6,290.7,54.9,590.6,267.9,205.7,257.9,212.4,0.5004,0.7074,0.5099,0.6961,0.4909,0.7188,Screen Recording,Screen Recording Recording16.mp4,1920,1080,0,0,960,540,Fixation,688,407,961,752,0.5005,0.696,,,,,,,,,,,
174849620,1604316758,Eye Tracker,LipReading,08/25/2025,YanTianming,Recording16,05/10/2025,05/10/2025,14:25:35.695,06:25:35.695,387686,Timeline1,Tobii I-VT (Fixation),1.241.54219,1080,1920,10.0,5.1,9.5,10.6,0.53,1.02,1.13,19,35,39,6.6,5.5,2.9,0.7,0.62,0.32,24,20,11,1565425431,,,965,767,986,765,945,768,0.07026,0.25733,-0.96377,-0.05254,0.25385,-0.96582,3.914,4.289,4.099,,,,Valid,Valid,226.8,52.0,589.6,290.7,54.9,590.7,269.8,209.5,258.6,210.1,0.5027,0.7098,0.5134,0.7087,0.4921,0.7109,Screen Recording,Screen Recording Recording16.mp4,1920,1080,0,0,960,540,Fixation,688,407,961,752,0.5005,0.696,,,,,,,,,,,
174853620,1604320758,Eye Tracker,LipReading,08/25/2025,YanTianming,Recording16,05/10/2025,05/10/2025,14:25:35.695,06:25:35.695,387686,Timeline1,Tobii I-VT (Fixation),1.241.54219,1080,1920,10.0,5.1,9.5,10.6,0.53,1.02,1.13,19,35,39,6.6,5.5,2.9,0.7,0.62,0.32,24,20,11,1565429431,,,963,767,984,762,942,772,0.06973,0.25581,-0.96421,-0.05376,0.25548,-0.96532,3.921,4.29,4.101,,,,Valid,Valid,226.8,52.0,589.7,290.7,54.8,590.7,269.4,208.5,257.8,211.2,0.5017,0.7099,0.5127,0.7053,0.4906,0.7145,Screen Recording,Screen Recording Recording16.mp4,1920,1080,0,0,960,540,Fixation,688,407,961,752,0.5005,0.696,,,,,,,,,,,
174857620,1604324758,Eye Tracker,LipReading,08/25/2025,YanTianming,Recording16,05/10/2025,05/10/2025,14:25:35.695,06:25:35.695,387686,Timeline1,Tobii I-VT (Fixation),1.241.54219,1080,1920,10.0,5.1,9.5,10.6,0.53,1.02,1.13,19,35,39,6.6,5.5,2.9,0.7,0.62,0.32,24,20,11,1565433431,,,964,769,983,767,944,771,0.06922,0.25795,-0.96367,-0.05276,0.25527,-0.96543,3.908,4.278,4.101,,,,Valid,Valid,226.8,52.0,589.7,290.7,54.8,590.8,269.1,209.8,258.4,211.0,0.502,0.712,0.5122,0.71,0.4918,0.714,Screen Recording,Screen Recording Recording16.mp4,1920,1080,0,0,960,540,Fixation,688,407,961,752,0.5005,0.696,,,,,,,,,,,
174861620,1604328758,Eye Tracker,LipReading,08/25/2025,YanTianming,Recording16,05/10/2025,05/10/2025,14:25:35.695,06:25:35.695,387686,Timeline1,Tobii I-VT (Fixation),1.241.54219,1080,1920,10.0,5.1,9.5,10.6,0.53,1.02,1.13,19,35,39,6.6,5.5,2.9,0.7,0.62,0.32,24,20,11,1565437431,,,965,772,990,765,940,780,0.07216,0.25726,-0.96365,-0.05446,0.25884,-0.96438,3.913,4.29,4.098,,,,Valid,Valid,226.8,52.0,589.7,290.7,54.8,590.8,270.9,209.4,257.3,213.4,0.5027,0.7153,0.5156,0.7086,0.4898,0.722,Screen Recording,Screen Recording Recording16.mp4,1920,1080,0,0,960,540,Fixation,688,407,961,752,0.5005,0.696,,,,,,,,,,,
174865620,1604332758,Eye Tracker,LipReading,08/25/2025,YanTianming,Recording16,05/10/2025,05/10/2025,14:25:35.695,06:25:35.695,387686,Timeline1,Tobii I-VT (Fixation),1.241.54219,1080,1920,10.0,5.1,9.5,10.6,0.53,1.02,1.13,19,35,39,6.6,5.5,2.9,0.7,0.62,0.32,24,20,11,1565441431,,,966,764,984,764,948,764,0.06942,0.2568,-0.96397,-0.05135,0.25223,-0.9663,3.915,4.282,4.098,,,,Valid,Valid,226.8,52.0,589.7,290.7,54.8,590.8,269.2,209.1,259.3,209.0,0.503,0.7073,0.5124,0.7074,0.4935,0.7072,Screen Recording,Screen Recording Recording16.mp4,1920,1080,0,0,960,540,Fixation,688,407,961,752,0.5005,0.696,,,,,,,,,,,
174869620,1604336758,Eye Tracker,LipReading,08/25/2025,YanTianming,Recording16,05/10/2025,05/10/2025,14:25:35.695,06:25:35.695,387686,Timeline1,Tobii I-VT (Fixation),1.241.54219,1080,1920,10.0,5.1,9.5,10.6,0.53,1.02,1.13,19,35,39,6.6,5.5,2.9,0.7,0.62,0.32,24,20,11,1565445431,,,963,771,983,765,942,777,0.06924,0.25721,-0.96387,-0.05383,0.2576,-0.96475,3.926,4.278,4.105,,,,Valid,Valid,226.8,52.0,589.8,290.7,54.8,590.9,269.1,209.3,257.7,212.6,0.5014,0.7137,0.5122,0.7083,0.4905,0.7191,Screen Recording,Screen Recording Recording16.mp4,1920,1080,0,0,960,540,Fixation,688,407,961,752,0.5005,0.696,,,,,,,,,,,
174873620,1604340758,Eye Tracker,LipReading,08/25/2025,YanTianming,Recording16,05/10/2025,05/10/2025,14:25:35.695,06:25:35.695,387686,Timeline1,Tobii I-VT (Fixation),1.241.54219,1080,1920,10.0,5.1,9.5,10.6,0.53,1.02,1.13,19,35,39,6.6,5.5,2.9,0.7,0.62,0.32,24,20,11,1565449431,,,963,769,985,762,941,776,0.06984,0.25617,-0.9641,-0.05431,0.25745,-0.96476,3.921,4.291,4.102,,,,Valid,Valid,226.8,52.0,589.7,290.7,54.8,590.9,269.5,208.7,257.4,212.5,0.5014,0.7124,0.5129,0.706,0.49,0.7188,Screen Recording,Screen Recording Recording16.mp4,1920,1080,0,0,960,540,Fixation,688,407,961,752,0.5005,0.696,,,,,,,,,,,
174877620,1604344758,Eye Tracker,LipReading,08/25/2025,YanTianming,Recording16,05/10/2025,05/10/2025,14:25:35.695,06:25:35.695,387686,Timeline1,Tobii I-VT (Fixation),1.241.54219,1080,1920,10.0,5.1,9.5,10.6,0.53,1.02,1.13,19,35,39,6.6,5.5,2.9,0.7,0.62,0.32,24,20,11,1565453431,,,964,765,985,758,943,773,0.06987,0.25436,-0.96458,-0.05348,0.25588,-0.96523,3.919,4.292,4.101,,,,Valid,Valid,226.8,52.0,589.7,290.7,54.8,590.8,269.5,207.5,258.0,211.4,0.5019,0.7086,0.5129,0.702,0.491,0.7153,Screen Recording,Screen Recording Recording16.mp4,1920,1080,0,0,960,540,Fixation,688,407,961,752,0.5005,0.696,,,,,,,,,,,
174881620,1604348758,Eye Tracker,LipReading,08/25/2025,YanTianming,Recording16,05/10/2025,05/10/2025,14:25:35.695,06:25:35.695,387686,Timeline1,Tobii I-VT (Fixation),1.241.54219,1080,1920,10.0,5.1,9.5,10.6,0.53,1.02,1.13,19,35,39,6.6,5.5,2.9,0.7,0.62,0.32,24,20,11,1565457431,,,963,762,985,760,941,763,0.06993,0.25502,-0.9644,-0.05442,0.25208,-0.96617,3.921,4.273,4.1,,,,Valid,Valid,226.8,52.0,589.7,290.7,54.8,590.8,269.5,207.9,257.4,208.9,0.5015,0.7052,0.513,0.7034,0.4899,0.7069,Screen Recording,Screen Recording Recording16.mp4,1920,1080,0,0,960,540,Fixation,688,407,961,752,0.5005,0.696,,,,,,,,,,,
174885620,1604352758,Eye Tracker,LipReading,08/25/2025,YanTianming,Recording16,05/10/2025,05/10/2025,14:25:35.695,06:25:35.695,387686,Timeline1,Tobii I-VT (Fixation),1.241.54219,1080,1920,10.0,5.1,9.5,10.6,0.53,1.02,1.13,19,35,39,6.6,5.5,2.9,0.7,0.62,0.32,24,20,11,1565461431,,,962,766,981,760,943,772,0.06821,0.255,-0.96453,-0.05317,0.25559,-0.96532,3.919,4.281,4.1,,,,Valid,Valid,226.8,52.0,589.7,290.7,54.8,590.8,268.5,207.9,258.2,211.2,0.5011,0.709,0.511,0.7033,0.4913,0.7146,Screen Recording,Screen Recording Recording16.mp4,1920,1080,0,0,960,540,Fixation,688,407,961,752,0.5005,0.696,,,,,,,,,,,
174889620,1604356758,Eye Tracker,LipReading,08/25/2025,YanTianming,Recording16,05/10/2025,05/10/2025,14:25:35.695,06:25:35.695,387686,Timeline1,Tobii I-VT (Fixation),1.241.54219,1080,1920,10.0,5.1,9.5,10.6,0.53,1.02,1.13,19,35,39,6.6,5.5,2.9,0.7,0.62,0.32,24,20,11,1565465431,,,962,757,981,754,943,761,0.06842,0.25251,-0.96517,-0.05335,0.25115,-0.96648,3.913,4.27,4.097,,,,Valid,Valid,226.8,52.0,589.7,290.7,54.8,590.8,268.6,206.2,258.1,208.3,0.5012,0.7013,0.5112,0.6978,0.4912,0.7048,Screen Recording,Screen Recording Recording16.mp4,1920,1080,0,0,960,540,Fixation,688,407,961,752,0.5005,0.696,,,,,,,,,,,
174893619,1604360757,Eye Tracker,LipReading,08/25/2025,YanTianming,Recording16,05/10/2025,05/10/2025,14:25:35.695,06:25:35.695,387686,Timeline1,Tobii I-VT (Fixation),1.241.54219,1080,1920,10.0,5.1,9.5,10.6,0.53,1.02,1.13,19,35,39,6.6,5.5,2.9,0.7,0.62,0.32,24,20,11,1565469431,,,964,766,987,759,940,772,0.07093,0.2547,-0.96442,-0.05448,0.25568,-0.96522,3.91,4.285,4.096,,,,Valid,Valid,226.8,52.0,589.7,290.7,54.8,590.7,270.1,207.7,257.4,211.3,0.502,0.7088,0.5141,0.7027,0.4898,0.7149,Screen Recording,Screen Recording Recording16.mp4,1920,1080,0,0,960,540,Fixation,688,407,961,752,0.5005,0.696,,,,,,,,,,,
174897619,1604364757,Eye Tracker,LipReading,08/25/2025,YanTianming,Recording16,05/10/2025,05/10/2025,14:25:35.695,06:25:35.695,387686,Timeline1,Tobii I-VT (Fixation),1.241.54219,1080,1920,10.0,5.1,9.5,10.6,0.53,1.02,1.13,19,35,39,6.6,5.5,2.9,0.7,0.62,0.32,24,20,11,1565473431,,,959,758,982,747,937,768,0.06888,0.24966,-0.96588,-0.05619,0.25414,-0.96553,3.894,4.294,4.097,,,,Valid,Valid,226.8,52.0,589.8,290.7,54.8,590.7,268.8,204.4,256.3,210.3,0.4997,0.7015,0.5116,0.6915,0.4878,0.7115,Screen Recording,Screen Recording Recording16.mp4,1920,1080,0,0,960,540,Fixation,688,407,961,752,0.5005,0.696,,,,,,,,,,,
174901619,1604368757,Eye Tracker,LipReading,08/25/2025,YanTianming,Recording16,05/10/2025,05/10/2025,14:25:35.695,06:25:35.695,387686,Timeline1,Tobii I-VT (Fixation),1.241.54219,1080,1920,10.0,5.1,9.5,10.6,0.53,1.02,1.13,19,35,39,6.6,5.5,2.9,0.7,0.62,0.32,24,20,11,1565477431,,,959,767,979,756,940,778,0.06726,0.25332,-0.96504,-0.05462,0.25816,-0.96456,3.908,4.275,4.097,,,,Valid,Valid,226.8,52.0,589.7,290.7,54.8,590.7,267.9,206.8,257.2,212.9,0.4997,0.71,0.5098,0.6996,0.4896,0.7203,Screen Recording,Screen Recording Recording16.mp4,1920,1080,0,0,960,540,Fixation,688,407,961,752,0.5005,0.696,,,,,,,,,,,
174905619,1604372757,Eye Tracker,LipReading,08/25/2025,YanTianming,Recording16,05/10/2025,05/10/2025,14:25:35.695,06:25:35.695,387686,Timeline1,Tobii I-VT (Fixation),1.241.54219,1080,1920,10.0,5.1,9.5,10.6,0.53,1.02,1.13,19,35,39,6.6,5.5,2.9,0.7,0.62,0.32,24,20,11,1565481431,,,963,759,981,751,945,767,0.0681,0.25125,-0.96552,-0.05259,0.2534,-0.96593,3.91,4.289,4.098,,,,Valid,Valid,226.8,52.0,589.7,290.7,54.8,590.7,268.4,205.4,258.5,209.8,0.5014,0.7024,0.5107,0.695,0.492,0.7097,Screen Recording,Screen Recording Recording16.mp4,1920,1080,0,0,960,540,Fixation,688,407,961,752,0.5005,0.696,,,,,,,,,,,
174909619,1604376757,Eye Tracker,LipReading,08/25/2025,YanTianming,Recording16,05/10/2025,05/10/2025,14:25:35.695,06:25:35.695,387686,Timeline1,Tobii I-VT (Fixation),1.241.54219,1080,1920,10.0,5.1,9.5,10.6,0.53,1.02,1.13,19,35,39,6.6,5.5,2.9,0.7,0.62,0.32,24,20,11,1565485431,,,964,766,986,757,942,774,0.07054,0.25395,-0.96464,-0.05391,0.25644,-0.96505,3.928,4.279,4.102,,,,Valid,Valid,226.8,52.0,589.7,290.7,54.8,590.6,269.9,207.2,257.7,211.8,0.502,0.7088,0.5136,0.7011,0.4904,0.7165,Screen Recording,Screen Recording Recording16.mp4,1920,1080,0,0,960,540,Fixation,688,407,961,752,0.5005,0.696,,,,,,,,,,,
174913619,1604380757,Eye Tracker,LipReading,08/25/2025,YanTianming,Recording16,05/10/2025,05/10/2025,14:25:35.695,06:25:35.695,387686,Timeline1,Tobii I-VT (Fixation),1.241.54219,1080,1920,10.0,5.1,9.5,10.6,0.53,1.02,1.13,19,35,39,6.6,5.5,2.9,0.7,0.62,0.32,24,20,11,1565489431,,,964,764,988,759,939,770,0.07133,0.25455,-0.96443,-0.05501,0.25494,-0.96539,3.922,4.286,4.102,,,,Valid,Valid,226.8,52.0,589.7,290.7,54.8,590.6,270.4,207.6,257.0,210.8,0.5018,0.7079,0.5145,0.7025,0.4891,0.7132,Screen Recording,Screen Recording Recording16.mp4,1920,1080,0,0,960,540,Fixation,688,407,961,752,0.5005,0.696,,,,,,,,,,,
174917619,1604384757,Eye Tracker,LipReading,08/25/2025,YanTianming,Recording16,05/10/2025,05/10/2025,14:25:35.695,06:25:35.695,387686,Timeline1,Tobii I-VT (Fixation),1.241.54219,1080,1920,10.0,5.1,9.5,10.6,0.53,1.02,1.13,19,35,39,6.6,5.5,2.9,0.7,0.62,0.32,24,20,11,1565493431,,,965,763,990,761,941,766,0.07218,0.25534,-0.96415,-0.05415,0.25317,-0.9659,3.931,4.282,4.101,,,,Valid,Valid,226.7,52.0,589.6,290.6,54.9,590.6,270.9,208.2,257.5,209.7,0.5028,0.7068,0.5155,0.7043,0.4901,0.7093,Screen Recording,Screen Recording Recording16.mp4,1920,1080,0,0,960,540,Fixation,688,407,961,752,0.5005,0.696,,,,,,,,,,,
174921619,1604388757,Eye Tracker,LipReading,08/25/2025,YanTianming,Recording16,05/10/2025,05/10/2025,14:25:35.695,06:25:35.695,387686,Timeline1,Tobii I-VT (Fixation),1.241.54219,1080,1920,10.0,5.1,9.5,10.6,0.53,1.02,1.13,19,35,39,6.6,5.5,2.9,0.7,0.62,0.32,24,20,11,1565497431,,,954,761,972,756,936,766,0.06433,0.25363,-0.96516,-0.0563,0.25305,-0.96581,3.915,4.281,4.101,,,,Valid,Valid,226.7,52.0,589.6,290.6,54.9,590.6,266.0,207.0,256.2,209.6,0.497,0.7047,0.5063,0.7002,0.4876,0.7091,Screen Recording,Screen Recording Recording16.mp4,1920,1080,0,0,960,540,Fixation,688,407,961,752,0.5005,0.696,,,,,,,,,,,
174925619,1604392757,Eye Tracker,LipReading,08/25/2025,YanTianming,Recording16,05/10/2025,05/10/2025,14:25:35.695,06:25:35.695,387686,Timeline1,Tobii I-VT (Fixation),1.241.54219,1080,1920,10.0,5.1,9.5,10.6,0.53,1.02,1.13,19,35,39,6.6,5.5,2.9,0.7,0.62,0.32,24,20,11,1565501431,,,962,762,982,757,941,766,0.06872,0.25405,-0.96475,-0.05401,0.25298,-0.96596,3.903,4.276,4.104,,,,Valid,Valid,226.7,52.0,589.6,290.6,54.9,590.5,268.7,207.3,257.6,209.5,0.5008,0.7051,0.5114,0.7013,0.4903,0.7089,Screen Recording,Screen Recording Recording16.mp4,1920,1080,0,0,960,540,Fixation,688,407,961,752,0.5005,0.696,,,,,,,,,,,
174929619,1604396757,Eye Tracker,LipReading,08/25/2025,YanTianming,Recording16,05/10/2025,05/10/2025,14:25:35.695,06:25:35.695,387686,Timeline1,Tobii I-VT (Fixation),1.241.54219,1080,1920,10.0,5.1,9.5,10.6,0.53,1.02,1.13,19,35,39,6.6,5.5,2.9,0.7,0.62,0.32,24,20,11,1565505431,,,960,763,980,758,939,768,0.06797,0.25448,-0.96469,-0.05488,0.25411,-0.96562,3.931,4.277,4.1,,,,Valid,Valid,226.7,52.0,589.6,290.6,54.9,590.6,268.3,207.6,257.1,210.3,0.4999,0.7069,0.5105,0.7023,0.4892,0.7114,Screen Recording,Screen Recording Recording16.mp4,1920,1080,0,0,960,540,Fixation,688,407,961,752,0.5005,0.696,,,,,,,,,,,
174933619,1604400757,Eye Tracker,LipReading,08/25/2025,YanTianming,Recording16,05/10/2025,05/10/2025,14:25:35.695,06:25:35.695,387686,Timeline1,Tobii I-VT (Fixation),1.241.54219,1080,1920,10.0,5.1,9.5,10.6,0.53,1.02,1.13,19,35,39,6.6,5.5,2.9,0.7,0.62,0.32,24,20,11,1565509431,,,962,768,982,762,942,774,0.06883,0.25591,-0.96425,-0.05372,0.25634,-0.96509,3.926,4.295,4.103,,,,Valid,Valid,226.7,52.0,589.6,290.6,54.9,590.6,268.8,208.5,257.7,211.7,0.501,0.7109,0.5116,0.7055,0.4905,0.7163,Screen Recording,Screen Recording Recording16.mp4,1920,1080,0,0,960,540,Fixation,688,407,961,752,0.5005,0.696,,,,,,,,,,,
174937619,1604404757,Eye Tracker,LipReading,08/25/2025,YanTianming,Recording16,05/10/2025,05/10/2025,14:25:35.695,06:25:35.695,387686,Timeline1,Tobii I-VT (Fixation),1.241.54219,1080,1920,10.0,5.1,9.5,10.6,0.53,1.02,1.13,19,35,39,6.6,5.5,2.9,0.7,0.62,0.32,24,20,11,1565513431,,,956,768,976,760,936,777,0.06595,0.25503,-0.96468,-0.05647,0.25772,-0.96457,3.919,4.281,4.104,,,,Valid,Valid,226.7,52.0,589.6,290.6,54.8,590.6,267.0,207.9,256.0,212.6,0.4977,0.7114,0.5082,0.7034,0.4872,0.7194,Screen Recording,Screen Recording Recording16.mp4,1920,1080,0,0,960,540,Fixation,688,407,961,752,0.5005,0.696,,,,,,,,,,,
174941619,1604408757,Eye Tracker,LipReading,08/25/2025,YanTianming,Recording16,05/10/2025,05/10/2025,14:25:35.695,06:25:35.695,387686,Timeline1,Tobii I-VT (Fixation),1.241.54219,1080,1920,10.0,5.1,9.5,10.6,0.53,1.02,1.13,19,35,39,6.6,5.5,2.9,0.7,0.62,0.32,24,20,11,1565517431,,,954,769,972,760,937,779,0.06422,0.25507,-0.96479,-0.05574,0.25868,-0.96435,3.926,4.283,4.11,,,,Valid,Valid,226.7,52.0,589.6,290.6,54.8,590.7,266.0,207.9,256.5,213.2,0.4971,0.7125,0.5062,0.7034,0.4881,0.7215,Screen Recording,Screen Recording Recording16.mp4,1920,1080,0,0,960,540,Fixation,688,407,961,752,0.5005,0.696,,,,,,,,,,,
174945619,1604412757,Eye Tracker,LipReading,08/25/2025,YanTianming,Recording16,05/10/2025,05/10/2025,14:25:35.695,06:25:35.695,387686,Timeline1,Tobii I-VT (Fixation),1.241.54219,1080,1920,10.0,5.1,9.5,10.6,0.53,1.02,1.13,19,35,39,6.6,5.5,2.9,0.7,0.62,0.32,24,20,11,1565521431,,,961,770,981,771,941,770,0.06843,0.25958,-0.9633,-0.05398,0.25492,-0.96545,3.95,4.295,4.114,,,,Valid,Valid,226.7,52.0,589.6,290.6,54.8,590.7,268.6,210.9,257.6,210.8,0.5007,0.7133,0.5112,0.7136,0.4902,0.7131,Screen Recording,Screen Recording Recording16.mp4,1920,1080,0,0,960,540,Fixation,688,407,961,752,0.5005,0.696,,,,,,,,,,,
174949619,1604416757,Eye Tracker,LipReading,08/25/2025,YanTianming,Recording16,05/10/2025,05/10/2025,14:25:35.695,06:25:35.695,387686,Timeline1,Tobii I-VT (Fixation),1.241.54219,1080,1920,10.0,5.1,9.5,10.6,0.53,1.02,1.13,19,35,39,6.6,5.5,2.9,0.7,0.62,0.32,24,20,11,1565525431,,,957,770,975,767,938,773,0.06574,0.25824,-0.96384,-0.0553,0.25612,-0.96506,3.933,4.298,4.115,,,,Valid,Valid,226.7,52.0,589.7,290.6,54.8,590.8,266.9,210.0,256.7,211.5,0.4983,0.7131,0.508,0.7105,0.4886,0.7157,Screen Recording,Screen Recording Recording16.mp4,1920,1080,0,0,960,540,Fixation,688,407,961,752,0.5005,0.696,,,,,,,,,,,
174953619,1604420757,Eye Tracker,LipReading,08/25/2025,YanTianming,Recording16,05/10/2025,05/10/2025,14:25:35.695,06:25:35.695,387686,Timeline1,Tobii I-VT (Fixation),1.241.54219,1080,1920,10.0,5.1,9.5,10.6,0.53,1.02,1.13,19,35,39,6.6,5.5,2.9,0.7,0.62,0.32,24,20,11,1565529431,,,958,774,975,771,941,778,0.06559,0.25969,-0.96346,-0.05407,0.2581,-0.9646,3.949,4.3,4.115,,,,Valid,Valid,226.7,52.0,589.7,290.6,54.7,590.8,266.8,210.9,257.5,212.8,0.4989,0.7169,0.5078,0.7137,0.49,0.72,Screen Recording,Screen Recording Recording16.mp4,1920,1080,0,0,960,540,Fixation,688,407,961,752,0.5005,0.696,,,,,,,,,,,
174957619,1604424757,Eye Tracker,LipReading,08/25/2025,YanTianming,Recording16,05/10/2025,05/10/2025,14:25:35.695,06:25:35.695,387686,Timeline1,Tobii I-VT (Fixation),1.241.54219,1080,1920,10.0,5.1,9.5,10.6,0.53,1.02,1.13,19,35,39,6.6,5.5,2.9,0.7,0.62,0.32,24,20,11,1565533431,,,956,769,971,760,942,778,0.06384,0.25532,-0.96475,-0.05363,0.25813,-0.96462,3.92,4.301,4.114,,,,Valid,Valid,226.7,52.0,589.7,290.6,54.7,590.8,265.7,208.0,257.7,212.8,0.4981,0.712,0.5057,0.7039,0.4905,0.7201,Screen Recording,Screen Recording Recording16.mp4,1920,1080,0,0,960,540,Fixation,688,407,961,752,0.5005,0.696,,,,,,,,,,,
174961619,1604428757,Eye Tracker,LipReading,08/25/2025,YanTianming,Recording16,05/10/2025,05/10/2025,14:25:35.695,06:25:35.695,387686,Timeline1,Tobii I-VT (Fixation),1.241.54219,1080,1920,10.0,5.1,9.5,10.6,0.53,1.02,1.13,19,35,39,6.6,5.5,2.9,0.7,0.62,0.32,24,20,11,1565537431,,,955,772,972,761,938,783,0.06434,0.25581,-0.96458,-0.05533,0.26035,-0.96393,3.929,4.296,4.113,,,,Valid,Valid,226.7,52.0,589.7,290.6,54.7,590.9,266.0,208.4,256.7,214.3,0.4973,0.715,0.5062,0.705,0.4884,0.725,Screen Recording,Screen Recording Recording16.mp4,1920,1080,0,0,960,540,Fixation,688,407,961,752,0.5005,0.696,,,,,,,,,,,
174965619,1604432757,Eye Tracker,LipReading,08/25/2025,YanTianming,Recording16,05/10/2025,05/10/2025,14:25:35.695,06:25:35.695,387686,Timeline1,Tobii I-VT (Fixation),1.241.54219,1080,1920,10.0,5.1,9.5,10.6,0.53,1.02,1.13,19,35,39,6.6,5.5,2.9,0.7,0.62,0.32,24,20,11,1565541431,,,955,772,971,762,939,782,0.06396,0.25616,-0.96452,-0.0549,0.25991,-0.96407,3.929,4.289,4.112,,,,Valid,Valid,226.7,51.9,589.8,290.6,54.7,590.9,265.8,208.6,256.9,214.0,0.4974,0.7149,0.5058,0.7057,0.489,0.724,Screen Recording,Screen Recording Recording16.mp4,1920,1080,0,0,960,540,Fixation,688,407,961,752,0.5005,0.696,,,,,,,,,,,
174969619,1604436757,Eye Tracker,LipReading,08/25/2025,YanTianming,Recording16,05/10/2025,05/10/2025,14:25:35.695,06:25:35.695,387686,Timeline1,Tobii I-VT (Fixation),1.241.54219,1080,1920,10.0,5.1,9.5,10.6,0.53,1.02,1.13,19,35,39,6.6,5.5,2.9,0.7,0.62,0.32,24,20,11,1565545431,,,958,782,978,772,939,792,0.06678,0.26013,-0.96326,-0.05487,0.26412,-0.96293,3.943,4.283,4.111,,,,Valid,Valid,226.7,51.9,589.8,290.6,54.7,590.9,267.5,211.2,256.9,216.8,0.499,0.724,0.5092,0.7146,0.4889,0.7333,Screen Recording,Screen Recording Recording16.mp4,1920,1080,0,0,960,540,Fixation,688,407,961,752,0.5005,0.696,,,,,,,,,,,
174973619,1604440757,Eye Tracker,LipReading,08/25/2025,YanTianming,Recording16,05/10/2025,05/10/2025,14:25:35.695,06:25:35.695,387686,Timeline1,Tobii I-VT (Fixation),1.241.54219,1080,1920,10.0,5.1,9.5,10.6,0.53,1.02,1.13,19,35,39,6.6,5.5,2.9,0.7,0.62,0.32,24,20,11,1565549431,,,958,775,974,760,941,791,0.06532,0.2551,-0.9647,-0.05371,0.26377,-0.96309,3.919,4.295,4.117,,,,Valid,Valid,226.7,51.9,589.8,290.6,54.7,590.9,266.6,207.9,257.6,216.5,0.4988,0.7179,0.5074,0.7034,0.4903,0.7325,Screen Recording,Screen Recording Recording16.mp4,1920,1080,0,0,960,540,Fixation,688,407,961,752,0.5005,0.696,,,,,,,,,,,
174977619,1604444757,Eye Tracker,LipReading,08/25/2025,YanTianming,Recording16,05/10/2025,05/10/2025,14:25:35.695,06:25:35.695,387686,Timeline1,Tobii I-VT (Fixation),1.241.54219,1080,1920,10.0,5.1,9.5,10.6,0.53,1.02,1.13,19,35,39,6.6,5.5,2.9,0.7,0.62,0.32,24,20,11,1565553431,,,957,780,976,770,938,789,0.06616,0.25951,-0.96347,-0.05509,0.26295,-0.96324,3.941,4.293,4.118,,,,Valid,Valid,226.7,51.9,589.8,290.6,54.7,590.9,267.2,210.8,256.8,216.0,0.4986,0.7219,0.5084,0.7132,0.4887,0.7307,Screen Recording,Screen Recording Recording16.mp4,1920,1080,0,0,960,540,Fixation,688,407,961,752,0.5005,0.696,,,,,,,,,,,
174981615,1604448753,Eye Tracker,LipReading,08/25/2025,YanTianming,Recording16,05/10/2025,05/10/2025,14:25:35.695,06:25:35.695,387686,Timeline1,Tobii I-VT (Fixation),1.241.54219,1080,1920,10.0,5.1,9.5,10.6,0.53,1.02,1.13,19,35,39,6.6,5.5,2.9,0.7,0.62,0.32,24,20,11,1565557428,,,959,785,979,780,939,790,0.06719,0.26351,-0.96231,-0.05492,0.26331,-0.96315,3.949,4.302,4.12,,,,Valid,Valid,226.7,51.9,589.8,290.6,54.7,590.9,267.8,213.4,256.9,216.2,0.4993,0.7268,0.5097,0.7221,0.4889,0.7314,Screen Recording,Screen Recording Recording16.mp4,1920,1080,0,0,960,540,Fixation,688,407,961,752,0.5005,0.696,,,,,,,,,,,
174985615,1604452753,Eye Tracker,LipReading,08/25/2025,YanTianming,Recording16,05/10/2025,05/10/2025,14:25:35.695,06:25:35.695,387686,Timeline1,Tobii I-VT (Fixation),1.241.54219,1080,1920,10.0,5.1,9.5,10.6,0.53,1.02,1.13,19,35,39,6.6,5.5,2.9,0.7,0.62,0.32,24,20,11,1565561428,,,956,778,973,766,938,790,0.06492,0.25791,-0.96399,-0.05532,0.26323,-0.96315,3.947,4.289,4.121,,,,Valid,Valid,226.7,51.9,589.8,290.6,54.7,590.9,266.4,209.7,256.6,216.1,0.4977,0.7204,0.5069,0.7096,0.4884,0.7313,Screen Recording,Screen Recording Recording16.mp4,1920,1080,0,0,960,540,Fixation,688,407,961,752,0.5005,0.696,,,,,,,,,,,
174989615,1604456753,Eye Tracker,LipReading,08/25/2025,YanTianming,Recording16,05/10/2025,05/10/2025,14:25:35.695,06:25:35.695,387686,Timeline1,Tobii I-VT (Fixation),1.241.54219,1080,1920,10.0,5.1,9.5,10.6,0.53,1.02,1.13,19,35,39,6.6,5.5,2.9,0.7,0.62,0.32,24,20,11,1565565428,,,958,779,977,771,938,787,0.06667,0.25969,-0.96339,-0.05513,0.26222,-0.96343,3.963,4.292,4.126,,,,Valid,Valid,226.7,51.9,589.8,290.6,54.6,590.9,267.5,210.9,256.8,215.5,0.4988,0.7213,0.509,0.7136,0.4886,0.729,Screen Recording,Screen Recording Recording16.mp4,1920,1080,0,0,960,540,Fixation,688,407,961,752,0.5005,0.696,,,,,,,,,,,
174993615,1604460753,Eye Tracker,LipReading,08/25/2025,YanTianming,Recording16,05/10/2025,05/10/2025,14:25:35.695,06:25:35.695,387686,Timeline1,Tobii I-VT (Fixation),1.241.54219,1080,1920,10.0,5.1,9.5,10.6,0.53,1.02,1.13,19,35,39,6.6,5.5,2.9,0.7,0.62,0.32,24,20,11,1565569428,,,955,780,969,768,942,791,0.06275,0.25881,-0.96389,-0.05354,0.2638,-0.96309,3.951,4.311,4.125,,,,Valid,Valid,226.7,51.9,589.8,290.6,54.7,590.8,265.1,210.3,257.7,216.5,0.4975,0.722,0.5044,0.7115,0.4905,0.7325,Screen Recording,Screen Recording Recording16.mp4,1920,1080,0,0,960,540,Fixation,688,407,961,752,0.5005,0.696,,,,,,,,,,,
174997615,1604464753,Eye Tracker,LipReading,08/25/2025,YanTianming,Recording16,05/10/2025,05/10/2025,14:25:35.695,06:25:35.695,387686,Timeline1,Tobii I-VT (Fixation),1.241.54219,1080,1920,10.0,5.1,9.5,10.6,0.53,1.02,1.13,19,35,39,6.6,5.5,2.9,0.7,0.62,0.32,24,20,11,1565573428,,,958,782,980,770,937,794,0.06791,0.25921,-0.96343,-0.05569,0.26495,-0.96265,3.946,4.303,4.127,,,,Valid,Valid,226.7,51.9,589.8,290.6,54.7,590.8,268.2,210.6,256.4,217.3,0.4992,0.7238,0.5105,0.7126,0.4879,0.7351,Screen Recording,Screen Recording Recording16.mp4,1920,1080,0,0,960,540,Fixation,688,407,961,752,0.5005,0.696,,,,,,,,,,,
175001615,1604468753,Eye Tracker,LipReading,08/25/2025,YanTianming,Recording16,05/10/2025,05/10/2025,14:25:35.695,06:25:35.695,387686,Timeline1,Tobii I-VT (Fixation),1.241.54219,1080,1920,10.0,5.1,9.5,10.6,0.53,1.02,1.13,19,35,39,6.6,5.5,2.9,0.7,0.62,0.32,24,20,11,1565577428,,,958,778,975,772,942,785,0.06551,0.26026,-0.96331,-0.05357,0.2612,-0.9638,3.946,4.304,4.124,,,,Valid,Valid,226.7,51.9,589.7,290.6,54.7,590.8,266.8,211.3,257.7,214.8,0.4991,0.7207,0.5077,0.7148,0.4905,0.7267,Screen Recording,Screen Recording Recording16.mp4,1920,1080,0,0,960,540,Fixation,688,407,961,752,0.5005,0.696,,,,,,,,,,,
175005615,1604472753,Eye Tracker,LipReading,08/25/2025,YanTianming,Recording16,05/10/2025,05/10/2025,14:25:35.695,06:25:35.695,387686,Timeline1,Tobii I-VT (Fixation),1.241.54219,1080,1920,10.0,5.1,9.5,10.6,0.53,1.02,1.13,19,35,39,6.6,5.5,2.9,0.7,0.62,0.32,24,20,11,1565581428,,,958,782,978,772,939,791,0.06673,0.26034,-0.96321,-0.05467,0.26381,-0.96302,3.967,4.284,4.124,,,,Valid,Valid,226.7,51.9,589.7,290.6,54.7,590.8,267.5,211.3,257.0,216.5,0.4991,0.7238,0.5091,0.715,0.4892,0.7325,Screen Recording,Screen Recording Recording16.mp4,1920,1080,0,0,960,540,Fixation,688,407,961,752,0.5005,0.696,,,,,,,,,,,
175009615,1604476753,Eye Tracker,LipReading,08/25/2025,YanTianming,Recording16,05/10/2025,05/10/2025,14:25:35.695,06:25:35.695,387686,Timeline1,Tobii I-VT (Fixation),1.241.54219,1080,1920,10.0,5.1,9.5,10.6,0.53,1.02,1.13,19,35,39,6.6,5.5,2.9,0.7,0.62,0.32,24,20,11,1565585428,,,957,778,974,762,939,793,0.06533,0.25629,-0.96439,-0.05465,0.26469,-0.96278,3.945,4.302,4.124,,,,Valid,Valid,226.7,51.9,589.7,290.6,54.7,590.8,266.6,208.7,257.0,217.1,0.4983,0.7202,0.5074,0.706,0.4892,0.7345,Screen Recording,Screen Recording Recording16.mp4,1920,1080,0,0,960,540,Fixation,688,407,961,752,0.5005,0.696,,,,,,,,,,,
175013615,1604480753,Eye Tracker,LipReading,08/25/2025,YanTianming,Recording16,05/10/2025,05/10/2025,14:25:35.695,06:25:35.695,387686,Timeline1,Tobii I-VT (Fixation),1.241.54219,1080,1920,10.0,5.1,9.5,10.6,0.53,1.02,1.13,19,35,39,6.6,5.5,2.9,0.7,0.62,0.32,24,20,11,1565589428,,,957,777,975,766,940,787,0.06566,0.25764,-0.96401,-0.05436,0.26227,-0.96346,3.946,4.308,4.129,,,,Valid,Valid,226.7,51.9,589.7,290.6,54.7,590.8,266.8,209.6,257.2,215.5,0.4987,0.719,0.5078,0.709,0.4896,0.7291,Screen Recording,Screen Recording Recording16.mp4,1920,1080,0,0,960,540,Fixation,688,407,961,752,0.5005,0.696,,,,,,,,,,,
175017614,1604484752,Eye Tracker,LipReading,08/25/2025,YanTianming,Recording16,05/10/2025,05/10/2025,14:25:35.695,06:25:35.695,387686,Timeline1,Tobii I-VT (Fixation),1.241.54219,1080,1920,10.0,5.1,9.5,10.6,0.53,1.02,1.13,19,35,39,6.6,5.5,2.9,0.7,0.62,0.32,24,20,11,1565593428,,,956,787,974,778,937,796,0.06526,0.26278,-0.96264,-0.05549,0.26566,-0.96247,3.96,4.295,4.125,,,,Valid,Valid,226.7,52.0,589.7,290.6,54.7,590.8,266.6,212.9,256.5,217.7,0.4978,0.7286,0.5075,0.7204,0.4882,0.7367,Screen Recording,Screen Recording Recording16.mp4,1920,1080,0,0,960,540,Fixation,688,407,961,752,0.5005,0.696,,,,,,,,,,,
175021614,1604488752,Eye Tracker,LipReading,08/25/2025,YanTianming,Recording16,05/10/2025,05/10/2025,14:25:35.695,06:25:35.695,387686,Timeline1,Tobii I-VT (Fixation),1.241.54219,1080,1920,10.0,5.1,9.5,10.6,0.53,1.02,1.13,19,35,39,6.6,5.5,2.9,0.7,0.62,0.32,24,20,11,1565597428,,,957,785,973,772,941,797,0.06456,0.26042,-0.96333,-0.05379,0.2663,-0.96239,3.959,4.298,4.127,,,,Valid,Valid,226.7,52.0,589.7,290.6,54.7,590.8,266.2,211.4,257.5,218.1,0.4984,0.7266,0.5066,0.7152,0.4902,0.7381,Screen Recording,Screen Recording Recording16.mp4,1920,1080,0,0,960,540,Fixation,688,407,961,752,0.5005,0.696,,,,,,,,,,,
175025614,1604492752,Eye Tracker,LipReading,08/25/2025,YanTianming,Recording16,05/10/2025,05/10/2025,14:25:35.695,06:25:35.695,387686,Timeline1,Tobii I-VT (Fixation),1.241.54219,1080,1920,10.0,5.1,9.5,10.6,0.53,1.02,1.13,19,35,39,6.6,5.5,2.9,0.7,0.62,0.32,24,20,11,1565601428,,,954,778,965,768,942,788,0.06112,0.25854,-0.96406,-0.05331,0.26264,-0.96342,3.947,4.302,4.129,,,,Valid,Valid,226.7,52.0,589.7,290.6,54.7,590.8,264.1,210.1,257.9,215.7,0.4967,0.7204,0.5025,0.7109,0.4908,0.7299,Screen Recording,Screen Recording Recording16.mp4,1920,1080,0,0,960,540,Fixation,688,407,961,752,0.5005,0.696,,,,,,,,,,,
175029614,1604496752,Eye Tracker,LipReading,08/25/2025,YanTianming,Recording16,05/10/2025,05/10/2025,14:25:35.695,06:25:35.695,387686,Timeline1,Tobii I-VT (Fixation),1.241.54219,1080,1920,10.0,5.1,9.5,10.6,0.53,1.02,1.13,19,35,39,6.6,5.5,2.9,0.7,0.62,0.32,24,20,11,1565605428,,,959,789,977,782,940,795,0.06659,0.26441,-0.96211,-0.05424,0.26543,-0.9626,3.952,4.31,4.127,,,,Valid,Valid,226.7,51.9,589.7,290.6,54.7,590.8,267.5,214.0,257.3,217.6,0.4993,0.7301,0.5091,0.7241,0.4896,0.7362,Screen Recording,Screen Recording Recording16.mp4,1920,1080,0,0,960,540,Fixation,688,407,961,752,0.5005,0.696,,,,,,,,,,,
175033614,1604500752,Eye Tracker,LipReading,08/25/2025,YanTianming,Recording16,05/10/2025,05/10/2025,14:25:35.695,06:25:35.695,387686,Timeline1,Tobii I-VT (Fixation),1.241.54219,1080,1920,10.0,5.1,9.5,10.6,0.53,1.02,1.13,19,35,39,6.6,5.5,2.9,0.7,0.62,0.32,24,20,11,1565609428,,,954,793,973,788,935,798,0.06441,0.26695,-0.96155,-0.05635,0.26643,-0.9622,3.974,4.298,4.127,,,,Valid,Valid,226.7,52.0,589.8,290.6,54.7,590.8,266.2,215.7,256.0,218.3,0.4968,0.7341,0.5065,0.7297,0.4871,0.7385,Screen Recording,Screen Recording Recording16.mp4,1920,1080,0,0,960,540,Fixation,688,407,961,752,0.5005,0.696,,,,,,,,,,,
175037614,1604504752,Eye Tracker,LipReading,08/25/2025,YanTianming,Recording16,05/10/2025,05/10/2025,14:25:35.695,06:25:35.695,387686,Timeline1,Tobii I-VT (Fixation),1.241.54219,1080,1920,10.0,5.1,9.5,10.6,0.53,1.02,1.13,19,35,39,6.6,5.5,2.9,0.7,0.62,0.32,24,20,11,1565613428,,,954,778,971,773,937,783,0.06368,0.2607,-0.96332,-0.05556,0.26024,-0.96394,3.941,4.301,4.128,,,,Valid,Valid,226.7,52.0,589.8,290.6,54.7,590.8,265.6,211.6,256.5,214.2,0.4969,0.7202,0.5055,0.7158,0.4882,0.7246,Screen Recording,Screen Recording Recording16.mp4,1920,1080,0,0,960,540,Fixation,688,407,961,752,0.5005,0.696,,,,,,,,,,,
175041614,1604508752,Eye Tracker,LipReading,08/25/2025,YanTianming,Recording16,05/10/2025,05/10/2025,14:25:35.695,06:25:35.695,387686,Timeline1,Tobii I-VT (Fixation),1.241.54219,1080,1920,10.0,5.1,9.5,10.6,0.53,1.02,1.13,19,35,39,6.6,5.5,2.9,0.7,0.62,0.32,24,20,11,1565617428,,,958,783,980,776,936,789,0.06771,0.26178,-0.96275,-0.05587,0.26299,-0.96318,3.951,4.305,4.127,,,,Valid,Valid,226.6,51.9,589.8,290.6,54.7,590.9,268.1,212.3,256.3,216.0,0.499,0.7246,0.5103,0.7183,0.4877,0.7308,Screen Recording,Screen Recording Recording16.mp4,1920,1080,0,0,960,540,Fixation,688,407,961,752,0.5005,0.696,,,,,,,,,,,
175045614,1604512752,Eye Tracker,LipReading,08/25/2025,YanTianming,Recording16,05/10/2025,05/10/2025,14:25:35.695,06:25:35.695,387686,Timeline1,Tobii I-VT (Fixation),1.241.54219,1080,1920,10.0,5.1,9.5,10.6,0.53,1.02,1.13,19,35,39,6.6,5.5,2.9,0.7,0.62,0.32,24,20,11,1565621428,,,954,779,974,776,934,783,0.06516,0.26172,-0.96294,-0.05679,0.26054,-0.96379,3.949,4.314,4.127,,,,Valid,Valid,226.6,51.9,589.8,290.6,54.7,590.9,266.6,212.2,255.7,214.4,0.497,0.7217,0.5073,0.7181,0.4867,0.7254,Screen Recording,Screen Recording Recording16.mp4,1920,1080,0,0,960,540,Fixation,688,407,961,752,0.5005,0.696,,,,,,,,,,,
175049614,1604516752,Eye Tracker,LipReading,08/25/2025,YanTianming,Recording16,05/10/2025,05/10/2025,14:25:35.695,06:25:35.695,387686,Timeline1,Tobii I-VT (Fixation),1.241.54219,1080,1920,10.0,5.1,9.5,10.6,0.53,1.02,1.13,19,35,39,6.6,5.5,2.9,0.7,0.62,0.32,24,20,11,1565625428,,,959,778,980,776,939,780,0.06783,0.26204,-0.96267,-0.05491,0.25932,-0.96423,3.955,4.302,4.129,,,,Valid,Valid,226.6,52.0,589.8,290.6,54.7,590.9,268.2,212.5,256.9,213.6,0.4997,0.7208,0.5104,0.7189,0.4889,0.7226,Screen Recording,Screen Recording Recording16.mp4,1920,1080,0,0,960,540,Fixation,688,407,961,752,0.5005,0.696,,,,,,,,,,,
175053614,1604520752,Eye Tracker,LipReading,08/25/2025,YanTianming,Recording16,05/10/2025,05/10/2025,14:25:35.695,06:25:35.695,387686,Timeline1,Tobii I-VT (Fixation),1.241.54219,1080,1920,10.0,5.1,9.5,10.6,0.53,1.02,1.13,19,35,39,6.6,5.5,2.9,0.7,0.62,0.32,24,20,11,1565629428,,,959,777,979,772,939,782,0.06737,0.2602,-0.9632,-0.05466,0.26017,-0.96401,3.949,4.31,4.133,,,,Valid,Valid,226.6,52.0,589.8,290.5,54.7,590.9,267.9,211.3,257.0,214.1,0.4995,0.7197,0.5098,0.7149,0.4892,0.7245,Screen Recording,Screen Recording Recording16.mp4,1920,1080,0,0,960,540,Fixation,688,407,961,752,0.5005,0.696,,,,,,,,,,,
175057614,1604524752,Eye Tracker,LipReading,08/25/2025,YanTianming,Recording16,05/10/2025,05/10/2025,14:25:35.695,06:25:35.695,387686,Timeline1,Tobii I-VT (Fixation),1.241.54219,1080,1920,10.0,5.1,9.5,10.6,0.53,1.02,1.13,19,35,39,6.6,5.5,2.9,0.7,0.62,0.32,24,20,11,1565633428,,,954,787,976,783,932,790,0.06599,0.26487,-0.96202,-0.05785,0.26344,-0.96294,3.962,4.308,4.132,,,,Valid,Valid,226.6,52.0,589.8,290.5,54.7,590.9,267.1,214.3,255.0,216.3,0.4968,0.7286,0.5083,0.7252,0.4854,0.7319,Screen Recording,Screen Recording Recording16.mp4,1920,1080,0,0,960,540,Fixation,688,407,961,752,0.5005,0.696,,,,,,,,,,,
175061614,1604528752,Eye Tracker,LipReading,08/25/2025,YanTianming,Recording16,05/10/2025,05/10/2025,14:25:35.695,06:25:35.695,387686,Timeline1,Tobii I-VT (Fixation),1.241.54219,1080,1920,10.0,5.1,9.5,10.6,0.53,1.02,1.13,19,35,39,6.6,5.5,2.9,0.7,0.62,0.32,24,20,11,1565637428,,,961,785,981,784,942,786,0.06811,0.26495,-0.96185,-0.0533,0.26166,-0.96369,3.965,4.314,4.132,,,,Valid,Valid,226.6,52.0,589.8,290.5,54.7,590.9,268.4,214.4,257.9,215.1,0.5008,0.7266,0.5108,0.7255,0.4907,0.7278,Screen Recording,Screen Recording Recording16.mp4,1920,1080,0,0,960,540,Fixation,688,407,961,752,0.5005,0.696,,,,,,,,,,,
175065614,1604532752,Eye Tracker,LipReading,08/25/2025,YanTianming,Recording16,05/10/2025,05/10/2025,14:25:35.695,06:25:35.695,387686,Timeline1,Tobii I-VT (Fixation),1.241.54219,1080,1920,10.0,5.1,9.5,10.6,0.53,1.02,1.13,19,35,39,6.6,5.5,2.9,0.7,0.62,0.32,24,20,11,1565641428,,,959,783,982,775,935,791,0.06899,0.2616,-0.96271,-0.05626,0.26377,-0.96294,3.942,4.309,4.131,,,,Valid,Valid,226.6,51.9,589.8,290.5,54.7,590.9,268.9,212.2,256.0,216.5,0.4995,0.7253,0.5117,0.718,0.4872,0.7326,Screen Recording,Screen Recording Recording16.mp4,1920,1080,0,0,960,540,Fixation,688,407,961,752,0.5005,0.696,,,,,,,,,,,
175069614,1604536752,Eye Tracker,LipReading,08/25/2025,YanTianming,Recording16,05/10/2025,05/10/2025,14:25:35.695,06:25:35.695,387686,Timeline1,Tobii I-VT (Fixation),1.241.54219,1080,1920,10.0,5.1,9.5,10.6,0.53,1.02,1.13,19,35,39,6.6,5.5,2.9,0.7,0.62,0.32,24,20,11,1565645428,,,958,784,980,786,936,783,0.06796,0.26578,-0.96163,-0.05613,0.26021,-0.96392,3.954,4.317,4.127,,,,Valid,Valid,226.6,52.0,589.8,290.5,54.7,590.9,268.3,215.0,256.1,214.2,0.499,0.726,0.5106,0.7273,0.4874,0.7247,Screen Recording,Screen Recording Recording16.mp4,1920,1080,0,0,960,540,Fixation,688,407,961,752,0.5005,0.696,,,,,,,,,,,
175073614,1604540752,Eye Tracker,LipReading,08/25/2025,YanTianming,Recording16,05/10/2025,05/10/2025,14:25:35.695,06:25:35.695,387686,Timeline1,Tobii I-VT (Fixation),1.241.54219,1080,1920,10.0,5.1,9.5,10.6,0.53,1.02,1.13,19,35,39,6.6,5.5,2.9,0.7,0.62,0.32,24,20,11,1565649428,,,960,784,986,781,933,787,0.07075,0.26366,-0.96202,-0.05725,0.26196,-0.96338,3.946,4.303,4.126,,,,Valid,Valid,226.6,52.0,589.8,290.5,54.7,590.9,270.0,213.6,255.4,215.4,0.4999,0.7257,0.5138,0.7227,0.4861,0.7286,Screen Recording,Screen Recording Recording16.mp4,1920,1080,0,0,960,540,Fixation,688,407,961,752,0.5005,0.696,,,,,,,,,,,
175077613,1604544751,Eye Tracker,LipReading,08/25/2025,YanTianming,Recording16,05/10/2025,05/10/2025,14:25:35.695,06:25:35.695,387686,Timeline1,Tobii I-VT (Fixation),1.241.54219,1080,1920,10.0,5.1,9.5,10.6,0.53,1.02,1.13,19,35,39,6.6,5.5,2.9,0.7,0.62,0.32,24,20,11,1565653428,,,958,779,980,776,937,783,0.0679,0.26162,-0.96278,-0.05556,0.26027,-0.96394,3.936,4.304,4.125,,,,Valid,Valid,226.6,52.0,589.7,290.5,54.7,590.9,268.2,212.3,256.5,214.2,0.4992,0.7215,0.5104,0.7181,0.4881,0.7249,Screen Recording,Screen Recording Recording16.mp4,1920,1080,0,0,960,540,Saccade,16,545,,,,,,,,,,,,,,,
175081613,1604548751,Eye Tracker,LipReading,08/25/2025,YanTianming,Recording16,05/10/2025,05/10/2025,14:25:35.695,06:25:35.695,387686,Timeline1,Tobii I-VT (Fixation),1.241.54219,1080,1920,10.0,5.1,9.5,10.6,0.53,1.02,1.13,19,35,39,6.6,5.5,2.9,0.7,0.62,0.32,24,20,11,1565657428,,,950,782,973,786,926,778,0.06499,0.26611,-0.96175,-0.06049,0.25808,-0.96423,3.943,4.326,4.123,,,,Valid,Valid,226.6,52.1,589.6,290.5,54.8,590.7,266.4,215.2,253.4,212.9,0.4946,0.7242,0.507,0.7281,0.4823,0.7203,Screen Recording,Screen Recording Recording16.mp4,1920,1080,0,0,960,540,Saccade,16,545,,,,,,,,,,,,,,,
175085613,1604552751,Eye Tracker,LipReading,08/25/2025,YanTianming,Recording16,05/10/2025,05/10/2025,14:25:35.695,06:25:35.695,387686,Timeline1,Tobii I-VT (Fixation),1.241.54219,1080,1920,10.0,5.1,9.5,10.6,0.53,1.02,1.13,19,35,39,6.6,5.5,2.9,0.7,0.62,0.32,24,20,11,1565661428,,,933,797,956,802,910,791,0.05698,0.27285,-0.96037,-0.06728,0.26336,-0.96235,3.947,4.296,4.118,,,,Valid,Valid,226.5,52.1,589.5,290.4,54.9,590.5,261.5,219.6,249.2,216.5,0.486,0.7377,0.4977,0.743,0.4742,0.7324,Screen Recording,Screen Recording Recording16.mp4,1920,1080,0,0,960,540,Saccade,16,545,,,,,,,,,,,,,,,
175089613,1604556751,Eye Tracker,LipReading,08/25/2025,YanTianming,Recording16,05/10/2025,05/10/2025,14:25:35.695,06:25:35.695,387686,Timeline1,Tobii I-VT (Fixation),1.241.54219,1080,1920,10.0,5.1,9.5,10.6,0.53,1.02,1.13,19,35,39,6.6,5.5,2.9,0.7,0.62,0.32,24,20,11,1565665428,,,923,791,939,796,907,787,0.04984,0.27013,-0.96153,-0.06898,0.26174,-0.96267,3.94,4.295,4.119,,,,Valid,Valid,226.5,52.1,589.5,290.4,54.9,590.5,257.1,217.7,248.1,215.4,0.4807,0.7328,0.4893,0.7367,0.4722,0.7289,Screen Recording,Screen Recording Recording16.mp4,1920,1080,0,0,960,540,Saccade,16,545,,,,,,,,,,,,,,,
175093613,1604560751,Eye Tracker,LipReading,08/25/2025,YanTianming,Recording16,05/10/2025,05/10/2025,14:25:35.695,06:25:35.695,387686,Timeline1,Tobii I-VT (Fixation),1.241.54219,1080,1920,10.0,5.1,9.5,10.6,0.53,1.02,1.13,19,35,39,6.6,5.5,2.9,0.7,0.62,0.32,24,20,11,1565669428,,,931,799,955,795,907,802,0.05679,0.26986,-0.96122,-0.06878,0.26777,-0.96103,3.935,4.271,4.118,,,,Valid,Valid,226.5,52.1,589.5,290.4,54.9,590.5,261.4,217.6,248.2,219.4,0.4848,0.7394,0.4974,0.7363,0.4723,0.7424,Screen Recording,Screen Recording Recording16.mp4,1920,1080,0,0,960,540,Fixation,1476,408,935,768,0.487,0.7113,,,,,,,,,,,
175097613,1604564751,Eye Tracker,LipReading,08/25/2025,YanTianming,Recording16,05/10/2025,05/10/2025,14:25:35.695,06:25:35.695,387686,Timeline1,Tobii I-VT (Fixation),1.241.54219,1080,1920,10.0,5.1,9.5,10.6,0.53,1.02,1.13,19,35,39,6.6,5.5,2.9,0.7,0.62,0.32,24,20,11,1565673428,,,935,787,958,789,913,785,0.05808,0.26742,-0.96183,-0.06615,0.26093,-0.96309,3.942,4.304,4.115,,,,Valid,Valid,226.5,52.1,589.5,290.4,54.9,590.5,262.1,216.0,249.9,214.9,0.4872,0.729,0.4989,0.7309,0.4755,0.7271,Screen Recording,Screen Recording Recording16.mp4,1920,1080,0,0,960,540,Fixation,1476,408,935,768,0.487,0.7113,,,,,,,,,,,
175101613,1604568751,Eye Tracker,LipReading,08/25/2025,YanTianming,Recording16,05/10/2025,05/10/2025,14:25:35.695,06:25:35.695,387686,Timeline1,Tobii I-VT (Fixation),1.241.54219,1080,1920,10.0,5.1,9.5,10.6,0.53,1.02,1.13,19,35,39,6.6,5.5,2.9,0.7,0.62,0.32,24,20,11,1565677428,,,933,787,951,788,914,786,0.05492,0.26677,-0.9622,-0.0655,0.26143,-0.963,3.917,4.298,4.115,,,,Valid,Valid,226.5,52.1,589.5,290.4,54.9,590.5,260.2,215.6,250.3,215.2,0.4857,0.7288,0.4952,0.7294,0.4763,0.7282,Screen Recording,Screen Recording Recording16.mp4,1920,1080,0,0,960,540,Fixation,1476,408,935,768,0.487,0.7113,,,,,,,,,,,
175105613,1604572751,Eye Tracker,LipReading,08/25/2025,YanTianming,Recording16,05/10/2025,05/10/2025,14:25:35.695,06:25:35.695,387686,Timeline1,Tobii I-VT (Fixation),1.241.54219,1080,1920,10.0,5.1,9.5,10.6,0.53,1.02,1.13,19,35,39,6.6,5.5,2.9,0.7,0.62,0.32,24,20,11,1565681428,,,936,795,956,796,917,793,0.05706,0.27037,-0.96106,-0.06425,0.26425,-0.96231,3.93,4.282,4.113,,,,Valid,Valid,226.5,52.1,589.5,290.4,54.9,590.5,261.5,218.0,251.0,217.1,0.4877,0.7359,0.4977,0.7375,0.4777,0.7344,Screen Recording,Screen Recording Recording16.mp4,1920,1080,0,0,960,540,Fixation,1476,408,935,768,0.487,0.7113,,,,,,,,,,,
175109613,1604576751,Eye Tracker,LipReading,08/25/2025,YanTianming,Recording16,05/10/2025,05/10/2025,14:25:35.695,06:25:35.695,387686,Timeline1,Tobii I-VT (Fixation),1.241.54219,1080,1920,10.0,5.1,9.5,10.6,0.53,1.02,1.13,19,35,39,6.6,5.5,2.9,0.7,0.62,0.32,24,20,11,1565685428,,,933,791,952,795,913,786,0.05544,0.26981,-0.96132,-0.06614,0.26143,-0.96295,3.934,4.295,4.106,,,,Valid,Valid,226.5,52.1,589.5,290.4,54.9,590.5,260.5,217.6,249.9,215.2,0.4857,0.7322,0.4958,0.7362,0.4756,0.7281,Screen Recording,Screen Recording Recording16.mp4,1920,1080,0,0,960,540,Fixation,1476,408,935,768,0.487,0.7113,,,,,,,,,,,
175113615,1604580753,Eye Tracker,LipReading,08/25/2025,YanTianming,Recording16,05/10/2025,05/10/2025,14:25:35.695,06:25:35.695,387686,Timeline1,Tobii I-VT (Fixation),1.241.54219,1080,1920,10.0,5.1,9.5,10.6,0.53,1.02,1.13,19,35,39,6.6,5.5,2.9,0.7,0.62,0.32,24,20,11,1565689430,,,934,783,954,787,915,780,0.05645,0.26635,-0.96222,-0.06551,0.25882,-0.9637,3.924,4.286,4.108,,,,Valid,Valid,226.5,52.1,589.5,290.5,54.9,590.6,261.1,215.3,250.3,213.5,0.4867,0.7254,0.497,0.7284,0.4764,0.7223,Screen Recording,Screen Recording Recording16.mp4,1920,1080,0,0,960,540,Fixation,1476,408,935,768,0.487,0.7113,,,,,,,,,,,
175117615,1604584753,Eye Tracker,LipReading,08/25/2025,YanTianming,Recording16,05/10/2025,05/10/2025,14:25:35.695,06:25:35.695,387686,Timeline1,Tobii I-VT (Fixation),1.241.54219,1080,1920,10.0,5.1,9.5,10.6,0.53,1.02,1.13,19,35,39,6.6,5.5,2.9,0.7,0.62,0.32,24,20,11,1565693430,,,936,789,955,789,918,790,0.05678,0.26714,-0.96198,-0.06406,0.26289,-0.9627,3.926,4.282,4.114,,,,Valid,Valid,226.6,52.1,589.5,290.5,54.9,590.6,261.4,215.8,251.2,216.1,0.4877,0.7307,0.4974,0.7302,0.478,0.7313,Screen Recording,Screen Recording Recording16.mp4,1920,1080,0,0,960,540,Fixation,1476,408,935,768,0.487,0.7113,,,,,,,,,,,
175121615,1604588753,Eye Tracker,LipReading,08/25/2025,YanTianming,Recording16,05/10/2025,05/10/2025,14:25:35.695,06:25:35.695,387686,Timeline1,Tobii I-VT (Fixation),1.241.54219,1080,1920,10.0,5.1,9.5,10.6,0.53,1.02,1.13,19,35,39,6.6,5.5,2.9,0.7,0.62,0.32,24,20,11,1565697430,,,935,793,959,796,912,790,0.05852,0.2703,-0.961,-0.06683,0.26307,-0.96246,3.95,4.297,4.113,,,,Valid,Valid,226.6,52.1,589.5,290.5,54.8,590.7,262.5,217.9,249.5,216.3,0.4871,0.7345,0.4995,0.7373,0.4748,0.7317,Screen Recording,Screen Recording Recording16.mp4,1920,1080,0,0,960,540,Fixation,1476,408,935,768,0.487,0.7113,,,,,,,,,,,
175125615,1604592753,Eye Tracker,LipReading,08/25/2025,YanTianming,Recording16,05/10/2025,05/10/2025,14:25:35.695,06:25:35.695,387686,Timeline1,Tobii I-VT (Fixation),1.241.54219,1080,1920,10.0,5.1,9.5,10.6,0.53,1.02,1.13,19,35,39,6.6,5.5,2.9,0.7,0.62,0.32,24,20,11,1565701430,,,940,790,962,794,918,785,0.05983,0.2692,-0.96122,-0.06386,0.26111,-0.9632,3.938,4.293,4.116,,,,Valid,Valid,226.6,52.1,589.5,290.5,54.8,590.7,263.3,217.2,251.3,214.9,0.4897,0.731,0.501,0.7348,0.4783,0.7272,Screen Recording,Screen Recording Recording16.mp4,1920,1080,0,0,960,540,Fixation,1476,408,935,768,0.487,0.7113,,,,,,,,,,,
175129615,1604596753,Eye Tracker,LipReading,08/25/2025,YanTianming,Recording16,05/10/2025,05/10/2025,14:25:35.695,06:25:35.695,387686,Timeline1,Tobii I-VT (Fixation),1.241.54219,1080,1920,10.0,5.1,9.5,10.6,0.53,1.02,1.13,19,35,39,6.6,5.5,2.9,0.7,0.62,0.32,24,20,11,1565705430,,,938,797,956,795,920,799,0.05728,0.26983,-0.9612,-0.06327,0.26695,-0.96163,3.945,4.287,4.118,,,,Valid,Valid,226.6,52.1,589.5,290.5,54.8,590.8,261.7,217.6,251.6,218.8,0.4885,0.7382,0.4981,0.7362,0.4789,0.7402,Screen Recording,Screen Recording Recording16.mp4,1920,1080,0,0,960,540,Fixation,1476,408,935,768,0.487,0.7113,,,,,,,,,,,
175133615,1604600753,Eye Tracker,LipReading,08/25/2025,YanTianming,Recording16,05/10/2025,05/10/2025,14:25:35.695,06:25:35.695,387686,Timeline1,Tobii I-VT (Fixation),1.241.54219,1080,1920,10.0,5.1,9.5,10.6,0.53,1.02,1.13,19,35,39,6.6,5.5,2.9,0.7,0.62,0.32,24,20,11,1565709430,,,939,789,961,789,917,789,0.05926,0.2671,-0.96184,-0.06426,0.26278,-0.96271,3.929,4.304,4.116,,,,Valid,Valid,226.6,52.1,589.6,290.5,54.8,590.8,262.9,215.8,251.1,216.0,0.4891,0.7305,0.5004,0.7301,0.4779,0.7309,Screen Recording,Screen Recording Recording16.mp4,1920,1080,0,0,960,540,Fixation,1476,408,935,768,0.487,0.7113,,,,,,,,,,,
175137615,1604604753,Eye Tracker,LipReading,08/25/2025,YanTianming,Recording16,05/10/2025,05/10/2025,14:25:35.695,06:25:35.695,387686,Timeline1,Tobii I-VT (Fixation),1.241.54219,1080,1920,10.0,5.1,9.5,10.6,0.53,1.02,1.13,19,35,39,6.6,5.5,2.9,0.7,0.62,0.32,24,20,11,1565713430,,,934,794,953,792,915,796,0.05571,0.2685,-0.96167,-0.06533,0.2653,-0.96195,3.914,4.306,4.108,,,,Valid,Valid,226.6,52.1,589.6,290.5,54.8,590.8,260.8,216.7,250.4,217.7,0.4864,0.7349,0.4963,0.7331,0.4766,0.7366,Screen Recording,Screen Recording Recording16.mp4,1920,1080,0,0,960,540,Fixation,1476,408,935,768,0.487,0.7113,,,,,,,,,,,
175141615,1604608753,Eye Tracker,LipReading,08/25/2025,YanTianming,Recording16,05/10/2025,05/10/2025,14:25:35.695,06:25:35.695,387686,Timeline1,Tobii I-VT (Fixation),1.241.54219,1080,1920,10.0,5.1,9.5,10.6,0.53,1.02,1.13,19,35,39,6.6,5.5,2.9,0.7,0.62,0.32,24,20,11,1565717430,,,935,801,955,802,915,800,0.05658,0.27274,-0.96042,-0.06535,0.26694,-0.96149,3.948,4.28,4.113,,,,Valid,Valid,226.6,52.1,589.5,290.5,54.8,590.7,261.4,219.5,250.4,218.8,0.487,0.7415,0.4974,0.7426,0.4765,0.7403,Screen Recording,Screen Recording Recording16.mp4,1920,1080,0,0,960,540,Fixation,1476,408,935,768,0.487,0.7113,,,,,,,,,,,
175145615,1604612753,Eye Tracker,LipReading,08/25/2025,YanTianming,Recording16,05/10/2025,05/10/2025,14:25:35.695,06:25:35.695,387686,Timeline1,Tobii I-VT (Fixation),1.241.54219,1080,1920,10.0,5.1,9.5,10.6,0.53,1.02,1.13,19,35,39,6.6,5.5,2.9,0.7,0.62,0.32,24,20,11,1565721430,,,933,791,955,790,911,793,0.05661,0.26758,-0.96187,-0.06732,0.26422,-0.96211,3.925,4.277,4.111,,,,Valid,Valid,226.7,52.1,589.5,290.6,54.8,590.7,261.4,216.1,249.2,217.0,0.4859,0.7327,0.4974,0.7311,0.4743,0.7343,Screen Recording,Screen Recording Recording16.mp4,1920,1080,0,0,960,540,Fixation,1476,408,935,768,0.487,0.7113,,,,,,,,,,,
175149615,1604616753,Eye Tracker,LipReading,08/25/2025,YanTianming,Recording16,05/10/2025,05/10/2025,14:25:35.695,06:25:35.695,387686,Timeline1,Tobii I-VT (Fixation),1.241.54219,1080,1920,10.0,5.1,9.5,10.6,0.53,1.02,1.13,19,35,39,6.6,5.5,2.9,0.7,0.62,0.32,24,20,11,1565725430,,,932,792,950,791,914,793,0.05457,0.26828,-0.96179,-0.06595,0.26419,-0.96221,3.938,4.297,4.11,,,,Valid,Valid,226.7,52.1,589.6,290.6,54.9,590.6,260.1,216.5,250.1,217.0,0.4855,0.7334,0.495,0.7326,0.476,0.7343,Screen Recording,Screen Recording Recording16.mp4,1920,1080,0,0,960,540,Fixation,1476,408,935,768,0.487,0.7113,,,,,,,,,,,
175153615,1604620753,Eye Tracker,LipReading,08/25/2025,YanTianming,Recording16,05/10/2025,05/10/2025,14:25:35.695,06:25:35.695,387686,Timeline1,Tobii I-VT (Fixation),1.241.54219,1080,1920,10.0,5.1,9.5,10.6,0.53,1.02,1.13,19,35,39,6.6,5.5,2.9,0.7,0.62,0.32,24,20,11,1565729430,,,932,791,954,787,910,795,0.05604,0.26656,-0.96219,-0.06758,0.26507,-0.96186,3.914,4.308,4.11,,,,Valid,Valid,226.7,52.1,589.5,290.6,54.9,590.5,261.0,215.4,249.1,217.6,0.4854,0.7326,0.4968,0.7288,0.4741,0.7363,Screen Recording,Screen Recording Recording16.mp4,1920,1080,0,0,960,540,Fixation,1476,408,935,768,0.487,0.7113,,,,,,,,,,,
175157615,1604624753,Eye Tracker,LipReading,08/25/2025,YanTianming,Recording16,05/10/2025,05/10/2025,14:25:35.695,06:25:35.695,387686,Timeline1,Tobii I-VT (Fixation),1.241.54219,1080,1920,10.0,5.1,9.5,10.6,0.53,1.02,1.13,19,35,39,6.6,5.5,2.9,0.7,0.62,0.32,24,20,11,1565733430,,,924,789,943,784,906,794,0.05111,0.26546,-0.96277,-0.06947,0.26433,-0.96193,3.905,4.295,4.113,,,,Valid,Valid,226.7,52.1,589.5,290.6,54.9,590.4,258.0,214.6,248.0,217.2,0.4814,0.7305,0.491,0.7262,0.4719,0.7348,Screen Recording,Screen Recording Recording16.mp4,1920,1080,0,0,960,540,Fixation,1476,408,935,768,0.487,0.7113,,,,,,,,,,,
175161615,1604628753,Eye Tracker,LipReading,08/25/2025,YanTianming,Recording16,05/10/2025,05/10/2025,14:25:35.695,06:25:35.695,387686,Timeline1,Tobii I-VT (Fixation),1.241.54219,1080,1920,10.0,5.1,9.5,10.6,0.53,1.02,1.13,19,35,39,6.6,5.5,2.9,0.7,0.62,0.32,24,20,11,1565737430,,,929,795,949,795,909,795,0.05364,0.26987,-0.9614,-0.0683,0.26504,-0.96182,3.939,4.284,4.11,,,,Valid,Valid,226.7,52.1,589.5,290.6,55.0,590.4,259.6,217.6,248.7,217.7,0.4837,0.7363,0.494,0.7362,0.4733,0.7364,Screen Recording,Screen Recording Recording16.mp4,1920,1080,0,0,960,540,Fixation,1476,408,935,768,0.487,0.7113,,,,,,,,,,,
175165614,1604632752,Eye Tracker,LipReading,08/25/2025,YanTianming,Recording16,05/10/2025,05/10/2025,14:25:35.695,06:25:35.695,387686,Timeline1,Tobii I-VT (Fixation),1.241.54219,1080,1920,10.0,5.1,9.5,10.6,0.53,1.02,1.13,19,35,39,6.6,5.5,2.9,0.7,0.62,0.32,24,20,11,1565741430,,,929,790,946,786,912,794,0.0527,0.26623,-0.96247,-0.06691,0.26456,-0.96205,3.93,4.282,4.105,,,,Valid,Valid,226.7,52.1,589.4,290.6,55.0,590.3,259.0,215.2,249.5,217.3,0.4839,0.7316,0.4929,0.728,0.4749,0.7353,Screen Recording,Screen Recording Recording16.mp4,1920,1080,0,0,960,540,Fixation,1476,408,935,768,0.487,0.7113,,,,,,,,,,,
175169614,1604636752,Eye Tracker,LipReading,08/25/2025,YanTianming,Recording16,05/10/2025,05/10/2025,14:25:35.695,06:25:35.695,387686,Timeline1,Tobii I-VT (Fixation),1.241.54219,1080,1920,10.0,5.1,9.5,10.6,0.53,1.02,1.13,19,35,39,6.6,5.5,2.9,0.7,0.62,0.32,24,20,11,1565745430,,,930,792,947,796,913,787,0.05308,0.27042,-0.96128,-0.06653,0.2616,-0.96288,3.925,4.309,4.105,,,,Valid,Valid,226.7,52.1,589.4,290.6,55.0,590.3,259.3,217.9,249.8,215.4,0.4845,0.733,0.4934,0.7374,0.4755,0.7287,Screen Recording,Screen Recording Recording16.mp4,1920,1080,0,0,960,540,Fixation,1476,408,935,768,0.487,0.7113,,,,,,,,,,,
175173614,1604640752,Eye Tracker,LipReading,08/25/2025,YanTianming,Recording16,05/10/2025,05/10/2025,14:25:35.695,06:25:35.695,387686,Timeline1,Tobii I-VT (Fixation),1.241.54219,1080,1920,10.0,5.1,9.5,10.6,0.53,1.02,1.13,19,35,39,6.6,5.5,2.9,0.7,0.62,0.32,24,20,11,1565749430,,,930,799,949,797,912,801,0.05358,0.27075,-0.96116,-0.06705,0.26739,-0.96125,3.924,4.274,4.103,,,,Valid,Valid,226.7,52.1,589.4,290.6,55.0,590.3,259.6,218.2,249.4,219.2,0.4844,0.7399,0.494,0.7381,0.4747,0.7417,Screen Recording,Screen Recording Recording16.mp4,1920,1080,0,0,960,540,Fixation,1476,408,935,768,0.487,0.7113,,,,,,,,,,,
175177614,1604644752,Eye Tracker,LipReading,08/25/2025,YanTianming,Recording16,05/10/2025,05/10/2025,14:25:35.695,06:25:35.695,387686,Timeline1,Tobii I-VT (Fixation),1.241.54219,1080,1920,10.0,5.1,9.5,10.6,0.53,1.02,1.13,19,35,39,6.6,5.5,2.9,0.7,0.62,0.32,24,20,11,1565753430,,,932,792,950,789,914,794,0.05443,0.26751,-0.96202,-0.06617,0.26444,-0.96213,3.914,4.296,4.094,,,,Valid,Valid,226.7,52.2,589.4,290.6,55.0,590.3,260.1,216.0,250.0,217.3,0.4854,0.733,0.495,0.7309,0.4758,0.7351,Screen Recording,Screen Recording Recording16.mp4,1920,1080,0,0,960,540,Fixation,1476,408,935,768,0.487,0.7113,,,,,,,,,,,
175181614,1604648752,Eye Tracker,LipReading,08/25/2025,YanTianming,Recording16,05/10/2025,05/10/2025,14:25:35.695,06:25:35.695,387686,Timeline1,Tobii I-VT (Fixation),1.241.54219,1080,1920,10.0,5.1,9.5,10.6,0.53,1.02,1.13,19,35,39,6.6,5.5,2.9,0.7,0.62,0.32,24,20,11,1565757430,,,931,788,952,782,910,793,0.05509,0.26461,-0.96278,-0.06772,0.26397,-0.96215,3.911,4.264,4.094,,,,Valid,Valid,226.7,52.2,589.4,290.6,55.0,590.3,260.5,214.1,249.1,217.0,0.4849,0.7293,0.4957,0.7245,0.474,0.7341,Screen Recording,Screen Recording Recording16.mp4,1920,1080,0,0,960,540,Fixation,1476,408,935,768,0.487,0.7113,,,,,,,,,,,
175185614,1604652752,Eye Tracker,LipReading,08/25/2025,YanTianming,Recording16,05/10/2025,05/10/2025,14:25:35.695,06:25:35.695,387686,Timeline1,Tobii I-VT (Fixation),1.241.54219,1080,1920,10.0,5.1,9.5,10.6,0.53,1.02,1.13,19,35,39,6.6,5.5,2.9,0.7,0.62,0.32,24,20,11,1565761430,,,932,784,947,786,916,782,0.05284,0.26612,-0.96249,-0.06505,0.25962,-0.96352,3.886,4.257,4.087,,,,Valid,Valid,226.7,52.2,589.3,290.6,55.0,590.3,259.1,215.1,250.8,214.1,0.4852,0.726,0.4931,0.7278,0.4773,0.7243,Screen Recording,Screen Recording Recording16.mp4,1920,1080,0,0,960,540,Fixation,1476,408,935,768,0.487,0.7113,,,,,,,,,,,
175189614,1604656752,Eye Tracker,LipReading,08/25/2025,YanTianming,Recording16,05/10/2025,05/10/2025,14:25:35.695,06:25:35.695,387686,Timeline1,Tobii I-VT (Fixation),1.241.54219,1080,1920,10.0,5.1,9.5,10.6,0.53,1.02,1.13,19,35,39,6.6,5.5,2.9,0.7,0.62,0.32,24,20,11,1565765430,,,934,796,953,795,915,797,0.05579,0.26987,-0.96128,-0.06568,0.26578,-0.96179,3.921,4.275,4.086,,,,Valid,Valid,226.7,52.2,589.4,290.6,55.0,590.2,260.9,217.6,250.3,218.1,0.4865,0.7372,0.4966,0.7363,0.4764,0.7381,Screen Recording,Screen Recording Recording16.mp4,1920,1080,0,0,960,540,Fixation,1476,408,935,768,0.487,0.7113,,,,,,,,,,,
175193614,1604660752,Eye Tracker,LipReading,08/25/2025,YanTianming,Recording16,05/10/2025,05/10/2025,14:25:35.695,06:25:35.695,387686,Timeline1,Tobii I-VT (Fixation),1.241.54219,1080,1920,10.0,5.1,9.5,10.6,0.53,1.02,1.13,19,35,39,6.6,5.5,2.9,0.7,0.62,0.32,24,20,11,1565769430,,,930,790,948,792,913,788,0.05338,0.26863,-0.96176,-0.06664,0.26197,-0.96277,3.909,4.263,4.083,,,,Valid,Valid,226.7,52.2,589.3,290.6,55.1,590.2,259.4,216.8,249.8,215.7,0.4846,0.7315,0.4938,0.7334,0.4754,0.7296,Screen Recording,Screen Recording Recording16.mp4,1920,1080,0,0,960,540,Fixation,1476,408,935,768,0.487,0.7113,,,,,,,,,,,
175197614,1604664752,Eye Tracker,LipReading,08/25/2025,YanTianming,Recording16,05/10/2025,05/10/2025,14:25:35.695,06:25:35.695,387686,Timeline1,Tobii I-VT (Fixation),1.241.54219,1080,1920,10.0,5.1,9.5,10.6,0.53,1.02,1.13,19,35,39,6.6,5.5,2.9,0.7,0.62,0.32,24,20,11,1565773430,,,931,787,950,778,913,795,0.05434,0.26294,-0.96328,-0.06648,0.265,-0.96195,3.896,4.264,4.083,,,,Valid,Valid,226.7,52.2,589.3,290.6,55.1,590.2,260.0,213.0,249.8,217.7,0.4851,0.7286,0.4948,0.7208,0.4755,0.7364,Screen Recording,Screen Recording Recording16.mp4,1920,1080,0,0,960,540,Fixation,1476,408,935,768,0.487,0.7113,,,,,,,,,,,
175201614,1604668752,Eye Tracker,LipReading,08/25/2025,YanTianming,Recording16,05/10/2025,05/10/2025,14:25:35.695,06:25:35.695,387686,Timeline1,Tobii I-VT (Fixation),1.241.54219,1080,1920,10.0,5.1,9.5,10.6,0.53,1.02,1.13,19,35,39,6.6,5.5,2.9,0.7,0.62,0.32,24,20,11,1565777430,,,932,788,948,778,917,798,0.05337,0.26261,-0.96342,-0.06461,0.26604,-0.96179,3.901,4.264,4.08,,,,Valid,Valid,226.7,52.2,589.4,290.6,55.1,590.2,259.4,212.8,251.0,218.3,0.4856,0.7294,0.4936,0.72,0.4776,0.7387,Screen Recording,Screen Recording Recording16.mp4,1920,1080,0,0,960,540,Fixation,1476,408,935,768,0.487,0.7113,,,,,,,,,,,
175205614,1604672752,Eye Tracker,LipReading,08/25/2025,YanTianming,Recording16,05/10/2025,05/10/2025,14:25:35.695,06:25:35.695,387686,Timeline1,Tobii I-VT (Fixation),1.241.54219,1080,1920,10.0,5.1,9.5,10.6,0.53,1.02,1.13,19,35,39,6.6,5.5,2.9,0.7,0.62,0.32,24,20,11,1565781430,,,928,789,944,782,912,797,0.05185,0.26446,-0.963,-0.06692,0.26544,-0.9618,3.894,4.281,4.086,,,,Valid,Valid,226.7,52.2,589.4,290.6,55.1,590.1,258.5,214.0,249.5,218.0,0.4834,0.7308,0.4919,0.7241,0.4749,0.7375,Screen Recording,Screen Recording Recording16.mp4,1920,1080,0,0,960,540,Fixation,1476,408,935,768,0.487,0.7113,,,,,,,,,,,
175209614,1604676752,Eye Tracker,LipReading,08/25/2025,YanTianming,Recording16,05/10/2025,05/10/2025,14:25:35.695,06:25:35.695,387686,Timeline1,Tobii I-VT (Fixation),1.241.54219,1080,1920,10.0,5.1,9.5,10.6,0.53,1.02,1.13,19,35,39,6.6,5.5,2.9,0.7,0.62,0.32,24,20,11,1565785430,,,930,791,946,781,914,801,0.05279,0.26411,-0.96305,-0.06609,0.2675,-0.96129,3.882,4.285,4.086,,,,Valid,Valid,226.7,52.2,589.4,290.6,55.1,590.2,259.0,213.8,250.0,219.3,0.4844,0.7327,0.493,0.7234,0.4758,0.7421,Screen Recording,Screen Recording Recording16.mp4,1920,1080,0,0,960,540,Fixation,1476,408,935,768,0.487,0.7113,,,,,,,,,,,
175213614,1604680752,Eye Tracker,LipReading,08/25/2025,YanTianming,Recording16,05/10/2025,05/10/2025,14:25:35.695,06:25:35.695,387686,Timeline1,Tobii I-VT (Fixation),1.241.54219,1080,1920,10.0,5.1,9.5,10.6,0.53,1.02,1.13,19,35,39,6.6,5.5,2.9,0.7,0.62,0.32,24,20,11,1565789430,,,930,790,947,778,914,802,0.05293,0.26265,-0.96344,-0.06596,0.26784,-0.9612,3.895,4.278,4.086,,,,Valid,Valid,226.7,52.2,589.4,290.6,55.1,590.2,259.1,212.8,250.1,219.6,0.4845,0.7315,0.4931,0.7201,0.476,0.7429,Screen Recording,Screen Recording Recording16.mp4,1920,1080,0,0,960,540,Fixation,1476,408,935,768,0.487,0.7113,,,,,,,,,,,
175217614,1604684752,Eye Tracker,LipReading,08/25/2025,YanTianming,Recording16,05/10/2025,05/10/2025,14:25:35.695,06:25:35.695,387686,Timeline1,Tobii I-VT (Fixation),1.241.54219,1080,1920,10.0,5.1,9.5,10.6,0.53,1.02,1.13,19,35,39,6.6,5.5,2.9,0.7,0.62,0.32,24,20,11,1565793430,,,930,794,950,791,910,798,0.05422,0.26806,-0.96187,-0.06766,0.26604,-0.96158,3.918,4.266,4.082,,,,Valid,Valid,226.7,52.2,589.4,290.6,55.1,590.2,259.9,216.4,249.0,218.4,0.4843,0.7356,0.4947,0.7323,0.474,0.7389,Screen Recording,Screen Recording Recording16.mp4,1920,1080,0,0,960,540,Fixation,1476,408,935,768,0.487,0.7113,,,,,,,,,,,
175221614,1604688752,Eye Tracker,LipReading,08/25/2025,YanTianming,Recording16,05/10/2025,05/10/2025,14:25:35.695,06:25:35.695,387686,Timeline1,Tobii I-VT (Fixation),1.241.54219,1080,1920,10.0,5.1,9.5,10.6,0.53,1.02,1.13,19,35,39,6.6,5.5,2.9,0.7,0.62,0.32,24,20,11,1565797430,,,931,791,949,773,913,809,0.05424,0.26059,-0.96392,-0.06635,0.27042,-0.96045,3.895,4.27,4.084,,,,Valid,Valid,226.7,52.2,589.4,290.6,55.1,590.3,259.8,211.5,249.8,221.3,0.485,0.7322,0.4945,0.7157,0.4754,0.7486,Screen Recording,Screen Recording Recording16.mp4,1920,1080,0,0,960,540,Fixation,1476,408,935,768,0.487,0.7113,,,,,,,,,,,
175225614,1604692752,Eye Tracker,LipReading,08/25/2025,YanTianming,Recording16,05/10/2025,05/10/2025,14:25:35.695,06:25:35.695,387686,Timeline1,Tobii I-VT (Fixation),1.241.54219,1080,1920,10.0,5.1,9.5,10.6,0.53,1.02,1.13,19,35,39,6.6,5.5,2.9,0.7,0.62,0.32,24,20,11,1565801430,,,932,786,953,772,912,800,0.05576,0.26019,-0.96395,-0.06693,0.26672,-0.96145,3.899,4.269,4.084,,,,Valid,Valid,226.7,52.2,589.3,290.6,55.0,590.4,260.8,211.3,249.5,218.8,0.4855,0.7276,0.4963,0.7149,0.4748,0.7404,Screen Recording,Screen Recording Recording16.mp4,1920,1080,0,0,960,540,Fixation,1476,408,935,768,0.487,0.7113,,,,,,,,,,,
175229613,1604696751,Eye Tracker,LipReading,08/25/2025,YanTianming,Recording16,05/10/2025,05/10/2025,14:25:35.695,06:25:35.695,387686,Timeline1,Tobii I-VT (Fixation),1.241.54219,1080,1920,10.0,5.1,9.5,10.6,0.53,1.02,1.13,19,35,39,6.6,5.5,2.9,0.7,0.62,0.32,24,20,11,1565805430,,,935,795,960,790,910,801,0.05871,0.26743,-0.96179,-0.06776,0.26712,-0.96128,3.912,4.269,4.084,,,,Valid,Valid,226.6,52.2,589.4,290.6,55.0,590.6,262.6,216.1,248.9,219.1,0.4868,0.7362,0.4998,0.7311,0.4738,0.7412,Screen Recording,Screen Recording Recording16.mp4,1920,1080,0,0,960,540,Fixation,1476,408,935,768,0.487,0.7113,,,,,,,,,,,
175233613,1604700751,Eye Tracker,LipReading,08/25/2025,YanTianming,Recording16,05/10/2025,05/10/2025,14:25:35.695,06:25:35.695,387686,Timeline1,Tobii I-VT (Fixation),1.241.54219,1080,1920,10.0,5.1,9.5,10.6,0.53,1.02,1.13,19,35,39,6.6,5.5,2.9,0.7,0.62,0.32,24,20,11,1565809430,,,933,795,956,784,910,806,0.05734,0.26507,-0.96252,-0.06734,0.26929,-0.9607,3.895,4.268,4.084,,,,Valid,Valid,226.6,52.3,589.3,290.6,54.9,590.6,261.7,214.5,249.2,220.5,0.4861,0.736,0.4981,0.7259,0.4742,0.7461,Screen Recording,Screen Recording Recording16.mp4,1920,1080,0,0,960,540,Fixation,1476,408,935,768,0.487,0.7113,,,,,,,,,,,
175237613,1604704751,Eye Tracker,LipReading,08/25/2025,YanTianming,Recording16,05/10/2025,05/10/2025,14:25:35.695,06:25:35.695,387686,Timeline1,Tobii I-VT (Fixation),1.241.54219,1080,1920,10.0,5.1,9.5,10.6,0.53,1.02,1.13,19,35,39,6.6,5.5,2.9,0.7,0.62,0.32,24,20,11,1565813430,,,933,792,956,778,910,805,0.05711,0.26278,-0.96316,-0.06751,0.26897,-0.96078,3.898,4.28,4.095,,,,Valid,Valid,226.6,52.3,589.3,290.5,54.9,590.7,261.5,213.0,249.0,220.3,0.4858,0.7331,0.4978,0.7208,0.4739,0.7454,Screen Recording,Screen Recording Recording16.mp4,1920,1080,0,0,960,540,Fixation,1476,408,935,768,0.487,0.7113,,,,,,,,,,,
175241610,1604708748,Eye Tracker,LipReading,08/25/2025,YanTianming,Recording16,05/10/2025,05/10/2025,14:25:35.695,06:25:35.695,387686,Timeline1,Tobii I-VT (Fixation),1.241.54219,1080,1920,10.0,5.1,9.5,10.6,0.53,1.02,1.13,19,35,39,6.6,5.5,2.9,0.7,0.62,0.32,24,20,11,1565817427,,,939,799,963,795,915,803,0.06014,0.2696,-0.96109,-0.06531,0.26808,-0.96118,3.925,4.277,4.088,,,,Valid,Valid,226.6,52.3,589.3,290.5,55.0,590.6,263.5,217.6,250.4,219.7,0.489,0.7397,0.5014,0.7361,0.4765,0.7434,Screen Recording,Screen Recording Recording16.mp4,1920,1080,0,0,960,540,Fixation,1476,408,935,768,0.487,0.7113,,,,,,,,,,,
175245610,1604712748,Eye Tracker,LipReading,08/25/2025,YanTianming,Recording16,05/10/2025,05/10/2025,14:25:35.695,06:25:35.695,387686,Timeline1,Tobii I-VT (Fixation),1.241.54219,1080,1920,10.0,5.1,9.5,10.6,0.53,1.02,1.13,19,35,39,6.6,5.5,2.9,0.7,0.62,0.32,24,20,11,1565821427,,,935,797,954,786,917,809,0.05627,0.26571,-0.96241,-0.06427,0.27043,-0.96059,3.919,4.279,4.088,,,,Valid,Valid,226.6,52.3,589.3,290.5,55.0,590.5,261.0,215.0,251.0,221.3,0.4872,0.738,0.4968,0.7274,0.4777,0.7486,Screen Recording,Screen Recording Recording16.mp4,1920,1080,0,0,960,540,Fixation,1476,408,935,768,0.487,0.7113,,,,,,,,,,,
175249610,1604716748,Eye Tracker,LipReading,08/25/2025,YanTianming,Recording16,05/10/2025,05/10/2025,14:25:35.695,06:25:35.695,387686,Timeline1,Tobii I-VT (Fixation),1.241.54219,1080,1920,10.0,5.1,9.5,10.6,0.53,1.02,1.13,19,35,39,6.6,5.5,2.9,0.7,0.62,0.32,24,20,11,1565825427,,,937,787,956,767,918,806,0.0576,0.25796,-0.96444,-0.06367,0.26952,-0.96089,3.891,4.259,4.094,,,,Valid,Valid,226.6,52.3,589.3,290.5,55.1,590.5,261.8,209.9,251.4,220.7,0.4883,0.7284,0.4982,0.7102,0.4784,0.7466,Screen Recording,Screen Recording Recording16.mp4,1920,1080,0,0,960,540,Fixation,1476,408,935,768,0.487,0.7113,,,,,,,,,,,
175253610,1604720748,Eye Tracker,LipReading,08/25/2025,YanTianming,Recording16,05/10/2025,05/10/2025,14:25:35.695,06:25:35.695,387686,Timeline1,Tobii I-VT (Fixation),1.241.54219,1080,1920,10.0,5.1,9.5,10.6,0.53,1.02,1.13,19,35,39,6.6,5.5,2.9,0.7,0.62,0.32,24,20,11,1565829427,,,936,784,953,764,919,804,0.05599,0.25666,-0.96488,-0.06349,0.26861,-0.96115,3.892,4.268,4.09,,,,Valid,Valid,226.6,52.3,589.3,290.5,55.1,590.4,260.8,209.0,251.5,220.1,0.4874,0.726,0.4962,0.7073,0.4786,0.7447,Screen Recording,Screen Recording Recording16.mp4,1920,1080,0,0,960,540,Fixation,1476,408,935,768,0.487,0.7113,,,,,,,,,,,
175257610,1604724748,Eye Tracker,LipReading,08/25/2025,YanTianming,Recording16,05/10/2025,05/10/2025,14:25:35.695,06:25:35.695,387686,Timeline1,Tobii I-VT (Fixation),1.241.54219,1080,1920,10.0,5.1,9.5,10.6,0.53,1.02,1.13,19,35,39,6.6,5.5,2.9,0.7,0.62,0.32,24,20,11,1565833427,,,931,796,947,784,916,807,0.05321,0.26515,-0.96274,-0.06468,0.26991,-0.96071,3.923,4.264,4.09,,,,Valid,Valid,226.5,52.3,589.3,290.4,55.1,590.3,259.1,214.6,250.7,221.0,0.4851,0.7369,0.4931,0.7261,0.4771,0.7477,Screen Recording,Screen Recording Recording16.mp4,1920,1080,0,0,960,540,Fixation,1476,408,935,768,0.487,0.7113,,,,,,,,,,,
175261610,1604728748,Eye Tracker,LipReading,08/25/2025,YanTianming,Recording16,05/10/2025,05/10/2025,14:25:35.695,06:25:35.695,387686,Timeline1,Tobii I-VT (Fixation),1.241.54219,1080,1920,10.0,5.1,9.5,10.6,0.53,1.02,1.13,19,35,39,6.6,5.5,2.9,0.7,0.62,0.32,24,20,11,1565837427,,,935,790,953,779,917,800,0.0562,0.26303,-0.96315,-0.06444,0.26671,-0.96162,3.911,4.271,4.094,,,,Valid,Valid,226.5,52.3,589.3,290.4,55.1,590.3,260.9,213.2,250.9,218.9,0.487,0.731,0.4966,0.7215,0.4775,0.7405,Screen Recording,Screen Recording Recording16.mp4,1920,1080,0,0,960,540,Fixation,1476,408,935,768,0.487,0.7113,,,,,,,,,,,
175265610,1604732748,Eye Tracker,LipReading,08/25/2025,YanTianming,Recording16,05/10/2025,05/10/2025,14:25:35.695,06:25:35.695,387686,Timeline1,Tobii I-VT (Fixation),1.241.54219,1080,1920,10.0,5.1,9.5,10.6,0.53,1.02,1.13,19,35,39,6.6,5.5,2.9,0.7,0.62,0.32,24,20,11,1565841427,,,933,786,951,777,915,796,0.0552,0.26194,-0.9635,-0.06543,0.26504,-0.96201,3.919,4.268,4.092,,,,Valid,Valid,226.5,52.3,589.3,290.4,55.2,590.3,260.3,212.5,250.3,217.8,0.4859,0.728,0.4954,0.719,0.4763,0.7369,Screen Recording,Screen Recording Recording16.mp4,1920,1080,0,0,960,540,Fixation,1476,408,935,768,0.487,0.7113,,,,,,,,,,,
175269610,1604736748,Eye Tracker,LipReading,08/25/2025,YanTianming,Recording16,05/10/2025,05/10/2025,14:25:35.695,06:25:35.695,387686,Timeline1,Tobii I-VT (Fixation),1.241.54219,1080,1920,10.0,5.1,9.5,10.6,0.53,1.02,1.13,19,35,39,6.6,5.5,2.9,0.7,0.62,0.32,24,20,11,1565845427,,,934,788,952,778,916,799,0.05577,0.26243,-0.96334,-0.06484,0.26617,-0.96174,3.933,4.266,4.089,,,,Valid,Valid,226.5,52.3,589.3,290.4,55.2,590.4,260.7,212.9,250.6,218.5,0.4865,0.7298,0.4961,0.7202,0.477,0.7394,Screen Recording,Screen Recording Recording16.mp4,1920,1080,0,0,960,540,Fixation,1476,408,935,768,0.487,0.7113,,,,,,,,,,,
175273610,1604740748,Eye Tracker,LipReading,08/25/2025,YanTianming,Recording16,05/10/2025,05/10/2025,14:25:35.695,06:25:35.695,387686,Timeline1,Tobii I-VT (Fixation),1.241.54219,1080,1920,10.0,5.1,9.5,10.6,0.53,1.02,1.13,19,35,39,6.6,5.5,2.9,0.7,0.62,0.32,24,20,11,1565849427,,,930,786,948,776,913,796,0.05377,0.26179,-0.96363,-0.06623,0.26516,-0.96193,3.901,4.259,4.092,,,,Valid,Valid,226.5,52.3,589.3,290.4,55.1,590.4,259.4,212.4,249.8,217.9,0.4846,0.728,0.4937,0.7187,0.4754,0.7372,Screen Recording,Screen Recording Recording16.mp4,1920,1080,0,0,960,540,Fixation,1476,408,935,768,0.487,0.7113,,,,,,,,,,,
175277610,1604744748,Eye Tracker,LipReading,08/25/2025,YanTianming,Recording16,05/10/2025,05/10/2025,14:25:35.695,06:25:35.695,387686,Timeline1,Tobii I-VT (Fixation),1.241.54219,1080,1920,10.0,5.1,9.5,10.6,0.53,1.02,1.13,19,35,39,6.6,5.5,2.9,0.7,0.62,0.32,24,20,11,1565853427,,,935,785,949,773,921,796,0.05403,0.26045,-0.96397,-0.06266,0.26521,-0.96215,3.89,4.268,4.085,,,,Valid,Valid,226.5,52.3,589.3,290.5,55.1,590.4,259.6,211.6,252.0,217.9,0.4868,0.7265,0.494,0.7158,0.4796,0.7372,Screen Recording,Screen Recording Recording16.mp4,1920,1080,0,0,960,540,Fixation,1476,408,935,768,0.487,0.7113,,,,,,,,,,,
175281609,1604748747,Eye Tracker,LipReading,08/25/2025,YanTianming,Recording16,05/10/2025,05/10/2025,14:25:35.695,06:25:35.695,387686,Timeline1,Tobii I-VT (Fixation),1.241.54219,1080,1920,10.0,5.1,9.5,10.6,0.53,1.02,1.13,19,35,39,6.6,5.5,2.9,0.7,0.62,0.32,24,20,11,1565857427,,,936,785,953,770,919,801,0.05608,0.2591,-0.96422,-0.06365,0.2671,-0.96156,3.922,4.26,4.082,,,,Valid,Valid,226.6,52.4,589.3,290.5,55.1,590.4,260.8,210.7,251.4,219.2,0.4874,0.7272,0.4964,0.7129,0.4784,0.7415,Screen Recording,Screen Recording Recording16.mp4,1920,1080,0,0,960,540,Fixation,1476,408,935,768,0.487,0.7113,,,,,,,,,,,
175285609,1604752747,Eye Tracker,LipReading,08/25/2025,YanTianming,Recording16,05/10/2025,05/10/2025,14:25:35.695,06:25:35.695,387686,Timeline1,Tobii I-VT (Fixation),1.241.54219,1080,1920,10.0,5.1,9.5,10.6,0.53,1.02,1.13,19,35,39,6.6,5.5,2.9,0.7,0.62,0.32,24,20,11,1565861427,,,936,786,952,779,920,793,0.05551,0.26272,-0.96327,-0.06324,0.26388,-0.96248,3.909,4.259,4.082,,,,Valid,Valid,226.6,52.4,589.3,290.5,55.1,590.5,260.5,213.1,251.7,217.0,0.4874,0.7276,0.4958,0.7209,0.479,0.7342,Screen Recording,Screen Recording Recording16.mp4,1920,1080,0,0,960,540,Fixation,1476,408,935,768,0.487,0.7113,,,,,,,,,,,
175289609,1604756747,Eye Tracker,LipReading,08/25/2025,YanTianming,Recording16,05/10/2025,05/10/2025,14:25:35.695,06:25:35.695,387686,Timeline1,Tobii I-VT (Fixation),1.241.54219,1080,1920,10.0,5.1,9.5,10.6,0.53,1.02,1.13,19,35,39,6.6,5.5,2.9,0.7,0.62,0.32,24,20,11,1565865427,,,936,792,951,783,921,801,0.05514,0.26471,-0.96275,-0.0626,0.26743,-0.96154,3.905,4.26,4.082,,,,Valid,Valid,226.6,52.4,589.2,290.5,55.1,590.6,260.3,214.4,252.0,219.3,0.4876,0.7337,0.4954,0.7253,0.4797,0.7421,Screen Recording,Screen Recording Recording16.mp4,1920,1080,0,0,960,540,Fixation,1476,408,935,768,0.487,0.7113,,,,,,,,,,,
175293609,1604760747,Eye Tracker,LipReading,08/25/2025,YanTianming,Recording16,05/10/2025,05/10/2025,14:25:35.695,06:25:35.695,387686,Timeline1,Tobii I-VT (Fixation),1.241.54219,1080,1920,10.0,5.1,9.5,10.6,0.53,1.02,1.13,19,35,39,6.6,5.5,2.9,0.7,0.62,0.32,24,20,11,1565869427,,,936,783,951,772,921,793,0.05515,0.25989,-0.96406,-0.06255,0.26406,-0.96248,3.898,4.26,4.082,,,,Valid,Valid,226.6,52.4,589.2,290.5,55.1,590.6,260.3,211.2,252.1,217.1,0.4876,0.7246,0.4954,0.7146,0.4799,0.7346,Screen Recording,Screen Recording Recording16.mp4,1920,1080,0,0,960,540,Fixation,1476,408,935,768,0.487,0.7113,,,,,,,,,,,
175297609,1604764747,Eye Tracker,LipReading,08/25/2025,YanTianming,Recording16,05/10/2025,05/10/2025,14:25:35.695,06:25:35.695,387686,Timeline1,Tobii I-VT (Fixation),1.241.54219,1080,1920,10.0,5.1,9.5,10.6,0.53,1.02,1.13,19,35,39,6.6,5.5,2.9,0.7,0.62,0.32,24,20,11,1565873427,,,928,786,947,777,910,795,0.05313,0.26215,-0.96356,-0.06779,0.26471,-0.96194,3.905,4.268,4.082,,,,Valid,Valid,226.6,52.4,589.2,290.5,55.1,590.5,259.1,212.7,248.9,217.6,0.4834,0.728,0.4931,0.7196,0.4738,0.7363,Screen Recording,Screen Recording Recording16.mp4,1920,1080,0,0,960,540,Fixation,1476,408,935,768,0.487,0.7113,,,,,,,,,,,
175301609,1604768747,Eye Tracker,LipReading,08/25/2025,YanTianming,Recording16,05/10/2025,05/10/2025,14:25:35.695,06:25:35.695,387686,Timeline1,Tobii I-VT (Fixation),1.241.54219,1080,1920,10.0,5.1,9.5,10.6,0.53,1.02,1.13,19,35,39,6.6,5.5,2.9,0.7,0.62,0.32,24,20,11,1565877427,,,932,779,955,760,910,797,0.05694,0.2551,-0.96524,-0.06783,0.26557,-0.9617,3.86,4.259,4.08,,,,Valid,Valid,226.6,52.4,589.2,290.6,55.2,590.3,261.4,208.1,248.9,218.2,0.4856,0.7212,0.4975,0.7041,0.4737,0.7383,Screen Recording,Screen Recording Recording16.mp4,1920,1080,0,0,960,540,Fixation,1476,408,935,768,0.487,0.7113,,,,,,,,,,,
175305609,1604772747,Eye Tracker,LipReading,08/25/2025,YanTianming,Recording16,05/10/2025,05/10/2025,14:25:35.695,06:25:35.695,387686,Timeline1,Tobii I-VT (Fixation),1.241.54219,1080,1920,10.0,5.1,9.5,10.6,0.53,1.02,1.13,19,35,39,6.6,5.5,2.9,0.7,0.62,0.32,24,20,11,1565881427,,,930,785,945,769,916,801,0.05225,0.2587,-0.96454,-0.06519,0.26707,-0.96147,3.905,4.257,4.08,,,,Valid,Valid,226.7,52.4,589.2,290.6,55.2,590.3,258.6,210.4,250.6,219.2,0.4845,0.7267,0.4921,0.7119,0.4768,0.7415,Screen Recording,Screen Recording Recording16.mp4,1920,1080,0,0,960,540,Fixation,1476,408,935,768,0.487,0.7113,,,,,,,,,,,
175309609,1604776747,Eye Tracker,LipReading,08/25/2025,YanTianming,Recording16,05/10/2025,05/10/2025,14:25:35.695,06:25:35.695,387686,Timeline1,Tobii I-VT (Fixation),1.241.54219,1080,1920,10.0,5.1,9.5,10.6,0.53,1.02,1.13,19,35,39,6.6,5.5,2.9,0.7,0.62,0.32,24,20,11,1565885427,,,927,777,939,761,915,793,0.04966,0.25558,-0.96551,-0.06548,0.26394,-0.96231,3.901,4.251,4.08,,,,Valid,Valid,226.7,52.4,589.2,290.6,55.2,590.2,257.0,208.3,250.4,217.1,0.4829,0.7198,0.4891,0.7049,0.4766,0.7346,Screen Recording,Screen Recording Recording16.mp4,1920,1080,0,0,960,540,Fixation,1476,408,935,768,0.487,0.7113,,,,,,,,,,,
175313609,1604780747,Eye Tracker,LipReading,08/25/2025,YanTianming,Recording16,05/10/2025,05/10/2025,14:25:35.695,06:25:35.695,387686,Timeline1,Tobii I-VT (Fixation),1.241.54219,1080,1920,10.0,5.1,9.5,10.6,0.53,1.02,1.13,19,35,39,6.6,5.5,2.9,0.7,0.62,0.32,24,20,11,1565889427,,,933,781,948,764,917,798,0.05366,0.25666,-0.96501,-0.06443,0.26584,-0.96186,3.896,4.258,4.082,,,,Valid,Valid,226.7,52.4,589.2,290.6,55.3,590.2,259.5,209.1,251.1,218.4,0.4858,0.7231,0.4938,0.7074,0.4778,0.7388,Screen Recording,Screen Recording Recording16.mp4,1920,1080,0,0,960,540,Fixation,1476,408,935,768,0.487,0.7113,,,,,,,,,,,
175317609,1604784747,Eye Tracker,LipReading,08/25/2025,YanTianming,Recording16,05/10/2025,05/10/2025,14:25:35.695,06:25:35.695,387686,Timeline1,Tobii I-VT (Fixation),1.241.54219,1080,1920,10.0,5.1,9.5,10.6,0.53,1.02,1.13,19,35,39,6.6,5.5,2.9,0.7,0.62,0.32,24,20,11,1565893427,,,931,782,942,765,919,799,0.05098,0.25701,-0.96506,-0.06377,0.26635,-0.96176,3.912,4.263,4.083,,,,Valid,Valid,226.7,52.3,589.3,290.6,55.2,590.2,257.9,209.3,251.5,218.7,0.4847,0.7239,0.4908,0.708,0.4787,0.7398,Screen Recording,Screen Recording Recording16.mp4,1920,1080,0,0,960,540,Fixation,1476,408,935,768,0.487,0.7113,,,,,,,,,,,
175321609,1604788747,Eye Tracker,LipReading,08/25/2025,YanTianming,Recording16,05/10/2025,05/10/2025,14:25:35.695,06:25:35.695,387686,Timeline1,Tobii I-VT (Fixation),1.241.54219,1080,1920,10.0,5.1,9.5,10.6,0.53,1.02,1.13,19,35,39,6.6,5.5,2.9,0.7,0.62,0.32,24,20,11,1565897427,,,940,782,958,765,921,800,0.05798,0.25717,-0.96462,-0.0627,0.26667,-0.96175,3.918,4.262,4.086,,,,Valid,Valid,226.8,52.3,589.3,290.7,55.1,590.4,262.2,209.4,252.2,218.8,0.4895,0.7245,0.499,0.7085,0.4799,0.7404,Screen Recording,Screen Recording Recording16.mp4,1920,1080,0,0,960,540,Fixation,1476,408,935,768,0.487,0.7113,,,,,,,,,,,
175325609,1604792747,Eye Tracker,LipReading,08/25/2025,YanTianming,Recording16,05/10/2025,05/10/2025,14:25:35.695,06:25:35.695,387686,Timeline1,Tobii I-VT (Fixation),1.241.54219,1080,1920,10.0,5.1,9.5,10.6,0.53,1.02,1.13,19,35,39,6.6,5.5,2.9,0.7,0.62,0.32,24,20,11,1565901427,,,938,785,956,771,921,798,0.05685,0.2596,-0.96404,-0.06289,0.26611,-0.96189,3.905,4.264,4.087,,,,Valid,Valid,226.8,52.3,589.3,290.7,55.1,590.5,261.5,211.0,252.1,218.4,0.4888,0.7265,0.4977,0.7139,0.4798,0.7391,Screen Recording,Screen Recording Recording16.mp4,1920,1080,0,0,960,540,Fixation,1476,408,935,768,0.487,0.7113,,,,,,,,,,,
175329609,1604796747,Eye Tracker,LipReading,08/25/2025,YanTianming,Recording16,05/10/2025,05/10/2025,14:25:35.695,06:25:35.695,387686,Timeline1,Tobii I-VT (Fixation),1.241.54219,1080,1920,10.0,5.1,9.5,10.6,0.53,1.02,1.13,19,35,39,6.6,5.5,2.9,0.7,0.62,0.32,24,20,11,1565905427,,,930,790,948,772,912,808,0.05326,0.26006,-0.96412,-0.06705,0.26998,-0.96053,3.909,4.27,4.086,,,,Valid,Valid,226.8,52.3,589.2,290.7,55.0,590.5,259.3,211.3,249.5,221.0,0.4842,0.7313,0.4936,0.7148,0.4749,0.7478,Screen Recording,Screen Recording Recording16.mp4,1920,1080,0,0,960,540,Fixation,1476,408,935,768,0.487,0.7113,,,,,,,,,,,
175333609,1604800747,Eye Tracker,LipReading,08/25/2025,YanTianming,Recording16,05/10/2025,05/10/2025,14:25:35.695,06:25:35.695,387686,Timeline1,Tobii I-VT (Fixation),1.241.54219,1080,1920,10.0,5.1,9.5,10.6,0.53,1.02,1.13,19,35,39,6.6,5.5,2.9,0.7,0.62,0.32,24,20,11,1565909427,,,934,792,953,782,915,802,0.05553,0.26419,-0.96287,-0.06587,0.26757,-0.96128,3.912,4.258,4.081,,,,Valid,Valid,226.8,52.3,589.2,290.8,55.1,590.4,260.8,214.0,250.3,219.4,0.4864,0.7332,0.4964,0.724,0.4764,0.7424,Screen Recording,Screen Recording Recording16.mp4,1920,1080,0,0,960,540,Fixation,1476,408,935,768,0.487,0.7113,,,,,,,,,,,
175337609,1604804747,Eye Tracker,LipReading,08/25/2025,YanTianming,Recording16,05/10/2025,05/10/2025,14:25:35.695,06:25:35.695,387686,Timeline1,Tobii I-VT (Fixation),1.241.54219,1080,1920,10.0,5.1,9.5,10.6,0.53,1.02,1.13,19,35,39,6.6,5.5,2.9,0.7,0.62,0.32,24,20,11,1565913427,,,931,788,947,772,914,805,0.05303,0.25999,-0.96415,-0.06603,0.26888,-0.96091,3.888,4.247,4.077,,,,Valid,Valid,226.8,52.3,589.1,290.8,55.1,590.3,259.3,211.2,250.2,220.3,0.4848,0.7299,0.4934,0.7145,0.4762,0.7453,Screen Recording,Screen Recording Recording16.mp4,1920,1080,0,0,960,540,Fixation,1476,408,935,768,0.487,0.7113,,,,,,,,,,,
175341609,1604808747,Eye Tracker,LipReading,08/25/2025,YanTianming,Recording16,05/10/2025,05/10/2025,14:25:35.695,06:25:35.695,387686,Timeline1,Tobii I-VT (Fixation),1.241.54219,1080,1920,10.0,5.1,9.5,10.6,0.53,1.02,1.13,19,35,39,6.6,5.5,2.9,0.7,0.62,0.32,24,20,11,1565917427,,,932,783,952,760,912,806,0.05524,0.255,-0.96536,-0.06686,0.26911,-0.96079,3.883,4.246,4.067,,,,Valid,Valid,226.9,52.3,589.2,290.8,55.1,590.3,260.6,207.9,249.7,220.5,0.4856,0.7247,0.4959,0.7035,0.4752,0.7459,Screen Recording,Screen Recording Recording16.mp4,1920,1080,0,0,960,540,Fixation,1476,408,935,768,0.487,0.7113,,,,,,,,,,,
175345609,1604812747,Eye Tracker,LipReading,08/25/2025,YanTianming,Recording16,05/10/2025,05/10/2025,14:25:35.695,06:25:35.695,387686,Timeline1,Tobii I-VT (Fixation),1.241.54219,1080,1920,10.0,5.1,9.5,10.6,0.53,1.02,1.13,19,35,39,6.6,5.5,2.9,0.7,0.62,0.32,24,20,11,1565921427,,,931,796,947,784,915,807,0.0527,0.26533,-0.96272,-0.0659,0.26967,-0.96069,3.907,4.239,4.064,,,,Valid,Valid,226.9,52.3,589.1,290.8,55.1,590.2,259.1,214.7,250.3,220.8,0.4848,0.7367,0.4932,0.7263,0.4764,0.7471,Screen Recording,Screen Recording Recording16.mp4,1920,1080,0,0,960,540,Fixation,1476,408,935,768,0.487,0.7113,,,,,,,,,,,
175349608,1604816746,Eye Tracker,LipReading,08/25/2025,YanTianming,Recording16,05/10/2025,05/10/2025,14:25:35.695,06:25:35.695,387686,Timeline1,Tobii I-VT (Fixation),1.241.54219,1080,1920,10.0,5.1,9.5,10.6,0.53,1.02,1.13,19,35,39,6.6,5.5,2.9,0.7,0.62,0.32,24,20,11,1565925427,,,931,788,945,765,917,811,0.05188,0.25739,-0.96492,-0.06504,0.27122,-0.96032,3.878,4.24,4.073,,,,Valid,Valid,226.9,52.3,589.1,290.8,55.2,590.1,258.6,209.5,250.8,221.9,0.4847,0.7296,0.4921,0.7087,0.4773,0.7506,Screen Recording,Screen Recording Recording16.mp4,1920,1080,0,0,960,540,Fixation,1476,408,935,768,0.487,0.7113,,,,,,,,,,,
175353608,1604820746,Eye Tracker,LipReading,08/25/2025,YanTianming,Recording16,05/10/2025,05/10/2025,14:25:35.695,06:25:35.695,387686,Timeline1,Tobii I-VT (Fixation),1.241.54219,1080,1920,10.0,5.1,9.5,10.6,0.53,1.02,1.13,19,35,39,6.6,5.5,2.9,0.7,0.62,0.32,24,20,11,1565929427,,,934,793,951,780,918,806,0.05433,0.26335,-0.96317,-0.06434,0.26947,-0.96086,3.923,4.232,4.074,,,,Valid,Valid,226.9,52.3,589.2,290.8,55.2,590.1,260.1,213.4,251.3,220.7,0.4866,0.7343,0.4951,0.722,0.4782,0.7466,Screen Recording,Screen Recording Recording16.mp4,1920,1080,0,0,960,540,Fixation,1476,408,935,768,0.487,0.7113,,,,,,,,,,,
175357608,1604824746,Eye Tracker,LipReading,08/25/2025,YanTianming,Recording16,05/10/2025,05/10/2025,14:25:35.695,06:25:35.695,387686,Timeline1,Tobii I-VT (Fixation),1.241.54219,1080,1920,10.0,5.1,9.5,10.6,0.53,1.02,1.13,19,35,39,6.6,5.5,2.9,0.7,0.62,0.32,24,20,11,1565933427,,,936,792,951,774,921,810,0.0545,0.26109,-0.96377,-0.06283,0.27097,-0.96053,3.911,4.238,4.074,,,,Valid,Valid,226.9,52.3,589.1,290.8,55.2,590.1,260.2,211.9,252.2,221.7,0.4876,0.7335,0.4952,0.7169,0.4799,0.75,Screen Recording,Screen Recording Recording16.mp4,1920,1080,0,0,960,540,Fixation,1476,408,935,768,0.487,0.7113,,,,,,,,,,,
175361608,1604828746,Eye Tracker,LipReading,08/25/2025,YanTianming,Recording16,05/10/2025,05/10/2025,14:25:35.695,06:25:35.695,387686,Timeline1,Tobii I-VT (Fixation),1.241.54219,1080,1920,10.0,5.1,9.5,10.6,0.53,1.02,1.13,19,35,39,6.6,5.5,2.9,0.7,0.62,0.32,24,20,11,1565937427,,,934,796,950,778,918,815,0.0541,0.26258,-0.96339,-0.06431,0.27293,-0.95988,3.909,4.237,4.073,,,,Valid,Valid,226.9,52.3,589.1,290.8,55.2,590.2,260.0,212.9,251.2,223.0,0.4865,0.7373,0.4947,0.7202,0.4782,0.7544,Screen Recording,Screen Recording Recording16.mp4,1920,1080,0,0,960,540,Fixation,1476,408,935,768,0.487,0.7113,,,,,,,,,,,
175365608,1604832746,Eye Tracker,LipReading,08/25/2025,YanTianming,Recording16,05/10/2025,05/10/2025,14:25:35.695,06:25:35.695,387686,Timeline1,Tobii I-VT (Fixation),1.241.54219,1080,1920,10.0,5.1,9.5,10.6,0.53,1.02,1.13,19,35,39,6.6,5.5,2.9,0.7,0.62,0.32,24,20,11,1565941427,,,931,788,950,768,912,808,0.05426,0.25864,-0.96445,-0.0672,0.26991,-0.96054,3.881,4.243,4.074,,,,Valid,Valid,226.9,52.3,589.1,290.8,55.1,590.2,260.0,210.3,249.5,221.0,0.4848,0.7296,0.4949,0.7115,0.4748,0.7477,Screen Recording,Screen Recording Recording16.mp4,1920,1080,0,0,960,540,Fixation,1476,408,935,768,0.487,0.7113,,,,,,,,,,,
175369608,1604836746,Eye Tracker,LipReading,08/25/2025,YanTianming,Recording16,05/10/2025,05/10/2025,14:25:35.695,06:25:35.695,387686,Timeline1,Tobii I-VT (Fixation),1.241.54219,1080,1920,10.0,5.1,9.5,10.6,0.53,1.02,1.13,19,35,39,6.6,5.5,2.9,0.7,0.62,0.32,24,20,11,1565945427,,,935,788,959,769,912,807,0.05841,0.25885,-0.96415,-0.0672,0.26978,-0.96057,3.889,4.238,4.065,,,,Valid,Valid,226.9,52.3,589.1,290.8,55.1,590.3,262.6,210.5,249.5,220.9,0.4872,0.7298,0.4997,0.7121,0.4748,0.7474,Screen Recording,Screen Recording Recording16.mp4,1920,1080,0,0,960,540,Fixation,1476,408,935,768,0.487,0.7113,,,,,,,,,,,
175373608,1604840746,Eye Tracker,LipReading,08/25/2025,YanTianming,Recording16,05/10/2025,05/10/2025,14:25:35.695,06:25:35.695,387686,Timeline1,Tobii I-VT (Fixation),1.241.54219,1080,1920,10.0,5.1,9.5,10.6,0.53,1.02,1.13,19,35,39,6.6,5.5,2.9,0.7,0.62,0.32,24,20,11,1565949427,,,933,793,957,778,909,808,0.05741,0.26244,-0.96324,-0.06814,0.26992,-0.96047,3.915,4.241,4.066,,,,Valid,Valid,226.8,52.3,589.1,290.8,55.1,590.3,262.0,212.8,248.9,221.0,0.4861,0.7339,0.4985,0.7201,0.4737,0.7478,Screen Recording,Screen Recording Recording16.mp4,1920,1080,0,0,960,540,Fixation,1476,408,935,768,0.487,0.7113,,,,,,,,,,,
175377608,1604844746,Eye Tracker,LipReading,08/25/2025,YanTianming,Recording16,05/10/2025,05/10/2025,14:25:35.695,06:25:35.695,387686,Timeline1,Tobii I-VT (Fixation),1.241.54219,1080,1920,10.0,5.1,9.5,10.6,0.53,1.02,1.13,19,35,39,6.6,5.5,2.9,0.7,0.62,0.32,24,20,11,1565953427,,,937,783,960,765,914,800,0.05871,0.25732,-0.96454,-0.06605,0.26692,-0.96145,3.876,4.245,4.065,,,,Valid,Valid,226.8,52.3,589.1,290.7,55.1,590.4,262.7,209.5,250.2,219.0,0.488,0.7248,0.4999,0.7088,0.4761,0.7409,Screen Recording,Screen Recording Recording16.mp4,1920,1080,0,0,960,540,Fixation,1476,408,935,768,0.487,0.7113,,,,,,,,,,,
175381608,1604848746,Eye Tracker,LipReading,08/25/2025,YanTianming,Recording16,05/10/2025,05/10/2025,14:25:35.695,06:25:35.695,387686,Timeline1,Tobii I-VT (Fixation),1.241.54219,1080,1920,10.0,5.1,9.5,10.6,0.53,1.02,1.13,19,35,39,6.6,5.5,2.9,0.7,0.62,0.32,24,20,11,1565957427,,,935,787,955,770,915,803,0.05651,0.25913,-0.96419,-0.0657,0.26824,-0.96111,3.888,4.255,4.066,,,,Valid,Valid,226.8,52.3,589.1,290.7,55.1,590.4,261.3,210.6,250.4,219.8,0.4869,0.7283,0.4973,0.7127,0.4765,0.7438,Screen Recording,Screen Recording Recording16.mp4,1920,1080,0,0,960,540,Fixation,1476,408,935,768,0.487,0.7113,,,,,,,,,,,
175385608,1604852746,Eye Tracker,LipReading,08/25/2025,YanTianming,Recording16,05/10/2025,05/10/2025,14:25:35.695,06:25:35.695,387686,Timeline1,Tobii I-VT (Fixation),1.241.54219,1080,1920,10.0,5.1,9.5,10.6,0.53,1.02,1.13,19,35,39,6.6,5.5,2.9,0.7,0.62,0.32,24,20,11,1565961427,,,935,792,947,773,924,810,0.05295,0.26073,-0.96396,-0.0617,0.2709,-0.96063,3.889,4.232,4.066,,,,Valid,Valid,226.8,52.3,589.2,290.7,55.1,590.3,259.1,211.6,252.8,221.6,0.4871,0.7329,0.4932,0.7161,0.4811,0.7497,Screen Recording,Screen Recording Recording16.mp4,1920,1080,0,0,960,540,Fixation,1476,408,935,768,0.487,0.7113,,,,,,,,,,,
175389608,1604856746,Eye Tracker,LipReading,08/25/2025,YanTianming,Recording16,05/10/2025,05/10/2025,14:25:35.695,06:25:35.695,387686,Timeline1,Tobii I-VT (Fixation),1.241.54219,1080,1920,10.0,5.1,9.5,10.6,0.53,1.02,1.13,19,35,39,6.6,5.5,2.9,0.7,0.62,0.32,24,20,11,1565965427,,,933,784,945,771,920,798,0.05219,0.25966,-0.96429,-0.06314,0.26593,-0.96192,3.9,4.243,4.065,,,,Valid,Valid,226.7,52.3,589.2,290.6,55.2,590.2,258.6,210.9,251.9,218.3,0.4858,0.7262,0.4922,0.7137,0.4794,0.7387,Screen Recording,Screen Recording Recording16.mp4,1920,1080,0,0,960,540,Fixation,1476,408,935,768,0.487,0.7113,,,,,,,,,,,
175393608,1604860746,Eye Tracker,LipReading,08/25/2025,YanTianming,Recording16,05/10/2025,05/10/2025,14:25:35.695,06:25:35.695,387686,Timeline1,Tobii I-VT (Fixation),1.241.54219,1080,1920,10.0,5.1,9.5,10.6,0.53,1.02,1.13,19,35,39,6.6,5.5,2.9,0.7,0.62,0.32,24,20,11,1565969427,,,937,789,948,773,926,806,0.0536,0.26045,-0.964,-0.06077,0.26912,-0.96119,3.894,4.242,4.068,,,,Valid,Valid,226.7,52.3,589.2,290.6,55.2,590.0,259.5,211.5,253.3,220.4,0.4879,0.7307,0.4938,0.7155,0.4821,0.7458,Screen Recording,Screen Recording Recording16.mp4,1920,1080,0,0,960,540,Fixation,1476,408,935,768,0.487,0.7113,,,,,,,,,,,
175397608,1604864746,Eye Tracker,LipReading,08/25/2025,YanTianming,Recording16,05/10/2025,05/10/2025,14:25:35.695,06:25:35.695,387686,Timeline1,Tobii I-VT (Fixation),1.241.54219,1080,1920,10.0,5.1,9.5,10.6,0.53,1.02,1.13,19,35,39,6.6,5.5,2.9,0.7,0.62,0.32,24,20,11,1565973427,,,932,788,944,770,921,806,0.05193,0.25921,-0.96442,-0.06294,0.26922,-0.96102,3.888,4.237,4.07,,,,Valid,Valid,226.7,52.3,589.1,290.6,55.2,590.1,258.4,210.6,251.9,220.5,0.4856,0.7294,0.4918,0.7127,0.4795,0.7461,Screen Recording,Screen Recording Recording16.mp4,1920,1080,0,0,960,540,Fixation,1476,408,935,768,0.487,0.7113,,,,,,,,,,,
175401608,1604868746,Eye Tracker,LipReading,08/25/2025,YanTianming,Recording16,05/10/2025,05/10/2025,14:25:35.695,06:25:35.695,387686,Timeline1,Tobii I-VT (Fixation),1.241.54219,1080,1920,10.0,5.1,9.5,10.6,0.53,1.02,1.13,19,35,39,6.6,5.5,2.9,0.7,0.62,0.32,24,20,11,1565977427,,,931,783,948,767,914,798,0.05384,0.25815,-0.9646,-0.06571,0.2662,-0.96168,3.9,4.259,4.069,,,,Valid,Valid,226.7,52.3,589.1,290.6,55.1,590.3,259.5,210.0,250.2,218.5,0.4851,0.7249,0.4939,0.7104,0.4762,0.7393,Screen Recording,Screen Recording Recording16.mp4,1920,1080,0,0,960,540,Fixation,1476,408,935,768,0.487,0.7113,,,,,,,,,,,
175405608,1604872746,Eye Tracker,LipReading,08/25/2025,YanTianming,Recording16,05/10/2025,05/10/2025,14:25:35.695,06:25:35.695,387686,Timeline1,Tobii I-VT (Fixation),1.241.54219,1080,1920,10.0,5.1,9.5,10.6,0.53,1.02,1.13,19,35,39,6.6,5.5,2.9,0.7,0.62,0.32,24,20,11,1565981427,,,929,789,950,772,907,807,0.05461,0.26009,-0.96404,-0.06867,0.26972,-0.96049,3.896,4.244,4.069,,,,Valid,Valid,226.6,52.3,589.0,290.5,55.1,590.4,260.0,211.3,248.3,220.9,0.4837,0.731,0.4948,0.7148,0.4726,0.7473,Screen Recording,Screen Recording Recording16.mp4,1920,1080,0,0,960,540,Fixation,1476,408,935,768,0.487,0.7113,,,,,,,,,,,
175409608,1604876746,Eye Tracker,LipReading,08/25/2025,YanTianming,Recording16,05/10/2025,05/10/2025,14:25:35.695,06:25:35.695,387686,Timeline1,Tobii I-VT (Fixation),1.241.54219,1080,1920,10.0,5.1,9.5,10.6,0.53,1.02,1.13,19,35,39,6.6,5.5,2.9,0.7,0.62,0.32,24,20,11,1565985427,,,933,788,950,773,917,803,0.05451,0.26072,-0.96388,-0.06449,0.26828,-0.96118,3.898,4.241,4.069,,,,Valid,Valid,226.6,52.3,589.1,290.5,55.1,590.4,259.9,211.7,250.9,219.9,0.486,0.73,0.4946,0.7161,0.4775,0.7439,Screen Recording,Screen Recording Recording16.mp4,1920,1080,0,0,960,540,Fixation,1476,408,935,768,0.487,0.7113,,,,,,,,,,,
175413608,1604880746,Eye Tracker,LipReading,08/25/2025,YanTianming,Recording16,05/10/2025,05/10/2025,14:25:35.695,06:25:35.695,387686,Timeline1,Tobii I-VT (Fixation),1.241.54219,1080,1920,10.0,5.1,9.5,10.6,0.53,1.02,1.13,19,35,39,6.6,5.5,2.9,0.7,0.62,0.32,24,20,11,1565989427,,,938,786,952,766,923,807,0.05577,0.25749,-0.96467,-0.06175,0.26971,-0.96096,3.89,4.234,4.067,,,,Valid,Valid,226.6,52.3,589.1,290.5,55.1,590.2,260.6,209.5,252.5,220.8,0.4883,0.728,0.496,0.709,0.4806,0.7471,Screen Recording,Screen Recording Recording16.mp4,1920,1080,0,0,960,540,Fixation,1476,408,935,768,0.487,0.7113,,,,,,,,,,,
175417608,1604884746,Eye Tracker,LipReading,08/25/2025,YanTianming,Recording16,05/10/2025,05/10/2025,14:25:35.695,06:25:35.695,387686,Timeline1,Tobii I-VT (Fixation),1.241.54219,1080,1920,10.0,5.1,9.5,10.6,0.53,1.02,1.13,19,35,39,6.6,5.5,2.9,0.7,0.62,0.32,24,20,11,1565993427,,,937,787,951,770,923,804,0.05527,0.25939,-0.96419,-0.06161,0.26853,-0.9613,3.879,4.231,4.064,,,,Valid,Valid,226.5,52.3,589.2,290.4,55.2,590.1,260.3,210.8,252.6,220.0,0.488,0.7288,0.4954,0.7131,0.4807,0.7445,Screen Recording,Screen Recording Recording16.mp4,1920,1080,0,0,960,540,Fixation,1476,408,935,768,0.487,0.7113,,,,,,,,,,,
175421608,1604888746,Eye Tracker,LipReading,08/25/2025,YanTianming,Recording16,05/10/2025,05/10/2025,14:25:35.695,06:25:35.695,387686,Timeline1,Tobii I-VT (Fixation),1.241.54219,1080,1920,10.0,5.1,9.5,10.6,0.53,1.02,1.13,19,35,39,6.6,5.5,2.9,0.7,0.62,0.32,24,20,11,1565997427,,,938,792,950,767,926,817,0.05502,0.25823,-0.96451,-0.06007,0.27396,-0.95986,3.91,4.239,4.063,,,,Valid,Valid,226.5,52.3,589.1,290.4,55.2,590.0,260.1,210.0,253.5,223.6,0.4887,0.7336,0.495,0.7106,0.4824,0.7566,Screen Recording,Screen Recording Recording16.mp4,1920,1080,0,0,960,540,Fixation,1476,408,935,768,0.487,0.7113,,,,,,,,,,,
175425608,1604892746,Eye Tracker,LipReading,08/25/2025,YanTianming,Recording16,05/10/2025,05/10/2025,14:25:35.695,06:25:35.695,387686,Timeline1,Tobii I-VT (Fixation),1.241.54219,1080,1920,10.0,5.1,9.5,10.6,0.53,1.02,1.13,19,35,39,6.6,5.5,2.9,0.7,0.62,0.32,24,20,11,1566001427,,,936,787,951,770,921,805,0.05531,0.25911,-0.96426,-0.06244,0.26898,-0.96112,3.894,4.231,4.064,,,,Valid,Valid,226.5,52.3,589.0,290.4,55.2,590.1,260.3,210.6,252.0,220.3,0.4875,0.729,0.4953,0.7126,0.4797,0.7455,Screen Recording,Screen Recording Recording16.mp4,1920,1080,0,0,960,540,Fixation,1476,408,935,768,0.487,0.7113,,,,,,,,,,,
175429608,1604896746,Eye Tracker,LipReading,08/25/2025,YanTianming,Recording16,05/10/2025,05/10/2025,14:25:35.695,06:25:35.695,387686,Timeline1,Tobii I-VT (Fixation),1.241.54219,1080,1920,10.0,5.1,9.5,10.6,0.53,1.02,1.13,19,35,39,6.6,5.5,2.9,0.7,0.62,0.32,24,20,11,1566005427,,,931,788,952,767,911,810,0.05582,0.25806,-0.96452,-0.06681,0.2709,-0.96029,3.908,4.231,4.068,,,,Valid,Valid,226.4,52.3,589.0,290.4,55.1,590.2,260.5,209.9,249.3,221.6,0.4851,0.7301,0.4958,0.7103,0.4744,0.7499,Screen Recording,Screen Recording Recording16.mp4,1920,1080,0,0,960,540,Fixation,1476,408,935,768,0.487,0.7113,,,,,,,,,,,
175433608,1604900746,Eye Tracker,LipReading,08/25/2025,YanTianming,Recording16,05/10/2025,05/10/2025,14:25:35.695,06:25:35.695,387686,Timeline1,Tobii I-VT (Fixation),1.241.54219,1080,1920,10.0,5.1,9.5,10.6,0.53,1.02,1.13,19,35,39,6.6,5.5,2.9,0.7,0.62,0.32,24,20,11,1566009427,,,933,785,956,767,909,803,0.05754,0.25788,-0.96446,-0.06747,0.26803,-0.96105,3.897,4.249,4.069,,,,Valid,Valid,226.4,52.3,589.0,290.3,55.1,590.4,261.6,209.8,248.9,219.7,0.4857,0.7267,0.4978,0.7099,0.4737,0.7434,Screen Recording,Screen Recording Recording16.mp4,1920,1080,0,0,960,540,Fixation,1476,408,935,768,0.487,0.7113,,,,,,,,,,,
175437608,1604904746,Eye Tracker,LipReading,08/25/2025,YanTianming,Recording16,05/10/2025,05/10/2025,14:25:35.695,06:25:35.695,387686,Timeline1,Tobii I-VT (Fixation),1.241.54219,1080,1920,10.0,5.1,9.5,10.6,0.53,1.02,1.13,19,35,39,6.6,5.5,2.9,0.7,0.62,0.32,24,20,11,1566013427,,,938,786,959,766,917,806,0.05919,0.25739,-0.96449,-0.06414,0.26944,-0.96088,3.894,4.243,4.069,,,,Valid,Valid,226.4,52.3,589.0,290.3,55.1,590.4,262.5,209.5,250.9,220.6,0.4886,0.7276,0.4997,0.7089,0.4775,0.7464,Screen Recording,Screen Recording Recording16.mp4,1920,1080,0,0,960,540,Fixation,1476,408,935,768,0.487,0.7113,,,,,,,,,,,
175441607,1604908745,Eye Tracker,LipReading,08/25/2025,YanTianming,Recording16,05/10/2025,05/10/2025,14:25:35.695,06:25:35.695,387686,Timeline1,Tobii I-VT (Fixation),1.241.54219,1080,1920,10.0,5.1,9.5,10.6,0.53,1.02,1.13,19,35,39,6.6,5.5,2.9,0.7,0.62,0.32,24,20,11,1566017427,,,939,789,961,774,918,804,0.05976,0.26086,-0.96352,-0.06371,0.26873,-0.96111,3.891,4.253,4.069,,,,Valid,Valid,226.4,52.3,589.1,290.3,55.1,590.4,262.9,211.8,251.2,220.1,0.4892,0.7307,0.5003,0.7165,0.478,0.7448,Screen Recording,Screen Recording Recording16.mp4,1920,1080,0,0,960,540,Fixation,1476,408,935,768,0.487,0.7113,,,,,,,,,,,
175445607,1604912745,Eye Tracker,LipReading,08/25/2025,YanTianming,Recording16,05/10/2025,05/10/2025,14:25:35.695,06:25:35.695,387686,Timeline1,Tobii I-VT (Fixation),1.241.54219,1080,1920,10.0,5.1,9.5,10.6,0.53,1.02,1.13,19,35,39,6.6,5.5,2.9,0.7,0.62,0.32,24,20,11,1566021427,,,939,785,958,758,921,813,0.05853,0.25439,-0.96533,-0.06217,0.27213,-0.96025,3.895,4.24,4.069,,,,Valid,Valid,226.4,52.3,589.1,290.3,55.1,590.4,262.1,207.5,252.1,222.4,0.4892,0.7273,0.4988,0.7022,0.4797,0.7524,Screen Recording,Screen Recording Recording16.mp4,1920,1080,0,0,960,540,Fixation,1476,408,935,768,0.487,0.7113,,,,,,,,,,,
175449607,1604916745,Eye Tracker,LipReading,08/25/2025,YanTianming,Recording16,05/10/2025,05/10/2025,14:25:35.695,06:25:35.695,387686,Timeline1,Tobii I-VT (Fixation),1.241.54219,1080,1920,10.0,5.1,9.5,10.6,0.53,1.02,1.13,19,35,39,6.6,5.5,2.9,0.7,0.62,0.32,24,20,11,1566025427,,,936,790,957,773,916,807,0.05801,0.26045,-0.96374,-0.06462,0.26969,-0.96078,3.907,4.23,4.073,,,,Valid,Valid,226.4,52.3,589.1,290.3,55.1,590.3,261.8,211.5,250.6,220.8,0.4876,0.7313,0.4983,0.7155,0.4769,0.747,Screen Recording,Screen Recording Recording16.mp4,1920,1080,0,0,960,540,Fixation,1476,408,935,768,0.487,0.7113,,,,,,,,,,,
175453607,1604920745,Eye Tracker,LipReading,08/25/2025,YanTianming,Recording16,05/10/2025,05/10/2025,14:25:35.695,06:25:35.695,387686,Timeline1,Tobii I-VT (Fixation),1.241.54219,1080,1920,10.0,5.1,9.5,10.6,0.53,1.02,1.13,19,35,39,6.6,5.5,2.9,0.7,0.62,0.32,24,20,11,1566029427,,,940,791,965,778,915,803,0.06159,0.26275,-0.9629,-0.06513,0.26803,-0.96121,3.917,4.245,4.073,,,,Valid,Valid,226.4,52.3,589.1,290.3,55.1,590.3,264.0,213.0,250.3,219.7,0.4894,0.732,0.5025,0.7208,0.4763,0.7433,Screen Recording,Screen Recording Recording16.mp4,1920,1080,0,0,960,540,Fixation,1476,408,935,768,0.487,0.7113,,,,,,,,,,,
175457607,1604924745,Eye Tracker,LipReading,08/25/2025,YanTianming,Recording16,05/10/2025,05/10/2025,14:25:35.695,06:25:35.695,387686,Timeline1,Tobii I-VT (Fixation),1.241.54219,1080,1920,10.0,5.1,9.5,10.6,0.53,1.02,1.13,19,35,39,6.6,5.5,2.9,0.7,0.62,0.32,24,20,11,1566033427,,,938,790,956,774,920,806,0.0575,0.26089,-0.96365,-0.06264,0.26945,-0.96097,3.907,4.233,4.074,,,,Valid,Valid,226.4,52.3,589.1,290.3,55.1,590.3,261.5,211.8,251.8,220.6,0.4885,0.7314,0.4977,0.7165,0.4792,0.7464,Screen Recording,Screen Recording Recording16.mp4,1920,1080,0,0,960,540,Fixation,1476,408,935,768,0.487,0.7113,,,,,,,,,,,
175461607,1604928745,Eye Tracker,LipReading,08/25/2025,YanTianming,Recording16,05/10/2025,05/10/2025,14:25:35.695,06:25:35.695,387686,Timeline1,Tobii I-VT (Fixation),1.241.54219,1080,1920,10.0,5.1,9.5,10.6,0.53,1.02,1.13,19,35,39,6.6,5.5,2.9,0.7,0.62,0.32,24,20,11,1566037427,,,935,796,954,787,915,806,0.05682,0.26641,-0.96218,-0.0648,0.2693,-0.96087,3.928,4.239,4.074,,,,Valid,Valid,226.4,52.3,589.0,290.3,55.1,590.4,261.2,215.4,250.5,220.5,0.4869,0.7374,0.497,0.7288,0.4767,0.7461,Screen Recording,Screen Recording Recording16.mp4,1920,1080,0,0,960,540,Fixation,1476,408,935,768,0.487,0.7113,,,,,,,,,,,
175465607,1604932745,Eye Tracker,LipReading,08/25/2025,YanTianming,Recording16,05/10/2025,05/10/2025,14:25:35.695,06:25:35.695,387686,Timeline1,Tobii I-VT (Fixation),1.241.54219,1080,1920,10.0,5.1,9.5,10.6,0.53,1.02,1.13,19,35,39,6.6,5.5,2.9,0.7,0.62,0.32,24,20,11,1566041427,,,933,787,958,772,909,803,0.05849,0.25995,-0.96385,-0.06787,0.26802,-0.96102,3.909,4.238,4.072,,,,Valid,Valid,226.4,52.3,589.0,290.3,55.0,590.4,262.1,211.2,248.6,219.7,0.486,0.7289,0.4989,0.7144,0.4732,0.7433,Screen Recording,Screen Recording Recording16.mp4,1920,1080,0,0,960,540,Fixation,1476,408,935,768,0.487,0.7113,,,,,,,,,,,
175469607,1604936745,Eye Tracker,LipReading,08/25/2025,YanTianming,Recording16,05/10/2025,05/10/2025,14:25:35.695,06:25:35.695,387686,Timeline1,Tobii I-VT (Fixation),1.241.54219,1080,1920,10.0,5.1,9.5,10.6,0.53,1.02,1.13,19,35,39,6.6,5.5,2.9,0.7,0.62,0.32,24,20,11,1566045427,,,931,787,952,771,909,803,0.05578,0.25954,-0.96412,-0.06751,0.26799,-0.96105,3.901,4.237,4.072,,,,Valid,Valid,226.4,52.3,589.0,290.3,55.1,590.3,260.5,210.9,248.9,219.7,0.4847,0.7284,0.4957,0.7134,0.4737,0.7433,Screen Recording,Screen Recording Recording16.mp4,1920,1080,0,0,960,540,Fixation,1476,408,935,768,0.487,0.7113,,,,,,,,,,,
175473607,1604940745,Eye Tracker,LipReading,08/25/2025,YanTianming,Recording16,05/10/2025,05/10/2025,14:25:35.695,06:25:35.695,387686,Timeline1,Tobii I-VT (Fixation),1.241.54219,1080,1920,10.0,5.1,9.5,10.6,0.53,1.02,1.13,19,35,39,6.6,5.5,2.9,0.7,0.62,0.32,24,20,11,1566049427,,,932,786,951,774,913,798,0.05556,0.26084,-0.96378,-0.06579,0.26585,-0.96177,3.904,4.219,4.072,,,,Valid,Valid,226.4,52.3,589.0,290.4,55.1,590.1,260.4,211.7,250.0,218.3,0.4857,0.7274,0.4956,0.7163,0.4758,0.7385,Screen Recording,Screen Recording Recording16.mp4,1920,1080,0,0,960,540,Fixation,1476,408,935,768,0.487,0.7113,,,,,,,,,,,
175477607,1604944745,Eye Tracker,LipReading,08/25/2025,YanTianming,Recording16,05/10/2025,05/10/2025,14:25:35.695,06:25:35.695,387686,Timeline1,Tobii I-VT (Fixation),1.241.54219,1080,1920,10.0,5.1,9.5,10.6,0.53,1.02,1.13,19,35,39,6.6,5.5,2.9,0.7,0.62,0.32,24,20,11,1566053427,,,933,788,950,766,916,811,0.05499,0.25748,-0.96472,-0.06475,0.27159,-0.96023,3.906,4.26,4.073,,,,Valid,Valid,226.5,52.3,589.0,290.4,55.2,590.0,260.0,209.5,250.6,222.1,0.4859,0.7301,0.4949,0.7088,0.4769,0.7514,Screen Recording,Screen Recording Recording16.mp4,1920,1080,0,0,960,540,Fixation,1476,408,935,768,0.487,0.7113,,,,,,,,,,,
175481606,1604948744,Eye Tracker,LipReading,08/25/2025,YanTianming,Recording16,05/10/2025,05/10/2025,14:25:35.695,06:25:35.695,387686,Timeline1,Tobii I-VT (Fixation),1.241.54219,1080,1920,10.0,5.1,9.5,10.6,0.53,1.02,1.13,19,35,39,6.6,5.5,2.9,0.7,0.62,0.32,24,20,11,1566057427,,,937,783,949,764,925,802,0.05424,0.25679,-0.96494,-0.0608,0.26771,-0.96158,3.907,4.242,4.073,,,,Valid,Valid,226.5,52.3,589.0,290.4,55.2,589.9,259.6,209.0,253.1,219.5,0.4879,0.7249,0.4941,0.7072,0.4817,0.7426,Screen Recording,Screen Recording Recording16.mp4,1920,1080,0,0,960,540,Fixation,1476,408,935,768,0.487,0.7113,,,,,,,,,,,
175485606,1604952744,Eye Tracker,LipReading,08/25/2025,YanTianming,Recording16,05/10/2025,05/10/2025,14:25:35.695,06:25:35.695,387686,Timeline1,Tobii I-VT (Fixation),1.241.54219,1080,1920,10.0,5.1,9.5,10.6,0.53,1.02,1.13,19,35,39,6.6,5.5,2.9,0.7,0.62,0.32,24,20,11,1566061427,,,937,780,946,757,927,804,0.05297,0.2539,-0.96578,-0.05965,0.26855,-0.96142,3.896,4.243,4.07,,,,Valid,Valid,226.5,52.2,589.1,290.4,55.1,590.1,258.8,207.1,253.8,220.0,0.4878,0.7225,0.4926,0.7007,0.4831,0.7443,Screen Recording,Screen Recording Recording16.mp4,1920,1080,0,0,960,540,Fixation,1476,408,935,768,0.487,0.7113,,,,,,,,,,,
175489606,1604956744,Eye Tracker,LipReading,08/25/2025,YanTianming,Recording16,05/10/2025,05/10/2025,14:25:35.695,06:25:35.695,387686,Timeline1,Tobii I-VT (Fixation),1.241.54219,1080,1920,10.0,5.1,9.5,10.6,0.53,1.02,1.13,19,35,39,6.6,5.5,2.9,0.7,0.62,0.32,24,20,11,1566065427,,,934,775,948,756,921,793,0.05401,0.25359,-0.9658,-0.06286,0.26416,-0.96243,3.882,4.249,4.068,,,,Valid,Valid,226.6,52.2,589.1,290.5,55.1,590.3,259.5,206.9,251.9,217.1,0.4867,0.7173,0.4939,0.7001,0.4795,0.7345,Screen Recording,Screen Recording Recording16.mp4,1920,1080,0,0,960,540,Fixation,1476,408,935,768,0.487,0.7113,,,,,,,,,,,
175493606,1604960744,Eye Tracker,LipReading,08/25/2025,YanTianming,Recording16,05/10/2025,05/10/2025,14:25:35.695,06:25:35.695,387686,Timeline1,Tobii I-VT (Fixation),1.241.54219,1080,1920,10.0,5.1,9.5,10.6,0.53,1.02,1.13,19,35,39,6.6,5.5,2.9,0.7,0.62,0.32,24,20,11,1566069427,,,937,777,958,756,915,799,0.05841,0.25333,-0.96562,-0.06526,0.26634,-0.96167,3.892,4.227,4.069,,,,Valid,Valid,226.6,52.3,589.0,290.5,55.1,590.3,262.2,206.8,250.5,218.5,0.4879,0.7196,0.4991,0.6997,0.4767,0.7394,Screen Recording,Screen Recording Recording16.mp4,1920,1080,0,0,960,540,Fixation,1476,408,935,768,0.487,0.7113,,,,,,,,,,,
175497606,1604964744,Eye Tracker,LipReading,08/25/2025,YanTianming,Recording16,05/10/2025,05/10/2025,14:25:35.695,06:25:35.695,387686,Timeline1,Tobii I-VT (Fixation),1.241.54219,1080,1920,10.0,5.1,9.5,10.6,0.53,1.02,1.13,19,35,39,6.6,5.5,2.9,0.7,0.62,0.32,24,20,11,1566073427,,,932,776,951,753,913,799,0.055,0.25224,-0.9661,-0.06639,0.26625,-0.96162,3.883,4.254,4.069,,,,Valid,Valid,226.7,52.3,588.9,290.6,55.2,590.1,260.2,206.1,249.8,218.5,0.4853,0.7183,0.4952,0.6972,0.4755,0.7394,Screen Recording,Screen Recording Recording16.mp4,1920,1080,0,0,960,540,Fixation,1476,408,935,768,0.487,0.7113,,,,,,,,,,,
175501606,1604968744,Eye Tracker,LipReading,08/25/2025,YanTianming,Recording16,05/10/2025,05/10/2025,14:25:35.695,06:25:35.695,387686,Timeline1,Tobii I-VT (Fixation),1.241.54219,1080,1920,10.0,5.1,9.5,10.6,0.53,1.02,1.13,19,35,39,6.6,5.5,2.9,0.7,0.62,0.32,24,20,11,1566077427,,,936,775,950,751,921,799,0.05448,0.25148,-0.96633,-0.06263,0.26628,-0.96186,3.891,4.247,4.069,,,,Valid,Valid,226.7,52.3,589.0,290.6,55.2,589.9,259.9,205.6,252.2,218.5,0.4873,0.7174,0.4946,0.6955,0.4799,0.7394,Screen Recording,Screen Recording Recording16.mp4,1920,1080,0,0,960,540,Fixation,1476,408,935,768,0.487,0.7113,,,,,,,,,,,
175505607,1604972745,Eye Tracker,LipReading,08/25/2025,YanTianming,Recording16,05/10/2025,05/10/2025,14:25:35.695,06:25:35.695,387686,Timeline1,Tobii I-VT (Fixation),1.241.54219,1080,1920,10.0,5.1,9.5,10.6,0.53,1.02,1.13,19,35,39,6.6,5.5,2.9,0.7,0.62,0.32,24,20,11,1566081428,,,939,779,945,761,933,797,0.05232,0.25563,-0.96536,-0.0577,0.26584,-0.96229,3.903,4.246,4.075,,,,Valid,Valid,226.7,52.2,589.1,290.6,55.2,590.0,258.7,208.2,255.2,218.2,0.489,0.7213,0.4923,0.7045,0.4858,0.7381,Screen Recording,Screen Recording Recording16.mp4,1920,1080,0,0,960,540,Fixation,1476,408,935,768,0.487,0.7113,,,,,,,,,,,
175509607,1604976745,Eye Tracker,LipReading,08/25/2025,YanTianming,Recording16,05/10/2025,05/10/2025,14:25:35.695,06:25:35.695,387686,Timeline1,Tobii I-VT (Fixation),1.241.54219,1080,1920,10.0,5.1,9.5,10.6,0.53,1.02,1.13,19,35,39,6.6,5.5,2.9,0.7,0.62,0.32,24,20,11,1566085428,,,939,778,951,758,927,798,0.05479,0.25452,-0.96551,-0.0605,0.26624,-0.96201,3.903,4.242,4.075,,,,Valid,Valid,226.8,52.2,589.1,290.7,55.1,590.2,260.2,207.5,253.6,218.4,0.4889,0.7206,0.4952,0.7021,0.4826,0.739,Screen Recording,Screen Recording Recording16.mp4,1920,1080,0,0,960,540,Fixation,1476,408,935,768,0.487,0.7113,,,,,,,,,,,
175513607,1604980745,Eye Tracker,LipReading,08/25/2025,YanTianming,Recording16,05/10/2025,05/10/2025,14:25:35.695,06:25:35.695,387686,Timeline1,Tobii I-VT (Fixation),1.241.54219,1080,1920,10.0,5.1,9.5,10.6,0.53,1.02,1.13,19,35,39,6.6,5.5,2.9,0.7,0.62,0.32,24,20,11,1566089428,,,937,774,958,760,916,789,0.05819,0.25501,-0.96519,-0.06552,0.26237,-0.96274,3.908,4.247,4.075,,,,Valid,Valid,226.8,52.3,589.0,290.7,55.1,590.3,262.3,207.9,250.6,215.9,0.488,0.7169,0.4992,0.7034,0.4769,0.7305,Screen Recording,Screen Recording Recording16.mp4,1920,1080,0,0,960,540,Fixation,1476,408,935,768,0.487,0.7113,,,,,,,,,,,
175517607,1604984745,Eye Tracker,LipReading,08/25/2025,YanTianming,Recording16,05/10/2025,05/10/2025,14:25:35.695,06:25:35.695,387686,Timeline1,Tobii I-VT (Fixation),1.241.54219,1080,1920,10.0,5.1,9.5,10.6,0.53,1.02,1.13,19,35,39,6.6,5.5,2.9,0.7,0.62,0.32,24,20,11,1566093428,,,931,769,952,746,910,791,0.05509,0.24941,-0.96683,-0.06792,0.26314,-0.96236,3.878,4.257,4.077,,,,Valid,Valid,226.8,52.3,588.9,290.8,55.1,590.1,260.4,204.2,249.1,216.5,0.4849,0.7117,0.4956,0.6909,0.4741,0.7325,Screen Recording,Screen Recording Recording16.mp4,1920,1080,0,0,960,540,Fixation,1476,408,935,768,0.487,0.7113,,,,,,,,,,,
175521607,1604988745,Eye Tracker,LipReading,08/25/2025,YanTianming,Recording16,05/10/2025,05/10/2025,14:25:35.695,06:25:35.695,387686,Timeline1,Tobii I-VT (Fixation),1.241.54219,1080,1920,10.0,5.1,9.5,10.6,0.53,1.02,1.13,19,35,39,6.6,5.5,2.9,0.7,0.62,0.32,24,20,11,1566097428,,,931,769,946,746,916,792,0.05236,0.24926,-0.96702,-0.06558,0.2636,-0.9624,3.893,4.25,4.082,,,,Valid,Valid,226.9,52.3,589.0,290.8,55.2,589.9,258.8,204.1,250.6,216.8,0.4847,0.712,0.4925,0.6905,0.4769,0.7335,Screen Recording,Screen Recording Recording16.mp4,1920,1080,0,0,960,540,Fixation,1476,408,935,768,0.487,0.7113,,,,,,,,,,,
175525607,1604992745,Eye Tracker,LipReading,08/25/2025,YanTianming,Recording16,05/10/2025,05/10/2025,14:25:35.695,06:25:35.695,387686,Timeline1,Tobii I-VT (Fixation),1.241.54219,1080,1920,10.0,5.1,9.5,10.6,0.53,1.02,1.13,19,35,39,6.6,5.5,2.9,0.7,0.62,0.32,24,20,11,1566101428,,,942,774,956,754,929,794,0.05676,0.25278,-0.96586,-0.05965,0.2644,-0.96257,3.918,4.256,4.079,,,,Valid,Valid,226.9,52.2,589.0,290.8,55.2,589.9,261.5,206.4,254.2,217.3,0.4908,0.7167,0.4977,0.6984,0.4839,0.7351,Screen Recording,Screen Recording Recording16.mp4,1920,1080,0,0,960,540,Fixation,1476,408,935,768,0.487,0.7113,,,,,,,,,,,
175529607,1604996745,Eye Tracker,LipReading,08/25/2025,YanTianming,Recording16,05/10/2025,05/10/2025,14:25:35.695,06:25:35.695,387686,Timeline1,Tobii I-VT (Fixation),1.241.54219,1080,1920,10.0,5.1,9.5,10.6,0.53,1.02,1.13,19,35,39,6.6,5.5,2.9,0.7,0.62,0.32,24,20,11,1566105428,,,938,780,950,765,925,796,0.05417,0.25734,-0.9648,-0.0614,0.26511,-0.96226,3.922,4.258,4.079,,,,Valid,Valid,226.9,52.2,589.1,290.8,55.2,590.0,260.0,209.4,253.2,217.7,0.4884,0.7225,0.4949,0.7083,0.4819,0.7366,Screen Recording,Screen Recording Recording16.mp4,1920,1080,0,0,960,540,Fixation,1476,408,935,768,0.487,0.7113,,,,,,,,,,,
175533607,1605000745,Eye Tracker,LipReading,08/25/2025,YanTianming,Recording16,05/10/2025,05/10/2025,14:25:35.695,06:25:35.695,387686,Timeline1,Tobii I-VT (Fixation),1.241.54219,1080,1920,10.0,5.1,9.5,10.6,0.53,1.02,1.13,19,35,39,6.6,5.5,2.9,0.7,0.62,0.32,24,20,11,1566109428,,,944,771,956,748,931,793,0.05707,0.25022,-0.96651,-0.0588,0.26427,-0.96266,3.902,4.238,4.08,,,,Valid,Valid,227.0,52.2,589.1,290.9,55.1,590.1,261.7,204.7,254.8,217.1,0.4915,0.7136,0.4981,0.6927,0.4849,0.7346,Screen Recording,Screen Recording Recording16.mp4,1920,1080,0,0,960,540,Fixation,1476,408,935,768,0.487,0.7113,,,,,,,,,,,
175537607,1605004745,Eye Tracker,LipReading,08/25/2025,YanTianming,Recording16,05/10/2025,05/10/2025,14:25:35.695,06:25:35.695,387686,Timeline1,Tobii I-VT (Fixation),1.241.54219,1080,1920,10.0,5.1,9.5,10.6,0.53,1.02,1.13,19,35,39,6.6,5.5,2.9,0.7,0.62,0.32,24,20,11,1566113428,,,942,776,959,756,924,795,0.0583,0.25352,-0.96557,-0.06196,0.2649,-0.96228,3.896,4.263,4.077,,,,Valid,Valid,227.0,52.2,589.1,290.9,55.1,590.2,262.5,206.9,252.9,217.6,0.4905,0.7181,0.4997,0.7,0.4813,0.7361,Screen Recording,Screen Recording Recording16.mp4,1920,1080,0,0,960,540,Fixation,1476,408,935,768,0.487,0.7113,,,,,,,,,,,
175541607,1605008745,Eye Tracker,LipReading,08/25/2025,YanTianming,Recording16,05/10/2025,05/10/2025,14:25:35.695,06:25:35.695,387686,Timeline1,Tobii I-VT (Fixation),1.241.54219,1080,1920,10.0,5.1,9.5,10.6,0.53,1.02,1.13,19,35,39,6.6,5.5,2.9,0.7,0.62,0.32,24,20,11,1566117428,,,936,773,951,750,922,796,0.05461,0.25098,-0.96645,-0.06306,0.26544,-0.96206,3.893,4.266,4.073,,,,Valid,Valid,227.0,52.2,589.1,290.9,55.1,590.2,260.3,205.2,252.2,217.9,0.4877,0.7158,0.4953,0.6943,0.48,0.7374,Screen Recording,Screen Recording Recording16.mp4,1920,1080,0,0,960,540,Fixation,1476,408,935,768,0.487,0.7113,,,,,,,,,,,
175545606,1605012744,Eye Tracker,LipReading,08/25/2025,YanTianming,Recording16,05/10/2025,05/10/2025,14:25:35.695,06:25:35.695,387686,Timeline1,Tobii I-VT (Fixation),1.241.54219,1080,1920,10.0,5.1,9.5,10.6,0.53,1.02,1.13,19,35,39,6.6,5.5,2.9,0.7,0.62,0.32,24,20,11,1566121428,,,933,774,949,751,917,798,0.05365,0.25158,-0.96635,-0.06502,0.26596,-0.96179,3.883,4.246,4.076,,,,Valid,Valid,227.0,52.2,589.1,290.9,55.1,590.2,259.7,205.6,251.0,218.3,0.486,0.7171,0.4942,0.6956,0.4777,0.7386,Screen Recording,Screen Recording Recording16.mp4,1920,1080,0,0,960,540,Fixation,1476,408,935,768,0.487,0.7113,,,,,,,,,,,
175549606,1605016744,Eye Tracker,LipReading,08/25/2025,YanTianming,Recording16,05/10/2025,05/10/2025,14:25:35.695,06:25:35.695,387686,Timeline1,Tobii I-VT (Fixation),1.241.54219,1080,1920,10.0,5.1,9.5,10.6,0.53,1.02,1.13,19,35,39,6.6,5.5,2.9,0.7,0.62,0.32,24,20,11,1566125428,,,938,767,957,753,920,781,0.05714,0.25224,-0.96598,-0.06402,0.25919,-0.9637,3.901,4.249,4.075,,,,Valid,Valid,227.0,52.2,589.1,290.9,55.1,590.2,261.8,206.1,251.7,213.8,0.4887,0.7103,0.4983,0.6972,0.479,0.7235,Screen Recording,Screen Recording Recording16.mp4,1920,1080,0,0,960,540,Fixation,1476,408,935,768,0.487,0.7113,,,,,,,,,,,
175553606,1605020744,Eye Tracker,LipReading,08/25/2025,YanTianming,Recording16,05/10/2025,05/10/2025,14:25:35.695,06:25:35.695,387686,Timeline1,Tobii I-VT (Fixation),1.241.54219,1080,1920,10.0,5.1,9.5,10.6,0.53,1.02,1.13,19,35,39,6.6,5.5,2.9,0.7,0.62,0.32,24,20,11,1566129428,,,936,777,951,756,920,798,0.05475,0.2535,-0.96578,-0.06389,0.26597,-0.96186,3.9,4.255,4.075,,,,Valid,Valid,227.0,52.2,589.1,290.9,55.1,590.2,260.4,206.9,251.7,218.3,0.4873,0.7193,0.4955,0.6999,0.479,0.7386,Screen Recording,Screen Recording Recording16.mp4,1920,1080,0,0,960,540,Fixation,1476,408,935,768,0.487,0.7113,,,,,,,,,,,
175557606,1605024744,Eye Tracker,LipReading,08/25/2025,YanTianming,Recording16,05/10/2025,05/10/2025,14:25:35.695,06:25:35.695,387686,Timeline1,Tobii I-VT (Fixation),1.241.54219,1080,1920,10.0,5.1,9.5,10.6,0.53,1.02,1.13,19,35,39,6.6,5.5,2.9,0.7,0.62,0.32,24,20,11,1566133428,,,936,779,953,760,919,798,0.05528,0.25519,-0.96531,-0.06438,0.26595,-0.96183,3.902,4.244,4.075,,,,Valid,Valid,227.0,52.2,589.1,290.9,55.1,590.2,260.7,208.0,251.4,218.3,0.4873,0.7211,0.4962,0.7037,0.4784,0.7386,Screen Recording,Screen Recording Recording16.mp4,1920,1080,0,0,960,540,Fixation,1476,408,935,768,0.487,0.7113,,,,,,,,,,,
175561606,1605028744,Eye Tracker,LipReading,08/25/2025,YanTianming,Recording16,05/10/2025,05/10/2025,14:25:35.695,06:25:35.695,387686,Timeline1,Tobii I-VT (Fixation),1.241.54219,1080,1920,10.0,5.1,9.5,10.6,0.53,1.02,1.13,19,35,39,6.6,5.5,2.9,0.7,0.62,0.32,24,20,11,1566137428,,,938,779,951,763,925,794,0.05462,0.25664,-0.96496,-0.06151,0.2646,-0.96239,3.926,4.254,4.078,,,,Valid,Valid,227.0,52.2,589.1,290.9,55.1,590.1,260.3,208.9,253.1,217.4,0.4886,0.7212,0.4954,0.7069,0.4818,0.7355,Screen Recording,Screen Recording Recording16.mp4,1920,1080,0,0,960,540,Fixation,1476,408,935,768,0.487,0.7113,,,,,,,,,,,
175565606,1605032744,Eye Tracker,LipReading,08/25/2025,YanTianming,Recording16,05/10/2025,05/10/2025,14:25:35.695,06:25:35.695,387686,Timeline1,Tobii I-VT (Fixation),1.241.54219,1080,1920,10.0,5.1,9.5,10.6,0.53,1.02,1.13,19,35,39,6.6,5.5,2.9,0.7,0.62,0.32,24,20,11,1566141428,,,941,774,953,754,930,793,0.05545,0.2528,-0.96593,-0.05936,0.26419,-0.96264,3.914,4.244,4.073,,,,Valid,Valid,226.9,52.2,589.1,290.8,55.2,590.0,260.8,206.4,254.5,217.1,0.4903,0.7165,0.4963,0.6984,0.4843,0.7346,Screen Recording,Screen Recording Recording16.mp4,1920,1080,0,0,960,540,Fixation,1476,408,935,768,0.487,0.7113,,,,,,,,,,,
175569606,1605036744,Eye Tracker,LipReading,08/25/2025,YanTianming,Recording16,05/10/2025,05/10/2025,14:25:35.695,06:25:35.695,387686,Timeline1,Tobii I-VT (Fixation),1.241.54219,1080,1920,10.0,5.1,9.5,10.6,0.53,1.02,1.13,19,35,39,6.6,5.5,2.9,0.7,0.62,0.32,24,20,11,1566145428,,,938,785,947,759,928,812,0.05304,0.25488,-0.96552,-0.06004,0.27176,-0.96049,3.886,4.256,4.082,,,,Valid,Valid,226.9,52.3,589.1,290.8,55.3,589.9,259.3,207.8,253.9,222.2,0.4884,0.7273,0.4935,0.703,0.4833,0.7516,Screen Recording,Screen Recording Recording16.mp4,1920,1080,0,0,960,540,Fixation,1476,408,935,768,0.487,0.7113,,,,,,,,,,,
175573606,1605040744,Eye Tracker,LipReading,08/25/2025,YanTianming,Recording16,05/10/2025,05/10/2025,14:25:35.695,06:25:35.695,387686,Timeline1,Tobii I-VT (Fixation),1.241.54219,1080,1920,10.0,5.1,9.5,10.6,0.53,1.02,1.13,19,35,39,6.6,5.5,2.9,0.7,0.62,0.32,24,20,11,1566149428,,,931,781,947,765,916,797,0.0529,0.25748,-0.96483,-0.0656,0.26561,-0.96185,3.896,4.238,4.073,,,,Valid,Valid,226.9,52.3,589.0,290.8,55.2,589.9,259.2,209.5,250.6,218.1,0.4851,0.7234,0.4933,0.7088,0.4768,0.7381,Screen Recording,Screen Recording Recording16.mp4,1920,1080,0,0,960,540,Fixation,1476,408,935,768,0.487,0.7113,,,,,,,,,,,
175577606,1605044744,Eye Tracker,LipReading,08/25/2025,YanTianming,Recording16,05/10/2025,05/10/2025,14:25:35.695,06:25:35.695,387686,Timeline1,Tobii I-VT (Fixation),1.241.54219,1080,1920,10.0,5.1,9.5,10.6,0.53,1.02,1.13,19,35,39,6.6,5.5,2.9,0.7,0.62,0.32,24,20,11,1566153428,,,937,784,963,764,910,804,0.05991,0.2569,-0.96458,-0.06775,0.26835,-0.96094,3.919,4.25,4.075,,,,Valid,Valid,226.8,52.3,588.9,290.8,55.2,590.1,263.4,209.2,249.2,220.0,0.4878,0.7259,0.5013,0.7077,0.4742,0.7442,Screen Recording,Screen Recording Recording16.mp4,1920,1080,0,0,960,540,Fixation,1476,408,935,768,0.487,0.7113,,,,,,,,,,,
175581606,1605048744,Eye Tracker,LipReading,08/25/2025,YanTianming,Recording16,05/10/2025,05/10/2025,14:25:35.695,06:25:35.695,387686,Timeline1,Tobii I-VT (Fixation),1.241.54219,1080,1920,10.0,5.1,9.5,10.6,0.53,1.02,1.13,19,35,39,6.6,5.5,2.9,0.7,0.62,0.32,24,20,11,1566157428,,,937,779,958,756,915,803,0.05807,0.25341,-0.96561,-0.06567,0.26803,-0.96117,3.896,4.255,4.075,,,,Valid,Valid,226.8,52.3,589.0,290.7,55.1,590.2,262.2,206.9,250.4,219.7,0.4878,0.7216,0.499,0.6999,0.4766,0.7433,Screen Recording,Screen Recording Recording16.mp4,1920,1080,0,0,960,540,Fixation,1476,408,935,768,0.487,0.7113,,,,,,,,,,,
175585606,1605052744,Eye Tracker,LipReading,08/25/2025,YanTianming,Recording16,05/10/2025,05/10/2025,14:25:35.695,06:25:35.695,387686,Timeline1,Tobii I-VT (Fixation),1.241.54219,1080,1920,10.0,5.1,9.5,10.6,0.53,1.02,1.13,19,35,39,6.6,5.5,2.9,0.7,0.62,0.32,24,20,11,1566161428,,,939,776,950,753,928,799,0.05466,0.25224,-0.96612,-0.06,0.2666,-0.96194,3.9,4.264,4.075,,,,Valid,Valid,226.8,52.2,589.1,290.7,55.1,590.1,260.1,206.1,253.9,218.7,0.489,0.7185,0.495,0.6972,0.4831,0.7399,Screen Recording,Screen Recording Recording16.mp4,1920,1080,0,0,960,540,Fixation,1476,408,935,768,0.487,0.7113,,,,,,,,,,,
175589606,1605056744,Eye Tracker,LipReading,08/25/2025,YanTianming,Recording16,05/10/2025,05/10/2025,14:25:35.695,06:25:35.695,387686,Timeline1,Tobii I-VT (Fixation),1.241.54219,1080,1920,10.0,5.1,9.5,10.6,0.53,1.02,1.13,19,35,39,6.6,5.5,2.9,0.7,0.62,0.32,24,20,11,1566165428,,,933,771,942,746,923,796,0.05109,0.24916,-0.96711,-0.06185,0.26541,-0.96215,3.886,4.265,4.075,,,,Valid,Valid,226.7,52.3,589.0,290.6,55.2,589.9,257.8,204.0,252.7,218.0,0.4858,0.7139,0.4907,0.6903,0.4809,0.7375,Screen Recording,Screen Recording Recording16.mp4,1920,1080,0,0,960,540,Fixation,1476,408,935,768,0.487,0.7113,,,,,,,,,,,
175593606,1605060744,Eye Tracker,LipReading,08/25/2025,YanTianming,Recording16,05/10/2025,05/10/2025,14:25:35.695,06:25:35.695,387686,Timeline1,Tobii I-VT (Fixation),1.241.54219,1080,1920,10.0,5.1,9.5,10.6,0.53,1.02,1.13,19,35,39,6.6,5.5,2.9,0.7,0.62,0.32,24,20,11,1566169428,,,932,780,951,757,914,802,0.05492,0.25403,-0.96564,-0.06587,0.26759,-0.96128,3.886,4.247,4.079,,,,Valid,Valid,226.7,52.3,588.9,290.6,55.2,590.0,260.2,207.2,250.1,219.4,0.4856,0.7218,0.4951,0.7012,0.4761,0.7424,Screen Recording,Screen Recording Recording16.mp4,1920,1080,0,0,960,540,Fixation,1476,408,935,768,0.487,0.7113,,,,,,,,,,,
175597606,1605064744,Eye Tracker,LipReading,08/25/2025,YanTianming,Recording16,05/10/2025,05/10/2025,14:25:35.695,06:25:35.695,387686,Timeline1,Tobii I-VT (Fixation),1.241.54219,1080,1920,10.0,5.1,9.5,10.6,0.53,1.02,1.13,19,35,39,6.6,5.5,2.9,0.7,0.62,0.32,24,20,11,1566173428,,,937,784,962,763,913,805,0.05997,0.25617,-0.96477,-0.06619,0.2689,-0.96089,3.931,4.245,4.075,,,,Valid,Valid,226.6,52.3,588.9,290.5,55.1,590.2,263.2,208.7,249.9,220.3,0.4883,0.7257,0.5009,0.7061,0.4756,0.7453,Screen Recording,Screen Recording Recording16.mp4,1920,1080,0,0,960,540,Fixation,1476,408,935,768,0.487,0.7113,,,,,,,,,,,
175601606,1605068744,Eye Tracker,LipReading,08/25/2025,YanTianming,Recording16,05/10/2025,05/10/2025,14:25:35.695,06:25:35.695,387686,Timeline1,Tobii I-VT (Fixation),1.241.54219,1080,1920,10.0,5.1,9.5,10.6,0.53,1.02,1.13,19,35,39,6.6,5.5,2.9,0.7,0.62,0.32,24,20,11,1566177428,,,940,779,957,766,922,791,0.05773,0.2576,-0.96452,-0.062,0.26335,-0.96271,3.906,4.258,4.075,,,,Valid,Valid,226.6,52.2,589.1,290.5,55.1,590.2,261.8,209.6,252.5,216.6,0.4894,0.7209,0.4983,0.7091,0.4805,0.7327,Screen Recording,Screen Recording Recording16.mp4,1920,1080,0,0,960,540,Fixation,1476,408,935,768,0.487,0.7113,,,,,,,,,,,
175605606,1605072744,Eye Tracker,LipReading,08/25/2025,YanTianming,Recording16,05/10/2025,05/10/2025,14:25:35.695,06:25:35.695,387686,Timeline1,Tobii I-VT (Fixation),1.241.54219,1080,1920,10.0,5.1,9.5,10.6,0.53,1.02,1.13,19,35,39,6.6,5.5,2.9,0.7,0.62,0.32,24,20,11,1566181428,,,936,779,942,759,930,799,0.05116,0.25474,-0.96566,-0.05863,0.26637,-0.96209,3.901,4.249,4.08,,,,Valid,Valid,226.5,52.3,589.0,290.4,55.2,590.0,257.7,207.6,254.4,218.5,0.4874,0.721,0.4905,0.7025,0.4843,0.7394,Screen Recording,Screen Recording Recording16.mp4,1920,1080,0,0,960,540,Fixation,1476,408,935,768,0.487,0.7113,,,,,,,,,,,
175609606,1605076744,Eye Tracker,LipReading,08/25/2025,YanTianming,Recording16,05/10/2025,05/10/2025,14:25:35.695,06:25:35.695,387686,Timeline1,Tobii I-VT (Fixation),1.241.54219,1080,1920,10.0,5.1,9.5,10.6,0.53,1.02,1.13,19,35,39,6.6,5.5,2.9,0.7,0.62,0.32,24,20,11,1566185428,,,937,772,953,752,921,792,0.05641,0.252,-0.96608,-0.06239,0.26374,-0.96257,3.885,4.256,4.08,,,,Valid,Valid,226.5,52.3,588.9,290.4,55.2,589.9,260.9,205.9,252.1,216.9,0.4881,0.7152,0.4964,0.6967,0.4798,0.7337,Screen Recording,Screen Recording Recording16.mp4,1920,1080,0,0,960,540,Fixation,1476,408,935,768,0.487,0.7113,,,,,,,,,,,
175613606,1605080744,Eye Tracker,LipReading,08/25/2025,YanTianming,Recording16,05/10/2025,05/10/2025,14:25:35.695,06:25:35.695,387686,Timeline1,Tobii I-VT (Fixation),1.241.54219,1080,1920,10.0,5.1,9.5,10.6,0.53,1.02,1.13,19,35,39,6.6,5.5,2.9,0.7,0.62,0.32,24,20,11,1566189428,,,936,774,960,755,912,794,0.05943,0.253,-0.96564,-0.0665,0.26438,-0.96212,3.904,4.262,4.082,,,,Valid,Valid,226.4,52.3,588.9,290.3,55.1,590.2,262.7,206.6,249.5,217.3,0.4874,0.7171,0.4999,0.699,0.4749,0.7351,Screen Recording,Screen Recording Recording16.mp4,1920,1080,0,0,960,540,Fixation,1476,408,935,768,0.487,0.7113,,,,,,,,,,,
175617606,1605084744,Eye Tracker,LipReading,08/25/2025,YanTianming,Recording16,05/10/2025,05/10/2025,14:25:35.695,06:25:35.695,387686,Timeline1,Tobii I-VT (Fixation),1.241.54219,1080,1920,10.0,5.1,9.5,10.6,0.53,1.02,1.13,19,35,39,6.6,5.5,2.9,0.7,0.62,0.32,24,20,11,1566193428,,,937,776,954,757,920,795,0.05711,0.2538,-0.96557,-0.06268,0.26503,-0.9622,3.897,4.263,4.08,,,,Valid,Valid,226.4,52.2,589.1,290.3,55.1,590.3,261.2,207.1,251.8,217.6,0.4882,0.7185,0.4971,0.7006,0.4793,0.7364,Screen Recording,Screen Recording Recording16.mp4,1920,1080,0,0,960,540,Fixation,1476,408,935,768,0.487,0.7113,,,,,,,,,,,
175621605,1605088743,Eye Tracker,LipReading,08/25/2025,YanTianming,Recording16,05/10/2025,05/10/2025,14:25:35.695,06:25:35.695,387686,Timeline1,Tobii I-VT (Fixation),1.241.54219,1080,1920,10.0,5.1,9.5,10.6,0.53,1.02,1.13,19,35,39,6.6,5.5,2.9,0.7,0.62,0.32,24,20,11,1566197428,,,940,778,951,764,929,791,0.05568,0.25692,-0.96483,-0.05855,0.26335,-0.96292,3.911,4.264,4.084,,,,Valid,Valid,226.3,52.2,589.1,290.2,55.1,590.1,260.3,209.1,254.3,216.5,0.4897,0.72,0.4954,0.7074,0.484,0.7326,Screen Recording,Screen Recording Recording16.mp4,1920,1080,0,0,960,540,Fixation,1476,408,935,768,0.487,0.7113,,,,,,,,,,,
175625605,1605092743,Eye Tracker,LipReading,08/25/2025,YanTianming,Recording16,05/10/2025,05/10/2025,14:25:35.695,06:25:35.695,387686,Timeline1,Tobii I-VT (Fixation),1.241.54219,1080,1920,10.0,5.1,9.5,10.6,0.53,1.02,1.13,19,35,39,6.6,5.5,2.9,0.7,0.62,0.32,24,20,11,1566201428,,,937,773,948,748,925,797,0.05456,0.25031,-0.96663,-0.0604,0.26575,-0.96215,3.891,4.264,4.08,,,,Valid,Valid,226.3,52.3,589.0,290.2,55.2,589.9,259.5,204.8,253.1,218.1,0.4879,0.7155,0.4939,0.6929,0.4818,0.7381,Screen Recording,Screen Recording Recording16.mp4,1920,1080,0,0,960,540,Fixation,1476,408,935,768,0.487,0.7113,,,,,,,,,,,
175629605,1605096743,Eye Tracker,LipReading,08/25/2025,YanTianming,Recording16,05/10/2025,05/10/2025,14:25:35.695,06:25:35.695,387686,Timeline1,Tobii I-VT (Fixation),1.241.54219,1080,1920,10.0,5.1,9.5,10.6,0.53,1.02,1.13,19,35,39,6.6,5.5,2.9,0.7,0.62,0.32,24,20,11,1566205428,,,934,777,954,758,913,795,0.05715,0.2545,-0.96538,-0.06552,0.26469,-0.9621,3.906,4.261,4.078,,,,Valid,Valid,226.3,52.3,588.9,290.2,55.2,590.0,261.1,207.6,250.0,217.5,0.4864,0.7191,0.497,0.7022,0.4758,0.7359,Screen Recording,Screen Recording Recording16.mp4,1920,1080,0,0,960,540,Fixation,1476,408,935,768,0.487,0.7113,,,,,,,,,,,
175633605,1605100743,Eye Tracker,LipReading,08/25/2025,YanTianming,Recording16,05/10/2025,05/10/2025,14:25:35.695,06:25:35.695,387686,Timeline1,Tobii I-VT (Fixation),1.241.54219,1080,1920,10.0,5.1,9.5,10.6,0.53,1.02,1.13,19,35,39,6.6,5.5,2.9,0.7,0.62,0.32,24,20,11,1566209428,,,935,772,961,756,909,789,0.06023,0.25357,-0.96544,-0.06743,0.26218,-0.96266,3.891,4.267,4.078,,,,Valid,Valid,226.2,52.3,588.9,290.1,55.1,590.1,263.0,207.0,248.8,215.8,0.487,0.7153,0.5004,0.7003,0.4735,0.7303,Screen Recording,Screen Recording Recording16.mp4,1920,1080,0,0,960,540,Fixation,1476,408,935,768,0.487,0.7113,,,,,,,,,,,
175637604,1605104742,Eye Tracker,LipReading,08/25/2025,YanTianming,Recording16,05/10/2025,05/10/2025,14:25:35.695,06:25:35.695,387686,Timeline1,Tobii I-VT (Fixation),1.241.54219,1080,1920,10.0,5.1,9.5,10.6,0.53,1.02,1.13,19,35,39,6.6,5.5,2.9,0.7,0.62,0.32,24,20,11,1566213427,,,938,772,962,748,914,796,0.06069,0.25,-0.96634,-0.06521,0.26546,-0.96191,3.89,4.261,4.086,,,,Valid,Valid,226.2,52.3,588.9,290.1,55.1,590.2,263.2,204.6,250.1,218.0,0.4884,0.7149,0.5009,0.6924,0.476,0.7374,Screen Recording,Screen Recording Recording16.mp4,1920,1080,0,0,960,540,Fixation,1476,408,935,768,0.487,0.7113,,,,,,,,,,,
175641604,1605108742,Eye Tracker,LipReading,08/25/2025,YanTianming,Recording16,05/10/2025,05/10/2025,14:25:35.695,06:25:35.695,387686,Timeline1,Tobii I-VT (Fixation),1.241.54219,1080,1920,10.0,5.1,9.5,10.6,0.53,1.02,1.13,19,35,39,6.6,5.5,2.9,0.7,0.62,0.32,24,20,11,1566217427,,,938,771,958,754,918,787,0.05905,0.25264,-0.96576,-0.06359,0.26178,-0.96303,3.912,4.267,4.085,,,,Valid,Valid,226.2,52.2,589.0,290.1,55.1,590.3,262.2,206.3,251.1,215.5,0.4884,0.7136,0.499,0.6981,0.4779,0.7291,Screen Recording,Screen Recording Recording16.mp4,1920,1080,0,0,960,540,Fixation,1476,408,935,768,0.487,0.7113,,,,,,,,,,,
175645604,1605112742,Eye Tracker,LipReading,08/25/2025,YanTianming,Recording16,05/10/2025,05/10/2025,14:25:35.695,06:25:35.695,387686,Timeline1,Tobii I-VT (Fixation),1.241.54219,1080,1920,10.0,5.1,9.5,10.6,0.53,1.02,1.13,19,35,39,6.6,5.5,2.9,0.7,0.62,0.32,24,20,11,1566221427,,,939,775,957,755,921,795,0.05838,0.25331,-0.96562,-0.06183,0.26504,-0.96225,3.917,4.272,4.085,,,,Valid,Valid,226.1,52.2,589.1,290.1,55.0,590.3,261.8,206.7,252.1,217.6,0.489,0.7179,0.4982,0.6995,0.4799,0.7363,Screen Recording,Screen Recording Recording16.mp4,1920,1080,0,0,960,540,Fixation,1476,408,935,768,0.487,0.7113,,,,,,,,,,,
175649604,1605116742,Eye Tracker,LipReading,08/25/2025,YanTianming,Recording16,05/10/2025,05/10/2025,14:25:35.695,06:25:35.695,387686,Timeline1,Tobii I-VT (Fixation),1.241.54219,1080,1920,10.0,5.1,9.5,10.6,0.53,1.02,1.13,19,35,39,6.6,5.5,2.9,0.7,0.62,0.32,24,20,11,1566225427,,,941,770,959,751,922,789,0.05942,0.25125,-0.9661,-0.06139,0.26254,-0.96297,3.903,4.275,4.088,,,,Valid,Valid,226.1,52.2,589.1,290.1,55.0,590.3,262.4,205.4,252.4,216.0,0.4899,0.7128,0.4993,0.695,0.4804,0.7307,Screen Recording,Screen Recording Recording16.mp4,1920,1080,0,0,960,540,Fixation,1476,408,935,768,0.487,0.7113,,,,,,,,,,,
175653604,1605120742,Eye Tracker,LipReading,08/25/2025,YanTianming,Recording16,05/10/2025,05/10/2025,14:25:35.695,06:25:35.695,387686,Timeline1,Tobii I-VT (Fixation),1.241.54219,1080,1920,10.0,5.1,9.5,10.6,0.53,1.02,1.13,19,35,39,6.6,5.5,2.9,0.7,0.62,0.32,24,20,11,1566229427,,,933,768,948,749,918,788,0.05459,0.25069,-0.96653,-0.06341,0.26182,-0.96303,3.887,4.264,4.086,,,,Valid,Valid,226.1,52.2,589.1,290.1,55.1,590.3,259.4,205.0,251.2,215.5,0.4859,0.7114,0.4937,0.6936,0.478,0.7292,Screen Recording,Screen Recording Recording16.mp4,1920,1080,0,0,960,540,Fixation,1476,408,935,768,0.487,0.7113,,,,,,,,,,,
175657604,1605124742,Eye Tracker,LipReading,08/25/2025,YanTianming,Recording16,05/10/2025,05/10/2025,14:25:35.695,06:25:35.695,387686,Timeline1,Tobii I-VT (Fixation),1.241.54219,1080,1920,10.0,5.1,9.5,10.6,0.53,1.02,1.13,19,35,39,6.6,5.5,2.9,0.7,0.62,0.32,24,20,11,1566233427,,,939,772,953,756,925,789,0.05681,0.25336,-0.9657,-0.06038,0.2626,-0.96301,3.901,4.276,4.088,,,,Valid,Valid,226.1,52.2,589.1,290.1,55.0,590.3,260.8,206.8,253.1,216.0,0.489,0.7152,0.4963,0.6995,0.4816,0.7308,Screen Recording,Screen Recording Recording16.mp4,1920,1080,0,0,960,540,Fixation,1476,408,935,768,0.487,0.7113,,,,,,,,,,,
175661604,1605128742,Eye Tracker,LipReading,08/25/2025,YanTianming,Recording16,05/10/2025,05/10/2025,14:25:35.695,06:25:35.695,387686,Timeline1,Tobii I-VT (Fixation),1.241.54219,1080,1920,10.0,5.1,9.5,10.6,0.53,1.02,1.13,19,35,39,6.6,5.5,2.9,0.7,0.62,0.32,24,20,11,1566237427,,,938,771,957,756,919,786,0.05855,0.25375,-0.9655,-0.06292,0.26108,-0.96327,3.899,4.27,4.088,,,,Valid,Valid,226.2,52.2,589.0,290.1,55.0,590.2,261.9,207.0,251.5,215.0,0.4885,0.714,0.4984,0.7004,0.4787,0.7275,Screen Recording,Screen Recording Recording16.mp4,1920,1080,0,0,960,540,Fixation,1476,408,935,768,0.487,0.7113,,,,,,,,,,,
175665604,1605132742,Eye Tracker,LipReading,08/25/2025,YanTianming,Recording16,05/10/2025,05/10/2025,14:25:35.695,06:25:35.695,387686,Timeline1,Tobii I-VT (Fixation),1.241.54219,1080,1920,10.0,5.1,9.5,10.6,0.53,1.02,1.13,19,35,39,6.6,5.5,2.9,0.7,0.62,0.32,24,20,11,1566241427,,,938,775,959,752,917,797,0.05938,0.25206,-0.96589,-0.06392,0.26596,-0.96186,3.905,4.276,4.09,,,,Valid,Valid,226.2,52.2,589.0,290.1,55.0,590.2,262.4,205.9,250.9,218.2,0.4884,0.7176,0.4993,0.6968,0.4774,0.7384,Screen Recording,Screen Recording Recording16.mp4,1920,1080,0,0,960,540,Fixation,1476,408,935,768,0.487,0.7113,,,,,,,,,,,
175669604,1605136742,Eye Tracker,LipReading,08/25/2025,YanTianming,Recording16,05/10/2025,05/10/2025,14:25:35.695,06:25:35.695,387686,Timeline1,Tobii I-VT (Fixation),1.241.54219,1080,1920,10.0,5.1,9.5,10.6,0.53,1.02,1.13,19,35,39,6.6,5.5,2.9,0.7,0.62,0.32,24,20,11,1566245427,,,936,776,961,759,912,793,0.06016,0.25489,-0.9651,-0.06611,0.26401,-0.96225,3.919,4.278,4.09,,,,Valid,Valid,226.2,52.3,588.9,290.1,55.1,590.2,262.9,207.8,249.6,217.0,0.4877,0.7186,0.5003,0.7031,0.475,0.7342,Screen Recording,Screen Recording Recording16.mp4,1920,1080,0,0,960,540,Fixation,1476,408,935,768,0.487,0.7113,,,,,,,,,,,
175673604,1605140742,Eye Tracker,LipReading,08/25/2025,YanTianming,Recording16,05/10/2025,05/10/2025,14:25:35.695,06:25:35.695,387686,Timeline1,Tobii I-VT (Fixation),1.241.54219,1080,1920,10.0,5.1,9.5,10.6,0.53,1.02,1.13,19,35,39,6.6,5.5,2.9,0.7,0.62,0.32,24,20,11,1566249427,,,934,763,956,745,913,782,0.05804,0.24888,-0.96679,-0.0659,0.25949,-0.9635,3.914,4.288,4.092,,,,Valid,Valid,226.2,52.3,588.9,290.1,55.1,590.0,261.6,203.9,249.8,214.0,0.4866,0.7069,0.4978,0.6897,0.4754,0.7241,Screen Recording,Screen Recording Recording16.mp4,1920,1080,0,0,960,540,Fixation,1476,408,935,768,0.487,0.7113,,,,,,,,,,,
175677604,1605144742,Eye Tracker,LipReading,08/25/2025,YanTianming,Recording16,05/10/2025,05/10/2025,14:25:35.695,06:25:35.695,387686,Timeline1,Tobii I-VT (Fixation),1.241.54219,1080,1920,10.0,5.1,9.5,10.6,0.53,1.02,1.13,19,35,39,6.6,5.5,2.9,0.7,0.62,0.32,24,20,11,1566253427,,,933,768,953,755,914,782,0.05658,0.25317,-0.96577,-0.06548,0.25928,-0.96358,3.898,4.276,4.092,,,,Valid,Valid,226.3,52.3,588.9,290.2,55.1,590.0,260.8,206.6,250.1,213.9,0.4861,0.7114,0.4963,0.6991,0.4759,0.7236,Screen Recording,Screen Recording Recording16.mp4,1920,1080,0,0,960,540,Fixation,1476,408,935,768,0.487,0.7113,,,,,,,,,,,
175681604,1605148742,Eye Tracker,LipReading,08/25/2025,YanTianming,Recording16,05/10/2025,05/10/2025,14:25:35.695,06:25:35.695,387686,Timeline1,Tobii I-VT (Fixation),1.241.54219,1080,1920,10.0,5.1,9.5,10.6,0.53,1.02,1.13,19,35,39,6.6,5.5,2.9,0.7,0.62,0.32,24,20,11,1566257427,,,937,775,955,759,920,790,0.05741,0.25494,-0.96525,-0.06274,0.26302,-0.96275,3.907,4.267,4.087,,,,Valid,Valid,226.3,52.2,588.9,290.2,55.1,590.0,261.3,207.8,251.7,216.3,0.4882,0.7174,0.4973,0.703,0.4791,0.7319,Screen Recording,Screen Recording Recording16.mp4,1920,1080,0,0,960,540,Fixation,1476,408,935,768,0.487,0.7113,,,,,,,,,,,
175685604,1605152742,Eye Tracker,LipReading,08/25/2025,YanTianming,Recording16,05/10/2025,05/10/2025,14:25:35.695,06:25:35.695,387686,Timeline1,Tobii I-VT (Fixation),1.241.54219,1080,1920,10.0,5.1,9.5,10.6,0.53,1.02,1.13,19,35,39,6.6,5.5,2.9,0.7,0.62,0.32,24,20,11,1566261427,,,937,767,948,752,926,781,0.05422,0.25214,-0.96617,-0.05996,0.25907,-0.964,3.89,4.276,4.084,,,,Valid,Valid,226.3,52.2,588.9,290.2,55.1,590.1,259.4,205.9,253.5,213.7,0.4881,0.7098,0.4936,0.6967,0.4825,0.7229,Screen Recording,Screen Recording Recording16.mp4,1920,1080,0,0,960,540,Fixation,1476,408,935,768,0.487,0.7113,,,,,,,,,,,
175689604,1605156742,Eye Tracker,LipReading,08/25/2025,YanTianming,Recording16,05/10/2025,05/10/2025,14:25:35.695,06:25:35.695,387686,Timeline1,Tobii I-VT (Fixation),1.241.54219,1080,1920,10.0,5.1,9.5,10.6,0.53,1.02,1.13,19,35,39,6.6,5.5,2.9,0.7,0.62,0.32,24,20,11,1566265427,,,936,768,951,749,920,788,0.05577,0.25054,-0.9665,-0.06274,0.26218,-0.96298,3.885,4.271,4.08,,,,Valid,Valid,226.4,52.2,589.1,290.3,55.0,590.2,260.3,204.9,251.8,215.7,0.4874,0.7115,0.4955,0.6932,0.4793,0.7298,Screen Recording,Screen Recording Recording16.mp4,1920,1080,0,0,960,540,Fixation,1476,408,935,768,0.487,0.7113,,,,,,,,,,,
175693604,1605160742,Eye Tracker,LipReading,08/25/2025,YanTianming,Recording16,05/10/2025,05/10/2025,14:25:35.695,06:25:35.695,387686,Timeline1,Tobii I-VT (Fixation),1.241.54219,1080,1920,10.0,5.1,9.5,10.6,0.53,1.02,1.13,19,35,39,6.6,5.5,2.9,0.7,0.62,0.32,24,20,11,1566269427,,,937,779,958,768,917,790,0.05836,0.25858,-0.96423,-0.06434,0.26293,-0.96267,3.911,4.268,4.081,,,,Valid,Valid,226.4,52.2,588.9,290.3,55.0,590.2,262.0,210.2,250.9,216.2,0.4881,0.7213,0.4987,0.7111,0.4775,0.7315,Screen Recording,Screen Recording Recording16.mp4,1920,1080,0,0,960,540,Fixation,1476,408,935,768,0.487,0.7113,,,,,,,,,,,
175697604,1605164742,Eye Tracker,LipReading,08/25/2025,YanTianming,Recording16,05/10/2025,05/10/2025,14:25:35.695,06:25:35.695,387686,Timeline1,Tobii I-VT (Fixation),1.241.54219,1080,1920,10.0,5.1,9.5,10.6,0.53,1.02,1.13,19,35,39,6.6,5.5,2.9,0.7,0.62,0.32,24,20,11,1566273427,,,934,769,957,749,910,790,0.05836,0.25061,-0.96633,-0.06742,0.26266,-0.96253,3.891,4.265,4.086,,,,Valid,Valid,226.5,52.2,588.9,290.4,55.1,590.0,262.0,205.0,249.0,216.1,0.4863,0.7123,0.4987,0.6935,0.474,0.7311,Screen Recording,Screen Recording Recording16.mp4,1920,1080,0,0,960,540,Fixation,1476,408,935,768,0.487,0.7113,,,,,,,,,,,
175701604,1605168742,Eye Tracker,LipReading,08/25/2025,YanTianming,Recording16,05/10/2025,05/10/2025,14:25:35.695,06:25:35.695,387686,Timeline1,Tobii I-VT (Fixation),1.241.54219,1080,1920,10.0,5.1,9.5,10.6,0.53,1.02,1.13,19,35,39,6.6,5.5,2.9,0.7,0.62,0.32,24,20,11,1566277427,,,935,769,948,747,921,791,0.05407,0.24989,-0.96676,-0.06243,0.26313,-0.96274,3.901,4.27,4.086,,,,Valid,Valid,226.5,52.2,588.9,290.4,55.1,590.0,259.4,204.5,252.1,216.4,0.4868,0.7119,0.4938,0.6918,0.4799,0.732,Screen Recording,Screen Recording Recording16.mp4,1920,1080,0,0,960,540,Fixation,1476,408,935,768,0.487,0.7113,,,,,,,,,,,
175705604,1605172742,Eye Tracker,LipReading,08/25/2025,YanTianming,Recording16,05/10/2025,05/10/2025,14:25:35.695,06:25:35.695,387686,Timeline1,Tobii I-VT (Fixation),1.241.54219,1080,1920,10.0,5.1,9.5,10.6,0.53,1.02,1.13,19,35,39,6.6,5.5,2.9,0.7,0.62,0.32,24,20,11,1566281427,,,935,772,948,757,923,787,0.05406,0.25395,-0.96571,-0.06194,0.26159,-0.96319,3.909,4.282,4.09,,,,Valid,Valid,226.5,52.2,589.0,290.4,55.0,590.1,259.5,207.1,252.5,215.3,0.4872,0.7146,0.4939,0.7007,0.4805,0.7285,Screen Recording,Screen Recording Recording16.mp4,1920,1080,0,0,960,540,Fixation,1476,408,935,768,0.487,0.7113,,,,,,,,,,,
175709604,1605176742,Eye Tracker,LipReading,08/25/2025,YanTianming,Recording16,05/10/2025,05/10/2025,14:25:35.695,06:25:35.695,387686,Timeline1,Tobii I-VT (Fixation),1.241.54219,1080,1920,10.0,5.1,9.5,10.6,0.53,1.02,1.13,19,35,39,6.6,5.5,2.9,0.7,0.62,0.32,24,20,11,1566285427,,,935,769,952,749,919,788,0.0555,0.25064,-0.96649,-0.06377,0.26214,-0.96292,3.897,4.285,4.09,,,,Valid,Valid,226.6,52.2,589.1,290.5,55.0,590.2,260.4,205.0,251.4,215.7,0.487,0.7116,0.4956,0.6934,0.4785,0.7298,Screen Recording,Screen Recording Recording16.mp4,1920,1080,0,0,960,540,Fixation,1476,408,935,768,0.487,0.7113,,,,,,,,,,,
175713603,1605180741,Eye Tracker,LipReading,08/25/2025,YanTianming,Recording16,05/10/2025,05/10/2025,14:25:35.695,06:25:35.695,387686,Timeline1,Tobii I-VT (Fixation),1.241.54219,1080,1920,10.0,5.1,9.5,10.6,0.53,1.02,1.13,19,35,39,6.6,5.5,2.9,0.7,0.62,0.32,24,20,11,1566289427,,,939,769,960,746,919,792,0.05915,0.24916,-0.96665,-0.06376,0.26382,-0.96246,3.901,4.28,4.092,,,,Valid,Valid,226.6,52.2,589.0,290.5,55.0,590.1,262.7,204.1,251.4,216.8,0.4892,0.712,0.4999,0.6904,0.4785,0.7336,Screen Recording,Screen Recording Recording16.mp4,1920,1080,0,0,960,540,Fixation,1476,408,935,768,0.487,0.7113,,,,,,,,,,,
175717603,1605184741,Eye Tracker,LipReading,08/25/2025,YanTianming,Recording16,05/10/2025,05/10/2025,14:25:35.695,06:25:35.695,387686,Timeline1,Tobii I-VT (Fixation),1.241.54219,1080,1920,10.0,5.1,9.5,10.6,0.53,1.02,1.13,19,35,39,6.6,5.5,2.9,0.7,0.62,0.32,24,20,11,1566293427,,,931,765,947,747,914,783,0.05354,0.24959,-0.96687,-0.06621,0.25991,-0.96336,3.878,4.28,4.093,,,,Valid,Valid,226.7,52.3,588.9,290.6,55.1,590.0,259.3,204.3,250.0,214.3,0.4846,0.7081,0.4934,0.6913,0.4758,0.725,Screen Recording,Screen Recording Recording16.mp4,1920,1080,0,0,960,540,Fixation,1476,408,935,768,0.487,0.7113,,,,,,,,,,,
175721603,1605188741,Eye Tracker,LipReading,08/25/2025,YanTianming,Recording16,05/10/2025,05/10/2025,14:25:35.695,06:25:35.695,387686,Timeline1,Tobii I-VT (Fixation),1.241.54219,1080,1920,10.0,5.1,9.5,10.6,0.53,1.02,1.13,19,35,39,6.6,5.5,2.9,0.7,0.62,0.32,24,20,11,1566297427,,,935,768,953,753,916,783,0.05614,0.25213,-0.96606,-0.06506,0.25986,-0.96345,3.906,4.285,4.093,,,,Valid,Valid,226.7,52.3,588.9,290.6,55.2,589.9,260.9,206.0,250.8,214.3,0.4869,0.7109,0.4966,0.6969,0.4772,0.725,Screen Recording,Screen Recording Recording16.mp4,1920,1080,0,0,960,540,Fixation,1476,408,935,768,0.487,0.7113,,,,,,,,,,,
175725603,1605192741,Eye Tracker,LipReading,08/25/2025,YanTianming,Recording16,05/10/2025,05/10/2025,14:25:35.695,06:25:35.695,387686,Timeline1,Tobii I-VT (Fixation),1.241.54219,1080,1920,10.0,5.1,9.5,10.6,0.53,1.02,1.13,19,35,39,6.6,5.5,2.9,0.7,0.62,0.32,24,20,11,1566301427,,,936,765,948,749,923,781,0.05353,0.25066,-0.96659,-0.06195,0.25904,-0.96388,3.901,4.294,4.093,,,,Valid,Valid,226.7,52.2,589.0,290.6,55.1,590.0,259.3,205.0,252.7,213.7,0.4873,0.7083,0.4936,0.6936,0.4809,0.723,Screen Recording,Screen Recording Recording16.mp4,1920,1080,0,0,960,540,Fixation,1476,408,935,768,0.487,0.7113,,,,,,,,,,,
175729603,1605196741,Eye Tracker,LipReading,08/25/2025,YanTianming,Recording16,05/10/2025,05/10/2025,14:25:35.695,06:25:35.695,387686,Timeline1,Tobii I-VT (Fixation),1.241.54219,1080,1920,10.0,5.1,9.5,10.6,0.53,1.02,1.13,19,35,39,6.6,5.5,2.9,0.7,0.62,0.32,24,20,11,1566305427,,,938,766,953,750,924,783,0.05571,0.25096,-0.96639,-0.06168,0.25996,-0.96365,3.901,4.291,4.096,,,,Valid,Valid,226.7,52.2,589.1,290.6,55.1,590.1,260.7,205.2,252.9,214.3,0.4887,0.7096,0.4962,0.6943,0.4813,0.725,Screen Recording,Screen Recording Recording16.mp4,1920,1080,0,0,960,540,Fixation,1476,408,935,768,0.487,0.7113,,,,,,,,,,,
175733603,1605200741,Eye Tracker,LipReading,08/25/2025,YanTianming,Recording16,05/10/2025,05/10/2025,14:25:35.695,06:25:35.695,387686,Timeline1,Tobii I-VT (Fixation),1.241.54219,1080,1920,10.0,5.1,9.5,10.6,0.53,1.02,1.13,19,35,39,6.6,5.5,2.9,0.7,0.62,0.32,24,20,11,1566309427,,,937,769,953,755,920,784,0.05584,0.25305,-0.96584,-0.06351,0.26037,-0.96342,3.941,4.283,4.097,,,,Valid,Valid,226.8,52.2,589.1,290.7,55.1,590.2,260.8,206.6,251.8,214.6,0.4878,0.7124,0.4964,0.6989,0.4792,0.726,Screen Recording,Screen Recording Recording16.mp4,1920,1080,0,0,960,540,Fixation,1476,408,935,768,0.487,0.7113,,,,,,,,,,,
175737603,1605204741,Eye Tracker,LipReading,08/25/2025,YanTianming,Recording16,05/10/2025,05/10/2025,14:25:35.695,06:25:35.695,387686,Timeline1,Tobii I-VT (Fixation),1.241.54219,1080,1920,10.0,5.1,9.5,10.6,0.53,1.02,1.13,19,35,39,6.6,5.5,2.9,0.7,0.62,0.32,24,20,11,1566313427,,,937,770,950,758,924,782,0.05447,0.25425,-0.9656,-0.06156,0.2596,-0.96375,3.904,4.289,4.096,,,,Valid,Valid,226.8,52.2,589.1,290.7,55.1,590.2,260.0,207.3,253.0,214.0,0.4882,0.7129,0.4948,0.7015,0.4815,0.7242,Screen Recording,Screen Recording Recording16.mp4,1920,1080,0,0,960,540,Fixation,1476,408,935,768,0.487,0.7113,,,,,,,,,,,
175741603,1605208741,Eye Tracker,LipReading,08/25/2025,YanTianming,Recording16,05/10/2025,05/10/2025,14:25:35.695,06:25:35.695,387686,Timeline1,Tobii I-VT (Fixation),1.241.54219,1080,1920,10.0,5.1,9.5,10.6,0.53,1.02,1.13,19,35,39,6.6,5.5,2.9,0.7,0.62,0.32,24,20,11,1566317427,,,941,770,958,758,925,781,0.05814,0.25449,-0.96533,-0.0615,0.25901,-0.96392,3.904,4.29,4.094,,,,Valid,Valid,226.8,52.3,589.0,290.7,55.0,590.2,262.3,207.6,253.0,213.6,0.4904,0.7125,0.4991,0.7022,0.4816,0.7229,Screen Recording,Screen Recording Recording16.mp4,1920,1080,0,0,960,540,Fixation,1476,408,935,768,0.487,0.7113,,,,,,,,,,,
175745602,1605212740,Eye Tracker,LipReading,08/25/2025,YanTianming,Recording16,05/10/2025,05/10/2025,14:25:35.695,06:25:35.695,387686,Timeline1,Tobii I-VT (Fixation),1.241.54219,1080,1920,10.0,5.1,9.5,10.6,0.53,1.02,1.13,19,35,39,6.6,5.5,2.9,0.7,0.62,0.32,24,20,11,1566321427,,,933,764,948,746,917,782,0.05343,0.24946,-0.96691,-0.06473,0.25945,-0.96359,3.881,4.284,4.095,,,,Valid,Valid,226.8,52.3,589.0,290.7,55.1,590.2,259.3,204.2,251.1,214.0,0.4857,0.7075,0.4935,0.691,0.4778,0.724,Screen Recording,Screen Recording Recording16.mp4,1920,1080,0,0,960,540,Fixation,1476,408,935,768,0.487,0.7113,,,,,,,,,,,
175749602,1605216740,Eye Tracker,LipReading,08/25/2025,YanTianming,Recording16,05/10/2025,05/10/2025,14:25:35.695,06:25:35.695,387686,Timeline1,Tobii I-VT (Fixation),1.241.54219,1080,1920,10.0,5.1,9.5,10.6,0.53,1.02,1.13,19,35,39,6.6,5.5,2.9,0.7,0.62,0.32,24,20,11,1566325427,,,941,770,962,759,920,781,0.0598,0.25459,-0.9652,-0.0634,0.25925,-0.96373,3.912,4.278,4.099,,,,Valid,Valid,226.8,52.3,589.0,290.7,55.1,590.2,263.3,207.6,251.9,213.8,0.4902,0.713,0.5011,0.7025,0.4794,0.7235,Screen Recording,Screen Recording Recording16.mp4,1920,1080,0,0,960,540,Fixation,1476,408,935,768,0.487,0.7113,,,,,,,,,,,
175753602,1605220740,Eye Tracker,LipReading,08/25/2025,YanTianming,Recording16,05/10/2025,05/10/2025,14:25:35.695,06:25:35.695,387686,Timeline1,Tobii I-VT (Fixation),1.241.54219,1080,1920,10.0,5.1,9.5,10.6,0.53,1.02,1.13,19,35,39,6.6,5.5,2.9,0.7,0.62,0.32,24,20,11,1566329427,,,936,773,950,758,923,788,0.05433,0.25428,-0.9656,-0.06227,0.26207,-0.96304,3.927,4.287,4.1,,,,Valid,Valid,226.8,52.3,589.0,290.7,55.1,590.2,259.9,207.4,252.5,215.7,0.4876,0.7157,0.4947,0.7017,0.4806,0.7298,Screen Recording,Screen Recording Recording16.mp4,1920,1080,0,0,960,540,Fixation,1476,408,935,768,0.487,0.7113,,,,,,,,,,,
175757602,1605224740,Eye Tracker,LipReading,08/25/2025,YanTianming,Recording16,05/10/2025,05/10/2025,14:25:35.695,06:25:35.695,387686,Timeline1,Tobii I-VT (Fixation),1.241.54219,1080,1920,10.0,5.1,9.5,10.6,0.53,1.02,1.13,19,35,39,6.6,5.5,2.9,0.7,0.62,0.32,24,20,11,1566333427,,,934,776,948,767,919,785,0.05354,0.25823,-0.9646,-0.06384,0.26087,-0.96326,3.936,4.287,4.1,,,,Valid,Valid,226.8,52.3,589.1,290.7,55.1,590.2,259.5,210.0,251.6,214.9,0.4863,0.7188,0.4938,0.7104,0.4787,0.7272,Screen Recording,Screen Recording Recording16.mp4,1920,1080,0,0,960,540,Fixation,1476,408,935,768,0.487,0.7113,,,,,,,,,,,
175761602,1605228740,Eye Tracker,LipReading,08/25/2025,YanTianming,Recording16,05/10/2025,05/10/2025,14:25:35.695,06:25:35.695,387686,Timeline1,Tobii I-VT (Fixation),1.241.54219,1080,1920,10.0,5.1,9.5,10.6,0.53,1.02,1.13,19,35,39,6.6,5.5,2.9,0.7,0.62,0.32,24,20,11,1566337427,,,937,780,947,773,928,787,0.05293,0.26066,-0.96398,-0.05978,0.26156,-0.96333,3.913,4.287,4.1,,,,Valid,Valid,226.7,52.3,589.1,290.6,55.1,590.1,259.1,211.6,254.0,215.4,0.4883,0.7222,0.4931,0.7158,0.4835,0.7286,Screen Recording,Screen Recording Recording16.mp4,1920,1080,0,0,960,540,Fixation,1476,408,935,768,0.487,0.7113,,,,,,,,,,,
175765600,1605232738,Eye Tracker,LipReading,08/25/2025,YanTianming,Recording16,05/10/2025,05/10/2025,14:25:35.695,06:25:35.695,387686,Timeline1,Tobii I-VT (Fixation),1.241.54219,1080,1920,10.0,5.1,9.5,10.6,0.53,1.02,1.13,19,35,39,6.6,5.5,2.9,0.7,0.62,0.32,24,20,11,1566341425,,,939,779,954,765,925,793,0.05612,0.25738,-0.96468,-0.06103,0.26387,-0.96263,3.912,4.283,4.1,,,,Valid,Valid,226.7,52.3,589.1,290.6,55.2,590.0,261.0,209.4,253.2,216.9,0.4893,0.7213,0.4967,0.7086,0.4819,0.7339,Screen Recording,Screen Recording Recording16.mp4,1920,1080,0,0,960,540,Fixation,1476,408,935,768,0.487,0.7113,,,,,,,,,,,
175769600,1605236738,Eye Tracker,LipReading,08/25/2025,YanTianming,Recording16,05/10/2025,05/10/2025,14:25:35.695,06:25:35.695,387686,Timeline1,Tobii I-VT (Fixation),1.241.54219,1080,1920,10.0,5.1,9.5,10.6,0.53,1.02,1.13,19,35,39,6.6,5.5,2.9,0.7,0.62,0.32,24,20,11,1566345425,,,929,775,943,760,915,790,0.05163,0.25536,-0.96547,-0.06541,0.26268,-0.96266,3.907,4.296,4.099,,,,Valid,Valid,226.7,52.3,589.0,290.6,55.2,589.9,258.2,208.1,250.5,216.2,0.4841,0.7178,0.4914,0.7041,0.4768,0.7315,Screen Recording,Screen Recording Recording16.mp4,1920,1080,0,0,960,540,Fixation,1476,408,935,768,0.487,0.7113,,,,,,,,,,,
175773600,1605240738,Eye Tracker,LipReading,08/25/2025,YanTianming,Recording16,05/10/2025,05/10/2025,14:25:35.695,06:25:35.695,387686,Timeline1,Tobii I-VT (Fixation),1.241.54219,1080,1920,10.0,5.1,9.5,10.6,0.53,1.02,1.13,19,35,39,6.6,5.5,2.9,0.7,0.62,0.32,24,20,11,1566349425,,,931,776,949,764,912,789,0.05416,0.2567,-0.96497,-0.06672,0.26225,-0.96269,3.91,4.287,4.099,,,,Valid,Valid,226.7,52.4,588.9,290.6,55.2,590.0,259.7,209.0,249.7,215.9,0.4847,0.7189,0.4943,0.7072,0.4752,0.7305,Screen Recording,Screen Recording Recording16.mp4,1920,1080,0,0,960,540,Fixation,1476,408,935,768,0.487,0.7113,,,,,,,,,,,
175777600,1605244738,Eye Tracker,LipReading,08/25/2025,YanTianming,Recording16,05/10/2025,05/10/2025,14:25:35.695,06:25:35.695,387686,Timeline1,Tobii I-VT (Fixation),1.241.54219,1080,1920,10.0,5.1,9.5,10.6,0.53,1.02,1.13,19,35,39,6.6,5.5,2.9,0.7,0.62,0.32,24,20,11,1566353425,,,935,780,958,766,911,794,0.05811,0.25771,-0.96447,-0.06705,0.26424,-0.96212,3.901,4.304,4.099,,,,Valid,Valid,226.6,52.3,589.0,290.5,55.1,590.2,262.1,209.7,249.4,217.2,0.4867,0.7222,0.4988,0.7095,0.4747,0.7348,Screen Recording,Screen Recording Recording16.mp4,1920,1080,0,0,960,540,Fixation,1476,408,935,768,0.487,0.7113,,,,,,,,,,,
175781600,1605248738,Eye Tracker,LipReading,08/25/2025,YanTianming,Recording16,05/10/2025,05/10/2025,14:25:35.695,06:25:35.695,387686,Timeline1,Tobii I-VT (Fixation),1.241.54219,1080,1920,10.0,5.1,9.5,10.6,0.53,1.02,1.13,19,35,39,6.6,5.5,2.9,0.7,0.62,0.32,24,20,11,1566357425,,,934,774,950,762,918,786,0.05491,0.2561,-0.96509,-0.06405,0.26128,-0.96314,3.908,4.291,4.098,,,,Valid,Valid,226.6,52.3,589.0,290.5,55.1,590.2,260.1,208.6,251.2,215.2,0.4865,0.717,0.495,0.7058,0.4781,0.7281,Screen Recording,Screen Recording Recording16.mp4,1920,1080,0,0,960,540,Fixation,1476,408,935,768,0.487,0.7113,,,,,,,,,,,
175785600,1605252738,Eye Tracker,LipReading,08/25/2025,YanTianming,Recording16,05/10/2025,05/10/2025,14:25:35.695,06:25:35.695,387686,Timeline1,Tobii I-VT (Fixation),1.241.54219,1080,1920,10.0,5.1,9.5,10.6,0.53,1.02,1.13,19,35,39,6.6,5.5,2.9,0.7,0.62,0.32,24,20,11,1566361425,,,936,774,945,767,928,780,0.0525,0.25818,-0.96467,-0.05968,0.2588,-0.96409,3.906,4.275,4.097,,,,Valid,Valid,226.5,52.3,589.1,290.4,55.2,590.0,258.6,209.9,253.9,213.6,0.4877,0.7164,0.4921,0.7103,0.4832,0.7225,Screen Recording,Screen Recording Recording16.mp4,1920,1080,0,0,960,540,Fixation,1476,408,935,768,0.487,0.7113,,,,,,,,,,,
175789600,1605256738,Eye Tracker,LipReading,08/25/2025,YanTianming,Recording16,05/10/2025,05/10/2025,14:25:35.695,06:25:35.695,387686,Timeline1,Tobii I-VT (Fixation),1.241.54219,1080,1920,10.0,5.1,9.5,10.6,0.53,1.02,1.13,19,35,39,6.6,5.5,2.9,0.7,0.62,0.32,24,20,11,1566365425,,,931,765,947,750,914,781,0.05366,0.25081,-0.96655,-0.06572,0.25883,-0.96369,3.895,4.289,4.095,,,,Valid,Valid,226.5,52.3,588.9,290.4,55.2,589.9,259.2,205.2,250.1,213.7,0.4847,0.7085,0.4933,0.6941,0.4761,0.7229,Screen Recording,Screen Recording Recording16.mp4,1920,1080,0,0,960,540,Fixation,1476,408,935,768,0.487,0.7113,,,,,,,,,,,
175793600,1605260738,Eye Tracker,LipReading,08/25/2025,YanTianming,Recording16,05/10/2025,05/10/2025,14:25:35.695,06:25:35.695,387686,Timeline1,Tobii I-VT (Fixation),1.241.54219,1080,1920,10.0,5.1,9.5,10.6,0.53,1.02,1.13,19,35,39,6.6,5.5,2.9,0.7,0.62,0.32,24,20,11,1566369425,,,935,769,960,760,910,779,0.0597,0.25504,-0.96508,-0.0676,0.25805,-0.96377,3.904,4.283,4.095,,,,Valid,Valid,226.4,52.3,588.9,290.3,55.1,590.1,262.8,208.0,249.0,213.1,0.487,0.7124,0.5002,0.7037,0.4738,0.7211,Screen Recording,Screen Recording Recording16.mp4,1920,1080,0,0,960,540,Fixation,1476,408,935,768,0.487,0.7113,,,,,,,,,,,
175797600,1605264738,Eye Tracker,LipReading,08/25/2025,YanTianming,Recording16,05/10/2025,05/10/2025,14:25:35.695,06:25:35.695,387686,Timeline1,Tobii I-VT (Fixation),1.241.54219,1080,1920,10.0,5.1,9.5,10.6,0.53,1.02,1.13,19,35,39,6.6,5.5,2.9,0.7,0.62,0.32,24,20,11,1566373425,,,931,775,949,762,914,789,0.05447,0.25604,-0.96513,-0.06538,0.26232,-0.96276,3.925,4.276,4.099,,,,Valid,Valid,226.4,52.3,589.0,290.3,55.1,590.2,259.6,208.6,250.2,215.9,0.4851,0.718,0.4941,0.7056,0.4762,0.7304,Screen Recording,Screen Recording Recording16.mp4,1920,1080,0,0,960,540,Fixation,1476,408,935,768,0.487,0.7113,,,,,,,,,,,
175801600,1605268738,Eye Tracker,LipReading,08/25/2025,YanTianming,Recording16,05/10/2025,05/10/2025,14:25:35.695,06:25:35.695,387686,Timeline1,Tobii I-VT (Fixation),1.241.54219,1080,1920,10.0,5.1,9.5,10.6,0.53,1.02,1.13,19,35,39,6.6,5.5,2.9,0.7,0.62,0.32,24,20,11,1566377425,,,937,775,948,770,926,781,0.05428,0.2592,-0.9643,-0.06032,0.25902,-0.96399,3.909,4.304,4.1,,,,Valid,Valid,226.3,52.3,589.1,290.2,55.1,590.1,259.5,210.6,253.3,213.7,0.488,0.7178,0.4938,0.7126,0.4821,0.723,Screen Recording,Screen Recording Recording16.mp4,1920,1080,0,0,960,540,Fixation,1476,408,935,768,0.487,0.7113,,,,,,,,,,,
175805600,1605272738,Eye Tracker,LipReading,08/25/2025,YanTianming,Recording16,05/10/2025,05/10/2025,14:25:35.695,06:25:35.695,387686,Timeline1,Tobii I-VT (Fixation),1.241.54219,1080,1920,10.0,5.1,9.5,10.6,0.53,1.02,1.13,19,35,39,6.6,5.5,2.9,0.7,0.62,0.32,24,20,11,1566381425,,,934,767,948,760,920,774,0.05446,0.25518,-0.96536,-0.06289,0.25606,-0.96461,3.913,4.301,4.105,,,,Valid,Valid,226.3,52.3,588.9,290.2,55.2,589.9,259.5,208.0,251.7,211.8,0.4865,0.7102,0.4939,0.7037,0.4791,0.7166,Screen Recording,Screen Recording Recording16.mp4,1920,1080,0,0,960,540,Fixation,1476,408,935,768,0.487,0.7113,,,,,,,,,,,
175809599,1605276737,Eye Tracker,LipReading,08/25/2025,YanTianming,Recording16,05/10/2025,05/10/2025,14:25:35.695,06:25:35.695,387686,Timeline1,Tobii I-VT (Fixation),1.241.54219,1080,1920,10.0,5.1,9.5,10.6,0.53,1.02,1.13,19,35,39,6.6,5.5,2.9,0.7,0.62,0.32,24,20,11,1566385425,,,930,770,952,759,908,781,0.05612,0.25475,-0.96538,-0.06805,0.25913,-0.96344,3.903,4.292,4.105,,,,Valid,Valid,226.2,52.3,588.9,290.2,55.2,590.0,260.5,207.7,248.5,213.9,0.4843,0.7132,0.4957,0.7029,0.4729,0.7236,Screen Recording,Screen Recording Recording16.mp4,1920,1080,0,0,960,540,Fixation,1476,408,935,768,0.487,0.7113,,,,,,,,,,,
175813599,1605280737,Eye Tracker,LipReading,08/25/2025,YanTianming,Recording16,05/10/2025,05/10/2025,14:25:35.695,06:25:35.695,387686,Timeline1,Tobii I-VT (Fixation),1.241.54219,1080,1920,10.0,5.1,9.5,10.6,0.53,1.02,1.13,19,35,39,6.6,5.5,2.9,0.7,0.62,0.32,24,20,11,1566389425,,,932,773,953,757,912,788,0.05676,0.25408,-0.96552,-0.06625,0.26204,-0.96278,3.916,4.297,4.103,,,,Valid,Valid,226.2,52.3,588.9,290.1,55.1,590.1,260.8,207.3,249.5,215.7,0.4856,0.7156,0.4963,0.7014,0.4749,0.7298,Screen Recording,Screen Recording Recording16.mp4,1920,1080,0,0,960,540,Fixation,1476,408,935,768,0.487,0.7113,,,,,,,,,,,
175817599,1605284737,Eye Tracker,LipReading,08/25/2025,YanTianming,Recording16,05/10/2025,05/10/2025,14:25:35.695,06:25:35.695,387686,Timeline1,Tobii I-VT (Fixation),1.241.54219,1080,1920,10.0,5.1,9.5,10.6,0.53,1.02,1.13,19,35,39,6.6,5.5,2.9,0.7,0.62,0.32,24,20,11,1566393425,,,934,776,952,767,917,786,0.05615,0.25799,-0.96452,-0.06395,0.26108,-0.9632,3.926,4.289,4.101,,,,Valid,Valid,226.1,52.3,589.0,290.1,55.1,590.2,260.4,209.8,250.9,215.0,0.4865,0.7187,0.4956,0.7099,0.4775,0.7275,Screen Recording,Screen Recording Recording16.mp4,1920,1080,0,0,960,540,Fixation,1476,408,935,768,0.487,0.7113,,,,,,,,,,,
175821599,1605288737,Eye Tracker,LipReading,08/25/2025,YanTianming,Recording16,05/10/2025,05/10/2025,14:25:35.695,06:25:35.695,387686,Timeline1,Tobii I-VT (Fixation),1.241.54219,1080,1920,10.0,5.1,9.5,10.6,0.53,1.02,1.13,19,35,39,6.6,5.5,2.9,0.7,0.62,0.32,24,20,11,1566397425,,,934,762,949,746,918,778,0.05518,0.24919,-0.96688,-0.0633,0.25782,-0.96412,3.902,4.285,4.101,,,,Valid,Valid,226.1,52.3,589.0,290.0,55.1,590.1,259.7,204.1,251.3,212.9,0.4863,0.7054,0.4943,0.6905,0.4782,0.7203,Screen Recording,Screen Recording Recording16.mp4,1920,1080,0,0,960,540,Fixation,1476,408,935,768,0.487,0.7113,,,,,,,,,,,
175825599,1605292737,Eye Tracker,LipReading,08/25/2025,YanTianming,Recording16,05/10/2025,05/10/2025,14:25:35.695,06:25:35.695,387686,Timeline1,Tobii I-VT (Fixation),1.241.54219,1080,1920,10.0,5.1,9.5,10.6,0.53,1.02,1.13,19,35,39,6.6,5.5,2.9,0.7,0.62,0.32,24,20,11,1566401425,,,935,768,947,759,923,777,0.05424,0.25494,-0.96544,-0.06099,0.25761,-0.96432,3.909,4.304,4.101,,,,Valid,Valid,226.1,52.3,588.9,290.0,55.2,590.0,259.2,207.8,252.7,212.8,0.4871,0.7115,0.4932,0.7031,0.4809,0.7199,Screen Recording,Screen Recording Recording16.mp4,1920,1080,0,0,960,540,Fixation,1476,408,935,768,0.487,0.7113,,,,,,,,,,,
175829599,1605296737,Eye Tracker,LipReading,08/25/2025,YanTianming,Recording16,05/10/2025,05/10/2025,14:25:35.695,06:25:35.695,387686,Timeline1,Tobii I-VT (Fixation),1.241.54219,1080,1920,10.0,5.1,9.5,10.6,0.53,1.02,1.13,19,35,39,6.6,5.5,2.9,0.7,0.62,0.32,24,20,11,1566405425,,,928,762,938,747,918,777,0.05039,0.24968,-0.96702,-0.06326,0.25746,-0.96422,3.897,4.292,4.101,,,,Valid,Valid,226.1,52.3,588.9,290.0,55.2,589.9,256.7,204.4,251.3,212.7,0.4834,0.7055,0.4886,0.6915,0.4782,0.7196,Screen Recording,Screen Recording Recording16.mp4,1920,1080,0,0,960,540,Fixation,1476,408,935,768,0.487,0.7113,,,,,,,,,,,
175833599,1605300737,Eye Tracker,LipReading,08/25/2025,YanTianming,Recording16,05/10/2025,05/10/2025,14:25:35.695,06:25:35.695,387686,Timeline1,Tobii I-VT (Fixation),1.241.54219,1080,1920,10.0,5.1,9.5,10.6,0.53,1.02,1.13,19,35,39,6.6,5.5,2.9,0.7,0.62,0.32,24,20,11,1566409425,,,934,768,957,754,910,782,0.0588,0.25242,-0.96583,-0.06663,0.25941,-0.96347,3.914,4.293,4.103,,,,Valid,Valid,226.0,52.3,588.9,290.0,55.2,589.9,261.9,206.2,249.2,214.0,0.4863,0.7109,0.4984,0.6977,0.4742,0.7241,Screen Recording,Screen Recording Recording16.mp4,1920,1080,0,0,960,540,Fixation,1476,408,935,768,0.487,0.7113,,,,,,,,,,,
175837599,1605304737,Eye Tracker,LipReading,08/25/2025,YanTianming,Recording16,05/10/2025,05/10/2025,14:25:35.695,06:25:35.695,387686,Timeline1,Tobii I-VT (Fixation),1.241.54219,1080,1920,10.0,5.1,9.5,10.6,0.53,1.02,1.13,19,35,39,6.6,5.5,2.9,0.7,0.62,0.32,24,20,11,1566413425,,,933,766,956,757,911,775,0.05822,0.25404,-0.96544,-0.0663,0.2567,-0.96422,3.917,4.28,4.104,,,,Valid,Valid,226.0,52.3,588.8,289.9,55.2,589.9,261.5,207.3,249.4,212.2,0.4862,0.7096,0.4977,0.7013,0.4746,0.718,Screen Recording,Screen Recording Recording16.mp4,1920,1080,0,0,960,540,Fixation,1476,408,935,768,0.487,0.7113,,,,,,,,,,,
175841599,1605308737,Eye Tracker,LipReading,08/25/2025,YanTianming,Recording16,05/10/2025,05/10/2025,14:25:35.695,06:25:35.695,387686,Timeline1,Tobii I-VT (Fixation),1.241.54219,1080,1920,10.0,5.1,9.5,10.6,0.53,1.02,1.13,19,35,39,6.6,5.5,2.9,0.7,0.62,0.32,24,20,11,1566417425,,,930,758,951,744,908,772,0.05642,0.24845,-0.967,-0.06774,0.25524,-0.9645,3.922,4.281,4.099,,,,Valid,Valid,226.0,52.3,588.9,289.9,55.1,590.0,260.4,203.6,248.5,211.3,0.4842,0.7018,0.4955,0.6889,0.4729,0.7148,Screen Recording,Screen Recording Recording16.mp4,1920,1080,0,0,960,540,Fixation,1476,408,935,768,0.487,0.7113,,,,,,,,,,,
175845599,1605312737,Eye Tracker,LipReading,08/25/2025,YanTianming,Recording16,05/10/2025,05/10/2025,14:25:35.695,06:25:35.695,387686,Timeline1,Tobii I-VT (Fixation),1.241.54219,1080,1920,10.0,5.1,9.5,10.6,0.53,1.02,1.13,19,35,39,6.6,5.5,2.9,0.7,0.62,0.32,24,20,11,1566421425,,,931,767,950,751,911,783,0.05591,0.25157,-0.96622,-0.06629,0.25971,-0.96341,3.916,4.299,4.099,,,,Valid,Valid,226.0,52.3,588.9,289.9,55.1,590.0,260.1,205.6,249.3,214.2,0.4847,0.7102,0.495,0.6957,0.4745,0.7246,Screen Recording,Screen Recording Recording16.mp4,1920,1080,0,0,960,540,Fixation,1476,408,935,768,0.487,0.7113,,,,,,,,,,,
175849599,1605316737,Eye Tracker,LipReading,08/25/2025,YanTianming,Recording16,05/10/2025,05/10/2025,14:25:35.695,06:25:35.695,387686,Timeline1,Tobii I-VT (Fixation),1.241.54219,1080,1920,10.0,5.1,9.5,10.6,0.53,1.02,1.13,19,35,39,6.6,5.5,2.9,0.7,0.62,0.32,24,20,11,1566425425,,,927,768,949,753,905,784,0.05521,0.25212,-0.96612,-0.069,0.26018,-0.96309,3.914,4.281,4.1,,,,Valid,Valid,226.0,52.3,588.9,289.9,55.1,590.0,259.7,206.0,247.7,214.5,0.4828,0.7113,0.4942,0.6969,0.4713,0.7258,Screen Recording,Screen Recording Recording16.mp4,1920,1080,0,0,960,540,Fixation,1476,408,935,768,0.487,0.7113,,,,,,,,,,,
175853599,1605320737,Eye Tracker,LipReading,08/25/2025,YanTianming,Recording16,05/10/2025,05/10/2025,14:25:35.695,06:25:35.695,387686,Timeline1,Tobii I-VT (Fixation),1.241.54219,1080,1920,10.0,5.1,9.5,10.6,0.53,1.02,1.13,19,35,39,6.6,5.5,2.9,0.7,0.62,0.32,24,20,11,1566429425,,,933,760,958,746,907,773,0.0595,0.24941,-0.96657,-0.06818,0.25566,-0.96436,3.92,4.284,4.106,,,,Valid,Valid,226.0,52.3,588.8,289.9,55.1,590.0,262.3,204.2,248.2,211.5,0.4858,0.7034,0.4991,0.691,0.4724,0.7157,Screen Recording,Screen Recording Recording16.mp4,1920,1080,0,0,960,540,Fixation,1476,408,935,768,0.487,0.7113,,,,,,,,,,,
175857599,1605324737,Eye Tracker,LipReading,08/25/2025,YanTianming,Recording16,05/10/2025,05/10/2025,14:25:35.695,06:25:35.695,387686,Timeline1,Tobii I-VT (Fixation),1.241.54219,1080,1920,10.0,5.1,9.5,10.6,0.53,1.02,1.13,19,35,39,6.6,5.5,2.9,0.7,0.62,0.32,24,20,11,1566433425,,,931,761,950,748,913,774,0.05576,0.25026,-0.96657,-0.06565,0.25593,-0.96446,3.91,4.296,4.102,,,,Valid,Valid,226.0,52.3,588.9,290.0,55.1,589.9,260.0,204.8,249.8,211.7,0.4851,0.7045,0.4948,0.6928,0.4754,0.7162,Screen Recording,Screen Recording Recording16.mp4,1920,1080,0,0,960,540,Fixation,1476,408,935,768,0.487,0.7113,,,,,,,,,,,
175861599,1605328737,Eye Tracker,LipReading,08/25/2025,YanTianming,Recording16,05/10/2025,05/10/2025,14:25:35.695,06:25:35.695,387686,Timeline1,Tobii I-VT (Fixation),1.241.54219,1080,1920,10.0,5.1,9.5,10.6,0.53,1.02,1.13,19,35,39,6.6,5.5,2.9,0.7,0.62,0.32,24,20,11,1566437425,,,937,757,955,748,920,767,0.05781,0.25014,-0.96648,-0.06255,0.25326,-0.96537,3.916,4.307,4.103,,,,Valid,Valid,226.1,52.3,588.8,290.0,55.1,589.9,261.3,204.7,251.7,209.9,0.4882,0.7014,0.4972,0.6926,0.4791,0.7102,Screen Recording,Screen Recording Recording16.mp4,1920,1080,0,0,960,540,Fixation,1476,408,935,768,0.487,0.7113,,,,,,,,,,,
175865599,1605332737,Eye Tracker,LipReading,08/25/2025,YanTianming,Recording16,05/10/2025,05/10/2025,14:25:35.695,06:25:35.695,387686,Timeline1,Tobii I-VT (Fixation),1.241.54219,1080,1920,10.0,5.1,9.5,10.6,0.53,1.02,1.13,19,35,39,6.6,5.5,2.9,0.7,0.62,0.32,24,20,11,1566441425,,,931,764,948,753,913,776,0.05493,0.2523,-0.96609,-0.06536,0.25694,-0.96422,3.917,4.289,4.102,,,,Valid,Valid,226.1,52.3,588.9,290.0,55.1,590.0,259.6,206.1,250.0,212.3,0.4849,0.7078,0.494,0.6972,0.4758,0.7184,Screen Recording,Screen Recording Recording16.mp4,1920,1080,0,0,960,540,Fixation,1476,408,935,768,0.487,0.7113,,,,,,,,,,,
175869599,1605336737,Eye Tracker,LipReading,08/25/2025,YanTianming,Recording16,05/10/2025,05/10/2025,14:25:35.695,06:25:35.695,387686,Timeline1,Tobii I-VT (Fixation),1.241.54219,1080,1920,10.0,5.1,9.5,10.6,0.53,1.02,1.13,19,35,39,6.6,5.5,2.9,0.7,0.62,0.32,24,20,11,1566445425,,,937,769,955,760,918,779,0.05783,0.25512,-0.96518,-0.06342,0.25836,-0.96397,3.92,4.289,4.102,,,,Valid,Valid,226.1,52.3,588.9,290.0,55.1,590.1,261.4,207.9,251.2,213.2,0.4878,0.7124,0.4975,0.7035,0.4781,0.7214,Screen Recording,Screen Recording Recording16.mp4,1920,1080,0,0,960,540,Fixation,1476,408,935,768,0.487,0.7113,,,,,,,,,,,
175873599,1605340737,Eye Tracker,LipReading,08/25/2025,YanTianming,Recording16,05/10/2025,05/10/2025,14:25:35.695,06:25:35.695,387686,Timeline1,Tobii I-VT (Fixation),1.241.54219,1080,1920,10.0,5.1,9.5,10.6,0.53,1.02,1.13,19,35,39,6.6,5.5,2.9,0.7,0.62,0.32,24,20,11,1566449425,,,933,763,948,746,917,781,0.05476,0.24936,-0.96686,-0.06385,0.25919,-0.96371,3.911,4.289,4.101,,,,Valid,Valid,226.1,52.2,589.0,290.1,55.0,590.2,259.5,204.1,251.0,213.7,0.4857,0.7069,0.4938,0.6906,0.4776,0.7232,Screen Recording,Screen Recording Recording16.mp4,1920,1080,0,0,960,540,Fixation,1476,408,935,768,0.487,0.7113,,,,,,,,,,,
175877599,1605344737,Eye Tracker,LipReading,08/25/2025,YanTianming,Recording16,05/10/2025,05/10/2025,14:25:35.695,06:25:35.695,387686,Timeline1,Tobii I-VT (Fixation),1.241.54219,1080,1920,10.0,5.1,9.5,10.6,0.53,1.02,1.13,19,35,39,6.6,5.5,2.9,0.7,0.62,0.32,24,20,11,1566453425,,,931,769,956,754,907,783,0.05802,0.2528,-0.96578,-0.06839,0.26011,-0.96315,3.905,4.289,4.1,,,,Valid,Valid,226.2,52.2,589.0,290.1,55.0,590.2,261.5,206.4,248.2,214.4,0.4851,0.7118,0.4978,0.6982,0.4724,0.7254,Screen Recording,Screen Recording Recording16.mp4,1920,1080,0,0,960,540,Fixation,1476,408,935,768,0.487,0.7113,,,,,,,,,,,
175881599,1605348737,Eye Tracker,LipReading,08/25/2025,YanTianming,Recording16,05/10/2025,05/10/2025,14:25:35.695,06:25:35.695,387686,Timeline1,Tobii I-VT (Fixation),1.241.54219,1080,1920,10.0,5.1,9.5,10.6,0.53,1.02,1.13,19,35,39,6.6,5.5,2.9,0.7,0.62,0.32,24,20,11,1566457425,,,930,765,958,742,902,787,0.05926,0.24762,-0.96704,-0.07075,0.26167,-0.96256,3.913,4.285,4.1,,,,Valid,Valid,226.2,52.2,588.9,290.1,55.1,590.0,262.3,203.0,246.8,215.5,0.4844,0.708,0.4992,0.6869,0.4696,0.729,Screen Recording,Screen Recording Recording16.mp4,1920,1080,0,0,960,540,Fixation,1476,408,935,768,0.487,0.7113,,,,,,,,,,,
175885599,1605352737,Eye Tracker,LipReading,08/25/2025,YanTianming,Recording16,05/10/2025,05/10/2025,14:25:35.695,06:25:35.695,387686,Timeline1,Tobii I-VT (Fixation),1.241.54219,1080,1920,10.0,5.1,9.5,10.6,0.53,1.02,1.13,19,35,39,6.6,5.5,2.9,0.7,0.62,0.32,24,20,11,1566461425,,,932,762,947,745,917,780,0.05404,0.24887,-0.96703,-0.06392,0.25881,-0.96381,3.903,4.282,4.099,,,,Valid,Valid,226.3,52.2,588.9,290.2,55.1,590.0,259.2,203.8,251.0,213.5,0.4855,0.706,0.4932,0.6895,0.4778,0.7224,Screen Recording,Screen Recording Recording16.mp4,1920,1080,0,0,960,540,Fixation,1476,408,935,768,0.487,0.7113,,,,,,,,,,,
175889599,1605356737,Eye Tracker,LipReading,08/25/2025,YanTianming,Recording16,05/10/2025,05/10/2025,14:25:35.695,06:25:35.695,387686,Timeline1,Tobii I-VT (Fixation),1.241.54219,1080,1920,10.0,5.1,9.5,10.6,0.53,1.02,1.13,19,35,39,6.6,5.5,2.9,0.7,0.62,0.32,24,20,11,1566465425,,,934,768,948,744,920,792,0.05446,0.24864,-0.96706,-0.06253,0.26382,-0.96254,3.926,4.291,4.099,,,,Valid,Valid,226.3,52.2,588.9,290.2,55.1,590.0,259.5,203.6,251.9,216.8,0.4866,0.7112,0.4938,0.689,0.4794,0.7335,Screen Recording,Screen Recording Recording16.mp4,1920,1080,0,0,960,540,Fixation,1476,408,935,768,0.487,0.7113,,,,,,,,,,,
175893599,1605360737,Eye Tracker,LipReading,08/25/2025,YanTianming,Recording16,05/10/2025,05/10/2025,14:25:35.695,06:25:35.695,387686,Timeline1,Tobii I-VT (Fixation),1.241.54219,1080,1920,10.0,5.1,9.5,10.6,0.53,1.02,1.13,19,35,39,6.6,5.5,2.9,0.7,0.62,0.32,24,20,11,1566469425,,,930,763,948,737,913,789,0.05426,0.24573,-0.96782,-0.06582,0.2624,-0.96271,3.908,4.305,4.101,,,,Valid,Valid,226.3,52.2,589.0,290.3,55.0,590.2,259.4,201.7,249.9,215.9,0.4846,0.7065,0.4936,0.6826,0.4756,0.7303,Screen Recording,Screen Recording Recording16.mp4,1920,1080,0,0,960,540,Fixation,1476,408,935,768,0.487,0.7113,,,,,,,,,,,
175897598,1605364736,Eye Tracker,LipReading,08/25/2025,YanTianming,Recording16,05/10/2025,05/10/2025,14:25:35.695,06:25:35.695,387686,Timeline1,Tobii I-VT (Fixation),1.241.54219,1080,1920,10.0,5.1,9.5,10.6,0.53,1.02,1.13,19,35,39,6.6,5.5,2.9,0.7,0.62,0.32,24,20,11,1566473425,,,931,770,953,746,908,793,0.0565,0.24944,-0.96674,-0.06809,0.2642,-0.96206,3.911,4.286,4.108,,,,Valid,Valid,226.4,52.2,589.0,290.3,55.0,590.2,260.8,204.2,248.6,217.1,0.4847,0.7126,0.4964,0.6908,0.4731,0.7344,Screen Recording,Screen Recording Recording16.mp4,1920,1080,0,0,960,540,Fixation,1476,408,935,768,0.487,0.7113,,,,,,,,,,,
175901598,1605368736,Eye Tracker,LipReading,08/25/2025,YanTianming,Recording16,05/10/2025,05/10/2025,14:25:35.695,06:25:35.695,387686,Timeline1,Tobii I-VT (Fixation),1.241.54219,1080,1920,10.0,5.1,9.5,10.6,0.53,1.02,1.13,19,35,39,6.6,5.5,2.9,0.7,0.62,0.32,24,20,11,1566477425,,,933,765,952,751,915,778,0.05581,0.25151,-0.96624,-0.06532,0.25792,-0.96395,3.945,4.296,4.11,,,,Valid,Valid,226.4,52.2,588.9,290.4,55.1,590.0,260.5,205.5,250.4,212.9,0.4861,0.7079,0.4957,0.6954,0.4765,0.7205,Screen Recording,Screen Recording Recording16.mp4,1920,1080,0,0,960,540,Fixation,1476,408,935,768,0.487,0.7113,,,,,,,,,,,
175905598,1605372736,Eye Tracker,LipReading,08/25/2025,YanTianming,Recording16,05/10/2025,05/10/2025,14:25:35.695,06:25:35.695,387686,Timeline1,Tobii I-VT (Fixation),1.241.54219,1080,1920,10.0,5.1,9.5,10.6,0.53,1.02,1.13,19,35,39,6.6,5.5,2.9,0.7,0.62,0.32,24,20,11,1566481425,,,932,767,950,747,915,787,0.05487,0.24999,-0.96669,-0.06534,0.26143,-0.96301,3.923,4.293,4.114,,,,Valid,Valid,226.5,52.2,589.0,290.4,55.1,590.0,259.9,204.5,250.4,215.3,0.4856,0.7102,0.4947,0.692,0.4765,0.7283,Screen Recording,Screen Recording Recording16.mp4,1920,1080,0,0,960,540,Fixation,1476,408,935,768,0.487,0.7113,,,,,,,,,,,
175909598,1605376736,Eye Tracker,LipReading,08/25/2025,YanTianming,Recording16,05/10/2025,05/10/2025,14:25:35.695,06:25:35.695,387686,Timeline1,Tobii I-VT (Fixation),1.241.54219,1080,1920,10.0,5.1,9.5,10.6,0.53,1.02,1.13,19,35,39,6.6,5.5,2.9,0.7,0.62,0.32,24,20,11,1566485425,,,934,763,954,747,914,780,0.05653,0.24964,-0.96669,-0.06578,0.25854,-0.96376,3.935,4.297,4.114,,,,Valid,Valid,226.5,52.2,589.0,290.5,55.0,590.2,261.0,204.3,250.2,213.3,0.4864,0.7065,0.4967,0.6913,0.4761,0.7218,Screen Recording,Screen Recording Recording16.mp4,1920,1080,0,0,960,540,Fixation,1476,408,935,768,0.487,0.7113,,,,,,,,,,,
175913598,1605380736,Eye Tracker,LipReading,08/25/2025,YanTianming,Recording16,05/10/2025,05/10/2025,14:25:35.695,06:25:35.695,387686,Timeline1,Tobii I-VT (Fixation),1.241.54219,1080,1920,10.0,5.1,9.5,10.6,0.53,1.02,1.13,19,35,39,6.6,5.5,2.9,0.7,0.62,0.32,24,20,11,1566489425,,,930,767,949,750,910,785,0.05456,0.25126,-0.96638,-0.06773,0.26063,-0.96306,3.938,4.289,4.109,,,,Valid,Valid,226.6,52.2,589.1,290.5,55.0,590.3,259.8,205.3,249.0,214.7,0.4842,0.7106,0.4945,0.6947,0.4739,0.7265,Screen Recording,Screen Recording Recording16.mp4,1920,1080,0,0,960,540,Fixation,1476,408,935,768,0.487,0.7113,,,,,,,,,,,
175917598,1605384736,Eye Tracker,LipReading,08/25/2025,YanTianming,Recording16,05/10/2025,05/10/2025,14:25:35.695,06:25:35.695,387686,Timeline1,Tobii I-VT (Fixation),1.241.54219,1080,1920,10.0,5.1,9.5,10.6,0.53,1.02,1.13,19,35,39,6.6,5.5,2.9,0.7,0.62,0.32,24,20,11,1566493425,,,933,759,959,741,906,777,0.05899,0.2473,-0.96714,-0.06972,0.25719,-0.96384,3.925,4.293,4.116,,,,Valid,Valid,226.6,52.2,589.0,290.6,55.1,590.1,262.5,202.8,247.9,212.5,0.4857,0.7027,0.4996,0.6863,0.4717,0.7191,Screen Recording,Screen Recording Recording16.mp4,1920,1080,0,0,960,540,Fixation,1476,408,935,768,0.487,0.7113,,,,,,,,,,,
175921598,1605388736,Eye Tracker,LipReading,08/25/2025,YanTianming,Recording16,05/10/2025,05/10/2025,14:25:35.695,06:25:35.695,387686,Timeline1,Tobii I-VT (Fixation),1.241.54219,1080,1920,10.0,5.1,9.5,10.6,0.53,1.02,1.13,19,35,39,6.6,5.5,2.9,0.7,0.62,0.32,24,20,11,1566497425,,,933,764,954,745,913,784,0.05654,0.24897,-0.96686,-0.06657,0.26013,-0.96328,3.923,4.299,4.113,,,,Valid,Valid,226.7,52.2,589.0,290.6,55.1,590.0,261.1,203.9,249.8,214.5,0.4862,0.7077,0.4969,0.6899,0.4754,0.7256,Screen Recording,Screen Recording Recording16.mp4,1920,1080,0,0,960,540,Fixation,1476,408,935,768,0.487,0.7113,,,,,,,,,,,
175925598,1605392736,Eye Tracker,LipReading,08/25/2025,YanTianming,Recording16,05/10/2025,05/10/2025,14:25:35.695,06:25:35.695,387686,Timeline1,Tobii I-VT (Fixation),1.241.54219,1080,1920,10.0,5.1,9.5,10.6,0.53,1.02,1.13,19,35,39,6.6,5.5,2.9,0.7,0.62,0.32,24,20,11,1566501425,,,929,765,942,749,916,782,0.05104,0.25065,-0.96673,-0.06533,0.25943,-0.96355,3.945,4.299,4.114,,,,Valid,Valid,226.7,52.3,589.0,290.6,55.1,590.0,257.8,205.0,250.6,214.0,0.4838,0.7087,0.4906,0.6934,0.4769,0.724,Screen Recording,Screen Recording Recording16.mp4,1920,1080,0,0,960,540,Fixation,1476,408,935,768,0.487,0.7113,,,,,,,,,,,
175929598,1605396736,Eye Tracker,LipReading,08/25/2025,YanTianming,Recording16,05/10/2025,05/10/2025,14:25:35.695,06:25:35.695,387686,Timeline1,Tobii I-VT (Fixation),1.241.54219,1080,1920,10.0,5.1,9.5,10.6,0.53,1.02,1.13,19,35,39,6.6,5.5,2.9,0.7,0.62,0.32,24,20,11,1566505425,,,936,760,944,747,928,772,0.05198,0.25001,-0.96685,-0.06014,0.2555,-0.96494,3.93,4.295,4.114,,,,Valid,Valid,226.7,52.2,589.0,290.6,55.1,590.1,258.4,204.5,253.8,211.4,0.4874,0.7036,0.4918,0.692,0.4831,0.7151,Screen Recording,Screen Recording Recording16.mp4,1920,1080,0,0,960,540,Fixation,1476,408,935,768,0.487,0.7113,,,,,,,,,,,
175933598,1605400736,Eye Tracker,LipReading,08/25/2025,YanTianming,Recording16,05/10/2025,05/10/2025,14:25:35.695,06:25:35.695,387686,Timeline1,Tobii I-VT (Fixation),1.241.54219,1080,1920,10.0,5.1,9.5,10.6,0.53,1.02,1.13,19,35,39,6.6,5.5,2.9,0.7,0.62,0.32,24,20,11,1566509425,,,935,758,950,740,921,777,0.05451,0.24684,-0.96752,-0.06308,0.25734,-0.96426,3.933,4.311,4.113,,,,Valid,Valid,226.7,52.2,589.1,290.7,55.1,590.2,259.9,202.5,252.0,212.6,0.4872,0.7022,0.4947,0.6852,0.4797,0.7192,Screen Recording,Screen Recording Recording16.mp4,1920,1080,0,0,960,540,Fixation,1476,408,935,768,0.487,0.7113,,,,,,,,,,,
175937598,1605404736,Eye Tracker,LipReading,08/25/2025,YanTianming,Recording16,05/10/2025,05/10/2025,14:25:35.695,06:25:35.695,387686,Timeline1,Tobii I-VT (Fixation),1.241.54219,1080,1920,10.0,5.1,9.5,10.6,0.53,1.02,1.13,19,35,39,6.6,5.5,2.9,0.7,0.62,0.32,24,20,11,1566513425,,,932,758,947,739,918,776,0.05302,0.24663,-0.96766,-0.06426,0.25701,-0.96427,3.929,4.285,4.113,,,,Valid,Valid,226.7,52.2,589.2,290.7,55.0,590.3,259.0,202.3,251.3,212.4,0.4857,0.7016,0.493,0.6846,0.4783,0.7185,Screen Recording,Screen Recording Recording16.mp4,1920,1080,0,0,960,540,Fixation,1476,408,935,768,0.487,0.7113,,,,,,,,,,,
175941598,1605408736,Eye Tracker,LipReading,08/25/2025,YanTianming,Recording16,05/10/2025,05/10/2025,14:25:35.695,06:25:35.695,387686,Timeline1,Tobii I-VT (Fixation),1.241.54219,1080,1920,10.0,5.1,9.5,10.6,0.53,1.02,1.13,19,35,39,6.6,5.5,2.9,0.7,0.62,0.32,24,20,11,1566517425,,,934,761,955,752,914,771,0.05664,0.25177,-0.96613,-0.06625,0.2549,-0.96469,3.931,4.295,4.114,,,,Valid,Valid,226.8,52.2,589.2,290.7,55.0,590.4,261.3,205.7,250.2,211.0,0.4867,0.705,0.4973,0.696,0.4761,0.7139,Screen Recording,Screen Recording Recording16.mp4,1920,1080,0,0,960,540,Fixation,1476,408,935,768,0.487,0.7113,,,,,,,,,,,
175945598,1605412736,Eye Tracker,LipReading,08/25/2025,YanTianming,Recording16,05/10/2025,05/10/2025,14:25:35.695,06:25:35.695,387686,Timeline1,Tobii I-VT (Fixation),1.241.54219,1080,1920,10.0,5.1,9.5,10.6,0.53,1.02,1.13,19,35,39,6.6,5.5,2.9,0.7,0.62,0.32,24,20,11,1566521425,,,932,763,949,750,914,776,0.05411,0.25103,-0.96647,-0.06612,0.25707,-0.96413,3.948,4.303,4.117,,,,Valid,Valid,226.8,52.2,589.1,290.7,55.0,590.4,259.8,205.2,250.2,212.4,0.4853,0.7065,0.4944,0.6944,0.4762,0.7187,Screen Recording,Screen Recording Recording16.mp4,1920,1080,0,0,960,540,Fixation,1476,408,935,768,0.487,0.7113,,,,,,,,,,,
175949598,1605416736,Eye Tracker,LipReading,08/25/2025,YanTianming,Recording16,05/10/2025,05/10/2025,14:25:35.695,06:25:35.695,387686,Timeline1,Tobii I-VT (Fixation),1.241.54219,1080,1920,10.0,5.1,9.5,10.6,0.53,1.02,1.13,19,35,39,6.6,5.5,2.9,0.7,0.62,0.32,24,20,11,1566525425,,,937,764,960,748,914,779,0.05901,0.25025,-0.96638,-0.06621,0.25843,-0.96376,3.939,4.295,4.119,,,,Valid,Valid,226.8,52.2,589.2,290.7,55.0,590.4,262.7,204.8,250.2,213.3,0.4881,0.7073,0.5,0.6928,0.4761,0.7218,Screen Recording,Screen Recording Recording16.mp4,1920,1080,0,0,960,540,Fixation,1476,408,935,768,0.487,0.7113,,,,,,,,,,,
175953598,1605420736,Eye Tracker,LipReading,08/25/2025,YanTianming,Recording16,05/10/2025,05/10/2025,14:25:35.695,06:25:35.695,387686,Timeline1,Tobii I-VT (Fixation),1.241.54219,1080,1920,10.0,5.1,9.5,10.6,0.53,1.02,1.13,19,35,39,6.6,5.5,2.9,0.7,0.62,0.32,24,20,11,1566529425,,,935,767,956,751,914,782,0.05699,0.25162,-0.96615,-0.06633,0.25949,-0.96347,3.943,4.298,4.119,,,,Valid,Valid,226.8,52.2,589.1,290.7,55.0,590.4,261.5,205.6,250.1,214.0,0.4868,0.7099,0.4977,0.6958,0.4759,0.7241,Screen Recording,Screen Recording Recording16.mp4,1920,1080,0,0,960,540,Fixation,1476,408,935,768,0.487,0.7113,,,,,,,,,,,
175957598,1605424736,Eye Tracker,LipReading,08/25/2025,YanTianming,Recording16,05/10/2025,05/10/2025,14:25:35.695,06:25:35.695,387686,Timeline1,Tobii I-VT (Fixation),1.241.54219,1080,1920,10.0,5.1,9.5,10.6,0.53,1.02,1.13,19,35,39,6.6,5.5,2.9,0.7,0.62,0.32,24,20,11,1566533425,,,931,768,951,748,912,787,0.05491,0.2504,-0.96658,-0.06708,0.26143,-0.96289,3.95,4.29,4.118,,,,Valid,Valid,226.8,52.2,589.2,290.7,55.0,590.4,260.2,204.8,249.6,215.3,0.4851,0.7107,0.4953,0.693,0.475,0.7285,Screen Recording,Screen Recording Recording16.mp4,1920,1080,0,0,960,540,Fixation,1476,408,935,768,0.487,0.7113,,,,,,,,,,,
175961598,1605428736,Eye Tracker,LipReading,08/25/2025,YanTianming,Recording16,05/10/2025,05/10/2025,14:25:35.695,06:25:35.695,387686,Timeline1,Tobii I-VT (Fixation),1.241.54219,1080,1920,10.0,5.1,9.5,10.6,0.53,1.02,1.13,19,35,39,6.6,5.5,2.9,0.7,0.62,0.32,24,20,11,1566537425,,,934,771,953,752,916,790,0.05566,0.25178,-0.96618,-0.06537,0.26277,-0.96264,3.928,4.293,4.118,,,,Valid,Valid,226.8,52.2,589.2,290.7,55.0,590.4,260.7,205.7,250.6,216.2,0.4865,0.7137,0.4962,0.6961,0.4769,0.7314,Screen Recording,Screen Recording Recording16.mp4,1920,1080,0,0,960,540,Fixation,1476,408,935,768,0.487,0.7113,,,,,,,,,,,
175965598,1605432736,Eye Tracker,LipReading,08/25/2025,YanTianming,Recording16,05/10/2025,05/10/2025,14:25:35.695,06:25:35.695,387686,Timeline1,Tobii I-VT (Fixation),1.241.54219,1080,1920,10.0,5.1,9.5,10.6,0.53,1.02,1.13,19,35,39,6.6,5.5,2.9,0.7,0.62,0.32,24,20,11,1566541425,,,935,772,952,755,919,790,0.05545,0.25331,-0.9658,-0.06408,0.26262,-0.96277,3.947,4.29,4.117,,,,Valid,Valid,226.7,52.2,589.2,290.7,55.0,590.3,260.6,206.7,251.4,216.1,0.4872,0.7152,0.4959,0.6994,0.4784,0.731,Screen Recording,Screen Recording Recording16.mp4,1920,1080,0,0,960,540,Fixation,1476,408,935,768,0.487,0.7113,,,,,,,,,,,
175969598,1605436736,Eye Tracker,LipReading,08/25/2025,YanTianming,Recording16,05/10/2025,05/10/2025,14:25:35.695,06:25:35.695,387686,Timeline1,Tobii I-VT (Fixation),1.241.54219,1080,1920,10.0,5.1,9.5,10.6,0.53,1.02,1.13,19,35,39,6.6,5.5,2.9,0.7,0.62,0.32,24,20,11,1566545425,,,937,768,947,749,927,787,0.05308,0.25054,-0.96665,-0.06034,0.26148,-0.96332,3.936,4.303,4.114,,,,Valid,Valid,226.7,52.2,589.2,290.6,55.1,590.2,259.1,204.9,253.7,215.3,0.4879,0.7108,0.4931,0.6933,0.4828,0.7284,Screen Recording,Screen Recording Recording16.mp4,1920,1080,0,0,960,540,Fixation,1476,408,935,768,0.487,0.7113,,,,,,,,,,,
175973598,1605440736,Eye Tracker,LipReading,08/25/2025,YanTianming,Recording16,05/10/2025,05/10/2025,14:25:35.695,06:25:35.695,387686,Timeline1,Tobii I-VT (Fixation),1.241.54219,1080,1920,10.0,5.1,9.5,10.6,0.53,1.02,1.13,19,35,39,6.6,5.5,2.9,0.7,0.62,0.32,24,20,11,1566549425,,,937,768,950,753,923,782,0.05454,0.25236,-0.9661,-0.06191,0.25948,-0.96376,3.944,4.29,4.113,,,,Valid,Valid,226.7,52.2,589.1,290.6,55.2,590.1,260.0,206.1,252.7,214.0,0.4879,0.7107,0.4948,0.6973,0.481,0.7241,Screen Recording,Screen Recording Recording16.mp4,1920,1080,0,0,960,540,Fixation,1476,408,935,768,0.487,0.7113,,,,,,,,,,,
175977598,1605444736,Eye Tracker,LipReading,08/25/2025,YanTianming,Recording16,05/10/2025,05/10/2025,14:25:35.695,06:25:35.695,387686,Timeline1,Tobii I-VT (Fixation),1.241.54219,1080,1920,10.0,5.1,9.5,10.6,0.53,1.02,1.13,19,35,39,6.6,5.5,2.9,0.7,0.62,0.32,24,20,11,1566553425,,,929,769,948,752,911,786,0.05362,0.25189,-0.96627,-0.06755,0.26101,-0.96297,3.926,4.292,4.113,,,,Valid,Valid,226.7,52.2,589.1,290.6,55.2,590.0,259.4,205.8,249.2,215.1,0.484,0.712,0.4936,0.6963,0.4743,0.7278,Screen Recording,Screen Recording Recording16.mp4,1920,1080,0,0,960,540,Fixation,1476,408,935,768,0.487,0.7113,,,,,,,,,,,
175981597,1605448735,Eye Tracker,LipReading,08/25/2025,YanTianming,Recording16,05/10/2025,05/10/2025,14:25:35.695,06:25:35.695,387686,Timeline1,Tobii I-VT (Fixation),1.241.54219,1080,1920,10.0,5.1,9.5,10.6,0.53,1.02,1.13,19,35,39,6.6,5.5,2.9,0.7,0.62,0.32,24,20,11,1566557425,,,933,765,957,748,909,782,0.05795,0.25035,-0.96642,-0.06822,0.25936,-0.96337,3.936,4.283,4.113,,,,Valid,Valid,226.6,52.2,589.0,290.6,55.1,590.1,262.0,204.8,248.8,214.0,0.486,0.7085,0.4986,0.693,0.4735,0.724,Screen Recording,Screen Recording Recording16.mp4,1920,1080,0,0,960,540,Fixation,1476,408,935,768,0.487,0.7113,,,,,,,,,,,
175985597,1605452735,Eye Tracker,LipReading,08/25/2025,YanTianming,Recording16,05/10/2025,05/10/2025,14:25:35.695,06:25:35.695,387686,Timeline1,Tobii I-VT (Fixation),1.241.54219,1080,1920,10.0,5.1,9.5,10.6,0.53,1.02,1.13,19,35,39,6.6,5.5,2.9,0.7,0.62,0.32,24,20,11,1566561425,,,934,761,960,749,909,774,0.0591,0.25068,-0.96627,-0.06847,0.25592,-0.96427,3.932,4.286,4.111,,,,Valid,Valid,226.6,52.2,589.1,290.6,55.0,590.3,262.6,205.1,248.6,211.7,0.4865,0.705,0.4998,0.6938,0.4732,0.7163,Screen Recording,Screen Recording Recording16.mp4,1920,1080,0,0,960,540,Fixation,1476,408,935,768,0.487,0.7113,,,,,,,,,,,
175989597,1605456735,Eye Tracker,LipReading,08/25/2025,YanTianming,Recording16,05/10/2025,05/10/2025,14:25:35.695,06:25:35.695,387686,Timeline1,Tobii I-VT (Fixation),1.241.54219,1080,1920,10.0,5.1,9.5,10.6,0.53,1.02,1.13,19,35,39,6.6,5.5,2.9,0.7,0.62,0.32,24,20,11,1566565425,,,936,769,960,751,913,787,0.0591,0.25131,-0.9661,-0.0664,0.26146,-0.96293,3.953,4.289,4.109,,,,Valid,Valid,226.6,52.2,589.2,290.5,55.0,590.5,262.6,205.4,249.8,215.3,0.4876,0.7117,0.4998,0.6951,0.4754,0.7284,Screen Recording,Screen Recording Recording16.mp4,1920,1080,0,0,960,540,Fixation,1476,408,935,768,0.487,0.7113,,,,,,,,,,,
175993597,1605460735,Eye Tracker,LipReading,08/25/2025,YanTianming,Recording16,05/10/2025,05/10/2025,14:25:35.695,06:25:35.695,387686,Timeline1,Tobii I-VT (Fixation),1.241.54219,1080,1920,10.0,5.1,9.5,10.6,0.53,1.02,1.13,19,35,39,6.6,5.5,2.9,0.7,0.62,0.32,24,20,11,1566569425,,,938,763,953,740,923,785,0.05607,0.24698,-0.9674,-0.06193,0.26074,-0.96342,3.93,4.297,4.11,,,,Valid,Valid,226.5,52.2,589.2,290.5,55.0,590.3,260.7,202.6,252.5,214.8,0.4883,0.7061,0.4961,0.6855,0.4806,0.7267,Screen Recording,Screen Recording Recording16.mp4,1920,1080,0,0,960,540,Fixation,1476,408,935,768,0.487,0.7113,,,,,,,,,,,
175997597,1605464735,Eye Tracker,LipReading,08/25/2025,YanTianming,Recording16,05/10/2025,05/10/2025,14:25:35.695,06:25:35.695,387686,Timeline1,Tobii I-VT (Fixation),1.241.54219,1080,1920,10.0,5.1,9.5,10.6,0.53,1.02,1.13,19,35,39,6.6,5.5,2.9,0.7,0.62,0.32,24,20,11,1566573425,,,936,763,955,748,918,778,0.05712,0.25012,-0.96653,-0.06401,0.2579,-0.96405,3.927,4.283,4.11,,,,Valid,Valid,226.5,52.2,589.2,290.4,55.1,590.0,261.3,204.7,251.2,213.0,0.4877,0.7065,0.4973,0.6924,0.4781,0.7206,Screen Recording,Screen Recording Recording16.mp4,1920,1080,0,0,960,540,Fixation,1476,408,935,768,0.487,0.7113,,,,,,,,,,,
176001597,1605468735,Eye Tracker,LipReading,08/25/2025,YanTianming,Recording16,05/10/2025,05/10/2025,14:25:35.695,06:25:35.695,387686,Timeline1,Tobii I-VT (Fixation),1.241.54219,1080,1920,10.0,5.1,9.5,10.6,0.53,1.02,1.13,19,35,39,6.6,5.5,2.9,0.7,0.62,0.32,24,20,11,1566577425,,,931,757,957,743,906,771,0.058,0.24822,-0.96697,-0.06922,0.25471,-0.96454,3.908,4.289,4.108,,,,Valid,Valid,226.5,52.2,589.1,290.4,55.1,590.1,261.8,203.4,248.0,211.0,0.4851,0.701,0.4982,0.6883,0.472,0.7137,Screen Recording,Screen Recording Recording16.mp4,1920,1080,0,0,960,540,Fixation,1476,408,935,768,0.487,0.7113,,,,,,,,,,,
176005597,1605472735,Eye Tracker,LipReading,08/25/2025,YanTianming,Recording16,05/10/2025,05/10/2025,14:25:35.695,06:25:35.695,387686,Timeline1,Tobii I-VT (Fixation),1.241.54219,1080,1920,10.0,5.1,9.5,10.6,0.53,1.02,1.13,19,35,39,6.6,5.5,2.9,0.7,0.62,0.32,24,20,11,1566581425,,,931,763,957,750,906,776,0.05814,0.25096,-0.96625,-0.06928,0.25705,-0.96391,3.944,4.294,4.106,,,,Valid,Valid,226.4,52.2,589.1,290.3,55.0,590.4,261.8,205.2,247.9,212.4,0.4851,0.7066,0.4983,0.6943,0.4718,0.7188,Screen Recording,Screen Recording Recording16.mp4,1920,1080,0,0,960,540,Fixation,1476,408,935,768,0.487,0.7113,,,,,,,,,,,
176009597,1605476735,Eye Tracker,LipReading,08/25/2025,YanTianming,Recording16,05/10/2025,05/10/2025,14:25:35.695,06:25:35.695,387686,Timeline1,Tobii I-VT (Fixation),1.241.54219,1080,1920,10.0,5.1,9.5,10.6,0.53,1.02,1.13,19,35,39,6.6,5.5,2.9,0.7,0.62,0.32,24,20,11,1566585425,,,933,757,952,740,914,774,0.05591,0.24692,-0.96742,-0.06558,0.25602,-0.96444,3.906,4.286,4.106,,,,Valid,Valid,226.3,52.2,589.2,290.3,54.9,590.5,260.4,202.6,250.1,211.7,0.4858,0.7008,0.4956,0.6854,0.4761,0.7162,Screen Recording,Screen Recording Recording16.mp4,1920,1080,0,0,960,540,Fixation,1476,408,935,768,0.487,0.7113,,,,,,,,,,,
176013596,1605480734,Eye Tracker,LipReading,08/25/2025,YanTianming,Recording16,05/10/2025,05/10/2025,14:25:35.695,06:25:35.695,387686,Timeline1,Tobii I-VT (Fixation),1.241.54219,1080,1920,10.0,5.1,9.5,10.6,0.53,1.02,1.13,19,35,39,6.6,5.5,2.9,0.7,0.62,0.32,24,20,11,1566589425,,,936,761,953,746,918,776,0.05657,0.24929,-0.96678,-0.0637,0.25695,-0.96432,3.922,4.294,4.107,,,,Valid,Valid,226.3,52.2,589.2,290.2,55.0,590.3,260.8,204.1,251.2,212.3,0.4872,0.7045,0.4963,0.6906,0.4782,0.7184,Screen Recording,Screen Recording Recording16.mp4,1920,1080,0,0,960,540,Fixation,1476,408,935,768,0.487,0.7113,,,,,,,,,,,
176017596,1605484734,Eye Tracker,LipReading,08/25/2025,YanTianming,Recording16,05/10/2025,05/10/2025,14:25:35.695,06:25:35.695,387686,Timeline1,Tobii I-VT (Fixation),1.241.54219,1080,1920,10.0,5.1,9.5,10.6,0.53,1.02,1.13,19,35,39,6.6,5.5,2.9,0.7,0.62,0.32,24,20,11,1566593425,,,934,762,953,755,915,769,0.05638,0.25305,-0.96581,-0.0652,0.2541,-0.96498,3.942,4.277,4.107,,,,Valid,Valid,226.3,52.2,589.2,290.2,55.2,590.0,260.7,206.6,250.3,210.5,0.4863,0.7056,0.4961,0.6989,0.4764,0.7123,Screen Recording,Screen Recording Recording16.mp4,1920,1080,0,0,960,540,Fixation,1476,408,935,768,0.487,0.7113,,,,,,,,,,,
176021596,1605488734,Eye Tracker,LipReading,08/25/2025,YanTianming,Recording16,05/10/2025,05/10/2025,14:25:35.695,06:25:35.695,387686,Timeline1,Tobii I-VT (Fixation),1.241.54219,1080,1920,10.0,5.1,9.5,10.6,0.53,1.02,1.13,19,35,39,6.6,5.5,2.9,0.7,0.62,0.32,24,20,11,1566597425,,,934,764,959,746,909,783,0.05958,0.2492,-0.96662,-0.0674,0.25985,-0.96329,3.928,4.27,4.11,,,,Valid,Valid,226.2,52.2,589.2,290.2,55.1,590.2,262.6,204.1,248.9,214.3,0.4867,0.7078,0.4997,0.6905,0.4736,0.725,Screen Recording,Screen Recording Recording16.mp4,1920,1080,0,0,960,540,Fixation,1476,408,935,768,0.487,0.7113,,,,,,,,,,,
176025596,1605492734,Eye Tracker,LipReading,08/25/2025,YanTianming,Recording16,05/10/2025,05/10/2025,14:25:35.695,06:25:35.695,387686,Timeline1,Tobii I-VT (Fixation),1.241.54219,1080,1920,10.0,5.1,9.5,10.6,0.53,1.02,1.13,19,35,39,6.6,5.5,2.9,0.7,0.62,0.32,24,20,11,1566601425,,,932,761,957,741,907,781,0.0588,0.2474,-0.96713,-0.06839,0.25888,-0.96348,3.936,4.3,4.106,,,,Valid,Valid,226.2,52.2,589.2,290.1,55.0,590.4,262.0,202.9,248.2,213.6,0.4855,0.7047,0.4986,0.6865,0.4724,0.7228,Screen Recording,Screen Recording Recording16.mp4,1920,1080,0,0,960,540,Fixation,1476,408,935,768,0.487,0.7113,,,,,,,,,,,
176029593,1605496731,Eye Tracker,LipReading,08/25/2025,YanTianming,Recording16,05/10/2025,05/10/2025,14:25:35.695,06:25:35.695,387686,Timeline1,Tobii I-VT (Fixation),1.241.54219,1080,1920,10.0,5.1,9.5,10.6,0.53,1.02,1.13,19,35,39,6.6,5.5,2.9,0.7,0.62,0.32,24,20,11,1566605422,,,936,761,960,748,911,775,0.0602,0.24998,-0.96638,-0.06643,0.25665,-0.96422,3.932,4.288,4.103,,,,Valid,Valid,226.1,52.2,589.2,290.1,54.9,590.5,262.9,204.6,249.4,212.1,0.4875,0.705,0.5003,0.6923,0.4747,0.7177,Screen Recording,Screen Recording Recording16.mp4,1920,1080,0,0,960,540,Fixation,1476,408,935,768,0.487,0.7113,,,,,,,,,,,
176033593,1605500731,Eye Tracker,LipReading,08/25/2025,YanTianming,Recording16,05/10/2025,05/10/2025,14:25:35.695,06:25:35.695,387686,Timeline1,Tobii I-VT (Fixation),1.241.54219,1080,1920,10.0,5.1,9.5,10.6,0.53,1.02,1.13,19,35,39,6.6,5.5,2.9,0.7,0.62,0.32,24,20,11,1566609422,,,935,766,957,747,914,785,0.05851,0.24994,-0.96649,-0.065,0.26068,-0.96323,3.958,4.269,4.107,,,,Valid,Valid,226.1,52.2,589.2,290.1,55.0,590.5,261.8,204.6,250.2,214.8,0.4872,0.7094,0.4982,0.6921,0.4762,0.7266,Screen Recording,Screen Recording Recording16.mp4,1920,1080,0,0,960,540,Fixation,1476,408,935,768,0.487,0.7113,,,,,,,,,,,
176037593,1605504731,Eye Tracker,LipReading,08/25/2025,YanTianming,Recording16,05/10/2025,05/10/2025,14:25:35.695,06:25:35.695,387686,Timeline1,Tobii I-VT (Fixation),1.241.54219,1080,1920,10.0,5.1,9.5,10.6,0.53,1.02,1.13,19,35,39,6.6,5.5,2.9,0.7,0.62,0.32,24,20,11,1566613422,,,935,764,953,754,918,774,0.05687,0.25271,-0.96587,-0.06339,0.2563,-0.96452,3.928,4.274,4.103,,,,Valid,Valid,226.1,52.2,589.2,290.0,55.1,590.2,260.8,206.4,251.2,211.9,0.4872,0.7076,0.4963,0.6982,0.4781,0.717,Screen Recording,Screen Recording Recording16.mp4,1920,1080,0,0,960,540,Fixation,1476,408,935,768,0.487,0.7113,,,,,,,,,,,
176041593,1605508731,Eye Tracker,LipReading,08/25/2025,YanTianming,Recording16,05/10/2025,05/10/2025,14:25:35.695,06:25:35.695,387686,Timeline1,Tobii I-VT (Fixation),1.241.54219,1080,1920,10.0,5.1,9.5,10.6,0.53,1.02,1.13,19,35,39,6.6,5.5,2.9,0.7,0.62,0.32,24,20,11,1566617422,,,931,756,949,742,913,771,0.05515,0.24751,-0.96731,-0.06549,0.25468,-0.9648,3.92,4.282,4.101,,,,Valid,Valid,226.1,52.2,589.2,290.0,55.1,590.1,259.7,203.0,249.9,210.9,0.4849,0.7001,0.4942,0.6867,0.4757,0.7136,Screen Recording,Screen Recording Recording16.mp4,1920,1080,0,0,960,540,Fixation,1476,408,935,768,0.487,0.7113,,,,,,,,,,,
176045593,1605512731,Eye Tracker,LipReading,08/25/2025,YanTianming,Recording16,05/10/2025,05/10/2025,14:25:35.695,06:25:35.695,387686,Timeline1,Tobii I-VT (Fixation),1.241.54219,1080,1920,10.0,5.1,9.5,10.6,0.53,1.02,1.13,19,35,39,6.6,5.5,2.9,0.7,0.62,0.32,24,20,11,1566621422,,,929,766,947,748,912,784,0.05423,0.25033,-0.96664,-0.06606,0.26036,-0.96325,3.925,4.279,4.101,,,,Valid,Valid,226.1,52.2,589.3,290.0,55.2,590.0,259.1,204.8,249.5,214.6,0.484,0.7095,0.4932,0.6928,0.4748,0.7262,Screen Recording,Screen Recording Recording16.mp4,1920,1080,0,0,960,540,Fixation,1476,408,935,768,0.487,0.7113,,,,,,,,,,,
176049593,1605516731,Eye Tracker,LipReading,08/25/2025,YanTianming,Recording16,05/10/2025,05/10/2025,14:25:35.695,06:25:35.695,387686,Timeline1,Tobii I-VT (Fixation),1.241.54219,1080,1920,10.0,5.1,9.5,10.6,0.53,1.02,1.13,19,35,39,6.6,5.5,2.9,0.7,0.62,0.32,24,20,11,1566625422,,,931,766,953,758,908,775,0.05688,0.25431,-0.96545,-0.06761,0.25629,-0.96423,3.954,4.268,4.104,,,,Valid,Valid,226.1,52.2,589.3,290.0,55.1,590.1,260.8,207.4,248.6,212.0,0.4847,0.7094,0.4963,0.7017,0.4731,0.7172,Screen Recording,Screen Recording Recording16.mp4,1920,1080,0,0,960,540,Fixation,1476,408,935,768,0.487,0.7113,,,,,,,,,,,
176053593,1605520731,Eye Tracker,LipReading,08/25/2025,YanTianming,Recording16,05/10/2025,05/10/2025,14:25:35.695,06:25:35.695,387686,Timeline1,Tobii I-VT (Fixation),1.241.54219,1080,1920,10.0,5.1,9.5,10.6,0.53,1.02,1.13,19,35,39,6.6,5.5,2.9,0.7,0.62,0.32,24,20,11,1566629422,,,930,763,952,752,907,775,0.05674,0.25185,-0.9661,-0.068,0.25639,-0.96418,3.946,4.275,4.103,,,,Valid,Valid,226.0,52.2,589.3,290.0,55.1,590.1,260.6,205.8,248.3,212.0,0.4843,0.7068,0.4961,0.6962,0.4726,0.7174,Screen Recording,Screen Recording Recording16.mp4,1920,1080,0,0,960,540,Fixation,1476,408,935,768,0.487,0.7113,,,,,,,,,,,
176057593,1605524731,Eye Tracker,LipReading,08/25/2025,YanTianming,Recording16,05/10/2025,05/10/2025,14:25:35.695,06:25:35.695,387686,Timeline1,Tobii I-VT (Fixation),1.241.54219,1080,1920,10.0,5.1,9.5,10.6,0.53,1.02,1.13,19,35,39,6.6,5.5,2.9,0.7,0.62,0.32,24,20,11,1566633422,,,929,761,951,746,907,776,0.05616,0.24941,-0.96677,-0.06808,0.25677,-0.96407,3.931,4.278,4.108,,,,Valid,Valid,226.0,52.2,589.3,290.0,55.1,590.2,260.3,204.2,248.3,212.3,0.4839,0.7045,0.4953,0.6908,0.4725,0.7182,Screen Recording,Screen Recording Recording16.mp4,1920,1080,0,0,960,540,Fixation,1476,408,935,768,0.487,0.7113,,,,,,,,,,,
176061593,1605528731,Eye Tracker,LipReading,08/25/2025,YanTianming,Recording16,05/10/2025,05/10/2025,14:25:35.695,06:25:35.695,387686,Timeline1,Tobii I-VT (Fixation),1.241.54219,1080,1920,10.0,5.1,9.5,10.6,0.53,1.02,1.13,19,35,39,6.6,5.5,2.9,0.7,0.62,0.32,24,20,11,1566637422,,,933,766,959,753,906,778,0.05976,0.25235,-0.96579,-0.06848,0.2578,-0.96377,3.926,4.275,4.103,,,,Valid,Valid,226.0,52.2,589.3,290.0,55.1,590.2,262.5,206.1,248.0,213.0,0.4858,0.709,0.4996,0.6974,0.472,0.7206,Screen Recording,Screen Recording Recording16.mp4,1920,1080,0,0,960,540,Fixation,1476,408,935,768,0.487,0.7113,,,,,,,,,,,
176065593,1605532731,Eye Tracker,LipReading,08/25/2025,YanTianming,Recording16,05/10/2025,05/10/2025,14:25:35.695,06:25:35.695,387686,Timeline1,Tobii I-VT (Fixation),1.241.54219,1080,1920,10.0,5.1,9.5,10.6,0.53,1.02,1.13,19,35,39,6.6,5.5,2.9,0.7,0.62,0.32,24,20,11,1566641422,,,932,765,956,751,909,780,0.05845,0.25147,-0.9661,-0.06748,0.25849,-0.96365,3.942,4.274,4.103,,,,Valid,Valid,226.0,52.1,589.3,290.0,55.1,590.1,261.7,205.5,248.6,213.4,0.4856,0.7088,0.4981,0.6954,0.4732,0.7221,Screen Recording,Screen Recording Recording16.mp4,1920,1080,0,0,960,540,Fixation,1476,408,935,768,0.487,0.7113,,,,,,,,,,,
176069593,1605536731,Eye Tracker,LipReading,08/25/2025,YanTianming,Recording16,05/10/2025,05/10/2025,14:25:35.695,06:25:35.695,387686,Timeline1,Tobii I-VT (Fixation),1.241.54219,1080,1920,10.0,5.1,9.5,10.6,0.53,1.02,1.13,19,35,39,6.6,5.5,2.9,0.7,0.62,0.32,24,20,11,1566645422,,,928,764,949,751,907,778,0.05514,0.25131,-0.96634,-0.06828,0.25775,-0.9638,3.92,4.26,4.099,,,,Valid,Valid,226.1,52.1,589.3,290.0,55.1,590.1,259.7,205.4,248.2,212.9,0.4832,0.7077,0.4942,0.695,0.4723,0.7205,Screen Recording,Screen Recording Recording16.mp4,1920,1080,0,0,960,540,Fixation,1476,408,935,768,0.487,0.7113,,,,,,,,,,,
176073593,1605540731,Eye Tracker,LipReading,08/25/2025,YanTianming,Recording16,05/10/2025,05/10/2025,14:25:35.695,06:25:35.695,387686,Timeline1,Tobii I-VT (Fixation),1.241.54219,1080,1920,10.0,5.1,9.5,10.6,0.53,1.02,1.13,19,35,39,6.6,5.5,2.9,0.7,0.62,0.32,24,20,11,1566649422,,,929,761,946,751,912,770,0.05382,0.25158,-0.96634,-0.06608,0.25448,-0.96482,3.945,4.271,4.102,,,,Valid,Valid,226.1,52.2,589.3,290.0,55.1,590.1,258.9,205.6,249.6,210.8,0.4838,0.7044,0.4927,0.6955,0.475,0.7132,Screen Recording,Screen Recording Recording16.mp4,1920,1080,0,0,960,540,Fixation,1476,408,935,768,0.487,0.7113,,,,,,,,,,,
176077592,1605544730,Eye Tracker,LipReading,08/25/2025,YanTianming,Recording16,05/10/2025,05/10/2025,14:25:35.695,06:25:35.695,387686,Timeline1,Tobii I-VT (Fixation),1.241.54219,1080,1920,10.0,5.1,9.5,10.6,0.53,1.02,1.13,19,35,39,6.6,5.5,2.9,0.7,0.62,0.32,24,20,11,1566653422,,,929,763,944,747,915,779,0.05301,0.24976,-0.96686,-0.06484,0.25814,-0.96393,3.927,4.265,4.099,,,,Valid,Valid,226.1,52.2,589.3,290.0,55.1,590.2,258.4,204.4,250.3,213.2,0.4841,0.7063,0.4918,0.6915,0.4763,0.7212,Screen Recording,Screen Recording Recording16.mp4,1920,1080,0,0,960,540,Fixation,1476,408,935,768,0.487,0.7113,,,,,,,,,,,
176081592,1605548730,Eye Tracker,LipReading,08/25/2025,YanTianming,Recording16,05/10/2025,05/10/2025,14:25:35.695,06:25:35.695,387686,Timeline1,Tobii I-VT (Fixation),1.241.54219,1080,1920,10.0,5.1,9.5,10.6,0.53,1.02,1.13,19,35,39,6.6,5.5,2.9,0.7,0.62,0.32,24,20,11,1566657422,,,938,766,958,754,919,778,0.0589,0.25272,-0.96574,-0.06301,0.25795,-0.9641,3.932,4.273,4.1,,,,Valid,Valid,226.1,52.2,589.3,290.0,55.0,590.4,262.1,206.4,251.4,213.0,0.4886,0.7094,0.4987,0.6982,0.4785,0.7206,Screen Recording,Screen Recording Recording16.mp4,1920,1080,0,0,960,540,Fixation,1476,408,935,768,0.487,0.7113,,,,,,,,,,,
176085592,1605552730,Eye Tracker,LipReading,08/25/2025,YanTianming,Recording16,05/10/2025,05/10/2025,14:25:35.695,06:25:35.695,387686,Timeline1,Tobii I-VT (Fixation),1.241.54219,1080,1920,10.0,5.1,9.5,10.6,0.53,1.02,1.13,19,35,39,6.6,5.5,2.9,0.7,0.62,0.32,24,20,11,1566661422,,,938,767,962,753,915,782,0.06068,0.25205,-0.96581,-0.06486,0.25951,-0.96356,3.92,4.273,4.1,,,,Valid,Valid,226.1,52.2,589.3,290.1,54.9,590.6,263.2,206.0,250.3,214.0,0.4886,0.7104,0.5008,0.6968,0.4764,0.7239,Screen Recording,Screen Recording Recording16.mp4,1920,1080,0,0,960,540,Fixation,1476,408,935,768,0.487,0.7113,,,,,,,,,,,
176089592,1605556730,Eye Tracker,LipReading,08/25/2025,YanTianming,Recording16,05/10/2025,05/10/2025,14:25:35.695,06:25:35.695,387686,Timeline1,Tobii I-VT (Fixation),1.241.54219,1080,1920,10.0,5.1,9.5,10.6,0.53,1.02,1.13,19,35,39,6.6,5.5,2.9,0.7,0.62,0.32,24,20,11,1566665422,,,931,767,955,752,907,782,0.05751,0.25181,-0.96607,-0.0682,0.25971,-0.96328,3.918,4.276,4.098,,,,Valid,Valid,226.2,52.1,589.4,290.1,54.9,590.7,261.2,205.7,248.3,214.1,0.4849,0.7103,0.4972,0.6961,0.4725,0.7245,Screen Recording,Screen Recording Recording16.mp4,1920,1080,0,0,960,540,Fixation,1476,408,935,768,0.487,0.7113,,,,,,,,,,,
176093592,1605560730,Eye Tracker,LipReading,08/25/2025,YanTianming,Recording16,05/10/2025,05/10/2025,14:25:35.695,06:25:35.695,387686,Timeline1,Tobii I-VT (Fixation),1.241.54219,1080,1920,10.0,5.1,9.5,10.6,0.53,1.02,1.13,19,35,39,6.6,5.5,2.9,0.7,0.62,0.32,24,20,11,1566669422,,,932,758,956,741,909,776,0.05809,0.24712,-0.96724,-0.06761,0.25707,-0.96403,3.936,4.288,4.098,,,,Valid,Valid,226.2,52.1,589.4,290.1,54.9,590.5,261.6,202.7,248.7,212.4,0.4856,0.7022,0.4979,0.6858,0.4734,0.7187,Screen Recording,Screen Recording Recording16.mp4,1920,1080,0,0,960,540,Fixation,1476,408,935,768,0.487,0.7113,,,,,,,,,,,
176097592,1605564730,Eye Tracker,LipReading,08/25/2025,YanTianming,Recording16,05/10/2025,05/10/2025,14:25:35.695,06:25:35.695,387686,Timeline1,Tobii I-VT (Fixation),1.241.54219,1080,1920,10.0,5.1,9.5,10.6,0.53,1.02,1.13,19,35,39,6.6,5.5,2.9,0.7,0.62,0.32,24,20,11,1566673422,,,929,758,948,748,910,767,0.05443,0.25028,-0.96664,-0.06717,0.25332,-0.96505,3.922,4.268,4.099,,,,Valid,Valid,226.2,52.1,589.4,290.2,55.1,590.3,259.4,204.7,249.1,210.0,0.4839,0.7016,0.4938,0.6926,0.474,0.7105,Screen Recording,Screen Recording Recording16.mp4,1920,1080,0,0,960,540,Fixation,1476,408,935,768,0.487,0.7113,,,,,,,,,,,
176101592,1605568730,Eye Tracker,LipReading,08/25/2025,YanTianming,Recording16,05/10/2025,05/10/2025,14:25:35.695,06:25:35.695,387686,Timeline1,Tobii I-VT (Fixation),1.241.54219,1080,1920,10.0,5.1,9.5,10.6,0.53,1.02,1.13,19,35,39,6.6,5.5,2.9,0.7,0.62,0.32,24,20,11,1566677422,,,932,761,950,750,914,771,0.05517,0.25101,-0.96641,-0.06565,0.25493,-0.96473,3.917,4.281,4.1,,,,Valid,Valid,226.3,52.1,589.4,290.2,55.1,590.2,259.9,205.2,250.0,211.0,0.4853,0.7042,0.4947,0.6943,0.4759,0.7141,Screen Recording,Screen Recording Recording16.mp4,1920,1080,0,0,960,540,Fixation,1476,408,935,768,0.487,0.7113,,,,,,,,,,,
176105592,1605572730,Eye Tracker,LipReading,08/25/2025,YanTianming,Recording16,05/10/2025,05/10/2025,14:25:35.695,06:25:35.695,387686,Timeline1,Tobii I-VT (Fixation),1.241.54219,1080,1920,10.0,5.1,9.5,10.6,0.53,1.02,1.13,19,35,39,6.6,5.5,2.9,0.7,0.62,0.32,24,20,11,1566681422,,,941,764,963,743,918,784,0.06096,0.24808,-0.96682,-0.06356,0.26059,-0.96335,3.928,4.268,4.1,,,,Valid,Valid,226.3,52.1,589.3,290.2,55.0,590.5,263.5,203.4,251.3,214.7,0.4898,0.7072,0.5014,0.6881,0.4782,0.7264,Screen Recording,Screen Recording Recording16.mp4,1920,1080,0,0,960,540,Fixation,1476,408,935,768,0.487,0.7113,,,,,,,,,,,
176109592,1605576730,Eye Tracker,LipReading,08/25/2025,YanTianming,Recording16,05/10/2025,05/10/2025,14:25:35.695,06:25:35.695,387686,Timeline1,Tobii I-VT (Fixation),1.241.54219,1080,1920,10.0,5.1,9.5,10.6,0.53,1.02,1.13,19,35,39,6.6,5.5,2.9,0.7,0.62,0.32,24,20,11,1566685422,,,938,766,963,757,914,775,0.06073,0.254,-0.9653,-0.06573,0.25684,-0.96422,3.935,4.273,4.1,,,,Valid,Valid,226.4,52.1,589.4,290.3,54.8,590.7,263.4,207.2,250.0,212.2,0.4886,0.7095,0.5014,0.7011,0.4759,0.7179,Screen Recording,Screen Recording Recording16.mp4,1920,1080,0,0,960,540,Fixation,1476,408,935,768,0.487,0.7113,,,,,,,,,,,
176113592,1605580730,Eye Tracker,LipReading,08/25/2025,YanTianming,Recording16,05/10/2025,05/10/2025,14:25:35.695,06:25:35.695,387686,Timeline1,Tobii I-VT (Fixation),1.241.54219,1080,1920,10.0,5.1,9.5,10.6,0.53,1.02,1.13,19,35,39,6.6,5.5,2.9,0.7,0.62,0.32,24,20,11,1566689422,,,935,766,957,755,912,778,0.05832,0.25298,-0.96571,-0.06663,0.25783,-0.96389,3.957,4.273,4.104,,,,Valid,Valid,226.4,52.1,589.5,290.3,54.9,590.6,262.0,206.5,249.5,212.9,0.4868,0.7095,0.4986,0.6987,0.4749,0.7203,Screen Recording,Screen Recording Recording16.mp4,1920,1080,0,0,960,540,Fixation,1476,408,935,768,0.487,0.7113,,,,,,,,,,,
176117592,1605584730,Eye Tracker,LipReading,08/25/2025,YanTianming,Recording16,05/10/2025,05/10/2025,14:25:35.695,06:25:35.695,387686,Timeline1,Tobii I-VT (Fixation),1.241.54219,1080,1920,10.0,5.1,9.5,10.6,0.53,1.02,1.13,19,35,39,6.6,5.5,2.9,0.7,0.62,0.32,24,20,11,1566693422,,,930,760,950,745,909,775,0.05514,0.24901,-0.96693,-0.06798,0.25639,-0.96418,3.923,4.273,4.104,,,,Valid,Valid,226.5,52.1,589.4,290.4,55.0,590.3,260.1,203.9,248.8,212.0,0.4842,0.7036,0.495,0.6898,0.4734,0.7173,Screen Recording,Screen Recording Recording16.mp4,1920,1080,0,0,960,540,Fixation,1476,408,935,768,0.487,0.7113,,,,,,,,,,,
176121592,1605588730,Eye Tracker,LipReading,08/25/2025,YanTianming,Recording16,05/10/2025,05/10/2025,14:25:35.695,06:25:35.695,387686,Timeline1,Tobii I-VT (Fixation),1.241.54219,1080,1920,10.0,5.1,9.5,10.6,0.53,1.02,1.13,19,35,39,6.6,5.5,2.9,0.7,0.62,0.32,24,20,11,1566697422,,,931,761,951,745,912,777,0.05543,0.24908,-0.9669,-0.06689,0.25728,-0.96402,3.938,4.273,4.098,,,,Valid,Valid,226.5,52.1,589.4,290.4,55.1,590.2,260.3,203.9,249.5,212.6,0.4851,0.7046,0.4954,0.69,0.4748,0.7192,Screen Recording,Screen Recording Recording16.mp4,1920,1080,0,0,960,540,Fixation,1476,408,935,768,0.487,0.7113,,,,,,,,,,,
176125592,1605592730,Eye Tracker,LipReading,08/25/2025,YanTianming,Recording16,05/10/2025,05/10/2025,14:25:35.695,06:25:35.695,387686,Timeline1,Tobii I-VT (Fixation),1.241.54219,1080,1920,10.0,5.1,9.5,10.6,0.53,1.02,1.13,19,35,39,6.6,5.5,2.9,0.7,0.62,0.32,24,20,11,1566701422,,,937,764,956,753,917,775,0.05764,0.25232,-0.96593,-0.06439,0.2568,-0.96432,3.915,4.277,4.1,,,,Valid,Valid,226.5,52.1,589.4,290.5,54.9,590.5,261.7,206.1,251.0,212.2,0.4879,0.7076,0.4981,0.6972,0.4778,0.7179,Screen Recording,Screen Recording Recording16.mp4,1920,1080,0,0,960,540,Fixation,1476,408,935,768,0.487,0.7113,,,,,,,,,,,
176129592,1605596730,Eye Tracker,LipReading,08/25/2025,YanTianming,Recording16,05/10/2025,05/10/2025,14:25:35.695,06:25:35.695,387686,Timeline1,Tobii I-VT (Fixation),1.241.54219,1080,1920,10.0,5.1,9.5,10.6,0.53,1.02,1.13,19,35,39,6.6,5.5,2.9,0.7,0.62,0.32,24,20,11,1566705422,,,938,757,962,745,914,769,0.06041,0.24911,-0.96659,-0.06605,0.25411,-0.96492,3.922,4.279,4.101,,,,Valid,Valid,226.6,52.1,589.4,290.5,54.8,590.7,263.4,204.0,250.1,210.4,0.4886,0.7011,0.5013,0.6902,0.4759,0.7119,Screen Recording,Screen Recording Recording16.mp4,1920,1080,0,0,960,540,Fixation,1476,408,935,768,0.487,0.7113,,,,,,,,,,,
176133592,1605600730,Eye Tracker,LipReading,08/25/2025,YanTianming,Recording16,05/10/2025,05/10/2025,14:25:35.695,06:25:35.695,387686,Timeline1,Tobii I-VT (Fixation),1.241.54219,1080,1920,10.0,5.1,9.5,10.6,0.53,1.02,1.13,19,35,39,6.6,5.5,2.9,0.7,0.62,0.32,24,20,11,1566709422,,,937,762,959,754,916,770,0.05858,0.25263,-0.96579,-0.06534,0.25441,-0.96489,3.926,4.297,4.1,,,,Valid,Valid,226.6,52.1,589.4,290.5,54.9,590.7,262.4,206.3,250.5,210.6,0.4881,0.7052,0.4993,0.6979,0.4768,0.7125,Screen Recording,Screen Recording Recording16.mp4,1920,1080,0,0,960,540,Fixation,1476,408,935,768,0.487,0.7113,,,,,,,,,,,
176137592,1605604730,Eye Tracker,LipReading,08/25/2025,YanTianming,Recording16,05/10/2025,05/10/2025,14:25:35.695,06:25:35.695,387686,Timeline1,Tobii I-VT (Fixation),1.241.54219,1080,1920,10.0,5.1,9.5,10.6,0.53,1.02,1.13,19,35,39,6.6,5.5,2.9,0.7,0.62,0.32,24,20,11,1566713422,,,927,755,948,742,907,769,0.05359,0.24794,-0.96729,-0.06913,0.25388,-0.96476,3.923,4.287,4.1,,,,Valid,Valid,226.6,52.1,589.5,290.6,54.9,590.5,259.3,203.2,248.3,210.3,0.483,0.6995,0.4935,0.6874,0.4725,0.7116,Screen Recording,Screen Recording Recording16.mp4,1920,1080,0,0,960,540,Fixation,1476,408,935,768,0.487,0.7113,,,,,,,,,,,
176141592,1605608730,Eye Tracker,LipReading,08/25/2025,YanTianming,Recording16,05/10/2025,05/10/2025,14:25:35.695,06:25:35.695,387686,Timeline1,Tobii I-VT (Fixation),1.241.54219,1080,1920,10.0,5.1,9.5,10.6,0.53,1.02,1.13,19,35,39,6.6,5.5,2.9,0.7,0.62,0.32,24,20,11,1566717422,,,928,759,948,736,909,782,0.05373,0.24531,-0.96795,-0.06848,0.25957,-0.96329,3.904,4.263,4.105,,,,Valid,Valid,226.7,52.1,589.5,290.6,55.0,590.3,259.4,201.5,248.6,214.1,0.4834,0.703,0.4937,0.6816,0.4732,0.7243,Screen Recording,Screen Recording Recording16.mp4,1920,1080,0,0,960,540,Fixation,1476,408,935,768,0.487,0.7113,,,,,,,,,,,
176145592,1605612730,Eye Tracker,LipReading,08/25/2025,YanTianming,Recording16,05/10/2025,05/10/2025,14:25:35.695,06:25:35.695,387686,Timeline1,Tobii I-VT (Fixation),1.241.54219,1080,1920,10.0,5.1,9.5,10.6,0.53,1.02,1.13,19,35,39,6.6,5.5,2.9,0.7,0.62,0.32,24,20,11,1566721422,,,929,757,949,737,909,777,0.054,0.24558,-0.96787,-0.06825,0.25723,-0.96394,3.915,4.275,4.097,,,,Valid,Valid,226.7,52.1,589.4,290.6,55.0,590.2,259.6,201.6,248.8,212.5,0.4838,0.7007,0.494,0.6822,0.4735,0.7191,Screen Recording,Screen Recording Recording16.mp4,1920,1080,0,0,960,540,Fixation,1476,408,935,768,0.487,0.7113,,,,,,,,,,,
176149592,1605616730,Eye Tracker,LipReading,08/25/2025,YanTianming,Recording16,05/10/2025,05/10/2025,14:25:35.695,06:25:35.695,387686,Timeline1,Tobii I-VT (Fixation),1.241.54219,1080,1920,10.0,5.1,9.5,10.6,0.53,1.02,1.13,19,35,39,6.6,5.5,2.9,0.7,0.62,0.32,24,20,11,1566725422,,,934,757,954,742,914,772,0.05652,0.24757,-0.96722,-0.06595,0.25547,-0.96456,3.946,4.288,4.09,,,,Valid,Valid,226.7,52.1,589.4,290.6,55.0,590.2,261.2,203.0,250.3,211.4,0.4867,0.7009,0.497,0.6867,0.4763,0.7151,Screen Recording,Screen Recording Recording16.mp4,1920,1080,0,0,960,540,Fixation,1476,408,935,768,0.487,0.7113,,,,,,,,,,,
176153592,1605620730,Eye Tracker,LipReading,08/25/2025,YanTianming,Recording16,05/10/2025,05/10/2025,14:25:35.695,06:25:35.695,387686,Timeline1,Tobii I-VT (Fixation),1.241.54219,1080,1920,10.0,5.1,9.5,10.6,0.53,1.02,1.13,19,35,39,6.6,5.5,2.9,0.7,0.62,0.32,24,20,11,1566729422,,,938,753,962,740,913,767,0.06005,0.24677,-0.96721,-0.06662,0.25315,-0.96513,3.92,4.261,4.094,,,,Valid,Valid,226.7,52.1,589.4,290.6,55.0,590.3,263.3,202.5,249.9,209.8,0.4884,0.6975,0.5012,0.685,0.4756,0.71,Screen Recording,Screen Recording Recording16.mp4,1920,1080,0,0,960,540,Fixation,1476,408,935,768,0.487,0.7113,,,,,,,,,,,
176157592,1605624730,Eye Tracker,LipReading,08/25/2025,YanTianming,Recording16,05/10/2025,05/10/2025,14:25:35.695,06:25:35.695,387686,Timeline1,Tobii I-VT (Fixation),1.241.54219,1080,1920,10.0,5.1,9.5,10.6,0.53,1.02,1.13,19,35,39,6.6,5.5,2.9,0.7,0.62,0.32,24,20,11,1566733422,,,934,752,956,733,912,772,0.05722,0.24377,-0.96814,-0.06725,0.25538,-0.9645,3.895,4.266,4.096,,,,Valid,Valid,226.7,52.1,589.4,290.7,55.0,590.4,261.6,200.5,249.5,211.3,0.4863,0.6966,0.4978,0.6783,0.4748,0.7149,Screen Recording,Screen Recording Recording16.mp4,1920,1080,0,0,960,540,Fixation,1476,408,935,768,0.487,0.7113,,,,,,,,,,,
176161591,1605628729,Eye Tracker,LipReading,08/25/2025,YanTianming,Recording16,05/10/2025,05/10/2025,14:25:35.695,06:25:35.695,387686,Timeline1,Tobii I-VT (Fixation),1.241.54219,1080,1920,10.0,5.1,9.5,10.6,0.53,1.02,1.13,19,35,39,6.6,5.5,2.9,0.7,0.62,0.32,24,20,11,1566737421,,,937,759,961,744,912,774,0.05929,0.24872,-0.96676,-0.06688,0.25609,-0.96434,3.908,4.273,4.087,,,,Valid,Valid,226.7,52.1,589.4,290.7,55.0,590.4,262.9,203.7,249.7,211.7,0.4878,0.7028,0.5003,0.6892,0.4752,0.7164,Screen Recording,Screen Recording Recording16.mp4,1920,1080,0,0,960,540,Fixation,1476,408,935,768,0.487,0.7113,,,,,,,,,,,
176165591,1605632729,Eye Tracker,LipReading,08/25/2025,YanTianming,Recording16,05/10/2025,05/10/2025,14:25:35.695,06:25:35.695,387686,Timeline1,Tobii I-VT (Fixation),1.241.54219,1080,1920,10.0,5.1,9.5,10.6,0.53,1.02,1.13,19,35,39,6.6,5.5,2.9,0.7,0.62,0.32,24,20,11,1566741421,,,939,757,957,742,922,772,0.05757,0.24778,-0.9671,-0.06271,0.25547,-0.96478,3.919,4.276,4.09,,,,Valid,Valid,226.7,52.1,589.4,290.7,54.9,590.4,261.8,203.1,252.3,211.3,0.4892,0.701,0.4983,0.6871,0.4801,0.7148,Screen Recording,Screen Recording Recording16.mp4,1920,1080,0,0,960,540,Fixation,1476,408,935,768,0.487,0.7113,,,,,,,,,,,
176169590,1605636728,Eye Tracker,LipReading,08/25/2025,YanTianming,Recording16,05/10/2025,05/10/2025,14:25:35.695,06:25:35.695,387686,Timeline1,Tobii I-VT (Fixation),1.241.54219,1080,1920,10.0,5.1,9.5,10.6,0.53,1.02,1.13,19,35,39,6.6,5.5,2.9,0.7,0.62,0.32,24,20,11,1566745421,,,935,758,956,735,914,780,0.05724,0.24482,-0.96788,-0.06603,0.25887,-0.96365,3.908,4.266,4.095,,,,Valid,Valid,226.7,52.1,589.4,290.7,55.0,590.4,261.6,201.2,250.2,213.5,0.487,0.7015,0.4979,0.6806,0.4762,0.7225,Screen Recording,Screen Recording Recording16.mp4,1920,1080,0,0,960,540,Fixation,1476,408,935,768,0.487,0.7113,,,,,,,,,,,
176173590,1605640728,Eye Tracker,LipReading,08/25/2025,YanTianming,Recording16,05/10/2025,05/10/2025,14:25:35.695,06:25:35.695,387686,Timeline1,Tobii I-VT (Fixation),1.241.54219,1080,1920,10.0,5.1,9.5,10.6,0.53,1.02,1.13,19,35,39,6.6,5.5,2.9,0.7,0.62,0.32,24,20,11,1566749421,,,931,756,948,740,915,772,0.05356,0.24708,-0.96751,-0.0657,0.25526,-0.96464,3.932,4.286,4.096,,,,Valid,Valid,226.7,52.1,589.4,290.6,55.0,590.3,259.4,202.6,250.4,211.2,0.4851,0.6999,0.4936,0.6854,0.4766,0.7145,Screen Recording,Screen Recording Recording16.mp4,1920,1080,0,0,960,540,Fixation,1476,408,935,768,0.487,0.7113,,,,,,,,,,,
176177590,1605644728,Eye Tracker,LipReading,08/25/2025,YanTianming,Recording16,05/10/2025,05/10/2025,14:25:35.695,06:25:35.695,387686,Timeline1,Tobii I-VT (Fixation),1.241.54219,1080,1920,10.0,5.1,9.5,10.6,0.53,1.02,1.13,19,35,39,6.6,5.5,2.9,0.7,0.62,0.32,24,20,11,1566753421,,,932,759,946,735,917,784,0.05293,0.2448,-0.96813,-0.06455,0.26045,-0.96333,3.914,4.282,4.094,,,,Valid,Valid,226.7,52.1,589.4,290.6,55.0,590.3,258.9,201.1,251.1,214.6,0.4853,0.7032,0.4928,0.6804,0.4778,0.726,Screen Recording,Screen Recording Recording16.mp4,1920,1080,0,0,960,540,Fixation,1476,408,935,768,0.487,0.7113,,,,,,,,,,,
176181590,1605648728,Eye Tracker,LipReading,08/25/2025,YanTianming,Recording16,05/10/2025,05/10/2025,14:25:35.695,06:25:35.695,387686,Timeline1,Tobii I-VT (Fixation),1.241.54219,1080,1920,10.0,5.1,9.5,10.6,0.53,1.02,1.13,19,35,39,6.6,5.5,2.9,0.7,0.62,0.32,24,20,11,1566757421,,,933,760,950,741,916,779,0.05475,0.24751,-0.96734,-0.06499,0.25844,-0.96384,3.916,4.274,4.094,,,,Valid,Valid,226.7,52.1,589.4,290.6,55.0,590.2,260.1,202.9,250.8,213.2,0.4861,0.7039,0.4949,0.6863,0.4773,0.7215,Screen Recording,Screen Recording Recording16.mp4,1920,1080,0,0,960,540,Fixation,1476,408,935,768,0.487,0.7113,,,,,,,,,,,
176185590,1605652728,Eye Tracker,LipReading,08/25/2025,YanTianming,Recording16,05/10/2025,05/10/2025,14:25:35.695,06:25:35.695,387686,Timeline1,Tobii I-VT (Fixation),1.241.54219,1080,1920,10.0,5.1,9.5,10.6,0.53,1.02,1.13,19,35,39,6.6,5.5,2.9,0.7,0.62,0.32,24,20,11,1566761421,,,933,759,948,738,917,779,0.05372,0.24627,-0.96771,-0.06459,0.25835,-0.96389,3.907,4.271,4.094,,,,Valid,Valid,226.7,52.0,589.4,290.6,54.9,590.3,259.4,202.0,251.0,213.2,0.4857,0.7024,0.4937,0.6836,0.4778,0.7212,Screen Recording,Screen Recording Recording16.mp4,1920,1080,0,0,960,540,Fixation,1476,408,935,768,0.487,0.7113,,,,,,,,,,,
176189590,1605656728,Eye Tracker,LipReading,08/25/2025,YanTianming,Recording16,05/10/2025,05/10/2025,14:25:35.695,06:25:35.695,387686,Timeline1,Tobii I-VT (Fixation),1.241.54219,1080,1920,10.0,5.1,9.5,10.6,0.53,1.02,1.13,19,35,39,6.6,5.5,2.9,0.7,0.62,0.32,24,20,11,1566765421,,,931,758,948,735,915,782,0.05362,0.24483,-0.96808,-0.06561,0.25956,-0.9635,3.906,4.269,4.095,,,,Valid,Valid,226.7,52.0,589.4,290.6,54.9,590.4,259.3,201.1,250.4,213.9,0.485,0.7021,0.4935,0.6804,0.4765,0.7238,Screen Recording,Screen Recording Recording16.mp4,1920,1080,0,0,960,540,Fixation,1476,408,935,768,0.487,0.7113,,,,,,,,,,,
176193590,1605660728,Eye Tracker,LipReading,08/25/2025,YanTianming,Recording16,05/10/2025,05/10/2025,14:25:35.695,06:25:35.695,387686,Timeline1,Tobii I-VT (Fixation),1.241.54219,1080,1920,10.0,5.1,9.5,10.6,0.53,1.02,1.13,19,35,39,6.6,5.5,2.9,0.7,0.62,0.32,24,20,11,1566769421,,,936,765,960,747,911,783,0.05918,0.25012,-0.9664,-0.06722,0.25998,-0.96327,3.927,4.277,4.092,,,,Valid,Valid,226.6,52.0,589.4,290.6,54.8,590.6,262.7,204.6,249.3,214.2,0.4873,0.7084,0.5,0.6921,0.4745,0.7247,Screen Recording,Screen Recording Recording16.mp4,1920,1080,0,0,960,540,Fixation,1476,408,935,768,0.487,0.7113,,,,,,,,,,,
176197590,1605664728,Eye Tracker,LipReading,08/25/2025,YanTianming,Recording16,05/10/2025,05/10/2025,14:25:35.695,06:25:35.695,387686,Timeline1,Tobii I-VT (Fixation),1.241.54219,1080,1920,10.0,5.1,9.5,10.6,0.53,1.02,1.13,19,35,39,6.6,5.5,2.9,0.7,0.62,0.32,24,20,11,1566773421,,,939,761,963,752,916,771,0.06043,0.25186,-0.96588,-0.06516,0.25512,-0.96471,3.923,4.295,4.091,,,,Valid,Valid,226.6,52.0,589.4,290.5,54.8,590.7,263.5,205.7,250.6,211.0,0.4892,0.7049,0.5014,0.696,0.477,0.7138,Screen Recording,Screen Recording Recording16.mp4,1920,1080,0,0,960,540,Fixation,1476,408,935,768,0.487,0.7113,,,,,,,,,,,
176201590,1605668728,Eye Tracker,LipReading,08/25/2025,YanTianming,Recording16,05/10/2025,05/10/2025,14:25:35.695,06:25:35.695,387686,Timeline1,Tobii I-VT (Fixation),1.241.54219,1080,1920,10.0,5.1,9.5,10.6,0.53,1.02,1.13,19,35,39,6.6,5.5,2.9,0.7,0.62,0.32,24,20,11,1566777421,,,938,758,964,741,912,775,0.06092,0.2474,-0.967,-0.06685,0.25665,-0.96419,3.902,4.281,4.096,,,,Valid,Valid,226.6,52.0,589.4,290.5,54.8,590.5,263.7,202.8,249.5,212.0,0.4884,0.7018,0.5018,0.6862,0.4749,0.7173,Screen Recording,Screen Recording Recording16.mp4,1920,1080,0,0,960,540,Fixation,1476,408,935,768,0.487,0.7113,,,,,,,,,,,
176205590,1605672728,Eye Tracker,LipReading,08/25/2025,YanTianming,Recording16,05/10/2025,05/10/2025,14:25:35.695,06:25:35.695,387686,Timeline1,Tobii I-VT (Fixation),1.241.54219,1080,1920,10.0,5.1,9.5,10.6,0.53,1.02,1.13,19,35,39,6.6,5.5,2.9,0.7,0.62,0.32,24,20,11,1566781421,,,934,760,952,742,917,778,0.05598,0.24776,-0.9672,-0.06465,0.25791,-0.964,3.902,4.265,4.092,,,,Valid,Valid,226.5,52.0,589.4,290.4,54.9,590.4,260.6,203.0,250.8,212.8,0.4867,0.7035,0.496,0.6868,0.4774,0.7201,Screen Recording,Screen Recording Recording16.mp4,1920,1080,0,0,960,540,Fixation,1476,408,935,768,0.487,0.7113,,,,,,,,,,,
176209590,1605676728,Eye Tracker,LipReading,08/25/2025,YanTianming,Recording16,05/10/2025,05/10/2025,14:25:35.695,06:25:35.695,387686,Timeline1,Tobii I-VT (Fixation),1.241.54219,1080,1920,10.0,5.1,9.5,10.6,0.53,1.02,1.13,19,35,39,6.6,5.5,2.9,0.7,0.62,0.32,24,20,11,1566785421,,,935,758,954,737,917,779,0.0566,0.24568,-0.9677,-0.06438,0.25848,-0.96387,3.912,4.279,4.089,,,,Valid,Valid,226.5,52.0,589.4,290.4,54.9,590.2,261.0,201.6,251.0,213.2,0.4872,0.7019,0.4967,0.6822,0.4776,0.7215,Screen Recording,Screen Recording Recording16.mp4,1920,1080,0,0,960,540,Fixation,1476,408,935,768,0.487,0.7113,,,,,,,,,,,
176213590,1605680728,Eye Tracker,LipReading,08/25/2025,YanTianming,Recording16,05/10/2025,05/10/2025,14:25:35.695,06:25:35.695,387686,Timeline1,Tobii I-VT (Fixation),1.241.54219,1080,1920,10.0,5.1,9.5,10.6,0.53,1.02,1.13,19,35,39,6.6,5.5,2.9,0.7,0.62,0.32,24,20,11,1566789421,,,933,762,950,746,916,778,0.05521,0.24939,-0.96683,-0.06474,0.2581,-0.96395,3.905,4.253,4.09,,,,Valid,Valid,226.5,52.0,589.4,290.4,54.9,590.4,260.1,204.0,250.7,213.0,0.4861,0.7054,0.495,0.6903,0.4772,0.7205,Screen Recording,Screen Recording Recording16.mp4,1920,1080,0,0,960,540,Fixation,1476,408,935,768,0.487,0.7113,,,,,,,,,,,
176217590,1605684728,Eye Tracker,LipReading,08/25/2025,YanTianming,Recording16,05/10/2025,05/10/2025,14:25:35.695,06:25:35.695,387686,Timeline1,Tobii I-VT (Fixation),1.241.54219,1080,1920,10.0,5.1,9.5,10.6,0.53,1.02,1.13,19,35,39,6.6,5.5,2.9,0.7,0.62,0.32,24,20,11,1566793421,,,933,752,955,731,910,773,0.05739,0.24318,-0.96828,-0.06727,0.25605,-0.96432,3.893,4.275,4.091,,,,Valid,Valid,226.4,52.0,589.4,290.3,54.8,590.6,261.3,200.0,249.1,211.6,0.4858,0.6964,0.4974,0.6768,0.4742,0.716,Screen Recording,Screen Recording Recording16.mp4,1920,1080,0,0,960,540,Fixation,1476,408,935,768,0.487,0.7113,,,,,,,,,,,
176221590,1605688728,Eye Tracker,LipReading,08/25/2025,YanTianming,Recording16,05/10/2025,05/10/2025,14:25:35.695,06:25:35.695,387686,Timeline1,Tobii I-VT (Fixation),1.241.54219,1080,1920,10.0,5.1,9.5,10.6,0.53,1.02,1.13,19,35,39,6.6,5.5,2.9,0.7,0.62,0.32,24,20,11,1566797421,,,938,764,963,745,914,782,0.06082,0.24926,-0.96653,-0.06574,0.25963,-0.96347,3.932,4.277,4.09,,,,Valid,Valid,226.4,52.0,589.3,290.3,54.8,590.7,263.5,204.0,250.0,213.9,0.4886,0.7071,0.5014,0.6903,0.4758,0.7238,Screen Recording,Screen Recording Recording16.mp4,1920,1080,0,0,960,540,Fixation,1476,408,935,768,0.487,0.7113,,,,,,,,,,,
176225590,1605692728,Eye Tracker,LipReading,08/25/2025,YanTianming,Recording16,05/10/2025,05/10/2025,14:25:35.695,06:25:35.695,387686,Timeline1,Tobii I-VT (Fixation),1.241.54219,1080,1920,10.0,5.1,9.5,10.6,0.53,1.02,1.13,19,35,39,6.6,5.5,2.9,0.7,0.62,0.32,24,20,11,1566801421,,,938,753,957,744,918,762,0.05847,0.24881,-0.96679,-0.06364,0.25139,-0.96579,3.905,4.283,4.09,,,,Valid,Valid,226.3,52.1,589.3,290.3,54.9,590.5,262.0,203.7,251.4,208.6,0.4885,0.6974,0.4986,0.6892,0.4784,0.7056,Screen Recording,Screen Recording Recording16.mp4,1920,1080,0,0,960,540,Fixation,1476,408,935,768,0.487,0.7113,,,,,,,,,,,
176229589,1605696727,Eye Tracker,LipReading,08/25/2025,YanTianming,Recording16,05/10/2025,05/10/2025,14:25:35.695,06:25:35.695,387686,Timeline1,Tobii I-VT (Fixation),1.241.54219,1080,1920,10.0,5.1,9.5,10.6,0.53,1.02,1.13,19,35,39,6.6,5.5,2.9,0.7,0.62,0.32,24,20,11,1566805421,,,938,748,954,728,922,767,0.05728,0.24205,-0.96857,-0.06177,0.25339,-0.96539,3.898,4.272,4.091,,,,Valid,Valid,226.3,52.0,589.3,290.2,54.9,590.3,261.2,199.3,252.4,209.9,0.4887,0.6923,0.497,0.6744,0.4804,0.7101,Screen Recording,Screen Recording Recording16.mp4,1920,1080,0,0,960,540,Fixation,1476,408,935,768,0.487,0.7113,,,,,,,,,,,
176233589,1605700727,Eye Tracker,LipReading,08/25/2025,YanTianming,Recording16,05/10/2025,05/10/2025,14:25:35.695,06:25:35.695,387686,Timeline1,Tobii I-VT (Fixation),1.241.54219,1080,1920,10.0,5.1,9.5,10.6,0.53,1.02,1.13,19,35,39,6.6,5.5,2.9,0.7,0.62,0.32,24,20,11,1566809421,,,936,756,952,740,919,772,0.05633,0.24715,-0.96734,-0.06333,0.25561,-0.9647,3.91,4.262,4.091,,,,Valid,Valid,226.3,52.1,589.3,290.2,55.0,590.3,260.6,202.6,251.4,211.4,0.4873,0.7004,0.496,0.6856,0.4785,0.7152,Screen Recording,Screen Recording Recording16.mp4,1920,1080,0,0,960,540,Fixation,1476,408,935,768,0.487,0.7113,,,,,,,,,,,
176237589,1605704727,Eye Tracker,LipReading,08/25/2025,YanTianming,Recording16,05/10/2025,05/10/2025,14:25:35.695,06:25:35.695,387686,Timeline1,Tobii I-VT (Fixation),1.241.54219,1080,1920,10.0,5.1,9.5,10.6,0.53,1.02,1.13,19,35,39,6.6,5.5,2.9,0.7,0.62,0.32,24,20,11,1566813421,,,934,754,956,740,912,769,0.05816,0.24675,-0.96733,-0.06638,0.2542,-0.96487,3.92,4.27,4.091,,,,Valid,Valid,226.3,52.1,589.3,290.2,54.9,590.3,261.7,202.4,249.6,210.5,0.4865,0.6984,0.4981,0.6847,0.4749,0.7121,Screen Recording,Screen Recording Recording16.mp4,1920,1080,0,0,960,540,Fixation,1476,408,935,768,0.487,0.7113,,,,,,,,,,,
176241589,1605708727,Eye Tracker,LipReading,08/25/2025,YanTianming,Recording16,05/10/2025,05/10/2025,14:25:35.695,06:25:35.695,387686,Timeline1,Tobii I-VT (Fixation),1.241.54219,1080,1920,10.0,5.1,9.5,10.6,0.53,1.02,1.13,19,35,39,6.6,5.5,2.9,0.7,0.62,0.32,24,20,11,1566817421,,,931,756,955,743,908,768,0.05758,0.24831,-0.96697,-0.06804,0.25383,-0.96485,3.932,4.278,4.097,,,,Valid,Valid,226.2,52.1,589.3,290.1,54.9,590.4,261.3,203.4,248.5,210.2,0.4852,0.6997,0.4973,0.6881,0.473,0.7113,Screen Recording,Screen Recording Recording16.mp4,1920,1080,0,0,960,540,Fixation,1476,408,935,768,0.487,0.7113,,,,,,,,,,,
176245589,1605712727,Eye Tracker,LipReading,08/25/2025,YanTianming,Recording16,05/10/2025,05/10/2025,14:25:35.695,06:25:35.695,387686,Timeline1,Tobii I-VT (Fixation),1.241.54219,1080,1920,10.0,5.1,9.5,10.6,0.53,1.02,1.13,19,35,39,6.6,5.5,2.9,0.7,0.62,0.32,24,20,11,1566821421,,,935,750,958,730,912,769,0.05922,0.24291,-0.96824,-0.06614,0.25406,-0.96492,3.901,4.274,4.099,,,,Valid,Valid,226.2,52.1,589.4,290.1,54.9,590.5,262.3,199.9,249.6,210.4,0.4871,0.6941,0.4991,0.6764,0.4751,0.7117,Screen Recording,Screen Recording Recording16.mp4,1920,1080,0,0,960,540,Fixation,1476,408,935,768,0.487,0.7113,,,,,,,,,,,
176249589,1605716727,Eye Tracker,LipReading,08/25/2025,YanTianming,Recording16,05/10/2025,05/10/2025,14:25:35.695,06:25:35.695,387686,Timeline1,Tobii I-VT (Fixation),1.241.54219,1080,1920,10.0,5.1,9.5,10.6,0.53,1.02,1.13,19,35,39,6.6,5.5,2.9,0.7,0.62,0.32,24,20,11,1566825421,,,938,751,960,740,916,761,0.05987,0.24704,-0.96715,-0.0643,0.25102,-0.96584,3.927,4.278,4.103,,,,Valid,Valid,226.2,52.0,589.4,290.1,54.9,590.6,262.7,202.6,250.8,208.4,0.4886,0.6952,0.4999,0.6854,0.4773,0.7049,Screen Recording,Screen Recording Recording16.mp4,1920,1080,0,0,960,540,Fixation,1476,408,935,768,0.487,0.7113,,,,,,,,,,,
176253589,1605720727,Eye Tracker,LipReading,08/25/2025,YanTianming,Recording16,05/10/2025,05/10/2025,14:25:35.695,06:25:35.695,387686,Timeline1,Tobii I-VT (Fixation),1.241.54219,1080,1920,10.0,5.1,9.5,10.6,0.53,1.02,1.13,19,35,39,6.6,5.5,2.9,0.7,0.62,0.32,24,20,11,1566829421,,,938,748,958,732,918,764,0.05922,0.24357,-0.96807,-0.06361,0.25208,-0.96561,3.904,4.291,4.099,,,,Valid,Valid,226.2,52.0,589.4,290.1,54.8,590.6,262.2,200.3,251.2,209.0,0.4885,0.6925,0.499,0.6778,0.478,0.7073,Screen Recording,Screen Recording Recording16.mp4,1920,1080,0,0,960,540,Fixation,1476,408,935,768,0.487,0.7113,,,,,,,,,,,
176257589,1605724727,Eye Tracker,LipReading,08/25/2025,YanTianming,Recording16,05/10/2025,05/10/2025,14:25:35.695,06:25:35.695,387686,Timeline1,Tobii I-VT (Fixation),1.241.54219,1080,1920,10.0,5.1,9.5,10.6,0.53,1.02,1.13,19,35,39,6.6,5.5,2.9,0.7,0.62,0.32,24,20,11,1566833421,,,937,750,955,738,919,763,0.05782,0.24602,-0.96754,-0.06317,0.25153,-0.96579,3.932,4.281,4.104,,,,Valid,Valid,226.2,52.1,589.3,290.1,54.9,590.6,261.4,201.9,251.5,208.7,0.488,0.6946,0.4974,0.6832,0.4786,0.706,Screen Recording,Screen Recording Recording16.mp4,1920,1080,0,0,960,540,Fixation,1476,408,935,768,0.487,0.7113,,,,,,,,,,,
176261589,1605728727,Eye Tracker,LipReading,08/25/2025,YanTianming,Recording16,05/10/2025,05/10/2025,14:25:35.695,06:25:35.695,387686,Timeline1,Tobii I-VT (Fixation),1.241.54219,1080,1920,10.0,5.1,9.5,10.6,0.53,1.02,1.13,19,35,39,6.6,5.5,2.9,0.7,0.62,0.32,24,20,11,1566837421,,,936,750,954,737,917,763,0.05754,0.24583,-0.9676,-0.06404,0.25184,-0.96565,3.917,4.3,4.104,,,,Valid,Valid,226.1,52.1,589.4,290.1,54.9,590.6,261.2,201.8,250.9,208.9,0.4873,0.6948,0.4971,0.6827,0.4775,0.7068,Screen Recording,Screen Recording Recording16.mp4,1920,1080,0,0,960,540,Fixation,1476,408,935,768,0.487,0.7113,,,,,,,,,,,
176265589,1605732727,Eye Tracker,LipReading,08/25/2025,YanTianming,Recording16,05/10/2025,05/10/2025,14:25:35.695,06:25:35.695,387686,Timeline1,Tobii I-VT (Fixation),1.241.54219,1080,1920,10.0,5.1,9.5,10.6,0.53,1.02,1.13,19,35,39,6.6,5.5,2.9,0.7,0.62,0.32,24,20,11,1566841421,,,939,752,958,740,920,765,0.05919,0.24679,-0.96726,-0.06257,0.25251,-0.96557,3.931,4.281,4.106,,,,Valid,Valid,226.1,52.1,589.3,290.1,54.9,590.6,262.2,202.4,251.8,209.3,0.4891,0.6966,0.499,0.6849,0.4792,0.7082,Screen Recording,Screen Recording Recording16.mp4,1920,1080,0,0,960,540,Fixation,1476,408,935,768,0.487,0.7113,,,,,,,,,,,
176269589,1605736727,Eye Tracker,LipReading,08/25/2025,YanTianming,Recording16,05/10/2025,05/10/2025,14:25:35.695,06:25:35.695,387686,Timeline1,Tobii I-VT (Fixation),1.241.54219,1080,1920,10.0,5.1,9.5,10.6,0.53,1.02,1.13,19,35,39,6.6,5.5,2.9,0.7,0.62,0.32,24,20,11,1566845421,,,940,759,959,748,921,770,0.05967,0.25008,-0.96638,-0.06211,0.25474,-0.96501,3.908,4.299,4.106,,,,Valid,Valid,226.1,52.1,589.3,290.1,54.9,590.7,262.5,204.6,252.1,210.8,0.4897,0.7027,0.4996,0.6922,0.4797,0.7131,Screen Recording,Screen Recording Recording16.mp4,1920,1080,0,0,960,540,Fixation,1476,408,935,768,0.487,0.7113,,,,,,,,,,,
176273589,1605740727,Eye Tracker,LipReading,08/25/2025,YanTianming,Recording16,05/10/2025,05/10/2025,14:25:35.695,06:25:35.695,387686,Timeline1,Tobii I-VT (Fixation),1.241.54219,1080,1920,10.0,5.1,9.5,10.6,0.53,1.02,1.13,19,35,39,6.6,5.5,2.9,0.7,0.62,0.32,24,20,11,1566849421,,,941,755,961,741,920,768,0.06064,0.24724,-0.96705,-0.06254,0.25394,-0.9652,3.933,4.271,4.106,,,,Valid,Valid,226.2,52.1,589.3,290.1,54.8,590.7,263.1,202.7,251.8,210.3,0.49,0.6987,0.5007,0.6859,0.4793,0.7114,Screen Recording,Screen Recording Recording16.mp4,1920,1080,0,0,960,540,Fixation,1476,408,935,768,0.487,0.7113,,,,,,,,,,,
176277588,1605744726,Eye Tracker,LipReading,08/25/2025,YanTianming,Recording16,05/10/2025,05/10/2025,14:25:35.695,06:25:35.695,387686,Timeline1,Tobii I-VT (Fixation),1.241.54219,1080,1920,10.0,5.1,9.5,10.6,0.53,1.02,1.13,19,35,39,6.6,5.5,2.9,0.7,0.62,0.32,24,20,11,1566853421,,,940,751,958,741,921,761,0.05898,0.24732,-0.96714,-0.06209,0.25076,-0.96606,3.935,4.279,4.107,,,,Valid,Valid,226.2,52.1,589.3,290.1,54.9,590.7,262.1,202.8,252.1,208.2,0.4894,0.6952,0.4988,0.6861,0.4799,0.7044,Screen Recording,Screen Recording Recording16.mp4,1920,1080,0,0,960,540,Fixation,1476,408,935,768,0.487,0.7113,,,,,,,,,,,
176281588,1605748726,Eye Tracker,LipReading,08/25/2025,YanTianming,Recording16,05/10/2025,05/10/2025,14:25:35.695,06:25:35.695,387686,Timeline1,Tobii I-VT (Fixation),1.241.54219,1080,1920,10.0,5.1,9.5,10.6,0.53,1.02,1.13,19,35,39,6.6,5.5,2.9,0.7,0.62,0.32,24,20,11,1566857421,,,939,746,958,731,921,760,0.05897,0.24315,-0.96819,-0.06228,0.25052,-0.96611,3.935,4.276,4.107,,,,Valid,Valid,226.2,52.1,589.3,290.1,54.9,590.6,262.1,200.1,252.0,208.0,0.4892,0.6904,0.4988,0.6769,0.4797,0.7039,Screen Recording,Screen Recording Recording16.mp4,1920,1080,0,0,960,540,Fixation,1476,408,935,768,0.487,0.7113,,,,,,,,,,,
176285588,1605752726,Eye Tracker,LipReading,08/25/2025,YanTianming,Recording16,05/10/2025,05/10/2025,14:25:35.695,06:25:35.695,387686,Timeline1,Tobii I-VT (Fixation),1.241.54219,1080,1920,10.0,5.1,9.5,10.6,0.53,1.02,1.13,19,35,39,6.6,5.5,2.9,0.7,0.62,0.32,24,20,11,1566861421,,,933,755,952,741,914,768,0.05637,0.24721,-0.96732,-0.06525,0.25389,-0.96503,3.94,4.284,4.108,,,,Valid,Valid,226.2,52.1,589.3,290.1,54.9,590.5,260.6,202.7,250.2,210.3,0.486,0.6986,0.4959,0.6857,0.4762,0.7115,Screen Recording,Screen Recording Recording16.mp4,1920,1080,0,0,960,540,Fixation,1476,408,935,768,0.487,0.7113,,,,,,,,,,,
176289591,1605756729,Eye Tracker,LipReading,08/25/2025,YanTianming,Recording16,05/10/2025,05/10/2025,14:25:35.695,06:25:35.695,387686,Timeline1,Tobii I-VT (Fixation),1.241.54219,1080,1920,10.0,5.1,9.5,10.6,0.53,1.02,1.13,19,35,39,6.6,5.5,2.9,0.7,0.62,0.32,24,20,11,1566865424,,,931,749,949,731,913,767,0.05492,0.24308,-0.96845,-0.06568,0.25321,-0.96518,3.936,4.283,4.109,,,,Valid,Valid,226.2,52.1,589.3,290.2,55.0,590.3,259.7,200.0,250.0,209.9,0.485,0.6934,0.4942,0.6767,0.4758,0.7101,Screen Recording,Screen Recording Recording16.mp4,1920,1080,0,0,960,540,Fixation,1476,408,935,768,0.487,0.7113,,,,,,,,,,,
176293591,1605760729,Eye Tracker,LipReading,08/25/2025,YanTianming,Recording16,05/10/2025,05/10/2025,14:25:35.695,06:25:35.695,387686,Timeline1,Tobii I-VT (Fixation),1.241.54219,1080,1920,10.0,5.1,9.5,10.6,0.53,1.02,1.13,19,35,39,6.6,5.5,2.9,0.7,0.62,0.32,24,20,11,1566869424,,,930,751,948,737,911,766,0.0544,0.24552,-0.96786,-0.06671,0.25287,-0.9652,3.935,4.281,4.109,,,,Valid,Valid,226.3,52.1,589.2,290.2,55.1,590.2,259.4,201.6,249.4,209.7,0.4841,0.6957,0.4937,0.682,0.4746,0.7095,Screen Recording,Screen Recording Recording16.mp4,1920,1080,0,0,960,540,Fixation,1476,408,935,768,0.487,0.7113,,,,,,,,,,,
176297591,1605764729,Eye Tracker,LipReading,08/25/2025,YanTianming,Recording16,05/10/2025,05/10/2025,14:25:35.695,06:25:35.695,387686,Timeline1,Tobii I-VT (Fixation),1.241.54219,1080,1920,10.0,5.1,9.5,10.6,0.53,1.02,1.13,19,35,39,6.6,5.5,2.9,0.7,0.62,0.32,24,20,11,1566873424,,,932,746,944,728,920,765,0.05266,0.24186,-0.96888,-0.06287,0.25234,-0.96559,3.925,4.289,4.105,,,,Valid,Valid,226.3,52.1,589.2,290.2,55.1,590.2,258.3,199.2,251.8,209.3,0.4854,0.6911,0.4916,0.6739,0.4792,0.7082,Screen Recording,Screen Recording Recording16.mp4,1920,1080,0,0,960,540,Fixation,1476,408,935,768,0.487,0.7113,,,,,,,,,,,
176301591,1605768729,Eye Tracker,LipReading,08/25/2025,YanTianming,Recording16,05/10/2025,05/10/2025,14:25:35.695,06:25:35.695,387686,Timeline1,Tobii I-VT (Fixation),1.241.54219,1080,1920,10.0,5.1,9.5,10.6,0.53,1.02,1.13,19,35,39,6.6,5.5,2.9,0.7,0.62,0.32,24,20,11,1566877424,,,938,747,952,733,923,760,0.05609,0.24409,-0.96813,-0.06141,0.25049,-0.96617,3.923,4.289,4.105,,,,Valid,Valid,226.3,52.1,589.2,290.2,55.0,590.3,260.5,200.7,252.7,208.1,0.4883,0.6914,0.4957,0.6789,0.4809,0.7039,Screen Recording,Screen Recording Recording16.mp4,1920,1080,0,0,960,540,Fixation,1476,408,935,768,0.487,0.7113,,,,,,,,,,,
176305591,1605772729,Eye Tracker,LipReading,08/25/2025,YanTianming,Recording16,05/10/2025,05/10/2025,14:25:35.695,06:25:35.695,387686,Timeline1,Tobii I-VT (Fixation),1.241.54219,1080,1920,10.0,5.1,9.5,10.6,0.53,1.02,1.13,19,35,39,6.6,5.5,2.9,0.7,0.62,0.32,24,20,11,1566881424,,,938,753,955,740,921,766,0.05731,0.24682,-0.96737,-0.06264,0.25275,-0.9655,3.922,4.284,4.105,,,,Valid,Valid,226.4,52.1,589.2,290.3,54.9,590.5,261.3,202.4,252.0,209.5,0.4884,0.6968,0.4972,0.6849,0.4795,0.7088,Screen Recording,Screen Recording Recording16.mp4,1920,1080,0,0,960,540,Fixation,1476,408,935,768,0.487,0.7113,,,,,,,,,,,
176309591,1605776729,Eye Tracker,LipReading,08/25/2025,YanTianming,Recording16,05/10/2025,05/10/2025,14:25:35.695,06:25:35.695,387686,Timeline1,Tobii I-VT (Fixation),1.241.54219,1080,1920,10.0,5.1,9.5,10.6,0.53,1.02,1.13,19,35,39,6.6,5.5,2.9,0.7,0.62,0.32,24,20,11,1566885424,,,939,751,953,736,924,765,0.0567,0.24542,-0.96776,-0.0614,0.25248,-0.96565,3.945,4.274,4.115,,,,Valid,Valid,226.4,52.1,589.2,290.3,54.9,590.6,260.9,201.5,252.8,209.3,0.4888,0.6949,0.4966,0.6817,0.481,0.7081,Screen Recording,Screen Recording Recording16.mp4,1920,1080,0,0,960,540,Fixation,1476,408,935,768,0.487,0.7113,,,,,,,,,,,
176313591,1605780729,Eye Tracker,LipReading,08/25/2025,YanTianming,Recording16,05/10/2025,05/10/2025,14:25:35.695,06:25:35.695,387686,Timeline1,Tobii I-VT (Fixation),1.241.54219,1080,1920,10.0,5.1,9.5,10.6,0.53,1.02,1.13,19,35,39,6.6,5.5,2.9,0.7,0.62,0.32,24,20,11,1566889424,,,934,748,954,739,914,757,0.05678,0.24647,-0.96749,-0.06566,0.2492,-0.96622,3.945,4.281,4.115,,,,Valid,Valid,226.4,52.1,589.2,290.3,55.0,590.4,261.0,202.2,250.2,207.2,0.4865,0.6926,0.4967,0.684,0.4762,0.7011,Screen Recording,Screen Recording Recording16.mp4,1920,1080,0,0,960,540,Fixation,1476,408,935,768,0.487,0.7113,,,,,,,,,,,
176317591,1605784729,Eye Tracker,LipReading,08/25/2025,YanTianming,Recording16,05/10/2025,05/10/2025,14:25:35.695,06:25:35.695,387686,Timeline1,Tobii I-VT (Fixation),1.241.54219,1080,1920,10.0,5.1,9.5,10.6,0.53,1.02,1.13,19,35,39,6.6,5.5,2.9,0.7,0.62,0.32,24,20,11,1566893424,,,936,752,951,737,921,768,0.05546,0.24562,-0.96778,-0.06266,0.25367,-0.96526,3.958,4.288,4.113,,,,Valid,Valid,226.5,52.0,589.2,290.4,55.0,590.2,260.2,201.6,252.1,210.1,0.4875,0.6965,0.4953,0.682,0.4797,0.7109,Screen Recording,Screen Recording Recording16.mp4,1920,1080,0,0,960,540,Fixation,1476,408,935,768,0.487,0.7113,,,,,,,,,,,
176321591,1605788729,Eye Tracker,LipReading,08/25/2025,YanTianming,Recording16,05/10/2025,05/10/2025,14:25:35.695,06:25:35.695,387686,Timeline1,Tobii I-VT (Fixation),1.241.54219,1080,1920,10.0,5.1,9.5,10.6,0.53,1.02,1.13,19,35,39,6.6,5.5,2.9,0.7,0.62,0.32,24,20,11,1566897424,,,936,748,946,732,926,764,0.05306,0.24378,-0.96838,-0.06032,0.25202,-0.96584,3.927,4.285,4.115,,,,Valid,Valid,226.5,52.0,589.2,290.4,55.0,590.2,258.8,200.4,253.6,209.0,0.4875,0.6926,0.4925,0.6779,0.4825,0.7072,Screen Recording,Screen Recording Recording16.mp4,1920,1080,0,0,960,540,Fixation,1476,408,935,768,0.487,0.7113,,,,,,,,,,,
176325591,1605792729,Eye Tracker,LipReading,08/25/2025,YanTianming,Recording16,05/10/2025,05/10/2025,14:25:35.695,06:25:35.695,387686,Timeline1,Tobii I-VT (Fixation),1.241.54219,1080,1920,10.0,5.1,9.5,10.6,0.53,1.02,1.13,19,35,39,6.6,5.5,2.9,0.7,0.62,0.32,24,20,11,1566901424,,,938,748,951,731,925,766,0.0556,0.24314,-0.9684,-0.06081,0.25295,-0.96557,3.923,4.281,4.116,,,,Valid,Valid,226.5,52.0,589.2,290.5,54.9,590.3,260.4,200.0,253.3,209.6,0.4888,0.6928,0.4955,0.6766,0.482,0.7091,Screen Recording,Screen Recording Recording16.mp4,1920,1080,0,0,960,540,Fixation,1476,408,935,768,0.487,0.7113,,,,,,,,,,,
176329591,1605796729,Eye Tracker,LipReading,08/25/2025,YanTianming,Recording16,05/10/2025,05/10/2025,14:25:35.695,06:25:35.695,387686,Timeline1,Tobii I-VT (Fixation),1.241.54219,1080,1920,10.0,5.1,9.5,10.6,0.53,1.02,1.13,19,35,39,6.6,5.5,2.9,0.7,0.62,0.32,24,20,11,1566905424,,,941,753,959,743,923,764,0.05876,0.24831,-0.9669,-0.06189,0.2521,-0.96572,3.944,4.288,4.111,,,,Valid,Valid,226.6,52.0,589.2,290.5,54.8,590.5,262.4,203.3,252.7,209.0,0.4901,0.6975,0.4994,0.688,0.4809,0.7071,Screen Recording,Screen Recording Recording16.mp4,1920,1080,0,0,960,540,Fixation,1476,408,935,768,0.487,0.7113,,,,,,,,,,,
176333591,1605800729,Eye Tracker,LipReading,08/25/2025,YanTianming,Recording16,05/10/2025,05/10/2025,14:25:35.695,06:25:35.695,387686,Timeline1,Tobii I-VT (Fixation),1.241.54219,1080,1920,10.0,5.1,9.5,10.6,0.53,1.02,1.13,19,35,39,6.6,5.5,2.9,0.7,0.62,0.32,24,20,11,1566909424,,,940,751,957,740,922,761,0.05801,0.24693,-0.9673,-0.06244,0.25119,-0.96592,3.972,4.299,4.111,,,,Valid,Valid,226.6,52.0,589.1,290.5,54.8,590.5,261.9,202.4,252.4,208.4,0.4894,0.695,0.4985,0.6849,0.4803,0.7051,Screen Recording,Screen Recording Recording16.mp4,1920,1080,0,0,960,540,Fixation,1476,408,935,768,0.487,0.7113,,,,,,,,,,,
176337591,1605804729,Eye Tracker,LipReading,08/25/2025,YanTianming,Recording16,05/10/2025,05/10/2025,14:25:35.695,06:25:35.695,387686,Timeline1,Tobii I-VT (Fixation),1.241.54219,1080,1920,10.0,5.1,9.5,10.6,0.53,1.02,1.13,19,35,39,6.6,5.5,2.9,0.7,0.62,0.32,24,20,11,1566913424,,,939,753,954,735,924,771,0.05638,0.24487,-0.96792,-0.06176,0.25525,-0.9649,3.934,4.291,4.116,,,,Valid,Valid,226.7,52.0,589.1,290.6,54.9,590.3,261.0,201.1,252.8,211.0,0.4889,0.6972,0.4967,0.6803,0.4811,0.7141,Screen Recording,Screen Recording Recording16.mp4,1920,1080,0,0,960,540,Fixation,1476,408,935,768,0.487,0.7113,,,,,,,,,,,
176341591,1605808729,Eye Tracker,LipReading,08/25/2025,YanTianming,Recording16,05/10/2025,05/10/2025,14:25:35.695,06:25:35.695,387686,Timeline1,Tobii I-VT (Fixation),1.241.54219,1080,1920,10.0,5.1,9.5,10.6,0.53,1.02,1.13,19,35,39,6.6,5.5,2.9,0.7,0.62,0.32,24,20,11,1566917424,,,933,754,945,735,922,773,0.05227,0.24506,-0.9681,-0.06272,0.25605,-0.96463,3.933,4.281,4.114,,,,Valid,Valid,226.7,52.0,589.1,290.6,55.0,590.1,258.5,201.2,252.2,211.6,0.486,0.6983,0.492,0.6806,0.48,0.7159,Screen Recording,Screen Recording Recording16.mp4,1920,1080,0,0,960,540,Fixation,1476,408,935,768,0.487,0.7113,,,,,,,,,,,
176345591,1605812729,Eye Tracker,LipReading,08/25/2025,YanTianming,Recording16,05/10/2025,05/10/2025,14:25:35.695,06:25:35.695,387686,Timeline1,Tobii I-VT (Fixation),1.241.54219,1080,1920,10.0,5.1,9.5,10.6,0.53,1.02,1.13,19,35,39,6.6,5.5,2.9,0.7,0.62,0.32,24,20,11,1566921424,,,937,756,947,737,927,775,0.05335,0.24597,-0.96781,-0.06035,0.25675,-0.96459,3.96,4.286,4.114,,,,Valid,Valid,226.7,52.0,589.2,290.6,55.0,590.0,259.2,201.7,253.7,212.0,0.488,0.7,0.4933,0.6825,0.4828,0.7174,Screen Recording,Screen Recording Recording16.mp4,1920,1080,0,0,960,540,Fixation,1476,408,935,768,0.487,0.7113,,,,,,,,,,,
176349591,1605816729,Eye Tracker,LipReading,08/25/2025,YanTianming,Recording16,05/10/2025,05/10/2025,14:25:35.695,06:25:35.695,387686,Timeline1,Tobii I-VT (Fixation),1.241.54219,1080,1920,10.0,5.1,9.5,10.6,0.53,1.02,1.13,19,35,39,6.6,5.5,2.9,0.7,0.62,0.32,24,20,11,1566925424,,,938,754,946,736,931,772,0.05267,0.24534,-0.968,-0.05853,0.2558,-0.96496,3.941,4.283,4.12,,,,Valid,Valid,226.7,52.0,589.2,290.6,55.0,590.0,258.8,201.3,254.8,211.4,0.4888,0.6982,0.4925,0.6811,0.485,0.7152,Screen Recording,Screen Recording Recording16.mp4,1920,1080,0,0,960,540,Fixation,1476,408,935,768,0.487,0.7113,,,,,,,,,,,
176353590,1605820728,Eye Tracker,LipReading,08/25/2025,YanTianming,Recording16,05/10/2025,05/10/2025,14:25:35.695,06:25:35.695,387686,Timeline1,Tobii I-VT (Fixation),1.241.54219,1080,1920,10.0,5.1,9.5,10.6,0.53,1.02,1.13,19,35,39,6.6,5.5,2.9,0.7,0.62,0.32,24,20,11,1566929424,,,937,747,945,730,930,763,0.05238,0.2431,-0.96859,-0.05913,0.25206,-0.9659,3.962,4.29,4.123,,,,Valid,Valid,226.7,52.0,589.2,290.6,54.9,590.2,258.6,199.9,254.5,208.9,0.4883,0.6915,0.4922,0.6762,0.4844,0.7068,Screen Recording,Screen Recording Recording16.mp4,1920,1080,0,0,960,540,Fixation,1476,408,935,768,0.487,0.7113,,,,,,,,,,,
176357590,1605824728,Eye Tracker,LipReading,08/25/2025,YanTianming,Recording16,05/10/2025,05/10/2025,14:25:35.695,06:25:35.695,387686,Timeline1,Tobii I-VT (Fixation),1.241.54219,1080,1920,10.0,5.1,9.5,10.6,0.53,1.02,1.13,19,35,39,6.6,5.5,2.9,0.7,0.62,0.32,24,20,11,1566933424,,,941,750,950,726,932,773,0.05473,0.24147,-0.96886,-0.0584,0.25626,-0.96484,3.954,4.287,4.122,,,,Valid,Valid,226.8,52.0,589.2,290.7,54.9,590.3,260.0,198.8,254.9,211.6,0.49,0.6943,0.4949,0.6726,0.4852,0.716,Screen Recording,Screen Recording Recording16.mp4,1920,1080,0,0,960,540,Fixation,1476,408,935,768,0.487,0.7113,,,,,,,,,,,
176361590,1605828728,Eye Tracker,LipReading,08/25/2025,YanTianming,Recording16,05/10/2025,05/10/2025,14:25:35.695,06:25:35.695,387686,Timeline1,Tobii I-VT (Fixation),1.241.54219,1080,1920,10.0,5.1,9.5,10.6,0.53,1.02,1.13,19,35,39,6.6,5.5,2.9,0.7,0.62,0.32,24,20,11,1566937424,,,941,752,952,732,930,773,0.05548,0.2437,-0.96826,-0.05898,0.25621,-0.96482,3.971,4.296,4.126,,,,Valid,Valid,226.8,52.0,589.2,290.7,54.8,590.3,260.5,200.3,254.6,211.6,0.4902,0.6967,0.4958,0.6775,0.4845,0.7159,Screen Recording,Screen Recording Recording16.mp4,1920,1080,0,0,960,540,Fixation,1476,408,935,768,0.487,0.7113,,,,,,,,,,,
176365590,1605832728,Eye Tracker,LipReading,08/25/2025,YanTianming,Recording16,05/10/2025,05/10/2025,14:25:35.695,06:25:35.695,387686,Timeline1,Tobii I-VT (Fixation),1.241.54219,1080,1920,10.0,5.1,9.5,10.6,0.53,1.02,1.13,19,35,39,6.6,5.5,2.9,0.7,0.62,0.32,24,20,11,1566941424,,,943,745,951,726,934,764,0.05504,0.24137,-0.96887,-0.05718,0.25222,-0.96598,3.955,4.301,4.128,,,,Valid,Valid,226.8,52.0,589.1,290.7,54.8,590.3,260.2,198.7,255.7,209.0,0.491,0.6897,0.4953,0.6724,0.4867,0.707,Screen Recording,Screen Recording Recording16.mp4,1920,1080,0,0,960,540,Fixation,1476,408,935,768,0.487,0.7113,,,,,,,,,,,
176369590,1605836728,Eye Tracker,LipReading,08/25/2025,YanTianming,Recording16,05/10/2025,05/10/2025,14:25:35.695,06:25:35.695,387686,Timeline1,Tobii I-VT (Fixation),1.241.54219,1080,1920,10.0,5.1,9.5,10.6,0.53,1.02,1.13,19,35,39,6.6,5.5,2.9,0.7,0.62,0.32,24,20,11,1566945424,,,944,748,955,729,933,768,0.05663,0.24262,-0.96847,-0.05778,0.25399,-0.96548,3.947,4.315,4.129,,,,Valid,Valid,226.8,52.0,589.2,290.7,54.8,590.3,261.2,199.6,255.4,210.1,0.4916,0.693,0.4971,0.6752,0.486,0.7109,Screen Recording,Screen Recording Recording16.mp4,1920,1080,0,0,960,540,Fixation,1476,408,935,768,0.487,0.7113,,,,,,,,,,,
176373590,1605840728,Eye Tracker,LipReading,08/25/2025,YanTianming,Recording16,05/10/2025,05/10/2025,14:25:35.695,06:25:35.695,387686,Timeline1,Tobii I-VT (Fixation),1.241.54219,1080,1920,10.0,5.1,9.5,10.6,0.53,1.02,1.13,19,35,39,6.6,5.5,2.9,0.7,0.62,0.32,24,20,11,1566949424,,,944,752,950,732,938,771,0.05447,0.24397,-0.96825,-0.05535,0.25534,-0.96526,3.957,4.308,4.128,,,,Valid,Valid,226.8,52.0,589.2,290.7,54.8,590.3,259.9,200.4,256.8,211.0,0.4917,0.696,0.4946,0.6781,0.4888,0.7138,Screen Recording,Screen Recording Recording16.mp4,1920,1080,0,0,960,540,Fixation,1476,408,935,768,0.487,0.7113,,,,,,,,,,,
176377590,1605844728,Eye Tracker,LipReading,08/25/2025,YanTianming,Recording16,05/10/2025,05/10/2025,14:25:35.695,06:25:35.695,387686,Timeline1,Tobii I-VT (Fixation),1.241.54219,1080,1920,10.0,5.1,9.5,10.6,0.53,1.02,1.13,19,35,39,6.6,5.5,2.9,0.7,0.62,0.32,24,20,11,1566953424,,,943,749,952,734,933,765,0.05565,0.24463,-0.96802,-0.0577,0.25284,-0.96579,3.966,4.3,4.128,,,,Valid,Valid,226.7,52.0,589.2,290.7,54.9,590.2,260.6,200.8,255.4,209.4,0.491,0.694,0.496,0.6795,0.4861,0.7084,Screen Recording,Screen Recording Recording16.mp4,1920,1080,0,0,960,540,Fixation,1476,408,935,768,0.487,0.7113,,,,,,,,,,,
176381590,1605848728,Eye Tracker,LipReading,08/25/2025,YanTianming,Recording16,05/10/2025,05/10/2025,14:25:35.695,06:25:35.695,387686,Timeline1,Tobii I-VT (Fixation),1.241.54219,1080,1920,10.0,5.1,9.5,10.6,0.53,1.02,1.13,19,35,39,6.6,5.5,2.9,0.7,0.62,0.32,24,20,11,1566957424,,,942,743,948,725,935,762,0.05381,0.24071,-0.9691,-0.05684,0.25139,-0.96622,3.938,4.291,4.133,,,,Valid,Valid,226.7,52.0,589.1,290.6,54.9,590.0,259.5,198.3,255.9,208.5,0.4904,0.6881,0.4938,0.6709,0.487,0.7053,Screen Recording,Screen Recording Recording16.mp4,1920,1080,0,0,960,540,Fixation,1476,408,935,768,0.487,0.7113,,,,,,,,,,,
176385590,1605852728,Eye Tracker,LipReading,08/25/2025,YanTianming,Recording16,05/10/2025,05/10/2025,14:25:35.695,06:25:35.695,387686,Timeline1,Tobii I-VT (Fixation),1.241.54219,1080,1920,10.0,5.1,9.5,10.6,0.53,1.02,1.13,19,35,39,6.6,5.5,2.9,0.7,0.62,0.32,24,20,11,1566961424,,,936,740,941,715,931,765,0.0508,0.23653,-0.9703,-0.05851,0.25276,-0.96576,3.966,4.3,4.133,,,,Valid,Valid,226.7,52.0,589.1,290.6,55.0,589.9,257.6,195.6,254.9,209.4,0.4876,0.6851,0.4902,0.6618,0.485,0.7084,Screen Recording,Screen Recording Recording16.mp4,1920,1080,0,0,960,540,Fixation,1476,408,935,768,0.487,0.7113,,,,,,,,,,,
176389590,1605856728,Eye Tracker,LipReading,08/25/2025,YanTianming,Recording16,05/10/2025,05/10/2025,14:25:35.695,06:25:35.695,387686,Timeline1,Tobii I-VT (Fixation),1.241.54219,1080,1920,10.0,5.1,9.5,10.6,0.53,1.02,1.13,19,35,39,6.6,5.5,2.9,0.7,0.62,0.32,24,20,11,1566965424,,,934,747,947,730,921,764,0.05348,0.24282,-0.9686,-0.06322,0.25223,-0.9656,3.967,4.302,4.134,,,,Valid,Valid,226.7,52.0,589.0,290.6,55.0,589.9,259.2,199.7,252.0,209.1,0.4864,0.6915,0.4933,0.6756,0.4795,0.7074,Screen Recording,Screen Recording Recording16.mp4,1920,1080,0,0,960,540,Fixation,1476,408,935,768,0.487,0.7113,,,,,,,,,,,
176393590,1605860728,Eye Tracker,LipReading,08/25/2025,YanTianming,Recording16,05/10/2025,05/10/2025,14:25:35.695,06:25:35.695,387686,Timeline1,Tobii I-VT (Fixation),1.241.54219,1080,1920,10.0,5.1,9.5,10.6,0.53,1.02,1.13,19,35,39,6.6,5.5,2.9,0.7,0.62,0.32,24,20,11,1566969424,,,934,746,952,733,917,760,0.05547,0.2442,-0.96814,-0.06502,0.25049,-0.96593,3.98,4.293,4.135,,,,Valid,Valid,226.7,52.0,589.0,290.6,54.9,590.1,260.4,200.6,250.9,207.9,0.4865,0.6911,0.4956,0.6787,0.4774,0.7036,Screen Recording,Screen Recording Recording16.mp4,1920,1080,0,0,960,540,Fixation,1476,408,935,768,0.487,0.7113,,,,,,,,,,,
176397590,1605864728,Eye Tracker,LipReading,08/25/2025,YanTianming,Recording16,05/10/2025,05/10/2025,14:25:35.695,06:25:35.695,387686,Timeline1,Tobii I-VT (Fixation),1.241.54219,1080,1920,10.0,5.1,9.5,10.6,0.53,1.02,1.13,19,35,39,6.6,5.5,2.9,0.7,0.62,0.32,24,20,11,1566973424,,,941,744,954,735,927,754,0.05683,0.24504,-0.96785,-0.06027,0.24808,-0.96686,3.976,4.306,4.141,,,,Valid,Valid,226.6,52.0,589.0,290.5,54.8,590.3,261.2,201.1,253.8,206.3,0.49,0.6893,0.4971,0.6806,0.4829,0.698,Screen Recording,Screen Recording Recording16.mp4,1920,1080,0,0,960,540,Fixation,1476,408,935,768,0.487,0.7113,,,,,,,,,,,
176401590,1605868728,Eye Tracker,LipReading,08/25/2025,YanTianming,Recording16,05/10/2025,05/10/2025,14:25:35.695,06:25:35.695,387686,Timeline1,Tobii I-VT (Fixation),1.241.54219,1080,1920,10.0,5.1,9.5,10.6,0.53,1.02,1.13,19,35,39,6.6,5.5,2.9,0.7,0.62,0.32,24,20,11,1566977424,,,937,747,946,723,928,771,0.05312,0.23985,-0.96936,-0.05961,0.25527,-0.96503,3.956,4.307,4.141,,,,Valid,Valid,226.6,52.0,589.0,290.5,54.8,590.3,258.8,197.8,254.0,211.0,0.488,0.6914,0.4926,0.6691,0.4834,0.7138,Screen Recording,Screen Recording Recording16.mp4,1920,1080,0,0,960,540,Fixation,1476,408,935,768,0.487,0.7113,,,,,,,,,,,
176405590,1605872728,Eye Tracker,LipReading,08/25/2025,YanTianming,Recording16,05/10/2025,05/10/2025,14:25:35.695,06:25:35.695,387686,Timeline1,Tobii I-VT (Fixation),1.241.54219,1080,1920,10.0,5.1,9.5,10.6,0.53,1.02,1.13,19,35,39,6.6,5.5,2.9,0.7,0.62,0.32,24,20,11,1566981424,,,941,743,946,726,937,760,0.05339,0.24121,-0.969,-0.05586,0.25091,-0.9664,3.975,4.324,4.136,,,,Valid,Valid,226.5,52.0,589.0,290.4,54.9,590.1,259.0,198.6,256.3,208.1,0.4904,0.6881,0.4929,0.672,0.4878,0.7042,Screen Recording,Screen Recording Recording16.mp4,1920,1080,0,0,960,540,Fixation,1476,408,935,768,0.487,0.7113,,,,,,,,,,,
176409590,1605876728,Eye Tracker,LipReading,08/25/2025,YanTianming,Recording16,05/10/2025,05/10/2025,14:25:35.695,06:25:35.695,387686,Timeline1,Tobii I-VT (Fixation),1.241.54219,1080,1920,10.0,5.1,9.5,10.6,0.53,1.02,1.13,19,35,39,6.6,5.5,2.9,0.7,0.62,0.32,24,20,11,1566985424,,,932,744,941,729,924,759,0.05098,0.24265,-0.96877,-0.06151,0.24997,-0.9663,3.951,4.306,4.131,,,,Valid,Valid,226.5,52.0,589.0,290.4,55.0,589.9,257.5,199.6,252.8,207.6,0.4856,0.6888,0.49,0.6752,0.4812,0.7024,Screen Recording,Screen Recording Recording16.mp4,1920,1080,0,0,960,540,Fixation,1476,408,935,768,0.487,0.7113,,,,,,,,,,,
176413590,1605880728,Eye Tracker,LipReading,08/25/2025,YanTianming,Recording16,05/10/2025,05/10/2025,14:25:35.695,06:25:35.695,387686,Timeline1,Tobii I-VT (Fixation),1.241.54219,1080,1920,10.0,5.1,9.5,10.6,0.53,1.02,1.13,19,35,39,6.6,5.5,2.9,0.7,0.62,0.32,24,20,11,1566989424,,,937,737,951,721,923,752,0.05585,0.23917,-0.96937,-0.0617,0.24742,-0.96694,3.965,4.314,4.136,,,,Valid,Valid,226.4,52.1,588.9,290.4,54.9,590.1,260.4,197.4,252.7,205.9,0.4882,0.6822,0.4955,0.6677,0.4809,0.6967,Screen Recording,Screen Recording Recording16.mp4,1920,1080,0,0,960,540,Fixation,1476,408,935,768,0.487,0.7113,,,,,,,,,,,
176417590,1605884728,Eye Tracker,LipReading,08/25/2025,YanTianming,Recording16,05/10/2025,05/10/2025,14:25:35.695,06:25:35.695,387686,Timeline1,Tobii I-VT (Fixation),1.241.54219,1080,1920,10.0,5.1,9.5,10.6,0.53,1.02,1.13,19,35,39,6.6,5.5,2.9,0.7,0.62,0.32,24,20,11,1566993424,,,937,741,949,719,925,763,0.05485,0.2384,-0.96962,-0.0608,0.25178,-0.96587,3.953,4.305,4.135,,,,Valid,Valid,226.4,52.0,589.0,290.3,54.8,590.3,259.7,196.8,253.2,208.7,0.488,0.686,0.4942,0.666,0.4818,0.7061,Screen Recording,Screen Recording Recording16.mp4,1920,1080,0,0,960,540,Fixation,1476,408,935,768,0.487,0.7113,,,,,,,,,,,
176421588,1605888726,Eye Tracker,LipReading,08/25/2025,YanTianming,Recording16,05/10/2025,05/10/2025,14:25:35.695,06:25:35.695,387686,Timeline1,Tobii I-VT (Fixation),1.241.54219,1080,1920,10.0,5.1,9.5,10.6,0.53,1.02,1.13,19,35,39,6.6,5.5,2.9,0.7,0.62,0.32,24,20,11,1566997422,,,943,740,950,725,935,755,0.05542,0.24089,-0.96897,-0.05627,0.24853,-0.96699,3.982,4.305,4.143,,,,Valid,Valid,226.3,52.0,589.0,290.2,54.9,590.1,260.0,198.4,255.9,206.6,0.4909,0.6851,0.4949,0.6714,0.487,0.6989,Screen Recording,Screen Recording Recording16.mp4,1920,1080,0,0,960,540,Fixation,1476,408,935,768,0.487,0.7113,,,,,,,,,,,
176425588,1605892726,Eye Tracker,LipReading,08/25/2025,YanTianming,Recording16,05/10/2025,05/10/2025,14:25:35.695,06:25:35.695,387686,Timeline1,Tobii I-VT (Fixation),1.241.54219,1080,1920,10.0,5.1,9.5,10.6,0.53,1.02,1.13,19,35,39,6.6,5.5,2.9,0.7,0.62,0.32,24,20,11,1567001422,,,935,742,944,741,926,743,0.05283,0.24753,-0.96744,-0.06041,0.24327,-0.96808,3.992,4.286,4.145,,,,Valid,Valid,226.3,52.0,588.9,290.2,55.0,589.9,258.5,202.7,253.4,203.2,0.487,0.6868,0.4919,0.6859,0.4822,0.6876,Screen Recording,Screen Recording Recording16.mp4,1920,1080,0,0,960,540,Fixation,1476,408,935,768,0.487,0.7113,,,,,,,,,,,
176429588,1605896726,Eye Tracker,LipReading,08/25/2025,YanTianming,Recording16,05/10/2025,05/10/2025,14:25:35.695,06:25:35.695,387686,Timeline1,Tobii I-VT (Fixation),1.241.54219,1080,1920,10.0,5.1,9.5,10.6,0.53,1.02,1.13,19,35,39,6.6,5.5,2.9,0.7,0.62,0.32,24,20,11,1567005422,,,936,744,949,726,923,761,0.05502,0.24134,-0.96888,-0.06135,0.25116,-0.966,3.985,4.311,4.144,,,,Valid,Valid,226.2,52.1,588.9,290.1,54.9,590.0,259.7,198.7,252.7,208.3,0.4875,0.6887,0.4942,0.6724,0.4809,0.7049,Screen Recording,Screen Recording Recording16.mp4,1920,1080,0,0,960,540,Fixation,1476,408,935,768,0.487,0.7113,,,,,,,,,,,
176433588,1605900726,Eye Tracker,LipReading,08/25/2025,YanTianming,Recording16,05/10/2025,05/10/2025,14:25:35.695,06:25:35.695,387686,Timeline1,Tobii I-VT (Fixation),1.241.54219,1080,1920,10.0,5.1,9.5,10.6,0.53,1.02,1.13,19,35,39,6.6,5.5,2.9,0.7,0.62,0.32,24,20,11,1567009422,,,939,749,952,725,927,773,0.05651,0.24079,-0.96893,-0.0597,0.25609,-0.96481,3.984,4.318,4.148,,,,Valid,Valid,226.2,52.0,588.9,290.1,54.8,590.2,260.5,198.4,253.6,211.5,0.4892,0.6934,0.4958,0.6712,0.4826,0.7156,Screen Recording,Screen Recording Recording16.mp4,1920,1080,0,0,960,540,Fixation,1476,408,935,768,0.487,0.7113,,,,,,,,,,,
176437588,1605904726,Eye Tracker,LipReading,08/25/2025,YanTianming,Recording16,05/10/2025,05/10/2025,14:25:35.695,06:25:35.695,387686,Timeline1,Tobii I-VT (Fixation),1.241.54219,1080,1920,10.0,5.1,9.5,10.6,0.53,1.02,1.13,19,35,39,6.6,5.5,2.9,0.7,0.62,0.32,24,20,11,1567013422,,,945,746,948,728,941,764,0.05491,0.24233,-0.96864,-0.05313,0.25258,-0.96612,3.983,4.3,4.149,,,,Valid,Valid,226.1,52.0,588.9,290.0,54.9,590.1,259.5,199.4,257.6,209.2,0.492,0.6911,0.4939,0.6745,0.4902,0.7077,Screen Recording,Screen Recording Recording16.mp4,1920,1080,0,0,960,540,Fixation,1476,408,935,768,0.487,0.7113,,,,,,,,,,,
176441587,1605908725,Eye Tracker,LipReading,08/25/2025,YanTianming,Recording16,05/10/2025,05/10/2025,14:25:35.695,06:25:35.695,387686,Timeline1,Tobii I-VT (Fixation),1.241.54219,1080,1920,10.0,5.1,9.5,10.6,0.53,1.02,1.13,19,35,39,6.6,5.5,2.9,0.7,0.62,0.32,24,20,11,1567017422,,,935,735,940,718,930,753,0.05116,0.23779,-0.96997,-0.05803,0.24749,-0.96715,3.977,4.314,4.149,,,,Valid,Valid,226.1,52.1,588.8,290.0,55.0,589.9,257.1,196.4,254.6,205.9,0.4869,0.6807,0.4894,0.6646,0.4845,0.6968,Screen Recording,Screen Recording Recording16.mp4,1920,1080,0,0,960,540,Fixation,1476,408,935,768,0.487,0.7113,,,,,,,,,,,
176445587,1605912725,Eye Tracker,LipReading,08/25/2025,YanTianming,Recording16,05/10/2025,05/10/2025,14:25:35.695,06:25:35.695,387686,Timeline1,Tobii I-VT (Fixation),1.241.54219,1080,1920,10.0,5.1,9.5,10.6,0.53,1.02,1.13,19,35,39,6.6,5.5,2.9,0.7,0.62,0.32,24,20,11,1567021422,,,935,739,951,727,919,750,0.05652,0.24175,-0.96869,-0.06293,0.24652,-0.96709,3.978,4.323,4.149,,,,Valid,Valid,226.0,52.1,588.8,289.9,54.9,590.0,260.4,199.0,251.5,205.3,0.4871,0.6841,0.4955,0.6734,0.4787,0.6947,Screen Recording,Screen Recording Recording16.mp4,1920,1080,0,0,960,540,Fixation,1476,408,935,768,0.487,0.7113,,,,,,,,,,,
176449587,1605916725,Eye Tracker,LipReading,08/25/2025,YanTianming,Recording16,05/10/2025,05/10/2025,14:25:35.695,06:25:35.695,387686,Timeline1,Tobii I-VT (Fixation),1.241.54219,1080,1920,10.0,5.1,9.5,10.6,0.53,1.02,1.13,19,35,39,6.6,5.5,2.9,0.7,0.62,0.32,24,20,11,1567025422,,,936,740,946,718,926,763,0.054,0.23768,-0.96984,-0.0599,0.25205,-0.96586,3.983,4.31,4.149,,,,Valid,Valid,226.0,52.1,588.9,289.9,54.8,590.2,258.8,196.4,253.3,208.9,0.4872,0.6855,0.4925,0.6644,0.482,0.7067,Screen Recording,Screen Recording Recording16.mp4,1920,1080,0,0,960,540,Fixation,1476,408,935,768,0.487,0.7113,,,,,,,,,,,
176453587,1605920725,Eye Tracker,LipReading,08/25/2025,YanTianming,Recording16,05/10/2025,05/10/2025,14:25:35.695,06:25:35.695,387686,Timeline1,Tobii I-VT (Fixation),1.241.54219,1080,1920,10.0,5.1,9.5,10.6,0.53,1.02,1.13,19,35,39,6.6,5.5,2.9,0.7,0.62,0.32,24,20,11,1567029422,,,940,739,945,725,936,752,0.05397,0.24099,-0.96903,-0.05539,0.24735,-0.96734,3.986,4.318,4.149,,,,Valid,Valid,225.9,52.0,588.9,289.8,54.9,590.2,258.7,198.5,256.0,205.8,0.4898,0.6839,0.4924,0.6716,0.4873,0.6962,Screen Recording,Screen Recording Recording16.mp4,1920,1080,0,0,960,540,Fixation,1476,408,935,768,0.487,0.7113,,,,,,,,,,,
176457587,1605924725,Eye Tracker,LipReading,08/25/2025,YanTianming,Recording16,05/10/2025,05/10/2025,14:25:35.695,06:25:35.695,387686,Timeline1,Tobii I-VT (Fixation),1.241.54219,1080,1920,10.0,5.1,9.5,10.6,0.53,1.02,1.13,19,35,39,6.6,5.5,2.9,0.7,0.62,0.32,24,20,11,1567033422,,,940,740,944,730,935,750,0.05327,0.24294,-0.96858,-0.05546,0.24648,-0.96756,3.997,4.314,4.15,,,,Valid,Valid,225.9,52.1,588.8,289.8,54.9,590.0,258.3,199.8,256.0,205.2,0.4894,0.6851,0.4916,0.6759,0.4871,0.6944,Screen Recording,Screen Recording Recording16.mp4,1920,1080,0,0,960,540,Fixation,1476,408,935,768,0.487,0.7113,,,,,,,,,,,
176461587,1605928725,Eye Tracker,LipReading,08/25/2025,YanTianming,Recording16,05/10/2025,05/10/2025,14:25:35.695,06:25:35.695,387686,Timeline1,Tobii I-VT (Fixation),1.241.54219,1080,1920,10.0,5.1,9.5,10.6,0.53,1.02,1.13,19,35,39,6.6,5.5,2.9,0.7,0.62,0.32,24,20,11,1567037422,,,932,740,936,724,928,757,0.04982,0.24059,-0.96935,-0.05867,0.24921,-0.96667,3.968,4.313,4.158,,,,Valid,Valid,225.9,52.1,588.8,289.8,55.0,589.8,256.1,198.2,254.0,207.1,0.4854,0.6856,0.4875,0.6707,0.4833,0.7006,Screen Recording,Screen Recording Recording16.mp4,1920,1080,0,0,960,540,Fixation,1476,408,935,768,0.487,0.7113,,,,,,,,,,,
176465587,1605932725,Eye Tracker,LipReading,08/25/2025,YanTianming,Recording16,05/10/2025,05/10/2025,14:25:35.695,06:25:35.695,387686,Timeline1,Tobii I-VT (Fixation),1.241.54219,1080,1920,10.0,5.1,9.5,10.6,0.53,1.02,1.13,19,35,39,6.6,5.5,2.9,0.7,0.62,0.32,24,20,11,1567041422,,,935,741,948,732,922,751,0.05529,0.24392,-0.96822,-0.06144,0.2466,-0.96717,4.007,4.322,4.163,,,,Valid,Valid,225.8,52.1,588.7,289.7,55.0,589.9,259.5,200.4,252.3,205.4,0.4869,0.6865,0.4938,0.6781,0.4801,0.6949,Screen Recording,Screen Recording Recording16.mp4,1920,1080,0,0,960,540,Fixation,1476,408,935,768,0.487,0.7113,,,,,,,,,,,
176469587,1605936725,Eye Tracker,LipReading,08/25/2025,YanTianming,Recording16,05/10/2025,05/10/2025,14:25:35.695,06:25:35.695,387686,Timeline1,Tobii I-VT (Fixation),1.241.54219,1080,1920,10.0,5.1,9.5,10.6,0.53,1.02,1.13,19,35,39,6.6,5.5,2.9,0.7,0.62,0.32,24,20,11,1567045422,,,937,738,949,729,926,748,0.05571,0.24228,-0.9686,-0.05948,0.24545,-0.96758,4.005,4.324,4.164,,,,Valid,Valid,225.8,52.1,588.7,289.7,54.9,590.0,259.7,199.4,253.5,204.6,0.4883,0.6834,0.4942,0.6745,0.4824,0.6923,Screen Recording,Screen Recording Recording16.mp4,1920,1080,0,0,960,540,Fixation,1476,408,935,768,0.487,0.7113,,,,,,,,,,,
176473587,1605940725,Eye Tracker,LipReading,08/25/2025,YanTianming,Recording16,05/10/2025,05/10/2025,14:25:35.695,06:25:35.695,387686,Timeline1,Tobii I-VT (Fixation),1.241.54219,1080,1920,10.0,5.1,9.5,10.6,0.53,1.02,1.13,19,35,39,6.6,5.5,2.9,0.7,0.62,0.32,24,20,11,1567049422,,,939,735,955,728,923,742,0.05862,0.24211,-0.96848,-0.06086,0.24291,-0.96814,4.007,4.338,4.165,,,,Valid,Valid,225.8,52.1,588.7,289.7,54.9,590.0,261.4,199.3,252.6,203.0,0.4891,0.6805,0.4975,0.6742,0.4808,0.6867,Screen Recording,Screen Recording Recording16.mp4,1920,1080,0,0,960,540,Fixation,1476,408,935,768,0.487,0.7113,,,,,,,,,,,
176477587,1605944725,Eye Tracker,LipReading,08/25/2025,YanTianming,Recording16,05/10/2025,05/10/2025,14:25:35.695,06:25:35.695,387686,Timeline1,Tobii I-VT (Fixation),1.241.54219,1080,1920,10.0,5.1,9.5,10.6,0.53,1.02,1.13,19,35,39,6.6,5.5,2.9,0.7,0.62,0.32,24,20,11,1567053422,,,932,734,944,724,920,744,0.05354,0.24027,-0.96923,-0.06237,0.24411,-0.96774,4.003,4.323,4.17,,,,Valid,Valid,225.8,52.1,588.8,289.7,54.9,590.1,258.3,198.0,251.7,203.7,0.4853,0.6797,0.4916,0.67,0.479,0.6893,Screen Recording,Screen Recording Recording16.mp4,1920,1080,0,0,960,540,Fixation,1476,408,935,768,0.487,0.7113,,,,,,,,,,,
176481586,1605948724,Eye Tracker,LipReading,08/25/2025,YanTianming,Recording16,05/10/2025,05/10/2025,14:25:35.695,06:25:35.695,387686,Timeline1,Tobii I-VT (Fixation),1.241.54219,1080,1920,10.0,5.1,9.5,10.6,0.53,1.02,1.13,19,35,39,6.6,5.5,2.9,0.7,0.62,0.32,24,20,11,1567057422,,,936,740,948,724,924,756,0.05559,0.2406,-0.96903,-0.0604,0.24896,-0.96663,4.007,4.335,4.17,,,,Valid,Valid,225.8,52.1,588.8,289.7,54.9,590.1,259.5,198.3,252.8,206.9,0.4875,0.6853,0.4939,0.6708,0.4811,0.6999,Screen Recording,Screen Recording Recording16.mp4,1920,1080,0,0,960,540,Fixation,1476,408,935,768,0.487,0.7113,,,,,,,,,,,
176485586,1605952724,Eye Tracker,LipReading,08/25/2025,YanTianming,Recording16,05/10/2025,05/10/2025,14:25:35.695,06:25:35.695,387686,Timeline1,Tobii I-VT (Fixation),1.241.54219,1080,1920,10.0,5.1,9.5,10.6,0.53,1.02,1.13,19,35,39,6.6,5.5,2.9,0.7,0.62,0.32,24,20,11,1567061422,,,932,740,942,725,923,755,0.05259,0.24085,-0.96914,-0.06083,0.24851,-0.96672,3.998,4.341,4.169,,,,Valid,Valid,225.8,52.1,588.8,289.7,54.9,590.1,257.7,198.4,252.6,206.6,0.4855,0.6851,0.4904,0.6713,0.4806,0.6989,Screen Recording,Screen Recording Recording16.mp4,1920,1080,0,0,960,540,Fixation,1476,408,935,768,0.487,0.7113,,,,,,,,,,,
176489586,1605956724,Eye Tracker,LipReading,08/25/2025,YanTianming,Recording16,05/10/2025,05/10/2025,14:25:35.695,06:25:35.695,387686,Timeline1,Tobii I-VT (Fixation),1.241.54219,1080,1920,10.0,5.1,9.5,10.6,0.53,1.02,1.13,19,35,39,6.6,5.5,2.9,0.7,0.62,0.32,24,20,11,1567065422,,,936,745,950,733,922,757,0.05613,0.24407,-0.96813,-0.06136,0.24955,-0.96642,4.004,4.329,4.172,,,,Valid,Valid,225.8,52.1,588.8,289.7,54.9,590.0,259.9,200.5,252.2,207.3,0.4873,0.6898,0.4946,0.6784,0.48,0.7012,Screen Recording,Screen Recording Recording16.mp4,1920,1080,0,0,960,540,Fixation,1476,408,935,768,0.487,0.7113,,,,,,,,,,,
176493586,1605960724,Eye Tracker,LipReading,08/25/2025,YanTianming,Recording16,05/10/2025,05/10/2025,14:25:35.695,06:25:35.695,387686,Timeline1,Tobii I-VT (Fixation),1.241.54219,1080,1920,10.0,5.1,9.5,10.6,0.53,1.02,1.13,19,35,39,6.6,5.5,2.9,0.7,0.62,0.32,24,20,11,1567069422,,,937,729,952,713,922,745,0.05752,0.23561,-0.97014,-0.06132,0.24425,-0.96777,4.004,4.339,4.173,,,,Valid,Valid,225.8,52.1,588.8,289.7,54.9,590.0,260.7,195.1,252.3,203.8,0.4881,0.6748,0.4961,0.66,0.4802,0.6896,Screen Recording,Screen Recording Recording16.mp4,1920,1080,0,0,960,540,Fixation,1476,408,935,768,0.487,0.7113,,,,,,,,,,,
176497586,1605964724,Eye Tracker,LipReading,08/25/2025,YanTianming,Recording16,05/10/2025,05/10/2025,14:25:35.695,06:25:35.695,387686,Timeline1,Tobii I-VT (Fixation),1.241.54219,1080,1920,10.0,5.1,9.5,10.6,0.53,1.02,1.13,19,35,39,6.6,5.5,2.9,0.7,0.62,0.32,24,20,11,1567073422,,,937,739,951,727,924,751,0.05672,0.24182,-0.96866,-0.06055,0.2467,-0.9672,4.02,4.345,4.175,,,,Valid,Valid,225.8,52.1,588.7,289.7,54.9,589.9,260.2,199.1,252.8,205.4,0.4882,0.6843,0.4953,0.6736,0.4811,0.695,Screen Recording,Screen Recording Recording16.mp4,1920,1080,0,0,960,540,Fixation,1476,408,935,768,0.487,0.7113,,,,,,,,,,,
176501586,1605968724,Eye Tracker,LipReading,08/25/2025,YanTianming,Recording16,05/10/2025,05/10/2025,14:25:35.695,06:25:35.695,387686,Timeline1,Tobii I-VT (Fixation),1.241.54219,1080,1920,10.0,5.1,9.5,10.6,0.53,1.02,1.13,19,35,39,6.6,5.5,2.9,0.7,0.62,0.32,24,20,11,1567077422,,,941,738,951,725,931,751,0.05661,0.24069,-0.96895,-0.05725,0.24673,-0.96739,4.009,4.351,4.177,,,,Valid,Valid,225.8,52.1,588.6,289.7,55.0,589.9,260.2,198.4,254.8,205.4,0.4901,0.683,0.4952,0.6711,0.485,0.6949,Screen Recording,Screen Recording Recording16.mp4,1920,1080,0,0,960,540,Fixation,1476,408,935,768,0.487,0.7113,,,,,,,,,,,
176505586,1605972724,Eye Tracker,LipReading,08/25/2025,YanTianming,Recording16,05/10/2025,05/10/2025,14:25:35.695,06:25:35.695,387686,Timeline1,Tobii I-VT (Fixation),1.241.54219,1080,1920,10.0,5.1,9.5,10.6,0.53,1.02,1.13,19,35,39,6.6,5.5,2.9,0.7,0.62,0.32,24,20,11,1567081422,,,936,739,946,725,926,753,0.05435,0.24066,-0.96909,-0.05946,0.24771,-0.96701,4.004,4.356,4.18,,,,Valid,Valid,225.8,52.2,588.5,289.7,55.0,589.8,258.8,198.3,253.5,206.1,0.4875,0.6841,0.4926,0.671,0.4824,0.6972,Screen Recording,Screen Recording Recording16.mp4,1920,1080,0,0,960,540,Fixation,1476,408,935,768,0.487,0.7113,,,,,,,,,,,
176509586,1605976724,Eye Tracker,LipReading,08/25/2025,YanTianming,Recording16,05/10/2025,05/10/2025,14:25:35.695,06:25:35.695,387686,Timeline1,Tobii I-VT (Fixation),1.241.54219,1080,1920,10.0,5.1,9.5,10.6,0.53,1.02,1.13,19,35,39,6.6,5.5,2.9,0.7,0.62,0.32,24,20,11,1567085422,,,940,742,944,728,936,757,0.05346,0.24204,-0.96879,-0.05501,0.24951,-0.96681,4.011,4.338,4.18,,,,Valid,Valid,225.9,52.2,588.5,289.8,55.0,589.8,258.3,199.2,256.2,207.2,0.4896,0.6875,0.4917,0.674,0.4876,0.701,Screen Recording,Screen Recording Recording16.mp4,1920,1080,0,0,960,540,Fixation,1476,408,935,768,0.487,0.7113,,,,,,,,,,,
176513586,1605980724,Eye Tracker,LipReading,08/25/2025,YanTianming,Recording16,05/10/2025,05/10/2025,14:25:35.695,06:25:35.695,387686,Timeline1,Tobii I-VT (Fixation),1.241.54219,1080,1920,10.0,5.1,9.5,10.6,0.53,1.02,1.13,19,35,39,6.6,5.5,2.9,0.7,0.62,0.32,24,20,11,1567089422,,,939,736,943,724,935,747,0.05284,0.24043,-0.96923,-0.05558,0.24533,-0.96784,4.002,4.353,4.18,,,,Valid,Valid,225.9,52.1,588.6,289.8,54.9,589.8,258.0,198.1,255.9,204.5,0.489,0.681,0.491,0.6703,0.487,0.6917,Screen Recording,Screen Recording Recording16.mp4,1920,1080,0,0,960,540,Fixation,1476,408,935,768,0.487,0.7113,,,,,,,,,,,
176517586,1605984724,Eye Tracker,LipReading,08/25/2025,YanTianming,Recording16,05/10/2025,05/10/2025,14:25:35.695,06:25:35.695,387686,Timeline1,Tobii I-VT (Fixation),1.241.54219,1080,1920,10.0,5.1,9.5,10.6,0.53,1.02,1.13,19,35,39,6.6,5.5,2.9,0.7,0.62,0.32,24,20,11,1567093422,,,939,737,945,723,932,752,0.05389,0.24012,-0.96925,-0.05686,0.24727,-0.96728,4.014,4.333,4.182,,,,Valid,Valid,225.9,52.1,588.6,289.8,54.9,589.9,258.6,197.9,255.1,205.7,0.4889,0.6828,0.4922,0.6697,0.4856,0.6959,Screen Recording,Screen Recording Recording16.mp4,1920,1080,0,0,960,540,Fixation,1476,408,935,768,0.487,0.7113,,,,,,,,,,,
176521586,1605988724,Eye Tracker,LipReading,08/25/2025,YanTianming,Recording16,05/10/2025,05/10/2025,14:25:35.695,06:25:35.695,387686,Timeline1,Tobii I-VT (Fixation),1.241.54219,1080,1920,10.0,5.1,9.5,10.6,0.53,1.02,1.13,19,35,39,6.6,5.5,2.9,0.7,0.62,0.32,24,20,11,1567097422,,,935,741,943,730,927,752,0.05294,0.24325,-0.96852,-0.05949,0.24746,-0.96707,4.029,4.35,4.182,,,,Valid,Valid,225.9,52.1,588.7,289.9,54.9,589.9,258.1,199.9,253.6,205.8,0.4869,0.6864,0.4912,0.6764,0.4826,0.6964,Screen Recording,Screen Recording Recording16.mp4,1920,1080,0,0,960,540,Fixation,1476,408,935,768,0.487,0.7113,,,,,,,,,,,
176525586,1605992724,Eye Tracker,LipReading,08/25/2025,YanTianming,Recording16,05/10/2025,05/10/2025,14:25:35.695,06:25:35.695,387686,Timeline1,Tobii I-VT (Fixation),1.241.54219,1080,1920,10.0,5.1,9.5,10.6,0.53,1.02,1.13,19,35,39,6.6,5.5,2.9,0.7,0.62,0.32,24,20,11,1567101422,,,937,750,948,732,927,768,0.05495,0.24376,-0.96828,-0.05927,0.25397,-0.96539,4.016,4.363,4.181,,,,Valid,Valid,226.0,52.1,588.6,289.9,54.9,589.9,259.4,200.3,253.7,210.0,0.4882,0.6941,0.4936,0.6776,0.4828,0.7107,Screen Recording,Screen Recording Recording16.mp4,1920,1080,0,0,960,540,Fixation,1476,408,935,768,0.487,0.7113,,,,,,,,,,,
176529586,1605996724,Eye Tracker,LipReading,08/25/2025,YanTianming,Recording16,05/10/2025,05/10/2025,14:25:35.695,06:25:35.695,387686,Timeline1,Tobii I-VT (Fixation),1.241.54219,1080,1920,10.0,5.1,9.5,10.6,0.53,1.02,1.13,19,35,39,6.6,5.5,2.9,0.7,0.62,0.32,24,20,11,1567105422,,,941,749,952,735,931,762,0.05655,0.24524,-0.96781,-0.0578,0.25176,-0.96606,3.997,4.349,4.183,,,,Valid,Valid,226.0,52.1,588.4,290.0,54.9,589.8,260.4,201.3,254.7,208.6,0.4901,0.6933,0.4956,0.6809,0.4847,0.7057,Screen Recording,Screen Recording Recording16.mp4,1920,1080,0,0,960,540,Fixation,1476,408,935,768,0.487,0.7113,,,,,,,,,,,
176533586,1606000724,Eye Tracker,LipReading,08/25/2025,YanTianming,Recording16,05/10/2025,05/10/2025,14:25:35.695,06:25:35.695,387686,Timeline1,Tobii I-VT (Fixation),1.241.54219,1080,1920,10.0,5.1,9.5,10.6,0.53,1.02,1.13,19,35,39,6.6,5.5,2.9,0.7,0.62,0.32,24,20,11,1567109422,,,943,749,949,728,937,770,0.05558,0.24202,-0.96868,-0.05495,0.25513,-0.96534,3.979,4.347,4.177,,,,Valid,Valid,226.1,52.1,588.4,290.0,54.9,589.7,259.8,199.2,256.4,210.8,0.4912,0.6935,0.4945,0.6738,0.488,0.7131,Screen Recording,Screen Recording Recording16.mp4,1920,1080,0,0,960,540,Fixation,1476,408,935,768,0.487,0.7113,,,,,,,,,,,
176537586,1606004724,Eye Tracker,LipReading,08/25/2025,YanTianming,Recording16,05/10/2025,05/10/2025,14:25:35.695,06:25:35.695,387686,Timeline1,Tobii I-VT (Fixation),1.241.54219,1080,1920,10.0,5.1,9.5,10.6,0.53,1.02,1.13,19,35,39,6.6,5.5,2.9,0.7,0.62,0.32,24,20,11,1567113422,,,942,752,947,737,936,768,0.05425,0.24616,-0.96771,-0.05522,0.25405,-0.96561,4.025,4.357,4.177,,,,Valid,Valid,226.1,52.1,588.5,290.0,54.9,589.7,259.1,201.8,256.3,210.1,0.4904,0.6967,0.4931,0.6827,0.4878,0.7107,Screen Recording,Screen Recording Recording16.mp4,1920,1080,0,0,960,540,Fixation,1476,408,935,768,0.487,0.7113,,,,,,,,,,,
176541586,1606008724,Eye Tracker,LipReading,08/25/2025,YanTianming,Recording16,05/10/2025,05/10/2025,14:25:35.695,06:25:35.695,387686,Timeline1,Tobii I-VT (Fixation),1.241.54219,1080,1920,10.0,5.1,9.5,10.6,0.53,1.02,1.13,19,35,39,6.6,5.5,2.9,0.7,0.62,0.32,24,20,11,1567117422,,,931,745,938,733,923,757,0.05024,0.24458,-0.96833,-0.06119,0.24944,-0.96646,4.006,4.345,4.188,,,,Valid,Valid,226.1,52.0,588.6,290.1,54.9,589.8,256.7,200.7,252.7,207.1,0.4847,0.6898,0.4885,0.679,0.481,0.7006,Screen Recording,Screen Recording Recording16.mp4,1920,1080,0,0,960,540,Fixation,1476,408,935,768,0.487,0.7113,,,,,,,,,,,
176545585,1606012723,Eye Tracker,LipReading,08/25/2025,YanTianming,Recording16,05/10/2025,05/10/2025,14:25:35.695,06:25:35.695,387686,Timeline1,Tobii I-VT (Fixation),1.241.54219,1080,1920,10.0,5.1,9.5,10.6,0.53,1.02,1.13,19,35,39,6.6,5.5,2.9,0.7,0.62,0.32,24,20,11,1567121422,,,932,745,944,726,921,763,0.05312,0.24136,-0.96898,-0.06255,0.2523,-0.96563,4.023,4.366,4.191,,,,Valid,Valid,226.2,52.0,588.6,290.1,54.8,589.8,258.4,198.6,251.9,208.9,0.4856,0.6895,0.4918,0.6721,0.4794,0.7069,Screen Recording,Screen Recording Recording16.mp4,1920,1080,0,0,960,540,Fixation,1476,408,935,768,0.487,0.7113,,,,,,,,,,,
176549585,1606016723,Eye Tracker,LipReading,08/25/2025,YanTianming,Recording16,05/10/2025,05/10/2025,14:25:35.695,06:25:35.695,387686,Timeline1,Tobii I-VT (Fixation),1.241.54219,1080,1920,10.0,5.1,9.5,10.6,0.53,1.02,1.13,19,35,39,6.6,5.5,2.9,0.7,0.62,0.32,24,20,11,1567125422,,,936,750,948,735,925,764,0.05477,0.24536,-0.96788,-0.06071,0.2527,-0.96564,4.038,4.353,4.192,,,,Valid,Valid,226.2,52.1,588.4,290.2,54.9,589.7,259.5,201.3,253.1,209.2,0.4878,0.6944,0.4939,0.681,0.4816,0.7078,Screen Recording,Screen Recording Recording16.mp4,1920,1080,0,0,960,540,Fixation,1476,408,935,768,0.487,0.7113,,,,,,,,,,,
176553585,1606020723,Eye Tracker,LipReading,08/25/2025,YanTianming,Recording16,05/10/2025,05/10/2025,14:25:35.695,06:25:35.695,387686,Timeline1,Tobii I-VT (Fixation),1.241.54219,1080,1920,10.0,5.1,9.5,10.6,0.53,1.02,1.13,19,35,39,6.6,5.5,2.9,0.7,0.62,0.32,24,20,11,1567129422,,,945,746,949,735,941,757,0.05506,0.24499,-0.96796,-0.0534,0.24955,-0.96689,4.03,4.362,4.192,,,,Valid,Valid,226.2,52.1,588.4,290.2,54.9,589.6,259.7,201.0,257.6,207.1,0.4923,0.6904,0.4943,0.6802,0.4903,0.7006,Screen Recording,Screen Recording Recording16.mp4,1920,1080,0,0,960,540,Fixation,1476,408,935,768,0.487,0.7113,,,,,,,,,,,
176557585,1606024723,Eye Tracker,LipReading,08/25/2025,YanTianming,Recording16,05/10/2025,05/10/2025,14:25:35.695,06:25:35.695,387686,Timeline1,Tobii I-VT (Fixation),1.241.54219,1080,1920,10.0,5.1,9.5,10.6,0.53,1.02,1.13,19,35,39,6.6,5.5,2.9,0.7,0.62,0.32,24,20,11,1567133422,,,945,737,945,724,945,749,0.0532,0.24071,-0.96914,-0.05201,0.24639,-0.96777,4.011,4.375,4.192,,,,Valid,Valid,226.3,52.1,588.4,290.2,54.9,589.6,258.6,198.3,258.5,205.0,0.492,0.6822,0.4921,0.6708,0.492,0.6936,Screen Recording,Screen Recording Recording16.mp4,1920,1080,0,0,960,540,Fixation,1476,408,935,768,0.487,0.7113,,,,,,,,,,,
176561585,1606028723,Eye Tracker,LipReading,08/25/2025,YanTianming,Recording16,05/10/2025,05/10/2025,14:25:35.695,06:25:35.695,387686,Timeline1,Tobii I-VT (Fixation),1.241.54219,1080,1920,10.0,5.1,9.5,10.6,0.53,1.02,1.13,19,35,39,6.6,5.5,2.9,0.7,0.62,0.32,24,20,11,1567137422,,,945,745,950,735,940,755,0.05525,0.24528,-0.96788,-0.05419,0.24866,-0.96707,4.023,4.355,4.192,,,,Valid,Valid,226.3,52.1,588.4,290.2,54.9,589.6,259.9,201.2,257.2,206.5,0.492,0.6897,0.4946,0.6808,0.4894,0.6987,Screen Recording,Screen Recording Recording16.mp4,1920,1080,0,0,960,540,Fixation,1476,408,935,768,0.487,0.7113,,,,,,,,,,,
176565585,1606032723,Eye Tracker,LipReading,08/25/2025,YanTianming,Recording16,05/10/2025,05/10/2025,14:25:35.695,06:25:35.695,387686,Timeline1,Tobii I-VT (Fixation),1.241.54219,1080,1920,10.0,5.1,9.5,10.6,0.53,1.02,1.13,19,35,39,6.6,5.5,2.9,0.7,0.62,0.32,24,20,11,1567141422,,,939,737,946,725,931,749,0.05359,0.24087,-0.96908,-0.05813,0.24613,-0.96749,4.006,4.368,4.19,,,,Valid,Valid,226.3,52.0,588.6,290.3,54.9,589.6,258.9,198.3,254.8,204.9,0.4888,0.6821,0.4927,0.671,0.485,0.6932,Screen Recording,Screen Recording Recording16.mp4,1920,1080,0,0,960,540,Fixation,1476,408,935,768,0.487,0.7113,,,,,,,,,,,
176569585,1606036723,Eye Tracker,LipReading,08/25/2025,YanTianming,Recording16,05/10/2025,05/10/2025,14:25:35.695,06:25:35.695,387686,Timeline1,Tobii I-VT (Fixation),1.241.54219,1080,1920,10.0,5.1,9.5,10.6,0.53,1.02,1.13,19,35,39,6.6,5.5,2.9,0.7,0.62,0.32,24,20,11,1567145422,,,943,737,959,724,927,751,0.05927,0.24038,-0.96887,-0.06001,0.24717,-0.96711,4.033,4.356,4.183,,,,Valid,Valid,226.4,52.0,588.6,290.3,54.9,589.6,262.4,198.1,253.7,205.6,0.4911,0.6828,0.4993,0.6701,0.4829,0.6956,Screen Recording,Screen Recording Recording16.mp4,1920,1080,0,0,960,540,Saccade,16,546,,,,,,,,,,,,,,,
176573585,1606040723,Eye Tracker,LipReading,08/25/2025,YanTianming,Recording16,05/10/2025,05/10/2025,14:25:35.695,06:25:35.695,387686,Timeline1,Tobii I-VT (Fixation),1.241.54219,1080,1920,10.0,5.1,9.5,10.6,0.53,1.02,1.13,19,35,39,6.6,5.5,2.9,0.7,0.62,0.32,24,20,11,1567149422,,,963,746,972,729,953,763,0.06522,0.24231,-0.968,-0.04844,0.25212,-0.96648,4.009,4.37,4.187,,,,Valid,Valid,226.4,52.1,588.5,290.4,54.9,589.7,266.0,199.4,260.8,208.7,0.5013,0.6904,0.5063,0.6746,0.4964,0.7062,Screen Recording,Screen Recording Recording16.mp4,1920,1080,0,0,960,540,Saccade,16,546,,,,,,,,,,,,,,,
176577585,1606044723,Eye Tracker,LipReading,08/25/2025,YanTianming,Recording16,05/10/2025,05/10/2025,14:25:35.695,06:25:35.695,387686,Timeline1,Tobii I-VT (Fixation),1.241.54219,1080,1920,10.0,5.1,9.5,10.6,0.53,1.02,1.13,19,35,39,6.6,5.5,2.9,0.7,0.62,0.32,24,20,11,1567153422,,,982,750,982,733,981,767,0.06963,0.24414,-0.96724,-0.03596,0.254,-0.96653,4.001,4.346,4.18,,,,Valid,Valid,226.4,52.2,588.4,290.4,54.9,589.6,268.8,200.7,268.4,209.9,0.5112,0.6945,0.5116,0.6789,0.5109,0.7101,Screen Recording,Screen Recording Recording16.mp4,1920,1080,0,0,960,540,Saccade,16,546,,,,,,,,,,,,,,,
176581585,1606048723,Eye Tracker,LipReading,08/25/2025,YanTianming,Recording16,05/10/2025,05/10/2025,14:25:35.695,06:25:35.695,387686,Timeline1,Tobii I-VT (Fixation),1.241.54219,1080,1920,10.0,5.1,9.5,10.6,0.53,1.02,1.13,19,35,39,6.6,5.5,2.9,0.7,0.62,0.32,24,20,11,1567157422,,,985,747,983,739,988,756,0.06998,0.24642,-0.96663,-0.03297,0.24952,-0.96781,4.005,4.369,4.177,,,,Valid,Valid,226.5,52.2,588.3,290.4,54.9,589.6,269.1,202.2,270.3,206.9,0.5132,0.6921,0.512,0.684,0.5144,0.7001,Screen Recording,Screen Recording Recording16.mp4,1920,1080,0,0,960,540,Saccade,16,546,,,,,,,,,,,,,,,
176585585,1606052723,Eye Tracker,LipReading,08/25/2025,YanTianming,Recording16,05/10/2025,05/10/2025,14:25:35.695,06:25:35.695,387686,Timeline1,Tobii I-VT (Fixation),1.241.54219,1080,1920,10.0,5.1,9.5,10.6,0.53,1.02,1.13,19,35,39,6.6,5.5,2.9,0.7,0.62,0.32,24,20,11,1567161422,,,983,753,983,739,983,767,0.0699,0.2464,-0.96664,-0.03483,0.2542,-0.96652,3.994,4.345,4.175,,,,Valid,Valid,226.5,52.2,588.2,290.4,55.0,589.6,269.0,202.2,269.1,210.0,0.5121,0.6973,0.512,0.684,0.5122,0.7105,Screen Recording,Screen Recording Recording16.mp4,1920,1080,0,0,960,540,Fixation,208,409,973,755,0.5066,0.6989,,,,,,,,,,,
176589585,1606056723,Eye Tracker,LipReading,08/25/2025,YanTianming,Recording16,05/10/2025,05/10/2025,14:25:35.695,06:25:35.695,387686,Timeline1,Tobii I-VT (Fixation),1.241.54219,1080,1920,10.0,5.1,9.5,10.6,0.53,1.02,1.13,19,35,39,6.6,5.5,2.9,0.7,0.62,0.32,24,20,11,1567165422,,,981,756,988,738,975,775,0.07209,0.24594,-0.9666,-0.03853,0.2572,-0.96559,4.02,4.349,4.179,,,,Valid,Valid,226.5,52.2,588.2,290.4,55.0,589.6,270.3,201.9,266.9,212.0,0.5112,0.7002,0.5145,0.6831,0.5079,0.7173,Screen Recording,Screen Recording Recording16.mp4,1920,1080,0,0,960,540,Fixation,208,409,973,755,0.5066,0.6989,,,,,,,,,,,
176593585,1606060723,Eye Tracker,LipReading,08/25/2025,YanTianming,Recording16,05/10/2025,05/10/2025,14:25:35.695,06:25:35.695,387686,Timeline1,Tobii I-VT (Fixation),1.241.54219,1080,1920,10.0,5.1,9.5,10.6,0.53,1.02,1.13,19,35,39,6.6,5.5,2.9,0.7,0.62,0.32,24,20,11,1567169422,,,978,755,978,732,978,778,0.06765,0.24365,-0.9675,-0.0374,0.25875,-0.96522,4.02,4.339,4.179,,,,Valid,Valid,226.4,52.2,588.3,290.4,55.0,589.6,267.6,200.4,267.5,213.0,0.5092,0.6993,0.5092,0.6779,0.5091,0.7207,Screen Recording,Screen Recording Recording16.mp4,1920,1080,0,0,960,540,Fixation,208,409,973,755,0.5066,0.6989,,,,,,,,,,,
176597585,1606064723,Eye Tracker,LipReading,08/25/2025,YanTianming,Recording16,05/10/2025,05/10/2025,14:25:35.695,06:25:35.695,387686,Timeline1,Tobii I-VT (Fixation),1.241.54219,1080,1920,10.0,5.1,9.5,10.6,0.53,1.02,1.13,19,35,39,6.6,5.5,2.9,0.7,0.62,0.32,24,20,11,1567173422,,,977,749,986,737,968,762,0.07124,0.24558,-0.96675,-0.0419,0.2519,-0.96685,4.01,4.355,4.188,,,,Valid,Valid,226.4,52.1,588.5,290.4,54.9,589.7,269.8,201.6,264.8,208.6,0.5087,0.6939,0.5134,0.6822,0.504,0.7057,Screen Recording,Screen Recording Recording16.mp4,1920,1080,0,0,960,540,Fixation,208,409,973,755,0.5066,0.6989,,,,,,,,,,,
176601585,1606068723,Eye Tracker,LipReading,08/25/2025,YanTianming,Recording16,05/10/2025,05/10/2025,14:25:35.695,06:25:35.695,387686,Timeline1,Tobii I-VT (Fixation),1.241.54219,1080,1920,10.0,5.1,9.5,10.6,0.53,1.02,1.13,19,35,39,6.6,5.5,2.9,0.7,0.62,0.32,24,20,11,1567177422,,,969,750,978,738,960,763,0.06794,0.24598,-0.96689,-0.04505,0.25206,-0.96666,3.994,4.359,4.188,,,,Valid,Valid,226.4,52.1,588.5,290.3,54.9,589.7,267.7,201.8,262.9,208.7,0.5049,0.6945,0.5095,0.6829,0.5003,0.7061,Screen Recording,Screen Recording Recording16.mp4,1920,1080,0,0,960,540,Fixation,208,409,973,755,0.5066,0.6989,,,,,,,,,,,
176605585,1606072723,Eye Tracker,LipReading,08/25/2025,YanTianming,Recording16,05/10/2025,05/10/2025,14:25:35.695,06:25:35.695,387686,Timeline1,Tobii I-VT (Fixation),1.241.54219,1080,1920,10.0,5.1,9.5,10.6,0.53,1.02,1.13,19,35,39,6.6,5.5,2.9,0.7,0.62,0.32,24,20,11,1567181422,,,975,763,986,753,965,773,0.07127,0.25239,-0.965,-0.04307,0.25623,-0.96566,4.027,4.36,4.193,,,,Valid,Valid,226.3,52.1,588.5,290.3,55.0,589.6,269.8,206.0,264.0,211.4,0.5079,0.7062,0.5135,0.6971,0.5024,0.7153,Screen Recording,Screen Recording Recording16.mp4,1920,1080,0,0,960,540,Fixation,208,409,973,755,0.5066,0.6989,,,,,,,,,,,
176609585,1606076723,Eye Tracker,LipReading,08/25/2025,YanTianming,Recording16,05/10/2025,05/10/2025,14:25:35.695,06:25:35.695,387686,Timeline1,Tobii I-VT (Fixation),1.241.54219,1080,1920,10.0,5.1,9.5,10.6,0.53,1.02,1.13,19,35,39,6.6,5.5,2.9,0.7,0.62,0.32,24,20,11,1567185422,,,979,758,986,749,971,766,0.07127,0.25072,-0.96543,-0.03995,0.25353,-0.9665,4.048,4.349,4.193,,,,Valid,Valid,226.3,52.2,588.3,290.2,55.0,589.5,269.7,205.0,265.9,209.7,0.5097,0.7015,0.5134,0.6936,0.506,0.7094,Screen Recording,Screen Recording Recording16.mp4,1920,1080,0,0,960,540,Fixation,208,409,973,755,0.5066,0.6989,,,,,,,,,,,
176613585,1606080723,Eye Tracker,LipReading,08/25/2025,YanTianming,Recording16,05/10/2025,05/10/2025,14:25:35.695,06:25:35.695,387686,Timeline1,Tobii I-VT (Fixation),1.241.54219,1080,1920,10.0,5.1,9.5,10.6,0.53,1.02,1.13,19,35,39,6.6,5.5,2.9,0.7,0.62,0.32,24,20,11,1567189422,,,981,765,987,746,975,784,0.07212,0.24956,-0.96567,-0.03838,0.2609,-0.9646,4.028,4.381,4.194,,,,Valid,Valid,226.3,52.3,588.2,290.2,55.0,589.5,270.2,204.3,266.7,214.5,0.5109,0.7084,0.5142,0.6911,0.5076,0.7257,Screen Recording,Screen Recording Recording16.mp4,1920,1080,0,0,960,540,Fixation,208,409,973,755,0.5066,0.6989,,,,,,,,,,,
176617585,1606084723,Eye Tracker,LipReading,08/25/2025,YanTianming,Recording16,05/10/2025,05/10/2025,14:25:35.695,06:25:35.695,387686,Timeline1,Tobii I-VT (Fixation),1.241.54219,1080,1920,10.0,5.1,9.5,10.6,0.53,1.02,1.13,19,35,39,6.6,5.5,2.9,0.7,0.62,0.32,24,20,11,1567193422,,,969,756,975,742,963,769,0.06664,0.24785,-0.9665,-0.04377,0.25479,-0.96601,4.035,4.352,4.19,,,,Valid,Valid,226.2,52.2,588.4,290.2,55.0,589.6,266.8,203.1,263.4,210.5,0.5045,0.6997,0.5077,0.6871,0.5014,0.7123,Screen Recording,Screen Recording Recording16.mp4,1920,1080,0,0,960,540,Fixation,208,409,973,755,0.5066,0.6989,,,,,,,,,,,
176621585,1606088723,Eye Tracker,LipReading,08/25/2025,YanTianming,Recording16,05/10/2025,05/10/2025,14:25:35.695,06:25:35.695,387686,Timeline1,Tobii I-VT (Fixation),1.241.54219,1080,1920,10.0,5.1,9.5,10.6,0.53,1.02,1.13,19,35,39,6.6,5.5,2.9,0.7,0.62,0.32,24,20,11,1567197422,,,968,753,972,735,964,770,0.06553,0.24499,-0.96731,-0.04325,0.25512,-0.96594,3.999,4.362,4.186,,,,Valid,Valid,226.2,52.2,588.5,290.1,55.0,589.6,266.0,201.2,263.7,210.7,0.5041,0.6969,0.5063,0.6807,0.5019,0.713,Screen Recording,Screen Recording Recording16.mp4,1920,1080,0,0,960,540,Fixation,208,409,973,755,0.5066,0.6989,,,,,,,,,,,
176625584,1606092722,Eye Tracker,LipReading,08/25/2025,YanTianming,Recording16,05/10/2025,05/10/2025,14:25:35.695,06:25:35.695,387686,Timeline1,Tobii I-VT (Fixation),1.241.54219,1080,1920,10.0,5.1,9.5,10.6,0.53,1.02,1.13,19,35,39,6.6,5.5,2.9,0.7,0.62,0.32,24,20,11,1567201422,,,974,746,981,736,967,757,0.06972,0.24531,-0.96693,-0.04174,0.24947,-0.96748,4.0,4.348,4.186,,,,Valid,Valid,226.1,52.2,588.3,290.0,55.1,589.5,268.5,201.5,264.6,207.1,0.5073,0.6912,0.5111,0.6817,0.5036,0.7006,Screen Recording,Screen Recording Recording16.mp4,1920,1080,0,0,960,540,Fixation,208,409,973,755,0.5066,0.6989,,,,,,,,,,,
176629584,1606096722,Eye Tracker,LipReading,08/25/2025,YanTianming,Recording16,05/10/2025,05/10/2025,14:25:35.695,06:25:35.695,387686,Timeline1,Tobii I-VT (Fixation),1.241.54219,1080,1920,10.0,5.1,9.5,10.6,0.53,1.02,1.13,19,35,39,6.6,5.5,2.9,0.7,0.62,0.32,24,20,11,1567205422,,,984,756,986,742,982,770,0.07182,0.24749,-0.96623,-0.03498,0.25517,-0.96626,4.02,4.353,4.191,,,,Valid,Valid,226.1,52.3,588.2,290.0,55.1,589.5,269.8,202.9,268.6,210.7,0.5123,0.6998,0.5134,0.6866,0.5113,0.713,Screen Recording,Screen Recording Recording16.mp4,1920,1080,0,0,960,540,Fixation,208,409,973,755,0.5066,0.6989,,,,,,,,,,,
176633584,1606100722,Eye Tracker,LipReading,08/25/2025,YanTianming,Recording16,05/10/2025,05/10/2025,14:25:35.695,06:25:35.695,387686,Timeline1,Tobii I-VT (Fixation),1.241.54219,1080,1920,10.0,5.1,9.5,10.6,0.53,1.02,1.13,19,35,39,6.6,5.5,2.9,0.7,0.62,0.32,24,20,11,1567209422,,,974,755,981,745,967,764,0.06968,0.24895,-0.96601,-0.04131,0.25271,-0.96666,4.031,4.381,4.191,,,,Valid,Valid,226.0,52.2,588.4,289.9,55.1,589.6,268.4,203.8,264.7,209.2,0.5074,0.6987,0.5109,0.6896,0.5039,0.7077,Screen Recording,Screen Recording Recording16.mp4,1920,1080,0,0,960,540,Fixation,208,409,973,755,0.5066,0.6989,,,,,,,,,,,
176637584,1606104722,Eye Tracker,LipReading,08/25/2025,YanTianming,Recording16,05/10/2025,05/10/2025,14:25:35.695,06:25:35.695,387686,Timeline1,Tobii I-VT (Fixation),1.241.54219,1080,1920,10.0,5.1,9.5,10.6,0.53,1.02,1.13,19,35,39,6.6,5.5,2.9,0.7,0.62,0.32,24,20,11,1567213422,,,972,751,979,741,964,761,0.06908,0.24725,-0.96649,-0.04254,0.25144,-0.96694,4.021,4.369,4.195,,,,Valid,Valid,225.9,52.2,588.5,289.9,55.1,589.6,268.0,202.7,263.9,208.4,0.5062,0.6954,0.51,0.6859,0.5023,0.705,Screen Recording,Screen Recording Recording16.mp4,1920,1080,0,0,960,540,Fixation,208,409,973,755,0.5066,0.6989,,,,,,,,,,,
176641584,1606108722,Eye Tracker,LipReading,08/25/2025,YanTianming,Recording16,05/10/2025,05/10/2025,14:25:35.695,06:25:35.695,387686,Timeline1,Tobii I-VT (Fixation),1.241.54219,1080,1920,10.0,5.1,9.5,10.6,0.53,1.02,1.13,19,35,39,6.6,5.5,2.9,0.7,0.62,0.32,24,20,11,1567217422,,,980,750,983,743,976,757,0.07102,0.24822,-0.9661,-0.03741,0.24975,-0.96759,4.036,4.36,4.2,,,,Valid,Valid,225.9,52.3,588.2,289.8,55.1,589.5,269.1,203.4,267.0,207.2,0.5102,0.6947,0.5122,0.6882,0.5082,0.7012,Screen Recording,Screen Recording Recording16.mp4,1920,1080,0,0,960,540,Fixation,208,409,973,755,0.5066,0.6989,,,,,,,,,,,
176645584,1606112722,Eye Tracker,LipReading,08/25/2025,YanTianming,Recording16,05/10/2025,05/10/2025,14:25:35.695,06:25:35.695,387686,Timeline1,Tobii I-VT (Fixation),1.241.54219,1080,1920,10.0,5.1,9.5,10.6,0.53,1.02,1.13,19,35,39,6.6,5.5,2.9,0.7,0.62,0.32,24,20,11,1567221422,,,976,752,977,737,976,768,0.06822,0.24542,-0.96701,-0.0372,0.25422,-0.96643,4.015,4.376,4.199,,,,Valid,Valid,225.8,52.3,588.2,289.8,55.1,589.6,267.3,201.6,267.1,210.2,0.5085,0.6965,0.5088,0.682,0.5083,0.711,Screen Recording,Screen Recording Recording16.mp4,1920,1080,0,0,960,540,Fixation,208,409,973,755,0.5066,0.6989,,,,,,,,,,,
176649584,1606116722,Eye Tracker,LipReading,08/25/2025,YanTianming,Recording16,05/10/2025,05/10/2025,14:25:35.695,06:25:35.695,387686,Timeline1,Tobii I-VT (Fixation),1.241.54219,1080,1920,10.0,5.1,9.5,10.6,0.53,1.02,1.13,19,35,39,6.6,5.5,2.9,0.7,0.62,0.32,24,20,11,1567225422,,,969,750,977,745,961,754,0.06828,0.24916,-0.96605,-0.04395,0.24841,-0.96766,4.023,4.379,4.197,,,,Valid,Valid,225.8,52.2,588.4,289.7,55.1,589.5,267.3,204.0,262.9,206.4,0.5046,0.6943,0.5088,0.6901,0.5004,0.6985,Screen Recording,Screen Recording Recording16.mp4,1920,1080,0,0,960,540,Fixation,208,409,973,755,0.5066,0.6989,,,,,,,,,,,
176653584,1606120722,Eye Tracker,LipReading,08/25/2025,YanTianming,Recording16,05/10/2025,05/10/2025,14:25:35.695,06:25:35.695,387686,Timeline1,Tobii I-VT (Fixation),1.241.54219,1080,1920,10.0,5.1,9.5,10.6,0.53,1.02,1.13,19,35,39,6.6,5.5,2.9,0.7,0.62,0.32,24,20,11,1567229422,,,968,747,975,735,961,759,0.06752,0.24481,-0.96722,-0.04373,0.25053,-0.96712,4.016,4.379,4.197,,,,Valid,Valid,225.7,52.2,588.3,289.7,55.1,589.5,266.8,201.2,263.0,207.8,0.5041,0.6919,0.5077,0.6806,0.5005,0.7032,Screen Recording,Screen Recording Recording16.mp4,1920,1080,0,0,960,540,Fixation,208,409,973,755,0.5066,0.6989,,,,,,,,,,,
176657584,1606124722,Eye Tracker,LipReading,08/25/2025,YanTianming,Recording16,05/10/2025,05/10/2025,14:25:35.695,06:25:35.695,387686,Timeline1,Tobii I-VT (Fixation),1.241.54219,1080,1920,10.0,5.1,9.5,10.6,0.53,1.02,1.13,19,35,39,6.6,5.5,2.9,0.7,0.62,0.32,24,20,11,1567233422,,,976,757,983,747,969,766,0.07132,0.24989,-0.96564,-0.03979,0.25325,-0.96658,4.015,4.393,4.198,,,,Valid,Valid,225.7,52.3,588.2,289.6,55.1,589.5,269.1,204.5,265.3,209.6,0.5086,0.7005,0.5122,0.692,0.5049,0.7091,Screen Recording,Screen Recording Recording16.mp4,1920,1080,0,0,960,540,Fixation,208,409,973,755,0.5066,0.6989,,,,,,,,,,,
176661584,1606128722,Eye Tracker,LipReading,08/25/2025,YanTianming,Recording16,05/10/2025,05/10/2025,14:25:35.695,06:25:35.695,387686,Timeline1,Tobii I-VT (Fixation),1.241.54219,1080,1920,10.0,5.1,9.5,10.6,0.53,1.02,1.13,19,35,39,6.6,5.5,2.9,0.7,0.62,0.32,24,20,11,1567237422,,,977,751,976,739,978,763,0.06807,0.24651,-0.96675,-0.03609,0.25221,-0.967,4.004,4.364,4.202,,,,Valid,Valid,225.6,52.3,588.2,289.6,55.1,589.6,267.0,202.3,267.5,208.9,0.5087,0.6955,0.5082,0.6844,0.5092,0.7066,Screen Recording,Screen Recording Recording16.mp4,1920,1080,0,0,960,540,Fixation,208,409,973,755,0.5066,0.6989,,,,,,,,,,,
176665584,1606132722,Eye Tracker,LipReading,08/25/2025,YanTianming,Recording16,05/10/2025,05/10/2025,14:25:35.695,06:25:35.695,387686,Timeline1,Tobii I-VT (Fixation),1.241.54219,1080,1920,10.0,5.1,9.5,10.6,0.53,1.02,1.13,19,35,39,6.6,5.5,2.9,0.7,0.62,0.32,24,20,11,1567241422,,,969,754,974,742,964,765,0.06713,0.24778,-0.96649,-0.04223,0.2529,-0.96657,4.023,4.391,4.203,,,,Valid,Valid,225.6,52.2,588.4,289.5,55.1,589.6,266.4,203.1,263.8,209.4,0.5045,0.6977,0.5071,0.6871,0.502,0.7083,Screen Recording,Screen Recording Recording16.mp4,1920,1080,0,0,960,540,Fixation,208,409,973,755,0.5066,0.6989,,,,,,,,,,,
176669584,1606136722,Eye Tracker,LipReading,08/25/2025,YanTianming,Recording16,05/10/2025,05/10/2025,14:25:35.695,06:25:35.695,387686,Timeline1,Tobii I-VT (Fixation),1.241.54219,1080,1920,10.0,5.1,9.5,10.6,0.53,1.02,1.13,19,35,39,6.6,5.5,2.9,0.7,0.62,0.32,24,20,11,1567245422,,,969,751,977,744,960,759,0.06882,0.24864,-0.96615,-0.04389,0.25016,-0.96721,4.028,4.387,4.205,,,,Valid,Valid,225.5,52.2,588.3,289.5,55.1,589.5,267.4,203.7,262.7,207.6,0.5045,0.6957,0.509,0.689,0.5,0.7024,Screen Recording,Screen Recording Recording16.mp4,1920,1080,0,0,960,540,Fixation,208,409,973,755,0.5066,0.6989,,,,,,,,,,,
176673584,1606140722,Eye Tracker,LipReading,08/25/2025,YanTianming,Recording16,05/10/2025,05/10/2025,14:25:35.695,06:25:35.695,387686,Timeline1,Tobii I-VT (Fixation),1.241.54219,1080,1920,10.0,5.1,9.5,10.6,0.53,1.02,1.13,19,35,39,6.6,5.5,2.9,0.7,0.62,0.32,24,20,11,1567249422,,,971,755,983,743,959,767,0.07146,0.24822,-0.96606,-0.04411,0.25352,-0.96632,4.02,4.378,4.205,,,,Valid,Valid,225.5,52.3,588.2,289.4,55.2,589.4,269.0,203.4,262.5,209.8,0.5058,0.6991,0.512,0.6883,0.4996,0.7099,Screen Recording,Screen Recording Recording16.mp4,1920,1080,0,0,960,540,Fixation,208,409,973,755,0.5066,0.6989,,,,,,,,,,,
176677584,1606144722,Eye Tracker,LipReading,08/25/2025,YanTianming,Recording16,05/10/2025,05/10/2025,14:25:35.695,06:25:35.695,387686,Timeline1,Tobii I-VT (Fixation),1.241.54219,1080,1920,10.0,5.1,9.5,10.6,0.53,1.02,1.13,19,35,39,6.6,5.5,2.9,0.7,0.62,0.32,24,20,11,1567253422,,,973,747,979,733,967,761,0.0697,0.24404,-0.96726,-0.04085,0.25121,-0.96707,4.026,4.391,4.202,,,,Valid,Valid,225.5,52.3,588.2,289.4,55.2,589.5,267.9,200.7,264.5,208.3,0.5066,0.6919,0.5098,0.6791,0.5034,0.7047,Screen Recording,Screen Recording Recording16.mp4,1920,1080,0,0,960,540,Fixation,208,409,973,755,0.5066,0.6989,,,,,,,,,,,
176681584,1606148722,Eye Tracker,LipReading,08/25/2025,YanTianming,Recording16,05/10/2025,05/10/2025,14:25:35.695,06:25:35.695,387686,Timeline1,Tobii I-VT (Fixation),1.241.54219,1080,1920,10.0,5.1,9.5,10.6,0.53,1.02,1.13,19,35,39,6.6,5.5,2.9,0.7,0.62,0.32,24,20,11,1567257422,,,971,749,972,737,970,761,0.06685,0.2457,-0.96704,-0.03927,0.25131,-0.96711,4.017,4.38,4.202,,,,Valid,Valid,225.5,52.4,588.1,289.4,55.1,589.5,266.1,201.8,265.4,208.3,0.5058,0.6938,0.5064,0.6827,0.5052,0.7048,Screen Recording,Screen Recording Recording16.mp4,1920,1080,0,0,960,540,Fixation,208,409,973,755,0.5066,0.6989,,,,,,,,,,,
176685584,1606152722,Eye Tracker,LipReading,08/25/2025,YanTianming,Recording16,05/10/2025,05/10/2025,14:25:35.695,06:25:35.695,387686,Timeline1,Tobii I-VT (Fixation),1.241.54219,1080,1920,10.0,5.1,9.5,10.6,0.53,1.02,1.13,19,35,39,6.6,5.5,2.9,0.7,0.62,0.32,24,20,11,1567261422,,,976,751,979,739,974,763,0.06977,0.2465,-0.96663,-0.03737,0.25213,-0.96697,4.024,4.38,4.203,,,,Valid,Valid,225.4,52.4,588.1,289.4,55.1,589.5,267.9,202.3,266.6,208.8,0.5086,0.6956,0.5098,0.6846,0.5073,0.7066,Screen Recording,Screen Recording Recording16.mp4,1920,1080,0,0,960,540,Fixation,208,409,973,755,0.5066,0.6989,,,,,,,,,,,
176689584,1606156722,Eye Tracker,LipReading,08/25/2025,YanTianming,Recording16,05/10/2025,05/10/2025,14:25:35.695,06:25:35.695,387686,Timeline1,Tobii I-VT (Fixation),1.241.54219,1080,1920,10.0,5.1,9.5,10.6,0.53,1.02,1.13,19,35,39,6.6,5.5,2.9,0.7,0.62,0.32,24,20,11,1567265422,,,976,754,971,739,980,770,0.06645,0.24645,-0.96687,-0.03464,0.25499,-0.96632,4.03,4.387,4.202,,,,Valid,Valid,225.4,52.4,588.1,289.3,55.1,589.6,265.8,202.3,268.2,210.7,0.5082,0.6986,0.5059,0.6844,0.5104,0.7128,Screen Recording,Screen Recording Recording16.mp4,1920,1080,0,0,960,540,Fixation,208,409,973,755,0.5066,0.6989,,,,,,,,,,,
176693584,1606160722,Eye Tracker,LipReading,08/25/2025,YanTianming,Recording16,05/10/2025,05/10/2025,14:25:35.695,06:25:35.695,387686,Timeline1,Tobii I-VT (Fixation),1.241.54219,1080,1920,10.0,5.1,9.5,10.6,0.53,1.02,1.13,19,35,39,6.6,5.5,2.9,0.7,0.62,0.32,24,20,11,1567269422,,,976,756,976,745,977,766,0.06828,0.24872,-0.96616,-0.03614,0.25357,-0.96664,4.031,4.376,4.202,,,,Valid,Valid,225.4,52.4,588.1,289.3,55.1,589.6,267.0,203.8,267.3,209.8,0.5084,0.6996,0.5081,0.6894,0.5087,0.7097,Screen Recording,Screen Recording Recording16.mp4,1920,1080,0,0,960,540,Fixation,208,409,973,755,0.5066,0.6989,,,,,,,,,,,
176697584,1606164722,Eye Tracker,LipReading,08/25/2025,YanTianming,Recording16,05/10/2025,05/10/2025,14:25:35.695,06:25:35.695,387686,Timeline1,Tobii I-VT (Fixation),1.241.54219,1080,1920,10.0,5.1,9.5,10.6,0.53,1.02,1.13,19,35,39,6.6,5.5,2.9,0.7,0.62,0.32,24,20,11,1567273422,,,973,754,975,742,971,766,0.06822,0.24754,-0.96647,-0.03882,0.25344,-0.96657,4.014,4.388,4.207,,,,Valid,Valid,225.4,52.4,588.1,289.3,55.1,589.6,266.9,203.0,265.7,209.7,0.5068,0.6981,0.508,0.6868,0.5056,0.7095,Screen Recording,Screen Recording Recording16.mp4,1920,1080,0,0,960,540,Fixation,208,409,973,755,0.5066,0.6989,,,,,,,,,,,
176701584,1606168722,Eye Tracker,LipReading,08/25/2025,YanTianming,Recording16,05/10/2025,05/10/2025,14:25:35.695,06:25:35.695,387686,Timeline1,Tobii I-VT (Fixation),1.241.54219,1080,1920,10.0,5.1,9.5,10.6,0.53,1.02,1.13,19,35,39,6.6,5.5,2.9,0.7,0.62,0.32,24,20,11,1567277422,,,977,757,978,746,977,769,0.06939,0.2491,-0.96599,-0.03609,0.25476,-0.96633,4.023,4.377,4.204,,,,Valid,Valid,225.4,52.4,588.1,289.4,55.1,589.6,267.7,204.0,267.3,210.5,0.5091,0.7013,0.5094,0.6903,0.5088,0.7123,Screen Recording,Screen Recording Recording16.mp4,1920,1080,0,0,960,540,Fixation,208,409,973,755,0.5066,0.6989,,,,,,,,,,,
176705584,1606172722,Eye Tracker,LipReading,08/25/2025,YanTianming,Recording16,05/10/2025,05/10/2025,14:25:35.695,06:25:35.695,387686,Timeline1,Tobii I-VT (Fixation),1.241.54219,1080,1920,10.0,5.1,9.5,10.6,0.53,1.02,1.13,19,35,39,6.6,5.5,2.9,0.7,0.62,0.32,24,20,11,1567281422,,,977,755,977,748,977,762,0.06886,0.24996,-0.9658,-0.03602,0.25188,-0.96709,4.047,4.385,4.205,,,,Valid,Valid,225.4,52.4,588.1,289.4,55.1,589.5,267.4,204.6,267.4,208.7,0.5089,0.6991,0.5088,0.6922,0.5089,0.706,Screen Recording,Screen Recording Recording16.mp4,1920,1080,0,0,960,540,Fixation,208,409,973,755,0.5066,0.6989,,,,,,,,,,,
176709584,1606176722,Eye Tracker,LipReading,08/25/2025,YanTianming,Recording16,05/10/2025,05/10/2025,14:25:35.695,06:25:35.695,387686,Timeline1,Tobii I-VT (Fixation),1.241.54219,1080,1920,10.0,5.1,9.5,10.6,0.53,1.02,1.13,19,35,39,6.6,5.5,2.9,0.7,0.62,0.32,24,20,11,1567285422,,,973,759,978,746,968,771,0.06915,0.24936,-0.96594,-0.03991,0.2555,-0.96599,4.022,4.413,4.208,,,,Valid,Valid,225.5,52.4,588.1,289.4,55.1,589.5,267.6,204.2,265.0,211.1,0.5068,0.7025,0.5092,0.6909,0.5044,0.7141,Screen Recording,Screen Recording Recording16.mp4,1920,1080,0,0,960,540,Fixation,208,409,973,755,0.5066,0.6989,,,,,,,,,,,
176713584,1606180722,Eye Tracker,LipReading,08/25/2025,YanTianming,Recording16,05/10/2025,05/10/2025,14:25:35.695,06:25:35.695,387686,Timeline1,Tobii I-VT (Fixation),1.241.54219,1080,1920,10.0,5.1,9.5,10.6,0.53,1.02,1.13,19,35,39,6.6,5.5,2.9,0.7,0.62,0.32,24,20,11,1567289422,,,968,757,971,747,966,768,0.06592,0.24972,-0.96607,-0.04107,0.25402,-0.96633,4.045,4.39,4.215,,,,Valid,Valid,225.5,52.4,588.1,289.4,55.2,589.4,265.6,204.4,264.4,210.1,0.5043,0.7012,0.5055,0.6915,0.5031,0.7109,Screen Recording,Screen Recording Recording16.mp4,1920,1080,0,0,960,540,Fixation,208,409,973,755,0.5066,0.6989,,,,,,,,,,,
176717583,1606184721,Eye Tracker,LipReading,08/25/2025,YanTianming,Recording16,05/10/2025,05/10/2025,14:25:35.695,06:25:35.695,387686,Timeline1,Tobii I-VT (Fixation),1.241.54219,1080,1920,10.0,5.1,9.5,10.6,0.53,1.02,1.13,19,35,39,6.6,5.5,2.9,0.7,0.62,0.32,24,20,11,1567293422,,,977,756,985,745,969,767,0.07221,0.24869,-0.96589,-0.03962,0.25384,-0.96644,4.031,4.385,4.215,,,,Valid,Valid,225.5,52.3,588.3,289.4,55.2,589.4,269.5,203.8,265.3,210.0,0.5089,0.6999,0.5129,0.6894,0.5049,0.7104,Screen Recording,Screen Recording Recording16.mp4,1920,1080,0,0,960,540,Fixation,208,409,973,755,0.5066,0.6989,,,,,,,,,,,
176721583,1606188721,Eye Tracker,LipReading,08/25/2025,YanTianming,Recording16,05/10/2025,05/10/2025,14:25:35.695,06:25:35.695,387686,Timeline1,Tobii I-VT (Fixation),1.241.54219,1080,1920,10.0,5.1,9.5,10.6,0.53,1.02,1.13,19,35,39,6.6,5.5,2.9,0.7,0.62,0.32,24,20,11,1567297422,,,970,756,978,748,961,764,0.0692,0.25001,-0.96577,-0.04339,0.25226,-0.96669,4.041,4.392,4.213,,,,Valid,Valid,225.5,52.3,588.3,289.5,55.1,589.4,267.7,204.6,263.0,209.0,0.505,0.6996,0.5094,0.6922,0.5006,0.707,Screen Recording,Screen Recording Recording16.mp4,1920,1080,0,0,960,540,Fixation,208,409,973,755,0.5066,0.6989,,,,,,,,,,,
176725583,1606192721,Eye Tracker,LipReading,08/25/2025,YanTianming,Recording16,05/10/2025,05/10/2025,14:25:35.695,06:25:35.695,387686,Timeline1,Tobii I-VT (Fixation),1.241.54219,1080,1920,10.0,5.1,9.5,10.6,0.53,1.02,1.13,19,35,39,6.6,5.5,2.9,0.7,0.62,0.32,24,20,11,1567301422,,,971,756,975,743,967,768,0.06779,0.24831,-0.9663,-0.04069,0.25412,-0.96632,4.052,4.384,4.213,,,,Valid,Valid,225.6,52.3,588.4,289.5,55.1,589.5,266.8,203.5,264.7,210.1,0.5058,0.6997,0.5078,0.6884,0.5038,0.711,Screen Recording,Screen Recording Recording16.mp4,1920,1080,0,0,960,540,Fixation,208,409,973,755,0.5066,0.6989,,,,,,,,,,,
176729582,1606196720,Eye Tracker,LipReading,08/25/2025,YanTianming,Recording16,05/10/2025,05/10/2025,14:25:35.695,06:25:35.695,387686,Timeline1,Tobii I-VT (Fixation),1.241.54219,1080,1920,10.0,5.1,9.5,10.6,0.53,1.02,1.13,19,35,39,6.6,5.5,2.9,0.7,0.62,0.32,24,20,11,1567305422,,,973,763,969,736,978,791,0.0651,0.24504,-0.96733,-0.03602,0.26389,-0.96388,4.018,4.354,4.212,,,,Valid,Valid,225.6,52.3,588.3,289.5,55.1,589.6,265.2,201.3,267.5,216.5,0.5069,0.7069,0.5047,0.6812,0.5091,0.7325,Screen Recording,Screen Recording Recording16.mp4,1920,1080,0,0,960,540,Fixation,208,409,973,755,0.5066,0.6989,,,,,,,,,,,
176733582,1606200720,Eye Tracker,LipReading,08/25/2025,YanTianming,Recording16,05/10/2025,05/10/2025,14:25:35.695,06:25:35.695,387686,Timeline1,Tobii I-VT (Fixation),1.241.54219,1080,1920,10.0,5.1,9.5,10.6,0.53,1.02,1.13,19,35,39,6.6,5.5,2.9,0.7,0.62,0.32,24,20,11,1567309422,,,973,760,980,748,967,773,0.06973,0.25022,-0.96567,-0.04084,0.2561,-0.96579,4.056,4.409,4.21,,,,Valid,Valid,225.6,52.4,588.1,289.6,55.1,589.5,268.1,204.8,264.6,211.4,0.507,0.7041,0.5103,0.6929,0.5037,0.7154,Screen Recording,Screen Recording Recording16.mp4,1920,1080,0,0,960,540,Fixation,208,409,973,755,0.5066,0.6989,,,,,,,,,,,
176737582,1606204720,Eye Tracker,LipReading,08/25/2025,YanTianming,Recording16,05/10/2025,05/10/2025,14:25:35.695,06:25:35.695,387686,Timeline1,Tobii I-VT (Fixation),1.241.54219,1080,1920,10.0,5.1,9.5,10.6,0.53,1.02,1.13,19,35,39,6.6,5.5,2.9,0.7,0.62,0.32,24,20,11,1567313422,,,972,764,979,750,965,778,0.06921,0.25082,-0.96556,-0.04181,0.25847,-0.96512,4.04,4.375,4.209,,,,Valid,Valid,225.7,52.4,588.2,289.6,55.2,589.4,267.9,205.2,264.1,213.0,0.5062,0.7074,0.5098,0.6942,0.5026,0.7207,Screen Recording,Screen Recording Recording16.mp4,1920,1080,0,0,960,540,Fixation,208,409,973,755,0.5066,0.6989,,,,,,,,,,,
176741582,1606208720,Eye Tracker,LipReading,08/25/2025,YanTianming,Recording16,05/10/2025,05/10/2025,14:25:35.695,06:25:35.695,387686,Timeline1,Tobii I-VT (Fixation),1.241.54219,1080,1920,10.0,5.1,9.5,10.6,0.53,1.02,1.13,19,35,39,6.6,5.5,2.9,0.7,0.62,0.32,24,20,11,1567317422,,,966,752,974,738,958,767,0.06715,0.24587,-0.96698,-0.04524,0.25365,-0.96624,4.024,4.381,4.21,,,,Valid,Valid,225.7,52.3,588.3,289.7,55.2,589.4,266.6,201.9,262.1,209.9,0.503,0.6966,0.5073,0.6831,0.4988,0.7102,Screen Recording,Screen Recording Recording16.mp4,1920,1080,0,0,960,540,Fixation,208,409,973,755,0.5066,0.6989,,,,,,,,,,,
176745582,1606212720,Eye Tracker,LipReading,08/25/2025,YanTianming,Recording16,05/10/2025,05/10/2025,14:25:35.695,06:25:35.695,387686,Timeline1,Tobii I-VT (Fixation),1.241.54219,1080,1920,10.0,5.1,9.5,10.6,0.53,1.02,1.13,19,35,39,6.6,5.5,2.9,0.7,0.62,0.32,24,20,11,1567321422,,,971,749,978,736,964,763,0.06868,0.24511,-0.96706,-0.04251,0.25202,-0.96679,4.036,4.387,4.209,,,,Valid,Valid,225.7,52.3,588.4,289.7,55.1,589.5,267.5,201.4,263.8,208.8,0.5056,0.694,0.5092,0.6815,0.502,0.7065,Screen Recording,Screen Recording Recording16.mp4,1920,1080,0,0,960,540,Fixation,208,409,973,755,0.5066,0.6989,,,,,,,,,,,
176749582,1606216720,Eye Tracker,LipReading,08/25/2025,YanTianming,Recording16,05/10/2025,05/10/2025,14:25:35.695,06:25:35.695,387686,Timeline1,Tobii I-VT (Fixation),1.241.54219,1080,1920,10.0,5.1,9.5,10.6,0.53,1.02,1.13,19,35,39,6.6,5.5,2.9,0.7,0.62,0.32,24,20,11,1567325422,,,973,757,974,744,972,771,0.06673,0.24835,-0.96637,-0.03901,0.25531,-0.96607,4.046,4.38,4.212,,,,Valid,Valid,225.8,52.3,588.4,289.7,55.1,589.6,266.4,203.5,265.9,210.9,0.5066,0.7011,0.507,0.6886,0.5061,0.7136,Screen Recording,Screen Recording Recording16.mp4,1920,1080,0,0,960,540,Fixation,208,409,973,755,0.5066,0.6989,,,,,,,,,,,
176753582,1606220720,Eye Tracker,LipReading,08/25/2025,YanTianming,Recording16,05/10/2025,05/10/2025,14:25:35.695,06:25:35.695,387686,Timeline1,Tobii I-VT (Fixation),1.241.54219,1080,1920,10.0,5.1,9.5,10.6,0.53,1.02,1.13,19,35,39,6.6,5.5,2.9,0.7,0.62,0.32,24,20,11,1567329422,,,971,757,969,745,974,768,0.06459,0.249,-0.96635,-0.03819,0.25411,-0.96642,4.023,4.388,4.217,,,,Valid,Valid,225.8,52.4,588.2,289.8,55.1,589.6,265.1,204.0,266.5,210.1,0.5059,0.7005,0.5046,0.6901,0.5071,0.711,Screen Recording,Screen Recording Recording16.mp4,1920,1080,0,0,960,540,Fixation,208,409,973,755,0.5066,0.6989,,,,,,,,,,,
176757582,1606224720,Eye Tracker,LipReading,08/25/2025,YanTianming,Recording16,05/10/2025,05/10/2025,14:25:35.695,06:25:35.695,387686,Timeline1,Tobii I-VT (Fixation),1.241.54219,1080,1920,10.0,5.1,9.5,10.6,0.53,1.02,1.13,19,35,39,6.6,5.5,2.9,0.7,0.62,0.32,24,20,11,1567333422,,,971,755,975,750,966,760,0.06744,0.25095,-0.96565,-0.04163,0.25087,-0.96712,4.052,4.404,4.222,,,,Valid,Valid,225.9,52.4,588.1,289.8,55.2,589.4,267.0,205.3,264.4,208.1,0.5056,0.6993,0.508,0.6945,0.5032,0.704,Screen Recording,Screen Recording Recording16.mp4,1920,1080,0,0,960,540,Fixation,208,409,973,755,0.5066,0.6989,,,,,,,,,,,
176761582,1606228720,Eye Tracker,LipReading,08/25/2025,YanTianming,Recording16,05/10/2025,05/10/2025,14:25:35.695,06:25:35.695,387686,Timeline1,Tobii I-VT (Fixation),1.241.54219,1080,1920,10.0,5.1,9.5,10.6,0.53,1.02,1.13,19,35,39,6.6,5.5,2.9,0.7,0.62,0.32,24,20,11,1567337422,,,966,760,972,752,961,768,0.06574,0.2516,-0.9656,-0.04391,0.25395,-0.96622,4.053,4.409,4.222,,,,Valid,Valid,225.9,52.4,588.3,289.8,55.2,589.4,265.9,205.7,263.0,210.1,0.5034,0.7033,0.5061,0.6958,0.5006,0.7109,Screen Recording,Screen Recording Recording16.mp4,1920,1080,0,0,960,540,Fixation,208,409,973,755,0.5066,0.6989,,,,,,,,,,,
176765582,1606232720,Eye Tracker,LipReading,08/25/2025,YanTianming,Recording16,05/10/2025,05/10/2025,14:25:35.695,06:25:35.695,387686,Timeline1,Tobii I-VT (Fixation),1.241.54219,1080,1920,10.0,5.1,9.5,10.6,0.53,1.02,1.13,19,35,39,6.6,5.5,2.9,0.7,0.62,0.32,24,20,11,1567341422,,,966,759,976,752,957,766,0.06764,0.25194,-0.96538,-0.04593,0.25336,-0.96628,4.03,4.398,4.225,,,,Valid,Valid,225.9,52.3,588.4,289.9,55.2,589.4,267.1,205.9,261.9,209.7,0.5034,0.7031,0.5084,0.6966,0.4983,0.7096,Screen Recording,Screen Recording Recording16.mp4,1920,1080,0,0,960,540,Fixation,208,409,973,755,0.5066,0.6989,,,,,,,,,,,
176769582,1606236720,Eye Tracker,LipReading,08/25/2025,YanTianming,Recording16,05/10/2025,05/10/2025,14:25:35.695,06:25:35.695,387686,Timeline1,Tobii I-VT (Fixation),1.241.54219,1080,1920,10.0,5.1,9.5,10.6,0.53,1.02,1.13,19,35,39,6.6,5.5,2.9,0.7,0.62,0.32,24,20,11,1567345422,,,966,756,975,753,958,758,0.06705,0.25241,-0.9653,-0.04558,0.24973,-0.96724,4.041,4.412,4.225,,,,Valid,Valid,225.9,52.3,588.5,289.9,55.2,589.4,266.8,206.2,262.1,207.4,0.5033,0.6996,0.5078,0.6976,0.4989,0.7016,Screen Recording,Screen Recording Recording16.mp4,1920,1080,0,0,960,540,Fixation,208,409,973,755,0.5066,0.6989,,,,,,,,,,,
176773582,1606240720,Eye Tracker,LipReading,08/25/2025,YanTianming,Recording16,05/10/2025,05/10/2025,14:25:35.695,06:25:35.695,387686,Timeline1,Tobii I-VT (Fixation),1.241.54219,1080,1920,10.0,5.1,9.5,10.6,0.53,1.02,1.13,19,35,39,6.6,5.5,2.9,0.7,0.62,0.32,24,20,11,1567349422,,,969,752,978,744,960,759,0.06837,0.2484,-0.96624,-0.04474,0.25045,-0.9671,4.041,4.412,4.226,,,,Valid,Valid,225.9,52.3,588.5,289.9,55.2,589.5,267.6,203.6,262.6,207.8,0.5046,0.696,0.5093,0.6888,0.4999,0.7031,Screen Recording,Screen Recording Recording16.mp4,1920,1080,0,0,960,540,Fixation,208,409,973,755,0.5066,0.6989,,,,,,,,,,,
176777582,1606244720,Eye Tracker,LipReading,08/25/2025,YanTianming,Recording16,05/10/2025,05/10/2025,14:25:35.695,06:25:35.695,387686,Timeline1,Tobii I-VT (Fixation),1.241.54219,1080,1920,10.0,5.1,9.5,10.6,0.53,1.02,1.13,19,35,39,6.6,5.5,2.9,0.7,0.62,0.32,24,20,11,1567353422,,,964,760,972,758,956,762,0.06562,0.25441,-0.96487,-0.04627,0.25166,-0.96671,4.062,4.39,4.227,,,,Valid,Valid,226.0,52.3,588.6,289.9,55.2,589.5,266.0,207.5,261.7,208.6,0.5021,0.7039,0.5062,0.7019,0.4981,0.7058,Screen Recording,Screen Recording Recording16.mp4,1920,1080,0,0,960,540,Fixation,208,409,973,755,0.5066,0.6989,,,,,,,,,,,
176781582,1606248720,Eye Tracker,LipReading,08/25/2025,YanTianming,Recording16,05/10/2025,05/10/2025,14:25:35.695,06:25:35.695,387686,Timeline1,Tobii I-VT (Fixation),1.241.54219,1080,1920,10.0,5.1,9.5,10.6,0.53,1.02,1.13,19,35,39,6.6,5.5,2.9,0.7,0.62,0.32,24,20,11,1567357422,,,967,752,977,750,956,754,0.06817,0.2509,-0.96561,-0.04641,0.24808,-0.96763,4.031,4.414,4.221,,,,Valid,Valid,226.0,52.3,588.6,289.9,55.1,589.5,267.5,205.2,261.7,206.3,0.5035,0.6961,0.5091,0.6943,0.498,0.6979,Screen Recording,Screen Recording Recording16.mp4,1920,1080,0,0,960,540,Fixation,208,409,973,755,0.5066,0.6989,,,,,,,,,,,
176785582,1606252720,Eye Tracker,LipReading,08/25/2025,YanTianming,Recording16,05/10/2025,05/10/2025,14:25:35.695,06:25:35.695,387686,Timeline1,Tobii I-VT (Fixation),1.241.54219,1080,1920,10.0,5.1,9.5,10.6,0.53,1.02,1.13,19,35,39,6.6,5.5,2.9,0.7,0.62,0.32,24,20,11,1567361422,,,966,761,971,757,962,765,0.06534,0.25386,-0.96503,-0.04387,0.25302,-0.96647,4.042,4.401,4.22,,,,Valid,Valid,226.0,52.3,588.6,289.9,55.2,589.5,265.8,207.1,263.2,209.5,0.5034,0.7047,0.5059,0.7007,0.5008,0.7087,Screen Recording,Screen Recording Recording16.mp4,1920,1080,0,0,960,540,Fixation,208,409,973,755,0.5066,0.6989,,,,,,,,,,,
176789582,1606256720,Eye Tracker,LipReading,08/25/2025,YanTianming,Recording16,05/10/2025,05/10/2025,14:25:35.695,06:25:35.695,387686,Timeline1,Tobii I-VT (Fixation),1.241.54219,1080,1920,10.0,5.1,9.5,10.6,0.53,1.02,1.13,19,35,39,6.6,5.5,2.9,0.7,0.62,0.32,24,20,11,1567365422,,,967,758,973,750,960,765,0.06632,0.2511,-0.96569,-0.04466,0.25299,-0.96644,4.033,4.399,4.216,,,,Valid,Valid,226.0,52.3,588.6,289.9,55.1,589.5,266.4,205.3,262.7,209.5,0.5034,0.7017,0.5069,0.6946,0.4999,0.7087,Screen Recording,Screen Recording Recording16.mp4,1920,1080,0,0,960,540,Fixation,208,409,973,755,0.5066,0.6989,,,,,,,,,,,
176793582,1606260720,Eye Tracker,LipReading,08/25/2025,YanTianming,Recording16,05/10/2025,05/10/2025,14:25:35.695,06:25:35.695,387686,Timeline1,Tobii I-VT (Fixation),1.241.54219,1080,1920,10.0,5.1,9.5,10.6,0.53,1.02,1.13,19,35,39,6.6,5.5,2.9,0.7,0.62,0.32,24,20,11,1567369422,,,966,763,974,752,958,773,0.06678,0.25197,-0.96543,-0.04551,0.25617,-0.96556,4.054,4.393,4.22,,,,Valid,Valid,225.9,52.3,588.5,289.9,55.1,589.5,266.6,205.9,262.1,211.5,0.5031,0.7061,0.5075,0.6966,0.4988,0.7156,Screen Recording,Screen Recording Recording16.mp4,1920,1080,0,0,960,540,Saccade,40,547,,,,,,,,,,,,,,,
176797582,1606264720,Eye Tracker,LipReading,08/25/2025,YanTianming,Recording16,05/10/2025,05/10/2025,14:25:35.695,06:25:35.695,387686,Timeline1,Tobii I-VT (Fixation),1.241.54219,1080,1920,10.0,5.1,9.5,10.6,0.53,1.02,1.13,19,35,39,6.6,5.5,2.9,0.7,0.62,0.32,24,20,11,1567373422,,,963,749,972,726,955,772,0.06593,0.24106,-0.96827,-0.04668,0.25574,-0.96562,4.031,4.398,4.226,,,,Valid,Valid,225.9,52.2,588.5,289.9,55.0,589.5,266.0,198.8,261.4,211.2,0.5018,0.6934,0.5062,0.6725,0.4974,0.7144,Screen Recording,Screen Recording Recording16.mp4,1920,1080,0,0,960,540,Saccade,40,547,,,,,,,,,,,,,,,
176801582,1606268720,Eye Tracker,LipReading,08/25/2025,YanTianming,Recording16,05/10/2025,05/10/2025,14:25:35.695,06:25:35.695,387686,Timeline1,Tobii I-VT (Fixation),1.241.54219,1080,1920,10.0,5.1,9.5,10.6,0.53,1.02,1.13,19,35,39,6.6,5.5,2.9,0.7,0.62,0.32,24,20,11,1567377422,,,954,719,954,707,954,731,0.05822,0.23331,-0.97066,-0.04719,0.23853,-0.96999,4.057,4.406,4.23,,,,Valid,Valid,225.9,52.2,588.4,289.8,55.0,589.4,261.2,193.6,261.1,199.9,0.497,0.6657,0.497,0.655,0.497,0.6764,Screen Recording,Screen Recording Recording16.mp4,1920,1080,0,0,960,540,Saccade,40,547,,,,,,,,,,,,,,,
176805582,1606272720,Eye Tracker,LipReading,08/25/2025,YanTianming,Recording16,05/10/2025,05/10/2025,14:25:35.695,06:25:35.695,387686,Timeline1,Tobii I-VT (Fixation),1.241.54219,1080,1920,10.0,5.1,9.5,10.6,0.53,1.02,1.13,19,35,39,6.6,5.5,2.9,0.7,0.62,0.32,24,20,11,1567381422,,,962,666,953,647,971,686,0.05787,0.20718,-0.97659,-0.0399,0.2198,-0.97473,4.053,4.466,4.262,,,,Valid,Valid,225.9,52.2,588.2,289.8,54.8,589.4,260.7,176.9,265.7,187.8,0.5009,0.617,0.4962,0.5987,0.5056,0.6352,Screen Recording,Screen Recording Recording16.mp4,1920,1080,0,0,960,540,Saccade,40,547,,,,,,,,,,,,,,,
176809581,1606276719,Eye Tracker,LipReading,08/25/2025,YanTianming,Recording16,05/10/2025,05/10/2025,14:25:35.695,06:25:35.695,387686,Timeline1,Tobii I-VT (Fixation),1.241.54219,1080,1920,10.0,5.1,9.5,10.6,0.53,1.02,1.13,19,35,39,6.6,5.5,2.9,0.7,0.62,0.32,24,20,11,1567385422,,,974,603,961,602,986,604,0.0621,0.18791,-0.98022,-0.03338,0.18414,-0.98233,4.094,4.52,4.307,,,,Valid,Valid,225.8,52.0,588.3,289.8,54.6,589.6,263.1,164.8,269.7,165.2,0.507,0.5581,0.5007,0.5574,0.5133,0.5588,Screen Recording,Screen Recording Recording16.mp4,1920,1080,0,0,960,540,Saccade,40,547,,,,,,,,,,,,,,,
176813581,1606280719,Eye Tracker,LipReading,08/25/2025,YanTianming,Recording16,05/10/2025,05/10/2025,14:25:35.695,06:25:35.695,387686,Timeline1,Tobii I-VT (Fixation),1.241.54219,1080,1920,10.0,5.1,9.5,10.6,0.53,1.02,1.13,19,35,39,6.6,5.5,2.9,0.7,0.62,0.32,24,20,11,1567389422,,,975,569,972,540,978,598,0.06736,0.16039,-0.98475,-0.03689,0.182,-0.98261,4.102,4.523,4.311,,,,Valid,Valid,225.8,51.8,588.5,289.7,54.5,589.6,266.0,147.6,267.6,163.7,0.5078,0.5267,0.5063,0.4995,0.5093,0.5538,Screen Recording,Screen Recording Recording16.mp4,1920,1080,0,0,960,540,Saccade,40,547,,,,,,,,,,,,,,,
176817578,1606284716,Eye Tracker,LipReading,08/25/2025,YanTianming,Recording16,05/10/2025,05/10/2025,14:25:35.695,06:25:35.695,387686,Timeline1,Tobii I-VT (Fixation),1.241.54219,1080,1920,10.0,5.1,9.5,10.6,0.53,1.02,1.13,19,35,39,6.6,5.5,2.9,0.7,0.62,0.32,24,20,11,1567393419,,,978,539,972,519,983,560,0.06759,0.15138,-0.98616,-0.03463,0.16528,-0.98564,4.115,4.522,4.315,,,,Valid,Valid,225.8,51.7,588.5,289.7,54.3,589.6,266.1,142.0,269.0,153.2,0.5092,0.4995,0.5064,0.4805,0.5119,0.5184,Screen Recording,Screen Recording Recording16.mp4,1920,1080,0,0,960,540,Saccade,40,547,,,,,,,,,,,,,,,
176821578,1606288716,Eye Tracker,LipReading,08/25/2025,YanTianming,Recording16,05/10/2025,05/10/2025,14:25:35.695,06:25:35.695,387686,Timeline1,Tobii I-VT (Fixation),1.241.54219,1080,1920,10.0,5.1,9.5,10.6,0.53,1.02,1.13,19,35,39,6.6,5.5,2.9,0.7,0.62,0.32,24,20,11,1567397419,,,983,522,987,508,978,536,0.07434,0.14654,-0.98641,-0.03681,0.15491,-0.98724,4.11,4.504,4.309,,,,Valid,Valid,225.7,51.5,588.6,289.7,54.3,589.5,270.1,139.0,267.7,146.8,0.5117,0.4834,0.514,0.4703,0.5094,0.4966,Screen Recording,Screen Recording Recording16.mp4,1920,1080,0,0,960,540,Saccade,40,547,,,,,,,,,,,,,,,
176825578,1606292716,Eye Tracker,LipReading,08/25/2025,YanTianming,Recording16,05/10/2025,05/10/2025,14:25:35.695,06:25:35.695,387686,Timeline1,Tobii I-VT (Fixation),1.241.54219,1080,1920,10.0,5.1,9.5,10.6,0.53,1.02,1.13,19,35,39,6.6,5.5,2.9,0.7,0.62,0.32,24,20,11,1567401419,,,1003,503,990,477,1015,528,0.07612,0.13283,-0.98821,-0.01984,0.15151,-0.98826,4.154,4.458,4.309,,,,Valid,Valid,225.7,51.5,588.6,289.6,54.2,589.6,271.1,130.6,277.8,144.6,0.5222,0.4656,0.5159,0.4419,0.5286,0.4892,Screen Recording,Screen Recording Recording16.mp4,1920,1080,0,0,960,540,Saccade,40,547,,,,,,,,,,,,,,,
176829578,1606296716,Eye Tracker,LipReading,08/25/2025,YanTianming,Recording16,05/10/2025,05/10/2025,14:25:35.695,06:25:35.695,387686,Timeline1,Tobii I-VT (Fixation),1.241.54219,1080,1920,10.0,5.1,9.5,10.6,0.53,1.02,1.13,19,35,39,6.6,5.5,2.9,0.7,0.62,0.32,24,20,11,1567405419,,,1008,491,1004,457,1011,525,0.0823,0.12348,-0.98893,-0.02135,0.1502,-0.98842,4.127,4.475,4.303,,,,Valid,Valid,225.7,51.6,588.4,289.5,54.2,589.5,274.6,125.0,276.8,143.8,0.5248,0.4547,0.5227,0.423,0.5268,0.4864,Screen Recording,Screen Recording Recording16.mp4,1920,1080,0,0,960,540,Saccade,40,547,,,,,,,,,,,,,,,
176833578,1606300716,Eye Tracker,LipReading,08/25/2025,YanTianming,Recording16,05/10/2025,05/10/2025,14:25:35.695,06:25:35.695,387686,Timeline1,Tobii I-VT (Fixation),1.241.54219,1080,1920,10.0,5.1,9.5,10.6,0.53,1.02,1.13,19,35,39,6.6,5.5,2.9,0.7,0.62,0.32,24,20,11,1567409419,,,992,508,998,496,986,519,0.07983,0.14124,-0.98675,-0.03289,0.14756,-0.98851,4.091,4.506,4.301,,,,Valid,Valid,225.6,51.5,588.4,289.5,54.1,589.7,273.2,135.7,269.9,142.1,0.5168,0.47,0.52,0.4592,0.5136,0.4808,Screen Recording,Screen Recording Recording16.mp4,1920,1080,0,0,960,540,Fixation,156,410,1000,503,0.5208,0.4659,,,,,,,,,,,
176837578,1606304716,Eye Tracker,LipReading,08/25/2025,YanTianming,Recording16,05/10/2025,05/10/2025,14:25:35.695,06:25:35.695,387686,Timeline1,Tobii I-VT (Fixation),1.241.54219,1080,1920,10.0,5.1,9.5,10.6,0.53,1.02,1.13,19,35,39,6.6,5.5,2.9,0.7,0.62,0.32,24,20,11,1567413419,,,995,508,999,491,991,525,0.0804,0.13913,-0.987,-0.03035,0.15017,-0.98819,4.083,4.496,4.303,,,,Valid,Valid,225.5,51.6,588.3,289.4,54.1,589.7,273.5,134.5,271.3,143.7,0.5184,0.4706,0.5204,0.455,0.5164,0.4861,Screen Recording,Screen Recording Recording16.mp4,1920,1080,0,0,960,540,Fixation,156,410,1000,503,0.5208,0.4659,,,,,,,,,,,
176841578,1606308716,Eye Tracker,LipReading,08/25/2025,YanTianming,Recording16,05/10/2025,05/10/2025,14:25:35.695,06:25:35.695,387686,Timeline1,Tobii I-VT (Fixation),1.241.54219,1080,1920,10.0,5.1,9.5,10.6,0.53,1.02,1.13,19,35,39,6.6,5.5,2.9,0.7,0.62,0.32,24,20,11,1567417419,,,1001,505,1001,488,1002,523,0.08125,0.13768,-0.98714,-0.02562,0.14899,-0.98851,4.129,4.472,4.303,,,,Valid,Valid,225.5,51.5,588.4,289.4,54.1,589.6,273.9,133.6,274.1,143.0,0.5214,0.4679,0.5213,0.452,0.5216,0.4838,Screen Recording,Screen Recording Recording16.mp4,1920,1080,0,0,960,540,Fixation,156,410,1000,503,0.5208,0.4659,,,,,,,,,,,
176845578,1606312716,Eye Tracker,LipReading,08/25/2025,YanTianming,Recording16,05/10/2025,05/10/2025,14:25:35.695,06:25:35.695,387686,Timeline1,Tobii I-VT (Fixation),1.241.54219,1080,1920,10.0,5.1,9.5,10.6,0.53,1.02,1.13,19,35,39,6.6,5.5,2.9,0.7,0.62,0.32,24,20,11,1567421419,,,991,516,997,497,986,535,0.07942,0.14185,-0.9867,-0.03272,0.15443,-0.98746,4.11,4.518,4.303,,,,Valid,Valid,225.4,51.5,588.4,289.3,54.2,589.5,272.7,136.1,269.8,146.4,0.5163,0.4779,0.5191,0.4606,0.5135,0.4952,Screen Recording,Screen Recording Recording16.mp4,1920,1080,0,0,960,540,Fixation,156,410,1000,503,0.5208,0.4659,,,,,,,,,,,
176849578,1606316716,Eye Tracker,LipReading,08/25/2025,YanTianming,Recording16,05/10/2025,05/10/2025,14:25:35.695,06:25:35.695,387686,Timeline1,Tobii I-VT (Fixation),1.241.54219,1080,1920,10.0,5.1,9.5,10.6,0.53,1.02,1.13,19,35,39,6.6,5.5,2.9,0.7,0.62,0.32,24,20,11,1567425419,,,1001,511,1003,501,999,521,0.0825,0.1433,-0.98624,-0.02675,0.14839,-0.98857,4.143,4.471,4.306,,,,Valid,Valid,225.3,51.5,588.4,289.3,54.1,589.6,274.5,137.0,273.3,142.6,0.5213,0.4731,0.5225,0.4637,0.5202,0.4826,Screen Recording,Screen Recording Recording16.mp4,1920,1080,0,0,960,540,Fixation,156,410,1000,503,0.5208,0.4659,,,,,,,,,,,
176853578,1606320716,Eye Tracker,LipReading,08/25/2025,YanTianming,Recording16,05/10/2025,05/10/2025,14:25:35.695,06:25:35.695,387686,Timeline1,Tobii I-VT (Fixation),1.241.54219,1080,1920,10.0,5.1,9.5,10.6,0.53,1.02,1.13,19,35,39,6.6,5.5,2.9,0.7,0.62,0.32,24,20,11,1567429419,,,995,504,1003,487,987,522,0.08249,0.13695,-0.98714,-0.0322,0.14875,-0.98835,4.106,4.551,4.296,,,,Valid,Valid,225.2,51.6,588.3,289.2,54.1,589.7,274.4,133.2,270.0,142.9,0.518,0.4671,0.5222,0.4507,0.5138,0.4834,Screen Recording,Screen Recording Recording16.mp4,1920,1080,0,0,960,540,Fixation,156,410,1000,503,0.5208,0.4659,,,,,,,,,,,
176857578,1606324716,Eye Tracker,LipReading,08/25/2025,YanTianming,Recording16,05/10/2025,05/10/2025,14:25:35.695,06:25:35.695,387686,Timeline1,Tobii I-VT (Fixation),1.241.54219,1080,1920,10.0,5.1,9.5,10.6,0.53,1.02,1.13,19,35,39,6.6,5.5,2.9,0.7,0.62,0.32,24,20,11,1567433419,,,1000,508,999,486,1001,530,0.08091,0.13664,-0.98731,-0.02556,0.15234,-0.988,4.157,4.483,4.304,,,,Valid,Valid,225.2,51.5,588.5,289.1,54.1,589.6,273.4,133.0,273.9,145.1,0.5208,0.4703,0.5203,0.4499,0.5213,0.4908,Screen Recording,Screen Recording Recording16.mp4,1920,1080,0,0,960,540,Fixation,156,410,1000,503,0.5208,0.4659,,,,,,,,,,,
176861578,1606328716,Eye Tracker,LipReading,08/25/2025,YanTianming,Recording16,05/10/2025,05/10/2025,14:25:35.695,06:25:35.695,387686,Timeline1,Tobii I-VT (Fixation),1.241.54219,1080,1920,10.0,5.1,9.5,10.6,0.53,1.02,1.13,19,35,39,6.6,5.5,2.9,0.7,0.62,0.32,24,20,11,1567437419,,,1000,508,1006,497,994,520,0.08425,0.14153,-0.98634,-0.02866,0.14791,-0.98859,4.11,4.479,4.296,,,,Valid,Valid,225.1,51.5,588.4,289.1,54.1,589.6,275.4,136.0,272.0,142.4,0.5209,0.4708,0.5241,0.46,0.5177,0.4816,Screen Recording,Screen Recording Recording16.mp4,1920,1080,0,0,960,540,Fixation,156,410,1000,503,0.5208,0.4659,,,,,,,,,,,
176865578,1606332716,Eye Tracker,LipReading,08/25/2025,YanTianming,Recording16,05/10/2025,05/10/2025,14:25:35.695,06:25:35.695,387686,Timeline1,Tobii I-VT (Fixation),1.241.54219,1080,1920,10.0,5.1,9.5,10.6,0.53,1.02,1.13,19,35,39,6.6,5.5,2.9,0.7,0.62,0.32,24,20,11,1567441419,,,991,509,999,494,984,524,0.08089,0.14013,-0.98682,-0.03328,0.14965,-0.98818,4.125,4.494,4.304,,,,Valid,Valid,225.1,51.6,588.3,289.1,54.1,589.6,273.3,135.1,269.2,143.4,0.5162,0.4711,0.5201,0.4571,0.5123,0.4852,Screen Recording,Screen Recording Recording16.mp4,1920,1080,0,0,960,540,Fixation,156,410,1000,503,0.5208,0.4659,,,,,,,,,,,
176869578,1606336716,Eye Tracker,LipReading,08/25/2025,YanTianming,Recording16,05/10/2025,05/10/2025,14:25:35.695,06:25:35.695,387686,Timeline1,Tobii I-VT (Fixation),1.241.54219,1080,1920,10.0,5.1,9.5,10.6,0.53,1.02,1.13,19,35,39,6.6,5.5,2.9,0.7,0.62,0.32,24,20,11,1567445419,,,999,509,1008,481,991,538,0.08537,0.13434,-0.98725,-0.03004,0.15583,-0.98733,4.092,4.46,4.302,,,,Valid,Valid,225.0,51.5,588.4,289.0,54.1,589.7,275.9,131.6,271.1,147.1,0.5205,0.4715,0.5251,0.4452,0.5159,0.4978,Screen Recording,Screen Recording Recording16.mp4,1920,1080,0,0,960,540,Fixation,156,410,1000,503,0.5208,0.4659,,,,,,,,,,,
176873578,1606340716,Eye Tracker,LipReading,08/25/2025,YanTianming,Recording16,05/10/2025,05/10/2025,14:25:35.695,06:25:35.695,387686,Timeline1,Tobii I-VT (Fixation),1.241.54219,1080,1920,10.0,5.1,9.5,10.6,0.53,1.02,1.13,19,35,39,6.6,5.5,2.9,0.7,0.62,0.32,24,20,11,1567449419,,,1001,504,1003,515,999,494,0.08314,0.14953,-0.98526,-0.02597,0.13618,-0.99034,4.141,4.501,4.308,,,,Valid,Valid,225.0,51.5,588.4,289.0,54.1,589.6,274.6,140.8,273.5,135.2,0.5216,0.4669,0.5226,0.4765,0.5205,0.4573,Screen Recording,Screen Recording Recording16.mp4,1920,1080,0,0,960,540,Fixation,156,410,1000,503,0.5208,0.4659,,,,,,,,,,,
176877578,1606344716,Eye Tracker,LipReading,08/25/2025,YanTianming,Recording16,05/10/2025,05/10/2025,14:25:35.695,06:25:35.695,387686,Timeline1,Tobii I-VT (Fixation),1.241.54219,1080,1920,10.0,5.1,9.5,10.6,0.53,1.02,1.13,19,35,39,6.6,5.5,2.9,0.7,0.62,0.32,24,20,11,1567453419,,,1007,502,1011,490,1002,515,0.0867,0.13836,-0.98658,-0.02448,0.1457,-0.98903,4.11,4.5,4.305,,,,Valid,Valid,224.9,51.5,588.4,288.9,54.2,589.5,276.6,134.0,274.3,141.0,0.5243,0.4652,0.5265,0.4535,0.5221,0.477,Screen Recording,Screen Recording Recording16.mp4,1920,1080,0,0,960,540,Fixation,156,410,1000,503,0.5208,0.4659,,,,,,,,,,,
176881578,1606348716,Eye Tracker,LipReading,08/25/2025,YanTianming,Recording16,05/10/2025,05/10/2025,14:25:35.695,06:25:35.695,387686,Timeline1,Tobii I-VT (Fixation),1.241.54219,1080,1920,10.0,5.1,9.5,10.6,0.53,1.02,1.13,19,35,39,6.6,5.5,2.9,0.7,0.62,0.32,24,20,11,1567457419,,,997,516,1003,501,991,531,0.08317,0.14339,-0.98616,-0.02946,0.15259,-0.98785,4.122,4.453,4.306,,,,Valid,Valid,224.9,51.5,588.3,288.9,54.1,589.5,274.5,137.1,271.3,145.2,0.5194,0.4775,0.5225,0.4638,0.5164,0.4912,Screen Recording,Screen Recording Recording16.mp4,1920,1080,0,0,960,540,Fixation,156,410,1000,503,0.5208,0.4659,,,,,,,,,,,
176885578,1606352716,Eye Tracker,LipReading,08/25/2025,YanTianming,Recording16,05/10/2025,05/10/2025,14:25:35.695,06:25:35.695,387686,Timeline1,Tobii I-VT (Fixation),1.241.54219,1080,1920,10.0,5.1,9.5,10.6,0.53,1.02,1.13,19,35,39,6.6,5.5,2.9,0.7,0.62,0.32,24,20,11,1567461419,,,1003,502,1005,502,1001,502,0.08422,0.14371,-0.98603,-0.0252,0.13967,-0.98988,4.109,4.507,4.298,,,,Valid,Valid,224.9,51.5,588.4,288.9,54.1,589.6,275.1,137.3,273.9,137.3,0.5224,0.4645,0.5236,0.4644,0.5213,0.4645,Screen Recording,Screen Recording Recording16.mp4,1920,1080,0,0,960,540,Fixation,156,410,1000,503,0.5208,0.4659,,,,,,,,,,,
176889578,1606356716,Eye Tracker,LipReading,08/25/2025,YanTianming,Recording16,05/10/2025,05/10/2025,14:25:35.695,06:25:35.695,387686,Timeline1,Tobii I-VT (Fixation),1.241.54219,1080,1920,10.0,5.1,9.5,10.6,0.53,1.02,1.13,19,35,39,6.6,5.5,2.9,0.7,0.62,0.32,24,20,11,1567465419,,,1002,514,1008,509,995,518,0.08552,0.14725,-0.9854,-0.02783,0.14698,-0.98875,4.112,4.483,4.288,,,,Valid,Valid,224.9,51.5,588.4,288.9,54.1,589.6,275.9,139.4,272.3,141.7,0.5217,0.4756,0.5251,0.4718,0.5182,0.4795,Screen Recording,Screen Recording Recording16.mp4,1920,1080,0,0,960,540,Fixation,156,410,1000,503,0.5208,0.4659,,,,,,,,,,,
176893578,1606360716,Eye Tracker,LipReading,08/25/2025,YanTianming,Recording16,05/10/2025,05/10/2025,14:25:35.695,06:25:35.695,387686,Timeline1,Tobii I-VT (Fixation),1.241.54219,1080,1920,10.0,5.1,9.5,10.6,0.53,1.02,1.13,19,35,39,6.6,5.5,2.9,0.7,0.62,0.32,24,20,11,1567469419,,,998,511,1003,498,994,524,0.08323,0.14202,-0.98636,-0.02849,0.14977,-0.98831,4.137,4.438,4.298,,,,Valid,Valid,224.8,51.5,588.5,288.9,54.1,589.6,274.5,136.2,271.9,143.4,0.5199,0.473,0.5224,0.4608,0.5175,0.4853,Screen Recording,Screen Recording Recording16.mp4,1920,1080,0,0,960,540,Fixation,156,410,1000,503,0.5208,0.4659,,,,,,,,,,,
176897577,1606364715,Eye Tracker,LipReading,08/25/2025,YanTianming,Recording16,05/10/2025,05/10/2025,14:25:35.695,06:25:35.695,387686,Timeline1,Tobii I-VT (Fixation),1.241.54219,1080,1920,10.0,5.1,9.5,10.6,0.53,1.02,1.13,19,35,39,6.6,5.5,2.9,0.7,0.62,0.32,24,20,11,1567473419,,,995,510,999,497,991,524,0.08142,0.14159,-0.98657,-0.02977,0.14961,-0.9883,4.087,4.463,4.288,,,,Valid,Valid,224.8,51.5,588.4,288.9,54.1,589.6,273.4,135.9,271.1,143.3,0.5182,0.4724,0.5203,0.4599,0.516,0.4849,Screen Recording,Screen Recording Recording16.mp4,1920,1080,0,0,960,540,Fixation,156,410,1000,503,0.5208,0.4659,,,,,,,,,,,
176901577,1606368715,Eye Tracker,LipReading,08/25/2025,YanTianming,Recording16,05/10/2025,05/10/2025,14:25:35.695,06:25:35.695,387686,Timeline1,Tobii I-VT (Fixation),1.241.54219,1080,1920,10.0,5.1,9.5,10.6,0.53,1.02,1.13,19,35,39,6.6,5.5,2.9,0.7,0.62,0.32,24,20,11,1567477419,,,1001,500,1009,503,993,497,0.08614,0.14451,-0.98575,-0.0288,0.13745,-0.99009,4.128,4.492,4.292,,,,Valid,Valid,224.9,51.5,588.4,288.9,54.1,589.6,276.3,137.7,271.8,135.9,0.5215,0.4629,0.5258,0.466,0.5172,0.4599,Screen Recording,Screen Recording Recording16.mp4,1920,1080,0,0,960,540,Fixation,156,410,1000,503,0.5208,0.4659,,,,,,,,,,,
176905577,1606372715,Eye Tracker,LipReading,08/25/2025,YanTianming,Recording16,05/10/2025,05/10/2025,14:25:35.695,06:25:35.695,387686,Timeline1,Tobii I-VT (Fixation),1.241.54219,1080,1920,10.0,5.1,9.5,10.6,0.53,1.02,1.13,19,35,39,6.6,5.5,2.9,0.7,0.62,0.32,24,20,11,1567481419,,,1001,505,999,490,1003,520,0.08122,0.13855,-0.98702,-0.02436,0.14789,-0.9887,4.084,4.46,4.279,,,,Valid,Valid,224.9,51.5,588.4,288.9,54.1,589.5,273.3,134.1,274.4,142.3,0.5211,0.4675,0.5201,0.4536,0.5222,0.4814,Screen Recording,Screen Recording Recording16.mp4,1920,1080,0,0,960,540,Fixation,156,410,1000,503,0.5208,0.4659,,,,,,,,,,,
176909577,1606376715,Eye Tracker,LipReading,08/25/2025,YanTianming,Recording16,05/10/2025,05/10/2025,14:25:35.695,06:25:35.695,387686,Timeline1,Tobii I-VT (Fixation),1.241.54219,1080,1920,10.0,5.1,9.5,10.6,0.53,1.02,1.13,19,35,39,6.6,5.5,2.9,0.7,0.62,0.32,24,20,11,1567485419,,,1004,503,1008,490,1001,515,0.08543,0.13871,-0.98664,-0.02532,0.14575,-0.989,4.123,4.436,4.28,,,,Valid,Valid,224.9,51.5,588.4,288.9,54.1,589.5,275.8,134.2,273.8,141.0,0.523,0.4655,0.5249,0.454,0.5211,0.477,Screen Recording,Screen Recording Recording16.mp4,1920,1080,0,0,960,540,Fixation,156,410,1000,503,0.5208,0.4659,,,,,,,,,,,
176913577,1606380715,Eye Tracker,LipReading,08/25/2025,YanTianming,Recording16,05/10/2025,05/10/2025,14:25:35.695,06:25:35.695,387686,Timeline1,Tobii I-VT (Fixation),1.241.54219,1080,1920,10.0,5.1,9.5,10.6,0.53,1.02,1.13,19,35,39,6.6,5.5,2.9,0.7,0.62,0.32,24,20,11,1567489419,,,1006,511,1008,497,1005,524,0.0852,0.14187,-0.98621,-0.02351,0.14962,-0.98846,4.098,4.422,4.279,,,,Valid,Valid,224.9,51.5,588.4,289.0,54.1,589.5,275.7,136.1,274.9,143.3,0.524,0.4727,0.5248,0.4605,0.5232,0.4849,Screen Recording,Screen Recording Recording16.mp4,1920,1080,0,0,960,540,Fixation,156,410,1000,503,0.5208,0.4659,,,,,,,,,,,
176917577,1606384715,Eye Tracker,LipReading,08/25/2025,YanTianming,Recording16,05/10/2025,05/10/2025,14:25:35.695,06:25:35.695,387686,Timeline1,Tobii I-VT (Fixation),1.241.54219,1080,1920,10.0,5.1,9.5,10.6,0.53,1.02,1.13,19,35,39,6.6,5.5,2.9,0.7,0.62,0.32,24,20,11,1567493419,,,999,489,1003,486,996,492,0.08317,0.13689,-0.98709,-0.0278,0.13559,-0.99038,4.101,4.479,4.281,,,,Valid,Valid,224.9,51.5,588.4,289.0,54.0,589.6,274.5,133.1,272.5,134.8,0.5205,0.4531,0.5224,0.4502,0.5185,0.456,Screen Recording,Screen Recording Recording16.mp4,1920,1080,0,0,960,540,Fixation,156,410,1000,503,0.5208,0.4659,,,,,,,,,,,
176921577,1606388715,Eye Tracker,LipReading,08/25/2025,YanTianming,Recording16,05/10/2025,05/10/2025,14:25:35.695,06:25:35.695,387686,Timeline1,Tobii I-VT (Fixation),1.241.54219,1080,1920,10.0,5.1,9.5,10.6,0.53,1.02,1.13,19,35,39,6.6,5.5,2.9,0.7,0.62,0.32,24,20,11,1567497419,,,997,499,1011,473,982,524,0.0869,0.13094,-0.98757,-0.03405,0.1498,-0.98813,4.066,4.462,4.28,,,,Valid,Valid,225.0,51.5,588.4,289.0,54.0,589.6,276.7,129.5,268.7,143.4,0.5191,0.4617,0.5267,0.4381,0.5114,0.4853,Screen Recording,Screen Recording Recording16.mp4,1920,1080,0,0,960,540,Fixation,156,410,1000,503,0.5208,0.4659,,,,,,,,,,,
176925577,1606392715,Eye Tracker,LipReading,08/25/2025,YanTianming,Recording16,05/10/2025,05/10/2025,14:25:35.695,06:25:35.695,387686,Timeline1,Tobii I-VT (Fixation),1.241.54219,1080,1920,10.0,5.1,9.5,10.6,0.53,1.02,1.13,19,35,39,6.6,5.5,2.9,0.7,0.62,0.32,24,20,11,1567501419,,,995,487,1004,483,986,491,0.08327,0.13529,-0.9873,-0.03244,0.13477,-0.99035,4.1,4.478,4.267,,,,Valid,Valid,225.0,51.5,588.4,289.1,54.1,589.6,274.6,132.1,269.8,134.3,0.5181,0.4506,0.5227,0.4469,0.5134,0.4544,Screen Recording,Screen Recording Recording16.mp4,1920,1080,0,0,960,540,Fixation,156,410,1000,503,0.5208,0.4659,,,,,,,,,,,
176929577,1606396715,Eye Tracker,LipReading,08/25/2025,YanTianming,Recording16,05/10/2025,05/10/2025,14:25:35.695,06:25:35.695,387686,Timeline1,Tobii I-VT (Fixation),1.241.54219,1080,1920,10.0,5.1,9.5,10.6,0.53,1.02,1.13,19,35,39,6.6,5.5,2.9,0.7,0.62,0.32,24,20,11,1567505419,,,996,522,1000,482,992,561,0.0817,0.13523,-0.98744,-0.02959,0.16626,-0.98564,4.071,4.382,4.267,,,,Valid,Valid,225.1,51.5,588.4,289.1,54.1,589.5,273.7,132.0,271.4,153.5,0.5188,0.4831,0.521,0.4468,0.5166,0.5195,Screen Recording,Screen Recording Recording16.mp4,1920,1080,0,0,960,540,Fixation,156,410,1000,503,0.5208,0.4659,,,,,,,,,,,
176933577,1606400715,Eye Tracker,LipReading,08/25/2025,YanTianming,Recording16,05/10/2025,05/10/2025,14:25:35.695,06:25:35.695,387686,Timeline1,Tobii I-VT (Fixation),1.241.54219,1080,1920,10.0,5.1,9.5,10.6,0.53,1.02,1.13,19,35,39,6.6,5.5,2.9,0.7,0.62,0.32,24,20,11,1567509419,,,1002,494,1003,475,1002,514,0.0828,0.13193,-0.98779,-0.02508,0.14514,-0.98909,4.072,4.439,4.274,,,,Valid,Valid,225.1,51.5,588.4,289.2,54.1,589.5,274.4,130.1,274.2,140.6,0.5221,0.4578,0.5223,0.44,0.5219,0.4757,Screen Recording,Screen Recording Recording16.mp4,1920,1080,0,0,960,540,Fixation,156,410,1000,503,0.5208,0.4659,,,,,,,,,,,
176937577,1606404715,Eye Tracker,LipReading,08/25/2025,YanTianming,Recording16,05/10/2025,05/10/2025,14:25:35.695,06:25:35.695,387686,Timeline1,Tobii I-VT (Fixation),1.241.54219,1080,1920,10.0,5.1,9.5,10.6,0.53,1.02,1.13,19,35,39,6.6,5.5,2.9,0.7,0.62,0.32,24,20,11,1567513419,,,1000,479,1010,474,989,485,0.08611,0.13133,-0.98759,-0.0311,0.13199,-0.99076,4.08,4.484,4.27,,,,Valid,Valid,225.2,51.5,588.4,289.2,54.1,589.6,276.5,129.7,270.7,132.6,0.5207,0.4438,0.5261,0.4389,0.5153,0.4487,Screen Recording,Screen Recording Recording16.mp4,1920,1080,0,0,960,540,Fixation,156,410,1000,503,0.5208,0.4659,,,,,,,,,,,
176941577,1606408715,Eye Tracker,LipReading,08/25/2025,YanTianming,Recording16,05/10/2025,05/10/2025,14:25:35.695,06:25:35.695,387686,Timeline1,Tobii I-VT (Fixation),1.241.54219,1080,1920,10.0,5.1,9.5,10.6,0.53,1.02,1.13,19,35,39,6.6,5.5,2.9,0.7,0.62,0.32,24,20,11,1567517419,,,1002,497,1009,498,995,496,0.08535,0.142,-0.98618,-0.02862,0.13731,-0.99011,4.085,4.468,4.273,,,,Valid,Valid,225.2,51.5,588.4,289.3,54.1,589.6,276.1,136.2,272.3,135.8,0.5218,0.4602,0.5255,0.4608,0.5181,0.4596,Screen Recording,Screen Recording Recording16.mp4,1920,1080,0,0,960,540,Fixation,156,410,1000,503,0.5208,0.4659,,,,,,,,,,,
176945578,1606412716,Eye Tracker,LipReading,08/25/2025,YanTianming,Recording16,05/10/2025,05/10/2025,14:25:35.695,06:25:35.695,387686,Timeline1,Tobii I-VT (Fixation),1.241.54219,1080,1920,10.0,5.1,9.5,10.6,0.53,1.02,1.13,19,35,39,6.6,5.5,2.9,0.7,0.62,0.32,24,20,11,1567521420,,,1002,503,1007,482,996,523,0.08448,0.13516,-0.98722,-0.02801,0.14903,-0.98844,4.083,4.461,4.273,,,,Valid,Valid,225.3,51.5,588.5,289.3,54.1,589.5,275.6,132.0,272.6,143.0,0.5217,0.4653,0.5245,0.4467,0.5189,0.4838,Screen Recording,Screen Recording Recording16.mp4,1920,1080,0,0,960,540,Fixation,156,410,1000,503,0.5208,0.4659,,,,,,,,,,,
176949578,1606416716,Eye Tracker,LipReading,08/25/2025,YanTianming,Recording16,05/10/2025,05/10/2025,14:25:35.695,06:25:35.695,387686,Timeline1,Tobii I-VT (Fixation),1.241.54219,1080,1920,10.0,5.1,9.5,10.6,0.53,1.02,1.13,19,35,39,6.6,5.5,2.9,0.7,0.62,0.32,24,20,11,1567525420,,,997,516,1007,502,986,530,0.0844,0.14373,-0.98601,-0.03282,0.15213,-0.98781,4.127,4.462,4.272,,,,Valid,Valid,225.3,51.5,588.4,289.4,54.1,589.5,275.7,137.3,269.8,144.9,0.5191,0.4774,0.5247,0.4644,0.5135,0.4903,Screen Recording,Screen Recording Recording16.mp4,1920,1080,0,0,960,540,Fixation,156,410,1000,503,0.5208,0.4659,,,,,,,,,,,
176953578,1606420716,Eye Tracker,LipReading,08/25/2025,YanTianming,Recording16,05/10/2025,05/10/2025,14:25:35.695,06:25:35.695,387686,Timeline1,Tobii I-VT (Fixation),1.241.54219,1080,1920,10.0,5.1,9.5,10.6,0.53,1.02,1.13,19,35,39,6.6,5.5,2.9,0.7,0.62,0.32,24,20,11,1567529420,,,1000,490,1012,465,987,515,0.08672,0.12733,-0.98806,-0.03236,0.14581,-0.98878,4.066,4.44,4.262,,,,Valid,Valid,225.4,51.5,588.5,289.5,54.1,589.6,277.0,127.3,270.2,141.0,0.5207,0.454,0.5272,0.4307,0.5142,0.4772,Screen Recording,Screen Recording Recording16.mp4,1920,1080,0,0,960,540,Fixation,156,410,1000,503,0.5208,0.4659,,,,,,,,,,,
176957578,1606424716,Eye Tracker,LipReading,08/25/2025,YanTianming,Recording16,05/10/2025,05/10/2025,14:25:35.695,06:25:35.695,387686,Timeline1,Tobii I-VT (Fixation),1.241.54219,1080,1920,10.0,5.1,9.5,10.6,0.53,1.02,1.13,19,35,39,6.6,5.5,2.9,0.7,0.62,0.32,24,20,11,1567533420,,,1001,484,1014,452,988,516,0.08745,0.12142,-0.98874,-0.0319,0.14594,-0.98878,4.029,4.441,4.254,,,,Valid,Valid,225.4,51.5,588.4,289.5,54.1,589.6,277.5,123.8,270.5,141.1,0.5214,0.4481,0.5281,0.4187,0.5148,0.4775,Screen Recording,Screen Recording Recording16.mp4,1920,1080,0,0,960,540,Fixation,156,410,1000,503,0.5208,0.4659,,,,,,,,,,,
176961578,1606428716,Eye Tracker,LipReading,08/25/2025,YanTianming,Recording16,05/10/2025,05/10/2025,14:25:35.695,06:25:35.695,387686,Timeline1,Tobii I-VT (Fixation),1.241.54219,1080,1920,10.0,5.1,9.5,10.6,0.53,1.02,1.13,19,35,39,6.6,5.5,2.9,0.7,0.62,0.32,24,20,11,1567537420,,,1000,521,1010,514,990,529,0.08514,0.14906,-0.98516,-0.03129,0.15189,-0.9879,4.108,4.404,4.246,,,,Valid,Valid,225.5,51.5,588.4,289.5,54.2,589.5,276.3,140.5,270.9,144.8,0.5207,0.4827,0.5259,0.4755,0.5155,0.4899,Screen Recording,Screen Recording Recording16.mp4,1920,1080,0,0,960,540,Fixation,156,410,1000,503,0.5208,0.4659,,,,,,,,,,,
176965578,1606432716,Eye Tracker,LipReading,08/25/2025,YanTianming,Recording16,05/10/2025,05/10/2025,14:25:35.695,06:25:35.695,387686,Timeline1,Tobii I-VT (Fixation),1.241.54219,1080,1920,10.0,5.1,9.5,10.6,0.53,1.02,1.13,19,35,39,6.6,5.5,2.9,0.7,0.62,0.32,24,20,11,1567541420,,,999,500,1004,483,993,518,0.08265,0.13535,-0.98734,-0.02971,0.14673,-0.98873,4.068,4.425,4.256,,,,Valid,Valid,225.5,51.5,588.4,289.6,54.1,589.6,274.8,132.2,271.9,141.6,0.5202,0.4632,0.5229,0.4472,0.5174,0.4792,Screen Recording,Screen Recording Recording16.mp4,1920,1080,0,0,960,540,Fixation,156,410,1000,503,0.5208,0.4659,,,,,,,,,,,
176969578,1606436716,Eye Tracker,LipReading,08/25/2025,YanTianming,Recording16,05/10/2025,05/10/2025,14:25:35.695,06:25:35.695,387686,Timeline1,Tobii I-VT (Fixation),1.241.54219,1080,1920,10.0,5.1,9.5,10.6,0.53,1.02,1.13,19,35,39,6.6,5.5,2.9,0.7,0.62,0.32,24,20,11,1567545420,,,1001,507,1005,486,996,529,0.08298,0.13652,-0.98716,-0.02843,0.15174,-0.98801,4.087,4.394,4.252,,,,Valid,Valid,225.5,51.5,588.4,289.6,54.1,589.6,275.0,132.9,272.7,144.7,0.5212,0.4696,0.5234,0.4496,0.5189,0.4895,Screen Recording,Screen Recording Recording16.mp4,1920,1080,0,0,960,540,Fixation,156,410,1000,503,0.5208,0.4659,,,,,,,,,,,
176973578,1606440716,Eye Tracker,LipReading,08/25/2025,YanTianming,Recording16,05/10/2025,05/10/2025,14:25:35.695,06:25:35.695,387686,Timeline1,Tobii I-VT (Fixation),1.241.54219,1080,1920,10.0,5.1,9.5,10.6,0.53,1.02,1.13,19,35,39,6.6,5.5,2.9,0.7,0.62,0.32,24,20,11,1567549420,,,997,506,1003,515,990,498,0.08196,0.14981,-0.98531,-0.03132,0.13786,-0.98996,4.109,4.444,4.243,,,,Valid,Valid,225.6,51.5,588.5,289.7,54.2,589.6,274.5,141.0,271.0,136.3,0.5191,0.469,0.5225,0.477,0.5158,0.461,Screen Recording,Screen Recording Recording16.mp4,1920,1080,0,0,960,540,Fixation,156,410,1000,503,0.5208,0.4659,,,,,,,,,,,
176977578,1606444716,Eye Tracker,LipReading,08/25/2025,YanTianming,Recording16,05/10/2025,05/10/2025,14:25:35.695,06:25:35.695,387686,Timeline1,Tobii I-VT (Fixation),1.241.54219,1080,1920,10.0,5.1,9.5,10.6,0.53,1.02,1.13,19,35,39,6.6,5.5,2.9,0.7,0.62,0.32,24,20,11,1567553420,,,1003,489,1009,478,997,500,0.08483,0.13322,-0.98745,-0.02824,0.13882,-0.98991,4.039,4.417,4.242,,,,Valid,Valid,225.6,51.5,588.5,289.7,54.1,589.6,276.2,130.9,272.9,136.8,0.5225,0.4529,0.5256,0.4428,0.5194,0.4629,Screen Recording,Screen Recording Recording16.mp4,1920,1080,0,0,960,540,Fixation,156,410,1000,503,0.5208,0.4659,,,,,,,,,,,
176981577,1606448715,Eye Tracker,LipReading,08/25/2025,YanTianming,Recording16,05/10/2025,05/10/2025,14:25:35.695,06:25:35.695,387686,Timeline1,Tobii I-VT (Fixation),1.241.54219,1080,1920,10.0,5.1,9.5,10.6,0.53,1.02,1.13,19,35,39,6.6,5.5,2.9,0.7,0.62,0.32,24,20,11,1567557420,,,1005,499,1010,474,1000,523,0.085,0.13149,-0.98767,-0.02699,0.14906,-0.98846,4.069,4.383,4.235,,,,Valid,Valid,225.6,51.5,588.5,289.7,54.1,589.6,276.3,129.8,273.6,143.1,0.5233,0.4616,0.5258,0.4392,0.5208,0.484,Screen Recording,Screen Recording Recording16.mp4,1920,1080,0,0,960,540,Fixation,156,410,1000,503,0.5208,0.4659,,,,,,,,,,,
176985577,1606452715,Eye Tracker,LipReading,08/25/2025,YanTianming,Recording16,05/10/2025,05/10/2025,14:25:35.695,06:25:35.695,387686,Timeline1,Tobii I-VT (Fixation),1.241.54219,1080,1920,10.0,5.1,9.5,10.6,0.53,1.02,1.13,19,35,39,6.6,5.5,2.9,0.7,0.62,0.32,24,20,11,1567561420,,,1002,492,1008,467,995,518,0.08437,0.12818,-0.98816,-0.02905,0.14675,-0.98875,4.053,4.414,4.234,,,,Valid,Valid,225.7,51.5,588.5,289.8,54.2,589.5,275.9,127.8,272.4,141.7,0.5218,0.4559,0.5251,0.4325,0.5185,0.4793,Screen Recording,Screen Recording Recording16.mp4,1920,1080,0,0,960,540,Fixation,156,410,1000,503,0.5208,0.4659,,,,,,,,,,,
176989576,1606456714,Eye Tracker,LipReading,08/25/2025,YanTianming,Recording16,05/10/2025,05/10/2025,14:25:35.695,06:25:35.695,387686,Timeline1,Tobii I-VT (Fixation),1.241.54219,1080,1920,10.0,5.1,9.5,10.6,0.53,1.02,1.13,19,35,39,6.6,5.5,2.9,0.7,0.62,0.32,24,20,11,1567565420,,,993,501,1003,475,983,527,0.08183,0.13196,-0.98787,-0.03489,0.15089,-0.98793,4.046,4.431,4.242,,,,Valid,Valid,225.7,51.5,588.5,289.8,54.2,589.5,274.4,130.1,268.9,144.2,0.517,0.4641,0.5222,0.4402,0.5118,0.4879,Screen Recording,Screen Recording Recording16.mp4,1920,1080,0,0,960,540,Saccade,8,548,,,,,,,,,,,,,,,
176993576,1606460714,Eye Tracker,LipReading,08/25/2025,YanTianming,Recording16,05/10/2025,05/10/2025,14:25:35.695,06:25:35.695,387686,Timeline1,Tobii I-VT (Fixation),1.241.54219,1080,1920,10.0,5.1,9.5,10.6,0.53,1.02,1.13,19,35,39,6.6,5.5,2.9,0.7,0.62,0.32,24,20,11,1567569420,,,1000,523,1006,502,993,544,0.08331,0.14414,-0.98604,-0.03023,0.15836,-0.98692,4.084,4.411,4.251,,,,Valid,Valid,225.7,51.5,588.5,289.8,54.2,589.5,275.4,137.5,271.7,148.8,0.5206,0.4843,0.5241,0.4652,0.5171,0.5034,Screen Recording,Screen Recording Recording16.mp4,1920,1080,0,0,960,540,Saccade,8,548,,,,,,,,,,,,,,,
176997576,1606464714,Eye Tracker,LipReading,08/25/2025,YanTianming,Recording16,05/10/2025,05/10/2025,14:25:35.695,06:25:35.695,387686,Timeline1,Tobii I-VT (Fixation),1.241.54219,1080,1920,10.0,5.1,9.5,10.6,0.53,1.02,1.13,19,35,39,6.6,5.5,2.9,0.7,0.62,0.32,24,20,11,1567573420,,,1000,526,1005,521,994,532,0.08244,0.15226,-0.9849,-0.02952,0.15305,-0.98778,4.121,4.418,4.265,,,,Valid,Valid,225.7,51.5,588.5,289.8,54.2,589.5,274.9,142.5,272.1,145.5,0.5206,0.4872,0.5232,0.482,0.5179,0.4923,Screen Recording,Screen Recording Recording16.mp4,1920,1080,0,0,960,540,Fixation,252,411,1002,515,0.5217,0.4765,,,,,,,,,,,
177001576,1606468714,Eye Tracker,LipReading,08/25/2025,YanTianming,Recording16,05/10/2025,05/10/2025,14:25:35.695,06:25:35.695,387686,Timeline1,Tobii I-VT (Fixation),1.241.54219,1080,1920,10.0,5.1,9.5,10.6,0.53,1.02,1.13,19,35,39,6.6,5.5,2.9,0.7,0.62,0.32,24,20,11,1567577420,,,999,522,1007,516,990,527,0.08365,0.15016,-0.98512,-0.03148,0.15113,-0.98801,4.119,4.455,4.271,,,,Valid,Valid,225.7,51.5,588.5,289.8,54.2,589.5,275.6,141.2,271.0,144.3,0.5201,0.483,0.5246,0.4776,0.5157,0.4883,Screen Recording,Screen Recording Recording16.mp4,1920,1080,0,0,960,540,Fixation,252,411,1002,515,0.5217,0.4765,,,,,,,,,,,
177005576,1606472714,Eye Tracker,LipReading,08/25/2025,YanTianming,Recording16,05/10/2025,05/10/2025,14:25:35.695,06:25:35.695,387686,Timeline1,Tobii I-VT (Fixation),1.241.54219,1080,1920,10.0,5.1,9.5,10.6,0.53,1.02,1.13,19,35,39,6.6,5.5,2.9,0.7,0.62,0.32,24,20,11,1567581420,,,1000,503,1016,490,984,515,0.08786,0.13863,-0.98644,-0.0341,0.1456,-0.98876,4.1,4.47,4.271,,,,Valid,Valid,225.7,51.5,588.5,289.8,54.2,589.5,278.1,134.2,269.4,141.0,0.521,0.4655,0.5292,0.454,0.5128,0.4769,Screen Recording,Screen Recording Recording16.mp4,1920,1080,0,0,960,540,Fixation,252,411,1002,515,0.5217,0.4765,,,,,,,,,,,
177009576,1606476714,Eye Tracker,LipReading,08/25/2025,YanTianming,Recording16,05/10/2025,05/10/2025,14:25:35.695,06:25:35.695,387686,Timeline1,Tobii I-VT (Fixation),1.241.54219,1080,1920,10.0,5.1,9.5,10.6,0.53,1.02,1.13,19,35,39,6.6,5.5,2.9,0.7,0.62,0.32,24,20,11,1567585420,,,995,512,1005,498,986,525,0.08282,0.14233,-0.98635,-0.03356,0.15012,-0.9881,4.091,4.443,4.267,,,,Valid,Valid,225.6,51.5,588.5,289.7,54.1,589.5,275.0,136.4,269.7,143.7,0.5184,0.4739,0.5234,0.4615,0.5133,0.4862,Screen Recording,Screen Recording Recording16.mp4,1920,1080,0,0,960,540,Fixation,252,411,1002,515,0.5217,0.4765,,,,,,,,,,,
177013576,1606480714,Eye Tracker,LipReading,08/25/2025,YanTianming,Recording16,05/10/2025,05/10/2025,14:25:35.695,06:25:35.695,387686,Timeline1,Tobii I-VT (Fixation),1.241.54219,1080,1920,10.0,5.1,9.5,10.6,0.53,1.02,1.13,19,35,39,6.6,5.5,2.9,0.7,0.62,0.32,24,20,11,1567589420,,,1004,500,1009,468,999,531,0.08482,0.1288,-0.98804,-0.02714,0.1528,-0.98788,4.022,4.36,4.243,,,,Valid,Valid,225.6,51.5,588.4,289.7,54.1,589.6,276.1,128.2,273.5,145.3,0.523,0.4627,0.5255,0.4338,0.5206,0.4917,Screen Recording,Screen Recording Recording16.mp4,1920,1080,0,0,960,540,Fixation,252,411,1002,515,0.5217,0.4765,,,,,,,,,,,
177017576,1606484714,Eye Tracker,LipReading,08/25/2025,YanTianming,Recording16,05/10/2025,05/10/2025,14:25:35.695,06:25:35.695,387686,Timeline1,Tobii I-VT (Fixation),1.241.54219,1080,1920,10.0,5.1,9.5,10.6,0.53,1.02,1.13,19,35,39,6.6,5.5,2.9,0.7,0.62,0.32,24,20,11,1567593420,,,1002,496,1009,467,994,525,0.08495,0.128,-0.98813,-0.02944,0.14989,-0.98826,4.031,4.357,4.242,,,,Valid,Valid,225.6,51.5,588.4,289.7,54.1,589.5,276.2,127.7,272.1,143.6,0.5218,0.4589,0.5256,0.4321,0.5179,0.4857,Screen Recording,Screen Recording Recording16.mp4,1920,1080,0,0,960,540,Fixation,252,411,1002,515,0.5217,0.4765,,,,,,,,,,,
177021576,1606488714,Eye Tracker,LipReading,08/25/2025,YanTianming,Recording16,05/10/2025,05/10/2025,14:25:35.695,06:25:35.695,387686,Timeline1,Tobii I-VT (Fixation),1.241.54219,1080,1920,10.0,5.1,9.5,10.6,0.53,1.02,1.13,19,35,39,6.6,5.5,2.9,0.7,0.62,0.32,24,20,11,1567597420,,,998,512,1005,510,990,514,0.08308,0.14739,-0.98558,-0.03144,0.14514,-0.98891,4.102,4.396,4.242,,,,Valid,Valid,225.5,51.5,588.4,289.7,54.1,589.5,275.1,139.5,270.9,140.7,0.5196,0.4739,0.5236,0.472,0.5156,0.4759,Screen Recording,Screen Recording Recording16.mp4,1920,1080,0,0,960,540,Fixation,252,411,1002,515,0.5217,0.4765,,,,,,,,,,,
177025576,1606492714,Eye Tracker,LipReading,08/25/2025,YanTianming,Recording16,05/10/2025,05/10/2025,14:25:35.695,06:25:35.695,387686,Timeline1,Tobii I-VT (Fixation),1.241.54219,1080,1920,10.0,5.1,9.5,10.6,0.53,1.02,1.13,19,35,39,6.6,5.5,2.9,0.7,0.62,0.32,24,20,11,1567601420,,,999,518,1010,504,988,533,0.08513,0.14491,-0.98578,-0.03204,0.15353,-0.98763,4.087,4.439,4.259,,,,Valid,Valid,225.5,51.5,588.4,289.6,54.1,589.5,276.3,138.0,270.5,145.8,0.5203,0.4801,0.5259,0.4669,0.5148,0.4933,Screen Recording,Screen Recording Recording16.mp4,1920,1080,0,0,960,540,Fixation,252,411,1002,515,0.5217,0.4765,,,,,,,,,,,
177029576,1606496714,Eye Tracker,LipReading,08/25/2025,YanTianming,Recording16,05/10/2025,05/10/2025,14:25:35.695,06:25:35.695,387686,Timeline1,Tobii I-VT (Fixation),1.241.54219,1080,1920,10.0,5.1,9.5,10.6,0.53,1.02,1.13,19,35,39,6.6,5.5,2.9,0.7,0.62,0.32,24,20,11,1567605420,,,1000,515,1012,510,988,520,0.08628,0.1476,-0.98528,-0.03223,0.148,-0.98846,4.113,4.465,4.259,,,,Valid,Valid,225.5,51.5,588.4,289.6,54.2,589.5,277.0,139.6,270.4,142.4,0.5208,0.4772,0.5272,0.4725,0.5145,0.4819,Screen Recording,Screen Recording Recording16.mp4,1920,1080,0,0,960,540,Fixation,252,411,1002,515,0.5217,0.4765,,,,,,,,,,,
177033576,1606500714,Eye Tracker,LipReading,08/25/2025,YanTianming,Recording16,05/10/2025,05/10/2025,14:25:35.695,06:25:35.695,387686,Timeline1,Tobii I-VT (Fixation),1.241.54219,1080,1920,10.0,5.1,9.5,10.6,0.53,1.02,1.13,19,35,39,6.6,5.5,2.9,0.7,0.62,0.32,24,20,11,1567609420,,,1001,493,1010,481,992,505,0.08574,0.13462,-0.98718,-0.03013,0.14125,-0.98952,4.064,4.431,4.248,,,,Valid,Valid,225.4,51.5,588.4,289.5,54.2,589.5,276.5,131.7,271.6,138.3,0.5216,0.4568,0.5263,0.4457,0.5169,0.4679,Screen Recording,Screen Recording Recording16.mp4,1920,1080,0,0,960,540,Fixation,252,411,1002,515,0.5217,0.4765,,,,,,,,,,,
177037576,1606504714,Eye Tracker,LipReading,08/25/2025,YanTianming,Recording16,05/10/2025,05/10/2025,14:25:35.695,06:25:35.695,387686,Timeline1,Tobii I-VT (Fixation),1.241.54219,1080,1920,10.0,5.1,9.5,10.6,0.53,1.02,1.13,19,35,39,6.6,5.5,2.9,0.7,0.62,0.32,24,20,11,1567613420,,,1004,505,1012,467,995,544,0.08646,0.12798,-0.988,-0.02857,0.15859,-0.98693,4.025,4.351,4.228,,,,Valid,Valid,225.4,51.5,588.4,289.5,54.1,589.5,276.9,127.7,272.4,148.9,0.5227,0.4679,0.5269,0.4321,0.5185,0.5037,Screen Recording,Screen Recording Recording16.mp4,1920,1080,0,0,960,540,Fixation,252,411,1002,515,0.5217,0.4765,,,,,,,,,,,
177041576,1606508714,Eye Tracker,LipReading,08/25/2025,YanTianming,Recording16,05/10/2025,05/10/2025,14:25:35.695,06:25:35.695,387686,Timeline1,Tobii I-VT (Fixation),1.241.54219,1080,1920,10.0,5.1,9.5,10.6,0.53,1.02,1.13,19,35,39,6.6,5.5,2.9,0.7,0.62,0.32,24,20,11,1567617420,,,1002,514,1016,492,988,535,0.08817,0.13943,-0.9863,-0.03199,0.15455,-0.98747,4.049,4.402,4.228,,,,Valid,Valid,225.3,51.5,588.4,289.5,54.1,589.5,277.9,134.7,270.4,146.4,0.5217,0.4755,0.5289,0.4557,0.5145,0.4953,Screen Recording,Screen Recording Recording16.mp4,1920,1080,0,0,960,540,Fixation,252,411,1002,515,0.5217,0.4765,,,,,,,,,,,
177045576,1606512714,Eye Tracker,LipReading,08/25/2025,YanTianming,Recording16,05/10/2025,05/10/2025,14:25:35.695,06:25:35.695,387686,Timeline1,Tobii I-VT (Fixation),1.241.54219,1080,1920,10.0,5.1,9.5,10.6,0.53,1.02,1.13,19,35,39,6.6,5.5,2.9,0.7,0.62,0.32,24,20,11,1567621420,,,1000,514,1011,495,989,534,0.08605,0.1409,-0.98628,-0.03144,0.15389,-0.98759,4.053,4.385,4.228,,,,Valid,Valid,225.3,51.5,588.4,289.4,54.1,589.5,276.6,135.6,270.6,146.0,0.5207,0.4763,0.5264,0.4586,0.515,0.494,Screen Recording,Screen Recording Recording16.mp4,1920,1080,0,0,960,540,Fixation,252,411,1002,515,0.5217,0.4765,,,,,,,,,,,
177049576,1606516714,Eye Tracker,LipReading,08/25/2025,YanTianming,Recording16,05/10/2025,05/10/2025,14:25:35.695,06:25:35.695,387686,Timeline1,Tobii I-VT (Fixation),1.241.54219,1080,1920,10.0,5.1,9.5,10.6,0.53,1.02,1.13,19,35,39,6.6,5.5,2.9,0.7,0.62,0.32,24,20,11,1567625420,,,1005,494,1015,501,995,487,0.08784,0.14325,-0.98578,-0.02875,0.13305,-0.99069,4.08,4.462,4.231,,,,Valid,Valid,225.2,51.5,588.4,289.3,54.2,589.5,277.7,137.0,272.2,133.3,0.5233,0.4573,0.5284,0.4635,0.5181,0.4511,Screen Recording,Screen Recording Recording16.mp4,1920,1080,0,0,960,540,Fixation,252,411,1002,515,0.5217,0.4765,,,,,,,,,,,
177053576,1606520714,Eye Tracker,LipReading,08/25/2025,YanTianming,Recording16,05/10/2025,05/10/2025,14:25:35.695,06:25:35.695,387686,Timeline1,Tobii I-VT (Fixation),1.241.54219,1080,1920,10.0,5.1,9.5,10.6,0.53,1.02,1.13,19,35,39,6.6,5.5,2.9,0.7,0.62,0.32,24,20,11,1567629420,,,1004,497,1012,481,996,513,0.08706,0.13437,-0.9871,-0.02821,0.14453,-0.9891,4.06,4.433,4.233,,,,Valid,Valid,225.2,51.5,588.3,289.3,54.1,589.5,277.1,131.6,272.5,140.3,0.5229,0.46,0.5273,0.4453,0.5186,0.4746,Screen Recording,Screen Recording Recording16.mp4,1920,1080,0,0,960,540,Fixation,252,411,1002,515,0.5217,0.4765,,,,,,,,,,,
177057576,1606524714,Eye Tracker,LipReading,08/25/2025,YanTianming,Recording16,05/10/2025,05/10/2025,14:25:35.695,06:25:35.695,387686,Timeline1,Tobii I-VT (Fixation),1.241.54219,1080,1920,10.0,5.1,9.5,10.6,0.53,1.02,1.13,19,35,39,6.6,5.5,2.9,0.7,0.62,0.32,24,20,11,1567633420,,,1001,511,1017,500,986,523,0.0892,0.14276,-0.98573,-0.03272,0.1492,-0.98827,4.071,4.395,4.233,,,,Valid,Valid,225.1,51.5,588.3,289.3,54.1,589.5,278.4,136.7,269.7,143.1,0.5216,0.4734,0.5298,0.4626,0.5134,0.4843,Screen Recording,Screen Recording Recording16.mp4,1920,1080,0,0,960,540,Fixation,252,411,1002,515,0.5217,0.4765,,,,,,,,,,,
177061576,1606528714,Eye Tracker,LipReading,08/25/2025,YanTianming,Recording16,05/10/2025,05/10/2025,14:25:35.695,06:25:35.695,387686,Timeline1,Tobii I-VT (Fixation),1.241.54219,1080,1920,10.0,5.1,9.5,10.6,0.53,1.02,1.13,19,35,39,6.6,5.5,2.9,0.7,0.62,0.32,24,20,11,1567637420,,,1002,515,1014,506,989,525,0.08798,0.14562,-0.98542,-0.03102,0.14993,-0.98821,4.097,4.388,4.233,,,,Valid,Valid,225.1,51.5,588.3,289.2,54.2,589.4,277.6,138.5,270.7,143.6,0.5218,0.4772,0.5283,0.4684,0.5152,0.4859,Screen Recording,Screen Recording Recording16.mp4,1920,1080,0,0,960,540,Fixation,252,411,1002,515,0.5217,0.4765,,,,,,,,,,,
177065576,1606532714,Eye Tracker,LipReading,08/25/2025,YanTianming,Recording16,05/10/2025,05/10/2025,14:25:35.695,06:25:35.695,387686,Timeline1,Tobii I-VT (Fixation),1.241.54219,1080,1920,10.0,5.1,9.5,10.6,0.53,1.02,1.13,19,35,39,6.6,5.5,2.9,0.7,0.62,0.32,24,20,11,1567641420,,,1006,508,1016,480,995,536,0.08884,0.134,-0.98699,-0.02803,0.15482,-0.98754,4.036,4.388,4.235,,,,Valid,Valid,225.0,51.5,588.4,289.1,54.2,589.4,278.0,131.4,272.4,146.6,0.5238,0.4702,0.5291,0.4445,0.5184,0.4959,Screen Recording,Screen Recording Recording16.mp4,1920,1080,0,0,960,540,Fixation,252,411,1002,515,0.5217,0.4765,,,,,,,,,,,
177069576,1606536714,Eye Tracker,LipReading,08/25/2025,YanTianming,Recording16,05/10/2025,05/10/2025,14:25:35.695,06:25:35.695,387686,Timeline1,Tobii I-VT (Fixation),1.241.54219,1080,1920,10.0,5.1,9.5,10.6,0.53,1.02,1.13,19,35,39,6.6,5.5,2.9,0.7,0.62,0.32,24,20,11,1567645420,,,1003,513,1012,510,993,517,0.08696,0.14722,-0.98527,-0.02904,0.14671,-0.98875,4.101,4.433,4.235,,,,Valid,Valid,225.0,51.5,588.3,289.1,54.1,589.5,276.9,139.4,271.8,141.6,0.5222,0.4755,0.527,0.4718,0.5173,0.4791,Screen Recording,Screen Recording Recording16.mp4,1920,1080,0,0,960,540,Fixation,252,411,1002,515,0.5217,0.4765,,,,,,,,,,,
177073576,1606540714,Eye Tracker,LipReading,08/25/2025,YanTianming,Recording16,05/10/2025,05/10/2025,14:25:35.695,06:25:35.695,387686,Timeline1,Tobii I-VT (Fixation),1.241.54219,1080,1920,10.0,5.1,9.5,10.6,0.53,1.02,1.13,19,35,39,6.6,5.5,2.9,0.7,0.62,0.32,24,20,11,1567649420,,,1005,508,1016,502,993,515,0.08909,0.14366,-0.98561,-0.02893,0.14568,-0.98891,4.081,4.357,4.219,,,,Valid,Valid,225.0,51.5,588.3,289.1,54.1,589.5,278.1,137.3,271.8,141.0,0.5233,0.4707,0.5293,0.4644,0.5174,0.4769,Screen Recording,Screen Recording Recording16.mp4,1920,1080,0,0,960,540,Fixation,252,411,1002,515,0.5217,0.4765,,,,,,,,,,,
177077573,1606544711,Eye Tracker,LipReading,08/25/2025,YanTianming,Recording16,05/10/2025,05/10/2025,14:25:35.695,06:25:35.695,387686,Timeline1,Tobii I-VT (Fixation),1.241.54219,1080,1920,10.0,5.1,9.5,10.6,0.53,1.02,1.13,19,35,39,6.6,5.5,2.9,0.7,0.62,0.32,24,20,11,1567653417,,,1001,510,1016,477,986,542,0.08893,0.13279,-0.98715,-0.03236,0.15781,-0.98694,4.017,4.354,4.219,,,,Valid,Valid,224.9,51.5,588.3,289.1,54.1,589.5,277.9,130.6,269.7,148.4,0.5211,0.472,0.5289,0.442,0.5133,0.5021,Screen Recording,Screen Recording Recording16.mp4,1920,1080,0,0,960,540,Fixation,252,411,1002,515,0.5217,0.4765,,,,,,,,,,,
177081572,1606548710,Eye Tracker,LipReading,08/25/2025,YanTianming,Recording16,05/10/2025,05/10/2025,14:25:35.695,06:25:35.695,387686,Timeline1,Tobii I-VT (Fixation),1.241.54219,1080,1920,10.0,5.1,9.5,10.6,0.53,1.02,1.13,19,35,39,6.6,5.5,2.9,0.7,0.62,0.32,24,20,11,1567657417,,,1014,511,1023,509,1005,514,0.09233,0.14685,-0.98484,-0.02358,0.14527,-0.98911,4.096,4.327,4.216,,,,Valid,Valid,224.9,51.5,588.3,289.0,54.1,589.5,280.1,139.2,275.0,140.7,0.5281,0.4736,0.533,0.4711,0.5233,0.4761,Screen Recording,Screen Recording Recording16.mp4,1920,1080,0,0,960,540,Fixation,252,411,1002,515,0.5217,0.4765,,,,,,,,,,,
177085572,1606552710,Eye Tracker,LipReading,08/25/2025,YanTianming,Recording16,05/10/2025,05/10/2025,14:25:35.695,06:25:35.695,387686,Timeline1,Tobii I-VT (Fixation),1.241.54219,1080,1920,10.0,5.1,9.5,10.6,0.53,1.02,1.13,19,35,39,6.6,5.5,2.9,0.7,0.62,0.32,24,20,11,1567661417,,,1001,508,1015,494,986,522,0.0885,0.14042,-0.98613,-0.03189,0.14879,-0.98836,4.066,4.366,4.219,,,,Valid,Valid,224.9,51.5,588.3,289.0,54.2,589.4,277.7,135.3,270.0,142.9,0.5211,0.4706,0.5285,0.4577,0.5138,0.4835,Screen Recording,Screen Recording Recording16.mp4,1920,1080,0,0,960,540,Fixation,252,411,1002,515,0.5217,0.4765,,,,,,,,,,,
177089572,1606556710,Eye Tracker,LipReading,08/25/2025,YanTianming,Recording16,05/10/2025,05/10/2025,14:25:35.695,06:25:35.695,387686,Timeline1,Tobii I-VT (Fixation),1.241.54219,1080,1920,10.0,5.1,9.5,10.6,0.53,1.02,1.13,19,35,39,6.6,5.5,2.9,0.7,0.62,0.32,24,20,11,1567665417,,,1003,506,1011,496,995,515,0.087,0.14139,-0.98612,-0.02778,0.1457,-0.98894,4.076,4.404,4.221,,,,Valid,Valid,224.9,51.5,588.3,289.0,54.2,589.3,276.8,135.9,272.4,141.0,0.5226,0.4684,0.5267,0.4597,0.5184,0.4771,Screen Recording,Screen Recording Recording16.mp4,1920,1080,0,0,960,540,Fixation,252,411,1002,515,0.5217,0.4765,,,,,,,,,,,
177093572,1606560710,Eye Tracker,LipReading,08/25/2025,YanTianming,Recording16,05/10/2025,05/10/2025,14:25:35.695,06:25:35.695,387686,Timeline1,Tobii I-VT (Fixation),1.241.54219,1080,1920,10.0,5.1,9.5,10.6,0.53,1.02,1.13,19,35,39,6.6,5.5,2.9,0.7,0.62,0.32,24,20,11,1567669417,,,1004,522,1013,508,995,536,0.08756,0.14679,-0.98528,-0.02786,0.15514,-0.9875,4.084,4.362,4.221,,,,Valid,Valid,224.8,51.5,588.3,288.9,54.2,589.3,277.1,139.2,272.3,146.8,0.5228,0.4837,0.5274,0.4708,0.5183,0.4966,Screen Recording,Screen Recording Recording16.mp4,1920,1080,0,0,960,540,Fixation,252,411,1002,515,0.5217,0.4765,,,,,,,,,,,
177097572,1606564710,Eye Tracker,LipReading,08/25/2025,YanTianming,Recording16,05/10/2025,05/10/2025,14:25:35.695,06:25:35.695,387686,Timeline1,Tobii I-VT (Fixation),1.241.54219,1080,1920,10.0,5.1,9.5,10.6,0.53,1.02,1.13,19,35,39,6.6,5.5,2.9,0.7,0.62,0.32,24,20,11,1567673417,,,1007,501,1014,494,999,508,0.08848,0.14035,-0.98614,-0.026,0.14246,-0.98946,4.076,4.39,4.233,,,,Valid,Valid,224.8,51.5,588.2,288.9,54.2,589.4,277.6,135.2,273.5,139.0,0.5244,0.464,0.5283,0.4576,0.5204,0.4703,Screen Recording,Screen Recording Recording16.mp4,1920,1080,0,0,960,540,Fixation,252,411,1002,515,0.5217,0.4765,,,,,,,,,,,
177101572,1606568710,Eye Tracker,LipReading,08/25/2025,YanTianming,Recording16,05/10/2025,05/10/2025,14:25:35.695,06:25:35.695,387686,Timeline1,Tobii I-VT (Fixation),1.241.54219,1080,1920,10.0,5.1,9.5,10.6,0.53,1.02,1.13,19,35,39,6.6,5.5,2.9,0.7,0.62,0.32,24,20,11,1567677417,,,1004,509,1012,484,997,533,0.0873,0.13573,-0.98689,-0.02712,0.15384,-0.98772,4.037,4.353,4.205,,,,Valid,Valid,224.8,51.5,588.3,288.9,54.2,589.3,276.9,132.4,272.7,146.0,0.523,0.4709,0.5269,0.448,0.5191,0.4938,Screen Recording,Screen Recording Recording16.mp4,1920,1080,0,0,960,540,Fixation,252,411,1002,515,0.5217,0.4765,,,,,,,,,,,
177105572,1606572710,Eye Tracker,LipReading,08/25/2025,YanTianming,Recording16,05/10/2025,05/10/2025,14:25:35.695,06:25:35.695,387686,Timeline1,Tobii I-VT (Fixation),1.241.54219,1080,1920,10.0,5.1,9.5,10.6,0.53,1.02,1.13,19,35,39,6.6,5.5,2.9,0.7,0.62,0.32,24,20,11,1567681417,,,1006,495,1014,483,998,507,0.08859,0.13549,-0.98681,-0.02637,0.14187,-0.98953,4.038,4.407,4.199,,,,Valid,Valid,224.8,51.5,588.2,288.9,54.2,589.3,277.6,132.3,273.2,138.7,0.5242,0.4584,0.5284,0.4476,0.52,0.4692,Screen Recording,Screen Recording Recording16.mp4,1920,1080,0,0,960,540,Fixation,252,411,1002,515,0.5217,0.4765,,,,,,,,,,,
177109572,1606576710,Eye Tracker,LipReading,08/25/2025,YanTianming,Recording16,05/10/2025,05/10/2025,14:25:35.695,06:25:35.695,387686,Timeline1,Tobii I-VT (Fixation),1.241.54219,1080,1920,10.0,5.1,9.5,10.6,0.53,1.02,1.13,19,35,39,6.6,5.5,2.9,0.7,0.62,0.32,24,20,11,1567685417,,,1006,504,1014,478,998,529,0.08828,0.13327,-0.98714,-0.02662,0.15193,-0.98803,4.047,4.355,4.196,,,,Valid,Valid,224.8,51.5,588.2,288.9,54.2,589.3,277.4,131.0,273.1,144.8,0.5238,0.4665,0.528,0.4431,0.5197,0.49,Screen Recording,Screen Recording Recording16.mp4,1920,1080,0,0,960,540,Fixation,252,411,1002,515,0.5217,0.4765,,,,,,,,,,,
177113572,1606580710,Eye Tracker,LipReading,08/25/2025,YanTianming,Recording16,05/10/2025,05/10/2025,14:25:35.695,06:25:35.695,387686,Timeline1,Tobii I-VT (Fixation),1.241.54219,1080,1920,10.0,5.1,9.5,10.6,0.53,1.02,1.13,19,35,39,6.6,5.5,2.9,0.7,0.62,0.32,24,20,11,1567689417,,,1007,505,1015,498,998,511,0.08879,0.14207,-0.98587,-0.02664,0.14395,-0.98923,4.038,4.361,4.196,,,,Valid,Valid,224.8,51.5,588.2,289.0,54.2,589.3,277.8,136.3,273.1,140.0,0.5242,0.4673,0.5287,0.4612,0.5197,0.4735,Screen Recording,Screen Recording Recording16.mp4,1920,1080,0,0,960,540,Fixation,252,411,1002,515,0.5217,0.4765,,,,,,,,,,,
177117572,1606584710,Eye Tracker,LipReading,08/25/2025,YanTianming,Recording16,05/10/2025,05/10/2025,14:25:35.695,06:25:35.695,387686,Timeline1,Tobii I-VT (Fixation),1.241.54219,1080,1920,10.0,5.1,9.5,10.6,0.53,1.02,1.13,19,35,39,6.6,5.5,2.9,0.7,0.62,0.32,24,20,11,1567693417,,,999,514,1010,487,989,540,0.08636,0.13725,-0.98677,-0.03059,0.15694,-0.98713,4.039,4.343,4.197,,,,Valid,Valid,224.9,51.5,588.3,289.0,54.2,589.3,276.3,133.3,270.7,147.9,0.5206,0.4758,0.5259,0.4512,0.5152,0.5004,Screen Recording,Screen Recording Recording16.mp4,1920,1080,0,0,960,540,Fixation,252,411,1002,515,0.5217,0.4765,,,,,,,,,,,
177121572,1606588710,Eye Tracker,LipReading,08/25/2025,YanTianming,Recording16,05/10/2025,05/10/2025,14:25:35.695,06:25:35.695,387686,Timeline1,Tobii I-VT (Fixation),1.241.54219,1080,1920,10.0,5.1,9.5,10.6,0.53,1.02,1.13,19,35,39,6.6,5.5,2.9,0.7,0.62,0.32,24,20,11,1567697417,,,1003,516,1014,503,991,530,0.08812,0.14433,-0.9856,-0.02963,0.15213,-0.98792,4.036,4.332,4.2,,,,Valid,Valid,224.9,51.5,588.3,289.0,54.2,589.3,277.5,137.7,271.3,144.9,0.5222,0.4781,0.5281,0.4658,0.5164,0.4904,Screen Recording,Screen Recording Recording16.mp4,1920,1080,0,0,960,540,Fixation,252,411,1002,515,0.5217,0.4765,,,,,,,,,,,
177125572,1606592710,Eye Tracker,LipReading,08/25/2025,YanTianming,Recording16,05/10/2025,05/10/2025,14:25:35.695,06:25:35.695,387686,Timeline1,Tobii I-VT (Fixation),1.241.54219,1080,1920,10.0,5.1,9.5,10.6,0.53,1.02,1.13,19,35,39,6.6,5.5,2.9,0.7,0.62,0.32,24,20,11,1567701417,,,996,528,1010,521,982,535,0.08613,0.15248,-0.98455,-0.03379,0.15445,-0.98742,4.05,4.374,4.195,,,,Valid,Valid,224.9,51.5,588.2,289.0,54.2,589.3,276.4,142.7,268.9,146.4,0.5188,0.4889,0.5259,0.4827,0.5117,0.4952,Screen Recording,Screen Recording Recording16.mp4,1920,1080,0,0,960,540,Fixation,252,411,1002,515,0.5217,0.4765,,,,,,,,,,,
177129572,1606596710,Eye Tracker,LipReading,08/25/2025,YanTianming,Recording16,05/10/2025,05/10/2025,14:25:35.695,06:25:35.695,387686,Timeline1,Tobii I-VT (Fixation),1.241.54219,1080,1920,10.0,5.1,9.5,10.6,0.53,1.02,1.13,19,35,39,6.6,5.5,2.9,0.7,0.62,0.32,24,20,11,1567705417,,,996,519,1009,500,983,538,0.08593,0.14285,-0.98601,-0.03376,0.15606,-0.98717,4.049,4.365,4.199,,,,Valid,Valid,224.9,51.6,588.2,289.1,54.2,589.4,276.2,136.8,268.9,147.3,0.5187,0.4807,0.5256,0.4628,0.5118,0.4985,Screen Recording,Screen Recording Recording16.mp4,1920,1080,0,0,960,540,Fixation,252,411,1002,515,0.5217,0.4765,,,,,,,,,,,
177133572,1606600710,Eye Tracker,LipReading,08/25/2025,YanTianming,Recording16,05/10/2025,05/10/2025,14:25:35.695,06:25:35.695,387686,Timeline1,Tobii I-VT (Fixation),1.241.54219,1080,1920,10.0,5.1,9.5,10.6,0.53,1.02,1.13,19,35,39,6.6,5.5,2.9,0.7,0.62,0.32,24,20,11,1567709417,,,1000,514,1012,490,988,539,0.08739,0.13841,-0.98651,-0.03117,0.15614,-0.98724,4.02,4.351,4.201,,,,Valid,Valid,225.0,51.6,588.2,289.1,54.2,589.4,277.1,134.1,270.5,147.4,0.521,0.4762,0.5273,0.4537,0.5148,0.4987,Screen Recording,Screen Recording Recording16.mp4,1920,1080,0,0,960,540,Fixation,252,411,1002,515,0.5217,0.4765,,,,,,,,,,,
177137572,1606604710,Eye Tracker,LipReading,08/25/2025,YanTianming,Recording16,05/10/2025,05/10/2025,14:25:35.695,06:25:35.695,387686,Timeline1,Tobii I-VT (Fixation),1.241.54219,1080,1920,10.0,5.1,9.5,10.6,0.53,1.02,1.13,19,35,39,6.6,5.5,2.9,0.7,0.62,0.32,24,20,11,1567713417,,,1003,516,1009,500,997,531,0.08561,0.14284,-0.98604,-0.02728,0.15289,-0.98787,4.04,4.359,4.197,,,,Valid,Valid,225.0,51.6,588.1,289.1,54.2,589.3,276.1,136.8,272.8,145.4,0.5223,0.4774,0.5254,0.4629,0.5193,0.492,Screen Recording,Screen Recording Recording16.mp4,1920,1080,0,0,960,540,Fixation,252,411,1002,515,0.5217,0.4765,,,,,,,,,,,
177141572,1606608710,Eye Tracker,LipReading,08/25/2025,YanTianming,Recording16,05/10/2025,05/10/2025,14:25:35.695,06:25:35.695,387686,Timeline1,Tobii I-VT (Fixation),1.241.54219,1080,1920,10.0,5.1,9.5,10.6,0.53,1.02,1.13,19,35,39,6.6,5.5,2.9,0.7,0.62,0.32,24,20,11,1567717417,,,1003,511,1011,509,995,512,0.08639,0.147,-0.98536,-0.02811,0.14422,-0.98915,4.032,4.361,4.196,,,,Valid,Valid,225.0,51.6,588.1,289.1,54.3,589.2,276.6,139.4,272.4,140.2,0.5224,0.4729,0.5264,0.4715,0.5184,0.4742,Screen Recording,Screen Recording Recording16.mp4,1920,1080,0,0,960,540,Fixation,252,411,1002,515,0.5217,0.4765,,,,,,,,,,,
177145572,1606612710,Eye Tracker,LipReading,08/25/2025,YanTianming,Recording16,05/10/2025,05/10/2025,14:25:35.695,06:25:35.695,387686,Timeline1,Tobii I-VT (Fixation),1.241.54219,1080,1920,10.0,5.1,9.5,10.6,0.53,1.02,1.13,19,35,39,6.6,5.5,2.9,0.7,0.62,0.32,24,20,11,1567721417,,,1001,517,1009,506,993,527,0.08556,0.14564,-0.98563,-0.02939,0.15101,-0.9881,4.023,4.362,4.196,,,,Valid,Valid,225.1,51.6,588.2,289.2,54.3,589.2,276.1,138.5,271.7,144.3,0.5213,0.4784,0.5255,0.4686,0.517,0.4883,Screen Recording,Screen Recording Recording16.mp4,1920,1080,0,0,960,540,Fixation,252,411,1002,515,0.5217,0.4765,,,,,,,,,,,
177149572,1606616710,Eye Tracker,LipReading,08/25/2025,YanTianming,Recording16,05/10/2025,05/10/2025,14:25:35.695,06:25:35.695,387686,Timeline1,Tobii I-VT (Fixation),1.241.54219,1080,1920,10.0,5.1,9.5,10.6,0.53,1.02,1.13,19,35,39,6.6,5.5,2.9,0.7,0.62,0.32,24,20,11,1567725417,,,1003,513,1012,510,995,515,0.08665,0.14756,-0.98525,-0.02836,0.14549,-0.98895,4.032,4.332,4.194,,,,Valid,Valid,225.1,51.6,588.2,289.2,54.2,589.2,276.8,139.7,272.3,140.9,0.5226,0.4747,0.5269,0.4727,0.5183,0.4768,Screen Recording,Screen Recording Recording16.mp4,1920,1080,0,0,960,540,Fixation,252,411,1002,515,0.5217,0.4765,,,,,,,,,,,
177153572,1606620710,Eye Tracker,LipReading,08/25/2025,YanTianming,Recording16,05/10/2025,05/10/2025,14:25:35.695,06:25:35.695,387686,Timeline1,Tobii I-VT (Fixation),1.241.54219,1080,1920,10.0,5.1,9.5,10.6,0.53,1.02,1.13,19,35,39,6.6,5.5,2.9,0.7,0.62,0.32,24,20,11,1567729417,,,1000,529,1012,523,988,535,0.08692,0.15304,-0.98439,-0.03175,0.15451,-0.98748,4.067,4.32,4.182,,,,Valid,Valid,225.1,51.6,588.1,289.3,54.2,589.3,277.1,143.1,270.3,146.4,0.5209,0.4897,0.5273,0.484,0.5145,0.4954,Screen Recording,Screen Recording Recording16.mp4,1920,1080,0,0,960,540,Fixation,252,411,1002,515,0.5217,0.4765,,,,,,,,,,,
177157572,1606624710,Eye Tracker,LipReading,08/25/2025,YanTianming,Recording16,05/10/2025,05/10/2025,14:25:35.695,06:25:35.695,387686,Timeline1,Tobii I-VT (Fixation),1.241.54219,1080,1920,10.0,5.1,9.5,10.6,0.53,1.02,1.13,19,35,39,6.6,5.5,2.9,0.7,0.62,0.32,24,20,11,1567733417,,,1000,523,1010,499,990,546,0.08602,0.14249,-0.98605,-0.03097,0.15958,-0.9867,4.03,4.356,4.176,,,,Valid,Valid,225.2,51.6,588.1,289.3,54.2,589.3,276.5,136.6,270.8,149.5,0.5208,0.4841,0.5262,0.4622,0.5154,0.5059,Screen Recording,Screen Recording Recording16.mp4,1920,1080,0,0,960,540,Fixation,252,411,1002,515,0.5217,0.4765,,,,,,,,,,,
177161572,1606628710,Eye Tracker,LipReading,08/25/2025,YanTianming,Recording16,05/10/2025,05/10/2025,14:25:35.695,06:25:35.695,387686,Timeline1,Tobii I-VT (Fixation),1.241.54219,1080,1920,10.0,5.1,9.5,10.6,0.53,1.02,1.13,19,35,39,6.6,5.5,2.9,0.7,0.62,0.32,24,20,11,1567737417,,,1005,520,1011,511,998,528,0.08636,0.14797,-0.98521,-0.02717,0.15137,-0.9881,4.05,4.317,4.175,,,,Valid,Valid,225.2,51.6,588.1,289.3,54.3,589.2,276.8,140.0,273.1,144.5,0.5233,0.4813,0.5267,0.4736,0.5198,0.489,Screen Recording,Screen Recording Recording16.mp4,1920,1080,0,0,960,540,Fixation,252,411,1002,515,0.5217,0.4765,,,,,,,,,,,
177165571,1606632709,Eye Tracker,LipReading,08/25/2025,YanTianming,Recording16,05/10/2025,05/10/2025,14:25:35.695,06:25:35.695,387686,Timeline1,Tobii I-VT (Fixation),1.241.54219,1080,1920,10.0,5.1,9.5,10.6,0.53,1.02,1.13,19,35,39,6.6,5.5,2.9,0.7,0.62,0.32,24,20,11,1567741417,,,997,513,1010,498,984,528,0.08565,0.14183,-0.98618,-0.03364,0.15139,-0.9879,3.997,4.32,4.165,,,,Valid,Valid,225.3,51.6,588.2,289.4,54.3,589.1,276.3,136.2,269.3,144.6,0.5192,0.475,0.5259,0.4608,0.5126,0.4891,Screen Recording,Screen Recording Recording16.mp4,1920,1080,0,0,960,540,Fixation,252,411,1002,515,0.5217,0.4765,,,,,,,,,,,
177169571,1606636709,Eye Tracker,LipReading,08/25/2025,YanTianming,Recording16,05/10/2025,05/10/2025,14:25:35.695,06:25:35.695,387686,Timeline1,Tobii I-VT (Fixation),1.241.54219,1080,1920,10.0,5.1,9.5,10.6,0.53,1.02,1.13,19,35,39,6.6,5.5,2.9,0.7,0.62,0.32,24,20,11,1567745417,,,999,508,1010,492,987,523,0.08592,0.13949,-0.98649,-0.03254,0.14922,-0.98827,3.998,4.344,4.165,,,,Valid,Valid,225.3,51.6,588.2,289.4,54.3,589.1,276.5,134.8,270.0,143.2,0.5201,0.4703,0.5263,0.456,0.5139,0.4846,Screen Recording,Screen Recording Recording16.mp4,1920,1080,0,0,960,540,Fixation,252,411,1002,515,0.5217,0.4765,,,,,,,,,,,
177173571,1606640709,Eye Tracker,LipReading,08/25/2025,YanTianming,Recording16,05/10/2025,05/10/2025,14:25:35.695,06:25:35.695,387686,Timeline1,Tobii I-VT (Fixation),1.241.54219,1080,1920,10.0,5.1,9.5,10.6,0.53,1.02,1.13,19,35,39,6.6,5.5,2.9,0.7,0.62,0.32,24,20,11,1567749417,,,1008,510,1017,494,998,526,0.08905,0.14008,-0.98613,-0.02728,0.15034,-0.98826,4.01,4.307,4.168,,,,Valid,Valid,225.3,51.6,588.1,289.5,54.2,589.2,278.4,135.2,273.2,143.9,0.5249,0.4721,0.5299,0.4574,0.5199,0.4868,Screen Recording,Screen Recording Recording16.mp4,1920,1080,0,0,960,540,Fixation,252,411,1002,515,0.5217,0.4765,,,,,,,,,,,
177177571,1606644709,Eye Tracker,LipReading,08/25/2025,YanTianming,Recording16,05/10/2025,05/10/2025,14:25:35.695,06:25:35.695,387686,Timeline1,Tobii I-VT (Fixation),1.241.54219,1080,1920,10.0,5.1,9.5,10.6,0.53,1.02,1.13,19,35,39,6.6,5.5,2.9,0.7,0.62,0.32,24,20,11,1567753417,,,1000,519,1015,498,984,541,0.08809,0.14176,-0.98597,-0.03372,0.15725,-0.98698,4.032,4.327,4.18,,,,Valid,Valid,225.4,51.7,588.1,289.5,54.2,589.3,277.9,136.2,269.4,148.1,0.5208,0.4809,0.5289,0.4608,0.5126,0.5011,Screen Recording,Screen Recording Recording16.mp4,1920,1080,0,0,960,540,Fixation,252,411,1002,515,0.5217,0.4765,,,,,,,,,,,
177181571,1606648709,Eye Tracker,LipReading,08/25/2025,YanTianming,Recording16,05/10/2025,05/10/2025,14:25:35.695,06:25:35.695,387686,Timeline1,Tobii I-VT (Fixation),1.241.54219,1080,1920,10.0,5.1,9.5,10.6,0.53,1.02,1.13,19,35,39,6.6,5.5,2.9,0.7,0.62,0.32,24,20,11,1567757417,,,999,532,1014,513,985,551,0.08728,0.14849,-0.98505,-0.03356,0.16169,-0.98627,4.058,4.349,4.183,,,,Valid,Valid,225.4,51.7,588.0,289.5,54.2,589.2,277.5,140.3,269.5,150.8,0.5205,0.4925,0.5281,0.4747,0.5128,0.5103,Screen Recording,Screen Recording Recording16.mp4,1920,1080,0,0,960,540,Fixation,252,411,1002,515,0.5217,0.4765,,,,,,,,,,,
177185571,1606652709,Eye Tracker,LipReading,08/25/2025,YanTianming,Recording16,05/10/2025,05/10/2025,14:25:35.695,06:25:35.695,387686,Timeline1,Tobii I-VT (Fixation),1.241.54219,1080,1920,10.0,5.1,9.5,10.6,0.53,1.02,1.13,19,35,39,6.6,5.5,2.9,0.7,0.62,0.32,24,20,11,1567761417,,,1003,535,1012,529,994,541,0.08636,0.15589,-0.98399,-0.0294,0.15718,-0.98713,4.07,4.327,4.183,,,,Valid,Valid,225.4,51.7,588.0,289.5,54.2,589.1,277.0,144.8,272.0,148.1,0.5224,0.4955,0.5272,0.49,0.5176,0.5009,Screen Recording,Screen Recording Recording16.mp4,1920,1080,0,0,960,540,Fixation,252,411,1002,515,0.5217,0.4765,,,,,,,,,,,
177189571,1606656709,Eye Tracker,LipReading,08/25/2025,YanTianming,Recording16,05/10/2025,05/10/2025,14:25:35.695,06:25:35.695,387686,Timeline1,Tobii I-VT (Fixation),1.241.54219,1080,1920,10.0,5.1,9.5,10.6,0.53,1.02,1.13,19,35,39,6.6,5.5,2.9,0.7,0.62,0.32,24,20,11,1567765417,,,1008,519,1019,504,996,533,0.08969,0.14465,-0.98541,-0.02848,0.15364,-0.98772,4.039,4.311,4.183,,,,Valid,Valid,225.4,51.7,588.0,289.5,54.3,589.1,278.9,138.0,272.6,145.9,0.5248,0.4802,0.5309,0.4668,0.5187,0.4937,Screen Recording,Screen Recording Recording16.mp4,1920,1080,0,0,960,540,Fixation,252,411,1002,515,0.5217,0.4765,,,,,,,,,,,
177193571,1606660709,Eye Tracker,LipReading,08/25/2025,YanTianming,Recording16,05/10/2025,05/10/2025,14:25:35.695,06:25:35.695,387686,Timeline1,Tobii I-VT (Fixation),1.241.54219,1080,1920,10.0,5.1,9.5,10.6,0.53,1.02,1.13,19,35,39,6.6,5.5,2.9,0.7,0.62,0.32,24,20,11,1567769417,,,1005,516,1016,512,995,520,0.08795,0.14814,-0.98505,-0.02884,0.1475,-0.98864,4.037,4.296,4.174,,,,Valid,Valid,225.4,51.7,588.0,289.6,54.3,589.0,277.9,140.1,272.4,142.2,0.5237,0.4775,0.529,0.474,0.5184,0.4811,Screen Recording,Screen Recording Recording16.mp4,1920,1080,0,0,960,540,Fixation,252,411,1002,515,0.5217,0.4765,,,,,,,,,,,
177197571,1606664709,Eye Tracker,LipReading,08/25/2025,YanTianming,Recording16,05/10/2025,05/10/2025,14:25:35.695,06:25:35.695,387686,Timeline1,Tobii I-VT (Fixation),1.241.54219,1080,1920,10.0,5.1,9.5,10.6,0.53,1.02,1.13,19,35,39,6.6,5.5,2.9,0.7,0.62,0.32,24,20,11,1567773417,,,1002,528,1018,512,986,544,0.08915,0.14811,-0.98495,-0.03294,0.15857,-0.9868,4.037,4.334,4.174,,,,Valid,Valid,225.5,51.7,588.0,289.6,54.3,589.0,278.7,140.1,269.9,149.0,0.522,0.489,0.5304,0.474,0.5137,0.504,Screen Recording,Screen Recording Recording16.mp4,1920,1080,0,0,960,540,Fixation,252,411,1002,515,0.5217,0.4765,,,,,,,,,,,
177201571,1606668709,Eye Tracker,LipReading,08/25/2025,YanTianming,Recording16,05/10/2025,05/10/2025,14:25:35.695,06:25:35.695,387686,Timeline1,Tobii I-VT (Fixation),1.241.54219,1080,1920,10.0,5.1,9.5,10.6,0.53,1.02,1.13,19,35,39,6.6,5.5,2.9,0.7,0.62,0.32,24,20,11,1567777417,,,1001,520,1013,510,989,529,0.08672,0.14719,-0.9853,-0.03158,0.15195,-0.98788,3.995,4.301,4.175,,,,Valid,Valid,225.5,51.7,588.0,289.6,54.3,589.0,277.2,139.5,270.8,144.9,0.5214,0.4812,0.5276,0.472,0.5153,0.4903,Screen Recording,Screen Recording Recording16.mp4,1920,1080,0,0,960,540,Fixation,252,411,1002,515,0.5217,0.4765,,,,,,,,,,,
177205571,1606672709,Eye Tracker,LipReading,08/25/2025,YanTianming,Recording16,05/10/2025,05/10/2025,14:25:35.695,06:25:35.695,387686,Timeline1,Tobii I-VT (Fixation),1.241.54219,1080,1920,10.0,5.1,9.5,10.6,0.53,1.02,1.13,19,35,39,6.6,5.5,2.9,0.7,0.62,0.32,24,20,11,1567781417,,,1003,510,1016,493,990,527,0.0881,0.13942,-0.98631,-0.03132,0.15066,-0.98809,4.012,4.313,4.179,,,,Valid,Valid,225.5,51.7,587.9,289.6,54.3,588.9,278.0,134.8,270.9,144.1,0.5223,0.4719,0.529,0.4561,0.5156,0.4876,Screen Recording,Screen Recording Recording16.mp4,1920,1080,0,0,960,540,Fixation,252,411,1002,515,0.5217,0.4765,,,,,,,,,,,
177209571,1606676709,Eye Tracker,LipReading,08/25/2025,YanTianming,Recording16,05/10/2025,05/10/2025,14:25:35.695,06:25:35.695,387686,Timeline1,Tobii I-VT (Fixation),1.241.54219,1080,1920,10.0,5.1,9.5,10.6,0.53,1.02,1.13,19,35,39,6.6,5.5,2.9,0.7,0.62,0.32,24,20,11,1567785417,,,996,535,1014,519,978,550,0.087,0.15134,-0.98465,-0.03654,0.16108,-0.98627,4.04,4.327,4.179,,,,Valid,Valid,225.5,51.7,587.9,289.6,54.3,588.9,277.4,142.1,267.8,150.5,0.5188,0.4949,0.528,0.4806,0.5096,0.5092,Screen Recording,Screen Recording Recording16.mp4,1920,1080,0,0,960,540,Fixation,252,411,1002,515,0.5217,0.4765,,,,,,,,,,,
177213571,1606680709,Eye Tracker,LipReading,08/25/2025,YanTianming,Recording16,05/10/2025,05/10/2025,14:25:35.695,06:25:35.695,387686,Timeline1,Tobii I-VT (Fixation),1.241.54219,1080,1920,10.0,5.1,9.5,10.6,0.53,1.02,1.13,19,35,39,6.6,5.5,2.9,0.7,0.62,0.32,24,20,11,1567789417,,,1000,527,1011,523,989,531,0.08567,0.15323,-0.98447,-0.03172,0.15253,-0.98779,4.031,4.328,4.179,,,,Valid,Valid,225.5,51.7,587.9,289.6,54.3,589.0,276.6,143.2,270.7,145.2,0.5208,0.488,0.5264,0.4845,0.5151,0.4914,Screen Recording,Screen Recording Recording16.mp4,1920,1080,0,0,960,540,Fixation,252,411,1002,515,0.5217,0.4765,,,,,,,,,,,
177217571,1606684709,Eye Tracker,LipReading,08/25/2025,YanTianming,Recording16,05/10/2025,05/10/2025,14:25:35.695,06:25:35.695,387686,Timeline1,Tobii I-VT (Fixation),1.241.54219,1080,1920,10.0,5.1,9.5,10.6,0.53,1.02,1.13,19,35,39,6.6,5.5,2.9,0.7,0.62,0.32,24,20,11,1567793417,,,1004,533,1020,532,989,534,0.08985,0.15705,-0.9835,-0.03192,0.154,-0.98756,4.053,4.335,4.179,,,,Valid,Valid,225.4,51.7,587.9,289.6,54.3,588.9,279.2,145.6,270.5,146.2,0.5231,0.4935,0.5313,0.4925,0.5149,0.4945,Screen Recording,Screen Recording Recording16.mp4,1920,1080,0,0,960,540,Fixation,252,411,1002,515,0.5217,0.4765,,,,,,,,,,,
177221571,1606688709,Eye Tracker,LipReading,08/25/2025,YanTianming,Recording16,05/10/2025,05/10/2025,14:25:35.695,06:25:35.695,387686,Timeline1,Tobii I-VT (Fixation),1.241.54219,1080,1920,10.0,5.1,9.5,10.6,0.53,1.02,1.13,19,35,39,6.6,5.5,2.9,0.7,0.62,0.32,24,20,11,1567797417,,,1005,524,1017,515,992,533,0.08877,0.14945,-0.98478,-0.03044,0.15341,-0.98769,4.018,4.304,4.175,,,,Valid,Valid,225.4,51.7,587.9,289.6,54.3,588.9,278.4,140.9,271.4,145.8,0.5232,0.485,0.5299,0.4768,0.5165,0.4933,Screen Recording,Screen Recording Recording16.mp4,1920,1080,0,0,960,540,Fixation,252,411,1002,515,0.5217,0.4765,,,,,,,,,,,
177225571,1606692709,Eye Tracker,LipReading,08/25/2025,YanTianming,Recording16,05/10/2025,05/10/2025,14:25:35.695,06:25:35.695,387686,Timeline1,Tobii I-VT (Fixation),1.241.54219,1080,1920,10.0,5.1,9.5,10.6,0.53,1.02,1.13,19,35,39,6.6,5.5,2.9,0.7,0.62,0.32,24,20,11,1567801417,,,998,516,1011,503,985,528,0.08617,0.14418,-0.98579,-0.03349,0.15128,-0.98792,4.011,4.347,4.179,,,,Valid,Valid,225.4,51.7,587.8,289.6,54.3,588.9,276.8,137.7,269.6,144.5,0.5199,0.4773,0.5268,0.4658,0.5131,0.4888,Screen Recording,Screen Recording Recording16.mp4,1920,1080,0,0,960,540,Fixation,252,411,1002,515,0.5217,0.4765,,,,,,,,,,,
177229570,1606696708,Eye Tracker,LipReading,08/25/2025,YanTianming,Recording16,05/10/2025,05/10/2025,14:25:35.695,06:25:35.695,387686,Timeline1,Tobii I-VT (Fixation),1.241.54219,1080,1920,10.0,5.1,9.5,10.6,0.53,1.02,1.13,19,35,39,6.6,5.5,2.9,0.7,0.62,0.32,24,20,11,1567805417,,,1005,520,1013,505,997,534,0.08687,0.14516,-0.98559,-0.02796,0.15404,-0.98767,4.023,4.31,4.177,,,,Valid,Valid,225.4,51.7,587.9,289.5,54.3,588.9,277.2,138.3,272.9,146.1,0.5234,0.4811,0.5276,0.4678,0.5193,0.4945,Screen Recording,Screen Recording Recording16.mp4,1920,1080,0,0,960,540,Fixation,252,411,1002,515,0.5217,0.4765,,,,,,,,,,,
177233570,1606700708,Eye Tracker,LipReading,08/25/2025,YanTianming,Recording16,05/10/2025,05/10/2025,14:25:35.695,06:25:35.695,387686,Timeline1,Tobii I-VT (Fixation),1.241.54219,1080,1920,10.0,5.1,9.5,10.6,0.53,1.02,1.13,19,35,39,6.6,5.5,2.9,0.7,0.62,0.32,24,20,11,1567809417,,,999,532,1010,528,988,536,0.08549,0.15546,-0.98414,-0.03209,0.15484,-0.98742,4.031,4.36,4.183,,,,Valid,Valid,225.4,51.7,587.9,289.5,54.3,589.0,276.4,144.5,270.4,146.6,0.5203,0.4925,0.5261,0.489,0.5146,0.4961,Screen Recording,Screen Recording Recording16.mp4,1920,1080,0,0,960,540,Fixation,252,411,1002,515,0.5217,0.4765,,,,,,,,,,,
177237570,1606704708,Eye Tracker,LipReading,08/25/2025,YanTianming,Recording16,05/10/2025,05/10/2025,14:25:35.695,06:25:35.695,387686,Timeline1,Tobii I-VT (Fixation),1.241.54219,1080,1920,10.0,5.1,9.5,10.6,0.53,1.02,1.13,19,35,39,6.6,5.5,2.9,0.7,0.62,0.32,24,20,11,1567813417,,,1002,528,1015,521,988,535,0.08783,0.15219,-0.98444,-0.03194,0.15461,-0.98746,4.049,4.332,4.181,,,,Valid,Valid,225.3,51.7,587.9,289.5,54.2,589.0,277.8,142.5,270.5,146.5,0.5217,0.4889,0.5287,0.4823,0.5147,0.4955,Screen Recording,Screen Recording Recording16.mp4,1920,1080,0,0,960,540,Fixation,252,411,1002,515,0.5217,0.4765,,,,,,,,,,,
177241570,1606708708,Eye Tracker,LipReading,08/25/2025,YanTianming,Recording16,05/10/2025,05/10/2025,14:25:35.695,06:25:35.695,387686,Timeline1,Tobii I-VT (Fixation),1.241.54219,1080,1920,10.0,5.1,9.5,10.6,0.53,1.02,1.13,19,35,39,6.6,5.5,2.9,0.7,0.62,0.32,24,20,11,1567817417,,,999,520,1018,502,980,538,0.08952,0.14357,-0.98558,-0.03549,0.15594,-0.98713,4.031,4.335,4.183,,,,Valid,Valid,225.3,51.7,587.8,289.5,54.3,588.9,278.7,137.3,268.3,147.3,0.5205,0.4815,0.5304,0.4645,0.5106,0.4984,Screen Recording,Screen Recording Recording16.mp4,1920,1080,0,0,960,540,Fixation,252,411,1002,515,0.5217,0.4765,,,,,,,,,,,
177245570,1606712708,Eye Tracker,LipReading,08/25/2025,YanTianming,Recording16,05/10/2025,05/10/2025,14:25:35.695,06:25:35.695,387686,Timeline1,Tobii I-VT (Fixation),1.241.54219,1080,1920,10.0,5.1,9.5,10.6,0.53,1.02,1.13,19,35,39,6.6,5.5,2.9,0.7,0.62,0.32,24,20,11,1567821417,,,1003,513,1018,505,987,521,0.08934,0.14492,-0.9854,-0.03233,0.14802,-0.98846,4.01,4.329,4.176,,,,Valid,Valid,225.3,51.7,587.7,289.4,54.3,588.8,278.6,138.1,270.2,142.5,0.5222,0.4748,0.5302,0.4674,0.5142,0.4821,Screen Recording,Screen Recording Recording16.mp4,1920,1080,0,0,960,540,Fixation,252,411,1002,515,0.5217,0.4765,,,,,,,,,,,
177249570,1606716708,Eye Tracker,LipReading,08/25/2025,YanTianming,Recording16,05/10/2025,05/10/2025,14:25:35.695,06:25:35.695,387686,Timeline1,Tobii I-VT (Fixation),1.241.54219,1080,1920,10.0,5.1,9.5,10.6,0.53,1.02,1.13,19,35,39,6.6,5.5,2.9,0.7,0.62,0.32,24,20,11,1567825417,,,994,536,1011,524,977,548,0.08592,0.15344,-0.98442,-0.03675,0.16035,-0.98638,4.019,4.343,4.177,,,,Valid,Valid,225.3,51.7,587.7,289.4,54.4,588.7,276.5,143.3,267.5,150.1,0.5177,0.4963,0.5263,0.4849,0.509,0.5078,Screen Recording,Screen Recording Recording16.mp4,1920,1080,0,0,960,540,Saccade,40,549,,,,,,,,,,,,,,,
177253570,1606720708,Eye Tracker,LipReading,08/25/2025,YanTianming,Recording16,05/10/2025,05/10/2025,14:25:35.695,06:25:35.695,387686,Timeline1,Tobii I-VT (Fixation),1.241.54219,1080,1920,10.0,5.1,9.5,10.6,0.53,1.02,1.13,19,35,39,6.6,5.5,2.9,0.7,0.62,0.32,24,20,11,1567829417,,,1001,510,1013,503,990,517,0.08726,0.14411,-0.98571,-0.03095,0.14637,-0.98875,4.02,4.321,4.17,,,,Valid,Valid,225.2,51.7,587.8,289.3,54.3,588.8,277.2,137.6,270.9,141.5,0.5216,0.4721,0.5276,0.4656,0.5156,0.4787,Screen Recording,Screen Recording Recording16.mp4,1920,1080,0,0,960,540,Saccade,40,549,,,,,,,,,,,,,,,
177257570,1606724708,Eye Tracker,LipReading,08/25/2025,YanTianming,Recording16,05/10/2025,05/10/2025,14:25:35.695,06:25:35.695,387686,Timeline1,Tobii I-VT (Fixation),1.241.54219,1080,1920,10.0,5.1,9.5,10.6,0.53,1.02,1.13,19,35,39,6.6,5.5,2.9,0.7,0.62,0.32,24,20,11,1567833417,,,967,519,981,509,954,530,0.07276,0.147,-0.98646,-0.04729,0.15214,-0.98723,3.996,4.341,4.18,,,,Valid,Valid,225.1,51.7,587.8,289.3,54.3,588.9,268.4,139.3,261.0,145.0,0.5038,0.481,0.5109,0.4712,0.4968,0.4908,Screen Recording,Screen Recording Recording16.mp4,1920,1080,0,0,960,540,Saccade,40,549,,,,,,,,,,,,,,,
177261570,1606728708,Eye Tracker,LipReading,08/25/2025,YanTianming,Recording16,05/10/2025,05/10/2025,14:25:35.695,06:25:35.695,387686,Timeline1,Tobii I-VT (Fixation),1.241.54219,1080,1920,10.0,5.1,9.5,10.6,0.53,1.02,1.13,19,35,39,6.6,5.5,2.9,0.7,0.62,0.32,24,20,11,1567837417,,,936,512,944,509,929,515,0.05584,0.14704,-0.98755,-0.05865,0.14526,-0.98765,4.011,4.321,4.178,,,,Valid,Valid,225.0,51.7,587.7,289.1,54.3,588.8,258.2,139.2,254.2,140.9,0.4876,0.4739,0.4914,0.471,0.4837,0.4768,Screen Recording,Screen Recording Recording16.mp4,1920,1080,0,0,960,540,Saccade,40,549,,,,,,,,,,,,,,,
177265569,1606732707,Eye Tracker,LipReading,08/25/2025,YanTianming,Recording16,05/10/2025,05/10/2025,14:25:35.695,06:25:35.695,387686,Timeline1,Tobii I-VT (Fixation),1.241.54219,1080,1920,10.0,5.1,9.5,10.6,0.53,1.02,1.13,19,35,39,6.6,5.5,2.9,0.7,0.62,0.32,24,20,11,1567841417,,,915,510,926,510,905,510,0.04797,0.14766,-0.98787,-0.06957,0.14295,-0.98728,4.045,4.348,4.181,,,,Valid,Valid,224.9,51.7,587.7,289.1,54.3,588.8,253.4,139.6,247.6,139.5,0.4767,0.4722,0.4823,0.4722,0.4711,0.4721,Screen Recording,Screen Recording Recording16.mp4,1920,1080,0,0,960,540,Saccade,40,549,,,,,,,,,,,,,,,
177269569,1606736707,Eye Tracker,LipReading,08/25/2025,YanTianming,Recording16,05/10/2025,05/10/2025,14:25:35.695,06:25:35.695,387686,Timeline1,Tobii I-VT (Fixation),1.241.54219,1080,1920,10.0,5.1,9.5,10.6,0.53,1.02,1.13,19,35,39,6.6,5.5,2.9,0.7,0.62,0.32,24,20,11,1567845417,,,904,507,913,498,894,515,0.0422,0.1423,-0.98892,-0.07406,0.14528,-0.98661,4.015,4.349,4.181,,,,Valid,Valid,224.8,51.7,587.6,288.9,54.3,588.7,249.9,136.3,244.8,141.0,0.4707,0.4692,0.4756,0.4612,0.4658,0.4772,Screen Recording,Screen Recording Recording16.mp4,1920,1080,0,0,960,540,Saccade,40,549,,,,,,,,,,,,,,,
177273569,1606740707,Eye Tracker,LipReading,08/25/2025,YanTianming,Recording16,05/10/2025,05/10/2025,14:25:35.695,06:25:35.695,387686,Timeline1,Tobii I-VT (Fixation),1.241.54219,1080,1920,10.0,5.1,9.5,10.6,0.53,1.02,1.13,19,35,39,6.6,5.5,2.9,0.7,0.62,0.32,24,20,11,1567849417,,,895,513,912,507,878,518,0.04182,0.14664,-0.98831,-0.08116,0.14634,-0.9859,4.023,4.396,4.182,,,,Valid,Valid,224.7,51.7,587.8,288.9,54.2,588.9,249.6,138.9,240.4,141.7,0.4662,0.4746,0.475,0.4699,0.4575,0.4793,Screen Recording,Screen Recording Recording16.mp4,1920,1080,0,0,960,540,Saccade,40,549,,,,,,,,,,,,,,,
177277569,1606744707,Eye Tracker,LipReading,08/25/2025,YanTianming,Recording16,05/10/2025,05/10/2025,14:25:35.695,06:25:35.695,387686,Timeline1,Tobii I-VT (Fixation),1.241.54219,1080,1920,10.0,5.1,9.5,10.6,0.53,1.02,1.13,19,35,39,6.6,5.5,2.9,0.7,0.62,0.32,24,20,11,1567853417,,,876,502,889,498,864,506,0.03134,0.14231,-0.98933,-0.08776,0.14083,-0.98614,3.985,4.325,4.178,,,,Valid,Valid,224.6,51.7,587.7,288.8,54.4,588.6,243.3,136.3,236.4,138.4,0.4564,0.4647,0.463,0.4611,0.4499,0.4684,Screen Recording,Screen Recording Recording16.mp4,1920,1080,0,0,960,540,Saccade,40,549,,,,,,,,,,,,,,,
177281569,1606748707,Eye Tracker,LipReading,08/25/2025,YanTianming,Recording16,05/10/2025,05/10/2025,14:25:35.695,06:25:35.695,387686,Timeline1,Tobii I-VT (Fixation),1.241.54219,1080,1920,10.0,5.1,9.5,10.6,0.53,1.02,1.13,19,35,39,6.6,5.5,2.9,0.7,0.62,0.32,24,20,11,1567857417,,,854,515,872,504,836,525,0.02362,0.14513,-0.98913,-0.09996,0.1493,-0.98373,3.982,4.37,4.183,,,,Valid,Valid,224.6,51.8,587.7,288.7,54.3,588.8,238.6,138.0,228.9,143.7,0.4449,0.4764,0.4541,0.4668,0.4356,0.4861,Screen Recording,Screen Recording Recording16.mp4,1920,1080,0,0,960,540,Saccade,40,549,,,,,,,,,,,,,,,
177285569,1606752707,Eye Tracker,LipReading,08/25/2025,YanTianming,Recording16,05/10/2025,05/10/2025,14:25:35.695,06:25:35.695,387686,Timeline1,Tobii I-VT (Fixation),1.241.54219,1080,1920,10.0,5.1,9.5,10.6,0.53,1.02,1.13,19,35,39,6.6,5.5,2.9,0.7,0.62,0.32,24,20,11,1567861417,,,848,504,862,489,835,519,0.01897,0.13854,-0.99018,-0.10055,0.14656,-0.98408,3.961,4.382,4.183,,,,Valid,Valid,224.5,51.7,587.8,288.7,54.3,588.8,235.8,134.0,228.5,142.0,0.4418,0.4668,0.4487,0.4532,0.4349,0.4804,Screen Recording,Screen Recording Recording16.mp4,1920,1080,0,0,960,540,Saccade,40,549,,,,,,,,,,,,,,,
177289569,1606756707,Eye Tracker,LipReading,08/25/2025,YanTianming,Recording16,05/10/2025,05/10/2025,14:25:35.695,06:25:35.695,387686,Timeline1,Tobii I-VT (Fixation),1.241.54219,1080,1920,10.0,5.1,9.5,10.6,0.53,1.02,1.13,19,35,39,6.6,5.5,2.9,0.7,0.62,0.32,24,20,11,1567865417,,,852,521,869,511,836,531,0.02253,0.1482,-0.9887,-0.10008,0.15177,-0.98334,4.033,4.394,4.185,,,,Valid,Valid,224.5,51.7,587.7,288.6,54.3,588.8,237.9,139.8,228.7,145.2,0.444,0.4822,0.4527,0.4731,0.4353,0.4912,Screen Recording,Screen Recording Recording16.mp4,1920,1080,0,0,960,540,Fixation,112,412,860,515,0.4478,0.4773,,,,,,,,,,,
177293569,1606760707,Eye Tracker,LipReading,08/25/2025,YanTianming,Recording16,05/10/2025,05/10/2025,14:25:35.695,06:25:35.695,387686,Timeline1,Tobii I-VT (Fixation),1.241.54219,1080,1920,10.0,5.1,9.5,10.6,0.53,1.02,1.13,19,35,39,6.6,5.5,2.9,0.7,0.62,0.32,24,20,11,1567869417,,,861,507,878,496,844,518,0.02646,0.14129,-0.98961,-0.09645,0.14595,-0.98458,3.988,4.394,4.191,,,,Valid,Valid,224.5,51.8,587.7,288.6,54.4,588.7,240.2,135.7,231.0,141.6,0.4483,0.4691,0.4571,0.459,0.4395,0.4792,Screen Recording,Screen Recording Recording16.mp4,1920,1080,0,0,960,540,Fixation,112,412,860,515,0.4478,0.4773,,,,,,,,,,,
177297569,1606764707,Eye Tracker,LipReading,08/25/2025,YanTianming,Recording16,05/10/2025,05/10/2025,14:25:35.695,06:25:35.695,387686,Timeline1,Tobii I-VT (Fixation),1.241.54219,1080,1920,10.0,5.1,9.5,10.6,0.53,1.02,1.13,19,35,39,6.6,5.5,2.9,0.7,0.62,0.32,24,20,11,1567873417,,,870,510,889,516,850,503,0.0318,0.15055,-0.98809,-0.0938,0.13936,-0.98579,4.037,4.365,4.208,,,,Valid,Valid,224.5,51.8,587.6,288.6,54.4,588.6,243.4,141.3,232.6,137.6,0.4529,0.4719,0.4632,0.4782,0.4427,0.4656,Screen Recording,Screen Recording Recording16.mp4,1920,1080,0,0,960,540,Fixation,112,412,860,515,0.4478,0.4773,,,,,,,,,,,
177301569,1606768707,Eye Tracker,LipReading,08/25/2025,YanTianming,Recording16,05/10/2025,05/10/2025,14:25:35.695,06:25:35.695,387686,Timeline1,Tobii I-VT (Fixation),1.241.54219,1080,1920,10.0,5.1,9.5,10.6,0.53,1.02,1.13,19,35,39,6.6,5.5,2.9,0.7,0.62,0.32,24,20,11,1567877417,,,860,503,875,494,845,511,0.0253,0.14063,-0.98974,-0.096,0.1431,-0.98504,3.987,4.401,4.2,,,,Valid,Valid,224.5,51.8,587.5,288.6,54.4,588.6,239.5,135.3,231.2,139.9,0.4479,0.4656,0.4558,0.4578,0.4401,0.4735,Screen Recording,Screen Recording Recording16.mp4,1920,1080,0,0,960,540,Fixation,112,412,860,515,0.4478,0.4773,,,,,,,,,,,
177305569,1606772707,Eye Tracker,LipReading,08/25/2025,YanTianming,Recording16,05/10/2025,05/10/2025,14:25:35.695,06:25:35.695,387686,Timeline1,Tobii I-VT (Fixation),1.241.54219,1080,1920,10.0,5.1,9.5,10.6,0.53,1.02,1.13,19,35,39,6.6,5.5,2.9,0.7,0.62,0.32,24,20,11,1567881417,,,864,508,878,519,851,498,0.02674,0.15171,-0.98806,-0.09353,0.13705,-0.98614,4.021,4.395,4.208,,,,Valid,Valid,224.5,51.8,587.5,288.6,54.5,588.5,240.4,142.1,232.8,136.2,0.4502,0.4708,0.4574,0.4806,0.443,0.461,Screen Recording,Screen Recording Recording16.mp4,1920,1080,0,0,960,540,Fixation,112,412,860,515,0.4478,0.4773,,,,,,,,,,,
177309569,1606776707,Eye Tracker,LipReading,08/25/2025,YanTianming,Recording16,05/10/2025,05/10/2025,14:25:35.695,06:25:35.695,387686,Timeline1,Tobii I-VT (Fixation),1.241.54219,1080,1920,10.0,5.1,9.5,10.6,0.53,1.02,1.13,19,35,39,6.6,5.5,2.9,0.7,0.62,0.32,24,20,11,1567885417,,,861,499,876,497,846,501,0.02584,0.14164,-0.98958,-0.09581,0.13822,-0.98576,4.007,4.383,4.201,,,,Valid,Valid,224.4,51.9,587.5,288.6,54.5,588.5,239.8,136.0,231.4,137.0,0.4484,0.4617,0.4564,0.46,0.4404,0.4635,Screen Recording,Screen Recording Recording16.mp4,1920,1080,0,0,960,540,Fixation,112,412,860,515,0.4478,0.4773,,,,,,,,,,,
177313569,1606780707,Eye Tracker,LipReading,08/25/2025,YanTianming,Recording16,05/10/2025,05/10/2025,14:25:35.695,06:25:35.695,387686,Timeline1,Tobii I-VT (Fixation),1.241.54219,1080,1920,10.0,5.1,9.5,10.6,0.53,1.02,1.13,19,35,39,6.6,5.5,2.9,0.7,0.62,0.32,24,20,11,1567889417,,,864,522,884,523,844,521,0.02952,0.15349,-0.98771,-0.09652,0.14744,-0.98435,4.056,4.396,4.208,,,,Valid,Valid,224.4,51.9,587.5,288.6,54.5,588.5,242.0,143.2,230.9,142.6,0.45,0.4835,0.4606,0.4844,0.4394,0.4826,Screen Recording,Screen Recording Recording16.mp4,1920,1080,0,0,960,540,Fixation,112,412,860,515,0.4478,0.4773,,,,,,,,,,,
177317569,1606784707,Eye Tracker,LipReading,08/25/2025,YanTianming,Recording16,05/10/2025,05/10/2025,14:25:35.695,06:25:35.695,387686,Timeline1,Tobii I-VT (Fixation),1.241.54219,1080,1920,10.0,5.1,9.5,10.6,0.53,1.02,1.13,19,35,39,6.6,5.5,2.9,0.7,0.62,0.32,24,20,11,1567893417,,,857,495,870,488,843,502,0.02294,0.13779,-0.9902,-0.0968,0.13882,-0.98558,3.969,4.367,4.199,,,,Valid,Valid,224.4,51.9,587.5,288.6,54.5,588.5,238.1,133.6,230.8,137.4,0.4461,0.4585,0.4531,0.4521,0.4392,0.4648,Screen Recording,Screen Recording Recording16.mp4,1920,1080,0,0,960,540,Fixation,112,412,860,515,0.4478,0.4773,,,,,,,,,,,
177321569,1606788707,Eye Tracker,LipReading,08/25/2025,YanTianming,Recording16,05/10/2025,05/10/2025,14:25:35.695,06:25:35.695,387686,Timeline1,Tobii I-VT (Fixation),1.241.54219,1080,1920,10.0,5.1,9.5,10.6,0.53,1.02,1.13,19,35,39,6.6,5.5,2.9,0.7,0.62,0.32,24,20,11,1567897417,,,866,523,885,532,847,515,0.02985,0.15741,-0.98708,-0.09501,0.14451,-0.98493,4.059,4.406,4.214,,,,Valid,Valid,224.5,51.9,587.4,288.6,54.5,588.5,242.2,145.6,231.8,140.8,0.4511,0.4845,0.461,0.4925,0.4412,0.4765,Screen Recording,Screen Recording Recording16.mp4,1920,1080,0,0,960,540,Fixation,112,412,860,515,0.4478,0.4773,,,,,,,,,,,
177325569,1606792707,Eye Tracker,LipReading,08/25/2025,YanTianming,Recording16,05/10/2025,05/10/2025,14:25:35.695,06:25:35.695,387686,Timeline1,Tobii I-VT (Fixation),1.241.54219,1080,1920,10.0,5.1,9.5,10.6,0.53,1.02,1.13,19,35,39,6.6,5.5,2.9,0.7,0.62,0.32,24,20,11,1567901417,,,861,524,879,530,844,518,0.02684,0.15664,-0.98729,-0.09662,0.1461,-0.98454,4.015,4.375,4.204,,,,Valid,Valid,224.5,51.9,587.4,288.6,54.5,588.5,240.4,145.1,230.9,141.8,0.4485,0.4853,0.4576,0.4909,0.4394,0.4798,Screen Recording,Screen Recording Recording16.mp4,1920,1080,0,0,960,540,Fixation,112,412,860,515,0.4478,0.4773,,,,,,,,,,,
177329569,1606796707,Eye Tracker,LipReading,08/25/2025,YanTianming,Recording16,05/10/2025,05/10/2025,14:25:35.695,06:25:35.695,387686,Timeline1,Tobii I-VT (Fixation),1.241.54219,1080,1920,10.0,5.1,9.5,10.6,0.53,1.02,1.13,19,35,39,6.6,5.5,2.9,0.7,0.62,0.32,24,20,11,1567905417,,,862,526,882,517,841,536,0.02851,0.15054,-0.98819,-0.09754,0.15409,-0.98323,4.032,4.424,4.214,,,,Valid,Valid,224.5,51.9,587.5,288.6,54.4,588.6,241.4,141.4,230.2,146.7,0.4488,0.4873,0.4595,0.4783,0.4382,0.4963,Screen Recording,Screen Recording Recording16.mp4,1920,1080,0,0,960,540,Fixation,112,412,860,515,0.4478,0.4773,,,,,,,,,,,
177333569,1606800707,Eye Tracker,LipReading,08/25/2025,YanTianming,Recording16,05/10/2025,05/10/2025,14:25:35.695,06:25:35.695,387686,Timeline1,Tobii I-VT (Fixation),1.241.54219,1080,1920,10.0,5.1,9.5,10.6,0.53,1.02,1.13,19,35,39,6.6,5.5,2.9,0.7,0.62,0.32,24,20,11,1567909417,,,864,522,884,523,845,521,0.02918,0.1536,-0.9877,-0.09603,0.14754,-0.98438,4.039,4.366,4.205,,,,Valid,Valid,224.5,51.9,587.5,288.7,54.4,588.6,241.8,143.2,231.2,142.7,0.4502,0.4837,0.4603,0.4846,0.4401,0.4827,Screen Recording,Screen Recording Recording16.mp4,1920,1080,0,0,960,540,Fixation,112,412,860,515,0.4478,0.4773,,,,,,,,,,,
177337569,1606804707,Eye Tracker,LipReading,08/25/2025,YanTianming,Recording16,05/10/2025,05/10/2025,14:25:35.695,06:25:35.695,387686,Timeline1,Tobii I-VT (Fixation),1.241.54219,1080,1920,10.0,5.1,9.5,10.6,0.53,1.02,1.13,19,35,39,6.6,5.5,2.9,0.7,0.62,0.32,24,20,11,1567913417,,,859,513,877,512,842,514,0.02595,0.14867,-0.98855,-0.09737,0.14425,-0.98474,4.006,4.395,4.204,,,,Valid,Valid,224.5,51.9,587.5,288.7,54.4,588.7,239.9,140.2,230.5,140.7,0.4476,0.4752,0.4566,0.4745,0.4386,0.4759,Screen Recording,Screen Recording Recording16.mp4,1920,1080,0,0,960,540,Fixation,112,412,860,515,0.4478,0.4773,,,,,,,,,,,
177341569,1606808707,Eye Tracker,LipReading,08/25/2025,YanTianming,Recording16,05/10/2025,05/10/2025,14:25:35.695,06:25:35.695,387686,Timeline1,Tobii I-VT (Fixation),1.241.54219,1080,1920,10.0,5.1,9.5,10.6,0.53,1.02,1.13,19,35,39,6.6,5.5,2.9,0.7,0.62,0.32,24,20,11,1567917418,,,857,517,878,503,836,532,0.02674,0.14434,-0.98917,-0.1,0.15221,-0.98328,4.005,4.403,4.204,,,,Valid,Valid,224.5,51.9,587.5,288.7,54.5,588.6,240.4,137.6,228.8,145.6,0.4465,0.4791,0.4575,0.4656,0.4355,0.4925,Screen Recording,Screen Recording Recording16.mp4,1920,1080,0,0,960,540,Fixation,112,412,860,515,0.4478,0.4773,,,,,,,,,,,
177345569,1606812707,Eye Tracker,LipReading,08/25/2025,YanTianming,Recording16,05/10/2025,05/10/2025,14:25:35.695,06:25:35.695,387686,Timeline1,Tobii I-VT (Fixation),1.241.54219,1080,1920,10.0,5.1,9.5,10.6,0.53,1.02,1.13,19,35,39,6.6,5.5,2.9,0.7,0.62,0.32,24,20,11,1567921418,,,855,513,873,502,836,524,0.02436,0.14378,-0.98931,-0.10004,0.14874,-0.9838,4.0,4.422,4.204,,,,Valid,Valid,224.6,51.9,587.4,288.7,54.5,588.4,239.0,137.3,228.9,143.5,0.4452,0.475,0.4549,0.4645,0.4356,0.4855,Screen Recording,Screen Recording Recording16.mp4,1920,1080,0,0,960,540,Fixation,112,412,860,515,0.4478,0.4773,,,,,,,,,,,
177349569,1606816707,Eye Tracker,LipReading,08/25/2025,YanTianming,Recording16,05/10/2025,05/10/2025,14:25:35.695,06:25:35.695,387686,Timeline1,Tobii I-VT (Fixation),1.241.54219,1080,1920,10.0,5.1,9.5,10.6,0.53,1.02,1.13,19,35,39,6.6,5.5,2.9,0.7,0.62,0.32,24,20,11,1567925418,,,857,531,876,530,838,532,0.0253,0.15647,-0.98736,-0.09929,0.1523,-0.98333,4.044,4.409,4.202,,,,Valid,Valid,224.6,52.0,587.3,288.7,54.6,588.3,239.6,145.0,229.3,145.7,0.4463,0.4919,0.4561,0.4907,0.4364,0.493,Screen Recording,Screen Recording Recording16.mp4,1920,1080,0,0,960,540,Fixation,112,412,860,515,0.4478,0.4773,,,,,,,,,,,
177353569,1606820707,Eye Tracker,LipReading,08/25/2025,YanTianming,Recording16,05/10/2025,05/10/2025,14:25:35.695,06:25:35.695,387686,Timeline1,Tobii I-VT (Fixation),1.241.54219,1080,1920,10.0,5.1,9.5,10.6,0.53,1.02,1.13,19,35,39,6.6,5.5,2.9,0.7,0.62,0.32,24,20,11,1567929418,,,860,509,876,501,844,517,0.02559,0.14359,-0.98931,-0.09671,0.14561,-0.9846,3.978,4.374,4.202,,,,Valid,Valid,224.6,52.0,587.3,288.8,54.6,588.3,239.8,137.2,231.0,141.6,0.448,0.4717,0.4564,0.4642,0.4396,0.4791,Screen Recording,Screen Recording Recording16.mp4,1920,1080,0,0,960,540,Fixation,112,412,860,515,0.4478,0.4773,,,,,,,,,,,
177357569,1606824707,Eye Tracker,LipReading,08/25/2025,YanTianming,Recording16,05/10/2025,05/10/2025,14:25:35.695,06:25:35.695,387686,Timeline1,Tobii I-VT (Fixation),1.241.54219,1080,1920,10.0,5.1,9.5,10.6,0.53,1.02,1.13,19,35,39,6.6,5.5,2.9,0.7,0.62,0.32,24,20,11,1567933418,,,859,517,876,504,842,529,0.0253,0.14493,-0.98912,-0.09751,0.15081,-0.98374,3.997,4.404,4.208,,,,Valid,Valid,224.6,52.0,587.3,288.8,54.6,588.3,239.7,138.0,230.5,144.8,0.4474,0.4784,0.4561,0.467,0.4386,0.4899,Screen Recording,Screen Recording Recording16.mp4,1920,1080,0,0,960,540,Fixation,112,412,860,515,0.4478,0.4773,,,,,,,,,,,
177361569,1606828707,Eye Tracker,LipReading,08/25/2025,YanTianming,Recording16,05/10/2025,05/10/2025,14:25:35.695,06:25:35.695,387686,Timeline1,Tobii I-VT (Fixation),1.241.54219,1080,1920,10.0,5.1,9.5,10.6,0.53,1.02,1.13,19,35,39,6.6,5.5,2.9,0.7,0.62,0.32,24,20,11,1567937418,,,858,520,875,518,840,523,0.02509,0.15107,-0.9882,-0.0984,0.14801,-0.98408,4.015,4.389,4.206,,,,Valid,Valid,224.7,52.0,587.3,288.8,54.5,588.4,239.6,141.7,230.0,143.0,0.4468,0.4818,0.456,0.4796,0.4377,0.4839,Screen Recording,Screen Recording Recording16.mp4,1920,1080,0,0,960,540,Fixation,112,412,860,515,0.4478,0.4773,,,,,,,,,,,
177365569,1606832707,Eye Tracker,LipReading,08/25/2025,YanTianming,Recording16,05/10/2025,05/10/2025,14:25:35.695,06:25:35.695,387686,Timeline1,Tobii I-VT (Fixation),1.241.54219,1080,1920,10.0,5.1,9.5,10.6,0.53,1.02,1.13,19,35,39,6.6,5.5,2.9,0.7,0.62,0.32,24,20,11,1567941418,,,861,515,878,505,844,524,0.02626,0.14545,-0.98902,-0.09685,0.14886,-0.98411,4.03,4.401,4.211,,,,Valid,Valid,224.7,52.0,587.3,288.9,54.5,588.5,240.3,138.3,230.9,143.5,0.4484,0.4768,0.4573,0.468,0.4395,0.4855,Screen Recording,Screen Recording Recording16.mp4,1920,1080,0,0,960,540,Fixation,112,412,860,515,0.4478,0.4773,,,,,,,,,,,
177369569,1606836707,Eye Tracker,LipReading,08/25/2025,YanTianming,Recording16,05/10/2025,05/10/2025,14:25:35.695,06:25:35.695,387686,Timeline1,Tobii I-VT (Fixation),1.241.54219,1080,1920,10.0,5.1,9.5,10.6,0.53,1.02,1.13,19,35,39,6.6,5.5,2.9,0.7,0.62,0.32,24,20,11,1567945418,,,857,522,876,511,837,532,0.0252,0.14807,-0.98866,-0.09979,0.15219,-0.9833,4.029,4.397,4.213,,,,Valid,Valid,224.7,51.9,587.4,288.9,54.5,588.5,239.7,139.9,229.2,145.6,0.4462,0.483,0.4562,0.4734,0.4362,0.4926,Screen Recording,Screen Recording Recording16.mp4,1920,1080,0,0,960,540,Fixation,112,412,860,515,0.4478,0.4773,,,,,,,,,,,
177373569,1606840707,Eye Tracker,LipReading,08/25/2025,YanTianming,Recording16,05/10/2025,05/10/2025,14:25:35.695,06:25:35.695,387686,Timeline1,Tobii I-VT (Fixation),1.241.54219,1080,1920,10.0,5.1,9.5,10.6,0.53,1.02,1.13,19,35,39,6.6,5.5,2.9,0.7,0.62,0.32,24,20,11,1567949418,,,857,516,878,505,835,527,0.02628,0.14533,-0.98903,-0.10076,0.14993,-0.98355,4.021,4.406,4.215,,,,Valid,Valid,224.8,51.9,587.4,288.9,54.6,588.3,240.4,138.3,228.6,144.3,0.4463,0.4779,0.4574,0.4678,0.4351,0.4881,Screen Recording,Screen Recording Recording16.mp4,1920,1080,0,0,960,540,Fixation,112,412,860,515,0.4478,0.4773,,,,,,,,,,,
177377569,1606844707,Eye Tracker,LipReading,08/25/2025,YanTianming,Recording16,05/10/2025,05/10/2025,14:25:35.695,06:25:35.695,387686,Timeline1,Tobii I-VT (Fixation),1.241.54219,1080,1920,10.0,5.1,9.5,10.6,0.53,1.02,1.13,19,35,39,6.6,5.5,2.9,0.7,0.62,0.32,24,20,11,1567953418,,,862,515,880,521,843,508,0.02716,0.15253,-0.98793,-0.09765,0.14152,-0.98511,4.042,4.383,4.213,,,,Valid,Valid,224.8,52.0,587.3,288.9,54.6,588.2,240.9,142.6,230.6,139.1,0.4487,0.4767,0.4585,0.4826,0.4389,0.4708,Screen Recording,Screen Recording Recording16.mp4,1920,1080,0,0,960,540,Fixation,112,412,860,515,0.4478,0.4773,,,,,,,,,,,
177381569,1606848707,Eye Tracker,LipReading,08/25/2025,YanTianming,Recording16,05/10/2025,05/10/2025,14:25:35.695,06:25:35.695,387686,Timeline1,Tobii I-VT (Fixation),1.241.54219,1080,1920,10.0,5.1,9.5,10.6,0.53,1.02,1.13,19,35,39,6.6,5.5,2.9,0.7,0.62,0.32,24,20,11,1567957418,,,854,517,873,498,835,536,0.02371,0.14198,-0.98959,-0.10101,0.15364,-0.98295,3.998,4.41,4.211,,,,Valid,Valid,224.8,52.0,587.3,289.0,54.7,588.2,238.9,136.2,228.5,146.6,0.4448,0.4785,0.4546,0.4609,0.4349,0.496,Screen Recording,Screen Recording Recording16.mp4,1920,1080,0,0,960,540,Fixation,112,412,860,515,0.4478,0.4773,,,,,,,,,,,
177385569,1606852707,Eye Tracker,LipReading,08/25/2025,YanTianming,Recording16,05/10/2025,05/10/2025,14:25:35.695,06:25:35.695,387686,Timeline1,Tobii I-VT (Fixation),1.241.54219,1080,1920,10.0,5.1,9.5,10.6,0.53,1.02,1.13,19,35,39,6.6,5.5,2.9,0.7,0.62,0.32,24,20,11,1567961418,,,862,520,877,534,848,506,0.02563,0.15825,-0.98707,-0.09555,0.14043,-0.98547,4.038,4.383,4.207,,,,Valid,Valid,224.8,52.0,587.3,289.0,54.6,588.2,240.1,146.1,232.0,138.5,0.4492,0.4815,0.4569,0.4945,0.4414,0.4684,Screen Recording,Screen Recording Recording16.mp4,1920,1080,0,0,960,540,Fixation,112,412,860,515,0.4478,0.4773,,,,,,,,,,,
177389569,1606856707,Eye Tracker,LipReading,08/25/2025,YanTianming,Recording16,05/10/2025,05/10/2025,14:25:35.695,06:25:35.695,387686,Timeline1,Tobii I-VT (Fixation),1.241.54219,1080,1920,10.0,5.1,9.5,10.6,0.53,1.02,1.13,19,35,39,6.6,5.5,2.9,0.7,0.62,0.32,24,20,11,1567965418,,,865,520,884,517,845,523,0.02886,0.15053,-0.98818,-0.09667,0.14812,-0.98423,4.012,4.402,4.211,,,,Valid,Valid,224.9,52.0,587.2,289.0,54.6,588.3,242.0,141.5,231.2,143.1,0.4503,0.4814,0.4606,0.4786,0.4401,0.4842,Screen Recording,Screen Recording Recording16.mp4,1920,1080,0,0,960,540,Fixation,112,412,860,515,0.4478,0.4773,,,,,,,,,,,
177393569,1606860707,Eye Tracker,LipReading,08/25/2025,YanTianming,Recording16,05/10/2025,05/10/2025,14:25:35.695,06:25:35.695,387686,Timeline1,Tobii I-VT (Fixation),1.241.54219,1080,1920,10.0,5.1,9.5,10.6,0.53,1.02,1.13,19,35,39,6.6,5.5,2.9,0.7,0.62,0.32,24,20,11,1567969418,,,858,511,874,494,843,529,0.02397,0.14011,-0.98985,-0.09772,0.15085,-0.98371,3.971,4.418,4.21,,,,Valid,Valid,224.9,52.0,587.2,289.0,54.6,588.4,239.1,135.1,230.6,144.8,0.447,0.4736,0.455,0.4572,0.4389,0.4899,Screen Recording,Screen Recording Recording16.mp4,1920,1080,0,0,960,540,Fixation,112,412,860,515,0.4478,0.4773,,,,,,,,,,,
177397569,1606864707,Eye Tracker,LipReading,08/25/2025,YanTianming,Recording16,05/10/2025,05/10/2025,14:25:35.695,06:25:35.695,387686,Timeline1,Tobii I-VT (Fixation),1.241.54219,1080,1920,10.0,5.1,9.5,10.6,0.53,1.02,1.13,19,35,39,6.6,5.5,2.9,0.7,0.62,0.32,24,20,11,1567973418,,,859,525,883,522,836,528,0.02801,0.15303,-0.98783,-0.10065,0.1503,-0.9835,4.038,4.42,4.21,,,,Valid,Valid,224.9,52.0,587.2,289.1,54.6,588.4,241.5,143.0,228.9,144.5,0.4476,0.4863,0.4597,0.4838,0.4356,0.4888,Screen Recording,Screen Recording Recording16.mp4,1920,1080,0,0,960,540,Fixation,112,412,860,515,0.4478,0.4773,,,,,,,,,,,
177401569,1606868707,Eye Tracker,LipReading,08/25/2025,YanTianming,Recording16,05/10/2025,05/10/2025,14:25:35.695,06:25:35.695,387686,Timeline1,Tobii I-VT (Fixation),1.241.54219,1080,1920,10.0,5.1,9.5,10.6,0.53,1.02,1.13,19,35,39,6.6,5.5,2.9,0.7,0.62,0.32,24,20,11,1567977418,,,856,519,877,503,834,535,0.02562,0.14413,-0.98923,-0.10152,0.15345,-0.98293,4.009,4.409,4.222,,,,Valid,Valid,224.9,52.0,587.3,289.1,54.6,588.4,240.1,137.6,228.3,146.4,0.4458,0.4805,0.457,0.4655,0.4345,0.4954,Screen Recording,Screen Recording Recording16.mp4,1920,1080,0,0,960,540,Saccade,36,550,,,,,,,,,,,,,,,
177405569,1606872707,Eye Tracker,LipReading,08/25/2025,YanTianming,Recording16,05/10/2025,05/10/2025,14:25:35.695,06:25:35.695,387686,Timeline1,Tobii I-VT (Fixation),1.241.54219,1080,1920,10.0,5.1,9.5,10.6,0.53,1.02,1.13,19,35,39,6.6,5.5,2.9,0.7,0.62,0.32,24,20,11,1567981418,,,862,537,883,542,840,532,0.02812,0.16144,-0.98648,-0.09907,0.15202,-0.9834,4.075,4.401,4.223,,,,Valid,Valid,225.0,52.1,587.3,289.1,54.6,588.4,241.7,148.2,229.8,145.6,0.4487,0.4969,0.46,0.5014,0.4374,0.4925,Screen Recording,Screen Recording Recording16.mp4,1920,1080,0,0,960,540,Saccade,36,550,,,,,,,,,,,,,,,
177409569,1606876707,Eye Tracker,LipReading,08/25/2025,YanTianming,Recording16,05/10/2025,05/10/2025,14:25:35.695,06:25:35.695,387686,Timeline1,Tobii I-VT (Fixation),1.241.54219,1080,1920,10.0,5.1,9.5,10.6,0.53,1.02,1.13,19,35,39,6.6,5.5,2.9,0.7,0.62,0.32,24,20,11,1567985418,,,876,571,889,556,863,586,0.03071,0.1676,-0.98538,-0.08842,0.17618,-0.98038,4.026,4.435,4.212,,,,Valid,Valid,225.1,52.1,587.3,289.1,54.8,588.2,243.4,152.0,236.1,160.5,0.4562,0.5287,0.4631,0.5144,0.4493,0.543,Screen Recording,Screen Recording Recording16.mp4,1920,1080,0,0,960,540,Saccade,36,550,,,,,,,,,,,,,,,
177413569,1606880707,Eye Tracker,LipReading,08/25/2025,YanTianming,Recording16,05/10/2025,05/10/2025,14:25:35.695,06:25:35.695,387686,Timeline1,Tobii I-VT (Fixation),1.241.54219,1080,1920,10.0,5.1,9.5,10.6,0.53,1.02,1.13,19,35,39,6.6,5.5,2.9,0.7,0.62,0.32,24,20,11,1567989418,,,915,618,921,622,909,615,0.04488,0.19662,-0.97945,-0.06712,0.18874,-0.97973,4.015,4.426,4.208,,,,Valid,Valid,225.2,52.2,587.4,289.2,54.9,588.2,252.1,170.1,248.9,168.2,0.4767,0.5723,0.4797,0.5756,0.4736,0.5691,Screen Recording,Screen Recording Recording16.mp4,1920,1080,0,0,960,540,Saccade,36,550,,,,,,,,,,,,,,,
177417571,1606884709,Eye Tracker,LipReading,08/25/2025,YanTianming,Recording16,05/10/2025,05/10/2025,14:25:35.695,06:25:35.695,387686,Timeline1,Tobii I-VT (Fixation),1.241.54219,1080,1920,10.0,5.1,9.5,10.6,0.53,1.02,1.13,19,35,39,6.6,5.5,2.9,0.7,0.62,0.32,24,20,11,1567993420,,,945,656,946,660,944,652,0.05598,0.21299,-0.97545,-0.05121,0.20529,-0.97736,3.988,4.377,4.183,,,,Valid,Valid,225.3,52.4,587.2,289.2,55.0,588.3,259.0,180.6,258.4,178.5,0.4923,0.6076,0.4929,0.6111,0.4917,0.6041,Screen Recording,Screen Recording Recording16.mp4,1920,1080,0,0,960,540,Saccade,36,550,,,,,,,,,,,,,,,
177421569,1606888707,Eye Tracker,LipReading,08/25/2025,YanTianming,Recording16,05/10/2025,05/10/2025,14:25:35.695,06:25:35.695,387686,Timeline1,Tobii I-VT (Fixation),1.241.54219,1080,1920,10.0,5.1,9.5,10.6,0.53,1.02,1.13,19,35,39,6.6,5.5,2.9,0.7,0.62,0.32,24,20,11,1567997418,,,963,695,968,689,958,701,0.06558,0.22524,-0.97209,-0.04456,0.2264,-0.97302,3.985,4.364,4.174,,,,Valid,Valid,225.4,52.5,587.2,289.2,55.0,588.4,265.0,188.6,262.3,191.9,0.5018,0.6437,0.5044,0.6381,0.4992,0.6494,Screen Recording,Screen Recording Recording16.mp4,1920,1080,0,0,960,540,Saccade,36,550,,,,,,,,,,,,,,,
177425569,1606892707,Eye Tracker,LipReading,08/25/2025,YanTianming,Recording16,05/10/2025,05/10/2025,14:25:35.695,06:25:35.695,387686,Timeline1,Tobii I-VT (Fixation),1.241.54219,1080,1920,10.0,5.1,9.5,10.6,0.53,1.02,1.13,19,35,39,6.6,5.5,2.9,0.7,0.62,0.32,24,20,11,1568001418,,,978,723,985,727,970,719,0.07266,0.24125,-0.96774,-0.03911,0.23383,-0.97149,3.973,4.32,4.146,,,,Valid,Valid,225.5,52.6,587.3,289.2,55.2,588.3,269.6,199.0,265.6,196.8,0.5092,0.6696,0.513,0.6734,0.5054,0.6658,Screen Recording,Screen Recording Recording16.mp4,1920,1080,0,0,960,540,Saccade,36,550,,,,,,,,,,,,,,,
177429569,1606896707,Eye Tracker,LipReading,08/25/2025,YanTianming,Recording16,05/10/2025,05/10/2025,14:25:35.695,06:25:35.695,387686,Timeline1,Tobii I-VT (Fixation),1.241.54219,1080,1920,10.0,5.1,9.5,10.6,0.53,1.02,1.13,19,35,39,6.6,5.5,2.9,0.7,0.62,0.32,24,20,11,1568005418,,,980,745,989,732,971,757,0.07438,0.24321,-0.96712,-0.03882,0.24995,-0.96748,3.932,4.317,4.135,,,,Valid,Valid,225.5,52.8,587.2,289.2,55.3,588.3,270.7,200.4,265.6,207.3,0.5103,0.6897,0.5152,0.6781,0.5055,0.7012,Screen Recording,Screen Recording Recording16.mp4,1920,1080,0,0,960,540,Saccade,36,550,,,,,,,,,,,,,,,
177433568,1606900706,Eye Tracker,LipReading,08/25/2025,YanTianming,Recording16,05/10/2025,05/10/2025,14:25:35.695,06:25:35.695,387686,Timeline1,Tobii I-VT (Fixation),1.241.54219,1080,1920,10.0,5.1,9.5,10.6,0.53,1.02,1.13,19,35,39,6.6,5.5,2.9,0.7,0.62,0.32,24,20,11,1568009418,,,969,762,978,742,960,781,0.06918,0.2475,-0.96641,-0.04358,0.25971,-0.9647,3.949,4.314,4.132,,,,Valid,Valid,225.5,52.8,587.3,289.2,55.3,588.4,267.6,203.2,262.7,213.7,0.5045,0.7052,0.5092,0.6875,0.4999,0.723,Screen Recording,Screen Recording Recording16.mp4,1920,1080,0,0,960,540,Saccade,36,550,,,,,,,,,,,,,,,
177437570,1606904708,Eye Tracker,LipReading,08/25/2025,YanTianming,Recording16,05/10/2025,05/10/2025,14:25:35.695,06:25:35.695,387686,Timeline1,Tobii I-VT (Fixation),1.241.54219,1080,1920,10.0,5.1,9.5,10.6,0.53,1.02,1.13,19,35,39,6.6,5.5,2.9,0.7,0.62,0.32,24,20,11,1568013420,,,967,754,972,742,962,765,0.06676,0.24745,-0.9666,-0.04271,0.2532,-0.96647,3.953,4.299,4.121,,,,Valid,Valid,225.5,52.8,587.3,289.2,55.3,588.4,266.0,203.2,263.2,209.5,0.5036,0.6981,0.5063,0.6874,0.501,0.7088,Screen Recording,Screen Recording Recording16.mp4,1920,1080,0,0,960,540,Fixation,376,413,969,750,0.5049,0.694,,,,,,,,,,,
177441568,1606908706,Eye Tracker,LipReading,08/25/2025,YanTianming,Recording16,05/10/2025,05/10/2025,14:25:35.695,06:25:35.695,387686,Timeline1,Tobii I-VT (Fixation),1.241.54219,1080,1920,10.0,5.1,9.5,10.6,0.53,1.02,1.13,19,35,39,6.6,5.5,2.9,0.7,0.62,0.32,24,20,11,1568017418,,,966,747,971,733,961,761,0.06648,0.24357,-0.9676,-0.04323,0.25111,-0.96699,3.922,4.31,4.113,,,,Valid,Valid,225.4,52.8,587.3,289.2,55.4,588.3,265.8,200.7,262.9,208.2,0.5031,0.6916,0.5059,0.6789,0.5004,0.7043,Screen Recording,Screen Recording Recording16.mp4,1920,1080,0,0,960,540,Fixation,376,413,969,750,0.5049,0.694,,,,,,,,,,,
177445568,1606912706,Eye Tracker,LipReading,08/25/2025,YanTianming,Recording16,05/10/2025,05/10/2025,14:25:35.695,06:25:35.695,387686,Timeline1,Tobii I-VT (Fixation),1.241.54219,1080,1920,10.0,5.1,9.5,10.6,0.53,1.02,1.13,19,35,39,6.6,5.5,2.9,0.7,0.62,0.32,24,20,11,1568021418,,,974,736,976,727,971,745,0.0688,0.24082,-0.96813,-0.03856,0.24438,-0.96891,3.927,4.298,4.112,,,,Valid,Valid,225.4,52.8,587.3,289.2,55.4,588.3,267.1,198.9,265.8,203.8,0.5071,0.6813,0.5084,0.673,0.5058,0.6896,Screen Recording,Screen Recording Recording16.mp4,1920,1080,0,0,960,540,Fixation,376,413,969,750,0.5049,0.694,,,,,,,,,,,
177449568,1606916706,Eye Tracker,LipReading,08/25/2025,YanTianming,Recording16,05/10/2025,05/10/2025,14:25:35.695,06:25:35.695,387686,Timeline1,Tobii I-VT (Fixation),1.241.54219,1080,1920,10.0,5.1,9.5,10.6,0.53,1.02,1.13,19,35,39,6.6,5.5,2.9,0.7,0.62,0.32,24,20,11,1568025418,,,973,740,978,728,969,752,0.0697,0.24131,-0.96794,-0.03963,0.24742,-0.9681,3.919,4.294,4.11,,,,Valid,Valid,225.4,52.9,587.2,289.2,55.4,588.3,267.6,199.3,265.1,205.8,0.507,0.6852,0.5094,0.6742,0.5046,0.6962,Screen Recording,Screen Recording Recording16.mp4,1920,1080,0,0,960,540,Fixation,376,413,969,750,0.5049,0.694,,,,,,,,,,,
177453568,1606920706,Eye Tracker,LipReading,08/25/2025,YanTianming,Recording16,05/10/2025,05/10/2025,14:25:35.695,06:25:35.695,387686,Timeline1,Tobii I-VT (Fixation),1.241.54219,1080,1920,10.0,5.1,9.5,10.6,0.53,1.02,1.13,19,35,39,6.6,5.5,2.9,0.7,0.62,0.32,24,20,11,1568029418,,,977,744,990,740,964,748,0.07491,0.24629,-0.9663,-0.04182,0.24577,-0.96843,3.936,4.29,4.11,,,,Valid,Valid,225.3,52.9,587.2,289.2,55.4,588.3,270.8,202.5,263.8,204.7,0.5087,0.6889,0.5155,0.6852,0.502,0.6926,Screen Recording,Screen Recording Recording16.mp4,1920,1080,0,0,960,540,Fixation,376,413,969,750,0.5049,0.694,,,,,,,,,,,
177457568,1606924706,Eye Tracker,LipReading,08/25/2025,YanTianming,Recording16,05/10/2025,05/10/2025,14:25:35.695,06:25:35.695,387686,Timeline1,Tobii I-VT (Fixation),1.241.54219,1080,1920,10.0,5.1,9.5,10.6,0.53,1.02,1.13,19,35,39,6.6,5.5,2.9,0.7,0.62,0.32,24,20,11,1568033418,,,973,739,981,734,966,744,0.07114,0.24395,-0.96718,-0.04102,0.24397,-0.96892,3.926,4.278,4.105,,,,Valid,Valid,225.3,52.9,587.2,289.2,55.5,588.2,268.5,201.0,264.3,203.6,0.5069,0.6843,0.511,0.68,0.5029,0.6887,Screen Recording,Screen Recording Recording16.mp4,1920,1080,0,0,960,540,Fixation,376,413,969,750,0.5049,0.694,,,,,,,,,,,
177461568,1606928706,Eye Tracker,LipReading,08/25/2025,YanTianming,Recording16,05/10/2025,05/10/2025,14:25:35.695,06:25:35.695,387686,Timeline1,Tobii I-VT (Fixation),1.241.54219,1080,1920,10.0,5.1,9.5,10.6,0.53,1.02,1.13,19,35,39,6.6,5.5,2.9,0.7,0.62,0.32,24,20,11,1568037418,,,969,742,978,729,960,754,0.06997,0.2417,-0.96782,-0.04356,0.24837,-0.96769,3.913,4.295,4.102,,,,Valid,Valid,225.3,52.9,587.2,289.1,55.5,588.2,267.7,199.5,262.7,206.4,0.5047,0.6867,0.5095,0.675,0.4999,0.6984,Screen Recording,Screen Recording Recording16.mp4,1920,1080,0,0,960,540,Fixation,376,413,969,750,0.5049,0.694,,,,,,,,,,,
177465568,1606932706,Eye Tracker,LipReading,08/25/2025,YanTianming,Recording16,05/10/2025,05/10/2025,14:25:35.695,06:25:35.695,387686,Timeline1,Tobii I-VT (Fixation),1.241.54219,1080,1920,10.0,5.1,9.5,10.6,0.53,1.02,1.13,19,35,39,6.6,5.5,2.9,0.7,0.62,0.32,24,20,11,1568041418,,,964,741,971,734,958,748,0.06671,0.24374,-0.96755,-0.04447,0.24576,-0.96831,3.904,4.283,4.098,,,,Valid,Valid,225.3,52.9,587.2,289.1,55.4,588.2,265.7,200.8,262.1,204.7,0.5023,0.686,0.5057,0.6793,0.4988,0.6927,Screen Recording,Screen Recording Recording16.mp4,1920,1080,0,0,960,540,Fixation,376,413,969,750,0.5049,0.694,,,,,,,,,,,
177469568,1606936706,Eye Tracker,LipReading,08/25/2025,YanTianming,Recording16,05/10/2025,05/10/2025,14:25:35.695,06:25:35.695,387686,Timeline1,Tobii I-VT (Fixation),1.241.54219,1080,1920,10.0,5.1,9.5,10.6,0.53,1.02,1.13,19,35,39,6.6,5.5,2.9,0.7,0.62,0.32,24,20,11,1568045418,,,968,744,977,732,958,757,0.0696,0.24308,-0.96751,-0.04418,0.24938,-0.9674,3.913,4.298,4.102,,,,Valid,Valid,225.2,52.9,587.2,289.1,55.4,588.2,267.5,200.4,262.2,207.1,0.504,0.6893,0.509,0.678,0.499,0.7006,Screen Recording,Screen Recording Recording16.mp4,1920,1080,0,0,960,540,Fixation,376,413,969,750,0.5049,0.694,,,,,,,,,,,
177473568,1606940706,Eye Tracker,LipReading,08/25/2025,YanTianming,Recording16,05/10/2025,05/10/2025,14:25:35.695,06:25:35.695,387686,Timeline1,Tobii I-VT (Fixation),1.241.54219,1080,1920,10.0,5.1,9.5,10.6,0.53,1.02,1.13,19,35,39,6.6,5.5,2.9,0.7,0.62,0.32,24,20,11,1568049418,,,976,741,986,734,965,748,0.0736,0.24359,-0.96708,-0.04112,0.24586,-0.96843,3.924,4.268,4.098,,,,Valid,Valid,225.2,52.9,587.1,289.0,55.4,588.3,269.9,200.8,264.1,204.8,0.5081,0.6861,0.5136,0.6793,0.5026,0.6928,Screen Recording,Screen Recording Recording16.mp4,1920,1080,0,0,960,540,Fixation,376,413,969,750,0.5049,0.694,,,,,,,,,,,
177477568,1606944706,Eye Tracker,LipReading,08/25/2025,YanTianming,Recording16,05/10/2025,05/10/2025,14:25:35.695,06:25:35.695,387686,Timeline1,Tobii I-VT (Fixation),1.241.54219,1080,1920,10.0,5.1,9.5,10.6,0.53,1.02,1.13,19,35,39,6.6,5.5,2.9,0.7,0.62,0.32,24,20,11,1568053418,,,977,739,990,732,965,746,0.07542,0.2429,-0.96711,-0.04125,0.24506,-0.96863,3.904,4.291,4.099,,,,Valid,Valid,225.1,52.9,587.1,289.0,55.5,588.2,270.9,200.4,264.0,204.3,0.509,0.6845,0.5156,0.6779,0.5023,0.6911,Screen Recording,Screen Recording Recording16.mp4,1920,1080,0,0,960,540,Fixation,376,413,969,750,0.5049,0.694,,,,,,,,,,,
177481567,1606948705,Eye Tracker,LipReading,08/25/2025,YanTianming,Recording16,05/10/2025,05/10/2025,14:25:35.695,06:25:35.695,387686,Timeline1,Tobii I-VT (Fixation),1.241.54219,1080,1920,10.0,5.1,9.5,10.6,0.53,1.02,1.13,19,35,39,6.6,5.5,2.9,0.7,0.62,0.32,24,20,11,1568057418,,,974,739,978,731,969,747,0.07019,0.24272,-0.96755,-0.03913,0.24545,-0.96862,3.914,4.277,4.101,,,,Valid,Valid,225.1,52.9,587.1,289.0,55.5,588.1,267.7,200.2,265.2,204.5,0.5071,0.6847,0.5095,0.6773,0.5047,0.692,Screen Recording,Screen Recording Recording16.mp4,1920,1080,0,0,960,540,Fixation,376,413,969,750,0.5049,0.694,,,,,,,,,,,
177485567,1606952705,Eye Tracker,LipReading,08/25/2025,YanTianming,Recording16,05/10/2025,05/10/2025,14:25:35.695,06:25:35.695,387686,Timeline1,Tobii I-VT (Fixation),1.241.54219,1080,1920,10.0,5.1,9.5,10.6,0.53,1.02,1.13,19,35,39,6.6,5.5,2.9,0.7,0.62,0.32,24,20,11,1568061418,,,973,739,985,736,961,742,0.07307,0.24471,-0.96684,-0.04257,0.24306,-0.96908,3.939,4.285,4.101,,,,Valid,Valid,225.1,52.9,587.1,289.0,55.5,588.1,269.5,201.5,263.1,203.0,0.5068,0.6843,0.5128,0.6817,0.5007,0.6869,Screen Recording,Screen Recording Recording16.mp4,1920,1080,0,0,960,540,Fixation,376,413,969,750,0.5049,0.694,,,,,,,,,,,
177489567,1606956705,Eye Tracker,LipReading,08/25/2025,YanTianming,Recording16,05/10/2025,05/10/2025,14:25:35.695,06:25:35.695,387686,Timeline1,Tobii I-VT (Fixation),1.241.54219,1080,1920,10.0,5.1,9.5,10.6,0.53,1.02,1.13,19,35,39,6.6,5.5,2.9,0.7,0.62,0.32,24,20,11,1568065418,,,969,742,977,733,961,751,0.06984,0.24325,-0.96745,-0.04271,0.24684,-0.96812,3.918,4.293,4.103,,,,Valid,Valid,225.0,52.9,587.1,288.9,55.5,588.1,267.4,200.5,263.0,205.5,0.5047,0.6868,0.509,0.6784,0.5005,0.6952,Screen Recording,Screen Recording Recording16.mp4,1920,1080,0,0,960,540,Fixation,376,413,969,750,0.5049,0.694,,,,,,,,,,,
177493567,1606960705,Eye Tracker,LipReading,08/25/2025,YanTianming,Recording16,05/10/2025,05/10/2025,14:25:35.695,06:25:35.695,387686,Timeline1,Tobii I-VT (Fixation),1.241.54219,1080,1920,10.0,5.1,9.5,10.6,0.53,1.02,1.13,19,35,39,6.6,5.5,2.9,0.7,0.62,0.32,24,20,11,1568069418,,,965,742,977,731,953,753,0.06974,0.24269,-0.96759,-0.04627,0.24754,-0.96777,3.911,4.287,4.109,,,,Valid,Valid,225.0,52.9,587.1,288.9,55.5,588.1,267.3,200.2,260.8,206.0,0.5025,0.687,0.5088,0.6772,0.4963,0.6968,Screen Recording,Screen Recording Recording16.mp4,1920,1080,0,0,960,540,Fixation,376,413,969,750,0.5049,0.694,,,,,,,,,,,
177497567,1606964705,Eye Tracker,LipReading,08/25/2025,YanTianming,Recording16,05/10/2025,05/10/2025,14:25:35.695,06:25:35.695,387686,Timeline1,Tobii I-VT (Fixation),1.241.54219,1080,1920,10.0,5.1,9.5,10.6,0.53,1.02,1.13,19,35,39,6.6,5.5,2.9,0.7,0.62,0.32,24,20,11,1568073418,,,973,741,988,735,958,747,0.07488,0.24414,-0.96684,-0.04405,0.24517,-0.96848,3.93,4.288,4.103,,,,Valid,Valid,225.0,52.9,587.1,288.9,55.5,588.1,270.5,201.2,262.1,204.4,0.5068,0.6861,0.5147,0.6806,0.4989,0.6915,Screen Recording,Screen Recording Recording16.mp4,1920,1080,0,0,960,540,Fixation,376,413,969,750,0.5049,0.694,,,,,,,,,,,
177501567,1606968705,Eye Tracker,LipReading,08/25/2025,YanTianming,Recording16,05/10/2025,05/10/2025,14:25:35.695,06:25:35.695,387686,Timeline1,Tobii I-VT (Fixation),1.241.54219,1080,1920,10.0,5.1,9.5,10.6,0.53,1.02,1.13,19,35,39,6.6,5.5,2.9,0.7,0.62,0.32,24,20,11,1568077418,,,975,742,986,744,965,740,0.07378,0.24784,-0.96599,-0.0409,0.24247,-0.9693,3.933,4.263,4.107,,,,Valid,Valid,225.0,52.9,587.0,288.9,55.5,588.1,269.8,203.5,264.0,202.6,0.508,0.6871,0.5134,0.6887,0.5025,0.6855,Screen Recording,Screen Recording Recording16.mp4,1920,1080,0,0,960,540,Fixation,376,413,969,750,0.5049,0.694,,,,,,,,,,,
177505567,1606972705,Eye Tracker,LipReading,08/25/2025,YanTianming,Recording16,05/10/2025,05/10/2025,14:25:35.695,06:25:35.695,387686,Timeline1,Tobii I-VT (Fixation),1.241.54219,1080,1920,10.0,5.1,9.5,10.6,0.53,1.02,1.13,19,35,39,6.6,5.5,2.9,0.7,0.62,0.32,24,20,11,1568081418,,,975,744,985,741,965,747,0.07364,0.24676,-0.96628,-0.04067,0.24528,-0.9686,3.916,4.273,4.105,,,,Valid,Valid,224.9,52.9,587.0,288.8,55.5,588.1,269.7,202.8,264.1,204.4,0.5079,0.689,0.5132,0.6863,0.5027,0.6917,Screen Recording,Screen Recording Recording16.mp4,1920,1080,0,0,960,540,Fixation,376,413,969,750,0.5049,0.694,,,,,,,,,,,
177509567,1606976705,Eye Tracker,LipReading,08/25/2025,YanTianming,Recording16,05/10/2025,05/10/2025,14:25:35.695,06:25:35.695,387686,Timeline1,Tobii I-VT (Fixation),1.241.54219,1080,1920,10.0,5.1,9.5,10.6,0.53,1.02,1.13,19,35,39,6.6,5.5,2.9,0.7,0.62,0.32,24,20,11,1568085418,,,976,741,984,739,968,743,0.07327,0.24568,-0.96658,-0.03946,0.24343,-0.96911,3.926,4.291,4.104,,,,Valid,Valid,224.9,52.9,587.1,288.8,55.5,588.1,269.4,202.1,264.8,203.2,0.5084,0.6858,0.5127,0.6839,0.504,0.6876,Screen Recording,Screen Recording Recording16.mp4,1920,1080,0,0,960,540,Fixation,376,413,969,750,0.5049,0.694,,,,,,,,,,,
177513567,1606980705,Eye Tracker,LipReading,08/25/2025,YanTianming,Recording16,05/10/2025,05/10/2025,14:25:35.695,06:25:35.695,387686,Timeline1,Tobii I-VT (Fixation),1.241.54219,1080,1920,10.0,5.1,9.5,10.6,0.53,1.02,1.13,19,35,39,6.6,5.5,2.9,0.7,0.62,0.32,24,20,11,1568089418,,,971,743,975,744,968,742,0.06884,0.24824,-0.96625,-0.03949,0.24321,-0.96917,3.942,4.28,4.103,,,,Valid,Valid,224.9,52.9,587.1,288.8,55.5,588.1,266.7,203.7,264.8,203.1,0.5058,0.6882,0.5076,0.6893,0.504,0.6872,Screen Recording,Screen Recording Recording16.mp4,1920,1080,0,0,960,540,Fixation,376,413,969,750,0.5049,0.694,,,,,,,,,,,
177517567,1606984705,Eye Tracker,LipReading,08/25/2025,YanTianming,Recording16,05/10/2025,05/10/2025,14:25:35.695,06:25:35.695,387686,Timeline1,Tobii I-VT (Fixation),1.241.54219,1080,1920,10.0,5.1,9.5,10.6,0.53,1.02,1.13,19,35,39,6.6,5.5,2.9,0.7,0.62,0.32,24,20,11,1568093418,,,977,740,982,738,972,742,0.07233,0.24551,-0.96669,-0.03739,0.243,-0.9693,3.927,4.289,4.104,,,,Valid,Valid,224.9,52.9,587.1,288.8,55.5,588.1,268.8,202.0,266.1,203.0,0.509,0.6851,0.5116,0.6835,0.5064,0.6867,Screen Recording,Screen Recording Recording16.mp4,1920,1080,0,0,960,540,Fixation,376,413,969,750,0.5049,0.694,,,,,,,,,,,
177521567,1606988705,Eye Tracker,LipReading,08/25/2025,YanTianming,Recording16,05/10/2025,05/10/2025,14:25:35.695,06:25:35.695,387686,Timeline1,Tobii I-VT (Fixation),1.241.54219,1080,1920,10.0,5.1,9.5,10.6,0.53,1.02,1.13,19,35,39,6.6,5.5,2.9,0.7,0.62,0.32,24,20,11,1568097418,,,973,739,981,734,965,745,0.07181,0.2436,-0.96722,-0.04081,0.24441,-0.96881,3.925,4.273,4.107,,,,Valid,Valid,224.9,52.9,587.0,288.8,55.5,588.0,268.5,200.8,264.0,203.9,0.5067,0.6846,0.5109,0.6793,0.5024,0.6898,Screen Recording,Screen Recording Recording16.mp4,1920,1080,0,0,960,540,Fixation,376,413,969,750,0.5049,0.694,,,,,,,,,,,
177525567,1606992705,Eye Tracker,LipReading,08/25/2025,YanTianming,Recording16,05/10/2025,05/10/2025,14:25:35.695,06:25:35.695,387686,Timeline1,Tobii I-VT (Fixation),1.241.54219,1080,1920,10.0,5.1,9.5,10.6,0.53,1.02,1.13,19,35,39,6.6,5.5,2.9,0.7,0.62,0.32,24,20,11,1568101418,,,974,742,982,737,967,748,0.07217,0.24492,-0.96685,-0.03972,0.24556,-0.96857,3.934,4.276,4.108,,,,Valid,Valid,224.9,52.9,587.1,288.8,55.5,588.1,268.7,201.6,264.6,204.6,0.5075,0.6872,0.5113,0.6822,0.5037,0.6923,Screen Recording,Screen Recording Recording16.mp4,1920,1080,0,0,960,540,Fixation,376,413,969,750,0.5049,0.694,,,,,,,,,,,
177529567,1606996705,Eye Tracker,LipReading,08/25/2025,YanTianming,Recording16,05/10/2025,05/10/2025,14:25:35.695,06:25:35.695,387686,Timeline1,Tobii I-VT (Fixation),1.241.54219,1080,1920,10.0,5.1,9.5,10.6,0.53,1.02,1.13,19,35,39,6.6,5.5,2.9,0.7,0.62,0.32,24,20,11,1568105418,,,976,747,984,744,969,750,0.0729,0.24779,-0.96607,-0.03876,0.24676,-0.9683,3.948,4.289,4.107,,,,Valid,Valid,224.9,52.9,587.1,288.8,55.5,588.1,269.2,203.5,265.2,205.4,0.5085,0.6917,0.5122,0.6885,0.5047,0.6949,Screen Recording,Screen Recording Recording16.mp4,1920,1080,0,0,960,540,Fixation,376,413,969,750,0.5049,0.694,,,,,,,,,,,
177533567,1607000705,Eye Tracker,LipReading,08/25/2025,YanTianming,Recording16,05/10/2025,05/10/2025,14:25:35.695,06:25:35.695,387686,Timeline1,Tobii I-VT (Fixation),1.241.54219,1080,1920,10.0,5.1,9.5,10.6,0.53,1.02,1.13,19,35,39,6.6,5.5,2.9,0.7,0.62,0.32,24,20,11,1568109418,,,971,739,974,731,967,747,0.06881,0.24246,-0.96772,-0.03969,0.24534,-0.96862,3.921,4.293,4.113,,,,Valid,Valid,224.9,52.9,587.0,288.8,55.5,588.1,266.6,200.0,264.7,204.5,0.5055,0.6842,0.5074,0.6767,0.5037,0.6918,Screen Recording,Screen Recording Recording16.mp4,1920,1080,0,0,960,540,Fixation,376,413,969,750,0.5049,0.694,,,,,,,,,,,
177537566,1607004704,Eye Tracker,LipReading,08/25/2025,YanTianming,Recording16,05/10/2025,05/10/2025,14:25:35.695,06:25:35.695,387686,Timeline1,Tobii I-VT (Fixation),1.241.54219,1080,1920,10.0,5.1,9.5,10.6,0.53,1.02,1.13,19,35,39,6.6,5.5,2.9,0.7,0.62,0.32,24,20,11,1568113418,,,975,745,981,738,970,752,0.07188,0.24526,-0.96679,-0.03843,0.24745,-0.96814,3.925,4.291,4.116,,,,Valid,Valid,224.9,52.9,587.0,288.8,55.5,588.0,268.5,201.8,265.4,205.8,0.5081,0.6897,0.511,0.6829,0.5051,0.6964,Screen Recording,Screen Recording Recording16.mp4,1920,1080,0,0,960,540,Fixation,376,413,969,750,0.5049,0.694,,,,,,,,,,,
177541566,1607008704,Eye Tracker,LipReading,08/25/2025,YanTianming,Recording16,05/10/2025,05/10/2025,14:25:35.695,06:25:35.695,387686,Timeline1,Tobii I-VT (Fixation),1.241.54219,1080,1920,10.0,5.1,9.5,10.6,0.53,1.02,1.13,19,35,39,6.6,5.5,2.9,0.7,0.62,0.32,24,20,11,1568117418,,,974,747,981,742,968,751,0.07165,0.24725,-0.9663,-0.03943,0.24708,-0.96819,3.94,4.292,4.11,,,,Valid,Valid,224.9,52.9,587.0,288.8,55.5,588.0,268.4,203.1,264.8,205.6,0.5074,0.6914,0.5108,0.6873,0.504,0.6956,Screen Recording,Screen Recording Recording16.mp4,1920,1080,0,0,960,540,Fixation,376,413,969,750,0.5049,0.694,,,,,,,,,,,
177545566,1607012704,Eye Tracker,LipReading,08/25/2025,YanTianming,Recording16,05/10/2025,05/10/2025,14:25:35.695,06:25:35.695,387686,Timeline1,Tobii I-VT (Fixation),1.241.54219,1080,1920,10.0,5.1,9.5,10.6,0.53,1.02,1.13,19,35,39,6.6,5.5,2.9,0.7,0.62,0.32,24,20,11,1568121418,,,973,745,982,737,964,753,0.07206,0.24515,-0.9668,-0.04108,0.24765,-0.96798,3.941,4.302,4.11,,,,Valid,Valid,224.9,52.9,587.0,288.8,55.5,588.0,268.6,201.8,263.8,206.0,0.5067,0.6898,0.5112,0.6826,0.5021,0.6969,Screen Recording,Screen Recording Recording16.mp4,1920,1080,0,0,960,540,Fixation,376,413,969,750,0.5049,0.694,,,,,,,,,,,
177549566,1607016704,Eye Tracker,LipReading,08/25/2025,YanTianming,Recording16,05/10/2025,05/10/2025,14:25:35.695,06:25:35.695,387686,Timeline1,Tobii I-VT (Fixation),1.241.54219,1080,1920,10.0,5.1,9.5,10.6,0.53,1.02,1.13,19,35,39,6.6,5.5,2.9,0.7,0.62,0.32,24,20,11,1568125418,,,973,744,986,733,959,755,0.074,0.24319,-0.96715,-0.04319,0.24854,-0.96766,3.929,4.271,4.11,,,,Valid,Valid,224.9,52.9,587.0,288.8,55.5,588.0,269.8,200.5,262.6,206.6,0.5066,0.6887,0.5135,0.6784,0.4997,0.6989,Screen Recording,Screen Recording Recording16.mp4,1920,1080,0,0,960,540,Fixation,376,413,969,750,0.5049,0.694,,,,,,,,,,,
177553566,1607020704,Eye Tracker,LipReading,08/25/2025,YanTianming,Recording16,05/10/2025,05/10/2025,14:25:35.695,06:25:35.695,387686,Timeline1,Tobii I-VT (Fixation),1.241.54219,1080,1920,10.0,5.1,9.5,10.6,0.53,1.02,1.13,19,35,39,6.6,5.5,2.9,0.7,0.62,0.32,24,20,11,1568129418,,,971,751,986,737,955,764,0.07413,0.24498,-0.96669,-0.04517,0.25255,-0.96653,3.92,4.292,4.11,,,,Valid,Valid,224.9,52.9,586.9,288.8,55.6,587.9,269.9,201.7,261.4,209.2,0.5056,0.6951,0.5137,0.6824,0.4974,0.7077,Screen Recording,Screen Recording Recording16.mp4,1920,1080,0,0,960,540,Fixation,376,413,969,750,0.5049,0.694,,,,,,,,,,,
177557566,1607024704,Eye Tracker,LipReading,08/25/2025,YanTianming,Recording16,05/10/2025,05/10/2025,14:25:35.695,06:25:35.695,387686,Timeline1,Tobii I-VT (Fixation),1.241.54219,1080,1920,10.0,5.1,9.5,10.6,0.53,1.02,1.13,19,35,39,6.6,5.5,2.9,0.7,0.62,0.32,24,20,11,1568133418,,,968,743,984,734,952,752,0.07325,0.24395,-0.96702,-0.0466,0.2472,-0.96784,3.924,4.292,4.11,,,,Valid,Valid,224.9,52.9,586.9,288.9,55.6,587.9,269.4,201.0,260.6,205.7,0.5043,0.6881,0.5127,0.6801,0.4959,0.696,Screen Recording,Screen Recording Recording16.mp4,1920,1080,0,0,960,540,Fixation,376,413,969,750,0.5049,0.694,,,,,,,,,,,
177561566,1607028704,Eye Tracker,LipReading,08/25/2025,YanTianming,Recording16,05/10/2025,05/10/2025,14:25:35.695,06:25:35.695,387686,Timeline1,Tobii I-VT (Fixation),1.241.54219,1080,1920,10.0,5.1,9.5,10.6,0.53,1.02,1.13,19,35,39,6.6,5.5,2.9,0.7,0.62,0.32,24,20,11,1568137418,,,971,748,989,743,953,753,0.07527,0.24743,-0.96598,-0.04614,0.24781,-0.96771,3.95,4.291,4.11,,,,Valid,Valid,225.0,53.0,586.8,288.9,55.6,587.9,270.7,203.3,260.9,206.1,0.5058,0.6926,0.5152,0.6878,0.4965,0.6974,Screen Recording,Screen Recording Recording16.mp4,1920,1080,0,0,960,540,Fixation,376,413,969,750,0.5049,0.694,,,,,,,,,,,
177565566,1607032704,Eye Tracker,LipReading,08/25/2025,YanTianming,Recording16,05/10/2025,05/10/2025,14:25:35.695,06:25:35.695,387686,Timeline1,Tobii I-VT (Fixation),1.241.54219,1080,1920,10.0,5.1,9.5,10.6,0.53,1.02,1.13,19,35,39,6.6,5.5,2.9,0.7,0.62,0.32,24,20,11,1568141418,,,973,743,991,736,955,750,0.07599,0.24456,-0.96665,-0.04544,0.24662,-0.96805,3.929,4.289,4.12,,,,Valid,Valid,225.0,53.0,586.8,288.9,55.6,587.9,271.1,201.5,261.3,205.3,0.5067,0.6882,0.516,0.6816,0.4974,0.6947,Screen Recording,Screen Recording Recording16.mp4,1920,1080,0,0,960,540,Fixation,376,413,969,750,0.5049,0.694,,,,,,,,,,,
177569566,1607036704,Eye Tracker,LipReading,08/25/2025,YanTianming,Recording16,05/10/2025,05/10/2025,14:25:35.695,06:25:35.695,387686,Timeline1,Tobii I-VT (Fixation),1.241.54219,1080,1920,10.0,5.1,9.5,10.6,0.53,1.02,1.13,19,35,39,6.6,5.5,2.9,0.7,0.62,0.32,24,20,11,1568145418,,,968,754,978,746,958,763,0.07017,0.24876,-0.96602,-0.04389,0.2519,-0.96676,3.948,4.295,4.122,,,,Valid,Valid,225.0,53.0,586.7,289.0,55.5,587.9,267.7,204.1,262.3,208.7,0.5043,0.6984,0.5094,0.6906,0.4991,0.7062,Screen Recording,Screen Recording Recording16.mp4,1920,1080,0,0,960,540,Fixation,376,413,969,750,0.5049,0.694,,,,,,,,,,,
177573566,1607040704,Eye Tracker,LipReading,08/25/2025,YanTianming,Recording16,05/10/2025,05/10/2025,14:25:35.695,06:25:35.695,387686,Timeline1,Tobii I-VT (Fixation),1.241.54219,1080,1920,10.0,5.1,9.5,10.6,0.53,1.02,1.13,19,35,39,6.6,5.5,2.9,0.7,0.62,0.32,24,20,11,1568149418,,,972,755,982,749,962,760,0.07198,0.25016,-0.96553,-0.04228,0.25071,-0.96714,3.948,4.301,4.114,,,,Valid,Valid,225.1,53.0,586.8,289.0,55.6,587.9,268.8,205.0,263.3,208.0,0.5063,0.6986,0.5116,0.6936,0.5011,0.7036,Screen Recording,Screen Recording Recording16.mp4,1920,1080,0,0,960,540,Fixation,376,413,969,750,0.5049,0.694,,,,,,,,,,,
177577566,1607044704,Eye Tracker,LipReading,08/25/2025,YanTianming,Recording16,05/10/2025,05/10/2025,14:25:35.695,06:25:35.695,387686,Timeline1,Tobii I-VT (Fixation),1.241.54219,1080,1920,10.0,5.1,9.5,10.6,0.53,1.02,1.13,19,35,39,6.6,5.5,2.9,0.7,0.62,0.32,24,20,11,1568153418,,,969,751,984,739,955,762,0.07281,0.24602,-0.96653,-0.04566,0.25164,-0.96674,3.928,4.304,4.117,,,,Valid,Valid,225.1,52.9,586.9,289.0,55.6,587.8,269.3,202.3,261.3,208.6,0.5049,0.6951,0.5125,0.6846,0.4972,0.7057,Screen Recording,Screen Recording Recording16.mp4,1920,1080,0,0,960,540,Fixation,376,413,969,750,0.5049,0.694,,,,,,,,,,,
177581566,1607048704,Eye Tracker,LipReading,08/25/2025,YanTianming,Recording16,05/10/2025,05/10/2025,14:25:35.695,06:25:35.695,387686,Timeline1,Tobii I-VT (Fixation),1.241.54219,1080,1920,10.0,5.1,9.5,10.6,0.53,1.02,1.13,19,35,39,6.6,5.5,2.9,0.7,0.62,0.32,24,20,11,1568157418,,,966,749,982,736,950,762,0.07174,0.24444,-0.96701,-0.04803,0.25162,-0.96663,3.934,4.294,4.118,,,,Valid,Valid,225.1,52.9,586.9,289.1,55.6,587.9,268.7,201.3,259.9,208.6,0.5029,0.6934,0.5113,0.681,0.4946,0.7057,Screen Recording,Screen Recording Recording16.mp4,1920,1080,0,0,960,540,Fixation,376,413,969,750,0.5049,0.694,,,,,,,,,,,
177585566,1607052704,Eye Tracker,LipReading,08/25/2025,YanTianming,Recording16,05/10/2025,05/10/2025,14:25:35.695,06:25:35.695,387686,Timeline1,Tobii I-VT (Fixation),1.241.54219,1080,1920,10.0,5.1,9.5,10.6,0.53,1.02,1.13,19,35,39,6.6,5.5,2.9,0.7,0.62,0.32,24,20,11,1568161418,,,971,753,984,743,958,763,0.07263,0.24757,-0.96614,-0.04424,0.25198,-0.96672,3.935,4.299,4.117,,,,Valid,Valid,225.2,53.0,586.8,289.1,55.6,587.9,269.3,203.3,262.2,208.8,0.5057,0.6972,0.5125,0.688,0.499,0.7064,Screen Recording,Screen Recording Recording16.mp4,1920,1080,0,0,960,540,Fixation,376,413,969,750,0.5049,0.694,,,,,,,,,,,
177589566,1607056704,Eye Tracker,LipReading,08/25/2025,YanTianming,Recording16,05/10/2025,05/10/2025,14:25:35.695,06:25:35.695,387686,Timeline1,Tobii I-VT (Fixation),1.241.54219,1080,1920,10.0,5.1,9.5,10.6,0.53,1.02,1.13,19,35,39,6.6,5.5,2.9,0.7,0.62,0.32,24,20,11,1568165418,,,971,758,988,744,955,772,0.07415,0.24785,-0.96596,-0.04568,0.2557,-0.96568,3.941,4.305,4.117,,,,Valid,Valid,225.2,53.0,586.7,289.1,55.6,587.9,270.3,203.6,261.3,211.2,0.5058,0.7017,0.5143,0.6887,0.4974,0.7146,Screen Recording,Screen Recording Recording16.mp4,1920,1080,0,0,960,540,Fixation,376,413,969,750,0.5049,0.694,,,,,,,,,,,
177593566,1607060704,Eye Tracker,LipReading,08/25/2025,YanTianming,Recording16,05/10/2025,05/10/2025,14:25:35.695,06:25:35.695,387686,Timeline1,Tobii I-VT (Fixation),1.241.54219,1080,1920,10.0,5.1,9.5,10.6,0.53,1.02,1.13,19,35,39,6.6,5.5,2.9,0.7,0.62,0.32,24,20,11,1568169418,,,974,754,985,742,964,765,0.07303,0.24704,-0.96625,-0.04191,0.25297,-0.96657,3.935,4.292,4.12,,,,Valid,Valid,225.3,53.0,586.7,289.2,55.6,587.8,269.6,203.0,263.7,209.4,0.5075,0.6977,0.5131,0.6869,0.5018,0.7086,Screen Recording,Screen Recording Recording16.mp4,1920,1080,0,0,960,540,Fixation,376,413,969,750,0.5049,0.694,,,,,,,,,,,
177597566,1607064704,Eye Tracker,LipReading,08/25/2025,YanTianming,Recording16,05/10/2025,05/10/2025,14:25:35.695,06:25:35.695,387686,Timeline1,Tobii I-VT (Fixation),1.241.54219,1080,1920,10.0,5.1,9.5,10.6,0.53,1.02,1.13,19,35,39,6.6,5.5,2.9,0.7,0.62,0.32,24,20,11,1568173418,,,969,752,984,743,953,761,0.07259,0.24774,-0.9661,-0.04672,0.2509,-0.96688,3.951,4.302,4.126,,,,Valid,Valid,225.3,53.0,586.8,289.2,55.6,587.7,269.4,203.4,260.8,208.1,0.5045,0.6962,0.5127,0.6883,0.4964,0.7042,Screen Recording,Screen Recording Recording16.mp4,1920,1080,0,0,960,540,Fixation,376,413,969,750,0.5049,0.694,,,,,,,,,,,
177601566,1607068704,Eye Tracker,LipReading,08/25/2025,YanTianming,Recording16,05/10/2025,05/10/2025,14:25:35.695,06:25:35.695,387686,Timeline1,Tobii I-VT (Fixation),1.241.54219,1080,1920,10.0,5.1,9.5,10.6,0.53,1.02,1.13,19,35,39,6.6,5.5,2.9,0.7,0.62,0.32,24,20,11,1568177418,,,969,754,990,742,949,765,0.07497,0.24703,-0.9661,-0.04866,0.25292,-0.96626,3.954,4.299,4.126,,,,Valid,Valid,225.3,53.0,586.8,289.3,55.6,587.8,270.8,203.0,259.7,209.5,0.5048,0.6978,0.5155,0.6869,0.4942,0.7087,Screen Recording,Screen Recording Recording16.mp4,1920,1080,0,0,960,540,Fixation,376,413,969,750,0.5049,0.694,,,,,,,,,,,
177605566,1607072704,Eye Tracker,LipReading,08/25/2025,YanTianming,Recording16,05/10/2025,05/10/2025,14:25:35.695,06:25:35.695,387686,Timeline1,Tobii I-VT (Fixation),1.241.54219,1080,1920,10.0,5.1,9.5,10.6,0.53,1.02,1.13,19,35,39,6.6,5.5,2.9,0.7,0.62,0.32,24,20,11,1568181418,,,969,754,991,749,947,759,0.07531,0.25014,-0.96528,-0.04935,0.25012,-0.96696,3.951,4.31,4.131,,,,Valid,Valid,225.3,53.0,586.8,289.3,55.6,587.8,271.1,205.0,259.3,207.6,0.5047,0.6981,0.516,0.6937,0.4935,0.7025,Screen Recording,Screen Recording Recording16.mp4,1920,1080,0,0,960,540,Fixation,376,413,969,750,0.5049,0.694,,,,,,,,,,,
177609565,1607076703,Eye Tracker,LipReading,08/25/2025,YanTianming,Recording16,05/10/2025,05/10/2025,14:25:35.695,06:25:35.695,387686,Timeline1,Tobii I-VT (Fixation),1.241.54219,1080,1920,10.0,5.1,9.5,10.6,0.53,1.02,1.13,19,35,39,6.6,5.5,2.9,0.7,0.62,0.32,24,20,11,1568185418,,,967,755,986,746,948,763,0.07323,0.24898,-0.96574,-0.04914,0.25186,-0.96652,3.947,4.315,4.132,,,,Valid,Valid,225.4,53.0,586.7,289.3,55.6,587.8,269.9,204.3,259.4,208.8,0.5037,0.6987,0.5136,0.6911,0.4938,0.7063,Screen Recording,Screen Recording Recording16.mp4,1920,1080,0,0,960,540,Fixation,376,413,969,750,0.5049,0.694,,,,,,,,,,,
177613565,1607080703,Eye Tracker,LipReading,08/25/2025,YanTianming,Recording16,05/10/2025,05/10/2025,14:25:35.695,06:25:35.695,387686,Timeline1,Tobii I-VT (Fixation),1.241.54219,1080,1920,10.0,5.1,9.5,10.6,0.53,1.02,1.13,19,35,39,6.6,5.5,2.9,0.7,0.62,0.32,24,20,11,1568189418,,,972,754,986,747,958,762,0.07292,0.24911,-0.96573,-0.04487,0.25153,-0.96681,3.963,4.323,4.132,,,,Valid,Valid,225.4,53.0,586.7,289.3,55.6,587.8,269.7,204.4,262.1,208.5,0.506,0.6985,0.5133,0.6914,0.4988,0.7055,Screen Recording,Screen Recording Recording16.mp4,1920,1080,0,0,960,540,Fixation,376,413,969,750,0.5049,0.694,,,,,,,,,,,
177617565,1607084703,Eye Tracker,LipReading,08/25/2025,YanTianming,Recording16,05/10/2025,05/10/2025,14:25:35.695,06:25:35.695,387686,Timeline1,Tobii I-VT (Fixation),1.241.54219,1080,1920,10.0,5.1,9.5,10.6,0.53,1.02,1.13,19,35,39,6.6,5.5,2.9,0.7,0.62,0.32,24,20,11,1568193418,,,973,751,990,743,956,759,0.07504,0.24729,-0.96603,-0.04577,0.25026,-0.9671,3.953,4.305,4.134,,,,Valid,Valid,225.4,53.1,586.6,289.4,55.6,587.8,271.0,203.2,261.5,207.7,0.5068,0.6952,0.5158,0.6876,0.4978,0.7028,Screen Recording,Screen Recording Recording16.mp4,1920,1080,0,0,960,540,Fixation,376,413,969,750,0.5049,0.694,,,,,,,,,,,
177621565,1607088703,Eye Tracker,LipReading,08/25/2025,YanTianming,Recording16,05/10/2025,05/10/2025,14:25:35.695,06:25:35.695,387686,Timeline1,Tobii I-VT (Fixation),1.241.54219,1080,1920,10.0,5.1,9.5,10.6,0.53,1.02,1.13,19,35,39,6.6,5.5,2.9,0.7,0.62,0.32,24,20,11,1568197418,,,967,756,983,745,952,767,0.07153,0.24817,-0.96607,-0.04731,0.25372,-0.96612,3.961,4.308,4.135,,,,Valid,Valid,225.5,53.1,586.6,289.4,55.6,587.7,268.9,203.8,260.6,210.0,0.5039,0.6999,0.5117,0.6894,0.496,0.7105,Screen Recording,Screen Recording Recording16.mp4,1920,1080,0,0,960,540,Fixation,376,413,969,750,0.5049,0.694,,,,,,,,,,,
177625565,1607092703,Eye Tracker,LipReading,08/25/2025,YanTianming,Recording16,05/10/2025,05/10/2025,14:25:35.695,06:25:35.695,387686,Timeline1,Tobii I-VT (Fixation),1.241.54219,1080,1920,10.0,5.1,9.5,10.6,0.53,1.02,1.13,19,35,39,6.6,5.5,2.9,0.7,0.62,0.32,24,20,11,1568201418,,,974,756,993,753,955,759,0.07589,0.25182,-0.9648,-0.04595,0.25015,-0.96712,3.956,4.312,4.131,,,,Valid,Valid,225.5,53.1,586.6,289.4,55.7,587.7,271.6,206.2,261.5,207.7,0.5073,0.7001,0.5169,0.6976,0.4976,0.7026,Screen Recording,Screen Recording Recording16.mp4,1920,1080,0,0,960,540,Fixation,376,413,969,750,0.5049,0.694,,,,,,,,,,,
177629565,1607096703,Eye Tracker,LipReading,08/25/2025,YanTianming,Recording16,05/10/2025,05/10/2025,14:25:35.695,06:25:35.695,387686,Timeline1,Tobii I-VT (Fixation),1.241.54219,1080,1920,10.0,5.1,9.5,10.6,0.53,1.02,1.13,19,35,39,6.6,5.5,2.9,0.7,0.62,0.32,24,20,11,1568205418,,,972,754,989,745,956,763,0.07431,0.2484,-0.9658,-0.04569,0.25184,-0.96669,3.962,4.305,4.131,,,,Valid,Valid,225.5,53.1,586.6,289.4,55.7,587.6,270.6,203.9,261.6,208.8,0.5065,0.6982,0.515,0.69,0.4979,0.7064,Screen Recording,Screen Recording Recording16.mp4,1920,1080,0,0,960,540,Fixation,376,413,969,750,0.5049,0.694,,,,,,,,,,,
177633565,1607100703,Eye Tracker,LipReading,08/25/2025,YanTianming,Recording16,05/10/2025,05/10/2025,14:25:35.695,06:25:35.695,387686,Timeline1,Tobii I-VT (Fixation),1.241.54219,1080,1920,10.0,5.1,9.5,10.6,0.53,1.02,1.13,19,35,39,6.6,5.5,2.9,0.7,0.62,0.32,24,20,11,1568209418,,,969,745,990,739,949,750,0.07476,0.24587,-0.96642,-0.0491,0.24644,-0.96791,3.951,4.303,4.131,,,,Valid,Valid,225.5,53.0,586.7,289.4,55.7,587.6,270.9,202.3,259.6,205.3,0.5048,0.6896,0.5155,0.6845,0.4941,0.6947,Screen Recording,Screen Recording Recording16.mp4,1920,1080,0,0,960,540,Fixation,376,413,969,750,0.5049,0.694,,,,,,,,,,,
177637565,1607104703,Eye Tracker,LipReading,08/25/2025,YanTianming,Recording16,05/10/2025,05/10/2025,14:25:35.695,06:25:35.695,387686,Timeline1,Tobii I-VT (Fixation),1.241.54219,1080,1920,10.0,5.1,9.5,10.6,0.53,1.02,1.13,19,35,39,6.6,5.5,2.9,0.7,0.62,0.32,24,20,11,1568213418,,,970,749,990,739,951,759,0.07492,0.24568,-0.96645,-0.04813,0.25014,-0.96701,3.952,4.306,4.134,,,,Valid,Valid,225.5,53.0,586.7,289.4,55.7,587.6,271.0,202.2,260.2,207.7,0.5054,0.6934,0.5157,0.6841,0.4952,0.7027,Screen Recording,Screen Recording Recording16.mp4,1920,1080,0,0,960,540,Fixation,376,413,969,750,0.5049,0.694,,,,,,,,,,,
177641565,1607108703,Eye Tracker,LipReading,08/25/2025,YanTianming,Recording16,05/10/2025,05/10/2025,14:25:35.695,06:25:35.695,387686,Timeline1,Tobii I-VT (Fixation),1.241.54219,1080,1920,10.0,5.1,9.5,10.6,0.53,1.02,1.13,19,35,39,6.6,5.5,2.9,0.7,0.62,0.32,24,20,11,1568217418,,,973,753,991,751,955,755,0.07514,0.25064,-0.96516,-0.04618,0.24867,-0.96749,3.966,4.293,4.136,,,,Valid,Valid,225.5,53.1,586.6,289.4,55.7,587.6,271.2,205.4,261.4,206.7,0.5068,0.6972,0.5161,0.6949,0.4975,0.6995,Screen Recording,Screen Recording Recording16.mp4,1920,1080,0,0,960,540,Fixation,376,413,969,750,0.5049,0.694,,,,,,,,,,,
177645565,1607112703,Eye Tracker,LipReading,08/25/2025,YanTianming,Recording16,05/10/2025,05/10/2025,14:25:35.695,06:25:35.695,387686,Timeline1,Tobii I-VT (Fixation),1.241.54219,1080,1920,10.0,5.1,9.5,10.6,0.53,1.02,1.13,19,35,39,6.6,5.5,2.9,0.7,0.62,0.32,24,20,11,1568221418,,,969,755,990,748,948,762,0.07485,0.24965,-0.96544,-0.04913,0.2513,-0.96666,3.975,4.318,4.141,,,,Valid,Valid,225.5,53.1,586.6,289.4,55.7,587.6,271.0,204.8,259.6,208.5,0.5048,0.6991,0.5157,0.6928,0.494,0.7054,Screen Recording,Screen Recording Recording16.mp4,1920,1080,0,0,960,540,Fixation,376,413,969,750,0.5049,0.694,,,,,,,,,,,
177649565,1607116703,Eye Tracker,LipReading,08/25/2025,YanTianming,Recording16,05/10/2025,05/10/2025,14:25:35.695,06:25:35.695,387686,Timeline1,Tobii I-VT (Fixation),1.241.54219,1080,1920,10.0,5.1,9.5,10.6,0.53,1.02,1.13,19,35,39,6.6,5.5,2.9,0.7,0.62,0.32,24,20,11,1568225418,,,972,753,994,744,951,762,0.07673,0.24788,-0.96575,-0.04815,0.25143,-0.96668,3.972,4.318,4.145,,,,Valid,Valid,225.5,53.1,586.5,289.4,55.7,587.6,272.1,203.7,260.1,208.6,0.5065,0.6974,0.5178,0.6891,0.4951,0.7056,Screen Recording,Screen Recording Recording16.mp4,1920,1080,0,0,960,540,Fixation,376,413,969,750,0.5049,0.694,,,,,,,,,,,
177653565,1607120703,Eye Tracker,LipReading,08/25/2025,YanTianming,Recording16,05/10/2025,05/10/2025,14:25:35.695,06:25:35.695,387686,Timeline1,Tobii I-VT (Fixation),1.241.54219,1080,1920,10.0,5.1,9.5,10.6,0.53,1.02,1.13,19,35,39,6.6,5.5,2.9,0.7,0.62,0.32,24,20,11,1568229418,,,969,762,985,764,952,760,0.07261,0.25623,-0.96389,-0.04757,0.25066,-0.96691,3.984,4.311,4.146,,,,Valid,Valid,225.5,53.1,586.5,289.4,55.7,587.6,269.7,209.0,260.5,208.1,0.5045,0.7056,0.5132,0.7073,0.4958,0.7039,Screen Recording,Screen Recording Recording16.mp4,1920,1080,0,0,960,540,Fixation,376,413,969,750,0.5049,0.694,,,,,,,,,,,
177657565,1607124703,Eye Tracker,LipReading,08/25/2025,YanTianming,Recording16,05/10/2025,05/10/2025,14:25:35.695,06:25:35.695,387686,Timeline1,Tobii I-VT (Fixation),1.241.54219,1080,1920,10.0,5.1,9.5,10.6,0.53,1.02,1.13,19,35,39,6.6,5.5,2.9,0.7,0.62,0.32,24,20,11,1568233418,,,967,747,985,746,948,748,0.07272,0.24866,-0.96586,-0.04927,0.2456,-0.96812,3.963,4.319,4.145,,,,Valid,Valid,225.5,53.2,586.5,289.4,55.7,587.6,269.6,204.1,259.5,204.8,0.5035,0.6918,0.5131,0.6907,0.4938,0.6929,Screen Recording,Screen Recording Recording16.mp4,1920,1080,0,0,960,540,Fixation,376,413,969,750,0.5049,0.694,,,,,,,,,,,
177661565,1607128703,Eye Tracker,LipReading,08/25/2025,YanTianming,Recording16,05/10/2025,05/10/2025,14:25:35.695,06:25:35.695,387686,Timeline1,Tobii I-VT (Fixation),1.241.54219,1080,1920,10.0,5.1,9.5,10.6,0.53,1.02,1.13,19,35,39,6.6,5.5,2.9,0.7,0.62,0.32,24,20,11,1568237418,,,968,752,985,751,951,752,0.07275,0.25096,-0.96526,-0.04801,0.24729,-0.96775,3.982,4.316,4.149,,,,Valid,Valid,225.4,53.2,586.5,289.4,55.7,587.7,269.6,205.6,260.2,205.9,0.5042,0.6961,0.5132,0.6957,0.4952,0.6965,Screen Recording,Screen Recording Recording16.mp4,1920,1080,0,0,960,540,Fixation,376,413,969,750,0.5049,0.694,,,,,,,,,,,
177665565,1607132703,Eye Tracker,LipReading,08/25/2025,YanTianming,Recording16,05/10/2025,05/10/2025,14:25:35.695,06:25:35.695,387686,Timeline1,Tobii I-VT (Fixation),1.241.54219,1080,1920,10.0,5.1,9.5,10.6,0.53,1.02,1.13,19,35,39,6.6,5.5,2.9,0.7,0.62,0.32,24,20,11,1568241418,,,968,747,984,743,951,750,0.07231,0.24752,-0.96618,-0.04792,0.24632,-0.968,3.953,4.324,4.145,,,,Valid,Valid,225.4,53.1,586.5,289.4,55.7,587.7,269.3,203.4,260.3,205.2,0.5039,0.6913,0.5125,0.6881,0.4953,0.6944,Screen Recording,Screen Recording Recording16.mp4,1920,1080,0,0,960,540,Fixation,376,413,969,750,0.5049,0.694,,,,,,,,,,,
177669565,1607136703,Eye Tracker,LipReading,08/25/2025,YanTianming,Recording16,05/10/2025,05/10/2025,14:25:35.695,06:25:35.695,387686,Timeline1,Tobii I-VT (Fixation),1.241.54219,1080,1920,10.0,5.1,9.5,10.6,0.53,1.02,1.13,19,35,39,6.6,5.5,2.9,0.7,0.62,0.32,24,20,11,1568245418,,,968,750,987,748,949,753,0.07371,0.24943,-0.96558,-0.0489,0.24758,-0.96763,3.983,4.3,4.153,,,,Valid,Valid,225.4,53.1,586.6,289.3,55.7,587.7,270.2,204.6,259.6,206.1,0.5041,0.6948,0.5141,0.6924,0.4941,0.6972,Screen Recording,Screen Recording Recording16.mp4,1920,1080,0,0,960,540,Fixation,376,413,969,750,0.5049,0.694,,,,,,,,,,,
177673565,1607140703,Eye Tracker,LipReading,08/25/2025,YanTianming,Recording16,05/10/2025,05/10/2025,14:25:35.695,06:25:35.695,387686,Timeline1,Tobii I-VT (Fixation),1.241.54219,1080,1920,10.0,5.1,9.5,10.6,0.53,1.02,1.13,19,35,39,6.6,5.5,2.9,0.7,0.62,0.32,24,20,11,1568249418,,,967,758,987,751,946,765,0.07372,0.25078,-0.96523,-0.04994,0.25242,-0.96633,3.971,4.329,4.156,,,,Valid,Valid,225.3,53.1,586.6,289.3,55.8,587.5,270.1,205.5,258.9,209.2,0.5035,0.7016,0.5141,0.6953,0.4928,0.708,Screen Recording,Screen Recording Recording16.mp4,1920,1080,0,0,960,540,Fixation,376,413,969,750,0.5049,0.694,,,,,,,,,,,
177677565,1607144703,Eye Tracker,LipReading,08/25/2025,YanTianming,Recording16,05/10/2025,05/10/2025,14:25:35.695,06:25:35.695,387686,Timeline1,Tobii I-VT (Fixation),1.241.54219,1080,1920,10.0,5.1,9.5,10.6,0.53,1.02,1.13,19,35,39,6.6,5.5,2.9,0.7,0.62,0.32,24,20,11,1568253418,,,966,756,989,754,943,757,0.07466,0.25227,-0.96477,-0.05152,0.24916,-0.96709,3.99,4.33,4.159,,,,Valid,Valid,225.3,53.1,586.6,289.3,55.8,587.5,270.7,206.5,258.0,207.2,0.5031,0.6998,0.5152,0.6986,0.4909,0.7009,Screen Recording,Screen Recording Recording16.mp4,1920,1080,0,0,960,540,Fixation,376,413,969,750,0.5049,0.694,,,,,,,,,,,
177681565,1607148703,Eye Tracker,LipReading,08/25/2025,YanTianming,Recording16,05/10/2025,05/10/2025,14:25:35.695,06:25:35.695,387686,Timeline1,Tobii I-VT (Fixation),1.241.54219,1080,1920,10.0,5.1,9.5,10.6,0.53,1.02,1.13,19,35,39,6.6,5.5,2.9,0.7,0.62,0.32,24,20,11,1568257418,,,968,750,990,752,945,749,0.07522,0.25111,-0.96503,-0.05021,0.24574,-0.96803,4.002,4.329,4.16,,,,Valid,Valid,225.3,53.2,586.5,289.2,55.8,587.5,271.0,205.8,258.7,204.9,0.5041,0.6948,0.5157,0.6962,0.4924,0.6934,Screen Recording,Screen Recording Recording16.mp4,1920,1080,0,0,960,540,Fixation,376,413,969,750,0.5049,0.694,,,,,,,,,,,
177685565,1607152703,Eye Tracker,LipReading,08/25/2025,YanTianming,Recording16,05/10/2025,05/10/2025,14:25:35.695,06:25:35.695,387686,Timeline1,Tobii I-VT (Fixation),1.241.54219,1080,1920,10.0,5.1,9.5,10.6,0.53,1.02,1.13,19,35,39,6.6,5.5,2.9,0.7,0.62,0.32,24,20,11,1568261418,,,968,752,985,750,951,754,0.07316,0.25041,-0.96537,-0.04747,0.24815,-0.96756,4.002,4.331,4.161,,,,Valid,Valid,225.2,53.2,586.4,289.2,55.8,587.5,269.7,205.3,260.3,206.5,0.5044,0.6966,0.5132,0.6946,0.4955,0.6986,Screen Recording,Screen Recording Recording16.mp4,1920,1080,0,0,960,540,Fixation,376,413,969,750,0.5049,0.694,,,,,,,,,,,
177689565,1607156703,Eye Tracker,LipReading,08/25/2025,YanTianming,Recording16,05/10/2025,05/10/2025,14:25:35.695,06:25:35.695,387686,Timeline1,Tobii I-VT (Fixation),1.241.54219,1080,1920,10.0,5.1,9.5,10.6,0.53,1.02,1.13,19,35,39,6.6,5.5,2.9,0.7,0.62,0.32,24,20,11,1568265418,,,970,755,987,749,953,760,0.07375,0.24983,-0.96548,-0.04674,0.25072,-0.96693,3.99,4.321,4.16,,,,Valid,Valid,225.2,53.2,586.4,289.1,55.7,587.7,270.0,204.9,260.7,208.1,0.505,0.6987,0.5138,0.6934,0.4962,0.7041,Screen Recording,Screen Recording Recording16.mp4,1920,1080,0,0,960,540,Fixation,376,413,969,750,0.5049,0.694,,,,,,,,,,,
177693565,1607160703,Eye Tracker,LipReading,08/25/2025,YanTianming,Recording16,05/10/2025,05/10/2025,14:25:35.695,06:25:35.695,387686,Timeline1,Tobii I-VT (Fixation),1.241.54219,1080,1920,10.0,5.1,9.5,10.6,0.53,1.02,1.13,19,35,39,6.6,5.5,2.9,0.7,0.62,0.32,24,20,11,1568269418,,,965,750,984,748,946,751,0.07278,0.24945,-0.96565,-0.04978,0.24687,-0.96777,3.991,4.347,4.16,,,,Valid,Valid,225.2,53.1,586.5,289.1,55.7,587.7,269.4,204.6,258.9,205.6,0.5027,0.6941,0.5126,0.6924,0.4927,0.6958,Screen Recording,Screen Recording Recording16.mp4,1920,1080,0,0,960,540,Fixation,376,413,969,750,0.5049,0.694,,,,,,,,,,,
177697564,1607164702,Eye Tracker,LipReading,08/25/2025,YanTianming,Recording16,05/10/2025,05/10/2025,14:25:35.695,06:25:35.695,387686,Timeline1,Tobii I-VT (Fixation),1.241.54219,1080,1920,10.0,5.1,9.5,10.6,0.53,1.02,1.13,19,35,39,6.6,5.5,2.9,0.7,0.62,0.32,24,20,11,1568273418,,,964,754,988,749,939,758,0.07459,0.24988,-0.9654,-0.05268,0.24965,-0.9669,3.982,4.32,4.16,,,,Valid,Valid,225.1,53.1,586.6,289.1,55.8,587.5,270.4,204.9,257.1,207.5,0.502,0.6977,0.5147,0.6933,0.4892,0.702,Screen Recording,Screen Recording Recording16.mp4,1920,1080,0,0,960,540,Fixation,376,413,969,750,0.5049,0.694,,,,,,,,,,,
177701564,1607168702,Eye Tracker,LipReading,08/25/2025,YanTianming,Recording16,05/10/2025,05/10/2025,14:25:35.695,06:25:35.695,387686,Timeline1,Tobii I-VT (Fixation),1.241.54219,1080,1920,10.0,5.1,9.5,10.6,0.53,1.02,1.13,19,35,39,6.6,5.5,2.9,0.7,0.62,0.32,24,20,11,1568277418,,,962,755,986,752,938,758,0.07377,0.25135,-0.96508,-0.05317,0.24938,-0.96694,3.98,4.33,4.165,,,,Valid,Valid,225.1,53.1,586.5,289.0,55.9,587.4,269.9,205.9,256.7,207.4,0.5011,0.6991,0.5137,0.6966,0.4886,0.7016,Screen Recording,Screen Recording Recording16.mp4,1920,1080,0,0,960,540,Fixation,376,413,969,750,0.5049,0.694,,,,,,,,,,,
177705564,1607172702,Eye Tracker,LipReading,08/25/2025,YanTianming,Recording16,05/10/2025,05/10/2025,14:25:35.695,06:25:35.695,387686,Timeline1,Tobii I-VT (Fixation),1.241.54219,1080,1920,10.0,5.1,9.5,10.6,0.53,1.02,1.13,19,35,39,6.6,5.5,2.9,0.7,0.62,0.32,24,20,11,1568281418,,,969,753,991,749,947,756,0.07595,0.24989,-0.96529,-0.0492,0.24871,-0.96733,4.005,4.346,4.167,,,,Valid,Valid,225.1,53.2,586.4,289.0,55.9,587.4,271.2,205.0,259.1,206.9,0.5046,0.6968,0.5161,0.6936,0.4931,0.7,Screen Recording,Screen Recording Recording16.mp4,1920,1080,0,0,960,540,Fixation,376,413,969,750,0.5049,0.694,,,,,,,,,,,
177709564,1607176702,Eye Tracker,LipReading,08/25/2025,YanTianming,Recording16,05/10/2025,05/10/2025,14:25:35.695,06:25:35.695,387686,Timeline1,Tobii I-VT (Fixation),1.241.54219,1080,1920,10.0,5.1,9.5,10.6,0.53,1.02,1.13,19,35,39,6.6,5.5,2.9,0.7,0.62,0.32,24,20,11,1568285418,,,967,752,984,753,950,752,0.07281,0.25153,-0.96511,-0.04792,0.24697,-0.96784,4.004,4.338,4.172,,,,Valid,Valid,225.0,53.2,586.3,289.0,55.8,587.5,269.3,206.0,259.9,205.7,0.5035,0.6966,0.5125,0.6971,0.4946,0.6961,Screen Recording,Screen Recording Recording16.mp4,1920,1080,0,0,960,540,Fixation,376,413,969,750,0.5049,0.694,,,,,,,,,,,
177713564,1607180702,Eye Tracker,LipReading,08/25/2025,YanTianming,Recording16,05/10/2025,05/10/2025,14:25:35.695,06:25:35.695,387686,Timeline1,Tobii I-VT (Fixation),1.241.54219,1080,1920,10.0,5.1,9.5,10.6,0.53,1.02,1.13,19,35,39,6.6,5.5,2.9,0.7,0.62,0.32,24,20,11,1568289418,,,965,756,983,761,947,752,0.07241,0.25497,-0.96423,-0.04907,0.2469,-0.9678,4.023,4.33,4.175,,,,Valid,Valid,225.0,53.2,586.4,288.9,55.8,587.6,269.0,208.2,259.1,205.7,0.5026,0.7002,0.512,0.7046,0.4932,0.6959,Screen Recording,Screen Recording Recording16.mp4,1920,1080,0,0,960,540,Fixation,376,413,969,750,0.5049,0.694,,,,,,,,,,,
177717564,1607184702,Eye Tracker,LipReading,08/25/2025,YanTianming,Recording16,05/10/2025,05/10/2025,14:25:35.695,06:25:35.695,387686,Timeline1,Tobii I-VT (Fixation),1.241.54219,1080,1920,10.0,5.1,9.5,10.6,0.53,1.02,1.13,19,35,39,6.6,5.5,2.9,0.7,0.62,0.32,24,20,11,1568293418,,,967,753,983,751,950,756,0.07254,0.25061,-0.96537,-0.04754,0.24897,-0.96734,4.009,4.354,4.173,,,,Valid,Valid,225.0,53.1,586.5,288.9,55.8,587.6,269.0,205.4,260.0,207.0,0.5034,0.6976,0.512,0.6949,0.4949,0.7003,Screen Recording,Screen Recording Recording16.mp4,1920,1080,0,0,960,540,Fixation,376,413,969,750,0.5049,0.694,,,,,,,,,,,
177721564,1607188702,Eye Tracker,LipReading,08/25/2025,YanTianming,Recording16,05/10/2025,05/10/2025,14:25:35.695,06:25:35.695,387686,Timeline1,Tobii I-VT (Fixation),1.241.54219,1080,1920,10.0,5.1,9.5,10.6,0.53,1.02,1.13,19,35,39,6.6,5.5,2.9,0.7,0.62,0.32,24,20,11,1568297418,,,967,750,986,749,949,750,0.07402,0.25012,-0.96538,-0.04828,0.2463,-0.96799,3.997,4.348,4.178,,,,Valid,Valid,224.9,53.1,586.5,288.9,55.8,587.6,269.9,205.1,259.6,205.3,0.5038,0.6942,0.5137,0.6939,0.494,0.6945,Screen Recording,Screen Recording Recording16.mp4,1920,1080,0,0,960,540,Fixation,376,413,969,750,0.5049,0.694,,,,,,,,,,,
177725564,1607192702,Eye Tracker,LipReading,08/25/2025,YanTianming,Recording16,05/10/2025,05/10/2025,14:25:35.695,06:25:35.695,387686,Timeline1,Tobii I-VT (Fixation),1.241.54219,1080,1920,10.0,5.1,9.5,10.6,0.53,1.02,1.13,19,35,39,6.6,5.5,2.9,0.7,0.62,0.32,24,20,11,1568301418,,,967,751,986,751,948,750,0.0739,0.25096,-0.96517,-0.04844,0.24609,-0.96804,4.008,4.325,4.18,,,,Valid,Valid,224.9,53.1,586.5,288.9,55.8,587.5,269.8,205.6,259.5,205.2,0.5037,0.6949,0.5135,0.6957,0.4938,0.6941,Screen Recording,Screen Recording Recording16.mp4,1920,1080,0,0,960,540,Fixation,376,413,969,750,0.5049,0.694,,,,,,,,,,,
177729563,1607196701,Eye Tracker,LipReading,08/25/2025,YanTianming,Recording16,05/10/2025,05/10/2025,14:25:35.695,06:25:35.695,387686,Timeline1,Tobii I-VT (Fixation),1.241.54219,1080,1920,10.0,5.1,9.5,10.6,0.53,1.02,1.13,19,35,39,6.6,5.5,2.9,0.7,0.62,0.32,24,20,11,1568305418,,,967,750,991,752,943,747,0.07618,0.25121,-0.96493,-0.05059,0.24505,-0.96819,4.002,4.353,4.178,,,,Valid,Valid,224.9,53.1,586.5,288.8,55.9,587.4,271.2,205.8,258.2,204.5,0.5037,0.6942,0.5161,0.6963,0.4913,0.692,Screen Recording,Screen Recording Recording16.mp4,1920,1080,0,0,960,540,Fixation,376,413,969,750,0.5049,0.694,,,,,,,,,,,
177733562,1607200700,Eye Tracker,LipReading,08/25/2025,YanTianming,Recording16,05/10/2025,05/10/2025,14:25:35.695,06:25:35.695,387686,Timeline1,Tobii I-VT (Fixation),1.241.54219,1080,1920,10.0,5.1,9.5,10.6,0.53,1.02,1.13,19,35,39,6.6,5.5,2.9,0.7,0.62,0.32,24,20,11,1568309417,,,963,754,982,752,944,756,0.07238,0.25141,-0.96517,-0.05004,0.24875,-0.96727,4.021,4.356,4.178,,,,Valid,Valid,224.9,53.1,586.4,288.8,55.9,587.3,268.9,205.9,258.4,206.9,0.5018,0.6984,0.5117,0.6966,0.4919,0.7001,Screen Recording,Screen Recording Recording16.mp4,1920,1080,0,0,960,540,Fixation,376,413,969,750,0.5049,0.694,,,,,,,,,,,
177737562,1607204700,Eye Tracker,LipReading,08/25/2025,YanTianming,Recording16,05/10/2025,05/10/2025,14:25:35.695,06:25:35.695,387686,Timeline1,Tobii I-VT (Fixation),1.241.54219,1080,1920,10.0,5.1,9.5,10.6,0.53,1.02,1.13,19,35,39,6.6,5.5,2.9,0.7,0.62,0.32,24,20,11,1568313417,,,967,759,992,760,941,757,0.07664,0.25456,-0.96402,-0.05132,0.24923,-0.96708,4.014,4.348,4.181,,,,Valid,Valid,224.9,53.2,586.4,288.8,55.9,587.3,271.5,208.0,257.6,207.2,0.5035,0.7024,0.5167,0.7037,0.4903,0.7012,Screen Recording,Screen Recording Recording16.mp4,1920,1080,0,0,960,540,Fixation,376,413,969,750,0.5049,0.694,,,,,,,,,,,
177741562,1607208700,Eye Tracker,LipReading,08/25/2025,YanTianming,Recording16,05/10/2025,05/10/2025,14:25:35.695,06:25:35.695,387686,Timeline1,Tobii I-VT (Fixation),1.241.54219,1080,1920,10.0,5.1,9.5,10.6,0.53,1.02,1.13,19,35,39,6.6,5.5,2.9,0.7,0.62,0.32,24,20,11,1568317417,,,964,748,983,746,946,750,0.07258,0.24889,-0.96581,-0.04936,0.24614,-0.96798,4.009,4.346,4.181,,,,Valid,Valid,224.9,53.2,586.3,288.8,55.9,587.3,268.9,204.3,258.9,205.2,0.5022,0.6927,0.5118,0.6911,0.4927,0.6943,Screen Recording,Screen Recording Recording16.mp4,1920,1080,0,0,960,540,Fixation,376,413,969,750,0.5049,0.694,,,,,,,,,,,
177745562,1607212700,Eye Tracker,LipReading,08/25/2025,YanTianming,Recording16,05/10/2025,05/10/2025,14:25:35.695,06:25:35.695,387686,Timeline1,Tobii I-VT (Fixation),1.241.54219,1080,1920,10.0,5.1,9.5,10.6,0.53,1.02,1.13,19,35,39,6.6,5.5,2.9,0.7,0.62,0.32,24,20,11,1568321417,,,969,753,995,744,942,762,0.07821,0.24795,-0.96561,-0.05099,0.25121,-0.96659,4.007,4.358,4.181,,,,Valid,Valid,224.9,53.2,586.3,288.8,55.9,587.3,272.4,203.7,257.8,208.5,0.5045,0.6974,0.5183,0.6893,0.4907,0.7055,Screen Recording,Screen Recording Recording16.mp4,1920,1080,0,0,960,540,Fixation,376,413,969,750,0.5049,0.694,,,,,,,,,,,
177749562,1607216700,Eye Tracker,LipReading,08/25/2025,YanTianming,Recording16,05/10/2025,05/10/2025,14:25:35.695,06:25:35.695,387686,Timeline1,Tobii I-VT (Fixation),1.241.54219,1080,1920,10.0,5.1,9.5,10.6,0.53,1.02,1.13,19,35,39,6.6,5.5,2.9,0.7,0.62,0.32,24,20,11,1568325417,,,966,749,992,748,940,750,0.07673,0.24937,-0.96536,-0.05216,0.24611,-0.96784,4.022,4.348,4.186,,,,Valid,Valid,224.9,53.2,586.3,288.8,55.9,587.3,271.5,204.6,257.2,205.2,0.503,0.6933,0.5167,0.6923,0.4894,0.6943,Screen Recording,Screen Recording Recording16.mp4,1920,1080,0,0,960,540,Fixation,376,413,969,750,0.5049,0.694,,,,,,,,,,,
177753562,1607220700,Eye Tracker,LipReading,08/25/2025,YanTianming,Recording16,05/10/2025,05/10/2025,14:25:35.695,06:25:35.695,387686,Timeline1,Tobii I-VT (Fixation),1.241.54219,1080,1920,10.0,5.1,9.5,10.6,0.53,1.02,1.13,19,35,39,6.6,5.5,2.9,0.7,0.62,0.32,24,20,11,1568329417,,,961,756,980,757,941,756,0.07127,0.25336,-0.96474,-0.05142,0.24853,-0.96726,4.027,4.357,4.189,,,,Valid,Valid,224.9,53.2,586.4,288.8,55.9,587.3,268.2,207.1,257.6,206.8,0.5003,0.7002,0.5104,0.7008,0.4903,0.6996,Screen Recording,Screen Recording Recording16.mp4,1920,1080,0,0,960,540,Fixation,376,413,969,750,0.5049,0.694,,,,,,,,,,,
177757562,1607224700,Eye Tracker,LipReading,08/25/2025,YanTianming,Recording16,05/10/2025,05/10/2025,14:25:35.695,06:25:35.695,387686,Timeline1,Tobii I-VT (Fixation),1.241.54219,1080,1920,10.0,5.1,9.5,10.6,0.53,1.02,1.13,19,35,39,6.6,5.5,2.9,0.7,0.62,0.32,24,20,11,1568333417,,,965,753,989,752,940,754,0.07538,0.25125,-0.96498,-0.05199,0.24807,-0.96735,4.024,4.351,4.189,,,,Valid,Valid,224.9,53.1,586.4,288.8,55.8,587.3,270.7,205.8,257.3,206.5,0.5024,0.6974,0.5152,0.6963,0.4896,0.6985,Screen Recording,Screen Recording Recording16.mp4,1920,1080,0,0,960,540,Fixation,376,413,969,750,0.5049,0.694,,,,,,,,,,,
177761562,1607228700,Eye Tracker,LipReading,08/25/2025,YanTianming,Recording16,05/10/2025,05/10/2025,14:25:35.695,06:25:35.695,387686,Timeline1,Tobii I-VT (Fixation),1.241.54219,1080,1920,10.0,5.1,9.5,10.6,0.53,1.02,1.13,19,35,39,6.6,5.5,2.9,0.7,0.62,0.32,24,20,11,1568337417,,,963,754,987,750,939,757,0.07462,0.25025,-0.9653,-0.0524,0.24936,-0.96699,4.014,4.373,4.188,,,,Valid,Valid,224.9,53.1,586.4,288.9,55.8,587.4,270.2,205.1,257.0,207.3,0.5017,0.6977,0.5143,0.6941,0.4892,0.7013,Screen Recording,Screen Recording Recording16.mp4,1920,1080,0,0,960,540,Fixation,376,413,969,750,0.5049,0.694,,,,,,,,,,,
177765562,1607232700,Eye Tracker,LipReading,08/25/2025,YanTianming,Recording16,05/10/2025,05/10/2025,14:25:35.695,06:25:35.695,387686,Timeline1,Tobii I-VT (Fixation),1.241.54219,1080,1920,10.0,5.1,9.5,10.6,0.53,1.02,1.13,19,35,39,6.6,5.5,2.9,0.7,0.62,0.32,24,20,11,1568341417,,,962,755,985,751,939,759,0.07329,0.25086,-0.96525,-0.05247,0.25015,-0.96678,4.02,4.356,4.188,,,,Valid,Valid,224.9,53.1,586.4,288.9,55.8,587.4,269.5,205.5,257.0,207.8,0.501,0.6992,0.5128,0.6953,0.4891,0.703,Screen Recording,Screen Recording Recording16.mp4,1920,1080,0,0,960,540,Fixation,376,413,969,750,0.5049,0.694,,,,,,,,,,,
177769562,1607236700,Eye Tracker,LipReading,08/25/2025,YanTianming,Recording16,05/10/2025,05/10/2025,14:25:35.695,06:25:35.695,387686,Timeline1,Tobii I-VT (Fixation),1.241.54219,1080,1920,10.0,5.1,9.5,10.6,0.53,1.02,1.13,19,35,39,6.6,5.5,2.9,0.7,0.62,0.32,24,20,11,1568345417,,,965,754,984,747,945,761,0.07302,0.24931,-0.96567,-0.04984,0.25074,-0.96677,4.01,4.351,4.191,,,,Valid,Valid,224.9,53.1,586.4,288.9,55.8,587.5,269.3,204.5,258.6,208.1,0.5023,0.6981,0.5125,0.6919,0.4922,0.7042,Screen Recording,Screen Recording Recording16.mp4,1920,1080,0,0,960,540,Fixation,376,413,969,750,0.5049,0.694,,,,,,,,,,,
177773562,1607240700,Eye Tracker,LipReading,08/25/2025,YanTianming,Recording16,05/10/2025,05/10/2025,14:25:35.695,06:25:35.695,387686,Timeline1,Tobii I-VT (Fixation),1.241.54219,1080,1920,10.0,5.1,9.5,10.6,0.53,1.02,1.13,19,35,39,6.6,5.5,2.9,0.7,0.62,0.32,24,20,11,1568349417,,,965,756,984,756,946,756,0.07305,0.25281,-0.96475,-0.04925,0.24906,-0.96723,4.026,4.369,4.19,,,,Valid,Valid,225.0,53.1,586.3,288.9,55.7,587.5,269.4,206.8,259.0,207.0,0.5028,0.7,0.5127,0.6996,0.4929,0.7004,Screen Recording,Screen Recording Recording16.mp4,1920,1080,0,0,960,540,Fixation,376,413,969,750,0.5049,0.694,,,,,,,,,,,
177777562,1607244700,Eye Tracker,LipReading,08/25/2025,YanTianming,Recording16,05/10/2025,05/10/2025,14:25:35.695,06:25:35.695,387686,Timeline1,Tobii I-VT (Fixation),1.241.54219,1080,1920,10.0,5.1,9.5,10.6,0.53,1.02,1.13,19,35,39,6.6,5.5,2.9,0.7,0.62,0.32,24,20,11,1568353417,,,965,756,987,755,942,757,0.07425,0.25236,-0.96478,-0.05111,0.24927,-0.96708,4.014,4.367,4.191,,,,Valid,Valid,225.0,53.2,586.2,288.9,55.8,587.5,270.1,206.5,257.9,207.2,0.5025,0.6999,0.5141,0.6988,0.4908,0.701,Screen Recording,Screen Recording Recording16.mp4,1920,1080,0,0,960,540,Fixation,376,413,969,750,0.5049,0.694,,,,,,,,,,,
177781562,1607248700,Eye Tracker,LipReading,08/25/2025,YanTianming,Recording16,05/10/2025,05/10/2025,14:25:35.695,06:25:35.695,387686,Timeline1,Tobii I-VT (Fixation),1.241.54219,1080,1920,10.0,5.1,9.5,10.6,0.53,1.02,1.13,19,35,39,6.6,5.5,2.9,0.7,0.62,0.32,24,20,11,1568357417,,,969,760,990,756,947,763,0.07567,0.25305,-0.96449,-0.04897,0.2518,-0.96654,4.022,4.359,4.195,,,,Valid,Valid,225.0,53.2,586.2,289.0,55.8,587.3,271.0,207.0,259.2,208.8,0.5046,0.7035,0.5158,0.7003,0.4933,0.7066,Screen Recording,Screen Recording Recording16.mp4,1920,1080,0,0,960,540,Fixation,376,413,969,750,0.5049,0.694,,,,,,,,,,,
177785562,1607252700,Eye Tracker,LipReading,08/25/2025,YanTianming,Recording16,05/10/2025,05/10/2025,14:25:35.695,06:25:35.695,387686,Timeline1,Tobii I-VT (Fixation),1.241.54219,1080,1920,10.0,5.1,9.5,10.6,0.53,1.02,1.13,19,35,39,6.6,5.5,2.9,0.7,0.62,0.32,24,20,11,1568361417,,,964,755,989,754,940,757,0.07487,0.25206,-0.96481,-0.05219,0.24916,-0.96706,4.026,4.361,4.191,,,,Valid,Valid,225.1,53.2,586.3,289.0,55.9,587.2,270.6,206.3,257.3,207.2,0.5023,0.6995,0.5149,0.6981,0.4897,0.7009,Screen Recording,Screen Recording Recording16.mp4,1920,1080,0,0,960,540,Fixation,376,413,969,750,0.5049,0.694,,,,,,,,,,,
177789562,1607256700,Eye Tracker,LipReading,08/25/2025,YanTianming,Recording16,05/10/2025,05/10/2025,14:25:35.695,06:25:35.695,387686,Timeline1,Tobii I-VT (Fixation),1.241.54219,1080,1920,10.0,5.1,9.5,10.6,0.53,1.02,1.13,19,35,39,6.6,5.5,2.9,0.7,0.62,0.32,24,20,11,1568365417,,,963,756,987,750,938,762,0.07426,0.25046,-0.96527,-0.05311,0.25134,-0.96644,4.008,4.372,4.193,,,,Valid,Valid,225.1,53.1,586.3,289.0,55.8,587.3,270.2,205.3,256.8,208.6,0.5015,0.7001,0.5143,0.6945,0.4887,0.7057,Screen Recording,Screen Recording Recording16.mp4,1920,1080,0,0,960,540,Fixation,376,413,969,750,0.5049,0.694,,,,,,,,,,,
177793562,1607260700,Eye Tracker,LipReading,08/25/2025,YanTianming,Recording16,05/10/2025,05/10/2025,14:25:35.695,06:25:35.695,387686,Timeline1,Tobii I-VT (Fixation),1.241.54219,1080,1920,10.0,5.1,9.5,10.6,0.53,1.02,1.13,19,35,39,6.6,5.5,2.9,0.7,0.62,0.32,24,20,11,1568369417,,,966,754,984,755,947,753,0.07267,0.25273,-0.9648,-0.04908,0.24751,-0.96764,4.028,4.354,4.194,,,,Valid,Valid,225.1,53.1,586.4,289.1,55.8,587.4,269.3,206.7,259.3,206.0,0.503,0.6982,0.5125,0.6994,0.4935,0.6971,Screen Recording,Screen Recording Recording16.mp4,1920,1080,0,0,960,540,Fixation,376,413,969,750,0.5049,0.694,,,,,,,,,,,
177797562,1607264700,Eye Tracker,LipReading,08/25/2025,YanTianming,Recording16,05/10/2025,05/10/2025,14:25:35.695,06:25:35.695,387686,Timeline1,Tobii I-VT (Fixation),1.241.54219,1080,1920,10.0,5.1,9.5,10.6,0.53,1.02,1.13,19,35,39,6.6,5.5,2.9,0.7,0.62,0.32,24,20,11,1568373417,,,967,754,987,753,946,755,0.07416,0.25174,-0.96495,-0.04977,0.24859,-0.96733,4.033,4.36,4.199,,,,Valid,Valid,225.2,53.1,586.4,289.1,55.8,587.5,270.2,206.1,258.9,206.7,0.5035,0.6984,0.5143,0.6973,0.4927,0.6994,Screen Recording,Screen Recording Recording16.mp4,1920,1080,0,0,960,540,Fixation,376,413,969,750,0.5049,0.694,,,,,,,,,,,
177801561,1607268699,Eye Tracker,LipReading,08/25/2025,YanTianming,Recording16,05/10/2025,05/10/2025,14:25:35.695,06:25:35.695,387686,Timeline1,Tobii I-VT (Fixation),1.241.54219,1080,1920,10.0,5.1,9.5,10.6,0.53,1.02,1.13,19,35,39,6.6,5.5,2.9,0.7,0.62,0.32,24,20,11,1568377417,,,967,761,984,762,949,760,0.07239,0.25559,-0.96407,-0.04832,0.25072,-0.96685,4.034,4.371,4.195,,,,Valid,Valid,225.2,53.2,586.2,289.1,55.8,587.4,269.2,208.6,259.8,208.1,0.5034,0.705,0.5124,0.7058,0.4944,0.7041,Screen Recording,Screen Recording Recording16.mp4,1920,1080,0,0,960,540,Fixation,376,413,969,750,0.5049,0.694,,,,,,,,,,,
177805561,1607272699,Eye Tracker,LipReading,08/25/2025,YanTianming,Recording16,05/10/2025,05/10/2025,14:25:35.695,06:25:35.695,387686,Timeline1,Tobii I-VT (Fixation),1.241.54219,1080,1920,10.0,5.1,9.5,10.6,0.53,1.02,1.13,19,35,39,6.6,5.5,2.9,0.7,0.62,0.32,24,20,11,1568381417,,,962,751,986,750,939,752,0.07323,0.25059,-0.96532,-0.05319,0.24686,-0.96759,4.028,4.371,4.196,,,,Valid,Valid,225.2,53.2,586.2,289.2,55.8,587.3,269.7,205.4,256.9,205.7,0.5011,0.6954,0.5133,0.6949,0.4889,0.6959,Screen Recording,Screen Recording Recording16.mp4,1920,1080,0,0,960,540,Fixation,376,413,969,750,0.5049,0.694,,,,,,,,,,,
177809561,1607276699,Eye Tracker,LipReading,08/25/2025,YanTianming,Recording16,05/10/2025,05/10/2025,14:25:35.695,06:25:35.695,387686,Timeline1,Tobii I-VT (Fixation),1.241.54219,1080,1920,10.0,5.1,9.5,10.6,0.53,1.02,1.13,19,35,39,6.6,5.5,2.9,0.7,0.62,0.32,24,20,11,1568385417,,,968,753,995,747,941,760,0.07761,0.24884,-0.96543,-0.05228,0.2503,-0.96676,4.018,4.362,4.199,,,,Valid,Valid,225.3,53.2,586.2,289.2,55.9,587.2,272.4,204.3,257.4,207.9,0.5042,0.6974,0.5184,0.6912,0.49,0.7035,Screen Recording,Screen Recording Recording16.mp4,1920,1080,0,0,960,540,Fixation,376,413,969,750,0.5049,0.694,,,,,,,,,,,
177813561,1607280699,Eye Tracker,LipReading,08/25/2025,YanTianming,Recording16,05/10/2025,05/10/2025,14:25:35.695,06:25:35.695,387686,Timeline1,Tobii I-VT (Fixation),1.241.54219,1080,1920,10.0,5.1,9.5,10.6,0.53,1.02,1.13,19,35,39,6.6,5.5,2.9,0.7,0.62,0.32,24,20,11,1568389417,,,965,752,993,745,938,759,0.07649,0.24811,-0.96571,-0.05375,0.25001,-0.96675,4.005,4.364,4.199,,,,Valid,Valid,225.3,53.1,586.3,289.2,55.9,587.2,271.7,203.8,256.6,207.7,0.5027,0.6961,0.5172,0.6894,0.4883,0.7028,Screen Recording,Screen Recording Recording16.mp4,1920,1080,0,0,960,540,Saccade,84,551,,,,,,,,,,,,,,,
177817561,1607284699,Eye Tracker,LipReading,08/25/2025,YanTianming,Recording16,05/10/2025,05/10/2025,14:25:35.695,06:25:35.695,387686,Timeline1,Tobii I-VT (Fixation),1.241.54219,1080,1920,10.0,5.1,9.5,10.6,0.53,1.02,1.13,19,35,39,6.6,5.5,2.9,0.7,0.62,0.32,24,20,11,1568393417,,,959,744,978,743,939,746,0.06974,0.24745,-0.96639,-0.05315,0.24446,-0.9682,4.03,4.385,4.207,,,,Valid,Valid,225.3,53.1,586.3,289.3,55.8,587.3,267.6,203.2,257.0,204.0,0.4993,0.6889,0.5094,0.6875,0.4892,0.6904,Screen Recording,Screen Recording Recording16.mp4,1920,1080,0,0,960,540,Saccade,84,551,,,,,,,,,,,,,,,
177821561,1607288699,Eye Tracker,LipReading,08/25/2025,YanTianming,Recording16,05/10/2025,05/10/2025,14:25:35.695,06:25:35.695,387686,Timeline1,Tobii I-VT (Fixation),1.241.54219,1080,1920,10.0,5.1,9.5,10.6,0.53,1.02,1.13,19,35,39,6.6,5.5,2.9,0.7,0.62,0.32,24,20,11,1568397417,,,968,706,990,710,946,702,0.07515,0.23374,-0.96939,-0.05022,0.22583,-0.97287,4.066,4.41,4.235,,,,Valid,Valid,225.3,53.0,586.4,289.3,55.6,587.5,270.8,194.4,259.0,192.0,0.5041,0.6536,0.5154,0.6576,0.4929,0.6496,Screen Recording,Screen Recording Recording16.mp4,1920,1080,0,0,960,540,Saccade,84,551,,,,,,,,,,,,,,,
177825561,1607292699,Eye Tracker,LipReading,08/25/2025,YanTianming,Recording16,05/10/2025,05/10/2025,14:25:35.695,06:25:35.695,387686,Timeline1,Tobii I-VT (Fixation),1.241.54219,1080,1920,10.0,5.1,9.5,10.6,0.53,1.02,1.13,19,35,39,6.6,5.5,2.9,0.7,0.62,0.32,24,20,11,1568401417,,,970,680,988,671,953,688,0.07451,0.21712,-0.9733,-0.04754,0.22007,-0.97433,4.061,4.421,4.244,,,,Valid,Valid,225.4,53.0,586.3,289.3,55.6,587.4,270.3,183.7,260.7,188.3,0.5052,0.6293,0.5143,0.6217,0.4961,0.6369,Screen Recording,Screen Recording Recording16.mp4,1920,1080,0,0,960,540,Saccade,84,551,,,,,,,,,,,,,,,
177829561,1607296699,Eye Tracker,LipReading,08/25/2025,YanTianming,Recording16,05/10/2025,05/10/2025,14:25:35.695,06:25:35.695,387686,Timeline1,Tobii I-VT (Fixation),1.241.54219,1080,1920,10.0,5.1,9.5,10.6,0.53,1.02,1.13,19,35,39,6.6,5.5,2.9,0.7,0.62,0.32,24,20,11,1568405417,,,979,652,993,646,965,659,0.07713,0.2063,-0.97544,-0.04224,0.20752,-0.97732,4.086,4.426,4.251,,,,Valid,Valid,225.4,52.9,586.3,289.3,55.5,587.3,271.8,176.8,264.0,180.2,0.5098,0.604,0.5172,0.5983,0.5024,0.6097,Screen Recording,Screen Recording Recording16.mp4,1920,1080,0,0,960,540,Saccade,84,551,,,,,,,,,,,,,,,
177833561,1607300699,Eye Tracker,LipReading,08/25/2025,YanTianming,Recording16,05/10/2025,05/10/2025,14:25:35.695,06:25:35.695,387686,Timeline1,Tobii I-VT (Fixation),1.241.54219,1080,1920,10.0,5.1,9.5,10.6,0.53,1.02,1.13,19,35,39,6.6,5.5,2.9,0.7,0.62,0.32,24,20,11,1568409417,,,981,613,999,613,964,612,0.07999,0.19197,-0.97814,-0.04265,0.18732,-0.98137,4.076,4.483,4.282,,,,Valid,Valid,225.4,52.8,586.2,289.4,55.4,587.3,273.4,167.9,263.8,167.5,0.5112,0.5673,0.5202,0.5679,0.5021,0.5668,Screen Recording,Screen Recording Recording16.mp4,1920,1080,0,0,960,540,Saccade,84,551,,,,,,,,,,,,,,,
177837561,1607304699,Eye Tracker,LipReading,08/25/2025,YanTianming,Recording16,05/10/2025,05/10/2025,14:25:35.695,06:25:35.695,387686,Timeline1,Tobii I-VT (Fixation),1.241.54219,1080,1920,10.0,5.1,9.5,10.6,0.53,1.02,1.13,19,35,39,6.6,5.5,2.9,0.7,0.62,0.32,24,20,11,1568413417,,,983,581,999,576,966,585,0.08035,0.17581,-0.98114,-0.04177,0.17559,-0.98358,4.081,4.494,4.287,,,,Valid,Valid,225.4,52.7,586.2,289.4,55.3,587.2,273.4,157.8,264.4,160.2,0.5118,0.5378,0.5204,0.5337,0.5033,0.5419,Screen Recording,Screen Recording Recording16.mp4,1920,1080,0,0,960,540,Saccade,84,551,,,,,,,,,,,,,,,
177841561,1607308699,Eye Tracker,LipReading,08/25/2025,YanTianming,Recording16,05/10/2025,05/10/2025,14:25:35.695,06:25:35.695,387686,Timeline1,Tobii I-VT (Fixation),1.241.54219,1080,1920,10.0,5.1,9.5,10.6,0.53,1.02,1.13,19,35,39,6.6,5.5,2.9,0.7,0.62,0.32,24,20,11,1568417417,,,981,527,995,519,967,535,0.07859,0.15034,-0.98551,-0.04143,0.15351,-0.98728,4.084,4.491,4.286,,,,Valid,Valid,225.4,52.6,586.2,289.4,55.2,587.3,272.2,142.1,264.7,146.5,0.5109,0.4882,0.518,0.4806,0.5038,0.4958,Screen Recording,Screen Recording Recording16.mp4,1920,1080,0,0,960,540,Saccade,84,551,,,,,,,,,,,,,,,
177845561,1607312699,Eye Tracker,LipReading,08/25/2025,YanTianming,Recording16,05/10/2025,05/10/2025,14:25:35.695,06:25:35.695,387686,Timeline1,Tobii I-VT (Fixation),1.241.54219,1080,1920,10.0,5.1,9.5,10.6,0.53,1.02,1.13,19,35,39,6.6,5.5,2.9,0.7,0.62,0.32,24,20,11,1568421417,,,978,523,992,520,963,526,0.07744,0.15103,-0.98549,-0.04345,0.14943,-0.98782,4.118,4.521,4.288,,,,Valid,Valid,225.4,52.5,586.3,289.4,55.2,587.2,271.5,142.4,263.5,144.0,0.5092,0.4845,0.5167,0.4816,0.5016,0.4874,Screen Recording,Screen Recording Recording16.mp4,1920,1080,0,0,960,540,Saccade,84,551,,,,,,,,,,,,,,,
177849561,1607316699,Eye Tracker,LipReading,08/25/2025,YanTianming,Recording16,05/10/2025,05/10/2025,14:25:35.695,06:25:35.695,387686,Timeline1,Tobii I-VT (Fixation),1.241.54219,1080,1920,10.0,5.1,9.5,10.6,0.53,1.02,1.13,19,35,39,6.6,5.5,2.9,0.7,0.62,0.32,24,20,11,1568425417,,,987,519,998,535,976,504,0.07999,0.15762,-0.98426,-0.03738,0.13948,-0.98952,4.056,4.488,4.286,,,,Valid,Valid,225.4,52.5,586.2,289.4,55.1,587.3,273.1,146.4,267.2,137.9,0.5141,0.481,0.5197,0.4954,0.5085,0.4666,Screen Recording,Screen Recording Recording16.mp4,1920,1080,0,0,960,540,Saccade,84,551,,,,,,,,,,,,,,,
177853561,1607320699,Eye Tracker,LipReading,08/25/2025,YanTianming,Recording16,05/10/2025,05/10/2025,14:25:35.695,06:25:35.695,387686,Timeline1,Tobii I-VT (Fixation),1.241.54219,1080,1920,10.0,5.1,9.5,10.6,0.53,1.02,1.13,19,35,39,6.6,5.5,2.9,0.7,0.62,0.32,24,20,11,1568429417,,,982,537,1006,530,958,544,0.08389,0.15526,-0.98431,-0.04573,0.15748,-0.98646,4.074,4.507,4.285,,,,Valid,Valid,225.4,52.5,586.2,289.4,55.1,587.3,275.4,145.0,262.1,148.9,0.5115,0.4971,0.5241,0.4905,0.4989,0.5037,Screen Recording,Screen Recording Recording16.mp4,1920,1080,0,0,960,540,Saccade,84,551,,,,,,,,,,,,,,,
177857561,1607324699,Eye Tracker,LipReading,08/25/2025,YanTianming,Recording16,05/10/2025,05/10/2025,14:25:35.695,06:25:35.695,387686,Timeline1,Tobii I-VT (Fixation),1.241.54219,1080,1920,10.0,5.1,9.5,10.6,0.53,1.02,1.13,19,35,39,6.6,5.5,2.9,0.7,0.62,0.32,24,20,11,1568433417,,,982,569,1006,564,958,573,0.08361,0.1706,-0.98179,-0.0456,0.17056,-0.98429,4.082,4.478,4.276,,,,Valid,Valid,225.4,52.5,586.2,289.3,55.1,587.3,275.3,154.4,262.1,156.9,0.5114,0.5265,0.524,0.5223,0.4989,0.5307,Screen Recording,Screen Recording Recording16.mp4,1920,1080,0,0,960,540,Saccade,84,551,,,,,,,,,,,,,,,
177861561,1607328699,Eye Tracker,LipReading,08/25/2025,YanTianming,Recording16,05/10/2025,05/10/2025,14:25:35.695,06:25:35.695,387686,Timeline1,Tobii I-VT (Fixation),1.241.54219,1080,1920,10.0,5.1,9.5,10.6,0.53,1.02,1.13,19,35,39,6.6,5.5,2.9,0.7,0.62,0.32,24,20,11,1568437417,,,983,556,1008,535,957,577,0.08485,0.15751,-0.98387,-0.04594,0.17218,-0.98399,4.155,4.464,4.273,,,,Valid,Valid,225.4,52.5,586.2,289.3,55.1,587.4,275.9,146.4,261.9,157.9,0.5118,0.5147,0.5251,0.4952,0.4984,0.5341,Screen Recording,Screen Recording Recording16.mp4,1920,1080,0,0,960,540,Saccade,84,551,,,,,,,,,,,,,,,
177865559,1607332697,Eye Tracker,LipReading,08/25/2025,YanTianming,Recording16,05/10/2025,05/10/2025,14:25:35.695,06:25:35.695,387686,Timeline1,Tobii I-VT (Fixation),1.241.54219,1080,1920,10.0,5.1,9.5,10.6,0.53,1.02,1.13,19,35,39,6.6,5.5,2.9,0.7,0.62,0.32,24,20,11,1568441415,,,979,574,1010,547,948,601,0.08554,0.16289,-0.98293,-0.04996,0.18292,-0.98186,4.075,4.4,4.241,,,,Valid,Valid,225.3,52.5,586.3,289.3,55.1,587.4,276.3,149.7,259.4,164.5,0.5098,0.5315,0.5259,0.5064,0.4937,0.5566,Screen Recording,Screen Recording Recording16.mp4,1920,1080,0,0,960,540,Saccade,84,551,,,,,,,,,,,,,,,
177869559,1607336697,Eye Tracker,LipReading,08/25/2025,YanTianming,Recording16,05/10/2025,05/10/2025,14:25:35.695,06:25:35.695,387686,Timeline1,Tobii I-VT (Fixation),1.241.54219,1080,1920,10.0,5.1,9.5,10.6,0.53,1.02,1.13,19,35,39,6.6,5.5,2.9,0.7,0.62,0.32,24,20,11,1568445415,,,979,585,1014,527,944,642,0.08765,0.15406,-0.98417,-0.05142,0.201,-0.97824,4.113,4.369,4.222,,,,Valid,Valid,225.3,52.5,586.3,289.3,55.1,587.4,277.5,144.3,258.4,175.8,0.51,0.5414,0.5281,0.4882,0.4918,0.5947,Screen Recording,Screen Recording Recording16.mp4,1920,1080,0,0,960,540,Saccade,84,551,,,,,,,,,,,,,,,
177873558,1607340696,Eye Tracker,LipReading,08/25/2025,YanTianming,Recording16,05/10/2025,05/10/2025,14:25:35.695,06:25:35.695,387686,Timeline1,Tobii I-VT (Fixation),1.241.54219,1080,1920,10.0,5.1,9.5,10.6,0.53,1.02,1.13,19,35,39,6.6,5.5,2.9,0.7,0.62,0.32,24,20,11,1568449415,,,972,578,996,511,949,645,0.0795,0.14703,-0.98593,-0.04941,0.20233,-0.97807,4.074,4.31,4.192,,,,Valid,Valid,225.2,52.5,586.2,289.3,55.1,587.3,272.5,140.0,259.6,176.6,0.5063,0.5355,0.5186,0.4735,0.4941,0.5974,Screen Recording,Screen Recording Recording16.mp4,1920,1080,0,0,960,540,Saccade,84,551,,,,,,,,,,,,,,,
177877558,1607344696,Eye Tracker,LipReading,08/25/2025,YanTianming,Recording16,05/10/2025,05/10/2025,14:25:35.695,06:25:35.695,387686,Timeline1,Tobii I-VT (Fixation),1.241.54219,1080,1920,10.0,5.1,9.5,10.6,0.53,1.02,1.13,19,35,39,6.6,5.5,2.9,0.7,0.62,0.32,24,20,11,1568453415,,,966,637,1000,550,932,725,0.08148,0.16417,-0.98306,-0.0566,0.23677,-0.96991,4.054,4.174,4.114,,,,Valid,Valid,225.2,52.5,586.3,289.2,55.1,587.3,273.7,150.4,255.0,198.4,0.5031,0.5901,0.521,0.5088,0.4852,0.6714,Screen Recording,Screen Recording Recording16.mp4,1920,1080,0,0,960,540,Saccade,84,551,,,,,,,,,,,,,,,
177881558,1607348696,Eye Tracker,LipReading,08/25/2025,YanTianming,Recording16,05/10/2025,05/10/2025,14:25:35.695,06:25:35.695,387686,Timeline1,Tobii I-VT (Fixation),1.241.54219,1080,1920,10.0,5.1,9.5,10.6,0.53,1.02,1.13,19,35,39,6.6,5.5,2.9,0.7,0.62,0.32,24,20,11,1568457415,,,956,697,1009,602,903,793,0.08528,0.18727,-0.9786,-0.06884,0.26546,-0.96166,3.943,3.94,3.942,,,,Valid,Valid,225.1,52.4,586.3,289.2,55.0,587.4,276.2,164.6,247.2,217.1,0.498,0.6458,0.5256,0.557,0.4704,0.7346,Screen Recording,Screen Recording Recording16.mp4,1920,1080,0,0,960,540,Saccade,84,551,,,,,,,,,,,,,,,
177885558,1607352696,Eye Tracker,LipReading,08/25/2025,YanTianming,Recording16,05/10/2025,05/10/2025,14:25:35.695,06:25:35.695,387686,Timeline1,Tobii I-VT (Fixation),1.241.54219,1080,1920,10.0,5.1,9.5,10.6,0.53,1.02,1.13,19,35,39,6.6,5.5,2.9,0.7,0.62,0.32,24,20,11,1568461415,,,913,742,1006,646,821,838,0.08359,0.207,-0.97476,-0.10478,0.28308,-0.95336,3.783,3.581,3.682,,,,Valid,Valid,225.0,52.3,586.5,289.2,54.9,587.5,275.3,176.9,224.6,229.3,0.4757,0.6871,0.524,0.5984,0.4275,0.7758,Screen Recording,Screen Recording Recording16.mp4,1920,1080,0,0,960,540,Saccade,84,551,,,,,,,,,,,,,,,
177889558,1607356696,Eye Tracker,LipReading,08/25/2025,YanTianming,Recording16,05/10/2025,05/10/2025,14:25:35.695,06:25:35.695,387686,Timeline1,Tobii I-VT (Fixation),1.241.54219,1080,1920,10.0,5.1,9.5,10.6,0.53,1.02,1.13,19,35,39,6.6,5.5,2.9,0.7,0.62,0.32,24,20,11,1568465415,,,1077,722,1077,722,,,0.11488,0.23909,-0.96418,,,,3.356,,3.067,,,,Valid,Invalid,225.0,52.3,586.3,,,,294.8,197.7,,,0.5611,0.6689,0.5611,0.6689,,,Screen Recording,Screen Recording Recording16.mp4,1920,1080,0,0,960,540,Saccade,84,551,,,,,,,,,,,,,,,
177893558,1607360696,Eye Tracker,LipReading,08/25/2025,YanTianming,Recording16,05/10/2025,05/10/2025,14:25:35.695,06:25:35.695,387686,Timeline1,Tobii I-VT (Fixation),1.241.54219,1080,1920,10.0,5.1,9.5,10.6,0.53,1.02,1.13,19,35,39,6.6,5.5,2.9,0.7,0.62,0.32,24,20,11,1568469415,,,888,1021,1101,859,674,1183,0.1234,0.29538,-0.94738,-0.15961,0.41103,-0.89754,2.784,1.973,2.378,,,,Valid,Valid,224.9,52.1,586.6,289.1,54.5,587.8,301.3,235.0,184.5,323.7,0.4623,0.9451,0.5734,0.7951,,,Screen Recording,Screen Recording Recording16.mp4,1920,1080,0,0,960,540,Saccade,84,551,,,,,,,,,,,,,,,
177897558,1607364696,Eye Tracker,LipReading,08/25/2025,YanTianming,Recording16,05/10/2025,05/10/2025,14:25:35.695,06:25:35.695,387686,Timeline1,Tobii I-VT (Fixation),1.241.54219,1080,1920,10.0,5.1,9.5,10.6,0.53,1.02,1.13,19,35,39,6.6,5.5,2.9,0.7,0.62,0.32,24,20,11,1568473415,,,,,,,,,,,,,,,,,2.246,,,,Invalid,Invalid,,,,,,,,,,,,,,,,,Screen Recording,Screen Recording Recording16.mp4,1920,1080,0,0,960,540,EyesNotFound,12,198,,,,,,,,,,,,,,,
177901558,1607368696,Eye Tracker,LipReading,08/25/2025,YanTianming,Recording16,05/10/2025,05/10/2025,14:25:35.695,06:25:35.695,387686,Timeline1,Tobii I-VT (Fixation),1.241.54219,1080,1920,10.0,5.1,9.5,10.6,0.53,1.02,1.13,19,35,39,6.6,5.5,2.9,0.7,0.62,0.32,24,20,11,1568477415,,,,,,,,,,,,,,,,,2.113,,,,Invalid,Invalid,,,,,,,,,,,,,,,,,Screen Recording,Screen Recording Recording16.mp4,1920,1080,0,0,960,540,EyesNotFound,12,198,,,,,,,,,,,,,,,
177905558,1607372696,Eye Tracker,LipReading,08/25/2025,YanTianming,Recording16,05/10/2025,05/10/2025,14:25:35.695,06:25:35.695,387686,Timeline1,Tobii I-VT (Fixation),1.241.54219,1080,1920,10.0,5.1,9.5,10.6,0.53,1.02,1.13,19,35,39,6.6,5.5,2.9,0.7,0.62,0.32,24,20,11,1568481415,,,,,,,,,,,,,,,,,1.98,,,,Invalid,Invalid,,,,,,,,,,,,,,,,,Screen Recording,Screen Recording Recording16.mp4,1920,1080,0,0,960,540,EyesNotFound,12,198,,,,,,,,,,,,,,,
177909558,1607376696,Eye Tracker,LipReading,08/25/2025,YanTianming,Recording16,05/10/2025,05/10/2025,14:25:35.695,06:25:35.695,387686,Timeline1,Tobii I-VT (Fixation),1.241.54219,1080,1920,10.0,5.1,9.5,10.6,0.53,1.02,1.13,19,35,39,6.6,5.5,2.9,0.7,0.62,0.32,24,20,11,1568485415,,,995,1102,995,1102,,,0.07425,0.39085,-0.91745,,,,1.848,,1.858,,,,Valid,Invalid,224.7,51.7,586.8,,,,272.2,301.7,,,,,,,,,Screen Recording,Screen Recording Recording16.mp4,1920,1080,0,0,960,540,Unclassified,8,213,,,,,,,,,,,,,,,
177913558,1607380696,Eye Tracker,LipReading,08/25/2025,YanTianming,Recording16,05/10/2025,05/10/2025,14:25:35.695,06:25:35.695,387686,Timeline1,Tobii I-VT (Fixation),1.241.54219,1080,1920,10.0,5.1,9.5,10.6,0.53,1.02,1.13,19,35,39,6.6,5.5,2.9,0.7,0.62,0.32,24,20,11,1568489415,,,1128,1106,1128,1106,,,0.13075,0.38993,-0.91151,,,,1.871,,1.831,,,,Valid,Invalid,224.6,51.7,586.8,,,,308.8,302.7,,,,,,,,,Screen Recording,Screen Recording Recording16.mp4,1920,1080,0,0,960,540,Unclassified,8,213,,,,,,,,,,,,,,,
177917558,1607384696,Eye Tracker,LipReading,08/25/2025,YanTianming,Recording16,05/10/2025,05/10/2025,14:25:35.695,06:25:35.695,387686,Timeline1,Tobii I-VT (Fixation),1.241.54219,1080,1920,10.0,5.1,9.5,10.6,0.53,1.02,1.13,19,35,39,6.6,5.5,2.9,0.7,0.62,0.32,24,20,11,1568493415,,,,,,,,,,,,,,,,,1.815,,,,Invalid,Invalid,,,,,,,,,,,,,,,,,Screen Recording,Screen Recording Recording16.mp4,1920,1080,0,0,960,540,EyesNotFound,4,199,,,,,,,,,,,,,,,
177921558,1607388696,Eye Tracker,LipReading,08/25/2025,YanTianming,Recording16,05/10/2025,05/10/2025,14:25:35.695,06:25:35.695,387686,Timeline1,Tobii I-VT (Fixation),1.241.54219,1080,1920,10.0,5.1,9.5,10.6,0.53,1.02,1.13,19,35,39,6.6,5.5,2.9,0.7,0.62,0.32,24,20,11,1568497415,,,959,1049,959,1049,,,0.05989,0.37192,-0.92633,,,,1.795,,1.811,,,,Valid,Invalid,224.5,51.5,587.0,,,,262.4,287.2,,,0.4995,0.9716,0.4995,0.9716,,,Screen Recording,Screen Recording Recording16.mp4,1920,1080,0,0,960,540,Unclassified,4,214,,,,,,,,,,,,,,,
177925558,1607392696,Eye Tracker,LipReading,08/25/2025,YanTianming,Recording16,05/10/2025,05/10/2025,14:25:35.695,06:25:35.695,387686,Timeline1,Tobii I-VT (Fixation),1.241.54219,1080,1920,10.0,5.1,9.5,10.6,0.53,1.02,1.13,19,35,39,6.6,5.5,2.9,0.7,0.62,0.32,24,20,11,1568501415,,,,,,,,,,,,,,,,,1.836,,,,Invalid,Invalid,,,,,,,,,,,,,,,,,Screen Recording,Screen Recording Recording16.mp4,1920,1080,0,0,960,540,EyesNotFound,8,200,,,,,,,,,,,,,,,
177929558,1607396696,Eye Tracker,LipReading,08/25/2025,YanTianming,Recording16,05/10/2025,05/10/2025,14:25:35.695,06:25:35.695,387686,Timeline1,Tobii I-VT (Fixation),1.241.54219,1080,1920,10.0,5.1,9.5,10.6,0.53,1.02,1.13,19,35,39,6.6,5.5,2.9,0.7,0.62,0.32,24,20,11,1568505415,,,,,,,,,,,,,,,,,1.915,,,,Invalid,Invalid,,,,,,,,,,,,,,,,,Screen Recording,Screen Recording Recording16.mp4,1920,1080,0,0,960,540,EyesNotFound,8,200,,,,,,,,,,,,,,,
177933558,1607400696,Eye Tracker,LipReading,08/25/2025,YanTianming,Recording16,05/10/2025,05/10/2025,14:25:35.695,06:25:35.695,387686,Timeline1,Tobii I-VT (Fixation),1.241.54219,1080,1920,10.0,5.1,9.5,10.6,0.53,1.02,1.13,19,35,39,6.6,5.5,2.9,0.7,0.62,0.32,24,20,11,1568509415,,,821,1163,,,821,1163,,,,-0.09918,0.40791,-0.90762,,1.655,1.994,,,,Invalid,Valid,,,,288.8,54.2,587.7,,,224.6,318.3,,,,,,,Screen Recording,Screen Recording Recording16.mp4,1920,1080,0,0,960,540,Unclassified,12,215,,,,,,,,,,,,,,,
177937558,1607404696,Eye Tracker,LipReading,08/25/2025,YanTianming,Recording16,05/10/2025,05/10/2025,14:25:35.695,06:25:35.695,387686,Timeline1,Tobii I-VT (Fixation),1.241.54219,1080,1920,10.0,5.1,9.5,10.6,0.53,1.02,1.13,19,35,39,6.6,5.5,2.9,0.7,0.62,0.32,24,20,11,1568513415,,,935,835,935,835,,,0.05117,0.28814,-0.95622,,,,2.428,,2.114,,,,Valid,Invalid,224.4,51.8,586.3,,,,255.8,228.5,,,0.4868,0.773,0.4868,0.773,,,Screen Recording,Screen Recording Recording16.mp4,1920,1080,0,0,960,540,Unclassified,12,215,,,,,,,,,,,,,,,
177941558,1607408696,Eye Tracker,LipReading,08/25/2025,YanTianming,Recording16,05/10/2025,05/10/2025,14:25:35.695,06:25:35.695,387686,Timeline1,Tobii I-VT (Fixation),1.241.54219,1080,1920,10.0,5.1,9.5,10.6,0.53,1.02,1.13,19,35,39,6.6,5.5,2.9,0.7,0.62,0.32,24,20,11,1568517415,,,898,1033,,,898,1033,,,,-0.0681,0.36134,-0.92994,,1.945,2.284,,,,Invalid,Valid,,,,288.7,54.3,587.6,,,245.7,282.6,0.4675,0.9563,,,0.4675,0.9563,Screen Recording,Screen Recording Recording16.mp4,1920,1080,0,0,960,540,Unclassified,12,215,,,,,,,,,,,,,,,
177945558,1607412696,Eye Tracker,LipReading,08/25/2025,YanTianming,Recording16,05/10/2025,05/10/2025,14:25:35.695,06:25:35.695,387686,Timeline1,Tobii I-VT (Fixation),1.241.54219,1080,1920,10.0,5.1,9.5,10.6,0.53,1.02,1.13,19,35,39,6.6,5.5,2.9,0.7,0.62,0.32,24,20,11,1568521415,,,,,,,,,,,,,,,,,2.483,,,,Invalid,Invalid,,,,,,,,,,,,,,,,,Screen Recording,Screen Recording Recording16.mp4,1920,1080,0,0,960,540,EyesNotFound,8,201,,,,,,,,,,,,,,,
177949558,1607416696,Eye Tracker,LipReading,08/25/2025,YanTianming,Recording16,05/10/2025,05/10/2025,14:25:35.695,06:25:35.695,387686,Timeline1,Tobii I-VT (Fixation),1.241.54219,1080,1920,10.0,5.1,9.5,10.6,0.53,1.02,1.13,19,35,39,6.6,5.5,2.9,0.7,0.62,0.32,24,20,11,1568525415,,,,,,,,,,,,,,,,,2.682,,,,Invalid,Invalid,,,,,,,,,,,,,,,,,Screen Recording,Screen Recording Recording16.mp4,1920,1080,0,0,960,540,EyesNotFound,8,201,,,,,,,,,,,,,,,
177953558,1607420696,Eye Tracker,LipReading,08/25/2025,YanTianming,Recording16,05/10/2025,05/10/2025,14:25:35.695,06:25:35.695,387686,Timeline1,Tobii I-VT (Fixation),1.241.54219,1080,1920,10.0,5.1,9.5,10.6,0.53,1.02,1.13,19,35,39,6.6,5.5,2.9,0.7,0.62,0.32,24,20,11,1568529415,,,1132,592,1132,592,,,0.14146,0.18289,-0.9729,,,,3.21,,2.881,,,,Valid,Invalid,224.4,51.9,586.3,,,,309.7,162.1,,,0.5893,0.5484,0.5893,0.5484,,,Screen Recording,Screen Recording Recording16.mp4,1920,1080,0,0,960,540,Unclassified,4,216,,,,,,,,,,,,,,,
177957558,1607424696,Eye Tracker,LipReading,08/25/2025,YanTianming,Recording16,05/10/2025,05/10/2025,14:25:35.695,06:25:35.695,387686,Timeline1,Tobii I-VT (Fixation),1.241.54219,1080,1920,10.0,5.1,9.5,10.6,0.53,1.02,1.13,19,35,39,6.6,5.5,2.9,0.7,0.62,0.32,24,20,11,1568533415,,,,,,,,,,,,,,,,,3.152,,,,Invalid,Invalid,,,,,,,,,,,,,,,,,Screen Recording,Screen Recording Recording16.mp4,1920,1080,0,0,960,540,EyesNotFound,4,202,,,,,,,,,,,,,,,
177961558,1607428696,Eye Tracker,LipReading,08/25/2025,YanTianming,Recording16,05/10/2025,05/10/2025,14:25:35.695,06:25:35.695,387686,Timeline1,Tobii I-VT (Fixation),1.241.54219,1080,1920,10.0,5.1,9.5,10.6,0.53,1.02,1.13,19,35,39,6.6,5.5,2.9,0.7,0.62,0.32,24,20,11,1568537415,,,1083,668,1083,668,,,0.11895,0.21647,-0.96902,,,,3.887,,3.403,,,,Valid,Invalid,224.4,52.0,586.0,,,,296.4,182.9,,,0.564,0.6189,0.564,0.6189,,,Screen Recording,Screen Recording Recording16.mp4,1920,1080,0,0,960,540,Saccade,64,552,,,,,,,,,,,,,,,
177965557,1607432695,Eye Tracker,LipReading,08/25/2025,YanTianming,Recording16,05/10/2025,05/10/2025,14:25:35.695,06:25:35.695,387686,Timeline1,Tobii I-VT (Fixation),1.241.54219,1080,1920,10.0,5.1,9.5,10.6,0.53,1.02,1.13,19,35,39,6.6,5.5,2.9,0.7,0.62,0.32,24,20,11,1568541415,,,875,591,971,478,778,704,0.06962,0.13299,-0.98867,-0.12452,0.22727,-0.96584,3.846,3.161,3.524,,,,Valid,Valid,224.4,52.0,586.1,288.7,54.5,587.4,265.7,130.8,213.0,192.7,0.4555,0.5473,0.5057,0.4427,0.4053,0.652,Screen Recording,Screen Recording Recording16.mp4,1920,1080,0,0,960,540,Saccade,64,552,,,,,,,,,,,,,,,
177969557,1607436695,Eye Tracker,LipReading,08/25/2025,YanTianming,Recording16,05/10/2025,05/10/2025,14:25:35.695,06:25:35.695,387686,Timeline1,Tobii I-VT (Fixation),1.241.54219,1080,1920,10.0,5.1,9.5,10.6,0.53,1.02,1.13,19,35,39,6.6,5.5,2.9,0.7,0.62,0.32,24,20,11,1568545415,,,995,466,995,466,,,0.08084,0.12753,-0.98853,,,,3.923,,3.636,,,,Valid,Invalid,224.5,52.0,586.0,,,,272.4,127.6,,,0.5184,0.4318,0.5184,0.4318,,,Screen Recording,Screen Recording Recording16.mp4,1920,1080,0,0,960,540,Saccade,64,552,,,,,,,,,,,,,,,
177973557,1607440695,Eye Tracker,LipReading,08/25/2025,YanTianming,Recording16,05/10/2025,05/10/2025,14:25:35.695,06:25:35.695,387686,Timeline1,Tobii I-VT (Fixation),1.241.54219,1080,1920,10.0,5.1,9.5,10.6,0.53,1.02,1.13,19,35,39,6.6,5.5,2.9,0.7,0.62,0.32,24,20,11,1568549415,,,903,520,1010,456,795,585,0.08752,0.12262,-0.98859,-0.11836,0.17563,-0.97732,4.01,3.534,3.772,,,,Valid,Valid,224.5,52.0,586.1,288.7,54.6,587.2,276.4,124.7,217.6,160.1,0.4701,0.4818,0.526,0.4219,0.4142,0.5417,Screen Recording,Screen Recording Recording16.mp4,1920,1080,0,0,960,540,Saccade,64,552,,,,,,,,,,,,,,,
177977557,1607444695,Eye Tracker,LipReading,08/25/2025,YanTianming,Recording16,05/10/2025,05/10/2025,14:25:35.695,06:25:35.695,387686,Timeline1,Tobii I-VT (Fixation),1.241.54219,1080,1920,10.0,5.1,9.5,10.6,0.53,1.02,1.13,19,35,39,6.6,5.5,2.9,0.7,0.62,0.32,24,20,11,1568553415,,,769,563,,,769,563,,,,-0.13038,0.16543,-0.97757,,3.553,3.804,,,,Invalid,Valid,,,,288.8,54.6,587.2,,,210.5,154.0,0.4005,0.5209,,,0.4005,0.5209,Screen Recording,Screen Recording Recording16.mp4,1920,1080,0,0,960,540,Saccade,64,552,,,,,,,,,,,,,,,
177981557,1607448695,Eye Tracker,LipReading,08/25/2025,YanTianming,Recording16,05/10/2025,05/10/2025,14:25:35.695,06:25:35.695,387686,Timeline1,Tobii I-VT (Fixation),1.241.54219,1080,1920,10.0,5.1,9.5,10.6,0.53,1.02,1.13,19,35,39,6.6,5.5,2.9,0.7,0.62,0.32,24,20,11,1568557415,,,917,459,999,388,836,530,0.08283,0.09168,-0.99234,-0.10067,0.15136,-0.98334,4.098,3.737,3.918,,,,Valid,Valid,224.5,52.0,586.2,288.8,54.6,587.2,273.5,106.2,228.7,145.0,0.4779,0.4248,0.5205,0.3592,0.4352,0.4905,Screen Recording,Screen Recording Recording16.mp4,1920,1080,0,0,960,540,Saccade,64,552,,,,,,,,,,,,,,,
177985557,1607452695,Eye Tracker,LipReading,08/25/2025,YanTianming,Recording16,05/10/2025,05/10/2025,14:25:35.695,06:25:35.695,387686,Timeline1,Tobii I-VT (Fixation),1.241.54219,1080,1920,10.0,5.1,9.5,10.6,0.53,1.02,1.13,19,35,39,6.6,5.5,2.9,0.7,0.62,0.32,24,20,11,1568561415,,,966,423,993,366,939,480,0.07993,0.08171,-0.99345,-0.05354,0.12951,-0.99013,4.098,4.016,4.057,,,,Valid,Valid,224.6,52.1,586.1,288.9,54.6,587.3,271.7,100.3,257.1,131.4,0.5032,0.3919,0.5172,0.3392,0.4893,0.4445,Screen Recording,Screen Recording Recording16.mp4,1920,1080,0,0,960,540,Saccade,64,552,,,,,,,,,,,,,,,
177989557,1607456695,Eye Tracker,LipReading,08/25/2025,YanTianming,Recording16,05/10/2025,05/10/2025,14:25:35.695,06:25:35.695,387686,Timeline1,Tobii I-VT (Fixation),1.241.54219,1080,1920,10.0,5.1,9.5,10.6,0.53,1.02,1.13,19,35,39,6.6,5.5,2.9,0.7,0.62,0.32,24,20,11,1568565415,,,974,394,1002,341,947,447,0.08392,0.06974,-0.99403,-0.05004,0.11446,-0.99217,4.118,4.124,4.121,,,,Valid,Valid,224.6,52.1,586.0,288.9,54.6,587.3,274.1,93.2,259.3,122.3,0.5075,0.3646,0.5216,0.3153,0.4934,0.4139,Screen Recording,Screen Recording Recording16.mp4,1920,1080,0,0,960,540,Saccade,64,552,,,,,,,,,,,,,,,
177993552,1607460690,Eye Tracker,LipReading,08/25/2025,YanTianming,Recording16,05/10/2025,05/10/2025,14:25:35.695,06:25:35.695,387686,Timeline1,Tobii I-VT (Fixation),1.241.54219,1080,1920,10.0,5.1,9.5,10.6,0.53,1.02,1.13,19,35,39,6.6,5.5,2.9,0.7,0.62,0.32,24,20,11,1568569411,,,970,389,999,337,941,440,0.08283,0.06823,-0.99422,-0.05311,0.11123,-0.99237,4.118,4.126,4.122,,,,Valid,Valid,224.7,52.1,586.0,288.9,54.6,587.2,273.5,92.3,257.5,120.4,0.5053,0.3599,0.5205,0.3124,0.49,0.4075,Screen Recording,Screen Recording Recording16.mp4,1920,1080,0,0,960,540,Saccade,64,552,,,,,,,,,,,,,,,
177997552,1607464690,Eye Tracker,LipReading,08/25/2025,YanTianming,Recording16,05/10/2025,05/10/2025,14:25:35.695,06:25:35.695,387686,Timeline1,Tobii I-VT (Fixation),1.241.54219,1080,1920,10.0,5.1,9.5,10.6,0.53,1.02,1.13,19,35,39,6.6,5.5,2.9,0.7,0.62,0.32,24,20,11,1568573411,,,994,383,1002,342,985,424,0.08418,0.07017,-0.99398,-0.03294,0.10392,-0.99404,4.12,4.222,4.17,,,,Valid,Valid,224.7,52.1,586.0,288.9,54.7,587.1,274.3,93.5,269.5,116.0,0.5175,0.3545,0.5221,0.3163,0.5129,0.3926,Screen Recording,Screen Recording Recording16.mp4,1920,1080,0,0,960,540,Saccade,64,552,,,,,,,,,,,,,,,
178001552,1607468690,Eye Tracker,LipReading,08/25/2025,YanTianming,Recording16,05/10/2025,05/10/2025,14:25:35.695,06:25:35.695,387686,Timeline1,Tobii I-VT (Fixation),1.241.54219,1080,1920,10.0,5.1,9.5,10.6,0.53,1.02,1.13,19,35,39,6.6,5.5,2.9,0.7,0.62,0.32,24,20,11,1568577411,,,979,354,996,299,962,409,0.0813,0.05067,-0.9954,-0.04362,0.09712,-0.99432,4.112,4.257,4.188,,,,Valid,Valid,224.7,52.1,586.1,289.0,54.7,587.1,272.6,81.9,263.2,112.0,0.5099,0.3281,0.5188,0.2772,0.501,0.379,Screen Recording,Screen Recording Recording16.mp4,1920,1080,0,0,960,540,Saccade,64,552,,,,,,,,,,,,,,,
178005552,1607472690,Eye Tracker,LipReading,08/25/2025,YanTianming,Recording16,05/10/2025,05/10/2025,14:25:35.695,06:25:35.695,387686,Timeline1,Tobii I-VT (Fixation),1.241.54219,1080,1920,10.0,5.1,9.5,10.6,0.53,1.02,1.13,19,35,39,6.6,5.5,2.9,0.7,0.62,0.32,24,20,11,1568581411,,,987,346,1002,315,972,378,0.08414,0.05783,-0.99477,-0.03891,0.08273,-0.99581,4.131,4.365,4.236,,,,Valid,Valid,224.8,52.1,586.1,289.0,54.7,587.1,274.3,86.2,266.1,103.4,0.5143,0.3208,0.5221,0.2916,0.5064,0.35,Screen Recording,Screen Recording Recording16.mp4,1920,1080,0,0,960,540,Saccade,64,552,,,,,,,,,,,,,,,
178009552,1607476690,Eye Tracker,LipReading,08/25/2025,YanTianming,Recording16,05/10/2025,05/10/2025,14:25:35.695,06:25:35.695,387686,Timeline1,Tobii I-VT (Fixation),1.241.54219,1080,1920,10.0,5.1,9.5,10.6,0.53,1.02,1.13,19,35,39,6.6,5.5,2.9,0.7,0.62,0.32,24,20,11,1568585411,,,989,355,1005,334,973,377,0.0853,0.06654,-0.99413,-0.03868,0.08212,-0.99587,4.123,4.35,4.245,,,,Valid,Valid,224.8,52.2,585.8,289.1,54.6,587.2,275.1,91.4,266.3,103.1,0.5151,0.329,0.5235,0.3094,0.5067,0.3487,Screen Recording,Screen Recording Recording16.mp4,1920,1080,0,0,960,540,Saccade,64,552,,,,,,,,,,,,,,,
178013552,1607480690,Eye Tracker,LipReading,08/25/2025,YanTianming,Recording16,05/10/2025,05/10/2025,14:25:35.695,06:25:35.695,387686,Timeline1,Tobii I-VT (Fixation),1.241.54219,1080,1920,10.0,5.1,9.5,10.6,0.53,1.02,1.13,19,35,39,6.6,5.5,2.9,0.7,0.62,0.32,24,20,11,1568589411,,,982,330,999,310,965,350,0.08244,0.05542,-0.99505,-0.04253,0.06967,-0.99666,4.125,4.428,4.276,,,,Valid,Valid,224.9,52.2,585.9,289.1,54.6,587.2,273.4,84.8,264.0,95.7,0.5114,0.3054,0.5203,0.287,0.5025,0.3237,Screen Recording,Screen Recording Recording16.mp4,1920,1080,0,0,960,540,Saccade,64,552,,,,,,,,,,,,,,,
178017552,1607484690,Eye Tracker,LipReading,08/25/2025,YanTianming,Recording16,05/10/2025,05/10/2025,14:25:35.695,06:25:35.695,387686,Timeline1,Tobii I-VT (Fixation),1.241.54219,1080,1920,10.0,5.1,9.5,10.6,0.53,1.02,1.13,19,35,39,6.6,5.5,2.9,0.7,0.62,0.32,24,20,11,1568593411,,,990,294,1004,282,975,307,0.08474,0.04232,-0.9955,-0.0378,0.04977,-0.99805,4.133,4.521,4.304,,,,Valid,Valid,224.9,52.1,586.1,289.1,54.7,587.1,274.8,77.0,266.9,84.0,0.5154,0.2724,0.5229,0.2607,0.5079,0.2841,Screen Recording,Screen Recording Recording16.mp4,1920,1080,0,0,960,540,Saccade,64,552,,,,,,,,,,,,,,,
178021552,1607488690,Eye Tracker,LipReading,08/25/2025,YanTianming,Recording16,05/10/2025,05/10/2025,14:25:35.695,06:25:35.695,387686,Timeline1,Tobii I-VT (Fixation),1.241.54219,1080,1920,10.0,5.1,9.5,10.6,0.53,1.02,1.13,19,35,39,6.6,5.5,2.9,0.7,0.62,0.32,24,20,11,1568597411,,,989,324,1005,345,974,303,0.08508,0.07173,-0.99379,-0.03851,0.04784,-0.99811,4.117,4.485,4.318,,,,Valid,Valid,224.9,52.1,586.2,289.2,54.7,587.1,275.1,94.4,266.5,82.8,0.5154,0.2999,0.5235,0.3194,0.5072,0.2803,Screen Recording,Screen Recording Recording16.mp4,1920,1080,0,0,960,540,Saccade,64,552,,,,,,,,,,,,,,,
178025552,1607492690,Eye Tracker,LipReading,08/25/2025,YanTianming,Recording16,05/10/2025,05/10/2025,14:25:35.695,06:25:35.695,387686,Timeline1,Tobii I-VT (Fixation),1.241.54219,1080,1920,10.0,5.1,9.5,10.6,0.53,1.02,1.13,19,35,39,6.6,5.5,2.9,0.7,0.62,0.32,24,20,11,1568601411,,,985,329,998,345,973,313,0.08167,0.0716,-0.99408,-0.03895,0.05268,-0.99785,4.114,4.512,4.32,,,,Valid,Valid,224.9,52.1,586.1,289.2,54.7,587.1,273.1,94.4,266.3,85.7,0.5132,0.3046,0.5197,0.3192,0.5067,0.29,Screen Recording,Screen Recording Recording16.mp4,1920,1080,0,0,960,540,Fixation,336,414,977,321,0.509,0.2976,,,,,,,,,,,
178029552,1607496690,Eye Tracker,LipReading,08/25/2025,YanTianming,Recording16,05/10/2025,05/10/2025,14:25:35.695,06:25:35.695,387686,Timeline1,Tobii I-VT (Fixation),1.241.54219,1080,1920,10.0,5.1,9.5,10.6,0.53,1.02,1.13,19,35,39,6.6,5.5,2.9,0.7,0.62,0.32,24,20,11,1568605411,,,984,320,996,331,972,308,0.08084,0.06522,-0.99459,-0.03941,0.05051,-0.99795,4.124,4.516,4.32,,,,Valid,Valid,225.0,52.2,586.1,289.2,54.7,587.1,272.6,90.6,266.0,84.4,0.5125,0.2961,0.5188,0.3066,0.5063,0.2856,Screen Recording,Screen Recording Recording16.mp4,1920,1080,0,0,960,540,Fixation,336,414,977,321,0.509,0.2976,,,,,,,,,,,
178033552,1607500690,Eye Tracker,LipReading,08/25/2025,YanTianming,Recording16,05/10/2025,05/10/2025,14:25:35.695,06:25:35.695,387686,Timeline1,Tobii I-VT (Fixation),1.241.54219,1080,1920,10.0,5.1,9.5,10.6,0.53,1.02,1.13,19,35,39,6.6,5.5,2.9,0.7,0.62,0.32,24,20,11,1568609411,,,982,304,1001,321,964,286,0.08292,0.06052,-0.99472,-0.04327,0.03995,-0.99826,4.131,4.565,4.333,,,,Valid,Valid,225.0,52.3,585.9,289.2,54.7,587.1,273.8,87.9,263.8,78.2,0.5116,0.2811,0.5211,0.2974,0.502,0.2647,Screen Recording,Screen Recording Recording16.mp4,1920,1080,0,0,960,540,Fixation,336,414,977,321,0.509,0.2976,,,,,,,,,,,
178037554,1607504692,Eye Tracker,LipReading,08/25/2025,YanTianming,Recording16,05/10/2025,05/10/2025,14:25:35.695,06:25:35.695,387686,Timeline1,Tobii I-VT (Fixation),1.241.54219,1080,1920,10.0,5.1,9.5,10.6,0.53,1.02,1.13,19,35,39,6.6,5.5,2.9,0.7,0.62,0.32,24,20,11,1568613413,,,981,311,1002,326,961,297,0.08341,0.06256,-0.99455,-0.04474,0.04507,-0.99798,4.129,4.548,4.334,,,,Valid,Valid,225.0,52.3,585.9,289.2,54.7,587.1,274.1,89.1,262.9,81.3,0.5111,0.2882,0.5217,0.3015,0.5004,0.2749,Screen Recording,Screen Recording Recording16.mp4,1920,1080,0,0,960,540,Fixation,336,414,977,321,0.509,0.2976,,,,,,,,,,,
178041552,1607508690,Eye Tracker,LipReading,08/25/2025,YanTianming,Recording16,05/10/2025,05/10/2025,14:25:35.695,06:25:35.695,387686,Timeline1,Tobii I-VT (Fixation),1.241.54219,1080,1920,10.0,5.1,9.5,10.6,0.53,1.02,1.13,19,35,39,6.6,5.5,2.9,0.7,0.62,0.32,24,20,11,1568617411,,,981,320,1004,340,959,300,0.08418,0.06909,-0.99405,-0.04549,0.04661,-0.99788,4.146,4.537,4.341,,,,Valid,Valid,225.0,52.3,585.8,289.3,54.7,587.1,274.6,93.0,262.5,82.2,0.5111,0.2963,0.5227,0.3147,0.4996,0.278,Screen Recording,Screen Recording Recording16.mp4,1920,1080,0,0,960,540,Fixation,336,414,977,321,0.509,0.2976,,,,,,,,,,,
178045552,1607512690,Eye Tracker,LipReading,08/25/2025,YanTianming,Recording16,05/10/2025,05/10/2025,14:25:35.695,06:25:35.695,387686,Timeline1,Tobii I-VT (Fixation),1.241.54219,1080,1920,10.0,5.1,9.5,10.6,0.53,1.02,1.13,19,35,39,6.6,5.5,2.9,0.7,0.62,0.32,24,20,11,1568621411,,,981,317,1006,331,957,303,0.0852,0.0652,-0.99423,-0.04648,0.04769,-0.99778,4.146,4.519,4.337,,,,Valid,Valid,225.0,52.2,586.0,289.3,54.7,587.1,275.2,90.7,261.9,82.8,0.5111,0.2934,0.5238,0.3067,0.4985,0.2801,Screen Recording,Screen Recording Recording16.mp4,1920,1080,0,0,960,540,Fixation,336,414,977,321,0.509,0.2976,,,,,,,,,,,
178049552,1607516690,Eye Tracker,LipReading,08/25/2025,YanTianming,Recording16,05/10/2025,05/10/2025,14:25:35.695,06:25:35.695,387686,Timeline1,Tobii I-VT (Fixation),1.241.54219,1080,1920,10.0,5.1,9.5,10.6,0.53,1.02,1.13,19,35,39,6.6,5.5,2.9,0.7,0.62,0.32,24,20,11,1568625411,,,980,311,1004,337,957,284,0.08426,0.06763,-0.99415,-0.04667,0.03928,-0.99814,4.134,4.564,4.329,,,,Valid,Valid,225.0,52.3,585.9,289.3,54.7,587.1,274.7,92.1,261.8,77.8,0.5105,0.2875,0.5228,0.3117,0.4983,0.2634,Screen Recording,Screen Recording Recording16.mp4,1920,1080,0,0,960,540,Fixation,336,414,977,321,0.509,0.2976,,,,,,,,,,,
178053553,1607520691,Eye Tracker,LipReading,08/25/2025,YanTianming,Recording16,05/10/2025,05/10/2025,14:25:35.695,06:25:35.695,387686,Timeline1,Tobii I-VT (Fixation),1.241.54219,1080,1920,10.0,5.1,9.5,10.6,0.53,1.02,1.13,19,35,39,6.6,5.5,2.9,0.7,0.62,0.32,24,20,11,1568629413,,,982,347,1007,341,957,353,0.08594,0.06945,-0.99388,-0.0463,0.07082,-0.99641,4.136,4.439,4.328,,,,Valid,Valid,225.0,52.3,585.8,289.3,54.7,587.1,275.7,93.2,262.0,96.5,0.5116,0.3209,0.5247,0.3154,0.4986,0.3264,Screen Recording,Screen Recording Recording16.mp4,1920,1080,0,0,960,540,Fixation,336,414,977,321,0.509,0.2976,,,,,,,,,,,
178057551,1607524689,Eye Tracker,LipReading,08/25/2025,YanTianming,Recording16,05/10/2025,05/10/2025,14:25:35.695,06:25:35.695,387686,Timeline1,Tobii I-VT (Fixation),1.241.54219,1080,1920,10.0,5.1,9.5,10.6,0.53,1.02,1.13,19,35,39,6.6,5.5,2.9,0.7,0.62,0.32,24,20,11,1568633411,,,978,335,994,360,962,309,0.07973,0.07858,-0.99371,-0.04421,0.05049,-0.99775,4.119,4.522,4.315,,,,Valid,Valid,225.0,52.3,585.8,289.3,54.8,587.1,272.0,98.6,263.2,84.5,0.5093,0.3098,0.5177,0.3338,0.501,0.2858,Screen Recording,Screen Recording Recording16.mp4,1920,1080,0,0,960,540,Fixation,336,414,977,321,0.509,0.2976,,,,,,,,,,,
178061553,1607528691,Eye Tracker,LipReading,08/25/2025,YanTianming,Recording16,05/10/2025,05/10/2025,14:25:35.695,06:25:35.695,387686,Timeline1,Tobii I-VT (Fixation),1.241.54219,1080,1920,10.0,5.1,9.5,10.6,0.53,1.02,1.13,19,35,39,6.6,5.5,2.9,0.7,0.62,0.32,24,20,11,1568637413,,,986,329,1004,339,968,319,0.08442,0.06865,-0.99406,-0.04138,0.05523,-0.99762,4.148,4.488,4.316,,,,Valid,Valid,225.0,52.3,585.8,289.3,54.8,587.1,274.8,92.8,264.9,87.3,0.5135,0.3045,0.5229,0.3139,0.5041,0.2952,Screen Recording,Screen Recording Recording16.mp4,1920,1080,0,0,960,540,Fixation,336,414,977,321,0.509,0.2976,,,,,,,,,,,
178065553,1607532691,Eye Tracker,LipReading,08/25/2025,YanTianming,Recording16,05/10/2025,05/10/2025,14:25:35.695,06:25:35.695,387686,Timeline1,Tobii I-VT (Fixation),1.241.54219,1080,1920,10.0,5.1,9.5,10.6,0.53,1.02,1.13,19,35,39,6.6,5.5,2.9,0.7,0.62,0.32,24,20,11,1568641413,,,983,333,1001,346,965,319,0.08306,0.07196,-0.99394,-0.04262,0.05538,-0.99756,4.152,4.495,4.321,,,,Valid,Valid,225.0,52.3,586.0,289.2,54.8,587.0,274.0,94.7,264.2,87.4,0.5121,0.308,0.5214,0.3203,0.5027,0.2956,Screen Recording,Screen Recording Recording16.mp4,1920,1080,0,0,960,540,Fixation,336,414,977,321,0.509,0.2976,,,,,,,,,,,
178069553,1607536691,Eye Tracker,LipReading,08/25/2025,YanTianming,Recording16,05/10/2025,05/10/2025,14:25:35.695,06:25:35.695,387686,Timeline1,Tobii I-VT (Fixation),1.241.54219,1080,1920,10.0,5.1,9.5,10.6,0.53,1.02,1.13,19,35,39,6.6,5.5,2.9,0.7,0.62,0.32,24,20,11,1568645413,,,980,327,1000,334,959,319,0.08286,0.06643,-0.99434,-0.04528,0.05511,-0.99745,4.144,4.483,4.321,,,,Valid,Valid,225.0,52.3,585.8,289.2,54.8,587.0,273.8,91.5,262.6,87.2,0.5104,0.3023,0.5211,0.3095,0.4997,0.2952,Screen Recording,Screen Recording Recording16.mp4,1920,1080,0,0,960,540,Fixation,336,414,977,321,0.509,0.2976,,,,,,,,,,,
178073553,1607540691,Eye Tracker,LipReading,08/25/2025,YanTianming,Recording16,05/10/2025,05/10/2025,14:25:35.695,06:25:35.695,387686,Timeline1,Tobii I-VT (Fixation),1.241.54219,1080,1920,10.0,5.1,9.5,10.6,0.53,1.02,1.13,19,35,39,6.6,5.5,2.9,0.7,0.62,0.32,24,20,11,1568649413,,,977,335,996,349,958,321,0.08072,0.07343,-0.99403,-0.04592,0.05613,-0.99737,4.148,4.499,4.321,,,,Valid,Valid,225.0,52.3,585.8,289.2,54.8,587.0,272.5,95.6,262.2,87.9,0.5088,0.3104,0.5187,0.3235,0.4989,0.2972,Screen Recording,Screen Recording Recording16.mp4,1920,1080,0,0,960,540,Fixation,336,414,977,321,0.509,0.2976,,,,,,,,,,,
178077553,1607544691,Eye Tracker,LipReading,08/25/2025,YanTianming,Recording16,05/10/2025,05/10/2025,14:25:35.695,06:25:35.695,387686,Timeline1,Tobii I-VT (Fixation),1.241.54219,1080,1920,10.0,5.1,9.5,10.6,0.53,1.02,1.13,19,35,39,6.6,5.5,2.9,0.7,0.62,0.32,24,20,11,1568653413,,,977,335,998,337,956,333,0.08164,0.06792,-0.99434,-0.04677,0.06165,-0.997,4.148,4.499,4.315,,,,Valid,Valid,224.9,52.3,585.8,289.2,54.8,587.0,273.0,92.3,261.6,91.1,0.5088,0.3104,0.5196,0.3124,0.4979,0.3083,Screen Recording,Screen Recording Recording16.mp4,1920,1080,0,0,960,540,Fixation,336,414,977,321,0.509,0.2976,,,,,,,,,,,
178081553,1607548691,Eye Tracker,LipReading,08/25/2025,YanTianming,Recording16,05/10/2025,05/10/2025,14:25:35.695,06:25:35.695,387686,Timeline1,Tobii I-VT (Fixation),1.241.54219,1080,1920,10.0,5.1,9.5,10.6,0.53,1.02,1.13,19,35,39,6.6,5.5,2.9,0.7,0.62,0.32,24,20,11,1568657413,,,975,326,995,327,956,324,0.08066,0.06328,-0.99473,-0.04695,0.05769,-0.99723,4.148,4.482,4.315,,,,Valid,Valid,224.9,52.3,585.9,289.1,54.8,587.0,272.4,89.6,261.5,88.8,0.508,0.3017,0.5184,0.303,0.4977,0.3005,Screen Recording,Screen Recording Recording16.mp4,1920,1080,0,0,960,540,Fixation,336,414,977,321,0.509,0.2976,,,,,,,,,,,
178085553,1607552691,Eye Tracker,LipReading,08/25/2025,YanTianming,Recording16,05/10/2025,05/10/2025,14:25:35.695,06:25:35.695,387686,Timeline1,Tobii I-VT (Fixation),1.241.54219,1080,1920,10.0,5.1,9.5,10.6,0.53,1.02,1.13,19,35,39,6.6,5.5,2.9,0.7,0.62,0.32,24,20,11,1568661413,,,978,330,997,326,959,334,0.08145,0.06259,-0.99471,-0.04504,0.0622,-0.99705,4.144,4.467,4.309,,,,Valid,Valid,224.8,52.2,586.1,289.1,54.8,587.1,272.8,89.1,262.6,91.4,0.5095,0.3054,0.5192,0.3014,0.4997,0.3093,Screen Recording,Screen Recording Recording16.mp4,1920,1080,0,0,960,540,Fixation,336,414,977,321,0.509,0.2976,,,,,,,,,,,
178089553,1607556691,Eye Tracker,LipReading,08/25/2025,YanTianming,Recording16,05/10/2025,05/10/2025,14:25:35.695,06:25:35.695,387686,Timeline1,Tobii I-VT (Fixation),1.241.54219,1080,1920,10.0,5.1,9.5,10.6,0.53,1.02,1.13,19,35,39,6.6,5.5,2.9,0.7,0.62,0.32,24,20,11,1568665413,,,979,326,1001,323,958,328,0.08343,0.06139,-0.99462,-0.04575,0.05948,-0.99718,4.153,4.469,4.31,,,,Valid,Valid,224.8,52.2,586.1,289.1,54.8,587.1,274.0,88.4,262.1,89.8,0.5101,0.3015,0.5214,0.2992,0.4989,0.3039,Screen Recording,Screen Recording Recording16.mp4,1920,1080,0,0,960,540,Fixation,336,414,977,321,0.509,0.2976,,,,,,,,,,,
178093553,1607560691,Eye Tracker,LipReading,08/25/2025,YanTianming,Recording16,05/10/2025,05/10/2025,14:25:35.695,06:25:35.695,387686,Timeline1,Tobii I-VT (Fixation),1.241.54219,1080,1920,10.0,5.1,9.5,10.6,0.53,1.02,1.13,19,35,39,6.6,5.5,2.9,0.7,0.62,0.32,24,20,11,1568669413,,,979,330,1002,318,957,342,0.08389,0.05908,-0.99472,-0.04604,0.06562,-0.99678,4.164,4.461,4.311,,,,Valid,Valid,224.8,52.2,586.1,289.0,54.8,587.0,274.2,87.1,261.9,93.5,0.5101,0.3054,0.5218,0.2945,0.4985,0.3163,Screen Recording,Screen Recording Recording16.mp4,1920,1080,0,0,960,540,Fixation,336,414,977,321,0.509,0.2976,,,,,,,,,,,
178097553,1607564691,Eye Tracker,LipReading,08/25/2025,YanTianming,Recording16,05/10/2025,05/10/2025,14:25:35.695,06:25:35.695,387686,Timeline1,Tobii I-VT (Fixation),1.241.54219,1080,1920,10.0,5.1,9.5,10.6,0.53,1.02,1.13,19,35,39,6.6,5.5,2.9,0.7,0.62,0.32,24,20,11,1568673413,,,984,320,1002,315,967,325,0.08405,0.05741,-0.99481,-0.04153,0.05808,-0.99745,4.155,4.457,4.308,,,,Valid,Valid,224.7,52.4,585.9,289.0,54.9,586.9,274.2,86.2,264.5,89.1,0.5127,0.2965,0.5219,0.2916,0.5035,0.3014,Screen Recording,Screen Recording Recording16.mp4,1920,1080,0,0,960,540,Fixation,336,414,977,321,0.509,0.2976,,,,,,,,,,,
178101553,1607568691,Eye Tracker,LipReading,08/25/2025,YanTianming,Recording16,05/10/2025,05/10/2025,14:25:35.695,06:25:35.695,387686,Timeline1,Tobii I-VT (Fixation),1.241.54219,1080,1920,10.0,5.1,9.5,10.6,0.53,1.02,1.13,19,35,39,6.6,5.5,2.9,0.7,0.62,0.32,24,20,11,1568677413,,,978,332,1000,321,957,343,0.08315,0.06016,-0.99472,-0.04604,0.06601,-0.99676,4.157,4.467,4.307,,,,Valid,Valid,224.7,52.4,585.8,288.9,54.9,586.9,273.7,87.8,261.8,93.8,0.5096,0.3072,0.5208,0.2972,0.4983,0.3172,Screen Recording,Screen Recording Recording16.mp4,1920,1080,0,0,960,540,Fixation,336,414,977,321,0.509,0.2976,,,,,,,,,,,
178105551,1607572689,Eye Tracker,LipReading,08/25/2025,YanTianming,Recording16,05/10/2025,05/10/2025,14:25:35.695,06:25:35.695,387686,Timeline1,Tobii I-VT (Fixation),1.241.54219,1080,1920,10.0,5.1,9.5,10.6,0.53,1.02,1.13,19,35,39,6.6,5.5,2.9,0.7,0.62,0.32,24,20,11,1568681411,,,981,330,1000,318,961,343,0.08334,0.05878,-0.99479,-0.04384,0.06625,-0.99684,4.154,4.446,4.304,,,,Valid,Valid,224.6,52.3,586.1,288.9,54.9,587.0,273.7,86.9,263.1,93.9,0.5108,0.3058,0.521,0.2941,0.5007,0.3176,Screen Recording,Screen Recording Recording16.mp4,1920,1080,0,0,960,540,Fixation,336,414,977,321,0.509,0.2976,,,,,,,,,,,
178109553,1607576691,Eye Tracker,LipReading,08/25/2025,YanTianming,Recording16,05/10/2025,05/10/2025,14:25:35.695,06:25:35.695,387686,Timeline1,Tobii I-VT (Fixation),1.241.54219,1080,1920,10.0,5.1,9.5,10.6,0.53,1.02,1.13,19,35,39,6.6,5.5,2.9,0.7,0.62,0.32,24,20,11,1568685413,,,977,344,997,345,957,342,0.08164,0.07155,-0.99409,-0.04571,0.06592,-0.99678,4.214,4.429,4.304,,,,Valid,Valid,224.6,52.3,586.1,288.9,54.8,587.1,272.7,94.5,261.9,93.7,0.5088,0.3183,0.5191,0.3197,0.4985,0.3169,Screen Recording,Screen Recording Recording16.mp4,1920,1080,0,0,960,540,Fixation,336,414,977,321,0.509,0.2976,,,,,,,,,,,
178113551,1607580689,Eye Tracker,LipReading,08/25/2025,YanTianming,Recording16,05/10/2025,05/10/2025,14:25:35.695,06:25:35.695,387686,Timeline1,Tobii I-VT (Fixation),1.241.54219,1080,1920,10.0,5.1,9.5,10.6,0.53,1.02,1.13,19,35,39,6.6,5.5,2.9,0.7,0.62,0.32,24,20,11,1568689411,,,974,330,994,311,955,349,0.08078,0.05574,-0.99517,-0.04682,0.06884,-0.99653,4.173,4.451,4.305,,,,Valid,Valid,224.6,52.3,586.1,288.8,54.9,587.0,272.1,85.1,261.2,95.4,0.5075,0.3054,0.5179,0.288,0.4972,0.3229,Screen Recording,Screen Recording Recording16.mp4,1920,1080,0,0,960,540,Fixation,336,414,977,321,0.509,0.2976,,,,,,,,,,,
178117551,1607584689,Eye Tracker,LipReading,08/25/2025,YanTianming,Recording16,05/10/2025,05/10/2025,14:25:35.695,06:25:35.695,387686,Timeline1,Tobii I-VT (Fixation),1.241.54219,1080,1920,10.0,5.1,9.5,10.6,0.53,1.02,1.13,19,35,39,6.6,5.5,2.9,0.7,0.62,0.32,24,20,11,1568693411,,,974,324,992,304,956,344,0.07979,0.05235,-0.99544,-0.04611,0.06666,-0.99671,4.145,4.463,4.305,,,,Valid,Valid,224.5,52.4,586.0,288.8,54.9,586.9,271.5,83.2,261.6,94.2,0.5073,0.3,0.5167,0.2814,0.4979,0.3186,Screen Recording,Screen Recording Recording16.mp4,1920,1080,0,0,960,540,Fixation,336,414,977,321,0.509,0.2976,,,,,,,,,,,
178121553,1607588691,Eye Tracker,LipReading,08/25/2025,YanTianming,Recording16,05/10/2025,05/10/2025,14:25:35.695,06:25:35.695,387686,Timeline1,Tobii I-VT (Fixation),1.241.54219,1080,1920,10.0,5.1,9.5,10.6,0.53,1.02,1.13,19,35,39,6.6,5.5,2.9,0.7,0.62,0.32,24,20,11,1568697413,,,977,329,997,310,956,348,0.08221,0.05509,-0.99509,-0.04592,0.06829,-0.99661,4.159,4.461,4.305,,,,Valid,Valid,224.5,52.4,585.9,288.7,54.9,587.0,272.9,84.8,261.7,95.1,0.5087,0.3045,0.5194,0.2871,0.4981,0.3219,Screen Recording,Screen Recording Recording16.mp4,1920,1080,0,0,960,540,Fixation,336,414,977,321,0.509,0.2976,,,,,,,,,,,
178125554,1607592692,Eye Tracker,LipReading,08/25/2025,YanTianming,Recording16,05/10/2025,05/10/2025,14:25:35.695,06:25:35.695,387686,Timeline1,Tobii I-VT (Fixation),1.241.54219,1080,1920,10.0,5.1,9.5,10.6,0.53,1.02,1.13,19,35,39,6.6,5.5,2.9,0.7,0.62,0.32,24,20,11,1568701414,,,975,324,992,306,957,343,0.07987,0.0533,-0.99538,-0.04534,0.06612,-0.99678,4.146,4.439,4.3,,,,Valid,Valid,224.5,52.4,586.0,288.7,54.9,587.0,271.5,83.8,262.0,93.8,0.5077,0.3004,0.5167,0.2834,0.4987,0.3175,Screen Recording,Screen Recording Recording16.mp4,1920,1080,0,0,960,540,Fixation,336,414,977,321,0.509,0.2976,,,,,,,,,,,
178129554,1607596692,Eye Tracker,LipReading,08/25/2025,YanTianming,Recording16,05/10/2025,05/10/2025,14:25:35.695,06:25:35.695,387686,Timeline1,Tobii I-VT (Fixation),1.241.54219,1080,1920,10.0,5.1,9.5,10.6,0.53,1.02,1.13,19,35,39,6.6,5.5,2.9,0.7,0.62,0.32,24,20,11,1568705414,,,976,325,995,306,957,344,0.08117,0.05312,-0.99528,-0.04532,0.06674,-0.99674,4.158,4.449,4.3,,,,Valid,Valid,224.4,52.4,585.9,288.7,54.9,587.1,272.2,83.7,262.0,94.2,0.5083,0.3009,0.5181,0.2831,0.4986,0.3187,Screen Recording,Screen Recording Recording16.mp4,1920,1080,0,0,960,540,Fixation,336,414,977,321,0.509,0.2976,,,,,,,,,,,
178133554,1607600692,Eye Tracker,LipReading,08/25/2025,YanTianming,Recording16,05/10/2025,05/10/2025,14:25:35.695,06:25:35.695,387686,Timeline1,Tobii I-VT (Fixation),1.241.54219,1080,1920,10.0,5.1,9.5,10.6,0.53,1.02,1.13,19,35,39,6.6,5.5,2.9,0.7,0.62,0.32,24,20,11,1568709414,,,977,323,996,306,957,340,0.08199,0.05341,-0.9952,-0.04525,0.06469,-0.99688,4.152,4.444,4.299,,,,Valid,Valid,224.4,52.4,586.0,288.7,54.9,587.1,272.7,83.8,262.0,93.0,0.5088,0.2991,0.5189,0.2836,0.4987,0.3146,Screen Recording,Screen Recording Recording16.mp4,1920,1080,0,0,960,540,Fixation,336,414,977,321,0.509,0.2976,,,,,,,,,,,
178137554,1607604692,Eye Tracker,LipReading,08/25/2025,YanTianming,Recording16,05/10/2025,05/10/2025,14:25:35.695,06:25:35.695,387686,Timeline1,Tobii I-VT (Fixation),1.241.54219,1080,1920,10.0,5.1,9.5,10.6,0.53,1.02,1.13,19,35,39,6.6,5.5,2.9,0.7,0.62,0.32,24,20,11,1568713414,,,976,326,994,307,957,344,0.08115,0.05388,-0.99524,-0.04556,0.06676,-0.99673,4.156,4.444,4.299,,,,Valid,Valid,224.4,52.3,586.1,288.6,54.9,587.1,272.2,84.1,261.8,94.2,0.5081,0.3016,0.518,0.2844,0.4983,0.3188,Screen Recording,Screen Recording Recording16.mp4,1920,1080,0,0,960,540,Fixation,336,414,977,321,0.509,0.2976,,,,,,,,,,,
178141553,1607608691,Eye Tracker,LipReading,08/25/2025,YanTianming,Recording16,05/10/2025,05/10/2025,14:25:35.695,06:25:35.695,387686,Timeline1,Tobii I-VT (Fixation),1.241.54219,1080,1920,10.0,5.1,9.5,10.6,0.53,1.02,1.13,19,35,39,6.6,5.5,2.9,0.7,0.62,0.32,24,20,11,1568717414,,,975,325,990,311,961,339,0.07898,0.05556,-0.99533,-0.04348,0.06438,-0.99698,4.154,4.443,4.299,,,,Valid,Valid,224.4,52.3,586.1,288.6,54.9,587.0,270.9,85.1,263.0,92.8,0.508,0.301,0.5155,0.2878,0.5005,0.3141,Screen Recording,Screen Recording Recording16.mp4,1920,1080,0,0,960,540,Fixation,336,414,977,321,0.509,0.2976,,,,,,,,,,,
178145553,1607612691,Eye Tracker,LipReading,08/25/2025,YanTianming,Recording16,05/10/2025,05/10/2025,14:25:35.695,06:25:35.695,387686,Timeline1,Tobii I-VT (Fixation),1.241.54219,1080,1920,10.0,5.1,9.5,10.6,0.53,1.02,1.13,19,35,39,6.6,5.5,2.9,0.7,0.62,0.32,24,20,11,1568721414,,,977,326,994,308,959,343,0.08099,0.05442,-0.99523,-0.0443,0.06618,-0.99682,4.144,4.437,4.296,,,,Valid,Valid,224.3,52.4,586.1,288.6,55.0,587.0,272.0,84.4,262.5,93.9,0.5087,0.3017,0.5177,0.2856,0.4996,0.3178,Screen Recording,Screen Recording Recording16.mp4,1920,1080,0,0,960,540,Fixation,336,414,977,321,0.509,0.2976,,,,,,,,,,,
178149553,1607616691,Eye Tracker,LipReading,08/25/2025,YanTianming,Recording16,05/10/2025,05/10/2025,14:25:35.695,06:25:35.695,387686,Timeline1,Tobii I-VT (Fixation),1.241.54219,1080,1920,10.0,5.1,9.5,10.6,0.53,1.02,1.13,19,35,39,6.6,5.5,2.9,0.7,0.62,0.32,24,20,11,1568725414,,,977,324,993,306,962,342,0.08044,0.05336,-0.99533,-0.04311,0.06581,-0.9969,4.155,4.429,4.293,,,,Valid,Valid,224.3,52.4,586.0,288.6,55.0,587.0,271.7,83.8,263.2,93.7,0.509,0.3003,0.5171,0.2836,0.5009,0.3171,Screen Recording,Screen Recording Recording16.mp4,1920,1080,0,0,960,540,Fixation,336,414,977,321,0.509,0.2976,,,,,,,,,,,
178153553,1607620691,Eye Tracker,LipReading,08/25/2025,YanTianming,Recording16,05/10/2025,05/10/2025,14:25:35.695,06:25:35.695,387686,Timeline1,Tobii I-VT (Fixation),1.241.54219,1080,1920,10.0,5.1,9.5,10.6,0.53,1.02,1.13,19,35,39,6.6,5.5,2.9,0.7,0.62,0.32,24,20,11,1568729414,,,978,335,997,324,960,345,0.08216,0.06172,-0.99471,-0.04403,0.06711,-0.99677,4.204,4.426,4.292,,,,Valid,Valid,224.3,52.4,586.0,288.6,54.9,587.0,272.7,88.8,262.6,94.5,0.5094,0.31,0.519,0.3003,0.4998,0.3196,Screen Recording,Screen Recording Recording16.mp4,1920,1080,0,0,960,540,Fixation,336,414,977,321,0.509,0.2976,,,,,,,,,,,
178157553,1607624691,Eye Tracker,LipReading,08/25/2025,YanTianming,Recording16,05/10/2025,05/10/2025,14:25:35.695,06:25:35.695,387686,Timeline1,Tobii I-VT (Fixation),1.241.54219,1080,1920,10.0,5.1,9.5,10.6,0.53,1.02,1.13,19,35,39,6.6,5.5,2.9,0.7,0.62,0.32,24,20,11,1568733414,,,980,322,995,303,965,341,0.08138,0.05163,-0.99535,-0.0416,0.06518,-0.99701,4.14,4.431,4.292,,,,Valid,Valid,224.3,52.4,586.0,288.6,55.0,587.0,272.2,82.8,264.1,93.3,0.5103,0.298,0.5181,0.2802,0.5026,0.3158,Screen Recording,Screen Recording Recording16.mp4,1920,1080,0,0,960,540,Fixation,336,414,977,321,0.509,0.2976,,,,,,,,,,,
178161553,1607628691,Eye Tracker,LipReading,08/25/2025,YanTianming,Recording16,05/10/2025,05/10/2025,14:25:35.695,06:25:35.695,387686,Timeline1,Tobii I-VT (Fixation),1.241.54219,1080,1920,10.0,5.1,9.5,10.6,0.53,1.02,1.13,19,35,39,6.6,5.5,2.9,0.7,0.62,0.32,24,20,11,1568737414,,,980,327,996,307,963,347,0.08202,0.05344,-0.9952,-0.0424,0.06805,-0.99678,4.153,4.448,4.291,,,,Valid,Valid,224.3,52.4,586.1,288.6,55.0,587.0,272.6,83.9,263.6,95.0,0.5102,0.3027,0.5188,0.2838,0.5017,0.3215,Screen Recording,Screen Recording Recording16.mp4,1920,1080,0,0,960,540,Fixation,336,414,977,321,0.509,0.2976,,,,,,,,,,,
178165553,1607632691,Eye Tracker,LipReading,08/25/2025,YanTianming,Recording16,05/10/2025,05/10/2025,14:25:35.695,06:25:35.695,387686,Timeline1,Tobii I-VT (Fixation),1.241.54219,1080,1920,10.0,5.1,9.5,10.6,0.53,1.02,1.13,19,35,39,6.6,5.5,2.9,0.7,0.62,0.32,24,20,11,1568741414,,,977,323,997,303,958,343,0.08218,0.05198,-0.99526,-0.04486,0.06609,-0.9968,4.158,4.419,4.292,,,,Valid,Valid,224.3,52.4,586.0,288.6,55.0,587.0,272.7,83.0,262.2,93.9,0.509,0.2993,0.519,0.281,0.4989,0.3176,Screen Recording,Screen Recording Recording16.mp4,1920,1080,0,0,960,540,Fixation,336,414,977,321,0.509,0.2976,,,,,,,,,,,
178169553,1607636691,Eye Tracker,LipReading,08/25/2025,YanTianming,Recording16,05/10/2025,05/10/2025,14:25:35.695,06:25:35.695,387686,Timeline1,Tobii I-VT (Fixation),1.241.54219,1080,1920,10.0,5.1,9.5,10.6,0.53,1.02,1.13,19,35,39,6.6,5.5,2.9,0.7,0.62,0.32,24,20,11,1568745414,,,980,323,997,305,963,342,0.0823,0.05244,-0.99523,-0.04259,0.06553,-0.99694,4.156,4.424,4.288,,,,Valid,Valid,224.3,52.5,586.0,288.6,55.0,587.0,272.8,83.4,263.5,93.6,0.5103,0.2993,0.5192,0.282,0.5015,0.3165,Screen Recording,Screen Recording Recording16.mp4,1920,1080,0,0,960,540,Fixation,336,414,977,321,0.509,0.2976,,,,,,,,,,,
178173553,1607640691,Eye Tracker,LipReading,08/25/2025,YanTianming,Recording16,05/10/2025,05/10/2025,14:25:35.695,06:25:35.695,387686,Timeline1,Tobii I-VT (Fixation),1.241.54219,1080,1920,10.0,5.1,9.5,10.6,0.53,1.02,1.13,19,35,39,6.6,5.5,2.9,0.7,0.62,0.32,24,20,11,1568749414,,,976,325,994,303,958,347,0.0809,0.05152,-0.99539,-0.04505,0.06788,-0.99668,4.136,4.454,4.287,,,,Valid,Valid,224.4,52.6,585.8,288.6,55.0,587.0,272.0,82.9,262.1,95.0,0.5082,0.3008,0.5176,0.2804,0.4987,0.3213,Screen Recording,Screen Recording Recording16.mp4,1920,1080,0,0,960,540,Fixation,336,414,977,321,0.509,0.2976,,,,,,,,,,,
178177553,1607644691,Eye Tracker,LipReading,08/25/2025,YanTianming,Recording16,05/10/2025,05/10/2025,14:25:35.695,06:25:35.695,387686,Timeline1,Tobii I-VT (Fixation),1.241.54219,1080,1920,10.0,5.1,9.5,10.6,0.53,1.02,1.13,19,35,39,6.6,5.5,2.9,0.7,0.62,0.32,24,20,11,1568753414,,,977,322,994,307,961,337,0.08084,0.05335,-0.9953,-0.04353,0.0633,-0.99704,4.146,4.422,4.287,,,,Valid,Valid,224.4,52.6,585.6,288.6,55.0,587.0,272.0,84.0,263.0,92.2,0.509,0.2982,0.5176,0.2843,0.5005,0.312,Screen Recording,Screen Recording Recording16.mp4,1920,1080,0,0,960,540,Fixation,336,414,977,321,0.509,0.2976,,,,,,,,,,,
178181553,1607648691,Eye Tracker,LipReading,08/25/2025,YanTianming,Recording16,05/10/2025,05/10/2025,14:25:35.695,06:25:35.695,387686,Timeline1,Tobii I-VT (Fixation),1.241.54219,1080,1920,10.0,5.1,9.5,10.6,0.53,1.02,1.13,19,35,39,6.6,5.5,2.9,0.7,0.62,0.32,24,20,11,1568757414,,,976,327,992,305,960,349,0.08018,0.05221,-0.99541,-0.04396,0.06884,-0.99666,4.15,4.44,4.287,,,,Valid,Valid,224.4,52.6,585.6,288.6,55.0,587.1,271.6,83.4,262.7,95.5,0.5085,0.3026,0.5169,0.282,0.5,0.3231,Screen Recording,Screen Recording Recording16.mp4,1920,1080,0,0,960,540,Fixation,336,414,977,321,0.509,0.2976,,,,,,,,,,,
178185553,1607652691,Eye Tracker,LipReading,08/25/2025,YanTianming,Recording16,05/10/2025,05/10/2025,14:25:35.695,06:25:35.695,387686,Timeline1,Tobii I-VT (Fixation),1.241.54219,1080,1920,10.0,5.1,9.5,10.6,0.53,1.02,1.13,19,35,39,6.6,5.5,2.9,0.7,0.62,0.32,24,20,11,1568761414,,,973,332,988,320,958,343,0.07827,0.05966,-0.99515,-0.04502,0.06632,-0.99678,4.188,4.425,4.287,,,,Valid,Valid,224.4,52.5,585.9,288.7,54.9,587.1,270.5,87.7,262.1,94.0,0.5069,0.3073,0.5148,0.2966,0.4989,0.318,Screen Recording,Screen Recording Recording16.mp4,1920,1080,0,0,960,540,Fixation,336,414,977,321,0.509,0.2976,,,,,,,,,,,
178189553,1607656691,Eye Tracker,LipReading,08/25/2025,YanTianming,Recording16,05/10/2025,05/10/2025,14:25:35.695,06:25:35.695,387686,Timeline1,Tobii I-VT (Fixation),1.241.54219,1080,1920,10.0,5.1,9.5,10.6,0.53,1.02,1.13,19,35,39,6.6,5.5,2.9,0.7,0.62,0.32,24,20,11,1568765414,,,970,326,985,307,955,344,0.07657,0.05373,-0.99562,-0.04636,0.06666,-0.9967,4.146,4.428,4.287,,,,Valid,Valid,224.4,52.4,586.2,288.7,54.9,587.1,269.5,84.0,261.4,94.2,0.5052,0.3015,0.5129,0.2843,0.4975,0.3187,Screen Recording,Screen Recording Recording16.mp4,1920,1080,0,0,960,540,Fixation,336,414,977,321,0.509,0.2976,,,,,,,,,,,
178193553,1607660691,Eye Tracker,LipReading,08/25/2025,YanTianming,Recording16,05/10/2025,05/10/2025,14:25:35.695,06:25:35.695,387686,Timeline1,Tobii I-VT (Fixation),1.241.54219,1080,1920,10.0,5.1,9.5,10.6,0.53,1.02,1.13,19,35,39,6.6,5.5,2.9,0.7,0.62,0.32,24,20,11,1568769414,,,977,328,994,305,961,351,0.08055,0.05302,-0.99534,-0.04357,0.06994,-0.9966,4.153,4.425,4.288,,,,Valid,Valid,224.4,52.2,586.5,288.7,54.9,587.1,271.9,83.5,263.0,96.1,0.509,0.3039,0.5175,0.2825,0.5006,0.3253,Screen Recording,Screen Recording Recording16.mp4,1920,1080,0,0,960,540,Fixation,336,414,977,321,0.509,0.2976,,,,,,,,,,,
178197553,1607664691,Eye Tracker,LipReading,08/25/2025,YanTianming,Recording16,05/10/2025,05/10/2025,14:25:35.695,06:25:35.695,387686,Timeline1,Tobii I-VT (Fixation),1.241.54219,1080,1920,10.0,5.1,9.5,10.6,0.53,1.02,1.13,19,35,39,6.6,5.5,2.9,0.7,0.62,0.32,24,20,11,1568773414,,,975,322,990,304,960,341,0.07892,0.05239,-0.9955,-0.04422,0.06526,-0.99689,4.144,4.422,4.287,,,,Valid,Valid,224.4,52.2,586.6,288.7,55.0,587.0,270.9,83.1,262.7,93.4,0.5078,0.2986,0.5157,0.2811,0.4999,0.316,Screen Recording,Screen Recording Recording16.mp4,1920,1080,0,0,960,540,Fixation,336,414,977,321,0.509,0.2976,,,,,,,,,,,
