Recording timestamp,Computer timestamp,Sensor,Project name,Export date,Participant name,Recording name,Recording date,Recording date UTC,Recording start time,Recording start time UTC,Recording duration,Timeline name,Recording Fixation filter name,Recording software version,Recording resolution height,Recording resolution width,Recording monitor latency,Average calibration accuracy (mm),Average calibration precision SD (mm),Average calibration precision RMS (mm),Average calibration accuracy (degrees),Average calibration precision SD (degrees),Average calibration precision RMS (degrees),Average calibration accuracy (pixels),Average calibration precision SD (pixels),Average calibration precision RMS (pixels),Average validation accuracy (mm),Average validation precision SD (mm),Average validation precision RMS (mm),Average validation accuracy (degrees),Average validation precision SD (degrees),Average validation precision RMS (degrees),Average validation accuracy (pixels),Average validation precision SD (pixels),Average validation precision RMS (pixels),Eyetracker timestamp,Event,Event value,Gaze point X,Gaze point Y,Gaze point left X,Gaze point left Y,Gaze point right X,Gaze point right Y,Gaze direction left X,Gaze direction left Y,Gaze direction left Z,Gaze direction right X,Gaze direction right Y,Gaze direction right Z,Pupil diameter left,Pupil diameter right,Pupil diameter filtered,Eye openness left,Eye openness right,Eye openness filtered,Validity left,Validity right,Eye position left X (DACSmm),Eye position left Y (DACSmm),Eye position left Z (DACSmm),Eye position right X (DACSmm),Eye position right Y (DACSmm),Eye position right Z (DACSmm),Gaze point left X (DACSmm),Gaze point left Y (DACSmm),Gaze point right X (DACSmm),Gaze point right Y (DACSmm),Gaze point X (MCSnorm),Gaze point Y (MCSnorm),Gaze point left X (MCSnorm),Gaze point left Y (MCSnorm),Gaze point right X (MCSnorm),Gaze point right Y (MCSnorm),Presented Stimulus name,Presented Media name,Presented Media width,Presented Media height,Presented Media position X (DACSpx),Presented Media position Y (DACSpx),Original Media width,Original Media height,Eye movement type,Gaze event duration,Eye movement type index,Fixation point X,Fixation point Y,Fixation point X (MCSnorm),Fixation point Y (MCSnorm),Ungrouped,Client area position X (DACSpx),Client area position Y (DACSpx),Viewport position X,Viewport position Y,Viewport width,Viewport height,Full page width,Full page height,Mouse position X,Mouse position Y
493272477,512569132384,Eye Tracker,LipReading_BJ,10/21/2025,ZJ,Recording54,10/18/2025,10/18/2025,21:15:16.594,13:15:16.594,535262,Timeline1,Tobii I-VT (Fixation),1.241.54219,1080,1920,10.0,2.8,2.1,2.7,0.26,0.2,0.25,10,8,10,4.8,8.1,6.0,0.48,0.81,0.58,18,30,22,2625807513,,,956,698,963,692,949,705,0.0668,0.07716,-0.99478,-0.0637,0.07482,-0.99516,3.655,3.485,3.573,,,,Valid,Valid,226.4,146.4,552.6,295.6,150.7,560.8,263.5,189.3,259.7,192.8,0.4979,0.6464,0.5015,0.6403,0.4942,0.6524,Screen Recording,Screen Recording Recording54.mp4,1920,1080,0,0,960,540,Fixation,3464,1161,964,709,0.5023,0.6569,,,,,,,,,,,
493276477,512569136384,Eye Tracker,LipReading_BJ,10/21/2025,ZJ,Recording54,10/18/2025,10/18/2025,21:15:16.594,13:15:16.594,535262,Timeline1,Tobii I-VT (Fixation),1.241.54219,1080,1920,10.0,2.8,2.1,2.7,0.26,0.2,0.25,10,8,10,4.8,8.1,6.0,0.48,0.81,0.58,18,30,22,2625811513,,,953,693,962,685,944,701,0.06652,0.07413,-0.99503,-0.06604,0.07318,-0.99513,3.653,3.475,3.57,,,,Valid,Valid,226.4,146.4,552.6,295.6,150.7,560.8,263.4,187.6,258.3,191.9,0.4964,0.642,0.5012,0.6346,0.4917,0.6493,Screen Recording,Screen Recording Recording54.mp4,1920,1080,0,0,960,540,Fixation,3464,1161,964,709,0.5023,0.6569,,,,,,,,,,,
493280476,512569140383,Eye Tracker,LipReading_BJ,10/21/2025,ZJ,Recording54,10/18/2025,10/18/2025,21:15:16.594,13:15:16.594,535262,Timeline1,Tobii I-VT (Fixation),1.241.54219,1080,1920,10.0,2.8,2.1,2.7,0.26,0.2,0.25,10,8,10,4.8,8.1,6.0,0.48,0.81,0.58,18,30,22,2625815512,,,958,703,972,696,943,710,0.07129,0.07934,-0.9943,-0.06641,0.07749,-0.99478,3.67,3.506,3.576,,,,Valid,Valid,226.4,146.4,552.6,295.6,150.7,560.8,266.0,190.5,258.1,194.4,0.4988,0.6511,0.5063,0.6445,0.4913,0.6576,Screen Recording,Screen Recording Recording54.mp4,1920,1080,0,0,960,540,Fixation,3464,1161,964,709,0.5023,0.6569,,,,,,,,,,,
493284477,512569144384,Eye Tracker,LipReading_BJ,10/21/2025,ZJ,Recording54,10/18/2025,10/18/2025,21:15:16.594,13:15:16.594,535262,Timeline1,Tobii I-VT (Fixation),1.241.54219,1080,1920,10.0,2.8,2.1,2.7,0.26,0.2,0.25,10,8,10,4.8,8.1,6.0,0.48,0.81,0.58,18,30,22,2625819513,,,960,709,968,696,951,721,0.0694,0.07952,-0.99441,-0.0624,0.0828,-0.99461,3.666,3.485,3.585,,,,Valid,Valid,226.4,146.4,552.6,295.6,150.7,560.8,265.0,190.6,260.4,197.4,0.4999,0.6563,0.5043,0.6449,0.4955,0.6678,Screen Recording,Screen Recording Recording54.mp4,1920,1080,0,0,960,540,Fixation,3464,1161,964,709,0.5023,0.6569,,,,,,,,,,,
493288476,512569148383,Eye Tracker,LipReading_BJ,10/21/2025,ZJ,Recording54,10/18/2025,10/18/2025,21:15:16.594,13:15:16.594,535262,Timeline1,Tobii I-VT (Fixation),1.241.54219,1080,1920,10.0,2.8,2.1,2.7,0.26,0.2,0.25,10,8,10,4.8,8.1,6.0,0.48,0.81,0.58,18,30,22,2625823512,,,957,700,968,690,947,710,0.06909,0.07651,-0.99467,-0.06465,0.07728,-0.99491,3.679,3.5,3.586,,,,Valid,Valid,226.4,146.4,552.5,295.6,150.7,560.8,264.8,188.9,259.1,194.2,0.4986,0.6482,0.504,0.6392,0.4932,0.6572,Screen Recording,Screen Recording Recording54.mp4,1920,1080,0,0,960,540,Fixation,3464,1161,964,709,0.5023,0.6569,,,,,,,,,,,
493292477,512569152384,Eye Tracker,LipReading_BJ,10/21/2025,ZJ,Recording54,10/18/2025,10/18/2025,21:15:16.594,13:15:16.594,535262,Timeline1,Tobii I-VT (Fixation),1.241.54219,1080,1920,10.0,2.8,2.1,2.7,0.26,0.2,0.25,10,8,10,4.8,8.1,6.0,0.48,0.81,0.58,18,30,22,2625827513,,,957,700,964,689,951,711,0.06751,0.07559,-0.99485,-0.06285,0.07775,-0.99499,3.672,3.501,3.579,,,,Valid,Valid,226.4,146.4,552.5,295.6,150.7,560.8,263.9,188.4,260.1,194.5,0.4987,0.6478,0.5023,0.6375,0.4951,0.6581,Screen Recording,Screen Recording Recording54.mp4,1920,1080,0,0,960,540,Fixation,3464,1161,964,709,0.5023,0.6569,,,,,,,,,,,
493296477,512569156384,Eye Tracker,LipReading_BJ,10/21/2025,ZJ,Recording54,10/18/2025,10/18/2025,21:15:16.594,13:15:16.594,535262,Timeline1,Tobii I-VT (Fixation),1.241.54219,1080,1920,10.0,2.8,2.1,2.7,0.26,0.2,0.25,10,8,10,4.8,8.1,6.0,0.48,0.81,0.58,18,30,22,2625831513,,,961,699,968,687,954,712,0.06927,0.07488,-0.99478,-0.06133,0.0781,-0.99506,3.677,3.478,3.578,,,,Valid,Valid,226.4,146.4,552.5,295.6,150.7,560.8,264.9,188.0,261.0,194.7,0.5004,0.6475,0.5041,0.6362,0.4967,0.6588,Screen Recording,Screen Recording Recording54.mp4,1920,1080,0,0,960,540,Fixation,3464,1161,964,709,0.5023,0.6569,,,,,,,,,,,
493300476,512569160383,Eye Tracker,LipReading_BJ,10/21/2025,ZJ,Recording54,10/18/2025,10/18/2025,21:15:16.594,13:15:16.594,535262,Timeline1,Tobii I-VT (Fixation),1.241.54219,1080,1920,10.0,2.8,2.1,2.7,0.26,0.2,0.25,10,8,10,4.8,8.1,6.0,0.48,0.81,0.58,18,30,22,2625835512,,,960,706,970,690,949,722,0.07049,0.07629,-0.99459,-0.06349,0.08327,-0.9945,3.645,3.479,3.574,,,,Valid,Valid,226.4,146.4,552.5,295.6,150.7,560.8,265.6,188.8,259.8,197.7,0.4999,0.6538,0.5055,0.6389,0.4944,0.6688,Screen Recording,Screen Recording Recording54.mp4,1920,1080,0,0,960,540,Fixation,3464,1161,964,709,0.5023,0.6569,,,,,,,,,,,
493304477,512569164384,Eye Tracker,LipReading_BJ,10/21/2025,ZJ,Recording54,10/18/2025,10/18/2025,21:15:16.594,13:15:16.594,535262,Timeline1,Tobii I-VT (Fixation),1.241.54219,1080,1920,10.0,2.8,2.1,2.7,0.26,0.2,0.25,10,8,10,4.8,8.1,6.0,0.48,0.81,0.58,18,30,22,2625839513,,,958,701,969,691,946,712,0.07,0.07656,-0.9946,-0.06522,0.07835,-0.99479,3.649,3.485,3.571,,,,Valid,Valid,226.4,146.5,552.5,295.6,150.7,560.8,265.3,189.0,258.8,194.9,0.4987,0.6494,0.5049,0.6394,0.4926,0.6593,Screen Recording,Screen Recording Recording54.mp4,1920,1080,0,0,960,540,Fixation,3464,1161,964,709,0.5023,0.6569,,,,,,,,,,,
493308476,512569168383,Eye Tracker,LipReading_BJ,10/21/2025,ZJ,Recording54,10/18/2025,10/18/2025,21:15:16.594,13:15:16.594,535262,Timeline1,Tobii I-VT (Fixation),1.241.54219,1080,1920,10.0,2.8,2.1,2.7,0.26,0.2,0.25,10,8,10,4.8,8.1,6.0,0.48,0.81,0.58,18,30,22,2625843512,,,957,710,965,698,949,723,0.0677,0.07999,-0.99449,-0.06337,0.08365,-0.99448,3.664,3.497,3.574,,,,Valid,Valid,226.4,146.5,552.5,295.6,150.7,560.8,264.0,190.9,259.8,197.9,0.4985,0.6577,0.5025,0.6459,0.4945,0.6695,Screen Recording,Screen Recording Recording54.mp4,1920,1080,0,0,960,540,Fixation,3464,1161,964,709,0.5023,0.6569,,,,,,,,,,,
493312477,512569172384,Eye Tracker,LipReading_BJ,10/21/2025,ZJ,Recording54,10/18/2025,10/18/2025,21:15:16.594,13:15:16.594,535262,Timeline1,Tobii I-VT (Fixation),1.241.54219,1080,1920,10.0,2.8,2.1,2.7,0.26,0.2,0.25,10,8,10,4.8,8.1,6.0,0.48,0.81,0.58,18,30,22,2625847513,,,956,702,965,687,947,718,0.06785,0.07474,-0.99489,-0.06447,0.08103,-0.99462,3.657,3.511,3.58,,,,Valid,Valid,226.4,146.5,552.5,295.6,150.7,560.8,264.1,188.0,259.2,196.4,0.498,0.6503,0.5027,0.636,0.4934,0.6645,Screen Recording,Screen Recording Recording54.mp4,1920,1080,0,0,960,540,Fixation,3464,1161,964,709,0.5023,0.6569,,,,,,,,,,,
493316477,512569176384,Eye Tracker,LipReading_BJ,10/21/2025,ZJ,Recording54,10/18/2025,10/18/2025,21:15:16.594,13:15:16.594,535262,Timeline1,Tobii I-VT (Fixation),1.241.54219,1080,1920,10.0,2.8,2.1,2.7,0.26,0.2,0.25,10,8,10,4.8,8.1,6.0,0.48,0.81,0.58,18,30,22,2625851513,,,956,708,961,693,950,724,0.06583,0.07758,-0.99481,-0.06306,0.08395,-0.99447,3.691,3.491,3.589,,,,Valid,Valid,226.4,146.5,552.5,295.6,150.7,560.7,263.0,189.6,260.0,198.1,0.4977,0.6557,0.5005,0.6414,0.4949,0.6701,Screen Recording,Screen Recording Recording54.mp4,1920,1080,0,0,960,540,Fixation,3464,1161,964,709,0.5023,0.6569,,,,,,,,,,,
493320476,512569180383,Eye Tracker,LipReading_BJ,10/21/2025,ZJ,Recording54,10/18/2025,10/18/2025,21:15:16.594,13:15:16.594,535262,Timeline1,Tobii I-VT (Fixation),1.241.54219,1080,1920,10.0,2.8,2.1,2.7,0.26,0.2,0.25,10,8,10,4.8,8.1,6.0,0.48,0.81,0.58,18,30,22,2625855512,,,956,711,969,697,944,725,0.06969,0.07954,-0.99439,-0.06616,0.08432,-0.99424,3.689,3.507,3.589,,,,Valid,Valid,226.4,146.5,552.4,295.6,150.7,560.7,265.2,190.7,258.3,198.3,0.4981,0.658,0.5046,0.6452,0.4915,0.6709,Screen Recording,Screen Recording Recording54.mp4,1920,1080,0,0,960,540,Fixation,3464,1161,964,709,0.5023,0.6569,,,,,,,,,,,
493324477,512569184384,Eye Tracker,LipReading_BJ,10/21/2025,ZJ,Recording54,10/18/2025,10/18/2025,21:15:16.594,13:15:16.594,535262,Timeline1,Tobii I-VT (Fixation),1.241.54219,1080,1920,10.0,2.8,2.1,2.7,0.26,0.2,0.25,10,8,10,4.8,8.1,6.0,0.48,0.81,0.58,18,30,22,2625859513,,,960,706,965,690,955,723,0.0677,0.07605,-0.9948,-0.06091,0.08376,-0.99462,3.681,3.498,3.586,,,,Valid,Valid,226.5,146.5,552.4,295.6,150.7,560.8,264.0,188.7,261.3,198.0,0.4999,0.6542,0.5025,0.6386,0.4972,0.6698,Screen Recording,Screen Recording Recording54.mp4,1920,1080,0,0,960,540,Fixation,3464,1161,964,709,0.5023,0.6569,,,,,,,,,,,
493328476,512569188383,Eye Tracker,LipReading_BJ,10/21/2025,ZJ,Recording54,10/18/2025,10/18/2025,21:15:16.594,13:15:16.594,535262,Timeline1,Tobii I-VT (Fixation),1.241.54219,1080,1920,10.0,2.8,2.1,2.7,0.26,0.2,0.25,10,8,10,4.8,8.1,6.0,0.48,0.81,0.58,18,30,22,2625863512,,,957,702,965,685,948,720,0.06794,0.07365,-0.99497,-0.06407,0.08192,-0.99458,3.663,3.487,3.582,,,,Valid,Valid,226.5,146.5,552.4,295.6,150.7,560.8,264.2,187.4,259.5,196.9,0.4983,0.6502,0.5028,0.6341,0.4938,0.6663,Screen Recording,Screen Recording Recording54.mp4,1920,1080,0,0,960,540,Fixation,3464,1161,964,709,0.5023,0.6569,,,,,,,,,,,
493332477,512569192384,Eye Tracker,LipReading_BJ,10/21/2025,ZJ,Recording54,10/18/2025,10/18/2025,21:15:16.594,13:15:16.594,535262,Timeline1,Tobii I-VT (Fixation),1.241.54219,1080,1920,10.0,2.8,2.1,2.7,0.26,0.2,0.25,10,8,10,4.8,8.1,6.0,0.48,0.81,0.58,18,30,22,2625867513,,,959,705,968,690,950,720,0.06917,0.07627,-0.99469,-0.06314,0.08204,-0.99463,3.666,3.488,3.579,,,,Valid,Valid,226.5,146.5,552.4,295.6,150.7,560.8,264.9,188.9,260.0,197.0,0.4994,0.6528,0.5041,0.639,0.4948,0.6665,Screen Recording,Screen Recording Recording54.mp4,1920,1080,0,0,960,540,Fixation,3464,1161,964,709,0.5023,0.6569,,,,,,,,,,,
493336477,512569196384,Eye Tracker,LipReading_BJ,10/21/2025,ZJ,Recording54,10/18/2025,10/18/2025,21:15:16.594,13:15:16.594,535262,Timeline1,Tobii I-VT (Fixation),1.241.54219,1080,1920,10.0,2.8,2.1,2.7,0.26,0.2,0.25,10,8,10,4.8,8.1,6.0,0.48,0.81,0.58,18,30,22,2625871513,,,961,708,972,683,951,732,0.071,0.0729,-0.99481,-0.06266,0.08779,-0.99417,3.677,3.487,3.579,,,,Valid,Valid,226.5,146.5,552.4,295.6,150.8,560.7,265.9,187.0,260.3,200.3,0.5007,0.6552,0.506,0.6327,0.4953,0.6776,Screen Recording,Screen Recording Recording54.mp4,1920,1080,0,0,960,540,Fixation,3464,1161,964,709,0.5023,0.6569,,,,,,,,,,,
493340476,512569200383,Eye Tracker,LipReading_BJ,10/21/2025,ZJ,Recording54,10/18/2025,10/18/2025,21:15:16.594,13:15:16.594,535262,Timeline1,Tobii I-VT (Fixation),1.241.54219,1080,1920,10.0,2.8,2.1,2.7,0.26,0.2,0.25,10,8,10,4.8,8.1,6.0,0.48,0.81,0.58,18,30,22,2625875512,,,955,705,961,695,948,715,0.06597,0.07844,-0.99473,-0.06411,0.07948,-0.99477,3.67,3.516,3.582,,,,Valid,Valid,226.5,146.5,552.4,295.6,150.8,560.7,263.1,190.1,259.5,195.6,0.4973,0.6524,0.5007,0.6431,0.4938,0.6617,Screen Recording,Screen Recording Recording54.mp4,1920,1080,0,0,960,540,Fixation,3464,1161,964,709,0.5023,0.6569,,,,,,,,,,,
493344477,512569204384,Eye Tracker,LipReading_BJ,10/21/2025,ZJ,Recording54,10/18/2025,10/18/2025,21:15:16.594,13:15:16.594,535262,Timeline1,Tobii I-VT (Fixation),1.241.54219,1080,1920,10.0,2.8,2.1,2.7,0.26,0.2,0.25,10,8,10,4.8,8.1,6.0,0.48,0.81,0.58,18,30,22,2625879513,,,960,706,969,689,951,724,0.06989,0.07555,-0.99469,-0.06254,0.08408,-0.99449,3.675,3.492,3.585,,,,Valid,Valid,226.5,146.5,552.4,295.6,150.8,560.7,265.3,188.5,260.3,198.2,0.5002,0.6541,0.5049,0.6377,0.4955,0.6705,Screen Recording,Screen Recording Recording54.mp4,1920,1080,0,0,960,540,Fixation,3464,1161,964,709,0.5023,0.6569,,,,,,,,,,,
493348476,512569208383,Eye Tracker,LipReading_BJ,10/21/2025,ZJ,Recording54,10/18/2025,10/18/2025,21:15:16.594,13:15:16.594,535262,Timeline1,Tobii I-VT (Fixation),1.241.54219,1080,1920,10.0,2.8,2.1,2.7,0.26,0.2,0.25,10,8,10,4.8,8.1,6.0,0.48,0.81,0.58,18,30,22,2625883512,,,955,703,962,688,948,717,0.0665,0.07528,-0.99494,-0.06438,0.08065,-0.99466,3.699,3.486,3.597,,,,Valid,Valid,226.5,146.5,552.4,295.6,150.8,560.7,263.4,188.3,259.3,196.2,0.4974,0.6506,0.5013,0.6372,0.4935,0.664,Screen Recording,Screen Recording Recording54.mp4,1920,1080,0,0,960,540,Fixation,3464,1161,964,709,0.5023,0.6569,,,,,,,,,,,
493352477,512569212384,Eye Tracker,LipReading_BJ,10/21/2025,ZJ,Recording54,10/18/2025,10/18/2025,21:15:16.594,13:15:16.594,535262,Timeline1,Tobii I-VT (Fixation),1.241.54219,1080,1920,10.0,2.8,2.1,2.7,0.26,0.2,0.25,10,8,10,4.8,8.1,6.0,0.48,0.81,0.58,18,30,22,2625887513,,,959,708,966,686,952,730,0.06802,0.07424,-0.99492,-0.06208,0.0867,-0.9943,3.703,3.511,3.597,,,,Valid,Valid,226.5,146.6,552.3,295.6,150.8,560.7,264.2,187.8,260.6,199.7,0.4994,0.6554,0.5029,0.6353,0.496,0.6756,Screen Recording,Screen Recording Recording54.mp4,1920,1080,0,0,960,540,Fixation,3464,1161,964,709,0.5023,0.6569,,,,,,,,,,,
493356478,512569216385,Eye Tracker,LipReading_BJ,10/21/2025,ZJ,Recording54,10/18/2025,10/18/2025,21:15:16.594,13:15:16.594,535262,Timeline1,Tobii I-VT (Fixation),1.241.54219,1080,1920,10.0,2.8,2.1,2.7,0.26,0.2,0.25,10,8,10,4.8,8.1,6.0,0.48,0.81,0.58,18,30,22,2625891514,,,959,709,970,693,947,725,0.07012,0.0777,-0.99451,-0.0644,0.08425,-0.99436,3.699,3.494,3.603,,,,Valid,Valid,226.5,146.5,552.4,295.6,150.8,560.7,265.4,189.7,259.3,198.3,0.4993,0.6564,0.5051,0.6418,0.4935,0.6709,Screen Recording,Screen Recording Recording54.mp4,1920,1080,0,0,960,540,Fixation,3464,1161,964,709,0.5023,0.6569,,,,,,,,,,,
493360477,512569220384,Eye Tracker,LipReading_BJ,10/21/2025,ZJ,Recording54,10/18/2025,10/18/2025,21:15:16.594,13:15:16.594,535262,Timeline1,Tobii I-VT (Fixation),1.241.54219,1080,1920,10.0,2.8,2.1,2.7,0.26,0.2,0.25,10,8,10,4.8,8.1,6.0,0.48,0.81,0.58,18,30,22,2625895513,,,960,706,969,681,950,730,0.06997,0.07187,-0.99496,-0.06336,0.0868,-0.99421,3.683,3.508,3.605,,,,Valid,Valid,226.5,146.6,552.4,295.6,150.8,560.6,265.3,186.5,259.9,199.8,0.4998,0.6533,0.5049,0.6308,0.4946,0.6758,Screen Recording,Screen Recording Recording54.mp4,1920,1080,0,0,960,540,Fixation,3464,1161,964,709,0.5023,0.6569,,,,,,,,,,,
493364478,512569224385,Eye Tracker,LipReading_BJ,10/21/2025,ZJ,Recording54,10/18/2025,10/18/2025,21:15:16.594,13:15:16.594,535262,Timeline1,Tobii I-VT (Fixation),1.241.54219,1080,1920,10.0,2.8,2.1,2.7,0.26,0.2,0.25,10,8,10,4.8,8.1,6.0,0.48,0.81,0.58,18,30,22,2625899514,,,956,709,965,692,947,727,0.06797,0.07702,-0.99471,-0.0648,0.08524,-0.99425,3.703,3.521,3.603,,,,Valid,Valid,226.5,146.6,552.3,295.6,150.8,560.6,264.2,189.3,259.1,198.9,0.498,0.6567,0.5029,0.6406,0.4931,0.6729,Screen Recording,Screen Recording Recording54.mp4,1920,1080,0,0,960,540,Fixation,3464,1161,964,709,0.5023,0.6569,,,,,,,,,,,
493368476,512569228383,Eye Tracker,LipReading_BJ,10/21/2025,ZJ,Recording54,10/18/2025,10/18/2025,21:15:16.594,13:15:16.594,535262,Timeline1,Tobii I-VT (Fixation),1.241.54219,1080,1920,10.0,2.8,2.1,2.7,0.26,0.2,0.25,10,8,10,4.8,8.1,6.0,0.48,0.81,0.58,18,30,22,2625903513,,,959,712,971,697,947,727,0.07086,0.07949,-0.99431,-0.06444,0.08558,-0.99425,3.712,3.496,3.603,,,,Valid,Valid,226.5,146.6,552.3,295.6,150.8,560.6,265.8,190.7,259.3,199.1,0.4997,0.6594,0.5059,0.6453,0.4935,0.6736,Screen Recording,Screen Recording Recording54.mp4,1920,1080,0,0,960,540,Fixation,3464,1161,964,709,0.5023,0.6569,,,,,,,,,,,
493372477,512569232384,Eye Tracker,LipReading_BJ,10/21/2025,ZJ,Recording54,10/18/2025,10/18/2025,21:15:16.594,13:15:16.594,535262,Timeline1,Tobii I-VT (Fixation),1.241.54219,1080,1920,10.0,2.8,2.1,2.7,0.26,0.2,0.25,10,8,10,4.8,8.1,6.0,0.48,0.81,0.58,18,30,22,2625907514,,,960,703,972,676,948,730,0.07098,0.06915,-0.99508,-0.06395,0.08691,-0.99416,3.673,3.536,3.605,,,,Valid,Valid,226.5,146.6,552.3,295.6,150.8,560.6,265.9,185.0,259.6,199.8,0.5,0.651,0.506,0.6258,0.494,0.6762,Screen Recording,Screen Recording Recording54.mp4,1920,1080,0,0,960,540,Fixation,3464,1161,964,709,0.5023,0.6569,,,,,,,,,,,
493376477,512569236384,Eye Tracker,LipReading_BJ,10/21/2025,ZJ,Recording54,10/18/2025,10/18/2025,21:15:16.594,13:15:16.594,535262,Timeline1,Tobii I-VT (Fixation),1.241.54219,1080,1920,10.0,2.8,2.1,2.7,0.26,0.2,0.25,10,8,10,4.8,8.1,6.0,0.48,0.81,0.58,18,30,22,2625911514,,,958,703,967,690,949,716,0.06852,0.07606,-0.99475,-0.06383,0.08002,-0.99475,3.687,3.519,3.604,,,,Valid,Valid,226.5,146.6,552.3,295.6,150.8,560.6,264.5,188.8,259.7,195.9,0.4988,0.6509,0.5034,0.6389,0.4942,0.6629,Screen Recording,Screen Recording Recording54.mp4,1920,1080,0,0,960,540,Fixation,3464,1161,964,709,0.5023,0.6569,,,,,,,,,,,
493380476,512569240383,Eye Tracker,LipReading_BJ,10/21/2025,ZJ,Recording54,10/18/2025,10/18/2025,21:15:16.594,13:15:16.594,535262,Timeline1,Tobii I-VT (Fixation),1.241.54219,1080,1920,10.0,2.8,2.1,2.7,0.26,0.2,0.25,10,8,10,4.8,8.1,6.0,0.48,0.81,0.58,18,30,22,2625915513,,,959,703,968,689,950,717,0.06901,0.07578,-0.99473,-0.06327,0.08062,-0.99473,3.691,3.502,3.603,,,,Valid,Valid,226.5,146.6,552.3,295.6,150.9,560.6,264.8,188.7,260.0,196.3,0.4994,0.6512,0.504,0.6384,0.4948,0.6641,Screen Recording,Screen Recording Recording54.mp4,1920,1080,0,0,960,540,Fixation,3464,1161,964,709,0.5023,0.6569,,,,,,,,,,,
493384477,512569244384,Eye Tracker,LipReading_BJ,10/21/2025,ZJ,Recording54,10/18/2025,10/18/2025,21:15:16.594,13:15:16.594,535262,Timeline1,Tobii I-VT (Fixation),1.241.54219,1080,1920,10.0,2.8,2.1,2.7,0.26,0.2,0.25,10,8,10,4.8,8.1,6.0,0.48,0.81,0.58,18,30,22,2625919514,,,959,706,968,687,950,726,0.06937,0.0745,-0.99481,-0.06318,0.08476,-0.9944,3.692,3.517,3.603,,,,Valid,Valid,226.5,146.6,552.3,295.6,150.9,560.6,265.0,188.0,260.0,198.7,0.4996,0.6541,0.5043,0.636,0.4948,0.6721,Screen Recording,Screen Recording Recording54.mp4,1920,1080,0,0,960,540,Fixation,3464,1161,964,709,0.5023,0.6569,,,,,,,,,,,
493388476,512569248383,Eye Tracker,LipReading_BJ,10/21/2025,ZJ,Recording54,10/18/2025,10/18/2025,21:15:16.594,13:15:16.594,535262,Timeline1,Tobii I-VT (Fixation),1.241.54219,1080,1920,10.0,2.8,2.1,2.7,0.26,0.2,0.25,10,8,10,4.8,8.1,6.0,0.48,0.81,0.58,18,30,22,2625923513,,,959,703,968,688,951,717,0.06902,0.07503,-0.99479,-0.06262,0.08053,-0.99478,3.68,3.523,3.607,,,,Valid,Valid,226.5,146.6,552.3,295.6,150.9,560.6,264.8,188.3,260.3,196.3,0.4997,0.6505,0.504,0.637,0.4955,0.664,Screen Recording,Screen Recording Recording54.mp4,1920,1080,0,0,960,540,Fixation,3464,1161,964,709,0.5023,0.6569,,,,,,,,,,,
493392477,512569252384,Eye Tracker,LipReading_BJ,10/21/2025,ZJ,Recording54,10/18/2025,10/18/2025,21:15:16.594,13:15:16.594,535262,Timeline1,Tobii I-VT (Fixation),1.241.54219,1080,1920,10.0,2.8,2.1,2.7,0.26,0.2,0.25,10,8,10,4.8,8.1,6.0,0.48,0.81,0.58,18,30,22,2625927514,,,955,698,968,679,943,717,0.06904,0.07043,-0.99512,-0.06648,0.08054,-0.99453,3.679,3.535,3.608,,,,Valid,Valid,226.5,146.6,552.3,295.6,150.9,560.6,264.8,185.7,258.2,196.3,0.4976,0.6463,0.504,0.6284,0.4913,0.6641,Screen Recording,Screen Recording Recording54.mp4,1920,1080,0,0,960,540,Fixation,3464,1161,964,709,0.5023,0.6569,,,,,,,,,,,
493396477,512569256384,Eye Tracker,LipReading_BJ,10/21/2025,ZJ,Recording54,10/18/2025,10/18/2025,21:15:16.594,13:15:16.594,535262,Timeline1,Tobii I-VT (Fixation),1.241.54219,1080,1920,10.0,2.8,2.1,2.7,0.26,0.2,0.25,10,8,10,4.8,8.1,6.0,0.48,0.81,0.58,18,30,22,2625931514,,,955,700,961,680,948,720,0.06601,0.07105,-0.99529,-0.06405,0.08164,-0.9946,3.707,3.525,3.603,,,,Valid,Valid,226.5,146.6,552.3,295.6,150.9,560.6,263.1,186.1,259.5,196.9,0.4973,0.6479,0.5008,0.6296,0.4939,0.6662,Screen Recording,Screen Recording Recording54.mp4,1920,1080,0,0,960,540,Fixation,3464,1161,964,709,0.5023,0.6569,,,,,,,,,,,
493400476,512569260383,Eye Tracker,LipReading_BJ,10/21/2025,ZJ,Recording54,10/18/2025,10/18/2025,21:15:16.594,13:15:16.594,535262,Timeline1,Tobii I-VT (Fixation),1.241.54219,1080,1920,10.0,2.8,2.1,2.7,0.26,0.2,0.25,10,8,10,4.8,8.1,6.0,0.48,0.81,0.58,18,30,22,2625935513,,,963,702,967,685,960,718,0.0689,0.07331,-0.99493,-0.05859,0.08114,-0.99498,3.709,3.504,3.616,,,,Valid,Valid,226.5,146.7,552.3,295.6,150.9,560.6,264.7,187.3,262.6,196.6,0.5018,0.6495,0.5038,0.6339,0.4998,0.6652,Screen Recording,Screen Recording Recording54.mp4,1920,1080,0,0,960,540,Fixation,3464,1161,964,709,0.5023,0.6569,,,,,,,,,,,
493404477,512569264384,Eye Tracker,LipReading_BJ,10/21/2025,ZJ,Recording54,10/18/2025,10/18/2025,21:15:16.594,13:15:16.594,535262,Timeline1,Tobii I-VT (Fixation),1.241.54219,1080,1920,10.0,2.8,2.1,2.7,0.26,0.2,0.25,10,8,10,4.8,8.1,6.0,0.48,0.81,0.58,18,30,22,2625939514,,,961,703,967,690,955,716,0.06866,0.07595,-0.99474,-0.06106,0.07983,-0.99494,3.683,3.523,3.616,,,,Valid,Valid,226.5,146.7,552.2,295.6,150.9,560.6,264.6,188.8,261.2,195.9,0.5004,0.6508,0.5036,0.6389,0.4972,0.6628,Screen Recording,Screen Recording Recording54.mp4,1920,1080,0,0,960,540,Fixation,3464,1161,964,709,0.5023,0.6569,,,,,,,,,,,
493408476,512569268383,Eye Tracker,LipReading_BJ,10/21/2025,ZJ,Recording54,10/18/2025,10/18/2025,21:15:16.594,13:15:16.594,535262,Timeline1,Tobii I-VT (Fixation),1.241.54219,1080,1920,10.0,2.8,2.1,2.7,0.26,0.2,0.25,10,8,10,4.8,8.1,6.0,0.48,0.81,0.58,18,30,22,2625943513,,,959,700,968,687,951,714,0.06901,0.07438,-0.99484,-0.06272,0.07886,-0.99491,3.71,3.541,3.61,,,,Valid,Valid,226.5,146.7,552.2,295.6,150.9,560.6,264.8,188.0,260.3,195.4,0.4997,0.6485,0.504,0.636,0.4954,0.661,Screen Recording,Screen Recording Recording54.mp4,1920,1080,0,0,960,540,Fixation,3464,1161,964,709,0.5023,0.6569,,,,,,,,,,,
493412478,512569272385,Eye Tracker,LipReading_BJ,10/21/2025,ZJ,Recording54,10/18/2025,10/18/2025,21:15:16.594,13:15:16.594,535262,Timeline1,Tobii I-VT (Fixation),1.241.54219,1080,1920,10.0,2.8,2.1,2.7,0.26,0.2,0.25,10,8,10,4.8,8.1,6.0,0.48,0.81,0.58,18,30,22,2625947515,,,959,706,970,693,948,719,0.07028,0.07715,-0.99454,-0.06427,0.08127,-0.99462,3.688,3.538,3.608,,,,Valid,Valid,226.5,146.7,552.2,295.6,150.9,560.6,265.5,189.5,259.4,196.7,0.4995,0.6534,0.5053,0.6412,0.4937,0.6657,Screen Recording,Screen Recording Recording54.mp4,1920,1080,0,0,960,540,Fixation,3464,1161,964,709,0.5023,0.6569,,,,,,,,,,,
493416478,512569276385,Eye Tracker,LipReading_BJ,10/21/2025,ZJ,Recording54,10/18/2025,10/18/2025,21:15:16.594,13:15:16.594,535262,Timeline1,Tobii I-VT (Fixation),1.241.54219,1080,1920,10.0,2.8,2.1,2.7,0.26,0.2,0.25,10,8,10,4.8,8.1,6.0,0.48,0.81,0.58,18,30,22,2625951515,,,966,704,976,686,956,722,0.07333,0.0741,-0.99455,-0.06014,0.0826,-0.99477,3.696,3.524,3.614,,,,Valid,Valid,226.5,146.7,552.2,295.6,150.9,560.6,267.2,187.8,261.7,197.5,0.5033,0.6519,0.5085,0.6355,0.4981,0.6682,Screen Recording,Screen Recording Recording54.mp4,1920,1080,0,0,960,540,Fixation,3464,1161,964,709,0.5023,0.6569,,,,,,,,,,,
493420477,512569280384,Eye Tracker,LipReading_BJ,10/21/2025,ZJ,Recording54,10/18/2025,10/18/2025,21:15:16.594,13:15:16.594,535262,Timeline1,Tobii I-VT (Fixation),1.241.54219,1080,1920,10.0,2.8,2.1,2.7,0.26,0.2,0.25,10,8,10,4.8,8.1,6.0,0.48,0.81,0.58,18,30,22,2625955514,,,960,704,968,690,952,719,0.06945,0.07575,-0.99471,-0.06233,0.08139,-0.99473,3.693,3.523,3.614,,,,Valid,Valid,226.5,146.7,552.2,295.6,151.0,560.5,265.0,188.8,260.5,196.8,0.5001,0.6523,0.5044,0.6386,0.4958,0.6659,Screen Recording,Screen Recording Recording54.mp4,1920,1080,0,0,960,540,Fixation,3464,1161,964,709,0.5023,0.6569,,,,,,,,,,,
493424477,512569284384,Eye Tracker,LipReading_BJ,10/21/2025,ZJ,Recording54,10/18/2025,10/18/2025,21:15:16.594,13:15:16.594,535262,Timeline1,Tobii I-VT (Fixation),1.241.54219,1080,1920,10.0,2.8,2.1,2.7,0.26,0.2,0.25,10,8,10,4.8,8.1,6.0,0.48,0.81,0.58,18,30,22,2625959514,,,961,704,968,683,954,725,0.06936,0.07246,-0.99496,-0.06125,0.08421,-0.99456,3.688,3.536,3.609,,,,Valid,Valid,226.5,146.7,552.2,295.6,151.0,560.5,265.0,186.9,261.1,198.4,0.5006,0.6519,0.5043,0.6324,0.4969,0.6714,Screen Recording,Screen Recording Recording54.mp4,1920,1080,0,0,960,540,Fixation,3464,1161,964,709,0.5023,0.6569,,,,,,,,,,,
493428476,512569288383,Eye Tracker,LipReading_BJ,10/21/2025,ZJ,Recording54,10/18/2025,10/18/2025,21:15:16.594,13:15:16.594,535262,Timeline1,Tobii I-VT (Fixation),1.241.54219,1080,1920,10.0,2.8,2.1,2.7,0.26,0.2,0.25,10,8,10,4.8,8.1,6.0,0.48,0.81,0.58,18,30,22,2625963513,,,959,700,970,681,949,719,0.07,0.07129,-0.995,-0.06364,0.08109,-0.99467,3.71,3.548,3.611,,,,Valid,Valid,226.5,146.7,552.2,295.6,151.0,560.6,265.3,186.3,259.8,196.7,0.4997,0.6478,0.505,0.6303,0.4944,0.6654,Screen Recording,Screen Recording Recording54.mp4,1920,1080,0,0,960,540,Fixation,3464,1161,964,709,0.5023,0.6569,,,,,,,,,,,
493432477,512569292384,Eye Tracker,LipReading_BJ,10/21/2025,ZJ,Recording54,10/18/2025,10/18/2025,21:15:16.594,13:15:16.594,535262,Timeline1,Tobii I-VT (Fixation),1.241.54219,1080,1920,10.0,2.8,2.1,2.7,0.26,0.2,0.25,10,8,10,4.8,8.1,6.0,0.48,0.81,0.58,18,30,22,2625967514,,,961,707,970,691,952,723,0.0701,0.07651,-0.9946,-0.06239,0.08321,-0.99458,3.695,3.521,3.615,,,,Valid,Valid,226.5,146.7,552.2,295.6,151.0,560.5,265.4,189.2,260.5,197.9,0.5004,0.6548,0.5051,0.6401,0.4957,0.6695,Screen Recording,Screen Recording Recording54.mp4,1920,1080,0,0,960,540,Fixation,3464,1161,964,709,0.5023,0.6569,,,,,,,,,,,
493436477,512569296384,Eye Tracker,LipReading_BJ,10/21/2025,ZJ,Recording54,10/18/2025,10/18/2025,21:15:16.594,13:15:16.594,535262,Timeline1,Tobii I-VT (Fixation),1.241.54219,1080,1920,10.0,2.8,2.1,2.7,0.26,0.2,0.25,10,8,10,4.8,8.1,6.0,0.48,0.81,0.58,18,30,22,2625971514,,,959,704,970,681,947,726,0.07015,0.07135,-0.99498,-0.06449,0.08469,-0.99432,3.676,3.53,3.621,,,,Valid,Valid,226.5,146.7,552.2,295.6,151.0,560.5,265.4,186.3,259.3,198.7,0.4993,0.6514,0.5051,0.6304,0.4934,0.6724,Screen Recording,Screen Recording Recording54.mp4,1920,1080,0,0,960,540,Fixation,3464,1161,964,709,0.5023,0.6569,,,,,,,,,,,
493440476,512569300383,Eye Tracker,LipReading_BJ,10/21/2025,ZJ,Recording54,10/18/2025,10/18/2025,21:15:16.594,13:15:16.594,535262,Timeline1,Tobii I-VT (Fixation),1.241.54219,1080,1920,10.0,2.8,2.1,2.7,0.26,0.2,0.25,10,8,10,4.8,8.1,6.0,0.48,0.81,0.58,18,30,22,2625975513,,,962,713,974,696,950,731,0.07214,0.07867,-0.99429,-0.06334,0.08687,-0.9942,3.706,3.551,3.62,,,,Valid,Valid,226.5,146.7,552.2,295.6,151.0,560.5,266.5,190.4,259.9,200.0,0.501,0.6605,0.5073,0.6443,0.4946,0.6766,Screen Recording,Screen Recording Recording54.mp4,1920,1080,0,0,960,540,Fixation,3464,1161,964,709,0.5023,0.6569,,,,,,,,,,,
493444477,512569304384,Eye Tracker,LipReading_BJ,10/21/2025,ZJ,Recording54,10/18/2025,10/18/2025,21:15:16.594,13:15:16.594,535262,Timeline1,Tobii I-VT (Fixation),1.241.54219,1080,1920,10.0,2.8,2.1,2.7,0.26,0.2,0.25,10,8,10,4.8,8.1,6.0,0.48,0.81,0.58,18,30,22,2625979514,,,959,708,966,687,952,729,0.06824,0.07458,-0.99488,-0.06224,0.086,-0.99435,3.683,3.547,3.623,,,,Valid,Valid,226.5,146.8,552.2,295.6,151.0,560.5,264.4,188.1,260.5,199.5,0.4995,0.6558,0.5031,0.6366,0.4958,0.6749,Screen Recording,Screen Recording Recording54.mp4,1920,1080,0,0,960,540,Fixation,3464,1161,964,709,0.5023,0.6569,,,,,,,,,,,
493448476,512569308383,Eye Tracker,LipReading_BJ,10/21/2025,ZJ,Recording54,10/18/2025,10/18/2025,21:15:16.594,13:15:16.594,535262,Timeline1,Tobii I-VT (Fixation),1.241.54219,1080,1920,10.0,2.8,2.1,2.7,0.26,0.2,0.25,10,8,10,4.8,8.1,6.0,0.48,0.81,0.58,18,30,22,2625983513,,,958,712,969,699,947,725,0.06981,0.08043,-0.99431,-0.06483,0.08391,-0.99436,3.7,3.545,3.627,,,,Valid,Valid,226.5,146.7,552.2,295.6,151.0,560.5,265.2,191.4,259.1,198.3,0.4989,0.6593,0.5048,0.6476,0.4931,0.671,Screen Recording,Screen Recording Recording54.mp4,1920,1080,0,0,960,540,Fixation,3464,1161,964,709,0.5023,0.6569,,,,,,,,,,,
493452477,512569312384,Eye Tracker,LipReading_BJ,10/21/2025,ZJ,Recording54,10/18/2025,10/18/2025,21:15:16.594,13:15:16.594,535262,Timeline1,Tobii I-VT (Fixation),1.241.54219,1080,1920,10.0,2.8,2.1,2.7,0.26,0.2,0.25,10,8,10,4.8,8.1,6.0,0.48,0.81,0.58,18,30,22,2625987514,,,957,711,968,689,947,733,0.06938,0.07533,-0.99474,-0.06482,0.08774,-0.99403,3.711,3.557,3.626,,,,Valid,Valid,226.5,146.8,552.2,295.6,151.0,560.5,265.0,188.6,259.1,200.5,0.4987,0.6582,0.5043,0.638,0.493,0.6783,Screen Recording,Screen Recording Recording54.mp4,1920,1080,0,0,960,540,Fixation,3464,1161,964,709,0.5023,0.6569,,,,,,,,,,,
493456477,512569316384,Eye Tracker,LipReading_BJ,10/21/2025,ZJ,Recording54,10/18/2025,10/18/2025,21:15:16.594,13:15:16.594,535262,Timeline1,Tobii I-VT (Fixation),1.241.54219,1080,1920,10.0,2.8,2.1,2.7,0.26,0.2,0.25,10,8,10,4.8,8.1,6.0,0.48,0.81,0.58,18,30,22,2625991514,,,958,710,971,699,945,720,0.07089,0.08042,-0.99424,-0.06557,0.08187,-0.99448,3.709,3.533,3.626,,,,Valid,Valid,226.5,146.8,552.1,295.6,151.0,560.5,265.8,191.4,258.7,197.2,0.4991,0.6574,0.5059,0.6477,0.4923,0.6671,Screen Recording,Screen Recording Recording54.mp4,1920,1080,0,0,960,540,Fixation,3464,1161,964,709,0.5023,0.6569,,,,,,,,,,,
493460476,512569320383,Eye Tracker,LipReading_BJ,10/21/2025,ZJ,Recording54,10/18/2025,10/18/2025,21:15:16.594,13:15:16.594,535262,Timeline1,Tobii I-VT (Fixation),1.241.54219,1080,1920,10.0,2.8,2.1,2.7,0.26,0.2,0.25,10,8,10,4.8,8.1,6.0,0.48,0.81,0.58,18,30,22,2625995513,,,962,705,968,691,955,718,0.06945,0.07649,-0.99465,-0.06096,0.08064,-0.99488,3.707,3.534,3.631,,,,Valid,Valid,226.5,146.8,552.1,295.6,151.0,560.5,265.0,189.2,261.3,196.5,0.5008,0.6525,0.5044,0.6402,0.4972,0.6647,Screen Recording,Screen Recording Recording54.mp4,1920,1080,0,0,960,540,Fixation,3464,1161,964,709,0.5023,0.6569,,,,,,,,,,,
493464477,512569324384,Eye Tracker,LipReading_BJ,10/21/2025,ZJ,Recording54,10/18/2025,10/18/2025,21:15:16.594,13:15:16.594,535262,Timeline1,Tobii I-VT (Fixation),1.241.54219,1080,1920,10.0,2.8,2.1,2.7,0.26,0.2,0.25,10,8,10,4.8,8.1,6.0,0.48,0.81,0.58,18,30,22,2625999514,,,959,713,967,701,951,724,0.0686,0.08141,-0.99432,-0.06273,0.08375,-0.99451,3.698,3.56,3.63,,,,Valid,Valid,226.5,146.8,552.2,295.6,151.0,560.5,264.6,192.0,260.3,198.2,0.4994,0.6601,0.5035,0.6495,0.4953,0.6707,Screen Recording,Screen Recording Recording54.mp4,1920,1080,0,0,960,540,Fixation,3464,1161,964,709,0.5023,0.6569,,,,,,,,,,,
493468476,512569328383,Eye Tracker,LipReading_BJ,10/21/2025,ZJ,Recording54,10/18/2025,10/18/2025,21:15:16.594,13:15:16.594,535262,Timeline1,Tobii I-VT (Fixation),1.241.54219,1080,1920,10.0,2.8,2.1,2.7,0.26,0.2,0.25,10,8,10,4.8,8.1,6.0,0.48,0.81,0.58,18,30,22,2626003513,,,959,707,969,693,948,721,0.06955,0.07725,-0.99458,-0.06396,0.08205,-0.99457,3.715,3.553,3.63,,,,Valid,Valid,226.5,146.8,552.1,295.6,151.0,560.5,265.1,189.7,259.6,197.3,0.4992,0.6546,0.5045,0.6417,0.494,0.6674,Screen Recording,Screen Recording Recording54.mp4,1920,1080,0,0,960,540,Fixation,3464,1161,964,709,0.5023,0.6569,,,,,,,,,,,
493472477,512569332384,Eye Tracker,LipReading_BJ,10/21/2025,ZJ,Recording54,10/18/2025,10/18/2025,21:15:16.594,13:15:16.594,535262,Timeline1,Tobii I-VT (Fixation),1.241.54219,1080,1920,10.0,2.8,2.1,2.7,0.26,0.2,0.25,10,8,10,4.8,8.1,6.0,0.48,0.81,0.58,18,30,22,2626007514,,,961,707,973,686,949,728,0.07162,0.07378,-0.9947,-0.06348,0.08531,-0.99433,3.691,3.563,3.627,,,,Valid,Valid,226.5,146.8,552.1,295.6,151.0,560.5,266.2,187.7,259.8,199.1,0.5006,0.6544,0.5067,0.6351,0.4945,0.6737,Screen Recording,Screen Recording Recording54.mp4,1920,1080,0,0,960,540,Fixation,3464,1161,964,709,0.5023,0.6569,,,,,,,,,,,
493476476,512569336383,Eye Tracker,LipReading_BJ,10/21/2025,ZJ,Recording54,10/18/2025,10/18/2025,21:15:16.594,13:15:16.594,535262,Timeline1,Tobii I-VT (Fixation),1.241.54219,1080,1920,10.0,2.8,2.1,2.7,0.26,0.2,0.25,10,8,10,4.8,8.1,6.0,0.48,0.81,0.58,18,30,22,2626011514,,,960,705,969,687,951,723,0.06956,0.07433,-0.9948,-0.06261,0.08334,-0.99455,3.727,3.534,3.627,,,,Valid,Valid,226.5,146.8,552.1,295.6,151.0,560.5,265.1,188.0,260.3,198.0,0.5,0.653,0.5045,0.6362,0.4954,0.6699,Screen Recording,Screen Recording Recording54.mp4,1920,1080,0,0,960,540,Fixation,3464,1161,964,709,0.5023,0.6569,,,,,,,,,,,
493480475,512569340382,Eye Tracker,LipReading_BJ,10/21/2025,ZJ,Recording54,10/18/2025,10/18/2025,21:15:16.594,13:15:16.594,535262,Timeline1,Tobii I-VT (Fixation),1.241.54219,1080,1920,10.0,2.8,2.1,2.7,0.26,0.2,0.25,10,8,10,4.8,8.1,6.0,0.48,0.81,0.58,18,30,22,2626015513,,,960,708,971,689,949,727,0.07077,0.07547,-0.99463,-0.06368,0.08518,-0.99433,3.702,3.549,3.627,,,,Valid,Valid,226.5,146.8,552.1,295.6,151.0,560.4,265.8,188.7,259.7,199.0,0.5,0.6559,0.5058,0.6383,0.4943,0.6734,Screen Recording,Screen Recording Recording54.mp4,1920,1080,0,0,960,540,Fixation,3464,1161,964,709,0.5023,0.6569,,,,,,,,,,,
493484476,512569344383,Eye Tracker,LipReading_BJ,10/21/2025,ZJ,Recording54,10/18/2025,10/18/2025,21:15:16.594,13:15:16.594,535262,Timeline1,Tobii I-VT (Fixation),1.241.54219,1080,1920,10.0,2.8,2.1,2.7,0.26,0.2,0.25,10,8,10,4.8,8.1,6.0,0.48,0.81,0.58,18,30,22,2626019514,,,954,706,964,693,943,719,0.06738,0.07705,-0.99475,-0.06646,0.08118,-0.99448,3.702,3.568,3.625,,,,Valid,Valid,226.5,146.8,552.1,295.6,151.0,560.5,263.9,189.5,258.2,196.8,0.4967,0.6535,0.5022,0.6413,0.4913,0.6658,Screen Recording,Screen Recording Recording54.mp4,1920,1080,0,0,960,540,Fixation,3464,1161,964,709,0.5023,0.6569,,,,,,,,,,,
493488470,512569348377,Eye Tracker,LipReading_BJ,10/21/2025,ZJ,Recording54,10/18/2025,10/18/2025,21:15:16.594,13:15:16.594,535262,Timeline1,Tobii I-VT (Fixation),1.241.54219,1080,1920,10.0,2.8,2.1,2.7,0.26,0.2,0.25,10,8,10,4.8,8.1,6.0,0.48,0.81,0.58,18,30,22,2626023508,,,957,705,962,697,952,714,0.06618,0.07901,-0.99467,-0.0621,0.07873,-0.99496,3.707,3.552,3.625,,,,Valid,Valid,226.5,146.8,552.1,295.6,151.0,560.4,263.2,190.6,260.6,195.4,0.4985,0.653,0.5009,0.6449,0.496,0.661,Screen Recording,Screen Recording Recording54.mp4,1920,1080,0,0,960,540,Fixation,3464,1161,964,709,0.5023,0.6569,,,,,,,,,,,
493492471,512569352378,Eye Tracker,LipReading_BJ,10/21/2025,ZJ,Recording54,10/18/2025,10/18/2025,21:15:16.594,13:15:16.594,535262,Timeline1,Tobii I-VT (Fixation),1.241.54219,1080,1920,10.0,2.8,2.1,2.7,0.26,0.2,0.25,10,8,10,4.8,8.1,6.0,0.48,0.81,0.58,18,30,22,2626027509,,,962,697,971,671,952,723,0.07074,0.06661,-0.99527,-0.06212,0.0831,-0.9946,3.692,3.542,3.622,,,,Valid,Valid,226.5,146.8,552.1,295.6,151.0,560.4,265.7,183.7,260.6,197.9,0.5008,0.6455,0.5057,0.6216,0.496,0.6694,Screen Recording,Screen Recording Recording54.mp4,1920,1080,0,0,960,540,Fixation,3464,1161,964,709,0.5023,0.6569,,,,,,,,,,,
493496471,512569356378,Eye Tracker,LipReading_BJ,10/21/2025,ZJ,Recording54,10/18/2025,10/18/2025,21:15:16.594,13:15:16.594,535262,Timeline1,Tobii I-VT (Fixation),1.241.54219,1080,1920,10.0,2.8,2.1,2.7,0.26,0.2,0.25,10,8,10,4.8,8.1,6.0,0.48,0.81,0.58,18,30,22,2626031509,,,957,707,971,691,942,723,0.07076,0.07652,-0.99455,-0.06698,0.08293,-0.9943,3.714,3.533,3.625,,,,Valid,Valid,226.5,146.8,552.1,295.6,151.0,560.4,265.8,189.2,257.9,197.8,0.4982,0.6547,0.5058,0.6403,0.4907,0.6691,Screen Recording,Screen Recording Recording54.mp4,1920,1080,0,0,960,540,Fixation,3464,1161,964,709,0.5023,0.6569,,,,,,,,,,,
493500470,512569360377,Eye Tracker,LipReading_BJ,10/21/2025,ZJ,Recording54,10/18/2025,10/18/2025,21:15:16.594,13:15:16.594,535262,Timeline1,Tobii I-VT (Fixation),1.241.54219,1080,1920,10.0,2.8,2.1,2.7,0.26,0.2,0.25,10,8,10,4.8,8.1,6.0,0.48,0.81,0.58,18,30,22,2626035508,,,960,707,967,687,954,727,0.06874,0.07418,-0.99487,-0.06134,0.08526,-0.99447,3.693,3.541,3.625,,,,Valid,Valid,226.5,146.8,552.1,295.6,151.0,560.4,264.6,187.9,261.0,199.1,0.5002,0.6547,0.5036,0.6358,0.4968,0.6736,Screen Recording,Screen Recording Recording54.mp4,1920,1080,0,0,960,540,Fixation,3464,1161,964,709,0.5023,0.6569,,,,,,,,,,,
493504471,512569364378,Eye Tracker,LipReading_BJ,10/21/2025,ZJ,Recording54,10/18/2025,10/18/2025,21:15:16.594,13:15:16.594,535262,Timeline1,Tobii I-VT (Fixation),1.241.54219,1080,1920,10.0,2.8,2.1,2.7,0.26,0.2,0.25,10,8,10,4.8,8.1,6.0,0.48,0.81,0.58,18,30,22,2626039509,,,966,711,969,686,962,735,0.0699,0.07374,-0.99483,-0.05742,0.08905,-0.99437,3.709,3.554,3.625,,,,Valid,Valid,226.5,146.8,552.1,295.6,151.0,560.4,265.3,187.7,263.2,201.2,0.5029,0.6579,0.5048,0.635,0.501,0.6808,Screen Recording,Screen Recording Recording54.mp4,1920,1080,0,0,960,540,Fixation,3464,1161,964,709,0.5023,0.6569,,,,,,,,,,,
493508470,512569368377,Eye Tracker,LipReading_BJ,10/21/2025,ZJ,Recording54,10/18/2025,10/18/2025,21:15:16.594,13:15:16.594,535262,Timeline1,Tobii I-VT (Fixation),1.241.54219,1080,1920,10.0,2.8,2.1,2.7,0.26,0.2,0.25,10,8,10,4.8,8.1,6.0,0.48,0.81,0.58,18,30,22,2626043508,,,958,710,965,699,951,721,0.06759,0.08014,-0.99449,-0.06257,0.08213,-0.99466,3.709,3.528,3.628,,,,Valid,Valid,226.5,146.8,552.1,295.6,151.0,560.4,264.0,191.3,260.3,197.3,0.4989,0.6573,0.5024,0.6471,0.4955,0.6676,Screen Recording,Screen Recording Recording54.mp4,1920,1080,0,0,960,540,Fixation,3464,1161,964,709,0.5023,0.6569,,,,,,,,,,,
493512471,512569372378,Eye Tracker,LipReading_BJ,10/21/2025,ZJ,Recording54,10/18/2025,10/18/2025,21:15:16.594,13:15:16.594,535262,Timeline1,Tobii I-VT (Fixation),1.241.54219,1080,1920,10.0,2.8,2.1,2.7,0.26,0.2,0.25,10,8,10,4.8,8.1,6.0,0.48,0.81,0.58,18,30,22,2626047509,,,961,715,968,696,954,733,0.06911,0.07885,-0.99449,-0.06138,0.08804,-0.99422,3.712,3.561,3.632,,,,Valid,Valid,226.5,146.8,552.1,295.6,151.0,560.4,264.8,190.6,261.0,200.7,0.5004,0.6618,0.504,0.6447,0.4967,0.6789,Screen Recording,Screen Recording Recording54.mp4,1920,1080,0,0,960,540,Fixation,3464,1161,964,709,0.5023,0.6569,,,,,,,,,,,
493516471,512569376378,Eye Tracker,LipReading_BJ,10/21/2025,ZJ,Recording54,10/18/2025,10/18/2025,21:15:16.594,13:15:16.594,535262,Timeline1,Tobii I-VT (Fixation),1.241.54219,1080,1920,10.0,2.8,2.1,2.7,0.26,0.2,0.25,10,8,10,4.8,8.1,6.0,0.48,0.81,0.58,18,30,22,2626051509,,,961,710,969,689,954,731,0.06976,0.07504,-0.99474,-0.06128,0.08692,-0.99433,3.697,3.547,3.635,,,,Valid,Valid,226.5,146.8,552.1,295.6,151.1,560.4,265.2,188.4,261.1,200.0,0.5008,0.6572,0.5047,0.6375,0.4968,0.6768,Screen Recording,Screen Recording Recording54.mp4,1920,1080,0,0,960,540,Fixation,3464,1161,964,709,0.5023,0.6569,,,,,,,,,,,
493520470,512569380377,Eye Tracker,LipReading_BJ,10/21/2025,ZJ,Recording54,10/18/2025,10/18/2025,21:15:16.594,13:15:16.594,535262,Timeline1,Tobii I-VT (Fixation),1.241.54219,1080,1920,10.0,2.8,2.1,2.7,0.26,0.2,0.25,10,8,10,4.8,8.1,6.0,0.48,0.81,0.58,18,30,22,2626055508,,,961,712,965,690,957,733,0.06756,0.07587,-0.99483,-0.06001,0.08787,-0.99432,3.705,3.576,3.636,,,,Valid,Valid,226.5,146.8,552.1,295.6,151.1,560.4,264.0,188.9,261.8,200.6,0.5003,0.6589,0.5024,0.6391,0.4982,0.6786,Screen Recording,Screen Recording Recording54.mp4,1920,1080,0,0,960,540,Fixation,3464,1161,964,709,0.5023,0.6569,,,,,,,,,,,
493524471,512569384378,Eye Tracker,LipReading_BJ,10/21/2025,ZJ,Recording54,10/18/2025,10/18/2025,21:15:16.594,13:15:16.594,535262,Timeline1,Tobii I-VT (Fixation),1.241.54219,1080,1920,10.0,2.8,2.1,2.7,0.26,0.2,0.25,10,8,10,4.8,8.1,6.0,0.48,0.81,0.58,18,30,22,2626059509,,,956,714,968,696,944,732,0.06948,0.07864,-0.99448,-0.066,0.08734,-0.99399,3.719,3.572,3.636,,,,Valid,Valid,226.5,146.8,552.1,295.6,151.1,560.4,265.0,190.5,258.4,200.3,0.4981,0.6611,0.5044,0.6444,0.4917,0.6777,Screen Recording,Screen Recording Recording54.mp4,1920,1080,0,0,960,540,Fixation,3464,1161,964,709,0.5023,0.6569,,,,,,,,,,,
493528470,512569388377,Eye Tracker,LipReading_BJ,10/21/2025,ZJ,Recording54,10/18/2025,10/18/2025,21:15:16.594,13:15:16.594,535262,Timeline1,Tobii I-VT (Fixation),1.241.54219,1080,1920,10.0,2.8,2.1,2.7,0.26,0.2,0.25,10,8,10,4.8,8.1,6.0,0.48,0.81,0.58,18,30,22,2626063508,,,958,710,971,681,945,740,0.07071,0.07146,-0.99493,-0.06542,0.09098,-0.9937,3.694,3.567,3.638,,,,Valid,Valid,226.5,146.8,552.1,295.6,151.1,560.5,265.7,186.5,258.7,202.4,0.499,0.6578,0.5057,0.6309,0.4923,0.6848,Screen Recording,Screen Recording Recording54.mp4,1920,1080,0,0,960,540,Fixation,3464,1161,964,709,0.5023,0.6569,,,,,,,,,,,
493532471,512569392378,Eye Tracker,LipReading_BJ,10/21/2025,ZJ,Recording54,10/18/2025,10/18/2025,21:15:16.594,13:15:16.594,535262,Timeline1,Tobii I-VT (Fixation),1.241.54219,1080,1920,10.0,2.8,2.1,2.7,0.26,0.2,0.25,10,8,10,4.8,8.1,6.0,0.48,0.81,0.58,18,30,22,2626067509,,,956,713,962,694,950,732,0.06619,0.07777,-0.99477,-0.06333,0.0872,-0.99418,3.709,3.564,3.638,,,,Valid,Valid,226.5,146.8,552.1,295.6,151.1,560.5,263.2,190.0,259.9,200.2,0.4977,0.6602,0.5009,0.6428,0.4946,0.6775,Screen Recording,Screen Recording Recording54.mp4,1920,1080,0,0,960,540,Fixation,3464,1161,964,709,0.5023,0.6569,,,,,,,,,,,
493536471,512569396378,Eye Tracker,LipReading_BJ,10/21/2025,ZJ,Recording54,10/18/2025,10/18/2025,21:15:16.594,13:15:16.594,535262,Timeline1,Tobii I-VT (Fixation),1.241.54219,1080,1920,10.0,2.8,2.1,2.7,0.26,0.2,0.25,10,8,10,4.8,8.1,6.0,0.48,0.81,0.58,18,30,22,2626071509,,,954,706,956,687,952,725,0.06352,0.07433,-0.99521,-0.06226,0.08389,-0.99453,3.718,3.56,3.635,,,,Valid,Valid,226.4,146.8,552.1,295.6,151.1,560.5,261.7,188.1,260.5,198.4,0.4969,0.6538,0.498,0.6364,0.4958,0.6712,Screen Recording,Screen Recording Recording54.mp4,1920,1080,0,0,960,540,Fixation,3464,1161,964,709,0.5023,0.6569,,,,,,,,,,,
493540470,512569400377,Eye Tracker,LipReading_BJ,10/21/2025,ZJ,Recording54,10/18/2025,10/18/2025,21:15:16.594,13:15:16.594,535262,Timeline1,Tobii I-VT (Fixation),1.241.54219,1080,1920,10.0,2.8,2.1,2.7,0.26,0.2,0.25,10,8,10,4.8,8.1,6.0,0.48,0.81,0.58,18,30,22,2626075508,,,958,706,971,694,945,719,0.07077,0.07735,-0.99449,-0.06571,0.08118,-0.99453,3.712,3.553,3.635,,,,Valid,Valid,226.4,146.8,552.2,295.6,151.1,560.4,265.7,189.8,258.5,196.9,0.4989,0.6541,0.5057,0.6421,0.4921,0.666,Screen Recording,Screen Recording Recording54.mp4,1920,1080,0,0,960,540,Fixation,3464,1161,964,709,0.5023,0.6569,,,,,,,,,,,
493544471,512569404378,Eye Tracker,LipReading_BJ,10/21/2025,ZJ,Recording54,10/18/2025,10/18/2025,21:15:16.594,13:15:16.594,535262,Timeline1,Tobii I-VT (Fixation),1.241.54219,1080,1920,10.0,2.8,2.1,2.7,0.26,0.2,0.25,10,8,10,4.8,8.1,6.0,0.48,0.81,0.58,18,30,22,2626079509,,,963,707,973,687,953,726,0.07182,0.07406,-0.99466,-0.06152,0.0846,-0.99451,3.687,3.55,3.636,,,,Valid,Valid,226.4,146.9,552.2,295.6,151.1,560.4,266.3,188.0,260.9,198.8,0.5017,0.6543,0.5068,0.636,0.4965,0.6726,Screen Recording,Screen Recording Recording54.mp4,1920,1080,0,0,960,540,Fixation,3464,1161,964,709,0.5023,0.6569,,,,,,,,,,,
493548470,512569408377,Eye Tracker,LipReading_BJ,10/21/2025,ZJ,Recording54,10/18/2025,10/18/2025,21:15:16.594,13:15:16.594,535262,Timeline1,Tobii I-VT (Fixation),1.241.54219,1080,1920,10.0,2.8,2.1,2.7,0.26,0.2,0.25,10,8,10,4.8,8.1,6.0,0.48,0.81,0.58,18,30,22,2626083508,,,958,704,974,682,942,727,0.07211,0.07162,-0.99482,-0.06718,0.0847,-0.99414,3.689,3.57,3.635,,,,Valid,Valid,226.4,146.9,552.2,295.6,151.1,560.5,266.5,186.6,257.7,198.9,0.4988,0.6521,0.5071,0.6314,0.4904,0.6728,Screen Recording,Screen Recording Recording54.mp4,1920,1080,0,0,960,540,Fixation,3464,1161,964,709,0.5023,0.6569,,,,,,,,,,,
493552471,512569412378,Eye Tracker,LipReading_BJ,10/21/2025,ZJ,Recording54,10/18/2025,10/18/2025,21:15:16.594,13:15:16.594,535262,Timeline1,Tobii I-VT (Fixation),1.241.54219,1080,1920,10.0,2.8,2.1,2.7,0.26,0.2,0.25,10,8,10,4.8,8.1,6.0,0.48,0.81,0.58,18,30,22,2626087509,,,955,709,959,690,950,728,0.06494,0.07547,-0.99503,-0.06297,0.08523,-0.99437,3.717,3.564,3.627,,,,Valid,Valid,226.4,146.9,552.2,295.6,151.1,560.5,262.5,188.7,260.1,199.2,0.4972,0.6562,0.4995,0.6386,0.495,0.6738,Screen Recording,Screen Recording Recording54.mp4,1920,1080,0,0,960,540,Fixation,3464,1161,964,709,0.5023,0.6569,,,,,,,,,,,
493556471,512569416378,Eye Tracker,LipReading_BJ,10/21/2025,ZJ,Recording54,10/18/2025,10/18/2025,21:15:16.594,13:15:16.594,535262,Timeline1,Tobii I-VT (Fixation),1.241.54219,1080,1920,10.0,2.8,2.1,2.7,0.26,0.2,0.25,10,8,10,4.8,8.1,6.0,0.48,0.81,0.58,18,30,22,2626091509,,,957,705,963,691,952,719,0.0668,0.07618,-0.99485,-0.06234,0.08125,-0.99474,3.707,3.572,3.633,,,,Valid,Valid,226.4,146.9,552.1,295.6,151.1,560.5,263.5,189.2,260.4,196.9,0.4986,0.6531,0.5015,0.64,0.4957,0.6662,Screen Recording,Screen Recording Recording54.mp4,1920,1080,0,0,960,540,Fixation,3464,1161,964,709,0.5023,0.6569,,,,,,,,,,,
493560470,512569420377,Eye Tracker,LipReading_BJ,10/21/2025,ZJ,Recording54,10/18/2025,10/18/2025,21:15:16.594,13:15:16.594,535262,Timeline1,Tobii I-VT (Fixation),1.241.54219,1080,1920,10.0,2.8,2.1,2.7,0.26,0.2,0.25,10,8,10,4.8,8.1,6.0,0.48,0.81,0.58,18,30,22,2626095508,,,960,701,971,685,949,717,0.07082,0.07326,-0.9948,-0.06359,0.07994,-0.99477,3.68,3.548,3.634,,,,Valid,Valid,226.4,146.9,552.1,295.6,151.1,560.4,265.7,187.5,259.7,196.2,0.5,0.6491,0.5057,0.6345,0.4943,0.6637,Screen Recording,Screen Recording Recording54.mp4,1920,1080,0,0,960,540,Fixation,3464,1161,964,709,0.5023,0.6569,,,,,,,,,,,
493564471,512569424378,Eye Tracker,LipReading_BJ,10/21/2025,ZJ,Recording54,10/18/2025,10/18/2025,21:15:16.594,13:15:16.594,535262,Timeline1,Tobii I-VT (Fixation),1.241.54219,1080,1920,10.0,2.8,2.1,2.7,0.26,0.2,0.25,10,8,10,4.8,8.1,6.0,0.48,0.81,0.58,18,30,22,2626099509,,,961,705,969,684,953,725,0.06961,0.07278,-0.99492,-0.06175,0.08399,-0.99455,3.701,3.561,3.634,,,,Valid,Valid,226.4,146.9,552.1,295.6,151.1,560.4,265.1,187.3,260.8,198.5,0.5004,0.6525,0.5044,0.6336,0.4963,0.6715,Screen Recording,Screen Recording Recording54.mp4,1920,1080,0,0,960,540,Fixation,3464,1161,964,709,0.5023,0.6569,,,,,,,,,,,
493568470,512569428377,Eye Tracker,LipReading_BJ,10/21/2025,ZJ,Recording54,10/18/2025,10/18/2025,21:15:16.594,13:15:16.594,535262,Timeline1,Tobii I-VT (Fixation),1.241.54219,1080,1920,10.0,2.8,2.1,2.7,0.26,0.2,0.25,10,8,10,4.8,8.1,6.0,0.48,0.81,0.58,18,30,22,2626103508,,,958,710,967,694,949,725,0.06876,0.07767,-0.99461,-0.06377,0.08402,-0.99442,3.72,3.559,3.633,,,,Valid,Valid,226.4,146.9,552.2,295.6,151.1,560.4,264.6,190.0,259.6,198.5,0.4988,0.6572,0.5035,0.6428,0.4941,0.6715,Screen Recording,Screen Recording Recording54.mp4,1920,1080,0,0,960,540,Fixation,3464,1161,964,709,0.5023,0.6569,,,,,,,,,,,
493572471,512569432378,Eye Tracker,LipReading_BJ,10/21/2025,ZJ,Recording54,10/18/2025,10/18/2025,21:15:16.594,13:15:16.594,535262,Timeline1,Tobii I-VT (Fixation),1.241.54219,1080,1920,10.0,2.8,2.1,2.7,0.26,0.2,0.25,10,8,10,4.8,8.1,6.0,0.48,0.81,0.58,18,30,22,2626107509,,,957,711,968,686,946,736,0.06943,0.07367,-0.99486,-0.06512,0.08921,-0.99388,3.724,3.569,3.633,,,,Valid,Valid,226.4,146.9,552.1,295.6,151.1,560.4,264.9,187.8,258.8,201.4,0.4984,0.6584,0.5042,0.6353,0.4926,0.6815,Screen Recording,Screen Recording Recording54.mp4,1920,1080,0,0,960,540,Fixation,3464,1161,964,709,0.5023,0.6569,,,,,,,,,,,
493576471,512569436378,Eye Tracker,LipReading_BJ,10/21/2025,ZJ,Recording54,10/18/2025,10/18/2025,21:15:16.594,13:15:16.594,535262,Timeline1,Tobii I-VT (Fixation),1.241.54219,1080,1920,10.0,2.8,2.1,2.7,0.26,0.2,0.25,10,8,10,4.8,8.1,6.0,0.48,0.81,0.58,18,30,22,2626111509,,,962,714,964,693,960,735,0.06753,0.07685,-0.99475,-0.05806,0.08878,-0.99436,3.704,3.579,3.643,,,,Valid,Valid,226.4,146.9,552.1,295.6,151.1,560.4,263.9,189.5,262.8,201.2,0.5012,0.6609,0.5022,0.6412,0.5002,0.6806,Screen Recording,Screen Recording Recording54.mp4,1920,1080,0,0,960,540,Fixation,3464,1161,964,709,0.5023,0.6569,,,,,,,,,,,
493580470,512569440377,Eye Tracker,LipReading_BJ,10/21/2025,ZJ,Recording54,10/18/2025,10/18/2025,21:15:16.594,13:15:16.594,535262,Timeline1,Tobii I-VT (Fixation),1.241.54219,1080,1920,10.0,2.8,2.1,2.7,0.26,0.2,0.25,10,8,10,4.8,8.1,6.0,0.48,0.81,0.58,18,30,22,2626115508,,,958,706,966,687,951,725,0.06854,0.07398,-0.9949,-0.06289,0.08393,-0.99449,3.701,3.552,3.643,,,,Valid,Valid,226.4,146.9,552.1,295.6,151.1,560.4,264.4,187.9,260.1,198.4,0.4992,0.6536,0.5033,0.6358,0.4951,0.6714,Screen Recording,Screen Recording Recording54.mp4,1920,1080,0,0,960,540,Fixation,3464,1161,964,709,0.5023,0.6569,,,,,,,,,,,
493584470,512569444377,Eye Tracker,LipReading_BJ,10/21/2025,ZJ,Recording54,10/18/2025,10/18/2025,21:15:16.594,13:15:16.594,535262,Timeline1,Tobii I-VT (Fixation),1.241.54219,1080,1920,10.0,2.8,2.1,2.7,0.26,0.2,0.25,10,8,10,4.8,8.1,6.0,0.48,0.81,0.58,18,30,22,2626119509,,,956,707,965,694,947,719,0.068,0.07762,-0.99466,-0.06476,0.08101,-0.99461,3.735,3.566,3.639,,,,Valid,Valid,226.4,146.9,552.1,295.6,151.1,560.4,264.2,189.9,259.1,196.8,0.4979,0.6542,0.5027,0.6427,0.4931,0.6658,Screen Recording,Screen Recording Recording54.mp4,1920,1080,0,0,960,540,Fixation,3464,1161,964,709,0.5023,0.6569,,,,,,,,,,,
493588469,512569448376,Eye Tracker,LipReading_BJ,10/21/2025,ZJ,Recording54,10/18/2025,10/18/2025,21:15:16.594,13:15:16.594,535262,Timeline1,Tobii I-VT (Fixation),1.241.54219,1080,1920,10.0,2.8,2.1,2.7,0.26,0.2,0.25,10,8,10,4.8,8.1,6.0,0.48,0.81,0.58,18,30,22,2626123508,,,954,706,955,693,952,719,0.0632,0.07712,-0.99502,-0.06207,0.08087,-0.99479,3.721,3.557,3.637,,,,Valid,Valid,226.4,146.9,552.1,295.6,151.1,560.4,261.5,189.7,260.6,196.7,0.4968,0.6536,0.4976,0.6417,0.4959,0.6655,Screen Recording,Screen Recording Recording54.mp4,1920,1080,0,0,960,540,Fixation,3464,1161,964,709,0.5023,0.6569,,,,,,,,,,,
493592470,512569452377,Eye Tracker,LipReading_BJ,10/21/2025,ZJ,Recording54,10/18/2025,10/18/2025,21:15:16.594,13:15:16.594,535262,Timeline1,Tobii I-VT (Fixation),1.241.54219,1080,1920,10.0,2.8,2.1,2.7,0.26,0.2,0.25,10,8,10,4.8,8.1,6.0,0.48,0.81,0.58,18,30,22,2626127509,,,961,708,967,688,955,728,0.06908,0.07453,-0.99482,-0.06091,0.08525,-0.9945,3.724,3.553,3.639,,,,Valid,Valid,226.4,146.9,552.1,295.6,151.1,560.4,264.8,188.2,261.2,199.2,0.5005,0.6554,0.5039,0.6369,0.4972,0.6739,Screen Recording,Screen Recording Recording54.mp4,1920,1080,0,0,960,540,Fixation,3464,1161,964,709,0.5023,0.6569,,,,,,,,,,,
493596470,512569456377,Eye Tracker,LipReading_BJ,10/21/2025,ZJ,Recording54,10/18/2025,10/18/2025,21:15:16.594,13:15:16.594,535262,Timeline1,Tobii I-VT (Fixation),1.241.54219,1080,1920,10.0,2.8,2.1,2.7,0.26,0.2,0.25,10,8,10,4.8,8.1,6.0,0.48,0.81,0.58,18,30,22,2626131509,,,958,708,970,689,946,726,0.07042,0.07509,-0.99469,-0.06506,0.08458,-0.99429,3.721,3.551,3.639,,,,Valid,Valid,226.4,146.9,552.1,295.6,151.1,560.4,265.5,188.5,258.9,198.8,0.499,0.6553,0.5053,0.6379,0.4927,0.6727,Screen Recording,Screen Recording Recording54.mp4,1920,1080,0,0,960,540,Fixation,3464,1161,964,709,0.5023,0.6569,,,,,,,,,,,
493600469,512569460376,Eye Tracker,LipReading_BJ,10/21/2025,ZJ,Recording54,10/18/2025,10/18/2025,21:15:16.594,13:15:16.594,535262,Timeline1,Tobii I-VT (Fixation),1.241.54219,1080,1920,10.0,2.8,2.1,2.7,0.26,0.2,0.25,10,8,10,4.8,8.1,6.0,0.48,0.81,0.58,18,30,22,2626135508,,,962,707,972,687,952,727,0.0715,0.07392,-0.9947,-0.06206,0.08483,-0.99446,3.714,3.563,3.635,,,,Valid,Valid,226.4,146.9,552.1,295.6,151.2,560.4,266.1,187.9,260.6,199.0,0.5012,0.6544,0.5064,0.6357,0.4959,0.6731,Screen Recording,Screen Recording Recording54.mp4,1920,1080,0,0,960,540,Fixation,3464,1161,964,709,0.5023,0.6569,,,,,,,,,,,
493604470,512569464377,Eye Tracker,LipReading_BJ,10/21/2025,ZJ,Recording54,10/18/2025,10/18/2025,21:15:16.594,13:15:16.594,535262,Timeline1,Tobii I-VT (Fixation),1.241.54219,1080,1920,10.0,2.8,2.1,2.7,0.26,0.2,0.25,10,8,10,4.8,8.1,6.0,0.48,0.81,0.58,18,30,22,2626139509,,,963,712,973,691,953,734,0.07165,0.07582,-0.99454,-0.06152,0.08796,-0.99422,3.717,3.566,3.638,,,,Valid,Valid,226.4,146.9,552.1,295.6,151.2,560.4,266.2,189.0,260.9,200.7,0.5015,0.6593,0.5066,0.6394,0.4965,0.6792,Screen Recording,Screen Recording Recording54.mp4,1920,1080,0,0,960,540,Fixation,3464,1161,964,709,0.5023,0.6569,,,,,,,,,,,
493608469,512569468376,Eye Tracker,LipReading_BJ,10/21/2025,ZJ,Recording54,10/18/2025,10/18/2025,21:15:16.594,13:15:16.594,535262,Timeline1,Tobii I-VT (Fixation),1.241.54219,1080,1920,10.0,2.8,2.1,2.7,0.26,0.2,0.25,10,8,10,4.8,8.1,6.0,0.48,0.81,0.58,18,30,22,2626143508,,,951,701,962,682,940,720,0.06645,0.07155,-0.99522,-0.06796,0.08152,-0.99435,3.712,3.553,3.64,,,,Valid,Valid,226.4,146.9,552.1,295.6,151.2,560.4,263.3,186.6,257.3,197.1,0.4953,0.6491,0.501,0.6312,0.4896,0.6669,Screen Recording,Screen Recording Recording54.mp4,1920,1080,0,0,960,540,Fixation,3464,1161,964,709,0.5023,0.6569,,,,,,,,,,,
493612470,512569472377,Eye Tracker,LipReading_BJ,10/21/2025,ZJ,Recording54,10/18/2025,10/18/2025,21:15:16.594,13:15:16.594,535262,Timeline1,Tobii I-VT (Fixation),1.241.54219,1080,1920,10.0,2.8,2.1,2.7,0.26,0.2,0.25,10,8,10,4.8,8.1,6.0,0.48,0.81,0.58,18,30,22,2626147509,,,961,712,970,695,953,730,0.07024,0.07802,-0.99447,-0.06187,0.08622,-0.99435,3.711,3.582,3.639,,,,Valid,Valid,226.4,146.9,552.1,295.6,151.2,560.4,265.4,190.2,260.7,199.8,0.5006,0.6597,0.5051,0.6435,0.4961,0.6759,Screen Recording,Screen Recording Recording54.mp4,1920,1080,0,0,960,540,Fixation,3464,1161,964,709,0.5023,0.6569,,,,,,,,,,,
493616469,512569476376,Eye Tracker,LipReading_BJ,10/21/2025,ZJ,Recording54,10/18/2025,10/18/2025,21:15:16.594,13:15:16.594,535262,Timeline1,Tobii I-VT (Fixation),1.241.54219,1080,1920,10.0,2.8,2.1,2.7,0.26,0.2,0.25,10,8,10,4.8,8.1,6.0,0.48,0.81,0.58,18,30,22,2626151508,,,952,702,961,691,943,713,0.06607,0.07618,-0.9949,-0.06643,0.07823,-0.99472,3.713,3.569,3.637,,,,Valid,Valid,226.4,146.9,552.1,295.6,151.2,560.3,263.1,189.2,258.1,195.3,0.496,0.6503,0.5007,0.64,0.4913,0.6606,Screen Recording,Screen Recording Recording54.mp4,1920,1080,0,0,960,540,Fixation,3464,1161,964,709,0.5023,0.6569,,,,,,,,,,,
493620468,512569480375,Eye Tracker,LipReading_BJ,10/21/2025,ZJ,Recording54,10/18/2025,10/18/2025,21:15:16.594,13:15:16.594,535262,Timeline1,Tobii I-VT (Fixation),1.241.54219,1080,1920,10.0,2.8,2.1,2.7,0.26,0.2,0.25,10,8,10,4.8,8.1,6.0,0.48,0.81,0.58,18,30,22,2626155507,,,958,705,965,688,951,722,0.06794,0.07436,-0.99491,-0.06267,0.08226,-0.99464,3.71,3.562,3.639,,,,Valid,Valid,226.4,146.9,552.1,295.6,151.2,560.4,264.1,188.2,260.3,197.5,0.499,0.6525,0.5026,0.6366,0.4953,0.6683,Screen Recording,Screen Recording Recording54.mp4,1920,1080,0,0,960,540,Fixation,3464,1161,964,709,0.5023,0.6569,,,,,,,,,,,
493624469,512569484376,Eye Tracker,LipReading_BJ,10/21/2025,ZJ,Recording54,10/18/2025,10/18/2025,21:15:16.594,13:15:16.594,535262,Timeline1,Tobii I-VT (Fixation),1.241.54219,1080,1920,10.0,2.8,2.1,2.7,0.26,0.2,0.25,10,8,10,4.8,8.1,6.0,0.48,0.81,0.58,18,30,22,2626159508,,,958,709,966,693,949,725,0.0685,0.07721,-0.99466,-0.0637,0.08398,-0.99443,3.709,3.56,3.638,,,,Valid,Valid,226.4,146.9,552.1,295.6,151.2,560.4,264.4,189.8,259.7,198.5,0.4987,0.6568,0.5032,0.642,0.4942,0.6716,Screen Recording,Screen Recording Recording54.mp4,1920,1080,0,0,960,540,Fixation,3464,1161,964,709,0.5023,0.6569,,,,,,,,,,,
493628468,512569488375,Eye Tracker,LipReading_BJ,10/21/2025,ZJ,Recording54,10/18/2025,10/18/2025,21:15:16.594,13:15:16.594,535262,Timeline1,Tobii I-VT (Fixation),1.241.54219,1080,1920,10.0,2.8,2.1,2.7,0.26,0.2,0.25,10,8,10,4.8,8.1,6.0,0.48,0.81,0.58,18,30,22,2626163507,,,960,705,967,685,953,726,0.06881,0.07315,-0.99494,-0.0619,0.08426,-0.99452,3.739,3.567,3.635,,,,Valid,Valid,226.4,146.9,552.1,295.6,151.2,560.4,264.6,187.5,260.7,198.7,0.4998,0.6532,0.5035,0.6343,0.4961,0.6721,Screen Recording,Screen Recording Recording54.mp4,1920,1080,0,0,960,540,Fixation,3464,1161,964,709,0.5023,0.6569,,,,,,,,,,,
493632469,512569492376,Eye Tracker,LipReading_BJ,10/21/2025,ZJ,Recording54,10/18/2025,10/18/2025,21:15:16.594,13:15:16.594,535262,Timeline1,Tobii I-VT (Fixation),1.241.54219,1080,1920,10.0,2.8,2.1,2.7,0.26,0.2,0.25,10,8,10,4.8,8.1,6.0,0.48,0.81,0.58,18,30,22,2626167508,,,944,733,972,687,916,779,0.07142,0.07397,-0.9947,-0.0795,0.10964,-0.99079,3.721,3.34,3.637,,,,Valid,Valid,226.4,146.9,552.1,295.6,151.2,560.4,266.0,188.0,250.6,213.2,0.4916,0.6786,0.5063,0.6359,0.4769,0.7213,Screen Recording,Screen Recording Recording54.mp4,1920,1080,0,0,960,540,Fixation,3464,1161,964,709,0.5023,0.6569,,,,,,,,,,,
493636469,512569496376,Eye Tracker,LipReading_BJ,10/21/2025,ZJ,Recording54,10/18/2025,10/18/2025,21:15:16.594,13:15:16.594,535262,Timeline1,Tobii I-VT (Fixation),1.241.54219,1080,1920,10.0,2.8,2.1,2.7,0.26,0.2,0.25,10,8,10,4.8,8.1,6.0,0.48,0.81,0.58,18,30,22,2626171508,,,958,702,963,686,952,718,0.06718,0.07373,-0.99501,-0.06228,0.08042,-0.99481,3.702,3.56,3.64,,,,Valid,Valid,226.4,146.9,552.1,295.6,151.2,560.4,263.7,187.8,260.5,196.5,0.4988,0.6501,0.5018,0.6354,0.4957,0.6648,Screen Recording,Screen Recording Recording54.mp4,1920,1080,0,0,960,540,Fixation,3464,1161,964,709,0.5023,0.6569,,,,,,,,,,,
493640468,512569500375,Eye Tracker,LipReading_BJ,10/21/2025,ZJ,Recording54,10/18/2025,10/18/2025,21:15:16.594,13:15:16.594,535262,Timeline1,Tobii I-VT (Fixation),1.241.54219,1080,1920,10.0,2.8,2.1,2.7,0.26,0.2,0.25,10,8,10,4.8,8.1,6.0,0.48,0.81,0.58,18,30,22,2626175507,,,963,713,969,697,956,730,0.06983,0.07911,-0.99442,-0.05999,0.08605,-0.99448,3.714,3.59,3.64,,,,Valid,Valid,226.4,146.9,552.1,295.5,151.2,560.3,265.2,190.8,261.7,199.7,0.5014,0.6606,0.5046,0.6457,0.4981,0.6756,Screen Recording,Screen Recording Recording54.mp4,1920,1080,0,0,960,540,Fixation,3464,1161,964,709,0.5023,0.6569,,,,,,,,,,,
493644469,512569504376,Eye Tracker,LipReading_BJ,10/21/2025,ZJ,Recording54,10/18/2025,10/18/2025,21:15:16.594,13:15:16.594,535262,Timeline1,Tobii I-VT (Fixation),1.241.54219,1080,1920,10.0,2.8,2.1,2.7,0.26,0.2,0.25,10,8,10,4.8,8.1,6.0,0.48,0.81,0.58,18,30,22,2626179508,,,960,703,968,689,951,718,0.06925,0.07483,-0.99479,-0.06241,0.0804,-0.99481,3.724,3.535,3.644,,,,Valid,Valid,226.4,146.9,552.1,295.5,151.2,560.3,264.8,188.4,260.4,196.5,0.4998,0.6511,0.504,0.6375,0.4956,0.6647,Screen Recording,Screen Recording Recording54.mp4,1920,1080,0,0,960,540,Fixation,3464,1161,964,709,0.5023,0.6569,,,,,,,,,,,
493648468,512569508375,Eye Tracker,LipReading_BJ,10/21/2025,ZJ,Recording54,10/18/2025,10/18/2025,21:15:16.594,13:15:16.594,535262,Timeline1,Tobii I-VT (Fixation),1.241.54219,1080,1920,10.0,2.8,2.1,2.7,0.26,0.2,0.25,10,8,10,4.8,8.1,6.0,0.48,0.81,0.58,18,30,22,2626183507,,,959,709,966,694,952,724,0.06842,0.07751,-0.99464,-0.06203,0.08343,-0.99458,3.727,3.565,3.646,,,,Valid,Valid,226.4,146.9,552.1,295.5,151.2,560.4,264.4,189.9,260.6,198.2,0.4995,0.6566,0.5031,0.6426,0.496,0.6705,Screen Recording,Screen Recording Recording54.mp4,1920,1080,0,0,960,540,Fixation,3464,1161,964,709,0.5023,0.6569,,,,,,,,,,,
493652469,512569512376,Eye Tracker,LipReading_BJ,10/21/2025,ZJ,Recording54,10/18/2025,10/18/2025,21:15:16.594,13:15:16.594,535262,Timeline1,Tobii I-VT (Fixation),1.241.54219,1080,1920,10.0,2.8,2.1,2.7,0.26,0.2,0.25,10,8,10,4.8,8.1,6.0,0.48,0.81,0.58,18,30,22,2626187508,,,960,707,970,687,950,727,0.0704,0.07426,-0.99475,-0.06292,0.08481,-0.99441,3.735,3.59,3.648,,,,Valid,Valid,226.4,146.9,552.1,295.5,151.2,560.4,265.5,188.1,260.1,199.0,0.5001,0.6548,0.5052,0.6365,0.495,0.6732,Screen Recording,Screen Recording Recording54.mp4,1920,1080,0,0,960,540,Fixation,3464,1161,964,709,0.5023,0.6569,,,,,,,,,,,
493656469,512569516376,Eye Tracker,LipReading_BJ,10/21/2025,ZJ,Recording54,10/18/2025,10/18/2025,21:15:16.594,13:15:16.594,535262,Timeline1,Tobii I-VT (Fixation),1.241.54219,1080,1920,10.0,2.8,2.1,2.7,0.26,0.2,0.25,10,8,10,4.8,8.1,6.0,0.48,0.81,0.58,18,30,22,2626191508,,,957,706,965,691,950,720,0.0679,0.07619,-0.99478,-0.06316,0.08165,-0.99466,3.741,3.565,3.659,,,,Valid,Valid,226.4,146.9,552.1,295.5,151.2,560.4,264.1,189.2,260.0,197.2,0.4987,0.6536,0.5026,0.6401,0.4948,0.6671,Screen Recording,Screen Recording Recording54.mp4,1920,1080,0,0,960,540,Fixation,3464,1161,964,709,0.5023,0.6569,,,,,,,,,,,
493660468,512569520375,Eye Tracker,LipReading_BJ,10/21/2025,ZJ,Recording54,10/18/2025,10/18/2025,21:15:16.594,13:15:16.594,535262,Timeline1,Tobii I-VT (Fixation),1.241.54219,1080,1920,10.0,2.8,2.1,2.7,0.26,0.2,0.25,10,8,10,4.8,8.1,6.0,0.48,0.81,0.58,18,30,22,2626195507,,,962,715,969,703,955,727,0.06993,0.08185,-0.99419,-0.06047,0.08465,-0.99457,3.731,3.599,3.659,,,,Valid,Valid,226.4,146.9,552.1,295.5,151.2,560.4,265.2,192.4,261.5,198.9,0.5012,0.6618,0.5047,0.6508,0.4976,0.6729,Screen Recording,Screen Recording Recording54.mp4,1920,1080,0,0,960,540,Fixation,3464,1161,964,709,0.5023,0.6569,,,,,,,,,,,
493664469,512569524376,Eye Tracker,LipReading_BJ,10/21/2025,ZJ,Recording54,10/18/2025,10/18/2025,21:15:16.594,13:15:16.594,535262,Timeline1,Tobii I-VT (Fixation),1.241.54219,1080,1920,10.0,2.8,2.1,2.7,0.26,0.2,0.25,10,8,10,4.8,8.1,6.0,0.48,0.81,0.58,18,30,22,2626199508,,,963,703,976,686,949,720,0.07359,0.07353,-0.99457,-0.0634,0.08141,-0.99466,3.714,3.588,3.653,,,,Valid,Valid,226.4,146.9,552.1,295.5,151.2,560.4,267.2,187.7,259.8,197.0,0.5015,0.6509,0.5086,0.6351,0.4945,0.6667,Screen Recording,Screen Recording Recording54.mp4,1920,1080,0,0,960,540,Fixation,3464,1161,964,709,0.5023,0.6569,,,,,,,,,,,
493668468,512569528375,Eye Tracker,LipReading_BJ,10/21/2025,ZJ,Recording54,10/18/2025,10/18/2025,21:15:16.594,13:15:16.594,535262,Timeline1,Tobii I-VT (Fixation),1.241.54219,1080,1920,10.0,2.8,2.1,2.7,0.26,0.2,0.25,10,8,10,4.8,8.1,6.0,0.48,0.81,0.58,18,30,22,2626203507,,,964,705,972,689,956,721,0.07119,0.07497,-0.99464,-0.06025,0.08195,-0.99481,3.717,3.576,3.646,,,,Valid,Valid,226.4,146.9,552.1,295.5,151.2,560.4,265.9,188.5,261.6,197.3,0.502,0.6528,0.506,0.6378,0.4979,0.6677,Screen Recording,Screen Recording Recording54.mp4,1920,1080,0,0,960,540,Fixation,3464,1161,964,709,0.5023,0.6569,,,,,,,,,,,
493672469,512569532376,Eye Tracker,LipReading_BJ,10/21/2025,ZJ,Recording54,10/18/2025,10/18/2025,21:15:16.594,13:15:16.594,535262,Timeline1,Tobii I-VT (Fixation),1.241.54219,1080,1920,10.0,2.8,2.1,2.7,0.26,0.2,0.25,10,8,10,4.8,8.1,6.0,0.48,0.81,0.58,18,30,22,2626207508,,,959,713,965,694,954,732,0.06771,0.07742,-0.9947,-0.06124,0.08745,-0.99429,3.729,3.556,3.646,,,,Valid,Valid,226.4,146.9,552.1,295.5,151.2,560.4,264.0,189.9,261.0,200.5,0.4996,0.6603,0.5024,0.6425,0.4968,0.6782,Screen Recording,Screen Recording Recording54.mp4,1920,1080,0,0,960,540,Fixation,3464,1161,964,709,0.5023,0.6569,,,,,,,,,,,
493676469,512569536376,Eye Tracker,LipReading_BJ,10/21/2025,ZJ,Recording54,10/18/2025,10/18/2025,21:15:16.594,13:15:16.594,535262,Timeline1,Tobii I-VT (Fixation),1.241.54219,1080,1920,10.0,2.8,2.1,2.7,0.26,0.2,0.25,10,8,10,4.8,8.1,6.0,0.48,0.81,0.58,18,30,22,2626211508,,,958,704,970,691,947,718,0.07023,0.07578,-0.99465,-0.06465,0.08057,-0.99465,3.708,3.564,3.649,,,,Valid,Valid,226.4,146.9,552.1,295.5,151.2,560.3,265.4,189.0,259.1,196.6,0.4991,0.6522,0.505,0.6394,0.4931,0.6651,Screen Recording,Screen Recording Recording54.mp4,1920,1080,0,0,960,540,Fixation,3464,1161,964,709,0.5023,0.6569,,,,,,,,,,,
493680468,512569540375,Eye Tracker,LipReading_BJ,10/21/2025,ZJ,Recording54,10/18/2025,10/18/2025,21:15:16.594,13:15:16.594,535262,Timeline1,Tobii I-VT (Fixation),1.241.54219,1080,1920,10.0,2.8,2.1,2.7,0.26,0.2,0.25,10,8,10,4.8,8.1,6.0,0.48,0.81,0.58,18,30,22,2626215507,,,961,706,971,690,952,721,0.07076,0.07563,-0.99462,-0.06209,0.082,-0.9947,3.737,3.605,3.649,,,,Valid,Valid,226.4,146.9,552.1,295.5,151.2,560.3,265.7,188.9,260.6,197.4,0.5007,0.6535,0.5056,0.6391,0.4959,0.6678,Screen Recording,Screen Recording Recording54.mp4,1920,1080,0,0,960,540,Fixation,3464,1161,964,709,0.5023,0.6569,,,,,,,,,,,
493684469,512569544376,Eye Tracker,LipReading_BJ,10/21/2025,ZJ,Recording54,10/18/2025,10/18/2025,21:15:16.594,13:15:16.594,535262,Timeline1,Tobii I-VT (Fixation),1.241.54219,1080,1920,10.0,2.8,2.1,2.7,0.26,0.2,0.25,10,8,10,4.8,8.1,6.0,0.48,0.81,0.58,18,30,22,2626219508,,,960,711,971,696,950,726,0.07094,0.07852,-0.99439,-0.06325,0.08437,-0.99443,3.744,3.569,3.661,,,,Valid,Valid,226.4,146.9,552.1,295.5,151.2,560.3,265.8,190.5,259.9,198.7,0.5002,0.6585,0.5058,0.6445,0.4946,0.6724,Screen Recording,Screen Recording Recording54.mp4,1920,1080,0,0,960,540,Fixation,3464,1161,964,709,0.5023,0.6569,,,,,,,,,,,
493688468,512569548375,Eye Tracker,LipReading_BJ,10/21/2025,ZJ,Recording54,10/18/2025,10/18/2025,21:15:16.594,13:15:16.594,535262,Timeline1,Tobii I-VT (Fixation),1.241.54219,1080,1920,10.0,2.8,2.1,2.7,0.26,0.2,0.25,10,8,10,4.8,8.1,6.0,0.48,0.81,0.58,18,30,22,2626223507,,,965,711,971,700,959,721,0.07098,0.08041,-0.99423,-0.05878,0.08198,-0.9949,3.723,3.594,3.668,,,,Valid,Valid,226.4,146.9,552.2,295.6,151.2,560.4,265.8,191.6,262.4,197.4,0.5027,0.658,0.5059,0.6481,0.4995,0.6678,Screen Recording,Screen Recording Recording54.mp4,1920,1080,0,0,960,540,Fixation,3464,1161,964,709,0.5023,0.6569,,,,,,,,,,,
493692468,512569552375,Eye Tracker,LipReading_BJ,10/21/2025,ZJ,Recording54,10/18/2025,10/18/2025,21:15:16.594,13:15:16.594,535262,Timeline1,Tobii I-VT (Fixation),1.241.54219,1080,1920,10.0,2.8,2.1,2.7,0.26,0.2,0.25,10,8,10,4.8,8.1,6.0,0.48,0.81,0.58,18,30,22,2626227508,,,959,709,968,692,951,726,0.06932,0.07635,-0.99467,-0.06278,0.08421,-0.99447,3.728,3.599,3.668,,,,Valid,Valid,226.4,146.9,552.2,295.6,151.2,560.4,264.9,189.3,260.2,198.7,0.4996,0.6563,0.5041,0.6405,0.4952,0.6721,Screen Recording,Screen Recording Recording54.mp4,1920,1080,0,0,960,540,Fixation,3464,1161,964,709,0.5023,0.6569,,,,,,,,,,,
493696468,512569556375,Eye Tracker,LipReading_BJ,10/21/2025,ZJ,Recording54,10/18/2025,10/18/2025,21:15:16.594,13:15:16.594,535262,Timeline1,Tobii I-VT (Fixation),1.241.54219,1080,1920,10.0,2.8,2.1,2.7,0.26,0.2,0.25,10,8,10,4.8,8.1,6.0,0.48,0.81,0.58,18,30,22,2626231508,,,958,710,963,689,954,731,0.06683,0.07486,-0.99495,-0.06127,0.08684,-0.99434,3.742,3.61,3.663,,,,Valid,Valid,226.4,146.9,552.2,295.6,151.2,560.4,263.5,188.5,261.0,200.1,0.4991,0.6574,0.5015,0.6376,0.4968,0.6772,Screen Recording,Screen Recording Recording54.mp4,1920,1080,0,0,960,540,Fixation,3464,1161,964,709,0.5023,0.6569,,,,,,,,,,,
493700467,512569560374,Eye Tracker,LipReading_BJ,10/21/2025,ZJ,Recording54,10/18/2025,10/18/2025,21:15:16.594,13:15:16.594,535262,Timeline1,Tobii I-VT (Fixation),1.241.54219,1080,1920,10.0,2.8,2.1,2.7,0.26,0.2,0.25,10,8,10,4.8,8.1,6.0,0.48,0.81,0.58,18,30,22,2626235507,,,960,708,972,694,949,723,0.0714,0.07728,-0.99445,-0.0637,0.08268,-0.99454,3.743,3.572,3.652,,,,Valid,Valid,226.4,146.9,552.2,295.6,151.2,560.4,266.0,189.8,259.7,197.8,0.5003,0.6558,0.5063,0.6423,0.4942,0.6692,Screen Recording,Screen Recording Recording54.mp4,1920,1080,0,0,960,540,Fixation,3464,1161,964,709,0.5023,0.6569,,,,,,,,,,,
493704468,512569564375,Eye Tracker,LipReading_BJ,10/21/2025,ZJ,Recording54,10/18/2025,10/18/2025,21:15:16.594,13:15:16.594,535262,Timeline1,Tobii I-VT (Fixation),1.241.54219,1080,1920,10.0,2.8,2.1,2.7,0.26,0.2,0.25,10,8,10,4.8,8.1,6.0,0.48,0.81,0.58,18,30,22,2626239508,,,956,715,962,703,949,727,0.06655,0.08169,-0.99443,-0.06373,0.08473,-0.99436,3.732,3.551,3.657,,,,Valid,Valid,226.4,146.9,552.2,295.6,151.2,560.4,263.4,192.3,259.6,199.0,0.4977,0.6619,0.5012,0.6506,0.4942,0.6732,Screen Recording,Screen Recording Recording54.mp4,1920,1080,0,0,960,540,Fixation,3464,1161,964,709,0.5023,0.6569,,,,,,,,,,,
493708467,512569568374,Eye Tracker,LipReading_BJ,10/21/2025,ZJ,Recording54,10/18/2025,10/18/2025,21:15:16.594,13:15:16.594,535262,Timeline1,Tobii I-VT (Fixation),1.241.54219,1080,1920,10.0,2.8,2.1,2.7,0.26,0.2,0.25,10,8,10,4.8,8.1,6.0,0.48,0.81,0.58,18,30,22,2626243507,,,959,726,965,712,953,740,0.0679,0.08612,-0.99397,-0.06165,0.09077,-0.99396,3.724,3.567,3.655,,,,Valid,Valid,226.4,146.9,552.2,295.6,151.2,560.4,264.1,194.8,260.8,202.4,0.4995,0.6719,0.5027,0.659,0.4964,0.6848,Screen Recording,Screen Recording Recording54.mp4,1920,1080,0,0,960,540,Fixation,3464,1161,964,709,0.5023,0.6569,,,,,,,,,,,
493712468,512569572375,Eye Tracker,LipReading_BJ,10/21/2025,ZJ,Recording54,10/18/2025,10/18/2025,21:15:16.594,13:15:16.594,535262,Timeline1,Tobii I-VT (Fixation),1.241.54219,1080,1920,10.0,2.8,2.1,2.7,0.26,0.2,0.25,10,8,10,4.8,8.1,6.0,0.48,0.81,0.58,18,30,22,2626247508,,,962,715,969,698,956,732,0.06984,0.07916,-0.99441,-0.06035,0.08704,-0.99438,3.745,3.593,3.655,,,,Valid,Valid,226.4,147.0,552.2,295.6,151.2,560.4,265.2,190.9,261.6,200.3,0.5012,0.6618,0.5047,0.6459,0.4978,0.6777,Screen Recording,Screen Recording Recording54.mp4,1920,1080,0,0,960,540,Fixation,3464,1161,964,709,0.5023,0.6569,,,,,,,,,,,
493716468,512569576375,Eye Tracker,LipReading_BJ,10/21/2025,ZJ,Recording54,10/18/2025,10/18/2025,21:15:16.594,13:15:16.594,535262,Timeline1,Tobii I-VT (Fixation),1.241.54219,1080,1920,10.0,2.8,2.1,2.7,0.26,0.2,0.25,10,8,10,4.8,8.1,6.0,0.48,0.81,0.58,18,30,22,2626251508,,,955,722,964,704,946,739,0.06753,0.08235,-0.99431,-0.06504,0.09055,-0.99377,3.737,3.577,3.654,,,,Valid,Valid,226.4,147.0,552.2,295.6,151.3,560.4,263.9,192.7,258.9,202.3,0.4975,0.6683,0.5023,0.652,0.4927,0.6845,Screen Recording,Screen Recording Recording54.mp4,1920,1080,0,0,960,540,Fixation,3464,1161,964,709,0.5023,0.6569,,,,,,,,,,,
493720467,512569580374,Eye Tracker,LipReading_BJ,10/21/2025,ZJ,Recording54,10/18/2025,10/18/2025,21:15:16.594,13:15:16.594,535262,Timeline1,Tobii I-VT (Fixation),1.241.54219,1080,1920,10.0,2.8,2.1,2.7,0.26,0.2,0.25,10,8,10,4.8,8.1,6.0,0.48,0.81,0.58,18,30,22,2626255507,,,966,711,978,690,954,732,0.07421,0.07559,-0.99437,-0.06123,0.08686,-0.99434,3.713,3.588,3.654,,,,Valid,Valid,226.4,147.0,552.2,295.6,151.3,560.4,267.6,189.0,261.1,200.2,0.5031,0.6584,0.5093,0.6393,0.4969,0.6774,Screen Recording,Screen Recording Recording54.mp4,1920,1080,0,0,960,540,Fixation,3464,1161,964,709,0.5023,0.6569,,,,,,,,,,,
493724468,512569584375,Eye Tracker,LipReading_BJ,10/21/2025,ZJ,Recording54,10/18/2025,10/18/2025,21:15:16.594,13:15:16.594,535262,Timeline1,Tobii I-VT (Fixation),1.241.54219,1080,1920,10.0,2.8,2.1,2.7,0.26,0.2,0.25,10,8,10,4.8,8.1,6.0,0.48,0.81,0.58,18,30,22,2626259508,,,959,714,970,697,948,732,0.07043,0.07867,-0.99441,-0.06406,0.08678,-0.99417,3.727,3.58,3.652,,,,Valid,Valid,226.4,147.0,552.1,295.6,151.3,560.4,265.5,190.7,259.5,200.2,0.4996,0.6612,0.5054,0.6451,0.4938,0.6773,Screen Recording,Screen Recording Recording54.mp4,1920,1080,0,0,960,540,Fixation,3464,1161,964,709,0.5023,0.6569,,,,,,,,,,,
493728467,512569588374,Eye Tracker,LipReading_BJ,10/21/2025,ZJ,Recording54,10/18/2025,10/18/2025,21:15:16.594,13:15:16.594,535262,Timeline1,Tobii I-VT (Fixation),1.241.54219,1080,1920,10.0,2.8,2.1,2.7,0.26,0.2,0.25,10,8,10,4.8,8.1,6.0,0.48,0.81,0.58,18,30,22,2626263507,,,956,714,966,700,946,729,0.06828,0.08026,-0.99443,-0.06513,0.0855,-0.99421,3.724,3.572,3.65,,,,Valid,Valid,226.4,147.0,552.1,295.6,151.3,560.5,264.3,191.6,258.9,199.5,0.4979,0.6615,0.5031,0.6481,0.4927,0.6749,Screen Recording,Screen Recording Recording54.mp4,1920,1080,0,0,960,540,Fixation,3464,1161,964,709,0.5023,0.6569,,,,,,,,,,,
493732468,512569592375,Eye Tracker,LipReading_BJ,10/21/2025,ZJ,Recording54,10/18/2025,10/18/2025,21:15:16.594,13:15:16.594,535262,Timeline1,Tobii I-VT (Fixation),1.241.54219,1080,1920,10.0,2.8,2.1,2.7,0.26,0.2,0.25,10,8,10,4.8,8.1,6.0,0.48,0.81,0.58,18,30,22,2626267508,,,962,718,974,698,949,738,0.07234,0.07934,-0.99422,-0.06343,0.08973,-0.99394,3.737,3.572,3.654,,,,Valid,Valid,226.4,147.0,552.1,295.6,151.3,560.4,266.6,191.1,259.8,201.9,0.501,0.6648,0.5074,0.6465,0.4945,0.683,Screen Recording,Screen Recording Recording54.mp4,1920,1080,0,0,960,540,Fixation,3464,1161,964,709,0.5023,0.6569,,,,,,,,,,,
493736468,512569596375,Eye Tracker,LipReading_BJ,10/21/2025,ZJ,Recording54,10/18/2025,10/18/2025,21:15:16.594,13:15:16.594,535262,Timeline1,Tobii I-VT (Fixation),1.241.54219,1080,1920,10.0,2.8,2.1,2.7,0.26,0.2,0.25,10,8,10,4.8,8.1,6.0,0.48,0.81,0.58,18,30,22,2626271508,,,959,712,968,701,949,724,0.06936,0.08065,-0.99433,-0.06363,0.08311,-0.99451,3.74,3.564,3.653,,,,Valid,Valid,226.4,147.0,552.2,295.6,151.3,560.5,265.0,191.8,259.7,198.1,0.4993,0.6596,0.5043,0.6489,0.4943,0.6703,Screen Recording,Screen Recording Recording54.mp4,1920,1080,0,0,960,540,Fixation,3464,1161,964,709,0.5023,0.6569,,,,,,,,,,,
493740467,512569600374,Eye Tracker,LipReading_BJ,10/21/2025,ZJ,Recording54,10/18/2025,10/18/2025,21:15:16.594,13:15:16.594,535262,Timeline1,Tobii I-VT (Fixation),1.241.54219,1080,1920,10.0,2.8,2.1,2.7,0.26,0.2,0.25,10,8,10,4.8,8.1,6.0,0.48,0.81,0.58,18,30,22,2626275507,,,961,712,973,699,948,726,0.07157,0.07953,-0.99426,-0.06398,0.08387,-0.99442,3.75,3.563,3.653,,,,Valid,Valid,226.5,147.0,552.1,295.6,151.3,560.5,266.2,191.2,259.6,198.6,0.5003,0.6594,0.5066,0.6469,0.494,0.6718,Screen Recording,Screen Recording Recording54.mp4,1920,1080,0,0,960,540,Fixation,3464,1161,964,709,0.5023,0.6569,,,,,,,,,,,
493744468,512569604375,Eye Tracker,LipReading_BJ,10/21/2025,ZJ,Recording54,10/18/2025,10/18/2025,21:15:16.594,13:15:16.594,535262,Timeline1,Tobii I-VT (Fixation),1.241.54219,1080,1920,10.0,2.8,2.1,2.7,0.26,0.2,0.25,10,8,10,4.8,8.1,6.0,0.48,0.81,0.58,18,30,22,2626279508,,,958,715,968,700,949,731,0.06937,0.08038,-0.99435,-0.06393,0.08628,-0.99422,3.722,3.57,3.647,,,,Valid,Valid,226.5,147.0,552.1,295.6,151.3,560.5,265.0,191.7,259.6,199.9,0.4992,0.6625,0.5043,0.6485,0.494,0.6765,Screen Recording,Screen Recording Recording54.mp4,1920,1080,0,0,960,540,Fixation,3464,1161,964,709,0.5023,0.6569,,,,,,,,,,,
493748465,512569608372,Eye Tracker,LipReading_BJ,10/21/2025,ZJ,Recording54,10/18/2025,10/18/2025,21:15:16.594,13:15:16.594,535262,Timeline1,Tobii I-VT (Fixation),1.241.54219,1080,1920,10.0,2.8,2.1,2.7,0.26,0.2,0.25,10,8,10,4.8,8.1,6.0,0.48,0.81,0.58,18,30,22,2626283505,,,960,712,969,696,951,729,0.06956,0.07811,-0.99452,-0.06293,0.08534,-0.99436,3.725,3.59,3.647,,,,Valid,Valid,226.5,147.1,552.1,295.6,151.3,560.5,265.1,190.4,260.2,199.4,0.4998,0.6595,0.5045,0.6442,0.4951,0.6747,Screen Recording,Screen Recording Recording54.mp4,1920,1080,0,0,960,540,Fixation,3464,1161,964,709,0.5023,0.6569,,,,,,,,,,,
493752466,512569612373,Eye Tracker,LipReading_BJ,10/21/2025,ZJ,Recording54,10/18/2025,10/18/2025,21:15:16.594,13:15:16.594,535262,Timeline1,Tobii I-VT (Fixation),1.241.54219,1080,1920,10.0,2.8,2.1,2.7,0.26,0.2,0.25,10,8,10,4.8,8.1,6.0,0.48,0.81,0.58,18,30,22,2626287506,,,963,715,974,701,952,729,0.07229,0.08086,-0.9941,-0.06205,0.08548,-0.99441,3.723,3.577,3.65,,,,Valid,Valid,226.5,147.1,552.1,295.6,151.3,560.5,266.6,192.0,260.7,199.5,0.5018,0.6622,0.5074,0.6495,0.4961,0.6749,Screen Recording,Screen Recording Recording54.mp4,1920,1080,0,0,960,540,Fixation,3464,1161,964,709,0.5023,0.6569,,,,,,,,,,,
493756466,512569616373,Eye Tracker,LipReading_BJ,10/21/2025,ZJ,Recording54,10/18/2025,10/18/2025,21:15:16.594,13:15:16.594,535262,Timeline1,Tobii I-VT (Fixation),1.241.54219,1080,1920,10.0,2.8,2.1,2.7,0.26,0.2,0.25,10,8,10,4.8,8.1,6.0,0.48,0.81,0.58,18,30,22,2626291506,,,961,712,971,699,950,725,0.07082,0.07981,-0.99429,-0.06331,0.0836,-0.99449,3.727,3.547,3.657,,,,Valid,Valid,226.5,147.1,552.1,295.6,151.3,560.5,265.8,191.4,260.0,198.4,0.5003,0.6594,0.5059,0.6475,0.4947,0.6713,Screen Recording,Screen Recording Recording54.mp4,1920,1080,0,0,960,540,Fixation,3464,1161,964,709,0.5023,0.6569,,,,,,,,,,,
493760465,512569620372,Eye Tracker,LipReading_BJ,10/21/2025,ZJ,Recording54,10/18/2025,10/18/2025,21:15:16.594,13:15:16.594,535262,Timeline1,Tobii I-VT (Fixation),1.241.54219,1080,1920,10.0,2.8,2.1,2.7,0.26,0.2,0.25,10,8,10,4.8,8.1,6.0,0.48,0.81,0.58,18,30,22,2626295505,,,963,711,974,697,952,724,0.07228,0.07858,-0.99428,-0.06227,0.08321,-0.99458,3.716,3.589,3.652,,,,Valid,Valid,226.5,147.1,552.1,295.6,151.3,560.5,266.6,190.7,260.6,198.2,0.5017,0.6579,0.5074,0.6452,0.4959,0.6706,Screen Recording,Screen Recording Recording54.mp4,1920,1080,0,0,960,540,Fixation,3464,1161,964,709,0.5023,0.6569,,,,,,,,,,,
493764466,512569624373,Eye Tracker,LipReading_BJ,10/21/2025,ZJ,Recording54,10/18/2025,10/18/2025,21:15:16.594,13:15:16.594,535262,Timeline1,Tobii I-VT (Fixation),1.241.54219,1080,1920,10.0,2.8,2.1,2.7,0.26,0.2,0.25,10,8,10,4.8,8.1,6.0,0.48,0.81,0.58,18,30,22,2626299506,,,961,718,975,697,946,740,0.07265,0.07885,-0.99424,-0.06518,0.0906,-0.99375,3.755,3.612,3.658,,,,Valid,Valid,226.5,147.1,552.1,295.7,151.3,560.5,266.8,190.8,258.9,202.4,0.5003,0.6653,0.5078,0.6457,0.4927,0.6848,Screen Recording,Screen Recording Recording54.mp4,1920,1080,0,0,960,540,Fixation,3464,1161,964,709,0.5023,0.6569,,,,,,,,,,,
493768465,512569628372,Eye Tracker,LipReading_BJ,10/21/2025,ZJ,Recording54,10/18/2025,10/18/2025,21:15:16.594,13:15:16.594,535262,Timeline1,Tobii I-VT (Fixation),1.241.54219,1080,1920,10.0,2.8,2.1,2.7,0.26,0.2,0.25,10,8,10,4.8,8.1,6.0,0.48,0.81,0.58,18,30,22,2626303505,,,958,708,965,693,950,723,0.06778,0.07698,-0.99473,-0.06328,0.08278,-0.99456,3.732,3.574,3.658,,,,Valid,Valid,226.5,147.1,552.1,295.7,151.3,560.5,264.1,189.8,260.0,198.0,0.4988,0.6559,0.5027,0.6421,0.4948,0.6698,Screen Recording,Screen Recording Recording54.mp4,1920,1080,0,0,960,540,Fixation,3464,1161,964,709,0.5023,0.6569,,,,,,,,,,,
493772466,512569632373,Eye Tracker,LipReading_BJ,10/21/2025,ZJ,Recording54,10/18/2025,10/18/2025,21:15:16.594,13:15:16.594,535262,Timeline1,Tobii I-VT (Fixation),1.241.54219,1080,1920,10.0,2.8,2.1,2.7,0.26,0.2,0.25,10,8,10,4.8,8.1,6.0,0.48,0.81,0.58,18,30,22,2626307506,,,963,711,977,694,948,727,0.07369,0.07701,-0.9943,-0.06439,0.08477,-0.99432,3.727,3.606,3.659,,,,Valid,Valid,226.5,147.1,552.1,295.7,151.3,560.5,267.4,189.8,259.4,199.1,0.5013,0.6579,0.509,0.6422,0.4936,0.6736,Screen Recording,Screen Recording Recording54.mp4,1920,1080,0,0,960,540,Fixation,3464,1161,964,709,0.5023,0.6569,,,,,,,,,,,
493776466,512569636373,Eye Tracker,LipReading_BJ,10/21/2025,ZJ,Recording54,10/18/2025,10/18/2025,21:15:16.594,13:15:16.594,535262,Timeline1,Tobii I-VT (Fixation),1.241.54219,1080,1920,10.0,2.8,2.1,2.7,0.26,0.2,0.25,10,8,10,4.8,8.1,6.0,0.48,0.81,0.58,18,30,22,2626311506,,,961,712,978,693,945,731,0.07383,0.07689,-0.9943,-0.06587,0.08628,-0.99409,3.728,3.578,3.653,,,,Valid,Valid,226.5,147.0,552.2,295.7,151.3,560.5,267.5,189.7,258.5,200.0,0.5006,0.6593,0.5091,0.642,0.4921,0.6765,Screen Recording,Screen Recording Recording54.mp4,1920,1080,0,0,960,540,Fixation,3464,1161,964,709,0.5023,0.6569,,,,,,,,,,,
493780465,512569640372,Eye Tracker,LipReading_BJ,10/21/2025,ZJ,Recording54,10/18/2025,10/18/2025,21:15:16.594,13:15:16.594,535262,Timeline1,Tobii I-VT (Fixation),1.241.54219,1080,1920,10.0,2.8,2.1,2.7,0.26,0.2,0.25,10,8,10,4.8,8.1,6.0,0.48,0.81,0.58,18,30,22,2626315505,,,965,710,978,694,953,727,0.07379,0.07723,-0.99428,-0.06201,0.08436,-0.9945,3.729,3.59,3.659,,,,Valid,Valid,226.5,147.0,552.2,295.7,151.3,560.5,267.5,189.9,260.7,198.9,0.5027,0.6577,0.5091,0.6426,0.4962,0.6728,Screen Recording,Screen Recording Recording54.mp4,1920,1080,0,0,960,540,Fixation,3464,1161,964,709,0.5023,0.6569,,,,,,,,,,,
493784466,512569644373,Eye Tracker,LipReading_BJ,10/21/2025,ZJ,Recording54,10/18/2025,10/18/2025,21:15:16.594,13:15:16.594,535262,Timeline1,Tobii I-VT (Fixation),1.241.54219,1080,1920,10.0,2.8,2.1,2.7,0.26,0.2,0.25,10,8,10,4.8,8.1,6.0,0.48,0.81,0.58,18,30,22,2626319506,,,965,710,976,699,955,721,0.0728,0.07979,-0.99415,-0.06095,0.08155,-0.9948,3.737,3.57,3.659,,,,Valid,Valid,226.5,147.0,552.2,295.7,151.3,560.5,267.0,191.3,261.4,197.3,0.5028,0.6574,0.5081,0.6474,0.4974,0.6674,Screen Recording,Screen Recording Recording54.mp4,1920,1080,0,0,960,540,Fixation,3464,1161,964,709,0.5023,0.6569,,,,,,,,,,,
493788465,512569648372,Eye Tracker,LipReading_BJ,10/21/2025,ZJ,Recording54,10/18/2025,10/18/2025,21:15:16.594,13:15:16.594,535262,Timeline1,Tobii I-VT (Fixation),1.241.54219,1080,1920,10.0,2.8,2.1,2.7,0.26,0.2,0.25,10,8,10,4.8,8.1,6.0,0.48,0.81,0.58,18,30,22,2626323505,,,961,718,967,697,954,738,0.06869,0.07897,-0.99451,-0.06144,0.09009,-0.99404,3.723,3.606,3.663,,,,Valid,Valid,226.6,147.0,552.3,295.7,151.3,560.6,264.7,190.9,261.1,202.1,0.5003,0.6648,0.5038,0.6458,0.4969,0.6838,Screen Recording,Screen Recording Recording54.mp4,1920,1080,0,0,960,540,Fixation,3464,1161,964,709,0.5023,0.6569,,,,,,,,,,,
493792466,512569652373,Eye Tracker,LipReading_BJ,10/21/2025,ZJ,Recording54,10/18/2025,10/18/2025,21:15:16.594,13:15:16.594,535262,Timeline1,Tobii I-VT (Fixation),1.241.54219,1080,1920,10.0,2.8,2.1,2.7,0.26,0.2,0.25,10,8,10,4.8,8.1,6.0,0.48,0.81,0.58,18,30,22,2626327506,,,966,717,971,702,960,732,0.07072,0.0812,-0.99419,-0.05857,0.08713,-0.99447,3.752,3.589,3.67,,,,Valid,Valid,226.6,147.0,552.2,295.7,151.3,560.5,265.9,192.1,262.7,200.4,0.503,0.6641,0.506,0.6501,0.5,0.6781,Screen Recording,Screen Recording Recording54.mp4,1920,1080,0,0,960,540,Fixation,3464,1161,964,709,0.5023,0.6569,,,,,,,,,,,
493796466,512569656373,Eye Tracker,LipReading_BJ,10/21/2025,ZJ,Recording54,10/18/2025,10/18/2025,21:15:16.594,13:15:16.594,535262,Timeline1,Tobii I-VT (Fixation),1.241.54219,1080,1920,10.0,2.8,2.1,2.7,0.26,0.2,0.25,10,8,10,4.8,8.1,6.0,0.48,0.81,0.58,18,30,22,2626331506,,,962,712,972,693,951,730,0.07095,0.07675,-0.99452,-0.06279,0.0862,-0.9943,3.76,3.584,3.67,,,,Valid,Valid,226.6,147.0,552.3,295.7,151.3,560.6,266.0,189.6,260.3,199.9,0.5008,0.659,0.5062,0.6416,0.4955,0.6763,Screen Recording,Screen Recording Recording54.mp4,1920,1080,0,0,960,540,Fixation,3464,1161,964,709,0.5023,0.6569,,,,,,,,,,,
493800464,512569660371,Eye Tracker,LipReading_BJ,10/21/2025,ZJ,Recording54,10/18/2025,10/18/2025,21:15:16.594,13:15:16.594,535262,Timeline1,Tobii I-VT (Fixation),1.241.54219,1080,1920,10.0,2.8,2.1,2.7,0.26,0.2,0.25,10,8,10,4.8,8.1,6.0,0.48,0.81,0.58,18,30,22,2626335505,,,964,711,977,694,952,728,0.07334,0.07708,-0.99432,-0.06265,0.08524,-0.99439,3.751,3.618,3.668,,,,Valid,Valid,226.6,147.0,552.3,295.8,151.3,560.6,267.3,189.8,260.4,199.4,0.5022,0.6584,0.5088,0.6423,0.4956,0.6745,Screen Recording,Screen Recording Recording54.mp4,1920,1080,0,0,960,540,Fixation,3464,1161,964,709,0.5023,0.6569,,,,,,,,,,,
493804465,512569664372,Eye Tracker,LipReading_BJ,10/21/2025,ZJ,Recording54,10/18/2025,10/18/2025,21:15:16.594,13:15:16.594,535262,Timeline1,Tobii I-VT (Fixation),1.241.54219,1080,1920,10.0,2.8,2.1,2.7,0.26,0.2,0.25,10,8,10,4.8,8.1,6.0,0.48,0.81,0.58,18,30,22,2626339506,,,956,714,969,705,943,723,0.06922,0.0828,-0.99416,-0.06674,0.0826,-0.99435,3.731,3.569,3.665,,,,Valid,Valid,226.6,147.0,552.3,295.8,151.3,560.6,265.1,193.0,258.1,197.9,0.4979,0.6612,0.5044,0.653,0.4913,0.6694,Screen Recording,Screen Recording Recording54.mp4,1920,1080,0,0,960,540,Fixation,3464,1161,964,709,0.5023,0.6569,,,,,,,,,,,
493808464,512569668371,Eye Tracker,LipReading_BJ,10/21/2025,ZJ,Recording54,10/18/2025,10/18/2025,21:15:16.594,13:15:16.594,535262,Timeline1,Tobii I-VT (Fixation),1.241.54219,1080,1920,10.0,2.8,2.1,2.7,0.26,0.2,0.25,10,8,10,4.8,8.1,6.0,0.48,0.81,0.58,18,30,22,2626343505,,,964,711,975,694,954,729,0.0722,0.07723,-0.9944,-0.06137,0.08531,-0.99446,3.754,3.563,3.664,,,,Valid,Valid,226.6,147.0,552.3,295.8,151.3,560.6,266.7,189.9,261.2,199.4,0.5023,0.6586,0.5076,0.6425,0.4971,0.6746,Screen Recording,Screen Recording Recording54.mp4,1920,1080,0,0,960,540,Fixation,3464,1161,964,709,0.5023,0.6569,,,,,,,,,,,
493812465,512569672372,Eye Tracker,LipReading_BJ,10/21/2025,ZJ,Recording54,10/18/2025,10/18/2025,21:15:16.594,13:15:16.594,535262,Timeline1,Tobii I-VT (Fixation),1.241.54219,1080,1920,10.0,2.8,2.1,2.7,0.26,0.2,0.25,10,8,10,4.8,8.1,6.0,0.48,0.81,0.58,18,30,22,2626347506,,,959,713,973,697,946,729,0.07135,0.0785,-0.99436,-0.06548,0.08549,-0.99418,3.748,3.58,3.66,,,,Valid,Valid,226.6,147.0,552.3,295.8,151.3,560.6,266.3,190.6,258.9,199.5,0.4997,0.66,0.5067,0.6449,0.4927,0.675,Screen Recording,Screen Recording Recording54.mp4,1920,1080,0,0,960,540,Fixation,3464,1161,964,709,0.5023,0.6569,,,,,,,,,,,
493816465,512569676372,Eye Tracker,LipReading_BJ,10/21/2025,ZJ,Recording54,10/18/2025,10/18/2025,21:15:16.594,13:15:16.594,535262,Timeline1,Tobii I-VT (Fixation),1.241.54219,1080,1920,10.0,2.8,2.1,2.7,0.26,0.2,0.25,10,8,10,4.8,8.1,6.0,0.48,0.81,0.58,18,30,22,2626351506,,,956,713,970,694,943,732,0.06981,0.07734,-0.99456,-0.067,0.08689,-0.99396,3.737,3.583,3.664,,,,Valid,Valid,226.7,147.0,552.2,295.8,151.3,560.6,265.4,190.0,258.0,200.3,0.4981,0.6602,0.5051,0.6428,0.491,0.6777,Screen Recording,Screen Recording Recording54.mp4,1920,1080,0,0,960,540,Fixation,3464,1161,964,709,0.5023,0.6569,,,,,,,,,,,
493820464,512569680371,Eye Tracker,LipReading_BJ,10/21/2025,ZJ,Recording54,10/18/2025,10/18/2025,21:15:16.594,13:15:16.594,535262,Timeline1,Tobii I-VT (Fixation),1.241.54219,1080,1920,10.0,2.8,2.1,2.7,0.26,0.2,0.25,10,8,10,4.8,8.1,6.0,0.48,0.81,0.58,18,30,22,2626355505,,,960,713,973,696,947,730,0.07111,0.07844,-0.99438,-0.06491,0.08596,-0.99418,3.739,3.613,3.66,,,,Valid,Valid,226.7,147.0,552.2,295.8,151.3,560.6,266.2,190.6,259.2,199.8,0.4999,0.6604,0.5065,0.6449,0.4933,0.6759,Screen Recording,Screen Recording Recording54.mp4,1920,1080,0,0,960,540,Fixation,3464,1161,964,709,0.5023,0.6569,,,,,,,,,,,
493824465,512569684372,Eye Tracker,LipReading_BJ,10/21/2025,ZJ,Recording54,10/18/2025,10/18/2025,21:15:16.594,13:15:16.594,535262,Timeline1,Tobii I-VT (Fixation),1.241.54219,1080,1920,10.0,2.8,2.1,2.7,0.26,0.2,0.25,10,8,10,4.8,8.1,6.0,0.48,0.81,0.58,18,30,22,2626359506,,,961,717,980,701,941,732,0.07463,0.08074,-0.99394,-0.0678,0.08695,-0.9939,3.747,3.573,3.661,,,,Valid,Valid,226.7,147.0,552.2,295.8,151.3,560.6,268.1,191.9,257.6,200.4,0.5003,0.6636,0.5103,0.6493,0.4902,0.6779,Screen Recording,Screen Recording Recording54.mp4,1920,1080,0,0,960,540,Fixation,3464,1161,964,709,0.5023,0.6569,,,,,,,,,,,
493828464,512569688371,Eye Tracker,LipReading_BJ,10/21/2025,ZJ,Recording54,10/18/2025,10/18/2025,21:15:16.594,13:15:16.594,535262,Timeline1,Tobii I-VT (Fixation),1.241.54219,1080,1920,10.0,2.8,2.1,2.7,0.26,0.2,0.25,10,8,10,4.8,8.1,6.0,0.48,0.81,0.58,18,30,22,2626363505,,,960,712,975,694,944,730,0.07251,0.07709,-0.99438,-0.06646,0.08596,-0.99408,3.724,3.579,3.661,,,,Valid,Valid,226.7,147.0,552.2,295.8,151.3,560.6,267.0,189.8,258.4,199.8,0.4999,0.6592,0.5081,0.6423,0.4917,0.676,Screen Recording,Screen Recording Recording54.mp4,1920,1080,0,0,960,540,Fixation,3464,1161,964,709,0.5023,0.6569,,,,,,,,,,,
493832465,512569692372,Eye Tracker,LipReading_BJ,10/21/2025,ZJ,Recording54,10/18/2025,10/18/2025,21:15:16.594,13:15:16.594,535262,Timeline1,Tobii I-VT (Fixation),1.241.54219,1080,1920,10.0,2.8,2.1,2.7,0.26,0.2,0.25,10,8,10,4.8,8.1,6.0,0.48,0.81,0.58,18,30,22,2626367506,,,959,719,971,704,947,734,0.07031,0.08239,-0.99412,-0.06504,0.0877,-0.99402,3.748,3.605,3.66,,,,Valid,Valid,226.7,147.0,552.2,295.9,151.3,560.6,265.8,192.8,259.2,200.8,0.4995,0.6658,0.5058,0.6522,0.4933,0.6793,Screen Recording,Screen Recording Recording54.mp4,1920,1080,0,0,960,540,Fixation,3464,1161,964,709,0.5023,0.6569,,,,,,,,,,,
493836465,512569696372,Eye Tracker,LipReading_BJ,10/21/2025,ZJ,Recording54,10/18/2025,10/18/2025,21:15:16.594,13:15:16.594,535262,Timeline1,Tobii I-VT (Fixation),1.241.54219,1080,1920,10.0,2.8,2.1,2.7,0.26,0.2,0.25,10,8,10,4.8,8.1,6.0,0.48,0.81,0.58,18,30,22,2626371506,,,956,723,969,707,942,738,0.06919,0.08392,-0.99407,-0.06727,0.08978,-0.99369,3.743,3.576,3.66,,,,Valid,Valid,226.7,147.0,552.3,295.9,151.3,560.6,265.2,193.6,257.9,202.0,0.4978,0.6692,0.5046,0.6551,0.4909,0.6833,Screen Recording,Screen Recording Recording54.mp4,1920,1080,0,0,960,540,Fixation,3464,1161,964,709,0.5023,0.6569,,,,,,,,,,,
493840464,512569700371,Eye Tracker,LipReading_BJ,10/21/2025,ZJ,Recording54,10/18/2025,10/18/2025,21:15:16.594,13:15:16.594,535262,Timeline1,Tobii I-VT (Fixation),1.241.54219,1080,1920,10.0,2.8,2.1,2.7,0.26,0.2,0.25,10,8,10,4.8,8.1,6.0,0.48,0.81,0.58,18,30,22,2626375505,,,961,716,978,702,945,730,0.0735,0.08106,-0.994,-0.06623,0.08572,-0.99412,3.744,3.576,3.66,,,,Valid,Valid,226.7,147.0,552.3,295.9,151.3,560.6,267.6,192.0,258.5,199.7,0.5006,0.6626,0.5092,0.6497,0.492,0.6755,Screen Recording,Screen Recording Recording54.mp4,1920,1080,0,0,960,540,Fixation,3464,1161,964,709,0.5023,0.6569,,,,,,,,,,,
493844465,512569704372,Eye Tracker,LipReading_BJ,10/21/2025,ZJ,Recording54,10/18/2025,10/18/2025,21:15:16.594,13:15:16.594,535262,Timeline1,Tobii I-VT (Fixation),1.241.54219,1080,1920,10.0,2.8,2.1,2.7,0.26,0.2,0.25,10,8,10,4.8,8.1,6.0,0.48,0.81,0.58,18,30,22,2626379506,,,965,718,971,700,958,736,0.07012,0.08016,-0.99431,-0.05959,0.0888,-0.99427,3.749,3.576,3.66,,,,Valid,Valid,226.7,147.0,552.3,295.9,151.3,560.6,265.7,191.5,262.3,201.4,0.5024,0.6647,0.5057,0.6479,0.4992,0.6814,Screen Recording,Screen Recording Recording54.mp4,1920,1080,0,0,960,540,Fixation,3464,1161,964,709,0.5023,0.6569,,,,,,,,,,,
493848464,512569708371,Eye Tracker,LipReading_BJ,10/21/2025,ZJ,Recording54,10/18/2025,10/18/2025,21:15:16.594,13:15:16.594,535262,Timeline1,Tobii I-VT (Fixation),1.241.54219,1080,1920,10.0,2.8,2.1,2.7,0.26,0.2,0.25,10,8,10,4.8,8.1,6.0,0.48,0.81,0.58,18,30,22,2626383505,,,955,714,962,705,948,724,0.0659,0.08274,-0.99439,-0.06455,0.08302,-0.99445,3.732,3.581,3.662,,,,Valid,Valid,226.8,147.0,552.3,295.9,151.3,560.6,263.4,192.9,259.5,198.1,0.4976,0.6616,0.5012,0.6528,0.4939,0.6703,Screen Recording,Screen Recording Recording54.mp4,1920,1080,0,0,960,540,Fixation,3464,1161,964,709,0.5023,0.6569,,,,,,,,,,,
493852465,512569712372,Eye Tracker,LipReading_BJ,10/21/2025,ZJ,Recording54,10/18/2025,10/18/2025,21:15:16.594,13:15:16.594,535262,Timeline1,Tobii I-VT (Fixation),1.241.54219,1080,1920,10.0,2.8,2.1,2.7,0.26,0.2,0.25,10,8,10,4.8,8.1,6.0,0.48,0.81,0.58,18,30,22,2626387506,,,965,713,976,699,954,726,0.07276,0.07993,-0.99414,-0.0618,0.08415,-0.99453,3.752,3.582,3.665,,,,Valid,Valid,226.8,147.0,552.4,295.9,151.3,560.6,267.2,191.4,261.1,198.7,0.5027,0.66,0.5085,0.6475,0.4969,0.6724,Screen Recording,Screen Recording Recording54.mp4,1920,1080,0,0,960,540,Fixation,3464,1161,964,709,0.5023,0.6569,,,,,,,,,,,
493856465,512569716372,Eye Tracker,LipReading_BJ,10/21/2025,ZJ,Recording54,10/18/2025,10/18/2025,21:15:16.594,13:15:16.594,535262,Timeline1,Tobii I-VT (Fixation),1.241.54219,1080,1920,10.0,2.8,2.1,2.7,0.26,0.2,0.25,10,8,10,4.8,8.1,6.0,0.48,0.81,0.58,18,30,22,2626391506,,,964,718,977,702,952,735,0.07283,0.08129,-0.99403,-0.06292,0.08827,-0.99411,3.736,3.586,3.669,,,,Valid,Valid,226.8,147.0,552.3,296.0,151.3,560.6,267.3,192.2,260.5,201.1,0.5022,0.6653,0.5087,0.6501,0.4957,0.6804,Screen Recording,Screen Recording Recording54.mp4,1920,1080,0,0,960,540,Fixation,3464,1161,964,709,0.5023,0.6569,,,,,,,,,,,
493860464,512569720371,Eye Tracker,LipReading_BJ,10/21/2025,ZJ,Recording54,10/18/2025,10/18/2025,21:15:16.594,13:15:16.594,535262,Timeline1,Tobii I-VT (Fixation),1.241.54219,1080,1920,10.0,2.8,2.1,2.7,0.26,0.2,0.25,10,8,10,4.8,8.1,6.0,0.48,0.81,0.58,18,30,22,2626395505,,,965,714,979,699,951,729,0.07392,0.0797,-0.99407,-0.06352,0.08562,-0.9943,3.773,3.588,3.673,,,,Valid,Valid,226.8,147.0,552.3,296.0,151.3,560.7,267.9,191.3,260.2,199.6,0.5025,0.6612,0.5098,0.6471,0.4951,0.6753,Screen Recording,Screen Recording Recording54.mp4,1920,1080,0,0,960,540,Fixation,3464,1161,964,709,0.5023,0.6569,,,,,,,,,,,
493864465,512569724372,Eye Tracker,LipReading_BJ,10/21/2025,ZJ,Recording54,10/18/2025,10/18/2025,21:15:16.594,13:15:16.594,535262,Timeline1,Tobii I-VT (Fixation),1.241.54219,1080,1920,10.0,2.8,2.1,2.7,0.26,0.2,0.25,10,8,10,4.8,8.1,6.0,0.48,0.81,0.58,18,30,22,2626399506,,,967,712,982,702,953,723,0.07518,0.08102,-0.99387,-0.06218,0.08274,-0.99463,3.766,3.609,3.674,,,,Valid,Valid,226.8,147.0,552.2,296.0,151.3,560.7,268.6,192.0,260.9,197.9,0.5039,0.6597,0.5112,0.6497,0.4966,0.6697,Screen Recording,Screen Recording Recording54.mp4,1920,1080,0,0,960,540,Fixation,3464,1161,964,709,0.5023,0.6569,,,,,,,,,,,
493868464,512569728371,Eye Tracker,LipReading_BJ,10/21/2025,ZJ,Recording54,10/18/2025,10/18/2025,21:15:16.594,13:15:16.594,535262,Timeline1,Tobii I-VT (Fixation),1.241.54219,1080,1920,10.0,2.8,2.1,2.7,0.26,0.2,0.25,10,8,10,4.8,8.1,6.0,0.48,0.81,0.58,18,30,22,2626403505,,,960,714,971,700,949,728,0.06976,0.08007,-0.99435,-0.06428,0.08499,-0.99431,3.76,3.569,3.678,,,,Valid,Valid,226.9,147.0,552.2,296.0,151.3,560.7,265.6,191.5,259.8,199.2,0.4999,0.661,0.5055,0.6478,0.4944,0.6741,Screen Recording,Screen Recording Recording54.mp4,1920,1080,0,0,960,540,Fixation,3464,1161,964,709,0.5023,0.6569,,,,,,,,,,,
493872465,512569732372,Eye Tracker,LipReading_BJ,10/21/2025,ZJ,Recording54,10/18/2025,10/18/2025,21:15:16.594,13:15:16.594,535262,Timeline1,Tobii I-VT (Fixation),1.241.54219,1080,1920,10.0,2.8,2.1,2.7,0.26,0.2,0.25,10,8,10,4.8,8.1,6.0,0.48,0.81,0.58,18,30,22,2626407506,,,968,720,984,704,953,736,0.07641,0.08213,-0.99369,-0.06263,0.08868,-0.99409,3.759,3.6,3.678,,,,Valid,Valid,226.9,147.0,552.2,296.0,151.3,560.6,269.3,192.6,260.7,201.3,0.5044,0.6665,0.5126,0.6518,0.4962,0.6812,Screen Recording,Screen Recording Recording54.mp4,1920,1080,0,0,960,540,Fixation,3464,1161,964,709,0.5023,0.6569,,,,,,,,,,,
493876465,512569736372,Eye Tracker,LipReading_BJ,10/21/2025,ZJ,Recording54,10/18/2025,10/18/2025,21:15:16.594,13:15:16.594,535262,Timeline1,Tobii I-VT (Fixation),1.241.54219,1080,1920,10.0,2.8,2.1,2.7,0.26,0.2,0.25,10,8,10,4.8,8.1,6.0,0.48,0.81,0.58,18,30,22,2626411506,,,961,715,979,708,944,721,0.0737,0.08402,-0.99374,-0.06694,0.08175,-0.9944,3.754,3.595,3.678,,,,Valid,Valid,226.9,147.0,552.3,296.0,151.3,560.7,267.9,193.7,258.3,197.4,0.5007,0.6616,0.5098,0.6553,0.4916,0.6679,Screen Recording,Screen Recording Recording54.mp4,1920,1080,0,0,960,540,Fixation,3464,1161,964,709,0.5023,0.6569,,,,,,,,,,,
493880463,512569740370,Eye Tracker,LipReading_BJ,10/21/2025,ZJ,Recording54,10/18/2025,10/18/2025,21:15:16.594,13:15:16.594,535262,Timeline1,Tobii I-VT (Fixation),1.241.54219,1080,1920,10.0,2.8,2.1,2.7,0.26,0.2,0.25,10,8,10,4.8,8.1,6.0,0.48,0.81,0.58,18,30,22,2626415504,,,959,710,976,694,941,727,0.07253,0.07734,-0.99436,-0.06849,0.08446,-0.99407,3.776,3.595,3.679,,,,Valid,Valid,226.9,147.0,552.3,296.1,151.3,560.7,267.2,189.9,257.4,198.9,0.4992,0.6579,0.5085,0.6426,0.4899,0.6731,Screen Recording,Screen Recording Recording54.mp4,1920,1080,0,0,960,540,Fixation,3464,1161,964,709,0.5023,0.6569,,,,,,,,,,,
493884464,512569744371,Eye Tracker,LipReading_BJ,10/21/2025,ZJ,Recording54,10/18/2025,10/18/2025,21:15:16.594,13:15:16.594,535262,Timeline1,Tobii I-VT (Fixation),1.241.54219,1080,1920,10.0,2.8,2.1,2.7,0.26,0.2,0.25,10,8,10,4.8,8.1,6.0,0.48,0.81,0.58,18,30,22,2626419505,,,967,720,977,705,956,736,0.07289,0.08251,-0.99392,-0.06117,0.08892,-0.99416,3.772,3.607,3.683,,,,Valid,Valid,226.9,147.0,552.3,296.1,151.3,560.6,267.4,192.8,261.6,201.5,0.5034,0.667,0.509,0.6524,0.4978,0.6816,Screen Recording,Screen Recording Recording54.mp4,1920,1080,0,0,960,540,Fixation,3464,1161,964,709,0.5023,0.6569,,,,,,,,,,,
493888463,512569748370,Eye Tracker,LipReading_BJ,10/21/2025,ZJ,Recording54,10/18/2025,10/18/2025,21:15:16.594,13:15:16.594,535262,Timeline1,Tobii I-VT (Fixation),1.241.54219,1080,1920,10.0,2.8,2.1,2.7,0.26,0.2,0.25,10,8,10,4.8,8.1,6.0,0.48,0.81,0.58,18,30,22,2626423504,,,965,724,980,710,950,737,0.07413,0.08541,-0.99358,-0.06384,0.08911,-0.99397,3.754,3.604,3.687,,,,Valid,Valid,227.0,147.0,552.3,296.1,151.3,560.7,268.2,194.4,260.1,201.6,0.5027,0.6699,0.5104,0.6579,0.495,0.682,Screen Recording,Screen Recording Recording54.mp4,1920,1080,0,0,960,540,Fixation,3464,1161,964,709,0.5023,0.6569,,,,,,,,,,,
493892464,512569752371,Eye Tracker,LipReading_BJ,10/21/2025,ZJ,Recording54,10/18/2025,10/18/2025,21:15:16.594,13:15:16.594,535262,Timeline1,Tobii I-VT (Fixation),1.241.54219,1080,1920,10.0,2.8,2.1,2.7,0.26,0.2,0.25,10,8,10,4.8,8.1,6.0,0.48,0.81,0.58,18,30,22,2626427505,,,963,719,978,706,948,731,0.07342,0.08323,-0.99382,-0.06489,0.08661,-0.99413,3.77,3.584,3.683,,,,Valid,Valid,227.0,147.0,552.3,296.1,151.3,560.7,267.8,193.2,259.5,200.2,0.5018,0.6655,0.5096,0.6538,0.4939,0.6772,Screen Recording,Screen Recording Recording54.mp4,1920,1080,0,0,960,540,Fixation,3464,1161,964,709,0.5023,0.6569,,,,,,,,,,,
493896464,512569756371,Eye Tracker,LipReading_BJ,10/21/2025,ZJ,Recording54,10/18/2025,10/18/2025,21:15:16.594,13:15:16.594,535262,Timeline1,Tobii I-VT (Fixation),1.241.54219,1080,1920,10.0,2.8,2.1,2.7,0.26,0.2,0.25,10,8,10,4.8,8.1,6.0,0.48,0.81,0.58,18,30,22,2626431505,,,956,715,968,703,944,727,0.06833,0.08194,-0.99429,-0.06708,0.08465,-0.99415,3.763,3.612,3.682,,,,Valid,Valid,227.0,147.0,552.3,296.1,151.3,560.7,265.0,192.5,258.3,199.0,0.4979,0.6623,0.5042,0.6512,0.4916,0.6734,Screen Recording,Screen Recording Recording54.mp4,1920,1080,0,0,960,540,Fixation,3464,1161,964,709,0.5023,0.6569,,,,,,,,,,,
493900463,512569760370,Eye Tracker,LipReading_BJ,10/21/2025,ZJ,Recording54,10/18/2025,10/18/2025,21:15:16.594,13:15:16.594,535262,Timeline1,Tobii I-VT (Fixation),1.241.54219,1080,1920,10.0,2.8,2.1,2.7,0.26,0.2,0.25,10,8,10,4.8,8.1,6.0,0.48,0.81,0.58,18,30,22,2626435504,,,964,720,976,706,951,735,0.07209,0.08319,-0.99392,-0.0634,0.08839,-0.99407,3.761,3.601,3.677,,,,Valid,Valid,227.0,147.0,552.3,296.1,151.3,560.7,267.1,193.2,260.4,201.2,0.5019,0.6671,0.5083,0.6536,0.4956,0.6806,Screen Recording,Screen Recording Recording54.mp4,1920,1080,0,0,960,540,Fixation,3464,1161,964,709,0.5023,0.6569,,,,,,,,,,,
493904464,512569764371,Eye Tracker,LipReading_BJ,10/21/2025,ZJ,Recording54,10/18/2025,10/18/2025,21:15:16.594,13:15:16.594,535262,Timeline1,Tobii I-VT (Fixation),1.241.54219,1080,1920,10.0,2.8,2.1,2.7,0.26,0.2,0.25,10,8,10,4.8,8.1,6.0,0.48,0.81,0.58,18,30,22,2626439505,,,958,717,973,701,943,732,0.07085,0.08098,-0.99419,-0.06745,0.0868,-0.99394,3.769,3.578,3.682,,,,Valid,Valid,227.0,147.0,552.3,296.2,151.3,560.7,266.4,192.0,258.1,200.3,0.4991,0.6635,0.507,0.6494,0.4912,0.6776,Screen Recording,Screen Recording Recording54.mp4,1920,1080,0,0,960,540,Fixation,3464,1161,964,709,0.5023,0.6569,,,,,,,,,,,
493908462,512569768369,Eye Tracker,LipReading_BJ,10/21/2025,ZJ,Recording54,10/18/2025,10/18/2025,21:15:16.594,13:15:16.594,535262,Timeline1,Tobii I-VT (Fixation),1.241.54219,1080,1920,10.0,2.8,2.1,2.7,0.26,0.2,0.25,10,8,10,4.8,8.1,6.0,0.48,0.81,0.58,18,30,22,2626443504,,,967,719,981,706,953,732,0.07448,0.08317,-0.99375,-0.06253,0.08679,-0.99426,3.784,3.585,3.682,,,,Valid,Valid,227.1,147.0,552.3,296.2,151.3,560.7,268.4,193.2,260.9,200.2,0.5037,0.6656,0.5109,0.6536,0.4966,0.6775,Screen Recording,Screen Recording Recording54.mp4,1920,1080,0,0,960,540,Fixation,3464,1161,964,709,0.5023,0.6569,,,,,,,,,,,
493912463,512569772370,Eye Tracker,LipReading_BJ,10/21/2025,ZJ,Recording54,10/18/2025,10/18/2025,21:15:16.594,13:15:16.594,535262,Timeline1,Tobii I-VT (Fixation),1.241.54219,1080,1920,10.0,2.8,2.1,2.7,0.26,0.2,0.25,10,8,10,4.8,8.1,6.0,0.48,0.81,0.58,18,30,22,2626447505,,,966,717,984,708,948,726,0.07572,0.08416,-0.99357,-0.06505,0.08408,-0.99433,3.782,3.595,3.681,,,,Valid,Valid,227.1,147.0,552.3,296.2,151.3,560.7,269.2,193.7,259.5,198.7,0.5031,0.6639,0.5123,0.6555,0.4939,0.6723,Screen Recording,Screen Recording Recording54.mp4,1920,1080,0,0,960,540,Fixation,3464,1161,964,709,0.5023,0.6569,,,,,,,,,,,
493916463,512569776370,Eye Tracker,LipReading_BJ,10/21/2025,ZJ,Recording54,10/18/2025,10/18/2025,21:15:16.594,13:15:16.594,535262,Timeline1,Tobii I-VT (Fixation),1.241.54219,1080,1920,10.0,2.8,2.1,2.7,0.26,0.2,0.25,10,8,10,4.8,8.1,6.0,0.48,0.81,0.58,18,30,22,2626451505,,,964,726,974,711,954,742,0.0712,0.08556,-0.99379,-0.06221,0.09153,-0.99386,3.762,3.632,3.678,,,,Valid,Valid,227.1,146.9,552.4,296.2,151.3,560.7,266.7,194.5,261.1,202.9,0.5022,0.6723,0.5075,0.658,0.497,0.6866,Screen Recording,Screen Recording Recording54.mp4,1920,1080,0,0,960,540,Fixation,3464,1161,964,709,0.5023,0.6569,,,,,,,,,,,
493920462,512569780369,Eye Tracker,LipReading_BJ,10/21/2025,ZJ,Recording54,10/18/2025,10/18/2025,21:15:16.594,13:15:16.594,535262,Timeline1,Tobii I-VT (Fixation),1.241.54219,1080,1920,10.0,2.8,2.1,2.7,0.26,0.2,0.25,10,8,10,4.8,8.1,6.0,0.48,0.81,0.58,18,30,22,2626455504,,,959,720,972,711,945,729,0.07009,0.08583,-0.99384,-0.06668,0.08558,-0.9941,3.752,3.594,3.678,,,,Valid,Valid,227.1,146.9,552.4,296.2,151.3,560.7,266.1,194.6,258.6,199.6,0.4993,0.6668,0.5064,0.6585,0.4922,0.6752,Screen Recording,Screen Recording Recording54.mp4,1920,1080,0,0,960,540,Fixation,3464,1161,964,709,0.5023,0.6569,,,,,,,,,,,
493924463,512569784370,Eye Tracker,LipReading_BJ,10/21/2025,ZJ,Recording54,10/18/2025,10/18/2025,21:15:16.594,13:15:16.594,535262,Timeline1,Tobii I-VT (Fixation),1.241.54219,1080,1920,10.0,2.8,2.1,2.7,0.26,0.2,0.25,10,8,10,4.8,8.1,6.0,0.48,0.81,0.58,18,30,22,2626459505,,,960,720,976,708,943,732,0.07214,0.08435,-0.99382,-0.06747,0.08701,-0.99392,3.76,3.602,3.678,,,,Valid,Valid,227.1,146.9,552.4,296.3,151.3,560.7,267.2,193.8,258.2,200.4,0.5,0.6668,0.5086,0.6557,0.4914,0.678,Screen Recording,Screen Recording Recording54.mp4,1920,1080,0,0,960,540,Fixation,3464,1161,964,709,0.5023,0.6569,,,,,,,,,,,
493928462,512569788369,Eye Tracker,LipReading_BJ,10/21/2025,ZJ,Recording54,10/18/2025,10/18/2025,21:15:16.594,13:15:16.594,535262,Timeline1,Tobii I-VT (Fixation),1.241.54219,1080,1920,10.0,2.8,2.1,2.7,0.26,0.2,0.25,10,8,10,4.8,8.1,6.0,0.48,0.81,0.58,18,30,22,2626463504,,,966,718,979,704,953,732,0.07334,0.08242,-0.9939,-0.06268,0.08689,-0.99424,3.755,3.596,3.678,,,,Valid,Valid,227.2,146.9,552.4,296.3,151.3,560.7,267.9,192.7,260.9,200.3,0.5032,0.6649,0.5099,0.652,0.4966,0.6777,Screen Recording,Screen Recording Recording54.mp4,1920,1080,0,0,960,540,Fixation,3464,1161,964,709,0.5023,0.6569,,,,,,,,,,,
493932463,512569792370,Eye Tracker,LipReading_BJ,10/21/2025,ZJ,Recording54,10/18/2025,10/18/2025,21:15:16.594,13:15:16.594,535262,Timeline1,Tobii I-VT (Fixation),1.241.54219,1080,1920,10.0,2.8,2.1,2.7,0.26,0.2,0.25,10,8,10,4.8,8.1,6.0,0.48,0.81,0.58,18,30,22,2626467505,,,966,720,979,707,952,732,0.07343,0.08391,-0.99376,-0.06338,0.08697,-0.99419,3.759,3.596,3.678,,,,Valid,Valid,227.2,146.9,552.3,296.3,151.3,560.8,268.0,193.5,260.6,200.3,0.503,0.6663,0.51,0.6548,0.4959,0.6778,Screen Recording,Screen Recording Recording54.mp4,1920,1080,0,0,960,540,Fixation,3464,1161,964,709,0.5023,0.6569,,,,,,,,,,,
493936463,512569796370,Eye Tracker,LipReading_BJ,10/21/2025,ZJ,Recording54,10/18/2025,10/18/2025,21:15:16.594,13:15:16.594,535262,Timeline1,Tobii I-VT (Fixation),1.241.54219,1080,1920,10.0,2.8,2.1,2.7,0.26,0.2,0.25,10,8,10,4.8,8.1,6.0,0.48,0.81,0.58,18,30,22,2626471505,,,963,724,976,713,949,735,0.07201,0.08692,-0.99361,-0.06486,0.08823,-0.99399,3.779,3.589,3.682,,,,Valid,Valid,227.2,146.9,552.3,296.3,151.3,560.8,267.2,195.2,259.7,201.1,0.5015,0.6704,0.5086,0.6605,0.4943,0.6802,Screen Recording,Screen Recording Recording54.mp4,1920,1080,0,0,960,540,Fixation,3464,1161,964,709,0.5023,0.6569,,,,,,,,,,,
493940462,512569800369,Eye Tracker,LipReading_BJ,10/21/2025,ZJ,Recording54,10/18/2025,10/18/2025,21:15:16.594,13:15:16.594,535262,Timeline1,Tobii I-VT (Fixation),1.241.54219,1080,1920,10.0,2.8,2.1,2.7,0.26,0.2,0.25,10,8,10,4.8,8.1,6.0,0.48,0.81,0.58,18,30,22,2626475504,,,964,721,974,710,954,731,0.0708,0.08531,-0.99384,-0.06246,0.0865,-0.99429,3.769,3.611,3.686,,,,Valid,Valid,227.2,146.9,552.3,296.4,151.3,560.8,266.6,194.3,261.1,200.1,0.5021,0.6672,0.5073,0.6575,0.497,0.6769,Screen Recording,Screen Recording Recording54.mp4,1920,1080,0,0,960,540,Fixation,3464,1161,964,709,0.5023,0.6569,,,,,,,,,,,
493942283,512569802190,Mouse,LipReading_BJ,10/21/2025,ZJ,Recording54,10/18/2025,10/18/2025,21:15:16.594,13:15:16.594,535262,Timeline1,Tobii I-VT (Fixation),1.241.54219,1080,1920,10.0,2.8,2.1,2.7,0.26,0.2,0.25,10,8,10,4.8,8.1,6.0,0.48,0.81,0.58,18,30,22,,,,,,,,,,,,,,,,,,,,,,,,,,,,,,,,,,,,,,,,Screen Recording,Screen Recording Recording54.mp4,1920,1080,0,0,960,540,Fixation,3464,1161,964,709,0.5023,0.6569,,,,,,,,,,964,978
493944463,512569804370,Eye Tracker,LipReading_BJ,10/21/2025,ZJ,Recording54,10/18/2025,10/18/2025,21:15:16.594,13:15:16.594,535262,Timeline1,Tobii I-VT (Fixation),1.241.54219,1080,1920,10.0,2.8,2.1,2.7,0.26,0.2,0.25,10,8,10,4.8,8.1,6.0,0.48,0.81,0.58,18,30,22,2626479505,,,963,722,974,707,953,737,0.07077,0.08366,-0.99398,-0.06319,0.08936,-0.99399,3.776,3.618,3.693,,,,Valid,Valid,227.3,146.9,552.3,296.4,151.3,560.8,266.6,193.4,260.7,201.7,0.5018,0.6683,0.5073,0.6543,0.4962,0.6824,Screen Recording,Screen Recording Recording54.mp4,1920,1080,0,0,960,540,Fixation,3464,1161,964,709,0.5023,0.6569,,,,,,,,,,,
493948462,512569808369,Eye Tracker,LipReading_BJ,10/21/2025,ZJ,Recording54,10/18/2025,10/18/2025,21:15:16.594,13:15:16.594,535262,Timeline1,Tobii I-VT (Fixation),1.241.54219,1080,1920,10.0,2.8,2.1,2.7,0.26,0.2,0.25,10,8,10,4.8,8.1,6.0,0.48,0.81,0.58,18,30,22,2626483504,,,955,723,967,718,943,729,0.06707,0.08906,-0.99377,-0.06775,0.08545,-0.99404,3.779,3.57,3.69,,,,Valid,Valid,227.3,146.9,552.3,296.4,151.3,560.8,264.6,196.4,258.2,199.5,0.4974,0.6697,0.5035,0.6644,0.4914,0.6749,Screen Recording,Screen Recording Recording54.mp4,1920,1080,0,0,960,540,Fixation,3464,1161,964,709,0.5023,0.6569,,,,,,,,,,,
493952463,512569812370,Eye Tracker,LipReading_BJ,10/21/2025,ZJ,Recording54,10/18/2025,10/18/2025,21:15:16.594,13:15:16.594,535262,Timeline1,Tobii I-VT (Fixation),1.241.54219,1080,1920,10.0,2.8,2.1,2.7,0.26,0.2,0.25,10,8,10,4.8,8.1,6.0,0.48,0.81,0.58,18,30,22,2626487505,,,965,724,971,715,959,733,0.06905,0.08779,-0.99374,-0.06044,0.08725,-0.99435,3.751,3.611,3.682,,,,Valid,Valid,227.3,146.9,552.4,296.4,151.3,560.8,265.7,195.7,262.3,200.5,0.5025,0.6702,0.5056,0.662,0.4993,0.6783,Screen Recording,Screen Recording Recording54.mp4,1920,1080,0,0,960,540,Fixation,3464,1161,964,709,0.5023,0.6569,,,,,,,,,,,
493955688,512569815595,Mouse,LipReading_BJ,10/21/2025,ZJ,Recording54,10/18/2025,10/18/2025,21:15:16.594,13:15:16.594,535262,Timeline1,Tobii I-VT (Fixation),1.241.54219,1080,1920,10.0,2.8,2.1,2.7,0.26,0.2,0.25,10,8,10,4.8,8.1,6.0,0.48,0.81,0.58,18,30,22,,,,,,,,,,,,,,,,,,,,,,,,,,,,,,,,,,,,,,,,Screen Recording,Screen Recording Recording54.mp4,1920,1080,0,0,960,540,Fixation,3464,1161,964,709,0.5023,0.6569,,,,,,,,,,965,976
493956463,512569816370,Eye Tracker,LipReading_BJ,10/21/2025,ZJ,Recording54,10/18/2025,10/18/2025,21:15:16.594,13:15:16.594,535262,Timeline1,Tobii I-VT (Fixation),1.241.54219,1080,1920,10.0,2.8,2.1,2.7,0.26,0.2,0.25,10,8,10,4.8,8.1,6.0,0.48,0.81,0.58,18,30,22,2626491505,,,966,719,974,708,958,731,0.07075,0.0842,-0.99393,-0.06079,0.08629,-0.99441,3.769,3.593,3.681,,,,Valid,Valid,227.3,146.9,552.4,296.5,151.3,560.8,266.6,193.6,262.2,199.9,0.5032,0.6658,0.5075,0.6552,0.499,0.6765,Screen Recording,Screen Recording Recording54.mp4,1920,1080,0,0,960,540,Fixation,3464,1161,964,709,0.5023,0.6569,,,,,,,,,,,
493960462,512569820369,Eye Tracker,LipReading_BJ,10/21/2025,ZJ,Recording54,10/18/2025,10/18/2025,21:15:16.594,13:15:16.594,535262,Timeline1,Tobii I-VT (Fixation),1.241.54219,1080,1920,10.0,2.8,2.1,2.7,0.26,0.2,0.25,10,8,10,4.8,8.1,6.0,0.48,0.81,0.58,18,30,22,2626495504,,,964,717,979,710,948,725,0.07298,0.08534,-0.99368,-0.06552,0.08338,-0.99436,3.771,3.591,3.682,,,,Valid,Valid,227.4,146.9,552.4,296.5,151.3,560.7,267.9,194.3,259.5,198.3,0.5019,0.6642,0.5099,0.6574,0.4939,0.6709,Screen Recording,Screen Recording Recording54.mp4,1920,1080,0,0,960,540,Fixation,3464,1161,964,709,0.5023,0.6569,,,,,,,,,,,
493964463,512569824370,Eye Tracker,LipReading_BJ,10/21/2025,ZJ,Recording54,10/18/2025,10/18/2025,21:15:16.594,13:15:16.594,535262,Timeline1,Tobii I-VT (Fixation),1.241.54219,1080,1920,10.0,2.8,2.1,2.7,0.26,0.2,0.25,10,8,10,4.8,8.1,6.0,0.48,0.81,0.58,18,30,22,2626499505,,,965,716,977,707,954,725,0.07173,0.08371,-0.9939,-0.06274,0.08345,-0.99454,3.78,3.58,3.684,,,,Valid,Valid,227.4,146.9,552.3,296.5,151.3,560.8,267.2,193.4,261.1,198.3,0.5028,0.6627,0.5086,0.6543,0.497,0.671,Screen Recording,Screen Recording Recording54.mp4,1920,1080,0,0,960,540,Fixation,3464,1161,964,709,0.5023,0.6569,,,,,,,,,,,
493967677,512569827584,Mouse,LipReading_BJ,10/21/2025,ZJ,Recording54,10/18/2025,10/18/2025,21:15:16.594,13:15:16.594,535262,Timeline1,Tobii I-VT (Fixation),1.241.54219,1080,1920,10.0,2.8,2.1,2.7,0.26,0.2,0.25,10,8,10,4.8,8.1,6.0,0.48,0.81,0.58,18,30,22,,,,,,,,,,,,,,,,,,,,,,,,,,,,,,,,,,,,,,,,Screen Recording,Screen Recording Recording54.mp4,1920,1080,0,0,960,540,Fixation,3464,1161,964,709,0.5023,0.6569,,,,,,,,,,966,975
493968462,512569828369,Eye Tracker,LipReading_BJ,10/21/2025,ZJ,Recording54,10/18/2025,10/18/2025,21:15:16.594,13:15:16.594,535262,Timeline1,Tobii I-VT (Fixation),1.241.54219,1080,1920,10.0,2.8,2.1,2.7,0.26,0.2,0.25,10,8,10,4.8,8.1,6.0,0.48,0.81,0.58,18,30,22,2626503504,,,968,718,980,713,956,724,0.0736,0.08665,-0.99352,-0.06196,0.0832,-0.9946,3.774,3.625,3.689,,,,Valid,Valid,227.4,146.9,552.3,296.5,151.3,560.8,268.3,195.0,261.6,198.2,0.5043,0.6652,0.5107,0.6599,0.4979,0.6705,Screen Recording,Screen Recording Recording54.mp4,1920,1080,0,0,960,540,Fixation,3464,1161,964,709,0.5023,0.6569,,,,,,,,,,,
493972463,512569832370,Eye Tracker,LipReading_BJ,10/21/2025,ZJ,Recording54,10/18/2025,10/18/2025,21:15:16.594,13:15:16.594,535262,Timeline1,Tobii I-VT (Fixation),1.241.54219,1080,1920,10.0,2.8,2.1,2.7,0.26,0.2,0.25,10,8,10,4.8,8.1,6.0,0.48,0.81,0.58,18,30,22,2626507505,,,959,722,972,709,946,736,0.06926,0.08491,-0.99398,-0.06653,0.08886,-0.99382,3.783,3.609,3.691,,,,Valid,Valid,227.4,146.9,552.3,296.6,151.3,560.8,265.9,194.0,259.0,201.4,0.4995,0.669,0.5061,0.6565,0.4929,0.6814,Screen Recording,Screen Recording Recording54.mp4,1920,1080,0,0,960,540,Fixation,3464,1161,964,709,0.5023,0.6569,,,,,,,,,,,
493976463,512569836370,Eye Tracker,LipReading_BJ,10/21/2025,ZJ,Recording54,10/18/2025,10/18/2025,21:15:16.594,13:15:16.594,535262,Timeline1,Tobii I-VT (Fixation),1.241.54219,1080,1920,10.0,2.8,2.1,2.7,0.26,0.2,0.25,10,8,10,4.8,8.1,6.0,0.48,0.81,0.58,18,30,22,2626511505,,,964,717,973,706,955,728,0.06993,0.08359,-0.99404,-0.06243,0.08517,-0.99441,3.76,3.605,3.695,,,,Valid,Valid,227.5,146.9,552.3,296.6,151.3,560.8,266.3,193.3,261.4,199.3,0.5021,0.6642,0.5068,0.654,0.4974,0.6743,Screen Recording,Screen Recording Recording54.mp4,1920,1080,0,0,960,540,Fixation,3464,1161,964,709,0.5023,0.6569,,,,,,,,,,,
493979639,512569839546,Mouse,LipReading_BJ,10/21/2025,ZJ,Recording54,10/18/2025,10/18/2025,21:15:16.594,13:15:16.594,535262,Timeline1,Tobii I-VT (Fixation),1.241.54219,1080,1920,10.0,2.8,2.1,2.7,0.26,0.2,0.25,10,8,10,4.8,8.1,6.0,0.48,0.81,0.58,18,30,22,,,,,,,,,,,,,,,,,,,,,,,,,,,,,,,,,,,,,,,,Screen Recording,Screen Recording Recording54.mp4,1920,1080,0,0,960,540,Fixation,3464,1161,964,709,0.5023,0.6569,,,,,,,,,,968,974
493980462,512569840369,Eye Tracker,LipReading_BJ,10/21/2025,ZJ,Recording54,10/18/2025,10/18/2025,21:15:16.594,13:15:16.594,535262,Timeline1,Tobii I-VT (Fixation),1.241.54219,1080,1920,10.0,2.8,2.1,2.7,0.26,0.2,0.25,10,8,10,4.8,8.1,6.0,0.48,0.81,0.58,18,30,22,2626515504,,,974,719,983,703,964,735,0.07475,0.08215,-0.99381,-0.0581,0.08845,-0.99438,3.77,3.641,3.69,,,,Valid,Valid,227.5,146.8,552.4,296.6,151.3,560.8,269.0,192.5,263.8,201.2,0.5071,0.6659,0.512,0.6513,0.5021,0.6806,Screen Recording,Screen Recording Recording54.mp4,1920,1080,0,0,960,540,Fixation,3464,1161,964,709,0.5023,0.6569,,,,,,,,,,,
493984463,512569844370,Eye Tracker,LipReading_BJ,10/21/2025,ZJ,Recording54,10/18/2025,10/18/2025,21:15:16.594,13:15:16.594,535262,Timeline1,Tobii I-VT (Fixation),1.241.54219,1080,1920,10.0,2.8,2.1,2.7,0.26,0.2,0.25,10,8,10,4.8,8.1,6.0,0.48,0.81,0.58,18,30,22,2626519505,,,963,713,972,695,954,731,0.06908,0.07808,-0.99455,-0.06297,0.08669,-0.99424,3.771,3.619,3.69,,,,Valid,Valid,227.5,146.8,552.4,296.6,151.3,560.8,265.9,190.2,261.1,200.2,0.5015,0.6603,0.506,0.6435,0.4969,0.6772,Screen Recording,Screen Recording Recording54.mp4,1920,1080,0,0,960,540,Fixation,3464,1161,964,709,0.5023,0.6569,,,,,,,,,,,
493988462,512569848369,Eye Tracker,LipReading_BJ,10/21/2025,ZJ,Recording54,10/18/2025,10/18/2025,21:15:16.594,13:15:16.594,535262,Timeline1,Tobii I-VT (Fixation),1.241.54219,1080,1920,10.0,2.8,2.1,2.7,0.26,0.2,0.25,10,8,10,4.8,8.1,6.0,0.48,0.81,0.58,18,30,22,2626523504,,,970,718,983,697,957,738,0.07452,0.07923,-0.99407,-0.06146,0.08991,-0.99405,3.767,3.61,3.69,,,,Valid,Valid,227.5,146.8,552.4,296.7,151.3,560.7,268.9,190.8,262.0,202.0,0.5052,0.6646,0.5118,0.6457,0.4986,0.6834,Screen Recording,Screen Recording Recording54.mp4,1920,1080,0,0,960,540,Fixation,3464,1161,964,709,0.5023,0.6569,,,,,,,,,,,
493992463,512569852370,Eye Tracker,LipReading_BJ,10/21/2025,ZJ,Recording54,10/18/2025,10/18/2025,21:15:16.594,13:15:16.594,535262,Timeline1,Tobii I-VT (Fixation),1.241.54219,1080,1920,10.0,2.8,2.1,2.7,0.26,0.2,0.25,10,8,10,4.8,8.1,6.0,0.48,0.81,0.58,18,30,22,2626527505,,,970,715,984,700,957,730,0.07485,0.0806,-0.99393,-0.06182,0.08593,-0.99438,3.779,3.596,3.695,,,,Valid,Valid,227.6,146.8,552.3,296.7,151.3,560.8,269.2,191.6,261.8,199.7,0.5053,0.6621,0.5122,0.6483,0.4983,0.6758,Screen Recording,Screen Recording Recording54.mp4,1920,1080,0,0,960,540,Fixation,3464,1161,964,709,0.5023,0.6569,,,,,,,,,,,
493996463,512569856370,Eye Tracker,LipReading_BJ,10/21/2025,ZJ,Recording54,10/18/2025,10/18/2025,21:15:16.594,13:15:16.594,535262,Timeline1,Tobii I-VT (Fixation),1.241.54219,1080,1920,10.0,2.8,2.1,2.7,0.26,0.2,0.25,10,8,10,4.8,8.1,6.0,0.48,0.81,0.58,18,30,22,2626531505,,,968,709,979,697,957,722,0.07245,0.07895,-0.99424,-0.06148,0.08206,-0.99473,3.792,3.588,3.695,,,,Valid,Valid,227.6,146.8,552.3,296.7,151.3,560.8,267.8,190.7,262.0,197.5,0.5042,0.6568,0.5097,0.6452,0.4987,0.6683,Screen Recording,Screen Recording Recording54.mp4,1920,1080,0,0,960,540,Fixation,3464,1161,964,709,0.5023,0.6569,,,,,,,,,,,
494000462,512569860369,Eye Tracker,LipReading_BJ,10/21/2025,ZJ,Recording54,10/18/2025,10/18/2025,21:15:16.594,13:15:16.594,535262,Timeline1,Tobii I-VT (Fixation),1.241.54219,1080,1920,10.0,2.8,2.1,2.7,0.26,0.2,0.25,10,8,10,4.8,8.1,6.0,0.48,0.81,0.58,18,30,22,2626535504,,,964,712,980,698,949,725,0.07318,0.07975,-0.99413,-0.06575,0.08354,-0.99433,3.783,3.622,3.697,,,,Valid,Valid,227.6,146.8,552.3,296.7,151.3,560.8,268.3,191.1,259.6,198.4,0.5023,0.659,0.5105,0.6467,0.4941,0.6712,Screen Recording,Screen Recording Recording54.mp4,1920,1080,0,0,960,540,Fixation,3464,1161,964,709,0.5023,0.6569,,,,,,,,,,,
494004463,512569864370,Eye Tracker,LipReading_BJ,10/21/2025,ZJ,Recording54,10/18/2025,10/18/2025,21:15:16.594,13:15:16.594,535262,Timeline1,Tobii I-VT (Fixation),1.241.54219,1080,1920,10.0,2.8,2.1,2.7,0.26,0.2,0.25,10,8,10,4.8,8.1,6.0,0.48,0.81,0.58,18,30,22,2626539505,,,962,724,973,714,952,735,0.06945,0.08725,-0.99376,-0.06429,0.08834,-0.99401,3.778,3.614,3.7,,,,Valid,Valid,227.6,146.8,552.3,296.7,151.3,560.8,266.2,195.3,260.5,201.1,0.5012,0.6707,0.5067,0.6609,0.4957,0.6804,Screen Recording,Screen Recording Recording54.mp4,1920,1080,0,0,960,540,Fixation,3464,1161,964,709,0.5023,0.6569,,,,,,,,,,,
494007439,512569867346,Mouse,LipReading_BJ,10/21/2025,ZJ,Recording54,10/18/2025,10/18/2025,21:15:16.594,13:15:16.594,535262,Timeline1,Tobii I-VT (Fixation),1.241.54219,1080,1920,10.0,2.8,2.1,2.7,0.26,0.2,0.25,10,8,10,4.8,8.1,6.0,0.48,0.81,0.58,18,30,22,,,,,,,,,,,,,,,,,,,,,,,,,,,,,,,,,,,,,,,,Screen Recording,Screen Recording Recording54.mp4,1920,1080,0,0,960,540,Fixation,3464,1161,964,709,0.5023,0.6569,,,,,,,,,,968,973
494008462,512569868369,Eye Tracker,LipReading_BJ,10/21/2025,ZJ,Recording54,10/18/2025,10/18/2025,21:15:16.594,13:15:16.594,535262,Timeline1,Tobii I-VT (Fixation),1.241.54219,1080,1920,10.0,2.8,2.1,2.7,0.26,0.2,0.25,10,8,10,4.8,8.1,6.0,0.48,0.81,0.58,18,30,22,2626543504,,,965,717,981,715,950,720,0.07328,0.08768,-0.99345,-0.06532,0.08117,-0.99456,3.792,3.611,3.698,,,,Valid,Valid,227.6,146.8,552.3,296.8,151.3,560.8,268.4,195.6,259.9,197.0,0.5027,0.6642,0.5108,0.6617,0.4947,0.6667,Screen Recording,Screen Recording Recording54.mp4,1920,1080,0,0,960,540,Fixation,3464,1161,964,709,0.5023,0.6569,,,,,,,,,,,
494012460,512569872367,Eye Tracker,LipReading_BJ,10/21/2025,ZJ,Recording54,10/18/2025,10/18/2025,21:15:16.594,13:15:16.594,535262,Timeline1,Tobii I-VT (Fixation),1.241.54219,1080,1920,10.0,2.8,2.1,2.7,0.26,0.2,0.25,10,8,10,4.8,8.1,6.0,0.48,0.81,0.58,18,30,22,2626547503,,,962,717,977,698,946,737,0.07171,0.07936,-0.99426,-0.06719,0.08938,-0.99373,3.786,3.622,3.7,,,,Valid,Valid,227.7,146.8,552.4,296.8,151.3,560.8,267.5,190.9,258.9,201.7,0.5009,0.6642,0.5091,0.6459,0.4927,0.6825,Screen Recording,Screen Recording Recording54.mp4,1920,1080,0,0,960,540,Fixation,3464,1161,964,709,0.5023,0.6569,,,,,,,,,,,
494016460,512569876367,Eye Tracker,LipReading_BJ,10/21/2025,ZJ,Recording54,10/18/2025,10/18/2025,21:15:16.594,13:15:16.594,535262,Timeline1,Tobii I-VT (Fixation),1.241.54219,1080,1920,10.0,2.8,2.1,2.7,0.26,0.2,0.25,10,8,10,4.8,8.1,6.0,0.48,0.81,0.58,18,30,22,2626551503,,,963,715,976,700,950,730,0.07089,0.0808,-0.99421,-0.06516,0.08598,-0.99416,3.782,3.602,3.703,,,,Valid,Valid,227.7,146.8,552.4,296.8,151.3,560.7,267.1,191.7,260.1,199.8,0.5016,0.6623,0.5083,0.6486,0.4949,0.6759,Screen Recording,Screen Recording Recording54.mp4,1920,1080,0,0,960,540,Fixation,3464,1161,964,709,0.5023,0.6569,,,,,,,,,,,
494020459,512569880366,Eye Tracker,LipReading_BJ,10/21/2025,ZJ,Recording54,10/18/2025,10/18/2025,21:15:16.594,13:15:16.594,535262,Timeline1,Tobii I-VT (Fixation),1.241.54219,1080,1920,10.0,2.8,2.1,2.7,0.26,0.2,0.25,10,8,10,4.8,8.1,6.0,0.48,0.81,0.58,18,30,22,2626555502,,,967,717,983,702,950,731,0.07442,0.08171,-0.99387,-0.0653,0.08639,-0.99412,3.807,3.621,3.703,,,,Valid,Valid,227.7,146.8,552.3,296.8,151.3,560.7,269.1,192.2,260.0,200.0,0.5034,0.6635,0.5121,0.6503,0.4948,0.6767,Screen Recording,Screen Recording Recording54.mp4,1920,1080,0,0,960,540,Fixation,3464,1161,964,709,0.5023,0.6569,,,,,,,,,,,
494024460,512569884367,Eye Tracker,LipReading_BJ,10/21/2025,ZJ,Recording54,10/18/2025,10/18/2025,21:15:16.594,13:15:16.594,535262,Timeline1,Tobii I-VT (Fixation),1.241.54219,1080,1920,10.0,2.8,2.1,2.7,0.26,0.2,0.25,10,8,10,4.8,8.1,6.0,0.48,0.81,0.58,18,30,22,2626559503,,,971,717,987,695,955,738,0.07647,0.07798,-0.99402,-0.06308,0.08996,-0.99395,3.784,3.621,3.703,,,,Valid,Valid,227.7,146.8,552.3,296.8,151.3,560.7,270.2,190.1,261.3,202.0,0.5057,0.6634,0.5143,0.6433,0.4972,0.6836,Screen Recording,Screen Recording Recording54.mp4,1920,1080,0,0,960,540,Fixation,3464,1161,964,709,0.5023,0.6569,,,,,,,,,,,
494028459,512569888366,Eye Tracker,LipReading_BJ,10/21/2025,ZJ,Recording54,10/18/2025,10/18/2025,21:15:16.594,13:15:16.594,535262,Timeline1,Tobii I-VT (Fixation),1.241.54219,1080,1920,10.0,2.8,2.1,2.7,0.26,0.2,0.25,10,8,10,4.8,8.1,6.0,0.48,0.81,0.58,18,30,22,2626563502,,,973,722,990,699,957,745,0.0775,0.08016,-0.99376,-0.06213,0.09342,-0.99369,3.777,3.623,3.708,,,,Valid,Valid,227.8,146.8,552.3,296.9,151.3,560.7,270.8,191.4,261.8,204.0,0.5068,0.6689,0.5154,0.6475,0.4982,0.6902,Screen Recording,Screen Recording Recording54.mp4,1920,1080,0,0,960,540,Fixation,3464,1161,964,709,0.5023,0.6569,,,,,,,,,,,
494032460,512569892367,Eye Tracker,LipReading_BJ,10/21/2025,ZJ,Recording54,10/18/2025,10/18/2025,21:15:16.594,13:15:16.594,535262,Timeline1,Tobii I-VT (Fixation),1.241.54219,1080,1920,10.0,2.8,2.1,2.7,0.26,0.2,0.25,10,8,10,4.8,8.1,6.0,0.48,0.81,0.58,18,30,22,2626567503,,,968,713,986,698,950,729,0.07552,0.07935,-0.99398,-0.0655,0.08525,-0.9942,3.808,3.625,3.703,,,,Valid,Valid,227.8,146.8,552.2,296.9,151.3,560.7,269.7,190.9,259.9,199.4,0.504,0.6603,0.5133,0.6459,0.4947,0.6746,Screen Recording,Screen Recording Recording54.mp4,1920,1080,0,0,960,540,Fixation,3464,1161,964,709,0.5023,0.6569,,,,,,,,,,,
494036460,512569896367,Eye Tracker,LipReading_BJ,10/21/2025,ZJ,Recording54,10/18/2025,10/18/2025,21:15:16.594,13:15:16.594,535262,Timeline1,Tobii I-VT (Fixation),1.241.54219,1080,1920,10.0,2.8,2.1,2.7,0.26,0.2,0.25,10,8,10,4.8,8.1,6.0,0.48,0.81,0.58,18,30,22,2626571503,,,965,716,982,704,949,728,0.0735,0.08255,-0.99387,-0.06599,0.08508,-0.99419,3.792,3.626,3.708,,,,Valid,Valid,227.8,146.8,552.2,296.9,151.3,560.8,268.6,192.7,259.7,199.3,0.5027,0.6631,0.5112,0.652,0.4942,0.6742,Screen Recording,Screen Recording Recording54.mp4,1920,1080,0,0,960,540,Fixation,3464,1161,964,709,0.5023,0.6569,,,,,,,,,,,
494040459,512569900366,Eye Tracker,LipReading_BJ,10/21/2025,ZJ,Recording54,10/18/2025,10/18/2025,21:15:16.594,13:15:16.594,535262,Timeline1,Tobii I-VT (Fixation),1.241.54219,1080,1920,10.0,2.8,2.1,2.7,0.26,0.2,0.25,10,8,10,4.8,8.1,6.0,0.48,0.81,0.58,18,30,22,2626575502,,,964,715,984,699,944,730,0.07484,0.08013,-0.99397,-0.06832,0.08608,-0.99394,3.773,3.614,3.709,,,,Valid,Valid,227.8,146.8,552.2,296.9,151.3,560.8,269.4,191.4,258.4,199.9,0.5022,0.6618,0.5127,0.6474,0.4917,0.6762,Screen Recording,Screen Recording Recording54.mp4,1920,1080,0,0,960,540,Fixation,3464,1161,964,709,0.5023,0.6569,,,,,,,,,,,
494044460,512569904367,Eye Tracker,LipReading_BJ,10/21/2025,ZJ,Recording54,10/18/2025,10/18/2025,21:15:16.594,13:15:16.594,535262,Timeline1,Tobii I-VT (Fixation),1.241.54219,1080,1920,10.0,2.8,2.1,2.7,0.26,0.2,0.25,10,8,10,4.8,8.1,6.0,0.48,0.81,0.58,18,30,22,2626579503,,,969,716,978,703,960,729,0.07189,0.08219,-0.99402,-0.06062,0.08557,-0.99449,3.794,3.634,3.703,,,,Valid,Valid,227.8,146.8,552.2,296.9,151.3,560.8,267.8,192.5,262.8,199.5,0.5048,0.6632,0.5096,0.6513,0.5001,0.6751,Screen Recording,Screen Recording Recording54.mp4,1920,1080,0,0,960,540,Fixation,3464,1161,964,709,0.5023,0.6569,,,,,,,,,,,
494048459,512569908366,Eye Tracker,LipReading_BJ,10/21/2025,ZJ,Recording54,10/18/2025,10/18/2025,21:15:16.594,13:15:16.594,535262,Timeline1,Tobii I-VT (Fixation),1.241.54219,1080,1920,10.0,2.8,2.1,2.7,0.26,0.2,0.25,10,8,10,4.8,8.1,6.0,0.48,0.81,0.58,18,30,22,2626583502,,,972,717,989,699,955,734,0.077,0.08013,-0.99381,-0.06309,0.0879,-0.99413,3.761,3.645,3.703,,,,Valid,Valid,227.9,146.8,552.2,297.0,151.3,560.8,270.6,191.4,261.4,200.9,0.5062,0.6635,0.5151,0.6474,0.4974,0.6797,Screen Recording,Screen Recording Recording54.mp4,1920,1080,0,0,960,540,Fixation,3464,1161,964,709,0.5023,0.6569,,,,,,,,,,,
494052460,512569912367,Eye Tracker,LipReading_BJ,10/21/2025,ZJ,Recording54,10/18/2025,10/18/2025,21:15:16.594,13:15:16.594,535262,Timeline1,Tobii I-VT (Fixation),1.241.54219,1080,1920,10.0,2.8,2.1,2.7,0.26,0.2,0.25,10,8,10,4.8,8.1,6.0,0.48,0.81,0.58,18,30,22,2626587503,,,966,719,985,703,947,734,0.07511,0.08199,-0.9938,-0.06704,0.08796,-0.99387,3.773,3.633,3.705,,,,Valid,Valid,227.9,146.8,552.2,297.0,151.3,560.7,269.6,192.4,259.2,200.9,0.5032,0.6654,0.5131,0.6509,0.4932,0.6799,Screen Recording,Screen Recording Recording54.mp4,1920,1080,0,0,960,540,Fixation,3464,1161,964,709,0.5023,0.6569,,,,,,,,,,,
494056460,512569916367,Eye Tracker,LipReading_BJ,10/21/2025,ZJ,Recording54,10/18/2025,10/18/2025,21:15:16.594,13:15:16.594,535262,Timeline1,Tobii I-VT (Fixation),1.241.54219,1080,1920,10.0,2.8,2.1,2.7,0.26,0.2,0.25,10,8,10,4.8,8.1,6.0,0.48,0.81,0.58,18,30,22,2626591503,,,968,715,986,702,950,729,0.07533,0.08163,-0.99381,-0.06546,0.08523,-0.99421,3.808,3.609,3.705,,,,Valid,Valid,227.9,146.8,552.2,297.0,151.3,560.7,269.7,192.2,260.1,199.4,0.5042,0.6625,0.5134,0.6503,0.495,0.6746,Screen Recording,Screen Recording Recording54.mp4,1920,1080,0,0,960,540,Fixation,3464,1161,964,709,0.5023,0.6569,,,,,,,,,,,
494060459,512569920366,Eye Tracker,LipReading_BJ,10/21/2025,ZJ,Recording54,10/18/2025,10/18/2025,21:15:16.594,13:15:16.594,535262,Timeline1,Tobii I-VT (Fixation),1.241.54219,1080,1920,10.0,2.8,2.1,2.7,0.26,0.2,0.25,10,8,10,4.8,8.1,6.0,0.48,0.81,0.58,18,30,22,2626595502,,,964,705,981,688,948,723,0.07307,0.0747,-0.99453,-0.06665,0.08238,-0.99437,3.777,3.639,3.716,,,,Valid,Valid,227.9,146.8,552.2,297.0,151.3,560.7,268.5,188.3,259.4,197.8,0.5023,0.6532,0.511,0.6371,0.4937,0.6692,Screen Recording,Screen Recording Recording54.mp4,1920,1080,0,0,960,540,Fixation,3464,1161,964,709,0.5023,0.6569,,,,,,,,,,,
494064460,512569924367,Eye Tracker,LipReading_BJ,10/21/2025,ZJ,Recording54,10/18/2025,10/18/2025,21:15:16.594,13:15:16.594,535262,Timeline1,Tobii I-VT (Fixation),1.241.54219,1080,1920,10.0,2.8,2.1,2.7,0.26,0.2,0.25,10,8,10,4.8,8.1,6.0,0.48,0.81,0.58,18,30,22,2626599503,,,969,719,982,700,956,737,0.07327,0.08072,-0.99404,-0.06285,0.08917,-0.99403,3.807,3.623,3.718,,,,Valid,Valid,227.9,146.8,552.2,297.0,151.3,560.7,268.6,191.7,261.6,201.6,0.5045,0.6654,0.5112,0.6486,0.4978,0.6822,Screen Recording,Screen Recording Recording54.mp4,1920,1080,0,0,960,540,Fixation,3464,1161,964,709,0.5023,0.6569,,,,,,,,,,,
494068459,512569928366,Eye Tracker,LipReading_BJ,10/21/2025,ZJ,Recording54,10/18/2025,10/18/2025,21:15:16.594,13:15:16.594,535262,Timeline1,Tobii I-VT (Fixation),1.241.54219,1080,1920,10.0,2.8,2.1,2.7,0.26,0.2,0.25,10,8,10,4.8,8.1,6.0,0.48,0.81,0.58,18,30,22,2626603502,,,972,723,981,710,963,736,0.07308,0.08533,-0.99367,-0.05957,0.08873,-0.99427,3.803,3.629,3.718,,,,Valid,Valid,227.9,146.9,552.2,297.0,151.3,560.8,268.6,194.3,263.4,201.4,0.5062,0.6693,0.5111,0.6573,0.5014,0.6813,Screen Recording,Screen Recording Recording54.mp4,1920,1080,0,0,960,540,Fixation,3464,1161,964,709,0.5023,0.6569,,,,,,,,,,,
494072460,512569932367,Eye Tracker,LipReading_BJ,10/21/2025,ZJ,Recording54,10/18/2025,10/18/2025,21:15:16.594,13:15:16.594,535262,Timeline1,Tobii I-VT (Fixation),1.241.54219,1080,1920,10.0,2.8,2.1,2.7,0.26,0.2,0.25,10,8,10,4.8,8.1,6.0,0.48,0.81,0.58,18,30,22,2626607503,,,967,718,981,703,953,734,0.07286,0.08171,-0.99399,-0.06428,0.08783,-0.99406,3.818,3.639,3.72,,,,Valid,Valid,228.0,146.9,552.2,297.1,151.3,560.7,268.4,192.3,260.8,200.9,0.5036,0.6651,0.5109,0.6505,0.4963,0.6797,Screen Recording,Screen Recording Recording54.mp4,1920,1080,0,0,960,540,Fixation,3464,1161,964,709,0.5023,0.6569,,,,,,,,,,,
494076460,512569936367,Eye Tracker,LipReading_BJ,10/21/2025,ZJ,Recording54,10/18/2025,10/18/2025,21:15:16.594,13:15:16.594,535262,Timeline1,Tobii I-VT (Fixation),1.241.54219,1080,1920,10.0,2.8,2.1,2.7,0.26,0.2,0.25,10,8,10,4.8,8.1,6.0,0.48,0.81,0.58,18,30,22,2626611503,,,965,716,978,701,953,731,0.07136,0.08096,-0.99416,-0.06446,0.08651,-0.99416,3.799,3.634,3.718,,,,Valid,Valid,228.0,146.9,552.1,297.1,151.3,560.8,267.6,191.8,260.7,200.1,0.5027,0.6631,0.5093,0.6491,0.4962,0.6771,Screen Recording,Screen Recording Recording54.mp4,1920,1080,0,0,960,540,Fixation,3464,1161,964,709,0.5023,0.6569,,,,,,,,,,,
494080459,512569940366,Eye Tracker,LipReading_BJ,10/21/2025,ZJ,Recording54,10/18/2025,10/18/2025,21:15:16.594,13:15:16.594,535262,Timeline1,Tobii I-VT (Fixation),1.241.54219,1080,1920,10.0,2.8,2.1,2.7,0.26,0.2,0.25,10,8,10,4.8,8.1,6.0,0.48,0.81,0.58,18,30,22,2626615502,,,969,724,986,710,952,737,0.07512,0.08543,-0.99351,-0.06481,0.08936,-0.99389,3.826,3.638,3.717,,,,Valid,Valid,228.0,146.9,552.1,297.1,151.4,560.8,269.7,194.4,260.5,201.8,0.5046,0.6701,0.5134,0.6576,0.4958,0.6827,Screen Recording,Screen Recording Recording54.mp4,1920,1080,0,0,960,540,Fixation,3464,1161,964,709,0.5023,0.6569,,,,,,,,,,,
494084460,512569944367,Eye Tracker,LipReading_BJ,10/21/2025,ZJ,Recording54,10/18/2025,10/18/2025,21:15:16.594,13:15:16.594,535262,Timeline1,Tobii I-VT (Fixation),1.241.54219,1080,1920,10.0,2.8,2.1,2.7,0.26,0.2,0.25,10,8,10,4.8,8.1,6.0,0.48,0.81,0.58,18,30,22,2626619503,,,968,718,980,709,956,726,0.07227,0.08478,-0.99378,-0.06278,0.08402,-0.99448,3.797,3.62,3.716,,,,Valid,Valid,228.0,146.9,552.1,297.1,151.4,560.8,268.2,194.0,261.7,198.7,0.5042,0.6644,0.5103,0.6564,0.4981,0.6724,Screen Recording,Screen Recording Recording54.mp4,1920,1080,0,0,960,540,Fixation,3464,1161,964,709,0.5023,0.6569,,,,,,,,,,,
494088459,512569948366,Eye Tracker,LipReading_BJ,10/21/2025,ZJ,Recording54,10/18/2025,10/18/2025,21:15:16.594,13:15:16.594,535262,Timeline1,Tobii I-VT (Fixation),1.241.54219,1080,1920,10.0,2.8,2.1,2.7,0.26,0.2,0.25,10,8,10,4.8,8.1,6.0,0.48,0.81,0.58,18,30,22,2626623502,,,965,721,976,707,955,736,0.07033,0.08366,-0.99401,-0.06356,0.08877,-0.99402,3.797,3.635,3.716,,,,Valid,Valid,228.0,146.9,552.2,297.1,151.4,560.8,267.1,193.3,261.3,201.4,0.5028,0.6679,0.5083,0.6542,0.4972,0.6815,Screen Recording,Screen Recording Recording54.mp4,1920,1080,0,0,960,540,Fixation,3464,1161,964,709,0.5023,0.6569,,,,,,,,,,,
494092460,512569952367,Eye Tracker,LipReading_BJ,10/21/2025,ZJ,Recording54,10/18/2025,10/18/2025,21:15:16.594,13:15:16.594,535262,Timeline1,Tobii I-VT (Fixation),1.241.54219,1080,1920,10.0,2.8,2.1,2.7,0.26,0.2,0.25,10,8,10,4.8,8.1,6.0,0.48,0.81,0.58,18,30,22,2626627503,,,968,721,987,701,949,740,0.07568,0.08111,-0.99383,-0.06649,0.09078,-0.99365,3.789,3.644,3.714,,,,Valid,Valid,228.0,146.9,552.2,297.1,151.4,560.8,270.1,191.9,259.6,202.6,0.5041,0.6674,0.514,0.6494,0.4941,0.6855,Screen Recording,Screen Recording Recording54.mp4,1920,1080,0,0,960,540,Fixation,3464,1161,964,709,0.5023,0.6569,,,,,,,,,,,
494096460,512569956367,Eye Tracker,LipReading_BJ,10/21/2025,ZJ,Recording54,10/18/2025,10/18/2025,21:15:16.594,13:15:16.594,535262,Timeline1,Tobii I-VT (Fixation),1.241.54219,1080,1920,10.0,2.8,2.1,2.7,0.26,0.2,0.25,10,8,10,4.8,8.1,6.0,0.48,0.81,0.58,18,30,22,2626631503,,,966,717,979,702,953,731,0.07179,0.08134,-0.9941,-0.06462,0.08653,-0.99415,3.826,3.632,3.716,,,,Valid,Valid,228.1,146.9,552.2,297.2,151.4,560.8,267.9,192.1,260.7,200.2,0.503,0.6635,0.5099,0.6498,0.4962,0.6773,Screen Recording,Screen Recording Recording54.mp4,1920,1080,0,0,960,540,Fixation,3464,1161,964,709,0.5023,0.6569,,,,,,,,,,,
494100459,512569960366,Eye Tracker,LipReading_BJ,10/21/2025,ZJ,Recording54,10/18/2025,10/18/2025,21:15:16.594,13:15:16.594,535262,Timeline1,Tobii I-VT (Fixation),1.241.54219,1080,1920,10.0,2.8,2.1,2.7,0.26,0.2,0.25,10,8,10,4.8,8.1,6.0,0.48,0.81,0.58,18,30,22,2626635502,,,965,715,985,698,946,733,0.07459,0.0793,-0.99406,-0.06791,0.08717,-0.99388,3.796,3.63,3.718,,,,Valid,Valid,228.1,146.9,552.2,297.2,151.4,560.8,269.5,190.9,258.9,200.6,0.5028,0.6623,0.5129,0.646,0.4926,0.6786,Screen Recording,Screen Recording Recording54.mp4,1920,1080,0,0,960,540,Fixation,3464,1161,964,709,0.5023,0.6569,,,,,,,,,,,
494104460,512569964367,Eye Tracker,LipReading_BJ,10/21/2025,ZJ,Recording54,10/18/2025,10/18/2025,21:15:16.594,13:15:16.594,535262,Timeline1,Tobii I-VT (Fixation),1.241.54219,1080,1920,10.0,2.8,2.1,2.7,0.26,0.2,0.25,10,8,10,4.8,8.1,6.0,0.48,0.81,0.58,18,30,22,2626639503,,,967,713,978,700,956,726,0.07146,0.08029,-0.99421,-0.06299,0.08367,-0.9945,3.809,3.634,3.718,,,,Valid,Valid,228.1,146.9,552.2,297.2,151.4,560.8,267.8,191.5,261.7,198.6,0.5038,0.6598,0.5096,0.6478,0.498,0.6718,Screen Recording,Screen Recording Recording54.mp4,1920,1080,0,0,960,540,Fixation,3464,1161,964,709,0.5023,0.6569,,,,,,,,,,,
494108459,512569968366,Eye Tracker,LipReading_BJ,10/21/2025,ZJ,Recording54,10/18/2025,10/18/2025,21:15:16.594,13:15:16.594,535262,Timeline1,Tobii I-VT (Fixation),1.241.54219,1080,1920,10.0,2.8,2.1,2.7,0.26,0.2,0.25,10,8,10,4.8,8.1,6.0,0.48,0.81,0.58,18,30,22,2626643502,,,970,715,982,698,959,731,0.07305,0.07965,-0.99414,-0.0616,0.08624,-0.99437,3.802,3.634,3.715,,,,Valid,Valid,228.1,146.9,552.2,297.2,151.4,560.8,268.7,191.1,262.5,200.0,0.5054,0.6616,0.5113,0.6466,0.4995,0.6767,Screen Recording,Screen Recording Recording54.mp4,1920,1080,0,0,960,540,Fixation,3464,1161,964,709,0.5023,0.6569,,,,,,,,,,,
494112460,512569972367,Eye Tracker,LipReading_BJ,10/21/2025,ZJ,Recording54,10/18/2025,10/18/2025,21:15:16.594,13:15:16.594,535262,Timeline1,Tobii I-VT (Fixation),1.241.54219,1080,1920,10.0,2.8,2.1,2.7,0.26,0.2,0.25,10,8,10,4.8,8.1,6.0,0.48,0.81,0.58,18,30,22,2626647503,,,977,715,988,692,965,738,0.07632,0.07631,-0.99416,-0.05876,0.08991,-0.99422,3.79,3.641,3.718,,,,Valid,Valid,228.1,146.9,552.2,297.2,151.4,560.7,270.5,189.3,264.1,202.1,0.5087,0.6621,0.5148,0.6404,0.5026,0.6838,Screen Recording,Screen Recording Recording54.mp4,1920,1080,0,0,960,540,Fixation,3464,1161,964,709,0.5023,0.6569,,,,,,,,,,,
494116460,512569976367,Eye Tracker,LipReading_BJ,10/21/2025,ZJ,Recording54,10/18/2025,10/18/2025,21:15:16.594,13:15:16.594,535262,Timeline1,Tobii I-VT (Fixation),1.241.54219,1080,1920,10.0,2.8,2.1,2.7,0.26,0.2,0.25,10,8,10,4.8,8.1,6.0,0.48,0.81,0.58,18,30,22,2626651503,,,972,715,983,700,960,730,0.07384,0.08055,-0.99401,-0.06123,0.08563,-0.99444,3.78,3.668,3.718,,,,Valid,Valid,228.1,146.9,552.1,297.2,151.4,560.7,269.1,191.6,262.7,199.7,0.5061,0.662,0.5122,0.6484,0.5,0.6756,Screen Recording,Screen Recording Recording54.mp4,1920,1080,0,0,960,540,Fixation,3464,1161,964,709,0.5023,0.6569,,,,,,,,,,,
494120458,512569980365,Eye Tracker,LipReading_BJ,10/21/2025,ZJ,Recording54,10/18/2025,10/18/2025,21:15:16.594,13:15:16.594,535262,Timeline1,Tobii I-VT (Fixation),1.241.54219,1080,1920,10.0,2.8,2.1,2.7,0.26,0.2,0.25,10,8,10,4.8,8.1,6.0,0.48,0.81,0.58,18,30,22,2626655502,,,969,715,982,701,956,729,0.07295,0.08072,-0.99406,-0.06312,0.0855,-0.99434,3.814,3.616,3.719,,,,Valid,Valid,228.1,146.9,552.1,297.2,151.4,560.7,268.7,191.7,261.6,199.6,0.5046,0.662,0.5113,0.6487,0.498,0.6754,Screen Recording,Screen Recording Recording54.mp4,1920,1080,0,0,960,540,Fixation,3464,1161,964,709,0.5023,0.6569,,,,,,,,,,,
494124459,512569984366,Eye Tracker,LipReading_BJ,10/21/2025,ZJ,Recording54,10/18/2025,10/18/2025,21:15:16.594,13:15:16.594,535262,Timeline1,Tobii I-VT (Fixation),1.241.54219,1080,1920,10.0,2.8,2.1,2.7,0.26,0.2,0.25,10,8,10,4.8,8.1,6.0,0.48,0.81,0.58,18,30,22,2626659503,,,969,716,981,693,958,738,0.07243,0.07722,-0.99438,-0.06213,0.08963,-0.99404,3.823,3.635,3.722,,,,Valid,Valid,228.2,146.9,552.0,297.3,151.4,560.7,268.4,189.8,262.2,202.0,0.5049,0.6627,0.5107,0.6421,0.499,0.6833,Screen Recording,Screen Recording Recording54.mp4,1920,1080,0,0,960,540,Fixation,3464,1161,964,709,0.5023,0.6569,,,,,,,,,,,
494128458,512569988365,Eye Tracker,LipReading_BJ,10/21/2025,ZJ,Recording54,10/18/2025,10/18/2025,21:15:16.594,13:15:16.594,535262,Timeline1,Tobii I-VT (Fixation),1.241.54219,1080,1920,10.0,2.8,2.1,2.7,0.26,0.2,0.25,10,8,10,4.8,8.1,6.0,0.48,0.81,0.58,18,30,22,2626663502,,,973,711,986,690,960,732,0.07484,0.07533,-0.99435,-0.06136,0.08687,-0.99433,3.797,3.657,3.722,,,,Valid,Valid,228.2,146.9,552.0,297.3,151.4,560.7,269.7,188.7,262.7,200.4,0.5066,0.6583,0.5133,0.6386,0.4999,0.678,Screen Recording,Screen Recording Recording54.mp4,1920,1080,0,0,960,540,Fixation,3464,1161,964,709,0.5023,0.6569,,,,,,,,,,,
494132459,512569992366,Eye Tracker,LipReading_BJ,10/21/2025,ZJ,Recording54,10/18/2025,10/18/2025,21:15:16.594,13:15:16.594,535262,Timeline1,Tobii I-VT (Fixation),1.241.54219,1080,1920,10.0,2.8,2.1,2.7,0.26,0.2,0.25,10,8,10,4.8,8.1,6.0,0.48,0.81,0.58,18,30,22,2626667503,,,972,714,988,703,955,724,0.07589,0.08197,-0.99374,-0.06354,0.08281,-0.99454,3.81,3.619,3.731,,,,Valid,Valid,228.2,146.9,552.0,297.3,151.4,560.7,270.3,192.5,261.5,198.1,0.5061,0.6607,0.5145,0.6512,0.4976,0.6702,Screen Recording,Screen Recording Recording54.mp4,1920,1080,0,0,960,540,Fixation,3464,1161,964,709,0.5023,0.6569,,,,,,,,,,,
494136459,512569996366,Eye Tracker,LipReading_BJ,10/21/2025,ZJ,Recording54,10/18/2025,10/18/2025,21:15:16.594,13:15:16.594,535262,Timeline1,Tobii I-VT (Fixation),1.241.54219,1080,1920,10.0,2.8,2.1,2.7,0.26,0.2,0.25,10,8,10,4.8,8.1,6.0,0.48,0.81,0.58,18,30,22,2626671503,,,971,721,981,703,961,740,0.07237,0.0818,-0.99402,-0.06077,0.0904,-0.99405,3.805,3.656,3.731,,,,Valid,Valid,228.2,146.9,552.0,297.3,151.4,560.7,268.4,192.4,263.0,202.4,0.5057,0.6678,0.5108,0.6508,0.5006,0.6848,Screen Recording,Screen Recording Recording54.mp4,1920,1080,0,0,960,540,Fixation,3464,1161,964,709,0.5023,0.6569,,,,,,,,,,,
494140458,512570000365,Eye Tracker,LipReading_BJ,10/21/2025,ZJ,Recording54,10/18/2025,10/18/2025,21:15:16.594,13:15:16.594,535262,Timeline1,Tobii I-VT (Fixation),1.241.54219,1080,1920,10.0,2.8,2.1,2.7,0.26,0.2,0.25,10,8,10,4.8,8.1,6.0,0.48,0.81,0.58,18,30,22,2626675502,,,971,714,983,691,959,738,0.07348,0.07578,-0.99441,-0.06188,0.08953,-0.99406,3.8,3.659,3.731,,,,Valid,Valid,228.2,146.9,552.0,297.3,151.4,560.7,269.0,189.0,262.4,201.9,0.5057,0.6613,0.512,0.6394,0.4994,0.6832,Screen Recording,Screen Recording Recording54.mp4,1920,1080,0,0,960,540,Fixation,3464,1161,964,709,0.5023,0.6569,,,,,,,,,,,
494144457,512570004364,Eye Tracker,LipReading_BJ,10/21/2025,ZJ,Recording54,10/18/2025,10/18/2025,21:15:16.594,13:15:16.594,535262,Timeline1,Tobii I-VT (Fixation),1.241.54219,1080,1920,10.0,2.8,2.1,2.7,0.26,0.2,0.25,10,8,10,4.8,8.1,6.0,0.48,0.81,0.58,18,30,22,2626679501,,,973,709,986,686,961,732,0.07493,0.07357,-0.99447,-0.06108,0.08676,-0.99436,3.815,3.639,3.731,,,,Valid,Valid,228.2,146.9,552.0,297.3,151.4,560.7,269.8,187.8,262.9,200.4,0.5069,0.6566,0.5135,0.6353,0.5003,0.6779,Screen Recording,Screen Recording Recording54.mp4,1920,1080,0,0,960,540,Fixation,3464,1161,964,709,0.5023,0.6569,,,,,,,,,,,
494148456,512570008363,Eye Tracker,LipReading_BJ,10/21/2025,ZJ,Recording54,10/18/2025,10/18/2025,21:15:16.594,13:15:16.594,535262,Timeline1,Tobii I-VT (Fixation),1.241.54219,1080,1920,10.0,2.8,2.1,2.7,0.26,0.2,0.25,10,8,10,4.8,8.1,6.0,0.48,0.81,0.58,18,30,22,2626683500,,,967,712,980,695,953,730,0.0722,0.07808,-0.99433,-0.06466,0.08559,-0.99423,3.806,3.664,3.732,,,,Valid,Valid,228.2,146.9,552.1,297.3,151.4,560.7,268.3,190.3,260.9,199.7,0.5036,0.6597,0.5106,0.6437,0.4965,0.6757,Screen Recording,Screen Recording Recording54.mp4,1920,1080,0,0,960,540,Fixation,3464,1161,964,709,0.5023,0.6569,,,,,,,,,,,
494152457,512570012364,Eye Tracker,LipReading_BJ,10/21/2025,ZJ,Recording54,10/18/2025,10/18/2025,21:15:16.594,13:15:16.594,535262,Timeline1,Tobii I-VT (Fixation),1.241.54219,1080,1920,10.0,2.8,2.1,2.7,0.26,0.2,0.25,10,8,10,4.8,8.1,6.0,0.48,0.81,0.58,18,30,22,2626687501,,,966,712,979,697,952,727,0.07157,0.07909,-0.9943,-0.06516,0.08419,-0.99432,3.83,3.624,3.733,,,,Valid,Valid,228.2,146.9,552.1,297.3,151.4,560.7,268.0,190.8,260.6,198.9,0.503,0.6593,0.51,0.6456,0.496,0.673,Screen Recording,Screen Recording Recording54.mp4,1920,1080,0,0,960,540,Fixation,3464,1161,964,709,0.5023,0.6569,,,,,,,,,,,
494156457,512570016364,Eye Tracker,LipReading_BJ,10/21/2025,ZJ,Recording54,10/18/2025,10/18/2025,21:15:16.594,13:15:16.594,535262,Timeline1,Tobii I-VT (Fixation),1.241.54219,1080,1920,10.0,2.8,2.1,2.7,0.26,0.2,0.25,10,8,10,4.8,8.1,6.0,0.48,0.81,0.58,18,30,22,2626691501,,,973,715,985,695,962,735,0.07444,0.07801,-0.99417,-0.06061,0.08823,-0.99426,3.823,3.65,3.738,,,,Valid,Valid,228.3,146.9,552.1,297.4,151.4,560.7,269.6,190.2,263.2,201.2,0.507,0.6622,0.5131,0.6436,0.5009,0.6807,Screen Recording,Screen Recording Recording54.mp4,1920,1080,0,0,960,540,Fixation,3464,1161,964,709,0.5023,0.6569,,,,,,,,,,,
494160456,512570020363,Eye Tracker,LipReading_BJ,10/21/2025,ZJ,Recording54,10/18/2025,10/18/2025,21:15:16.594,13:15:16.594,535262,Timeline1,Tobii I-VT (Fixation),1.241.54219,1080,1920,10.0,2.8,2.1,2.7,0.26,0.2,0.25,10,8,10,4.8,8.1,6.0,0.48,0.81,0.58,18,30,22,2626695500,,,972,718,982,706,961,731,0.07299,0.08335,-0.99384,-0.06107,0.08604,-0.99442,3.817,3.657,3.738,,,,Valid,Valid,228.3,146.9,552.1,297.4,151.5,560.7,268.8,193.2,262.9,200.0,0.506,0.6651,0.5116,0.6537,0.5004,0.6766,Screen Recording,Screen Recording Recording54.mp4,1920,1080,0,0,960,540,Fixation,3464,1161,964,709,0.5023,0.6569,,,,,,,,,,,
494164457,512570024364,Eye Tracker,LipReading_BJ,10/21/2025,ZJ,Recording54,10/18/2025,10/18/2025,21:15:16.594,13:15:16.594,535262,Timeline1,Tobii I-VT (Fixation),1.241.54219,1080,1920,10.0,2.8,2.1,2.7,0.26,0.2,0.25,10,8,10,4.8,8.1,6.0,0.48,0.81,0.58,18,30,22,2626699501,,,970,715,979,691,961,739,0.0713,0.07614,-0.99454,-0.06106,0.09022,-0.99405,3.818,3.66,3.739,,,,Valid,Valid,228.3,146.9,552.1,297.4,151.5,560.7,267.9,189.2,262.9,202.4,0.5051,0.6624,0.5098,0.6401,0.5004,0.6846,Screen Recording,Screen Recording Recording54.mp4,1920,1080,0,0,960,540,Fixation,3464,1161,964,709,0.5023,0.6569,,,,,,,,,,,
494168456,512570028363,Eye Tracker,LipReading_BJ,10/21/2025,ZJ,Recording54,10/18/2025,10/18/2025,21:15:16.594,13:15:16.594,535262,Timeline1,Tobii I-VT (Fixation),1.241.54219,1080,1920,10.0,2.8,2.1,2.7,0.26,0.2,0.25,10,8,10,4.8,8.1,6.0,0.48,0.81,0.58,18,30,22,2626703500,,,968,710,990,690,945,729,0.07692,0.07564,-0.99416,-0.06873,0.08499,-0.99401,3.818,3.677,3.739,,,,Valid,Valid,228.3,146.9,552.1,297.4,151.5,560.6,271.0,188.9,258.6,199.4,0.504,0.6569,0.5158,0.6392,0.4922,0.6747,Screen Recording,Screen Recording Recording54.mp4,1920,1080,0,0,960,540,Fixation,3464,1161,964,709,0.5023,0.6569,,,,,,,,,,,
494172457,512570032364,Eye Tracker,LipReading_BJ,10/21/2025,ZJ,Recording54,10/18/2025,10/18/2025,21:15:16.594,13:15:16.594,535262,Timeline1,Tobii I-VT (Fixation),1.241.54219,1080,1920,10.0,2.8,2.1,2.7,0.26,0.2,0.25,10,8,10,4.8,8.1,6.0,0.48,0.81,0.58,18,30,22,2626707501,,,969,714,980,698,957,730,0.07204,0.07942,-0.99423,-0.06299,0.08541,-0.99435,3.821,3.663,3.739,,,,Valid,Valid,228.3,146.9,552.1,297.4,151.5,560.6,268.3,191.0,261.9,199.6,0.5045,0.6609,0.5106,0.6463,0.4984,0.6755,Screen Recording,Screen Recording Recording54.mp4,1920,1080,0,0,960,540,Fixation,3464,1161,964,709,0.5023,0.6569,,,,,,,,,,,
494176457,512570036364,Eye Tracker,LipReading_BJ,10/21/2025,ZJ,Recording54,10/18/2025,10/18/2025,21:15:16.594,13:15:16.594,535262,Timeline1,Tobii I-VT (Fixation),1.241.54219,1080,1920,10.0,2.8,2.1,2.7,0.26,0.2,0.25,10,8,10,4.8,8.1,6.0,0.48,0.81,0.58,18,30,22,2626711501,,,972,712,981,696,963,728,0.07213,0.07823,-0.99432,-0.06009,0.08484,-0.99458,3.811,3.653,3.737,,,,Valid,Valid,228.3,146.9,552.0,297.4,151.5,560.6,268.4,190.4,263.5,199.3,0.5061,0.6593,0.5107,0.6441,0.5015,0.6744,Screen Recording,Screen Recording Recording54.mp4,1920,1080,0,0,960,540,Fixation,3464,1161,964,709,0.5023,0.6569,,,,,,,,,,,
494180456,512570040363,Eye Tracker,LipReading_BJ,10/21/2025,ZJ,Recording54,10/18/2025,10/18/2025,21:15:16.594,13:15:16.594,535262,Timeline1,Tobii I-VT (Fixation),1.241.54219,1080,1920,10.0,2.8,2.1,2.7,0.26,0.2,0.25,10,8,10,4.8,8.1,6.0,0.48,0.81,0.58,18,30,22,2626715500,,,968,715,984,698,953,731,0.0736,0.07943,-0.99412,-0.06476,0.08627,-0.99416,3.82,3.644,3.737,,,,Valid,Valid,228.3,146.9,552.0,297.4,151.5,560.6,269.2,191.0,260.9,200.2,0.5044,0.6618,0.5123,0.6464,0.4965,0.6772,Screen Recording,Screen Recording Recording54.mp4,1920,1080,0,0,960,540,Fixation,3464,1161,964,709,0.5023,0.6569,,,,,,,,,,,
494184457,512570044364,Eye Tracker,LipReading_BJ,10/21/2025,ZJ,Recording54,10/18/2025,10/18/2025,21:15:16.594,13:15:16.594,535262,Timeline1,Tobii I-VT (Fixation),1.241.54219,1080,1920,10.0,2.8,2.1,2.7,0.26,0.2,0.25,10,8,10,4.8,8.1,6.0,0.48,0.81,0.58,18,30,22,2626719501,,,969,718,979,703,959,734,0.07152,0.08168,-0.99409,-0.06214,0.08741,-0.99423,3.825,3.643,3.736,,,,Valid,Valid,228.3,147.0,552.0,297.4,151.5,560.6,268.0,192.3,262.4,200.8,0.5047,0.665,0.5101,0.6507,0.4993,0.6794,Screen Recording,Screen Recording Recording54.mp4,1920,1080,0,0,960,540,Fixation,3464,1161,964,709,0.5023,0.6569,,,,,,,,,,,
494188456,512570048363,Eye Tracker,LipReading_BJ,10/21/2025,ZJ,Recording54,10/18/2025,10/18/2025,21:15:16.594,13:15:16.594,535262,Timeline1,Tobii I-VT (Fixation),1.241.54219,1080,1920,10.0,2.8,2.1,2.7,0.26,0.2,0.25,10,8,10,4.8,8.1,6.0,0.48,0.81,0.58,18,30,22,2626723500,,,976,715,986,695,965,734,0.07453,0.07772,-0.99419,-0.05887,0.08776,-0.9944,3.814,3.668,3.734,,,,Valid,Valid,228.3,147.0,552.0,297.4,151.5,560.6,269.7,190.1,264.2,201.0,0.5081,0.6617,0.5133,0.6432,0.5029,0.6801,Screen Recording,Screen Recording Recording54.mp4,1920,1080,0,0,960,540,Fixation,3464,1161,964,709,0.5023,0.6569,,,,,,,,,,,
494192457,512570052364,Eye Tracker,LipReading_BJ,10/21/2025,ZJ,Recording54,10/18/2025,10/18/2025,21:15:16.594,13:15:16.594,535262,Timeline1,Tobii I-VT (Fixation),1.241.54219,1080,1920,10.0,2.8,2.1,2.7,0.26,0.2,0.25,10,8,10,4.8,8.1,6.0,0.48,0.81,0.58,18,30,22,2626727501,,,971,708,979,685,963,731,0.07133,0.07283,-0.99479,-0.06013,0.08609,-0.99447,3.841,3.652,3.737,,,,Valid,Valid,228.3,147.0,552.0,297.4,151.5,560.6,267.9,187.4,263.5,200.1,0.5057,0.6554,0.5099,0.634,0.5015,0.6769,Screen Recording,Screen Recording Recording54.mp4,1920,1080,0,0,960,540,Fixation,3464,1161,964,709,0.5023,0.6569,,,,,,,,,,,
494196457,512570056364,Eye Tracker,LipReading_BJ,10/21/2025,ZJ,Recording54,10/18/2025,10/18/2025,21:15:16.594,13:15:16.594,535262,Timeline1,Tobii I-VT (Fixation),1.241.54219,1080,1920,10.0,2.8,2.1,2.7,0.26,0.2,0.25,10,8,10,4.8,8.1,6.0,0.48,0.81,0.58,18,30,22,2626731501,,,970,713,987,701,953,726,0.075,0.08089,-0.9939,-0.06485,0.08346,-0.9944,3.824,3.632,3.737,,,,Valid,Valid,228.3,147.0,552.0,297.4,151.5,560.7,270.0,191.9,260.9,198.6,0.5051,0.6606,0.5138,0.6493,0.4965,0.6719,Screen Recording,Screen Recording Recording54.mp4,1920,1080,0,0,960,540,Fixation,3464,1161,964,709,0.5023,0.6569,,,,,,,,,,,
494200456,512570060363,Eye Tracker,LipReading_BJ,10/21/2025,ZJ,Recording54,10/18/2025,10/18/2025,21:15:16.594,13:15:16.594,535262,Timeline1,Tobii I-VT (Fixation),1.241.54219,1080,1920,10.0,2.8,2.1,2.7,0.26,0.2,0.25,10,8,10,4.8,8.1,6.0,0.48,0.81,0.58,18,30,22,2626735500,,,978,721,990,705,965,738,0.07665,0.08252,-0.99364,-0.05895,0.08941,-0.99425,3.824,3.65,3.737,,,,Valid,Valid,228.3,147.0,552.0,297.4,151.5,560.6,270.9,192.8,264.2,202.0,0.5092,0.6678,0.5156,0.6524,0.5028,0.6833,Screen Recording,Screen Recording Recording54.mp4,1920,1080,0,0,960,540,Fixation,3464,1161,964,709,0.5023,0.6569,,,,,,,,,,,
494204457,512570064364,Eye Tracker,LipReading_BJ,10/21/2025,ZJ,Recording54,10/18/2025,10/18/2025,21:15:16.594,13:15:16.594,535262,Timeline1,Tobii I-VT (Fixation),1.241.54219,1080,1920,10.0,2.8,2.1,2.7,0.26,0.2,0.25,10,8,10,4.8,8.1,6.0,0.48,0.81,0.58,18,30,22,2626739501,,,974,722,985,705,963,739,0.07434,0.08273,-0.9938,-0.06012,0.08989,-0.99414,3.825,3.649,3.737,,,,Valid,Valid,228.3,147.0,552.0,297.4,151.5,560.6,269.6,193.0,263.5,202.2,0.5073,0.6685,0.5132,0.6528,0.5015,0.6842,Screen Recording,Screen Recording Recording54.mp4,1920,1080,0,0,960,540,Fixation,3464,1161,964,709,0.5023,0.6569,,,,,,,,,,,
494208456,512570068363,Eye Tracker,LipReading_BJ,10/21/2025,ZJ,Recording54,10/18/2025,10/18/2025,21:15:16.594,13:15:16.594,535262,Timeline1,Tobii I-VT (Fixation),1.241.54219,1080,1920,10.0,2.8,2.1,2.7,0.26,0.2,0.25,10,8,10,4.8,8.1,6.0,0.48,0.81,0.58,18,30,22,2626743500,,,974,724,980,711,968,738,0.07192,0.08571,-0.99372,-0.05746,0.08922,-0.99435,3.83,3.664,3.737,,,,Valid,Valid,228.3,147.0,552.0,297.4,151.5,560.7,268.3,194.6,265.0,201.8,0.5075,0.6707,0.5106,0.6584,0.5044,0.6829,Screen Recording,Screen Recording Recording54.mp4,1920,1080,0,0,960,540,Fixation,3464,1161,964,709,0.5023,0.6569,,,,,,,,,,,
494212457,512570072364,Eye Tracker,LipReading_BJ,10/21/2025,ZJ,Recording54,10/18/2025,10/18/2025,21:15:16.594,13:15:16.594,535262,Timeline1,Tobii I-VT (Fixation),1.241.54219,1080,1920,10.0,2.8,2.1,2.7,0.26,0.2,0.25,10,8,10,4.8,8.1,6.0,0.48,0.81,0.58,18,30,22,2626747501,,,973,711,984,692,962,731,0.07356,0.0763,-0.99437,-0.06046,0.08604,-0.99445,3.796,3.651,3.738,,,,Valid,Valid,228.3,147.0,552.0,297.4,151.5,560.7,269.2,189.4,263.3,200.1,0.5067,0.6588,0.5123,0.6407,0.5012,0.6769,Screen Recording,Screen Recording Recording54.mp4,1920,1080,0,0,960,540,Fixation,3464,1161,964,709,0.5023,0.6569,,,,,,,,,,,
494216457,512570076364,Eye Tracker,LipReading_BJ,10/21/2025,ZJ,Recording54,10/18/2025,10/18/2025,21:15:16.594,13:15:16.594,535262,Timeline1,Tobii I-VT (Fixation),1.241.54219,1080,1920,10.0,2.8,2.1,2.7,0.26,0.2,0.25,10,8,10,4.8,8.1,6.0,0.48,0.81,0.58,18,30,22,2626751501,,,969,719,981,707,957,732,0.07219,0.08371,-0.99387,-0.06294,0.08647,-0.99426,3.825,3.648,3.74,,,,Valid,Valid,228.4,147.0,552.0,297.4,151.5,560.7,268.4,193.5,261.9,200.3,0.5047,0.6662,0.5109,0.6547,0.4985,0.6777,Screen Recording,Screen Recording Recording54.mp4,1920,1080,0,0,960,540,Fixation,3464,1161,964,709,0.5023,0.6569,,,,,,,,,,,
494220456,512570080363,Eye Tracker,LipReading_BJ,10/21/2025,ZJ,Recording54,10/18/2025,10/18/2025,21:15:16.594,13:15:16.594,535262,Timeline1,Tobii I-VT (Fixation),1.241.54219,1080,1920,10.0,2.8,2.1,2.7,0.26,0.2,0.25,10,8,10,4.8,8.1,6.0,0.48,0.81,0.58,18,30,22,2626755500,,,970,717,986,702,955,732,0.07449,0.08104,-0.99392,-0.06384,0.08655,-0.9942,3.829,3.667,3.74,,,,Valid,Valid,228.3,147.0,552.0,297.4,151.6,560.7,269.7,192.0,261.4,200.4,0.5054,0.6638,0.5133,0.6497,0.4976,0.6779,Screen Recording,Screen Recording Recording54.mp4,1920,1080,0,0,960,540,Fixation,3464,1161,964,709,0.5023,0.6569,,,,,,,,,,,
494224457,512570084364,Eye Tracker,LipReading_BJ,10/21/2025,ZJ,Recording54,10/18/2025,10/18/2025,21:15:16.594,13:15:16.594,535262,Timeline1,Tobii I-VT (Fixation),1.241.54219,1080,1920,10.0,2.8,2.1,2.7,0.26,0.2,0.25,10,8,10,4.8,8.1,6.0,0.48,0.81,0.58,18,30,22,2626759501,,,971,714,983,701,959,728,0.07339,0.08063,-0.99404,-0.06219,0.08454,-0.99448,3.835,3.637,3.747,,,,Valid,Valid,228.3,147.0,552.0,297.4,151.6,560.7,269.1,191.8,262.4,199.2,0.5057,0.6614,0.5121,0.6489,0.4993,0.674,Screen Recording,Screen Recording Recording54.mp4,1920,1080,0,0,960,540,Fixation,3464,1161,964,709,0.5023,0.6569,,,,,,,,,,,
494228455,512570088362,Eye Tracker,LipReading_BJ,10/21/2025,ZJ,Recording54,10/18/2025,10/18/2025,21:15:16.594,13:15:16.594,535262,Timeline1,Tobii I-VT (Fixation),1.241.54219,1080,1920,10.0,2.8,2.1,2.7,0.26,0.2,0.25,10,8,10,4.8,8.1,6.0,0.48,0.81,0.58,18,30,22,2626763500,,,971,718,978,696,964,740,0.07084,0.07843,-0.9944,-0.05958,0.09018,-0.99414,3.831,3.665,3.748,,,,Valid,Valid,228.4,147.0,552.0,297.4,151.6,560.7,267.7,190.5,263.8,202.4,0.5058,0.6648,0.5094,0.6447,0.5021,0.6848,Screen Recording,Screen Recording Recording54.mp4,1920,1080,0,0,960,540,Fixation,3464,1161,964,709,0.5023,0.6569,,,,,,,,,,,
494232456,512570092363,Eye Tracker,LipReading_BJ,10/21/2025,ZJ,Recording54,10/18/2025,10/18/2025,21:15:16.594,13:15:16.594,535262,Timeline1,Tobii I-VT (Fixation),1.241.54219,1080,1920,10.0,2.8,2.1,2.7,0.26,0.2,0.25,10,8,10,4.8,8.1,6.0,0.48,0.81,0.58,18,30,22,2626767501,,,976,718,989,703,963,733,0.07596,0.08164,-0.99376,-0.06,0.08687,-0.99441,3.824,3.683,3.75,,,,Valid,Valid,228.4,147.0,552.0,297.4,151.5,560.7,270.5,192.4,263.6,200.5,0.5083,0.6646,0.5149,0.6508,0.5017,0.6785,Screen Recording,Screen Recording Recording54.mp4,1920,1080,0,0,960,540,Fixation,3464,1161,964,709,0.5023,0.6569,,,,,,,,,,,
494236456,512570096363,Eye Tracker,LipReading_BJ,10/21/2025,ZJ,Recording54,10/18/2025,10/18/2025,21:15:16.594,13:15:16.594,535262,Timeline1,Tobii I-VT (Fixation),1.241.54219,1080,1920,10.0,2.8,2.1,2.7,0.26,0.2,0.25,10,8,10,4.8,8.1,6.0,0.48,0.81,0.58,18,30,22,2626771501,,,971,719,983,700,959,738,0.07346,0.08048,-0.99405,-0.06208,0.08924,-0.99407,3.815,3.7,3.75,,,,Valid,Valid,228.3,147.0,552.0,297.4,151.5,560.7,269.1,191.7,262.4,201.9,0.5058,0.6658,0.5122,0.6486,0.4994,0.683,Screen Recording,Screen Recording Recording54.mp4,1920,1080,0,0,960,540,Fixation,3464,1161,964,709,0.5023,0.6569,,,,,,,,,,,
494240455,512570100362,Eye Tracker,LipReading_BJ,10/21/2025,ZJ,Recording54,10/18/2025,10/18/2025,21:15:16.594,13:15:16.594,535262,Timeline1,Tobii I-VT (Fixation),1.241.54219,1080,1920,10.0,2.8,2.1,2.7,0.26,0.2,0.25,10,8,10,4.8,8.1,6.0,0.48,0.81,0.58,18,30,22,2626775500,,,973,718,982,694,964,742,0.07274,0.0773,-0.99435,-0.05943,0.09137,-0.99404,3.853,3.668,3.752,,,,Valid,Valid,228.3,147.0,552.0,297.4,151.5,560.7,268.7,189.9,263.9,203.1,0.5068,0.6648,0.5114,0.6426,0.5023,0.6871,Screen Recording,Screen Recording Recording54.mp4,1920,1080,0,0,960,540,Fixation,3464,1161,964,709,0.5023,0.6569,,,,,,,,,,,
494244456,512570104363,Eye Tracker,LipReading_BJ,10/21/2025,ZJ,Recording54,10/18/2025,10/18/2025,21:15:16.594,13:15:16.594,535262,Timeline1,Tobii I-VT (Fixation),1.241.54219,1080,1920,10.0,2.8,2.1,2.7,0.26,0.2,0.25,10,8,10,4.8,8.1,6.0,0.48,0.81,0.58,18,30,22,2626779501,,,973,716,983,695,963,737,0.0732,0.07788,-0.99427,-0.06021,0.08907,-0.9942,3.833,3.662,3.752,,,,Valid,Valid,228.3,147.0,552.0,297.4,151.5,560.7,269.0,190.2,263.5,201.8,0.5067,0.6631,0.5119,0.6436,0.5014,0.6827,Screen Recording,Screen Recording Recording54.mp4,1920,1080,0,0,960,540,Fixation,3464,1161,964,709,0.5023,0.6569,,,,,,,,,,,
494248455,512570108362,Eye Tracker,LipReading_BJ,10/21/2025,ZJ,Recording54,10/18/2025,10/18/2025,21:15:16.594,13:15:16.594,535262,Timeline1,Tobii I-VT (Fixation),1.241.54219,1080,1920,10.0,2.8,2.1,2.7,0.26,0.2,0.25,10,8,10,4.8,8.1,6.0,0.48,0.81,0.58,18,30,22,2626783500,,,974,718,981,703,967,734,0.07234,0.08165,-0.99403,-0.05809,0.08735,-0.99448,3.853,3.67,3.762,,,,Valid,Valid,228.3,147.0,552.0,297.4,151.5,560.7,268.5,192.3,264.7,200.8,0.5074,0.665,0.511,0.6508,0.5037,0.6793,Screen Recording,Screen Recording Recording54.mp4,1920,1080,0,0,960,540,Fixation,3464,1161,964,709,0.5023,0.6569,,,,,,,,,,,
494252456,512570112363,Eye Tracker,LipReading_BJ,10/21/2025,ZJ,Recording54,10/18/2025,10/18/2025,21:15:16.594,13:15:16.594,535262,Timeline1,Tobii I-VT (Fixation),1.241.54219,1080,1920,10.0,2.8,2.1,2.7,0.26,0.2,0.25,10,8,10,4.8,8.1,6.0,0.48,0.81,0.58,18,30,22,2626787501,,,969,712,984,696,953,727,0.074,0.07852,-0.99416,-0.06516,0.08406,-0.99433,3.814,3.684,3.759,,,,Valid,Valid,228.3,147.0,552.0,297.4,151.5,560.6,269.4,190.6,260.7,198.9,0.5044,0.6589,0.5128,0.6448,0.4961,0.6731,Screen Recording,Screen Recording Recording54.mp4,1920,1080,0,0,960,540,Fixation,3464,1161,964,709,0.5023,0.6569,,,,,,,,,,,
494256456,512570116363,Eye Tracker,LipReading_BJ,10/21/2025,ZJ,Recording54,10/18/2025,10/18/2025,21:15:16.594,13:15:16.594,535262,Timeline1,Tobii I-VT (Fixation),1.241.54219,1080,1920,10.0,2.8,2.1,2.7,0.26,0.2,0.25,10,8,10,4.8,8.1,6.0,0.48,0.81,0.58,18,30,22,2626791501,,,971,712,979,694,962,729,0.07137,0.0774,-0.99444,-0.06052,0.08508,-0.99453,3.862,3.698,3.766,,,,Valid,Valid,228.3,147.0,552.0,297.4,151.5,560.6,267.9,189.9,263.3,199.5,0.5055,0.6588,0.5099,0.6427,0.5011,0.675,Screen Recording,Screen Recording Recording54.mp4,1920,1080,0,0,960,540,Fixation,3464,1161,964,709,0.5023,0.6569,,,,,,,,,,,
494260455,512570120362,Eye Tracker,LipReading_BJ,10/21/2025,ZJ,Recording54,10/18/2025,10/18/2025,21:15:16.594,13:15:16.594,535262,Timeline1,Tobii I-VT (Fixation),1.241.54219,1080,1920,10.0,2.8,2.1,2.7,0.26,0.2,0.25,10,8,10,4.8,8.1,6.0,0.48,0.81,0.58,18,30,22,2626795500,,,970,708,983,687,957,730,0.0733,0.07373,-0.99458,-0.06296,0.08559,-0.99434,3.825,3.685,3.755,,,,Valid,Valid,228.3,147.0,552.1,297.4,151.5,560.6,269.0,187.9,261.9,199.8,0.5052,0.6558,0.512,0.6357,0.4985,0.676,Screen Recording,Screen Recording Recording54.mp4,1920,1080,0,0,960,540,Fixation,3464,1161,964,709,0.5023,0.6569,,,,,,,,,,,
494264456,512570124363,Eye Tracker,LipReading_BJ,10/21/2025,ZJ,Recording54,10/18/2025,10/18/2025,21:15:16.594,13:15:16.594,535262,Timeline1,Tobii I-VT (Fixation),1.241.54219,1080,1920,10.0,2.8,2.1,2.7,0.26,0.2,0.25,10,8,10,4.8,8.1,6.0,0.48,0.81,0.58,18,30,22,2626799501,,,975,716,986,699,965,733,0.07475,0.07984,-0.994,-0.05908,0.08698,-0.99446,3.847,3.694,3.757,,,,Valid,Valid,228.3,147.0,552.0,297.4,151.5,560.6,269.8,191.3,264.1,200.6,0.5081,0.6629,0.5135,0.6473,0.5026,0.6786,Screen Recording,Screen Recording Recording54.mp4,1920,1080,0,0,960,540,Fixation,3464,1161,964,709,0.5023,0.6569,,,,,,,,,,,
494268455,512570128362,Eye Tracker,LipReading_BJ,10/21/2025,ZJ,Recording54,10/18/2025,10/18/2025,21:15:16.594,13:15:16.594,535262,Timeline1,Tobii I-VT (Fixation),1.241.54219,1080,1920,10.0,2.8,2.1,2.7,0.26,0.2,0.25,10,8,10,4.8,8.1,6.0,0.48,0.81,0.58,18,30,22,2626803500,,,973,710,982,691,964,729,0.0729,0.07574,-0.99446,-0.05956,0.08525,-0.99458,3.819,3.664,3.75,,,,Valid,Valid,228.3,147.0,552.0,297.4,151.5,560.6,268.8,189.0,263.8,199.6,0.5068,0.6574,0.5115,0.6395,0.5021,0.6752,Screen Recording,Screen Recording Recording54.mp4,1920,1080,0,0,960,540,Fixation,3464,1161,964,709,0.5023,0.6569,,,,,,,,,,,
494272454,512570132361,Eye Tracker,LipReading_BJ,10/21/2025,ZJ,Recording54,10/18/2025,10/18/2025,21:15:16.594,13:15:16.594,535262,Timeline1,Tobii I-VT (Fixation),1.241.54219,1080,1920,10.0,2.8,2.1,2.7,0.26,0.2,0.25,10,8,10,4.8,8.1,6.0,0.48,0.81,0.58,18,30,22,2626807499,,,970,711,975,695,965,728,0.06934,0.07777,-0.99456,-0.05912,0.08469,-0.99465,3.828,3.672,3.756,,,,Valid,Valid,228.3,146.9,552.1,297.4,151.5,560.6,266.8,190.1,264.1,199.2,0.5052,0.6587,0.5077,0.6432,0.5026,0.6741,Screen Recording,Screen Recording Recording54.mp4,1920,1080,0,0,960,540,Fixation,3464,1161,964,709,0.5023,0.6569,,,,,,,,,,,
494276454,512570136361,Eye Tracker,LipReading_BJ,10/21/2025,ZJ,Recording54,10/18/2025,10/18/2025,21:15:16.594,13:15:16.594,535262,Timeline1,Tobii I-VT (Fixation),1.241.54219,1080,1920,10.0,2.8,2.1,2.7,0.26,0.2,0.25,10,8,10,4.8,8.1,6.0,0.48,0.81,0.58,18,30,22,2626811499,,,968,711,983,693,953,728,0.0732,0.07715,-0.99433,-0.06492,0.08449,-0.99431,3.841,3.671,3.754,,,,Valid,Valid,228.3,146.9,552.1,297.4,151.5,560.6,268.9,189.8,260.8,199.1,0.5041,0.6579,0.5118,0.6421,0.4963,0.6738,Screen Recording,Screen Recording Recording54.mp4,1920,1080,0,0,960,540,Fixation,3464,1161,964,709,0.5023,0.6569,,,,,,,,,,,
494280453,512570140360,Eye Tracker,LipReading_BJ,10/21/2025,ZJ,Recording54,10/18/2025,10/18/2025,21:15:16.594,13:15:16.594,535262,Timeline1,Tobii I-VT (Fixation),1.241.54219,1080,1920,10.0,2.8,2.1,2.7,0.26,0.2,0.25,10,8,10,4.8,8.1,6.0,0.48,0.81,0.58,18,30,22,2626815498,,,968,714,974,701,962,728,0.06874,0.08086,-0.99435,-0.06037,0.0847,-0.99458,3.845,3.691,3.757,,,,Valid,Valid,228.3,146.9,552.1,297.4,151.5,560.6,266.4,191.8,263.4,199.2,0.5041,0.6616,0.5071,0.649,0.5012,0.6741,Screen Recording,Screen Recording Recording54.mp4,1920,1080,0,0,960,540,Fixation,3464,1161,964,709,0.5023,0.6569,,,,,,,,,,,
494284454,512570144361,Eye Tracker,LipReading_BJ,10/21/2025,ZJ,Recording54,10/18/2025,10/18/2025,21:15:16.594,13:15:16.594,535262,Timeline1,Tobii I-VT (Fixation),1.241.54219,1080,1920,10.0,2.8,2.1,2.7,0.26,0.2,0.25,10,8,10,4.8,8.1,6.0,0.48,0.81,0.58,18,30,22,2626819499,,,970,704,985,690,956,718,0.07428,0.07536,-0.99439,-0.06368,0.0799,-0.99477,3.837,3.678,3.76,,,,Valid,Valid,228.3,146.9,552.1,297.4,151.5,560.6,269.5,188.8,261.5,196.5,0.5053,0.6518,0.5129,0.6387,0.4977,0.6649,Screen Recording,Screen Recording Recording54.mp4,1920,1080,0,0,960,540,Fixation,3464,1161,964,709,0.5023,0.6569,,,,,,,,,,,
494288453,512570148360,Eye Tracker,LipReading_BJ,10/21/2025,ZJ,Recording54,10/18/2025,10/18/2025,21:15:16.594,13:15:16.594,535262,Timeline1,Tobii I-VT (Fixation),1.241.54219,1080,1920,10.0,2.8,2.1,2.7,0.26,0.2,0.25,10,8,10,4.8,8.1,6.0,0.48,0.81,0.58,18,30,22,2626823498,,,968,715,973,702,964,728,0.06836,0.08128,-0.99434,-0.05948,0.08479,-0.99462,3.833,3.684,3.76,,,,Valid,Valid,228.3,146.9,552.1,297.4,151.5,560.6,266.2,192.1,263.8,199.3,0.5044,0.662,0.5067,0.6498,0.5021,0.6742,Screen Recording,Screen Recording Recording54.mp4,1920,1080,0,0,960,540,Fixation,3464,1161,964,709,0.5023,0.6569,,,,,,,,,,,
494292454,512570152361,Eye Tracker,LipReading_BJ,10/21/2025,ZJ,Recording54,10/18/2025,10/18/2025,21:15:16.594,13:15:16.594,535262,Timeline1,Tobii I-VT (Fixation),1.241.54219,1080,1920,10.0,2.8,2.1,2.7,0.26,0.2,0.25,10,8,10,4.8,8.1,6.0,0.48,0.81,0.58,18,30,22,2626827499,,,967,711,980,698,954,725,0.07213,0.07953,-0.99422,-0.06439,0.08309,-0.99446,3.837,3.685,3.76,,,,Valid,Valid,228.3,146.9,552.1,297.4,151.5,560.6,268.3,191.1,261.1,198.3,0.5038,0.6587,0.5107,0.6465,0.4969,0.671,Screen Recording,Screen Recording Recording54.mp4,1920,1080,0,0,960,540,Fixation,3464,1161,964,709,0.5023,0.6569,,,,,,,,,,,
494296454,512570156361,Eye Tracker,LipReading_BJ,10/21/2025,ZJ,Recording54,10/18/2025,10/18/2025,21:15:16.594,13:15:16.594,535262,Timeline1,Tobii I-VT (Fixation),1.241.54219,1080,1920,10.0,2.8,2.1,2.7,0.26,0.2,0.25,10,8,10,4.8,8.1,6.0,0.48,0.81,0.58,18,30,22,2626831499,,,973,709,986,696,959,722,0.07474,0.07831,-0.99412,-0.06173,0.08184,-0.99473,3.847,3.683,3.76,,,,Valid,Valid,228.3,146.9,552.1,297.4,151.5,560.7,269.8,190.4,262.6,197.6,0.5066,0.6564,0.5134,0.6443,0.4997,0.6685,Screen Recording,Screen Recording Recording54.mp4,1920,1080,0,0,960,540,Fixation,3464,1161,964,709,0.5023,0.6569,,,,,,,,,,,
494300453,512570160360,Eye Tracker,LipReading_BJ,10/21/2025,ZJ,Recording54,10/18/2025,10/18/2025,21:15:16.594,13:15:16.594,535262,Timeline1,Tobii I-VT (Fixation),1.241.54219,1080,1920,10.0,2.8,2.1,2.7,0.26,0.2,0.25,10,8,10,4.8,8.1,6.0,0.48,0.81,0.58,18,30,22,2626835498,,,962,710,978,696,947,725,0.07072,0.07818,-0.99443,-0.0676,0.08334,-0.99423,3.84,3.663,3.754,,,,Valid,Valid,228.3,146.9,552.0,297.4,151.5,560.6,267.5,190.3,259.2,198.5,0.5013,0.6577,0.5091,0.644,0.4934,0.6714,Screen Recording,Screen Recording Recording54.mp4,1920,1080,0,0,960,540,Fixation,3464,1161,964,709,0.5023,0.6569,,,,,,,,,,,
494304454,512570164361,Eye Tracker,LipReading_BJ,10/21/2025,ZJ,Recording54,10/18/2025,10/18/2025,21:15:16.594,13:15:16.594,535262,Timeline1,Tobii I-VT (Fixation),1.241.54219,1080,1920,10.0,2.8,2.1,2.7,0.26,0.2,0.25,10,8,10,4.8,8.1,6.0,0.48,0.81,0.58,18,30,22,2626839499,,,968,711,984,693,953,728,0.07375,0.07683,-0.99431,-0.06474,0.08493,-0.99428,3.833,3.67,3.755,,,,Valid,Valid,228.3,146.9,552.1,297.4,151.5,560.6,269.2,189.6,260.9,199.3,0.5044,0.658,0.5123,0.6414,0.4965,0.6745,Screen Recording,Screen Recording Recording54.mp4,1920,1080,0,0,960,540,Fixation,3464,1161,964,709,0.5023,0.6569,,,,,,,,,,,
494308453,512570168360,Eye Tracker,LipReading_BJ,10/21/2025,ZJ,Recording54,10/18/2025,10/18/2025,21:15:16.594,13:15:16.594,535262,Timeline1,Tobii I-VT (Fixation),1.241.54219,1080,1920,10.0,2.8,2.1,2.7,0.26,0.2,0.25,10,8,10,4.8,8.1,6.0,0.48,0.81,0.58,18,30,22,2626843498,,,964,709,978,698,951,721,0.07092,0.07952,-0.99431,-0.06586,0.08125,-0.99452,3.829,3.67,3.755,,,,Valid,Valid,228.3,146.9,552.1,297.4,151.5,560.6,267.6,191.1,260.2,197.3,0.5023,0.6569,0.5094,0.6465,0.4953,0.6674,Screen Recording,Screen Recording Recording54.mp4,1920,1080,0,0,960,540,Fixation,3464,1161,964,709,0.5023,0.6569,,,,,,,,,,,
494312454,512570172361,Eye Tracker,LipReading_BJ,10/21/2025,ZJ,Recording54,10/18/2025,10/18/2025,21:15:16.594,13:15:16.594,535262,Timeline1,Tobii I-VT (Fixation),1.241.54219,1080,1920,10.0,2.8,2.1,2.7,0.26,0.2,0.25,10,8,10,4.8,8.1,6.0,0.48,0.81,0.58,18,30,22,2626847499,,,968,713,984,695,952,730,0.07411,0.07815,-0.99418,-0.0653,0.08551,-0.9942,3.874,3.675,3.758,,,,Valid,Valid,228.3,146.9,552.0,297.4,151.4,560.6,269.4,190.3,260.5,199.7,0.5043,0.6597,0.5127,0.6439,0.4958,0.6755,Screen Recording,Screen Recording Recording54.mp4,1920,1080,0,0,960,540,Fixation,3464,1161,964,709,0.5023,0.6569,,,,,,,,,,,
494316454,512570176361,Eye Tracker,LipReading_BJ,10/21/2025,ZJ,Recording54,10/18/2025,10/18/2025,21:15:16.594,13:15:16.594,535262,Timeline1,Tobii I-VT (Fixation),1.241.54219,1080,1920,10.0,2.8,2.1,2.7,0.26,0.2,0.25,10,8,10,4.8,8.1,6.0,0.48,0.81,0.58,18,30,22,2626851499,,,967,709,985,688,950,730,0.07427,0.07472,-0.99444,-0.06647,0.08551,-0.99412,3.841,3.683,3.765,,,,Valid,Valid,228.3,146.9,552.0,297.4,151.4,560.6,269.5,188.4,259.9,199.7,0.5037,0.6565,0.5129,0.6375,0.4946,0.6756,Screen Recording,Screen Recording Recording54.mp4,1920,1080,0,0,960,540,Fixation,3464,1161,964,709,0.5023,0.6569,,,,,,,,,,,
494320453,512570180360,Eye Tracker,LipReading_BJ,10/21/2025,ZJ,Recording54,10/18/2025,10/18/2025,21:15:16.594,13:15:16.594,535262,Timeline1,Tobii I-VT (Fixation),1.241.54219,1080,1920,10.0,2.8,2.1,2.7,0.26,0.2,0.25,10,8,10,4.8,8.1,6.0,0.48,0.81,0.58,18,30,22,2626855498,,,970,712,979,692,961,733,0.07157,0.0763,-0.99451,-0.0609,0.08711,-0.99434,3.847,3.697,3.775,,,,Valid,Valid,228.3,146.9,552.0,297.4,151.4,560.7,268.0,189.3,263.0,200.6,0.5053,0.6595,0.51,0.6404,0.5006,0.6786,Screen Recording,Screen Recording Recording54.mp4,1920,1080,0,0,960,540,Fixation,3464,1161,964,709,0.5023,0.6569,,,,,,,,,,,
494324454,512570184361,Eye Tracker,LipReading_BJ,10/21/2025,ZJ,Recording54,10/18/2025,10/18/2025,21:15:16.594,13:15:16.594,535262,Timeline1,Tobii I-VT (Fixation),1.241.54219,1080,1920,10.0,2.8,2.1,2.7,0.26,0.2,0.25,10,8,10,4.8,8.1,6.0,0.48,0.81,0.58,18,30,22,2626859499,,,967,712,976,695,958,730,0.07015,0.07794,-0.99449,-0.06231,0.08572,-0.99437,3.867,3.694,3.771,,,,Valid,Valid,228.3,146.9,552.0,297.4,151.5,560.6,267.2,190.2,262.2,199.8,0.5038,0.6597,0.5085,0.6435,0.4991,0.6759,Screen Recording,Screen Recording Recording54.mp4,1920,1080,0,0,960,540,Fixation,3464,1161,964,709,0.5023,0.6569,,,,,,,,,,,
494328453,512570188360,Eye Tracker,LipReading_BJ,10/21/2025,ZJ,Recording54,10/18/2025,10/18/2025,21:15:16.594,13:15:16.594,535262,Timeline1,Tobii I-VT (Fixation),1.241.54219,1080,1920,10.0,2.8,2.1,2.7,0.26,0.2,0.25,10,8,10,4.8,8.1,6.0,0.48,0.81,0.58,18,30,22,2626863498,,,964,706,977,692,950,720,0.07069,0.07628,-0.99458,-0.06637,0.08085,-0.99451,3.866,3.682,3.776,,,,Valid,Valid,228.3,146.9,552.0,297.4,151.4,560.7,267.5,189.3,260.0,197.0,0.5019,0.6535,0.5091,0.6403,0.4947,0.6666,Screen Recording,Screen Recording Recording54.mp4,1920,1080,0,0,960,540,Fixation,3464,1161,964,709,0.5023,0.6569,,,,,,,,,,,
494332454,512570192361,Eye Tracker,LipReading_BJ,10/21/2025,ZJ,Recording54,10/18/2025,10/18/2025,21:15:16.594,13:15:16.594,535262,Timeline1,Tobii I-VT (Fixation),1.241.54219,1080,1920,10.0,2.8,2.1,2.7,0.26,0.2,0.25,10,8,10,4.8,8.1,6.0,0.48,0.81,0.58,18,30,22,2626867499,,,969,708,982,689,957,726,0.07283,0.07524,-0.9945,-0.06303,0.08389,-0.99448,3.852,3.689,3.775,,,,Valid,Valid,228.3,146.9,552.0,297.4,151.4,560.6,268.7,188.7,261.8,198.7,0.5048,0.6554,0.5114,0.6384,0.4983,0.6724,Screen Recording,Screen Recording Recording54.mp4,1920,1080,0,0,960,540,Fixation,3464,1161,964,709,0.5023,0.6569,,,,,,,,,,,
494336453,512570196360,Eye Tracker,LipReading_BJ,10/21/2025,ZJ,Recording54,10/18/2025,10/18/2025,21:15:16.594,13:15:16.594,535262,Timeline1,Tobii I-VT (Fixation),1.241.54219,1080,1920,10.0,2.8,2.1,2.7,0.26,0.2,0.25,10,8,10,4.8,8.1,6.0,0.48,0.81,0.58,18,30,22,2626871499,,,967,708,980,687,954,729,0.0718,0.07412,-0.99466,-0.06427,0.08512,-0.9943,3.863,3.672,3.772,,,,Valid,Valid,228.3,146.9,552.0,297.4,151.4,560.6,268.1,188.0,261.1,199.4,0.5036,0.6555,0.5103,0.6362,0.497,0.6748,Screen Recording,Screen Recording Recording54.mp4,1920,1080,0,0,960,540,Fixation,3464,1161,964,709,0.5023,0.6569,,,,,,,,,,,
494340452,512570200359,Eye Tracker,LipReading_BJ,10/21/2025,ZJ,Recording54,10/18/2025,10/18/2025,21:15:16.594,13:15:16.594,535262,Timeline1,Tobii I-VT (Fixation),1.241.54219,1080,1920,10.0,2.8,2.1,2.7,0.26,0.2,0.25,10,8,10,4.8,8.1,6.0,0.48,0.81,0.58,18,30,22,2626875498,,,969,712,978,693,960,731,0.07107,0.07686,-0.99451,-0.06158,0.08608,-0.99438,3.863,3.686,3.765,,,,Valid,Valid,228.3,146.9,552.0,297.4,151.4,560.7,267.7,189.6,262.7,200.0,0.5047,0.659,0.5095,0.6414,0.4999,0.6766,Screen Recording,Screen Recording Recording54.mp4,1920,1080,0,0,960,540,Fixation,3464,1161,964,709,0.5023,0.6569,,,,,,,,,,,
494344453,512570204360,Eye Tracker,LipReading_BJ,10/21/2025,ZJ,Recording54,10/18/2025,10/18/2025,21:15:16.594,13:15:16.594,535262,Timeline1,Tobii I-VT (Fixation),1.241.54219,1080,1920,10.0,2.8,2.1,2.7,0.26,0.2,0.25,10,8,10,4.8,8.1,6.0,0.48,0.81,0.58,18,30,22,2626879499,,,966,708,980,693,952,723,0.07211,0.07681,-0.99443,-0.06537,0.08252,-0.99444,3.851,3.659,3.765,,,,Valid,Valid,228.3,146.9,552.0,297.4,151.4,560.7,268.3,189.5,260.5,198.0,0.5032,0.6555,0.5106,0.6413,0.4958,0.6697,Screen Recording,Screen Recording Recording54.mp4,1920,1080,0,0,960,540,Fixation,3464,1161,964,709,0.5023,0.6569,,,,,,,,,,,
494348452,512570208359,Eye Tracker,LipReading_BJ,10/21/2025,ZJ,Recording54,10/18/2025,10/18/2025,21:15:16.594,13:15:16.594,535262,Timeline1,Tobii I-VT (Fixation),1.241.54219,1080,1920,10.0,2.8,2.1,2.7,0.26,0.2,0.25,10,8,10,4.8,8.1,6.0,0.48,0.81,0.58,18,30,22,2626883498,,,969,704,981,689,957,719,0.07241,0.07485,-0.99456,-0.063,0.0805,-0.99476,3.857,3.666,3.772,,,,Valid,Valid,228.3,146.9,552.0,297.4,151.4,560.7,268.5,188.5,261.9,196.8,0.5047,0.6517,0.5109,0.6376,0.4984,0.6658,Screen Recording,Screen Recording Recording54.mp4,1920,1080,0,0,960,540,Fixation,3464,1161,964,709,0.5023,0.6569,,,,,,,,,,,
494352453,512570212360,Eye Tracker,LipReading_BJ,10/21/2025,ZJ,Recording54,10/18/2025,10/18/2025,21:15:16.594,13:15:16.594,535262,Timeline1,Tobii I-VT (Fixation),1.241.54219,1080,1920,10.0,2.8,2.1,2.7,0.26,0.2,0.25,10,8,10,4.8,8.1,6.0,0.48,0.81,0.58,18,30,22,2626887499,,,966,713,979,697,953,729,0.07159,0.07875,-0.99432,-0.06469,0.0852,-0.99426,3.854,3.705,3.768,,,,Valid,Valid,228.3,146.9,552.0,297.4,151.4,560.7,268.0,190.6,260.9,199.5,0.5033,0.6599,0.5101,0.6449,0.4965,0.6748,Screen Recording,Screen Recording Recording54.mp4,1920,1080,0,0,960,540,Fixation,3464,1161,964,709,0.5023,0.6569,,,,,,,,,,,
494356453,512570216360,Eye Tracker,LipReading_BJ,10/21/2025,ZJ,Recording54,10/18/2025,10/18/2025,21:15:16.594,13:15:16.594,535262,Timeline1,Tobii I-VT (Fixation),1.241.54219,1080,1920,10.0,2.8,2.1,2.7,0.26,0.2,0.25,10,8,10,4.8,8.1,6.0,0.48,0.81,0.58,18,30,22,2626891499,,,969,708,977,680,962,736,0.07036,0.07068,-0.99501,-0.0604,0.08863,-0.99423,3.875,3.703,3.779,,,,Valid,Valid,228.3,146.9,552.0,297.4,151.4,560.7,267.3,186.1,263.3,201.4,0.5049,0.6555,0.5087,0.6297,0.5012,0.6814,Screen Recording,Screen Recording Recording54.mp4,1920,1080,0,0,960,540,Fixation,3464,1161,964,709,0.5023,0.6569,,,,,,,,,,,
494360452,512570220359,Eye Tracker,LipReading_BJ,10/21/2025,ZJ,Recording54,10/18/2025,10/18/2025,21:15:16.594,13:15:16.594,535262,Timeline1,Tobii I-VT (Fixation),1.241.54219,1080,1920,10.0,2.8,2.1,2.7,0.26,0.2,0.25,10,8,10,4.8,8.1,6.0,0.48,0.81,0.58,18,30,22,2626895498,,,960,704,974,681,947,726,0.06894,0.07121,-0.99508,-0.06786,0.08388,-0.99416,3.852,3.681,3.778,,,,Valid,Valid,228.3,146.9,552.0,297.4,151.4,560.7,266.5,186.4,259.1,198.7,0.5002,0.6515,0.5072,0.6307,0.4931,0.6723,Screen Recording,Screen Recording Recording54.mp4,1920,1080,0,0,960,540,Fixation,3464,1161,964,709,0.5023,0.6569,,,,,,,,,,,
494364453,512570224360,Eye Tracker,LipReading_BJ,10/21/2025,ZJ,Recording54,10/18/2025,10/18/2025,21:15:16.594,13:15:16.594,535262,Timeline1,Tobii I-VT (Fixation),1.241.54219,1080,1920,10.0,2.8,2.1,2.7,0.26,0.2,0.25,10,8,10,4.8,8.1,6.0,0.48,0.81,0.58,18,30,22,2626899499,,,969,711,978,688,960,734,0.07104,0.0746,-0.99468,-0.06161,0.08775,-0.99424,3.841,3.719,3.776,,,,Valid,Valid,228.3,146.9,552.0,297.4,151.4,560.7,267.7,188.3,262.6,200.9,0.5047,0.6584,0.5095,0.6371,0.4999,0.6797,Screen Recording,Screen Recording Recording54.mp4,1920,1080,0,0,960,540,Fixation,3464,1161,964,709,0.5023,0.6569,,,,,,,,,,,
494368452,512570228359,Eye Tracker,LipReading_BJ,10/21/2025,ZJ,Recording54,10/18/2025,10/18/2025,21:15:16.594,13:15:16.594,535262,Timeline1,Tobii I-VT (Fixation),1.241.54219,1080,1920,10.0,2.8,2.1,2.7,0.26,0.2,0.25,10,8,10,4.8,8.1,6.0,0.48,0.81,0.58,18,30,22,2626903498,,,972,713,986,688,957,739,0.07504,0.07437,-0.9944,-0.06282,0.0899,-0.99397,3.849,3.71,3.78,,,,Valid,Valid,228.3,146.9,551.9,297.4,151.4,560.7,269.9,188.2,262.0,202.1,0.5061,0.6603,0.5137,0.6367,0.4985,0.6838,Screen Recording,Screen Recording Recording54.mp4,1920,1080,0,0,960,540,Fixation,3464,1161,964,709,0.5023,0.6569,,,,,,,,,,,
494372453,512570232360,Eye Tracker,LipReading_BJ,10/21/2025,ZJ,Recording54,10/18/2025,10/18/2025,21:15:16.594,13:15:16.594,535262,Timeline1,Tobii I-VT (Fixation),1.241.54219,1080,1920,10.0,2.8,2.1,2.7,0.26,0.2,0.25,10,8,10,4.8,8.1,6.0,0.48,0.81,0.58,18,30,22,2626907499,,,968,709,988,690,947,729,0.07596,0.07548,-0.99425,-0.06781,0.08511,-0.99406,3.843,3.688,3.78,,,,Valid,Valid,228.3,146.9,552.0,297.4,151.4,560.7,270.5,188.8,259.1,199.4,0.504,0.6567,0.5147,0.6388,0.4932,0.6746,Screen Recording,Screen Recording Recording54.mp4,1920,1080,0,0,960,540,Fixation,3464,1161,964,709,0.5023,0.6569,,,,,,,,,,,
494376453,512570236360,Eye Tracker,LipReading_BJ,10/21/2025,ZJ,Recording54,10/18/2025,10/18/2025,21:15:16.594,13:15:16.594,535262,Timeline1,Tobii I-VT (Fixation),1.241.54219,1080,1920,10.0,2.8,2.1,2.7,0.26,0.2,0.25,10,8,10,4.8,8.1,6.0,0.48,0.81,0.58,18,30,22,2626911499,,,971,712,981,689,960,735,0.07264,0.07515,-0.99452,-0.06162,0.08846,-0.99417,3.865,3.714,3.785,,,,Valid,Valid,228.3,146.9,552.0,297.4,151.4,560.7,268.6,188.6,262.6,201.3,0.5055,0.6596,0.5112,0.6381,0.4998,0.681,Screen Recording,Screen Recording Recording54.mp4,1920,1080,0,0,960,540,Fixation,3464,1161,964,709,0.5023,0.6569,,,,,,,,,,,
494380452,512570240359,Eye Tracker,LipReading_BJ,10/21/2025,ZJ,Recording54,10/18/2025,10/18/2025,21:15:16.594,13:15:16.594,535262,Timeline1,Tobii I-VT (Fixation),1.241.54219,1080,1920,10.0,2.8,2.1,2.7,0.26,0.2,0.25,10,8,10,4.8,8.1,6.0,0.48,0.81,0.58,18,30,22,2626915498,,,970,714,979,687,961,741,0.07163,0.07402,-0.99468,-0.06087,0.09108,-0.99398,3.875,3.707,3.781,,,,Valid,Valid,228.3,146.9,552.0,297.4,151.4,560.7,268.0,188.0,263.1,202.8,0.5054,0.661,0.5101,0.636,0.5006,0.686,Screen Recording,Screen Recording Recording54.mp4,1920,1080,0,0,960,540,Fixation,3464,1161,964,709,0.5023,0.6569,,,,,,,,,,,
494384453,512570244360,Eye Tracker,LipReading_BJ,10/21/2025,ZJ,Recording54,10/18/2025,10/18/2025,21:15:16.594,13:15:16.594,535262,Timeline1,Tobii I-VT (Fixation),1.241.54219,1080,1920,10.0,2.8,2.1,2.7,0.26,0.2,0.25,10,8,10,4.8,8.1,6.0,0.48,0.81,0.58,18,30,22,2626919499,,,967,712,977,690,958,734,0.07029,0.07541,-0.99467,-0.06249,0.08755,-0.9942,3.863,3.696,3.786,,,,Valid,Valid,228.3,146.9,552.0,297.4,151.4,560.7,267.3,188.7,262.1,200.8,0.5038,0.6589,0.5087,0.6386,0.4989,0.6793,Screen Recording,Screen Recording Recording54.mp4,1920,1080,0,0,960,540,Fixation,3464,1161,964,709,0.5023,0.6569,,,,,,,,,,,
494388452,512570248359,Eye Tracker,LipReading_BJ,10/21/2025,ZJ,Recording54,10/18/2025,10/18/2025,21:15:16.594,13:15:16.594,535262,Timeline1,Tobii I-VT (Fixation),1.241.54219,1080,1920,10.0,2.8,2.1,2.7,0.26,0.2,0.25,10,8,10,4.8,8.1,6.0,0.48,0.81,0.58,18,30,22,2626923498,,,974,712,989,690,958,734,0.07643,0.0754,-0.99422,-0.06231,0.08765,-0.9942,3.895,3.679,3.79,,,,Valid,Valid,228.3,146.9,552.0,297.4,151.4,560.7,270.7,188.8,262.3,200.8,0.5072,0.6591,0.5152,0.6386,0.4991,0.6795,Screen Recording,Screen Recording Recording54.mp4,1920,1080,0,0,960,540,Fixation,3464,1161,964,709,0.5023,0.6569,,,,,,,,,,,
494392453,512570252360,Eye Tracker,LipReading_BJ,10/21/2025,ZJ,Recording54,10/18/2025,10/18/2025,21:15:16.594,13:15:16.594,535262,Timeline1,Tobii I-VT (Fixation),1.241.54219,1080,1920,10.0,2.8,2.1,2.7,0.26,0.2,0.25,10,8,10,4.8,8.1,6.0,0.48,0.81,0.58,18,30,22,2626927499,,,967,710,980,684,953,737,0.07211,0.07245,-0.99476,-0.06495,0.08914,-0.9939,3.896,3.697,3.79,,,,Valid,Valid,228.3,146.9,552.0,297.4,151.4,560.7,268.3,187.1,260.7,201.7,0.5034,0.6577,0.5106,0.633,0.4962,0.6824,Screen Recording,Screen Recording Recording54.mp4,1920,1080,0,0,960,540,Fixation,3464,1161,964,709,0.5023,0.6569,,,,,,,,,,,
494396453,512570256360,Eye Tracker,LipReading_BJ,10/21/2025,ZJ,Recording54,10/18/2025,10/18/2025,21:15:16.594,13:15:16.594,535262,Timeline1,Tobii I-VT (Fixation),1.241.54219,1080,1920,10.0,2.8,2.1,2.7,0.26,0.2,0.25,10,8,10,4.8,8.1,6.0,0.48,0.81,0.58,18,30,22,2626931499,,,969,709,979,681,958,738,0.07157,0.07105,-0.9949,-0.0623,0.08965,-0.99402,3.884,3.676,3.79,,,,Valid,Valid,228.3,146.9,552.0,297.4,151.4,560.7,268.0,186.3,262.2,202.0,0.5046,0.6569,0.51,0.6304,0.4991,0.6833,Screen Recording,Screen Recording Recording54.mp4,1920,1080,0,0,960,540,Fixation,3464,1161,964,709,0.5023,0.6569,,,,,,,,,,,
494400452,512570260359,Eye Tracker,LipReading_BJ,10/21/2025,ZJ,Recording54,10/18/2025,10/18/2025,21:15:16.594,13:15:16.594,535262,Timeline1,Tobii I-VT (Fixation),1.241.54219,1080,1920,10.0,2.8,2.1,2.7,0.26,0.2,0.25,10,8,10,4.8,8.1,6.0,0.48,0.81,0.58,18,30,22,2626935498,,,972,713,989,694,955,733,0.07645,0.0774,-0.99407,-0.06371,0.08725,-0.99415,3.862,3.698,3.789,,,,Valid,Valid,228.3,146.9,552.0,297.4,151.4,560.7,270.7,189.9,261.5,200.6,0.5064,0.6606,0.5152,0.6425,0.4976,0.6787,Screen Recording,Screen Recording Recording54.mp4,1920,1080,0,0,960,540,Fixation,3464,1161,964,709,0.5023,0.6569,,,,,,,,,,,
494404451,512570264358,Eye Tracker,LipReading_BJ,10/21/2025,ZJ,Recording54,10/18/2025,10/18/2025,21:15:16.594,13:15:16.594,535262,Timeline1,Tobii I-VT (Fixation),1.241.54219,1080,1920,10.0,2.8,2.1,2.7,0.26,0.2,0.25,10,8,10,4.8,8.1,6.0,0.48,0.81,0.58,18,30,22,2626939497,,,969,712,979,683,960,741,0.07128,0.07208,-0.99485,-0.06157,0.0909,-0.99395,3.856,3.721,3.78,,,,Valid,Valid,228.3,146.9,552.0,297.4,151.4,560.7,267.8,186.9,262.6,202.7,0.5048,0.6591,0.5097,0.6324,0.4999,0.6858,Screen Recording,Screen Recording Recording54.mp4,1920,1080,0,0,960,540,Fixation,3464,1161,964,709,0.5023,0.6569,,,,,,,,,,,
494408450,512570268357,Eye Tracker,LipReading_BJ,10/21/2025,ZJ,Recording54,10/18/2025,10/18/2025,21:15:16.594,13:15:16.594,535262,Timeline1,Tobii I-VT (Fixation),1.241.54219,1080,1920,10.0,2.8,2.1,2.7,0.26,0.2,0.25,10,8,10,4.8,8.1,6.0,0.48,0.81,0.58,18,30,22,2626943496,,,964,708,974,689,953,727,0.06924,0.07503,-0.99477,-0.06484,0.08427,-0.99433,3.882,3.68,3.786,,,,Valid,Valid,228.3,146.9,552.0,297.4,151.4,560.7,266.7,188.6,260.8,198.9,0.502,0.6555,0.5075,0.6379,0.4964,0.6731,Screen Recording,Screen Recording Recording54.mp4,1920,1080,0,0,960,540,Fixation,3464,1161,964,709,0.5023,0.6569,,,,,,,,,,,
494412451,512570272358,Eye Tracker,LipReading_BJ,10/21/2025,ZJ,Recording54,10/18/2025,10/18/2025,21:15:16.594,13:15:16.594,535262,Timeline1,Tobii I-VT (Fixation),1.241.54219,1080,1920,10.0,2.8,2.1,2.7,0.26,0.2,0.25,10,8,10,4.8,8.1,6.0,0.48,0.81,0.58,18,30,22,2626947497,,,967,703,978,683,957,724,0.07086,0.07227,-0.99487,-0.06313,0.08266,-0.99458,3.862,3.712,3.786,,,,Valid,Valid,228.3,146.9,552.0,297.4,151.4,560.7,267.6,187.0,261.8,198.0,0.5037,0.6514,0.5092,0.6328,0.4982,0.67,Screen Recording,Screen Recording Recording54.mp4,1920,1080,0,0,960,540,Fixation,3464,1161,964,709,0.5023,0.6569,,,,,,,,,,,
494416451,512570276358,Eye Tracker,LipReading_BJ,10/21/2025,ZJ,Recording54,10/18/2025,10/18/2025,21:15:16.594,13:15:16.594,535262,Timeline1,Tobii I-VT (Fixation),1.241.54219,1080,1920,10.0,2.8,2.1,2.7,0.26,0.2,0.25,10,8,10,4.8,8.1,6.0,0.48,0.81,0.58,18,30,22,2626951497,,,966,705,978,682,954,728,0.0711,0.07153,-0.9949,-0.06458,0.08479,-0.9943,3.888,3.71,3.789,,,,Valid,Valid,228.2,146.9,551.9,297.4,151.4,560.7,267.7,186.6,261.0,199.2,0.503,0.6528,0.5095,0.6314,0.4966,0.6741,Screen Recording,Screen Recording Recording54.mp4,1920,1080,0,0,960,540,Fixation,3464,1161,964,709,0.5023,0.6569,,,,,,,,,,,
494420450,512570280357,Eye Tracker,LipReading_BJ,10/21/2025,ZJ,Recording54,10/18/2025,10/18/2025,21:15:16.594,13:15:16.594,535262,Timeline1,Tobii I-VT (Fixation),1.241.54219,1080,1920,10.0,2.8,2.1,2.7,0.26,0.2,0.25,10,8,10,4.8,8.1,6.0,0.48,0.81,0.58,18,30,22,2626955496,,,970,711,984,697,955,725,0.07405,0.07886,-0.99413,-0.06375,0.08351,-0.99447,3.861,3.704,3.786,,,,Valid,Valid,228.2,146.9,552.0,297.4,151.4,560.7,269.4,190.7,261.4,198.5,0.5051,0.6585,0.5126,0.6453,0.4975,0.6717,Screen Recording,Screen Recording Recording54.mp4,1920,1080,0,0,960,540,Fixation,3464,1161,964,709,0.5023,0.6569,,,,,,,,,,,
494424450,512570284357,Eye Tracker,LipReading_BJ,10/21/2025,ZJ,Recording54,10/18/2025,10/18/2025,21:15:16.594,13:15:16.594,535262,Timeline1,Tobii I-VT (Fixation),1.241.54219,1080,1920,10.0,2.8,2.1,2.7,0.26,0.2,0.25,10,8,10,4.8,8.1,6.0,0.48,0.81,0.58,18,30,22,2626959496,,,968,715,978,696,958,734,0.07085,0.07823,-0.99441,-0.06239,0.08742,-0.99422,3.868,3.718,3.786,,,,Valid,Valid,228.2,147.0,552.0,297.4,151.4,560.7,267.6,190.4,262.2,200.7,0.5041,0.6617,0.5092,0.6441,0.4989,0.6792,Screen Recording,Screen Recording Recording54.mp4,1920,1080,0,0,960,540,Fixation,3464,1161,964,709,0.5023,0.6569,,,,,,,,,,,
494428450,512570288357,Eye Tracker,LipReading_BJ,10/21/2025,ZJ,Recording54,10/18/2025,10/18/2025,21:15:16.594,13:15:16.594,535262,Timeline1,Tobii I-VT (Fixation),1.241.54219,1080,1920,10.0,2.8,2.1,2.7,0.26,0.2,0.25,10,8,10,4.8,8.1,6.0,0.48,0.81,0.58,18,30,22,2626963496,,,968,713,987,700,949,727,0.0756,0.08022,-0.99391,-0.06685,0.08408,-0.99421,3.863,3.698,3.786,,,,Valid,Valid,228.2,147.0,551.9,297.4,151.5,560.7,270.2,191.5,259.7,198.9,0.5042,0.6604,0.5143,0.648,0.4942,0.6729,Screen Recording,Screen Recording Recording54.mp4,1920,1080,0,0,960,540,Fixation,3464,1161,964,709,0.5023,0.6569,,,,,,,,,,,
494432451,512570292358,Eye Tracker,LipReading_BJ,10/21/2025,ZJ,Recording54,10/18/2025,10/18/2025,21:15:16.594,13:15:16.594,535262,Timeline1,Tobii I-VT (Fixation),1.241.54219,1080,1920,10.0,2.8,2.1,2.7,0.26,0.2,0.25,10,8,10,4.8,8.1,6.0,0.48,0.81,0.58,18,30,22,2626967497,,,968,709,985,701,950,717,0.07448,0.08101,-0.99393,-0.06616,0.07953,-0.99463,3.874,3.685,3.785,,,,Valid,Valid,228.2,147.0,551.9,297.3,151.5,560.7,269.6,192.0,260.1,196.3,0.504,0.6568,0.5131,0.6495,0.4949,0.6641,Screen Recording,Screen Recording Recording54.mp4,1920,1080,0,0,960,540,Fixation,3464,1161,964,709,0.5023,0.6569,,,,,,,,,,,
494436451,512570296358,Eye Tracker,LipReading_BJ,10/21/2025,ZJ,Recording54,10/18/2025,10/18/2025,21:15:16.594,13:15:16.594,535262,Timeline1,Tobii I-VT (Fixation),1.241.54219,1080,1920,10.0,2.8,2.1,2.7,0.26,0.2,0.25,10,8,10,4.8,8.1,6.0,0.48,0.81,0.58,18,30,22,2626971497,,,961,708,976,693,946,723,0.0703,0.07688,-0.99456,-0.06806,0.08214,-0.99429,3.872,3.703,3.786,,,,Valid,Valid,228.2,147.0,551.9,297.3,151.5,560.7,267.2,189.6,259.0,197.8,0.5007,0.6554,0.5086,0.6416,0.4928,0.6692,Screen Recording,Screen Recording Recording54.mp4,1920,1080,0,0,960,540,Fixation,3464,1161,964,709,0.5023,0.6569,,,,,,,,,,,
494440450,512570300357,Eye Tracker,LipReading_BJ,10/21/2025,ZJ,Recording54,10/18/2025,10/18/2025,21:15:16.594,13:15:16.594,535262,Timeline1,Tobii I-VT (Fixation),1.241.54219,1080,1920,10.0,2.8,2.1,2.7,0.26,0.2,0.25,10,8,10,4.8,8.1,6.0,0.48,0.81,0.58,18,30,22,2626975496,,,966,710,981,699,951,721,0.07268,0.07995,-0.99415,-0.06573,0.08131,-0.99452,3.899,3.696,3.792,,,,Valid,Valid,228.2,147.0,551.9,297.3,151.5,560.7,268.6,191.4,260.3,197.3,0.5032,0.6575,0.5111,0.6475,0.4953,0.6676,Screen Recording,Screen Recording Recording54.mp4,1920,1080,0,0,960,540,Fixation,3464,1161,964,709,0.5023,0.6569,,,,,,,,,,,
494444449,512570304356,Eye Tracker,LipReading_BJ,10/21/2025,ZJ,Recording54,10/18/2025,10/18/2025,21:15:16.594,13:15:16.594,535262,Timeline1,Tobii I-VT (Fixation),1.241.54219,1080,1920,10.0,2.8,2.1,2.7,0.26,0.2,0.25,10,8,10,4.8,8.1,6.0,0.48,0.81,0.58,18,30,22,2626979496,,,966,712,977,697,955,726,0.07074,0.07876,-0.99438,-0.06391,0.08397,-0.99442,3.902,3.715,3.793,,,,Valid,Valid,228.2,147.0,551.9,297.3,151.5,560.7,267.5,190.7,261.3,198.8,0.5032,0.6589,0.509,0.6452,0.4973,0.6727,Screen Recording,Screen Recording Recording54.mp4,1920,1080,0,0,960,540,Fixation,3464,1161,964,709,0.5023,0.6569,,,,,,,,,,,
494448449,512570308356,Eye Tracker,LipReading_BJ,10/21/2025,ZJ,Recording54,10/18/2025,10/18/2025,21:15:16.594,13:15:16.594,535262,Timeline1,Tobii I-VT (Fixation),1.241.54219,1080,1920,10.0,2.8,2.1,2.7,0.26,0.2,0.25,10,8,10,4.8,8.1,6.0,0.48,0.81,0.58,18,30,22,2626983496,,,965,715,982,698,949,731,0.07294,0.0794,-0.99417,-0.06667,0.08636,-0.99403,3.88,3.717,3.797,,,,Valid,Valid,228.2,147.0,551.9,297.3,151.5,560.7,268.7,191.1,259.7,200.2,0.5028,0.6619,0.5114,0.6465,0.4943,0.6773,Screen Recording,Screen Recording Recording54.mp4,1920,1080,0,0,960,540,Fixation,3464,1161,964,709,0.5023,0.6569,,,,,,,,,,,
494452450,512570312357,Eye Tracker,LipReading_BJ,10/21/2025,ZJ,Recording54,10/18/2025,10/18/2025,21:15:16.594,13:15:16.594,535262,Timeline1,Tobii I-VT (Fixation),1.241.54219,1080,1920,10.0,2.8,2.1,2.7,0.26,0.2,0.25,10,8,10,4.8,8.1,6.0,0.48,0.81,0.58,18,30,22,2626987497,,,967,707,983,691,952,724,0.07341,0.07576,-0.99442,-0.06545,0.08284,-0.99441,3.884,3.7,3.797,,,,Valid,Valid,228.2,147.0,551.9,297.3,151.5,560.8,268.9,189.1,260.4,198.2,0.5037,0.6551,0.5118,0.6396,0.4956,0.6705,Screen Recording,Screen Recording Recording54.mp4,1920,1080,0,0,960,540,Fixation,3464,1161,964,709,0.5023,0.6569,,,,,,,,,,,
494456450,512570316357,Eye Tracker,LipReading_BJ,10/21/2025,ZJ,Recording54,10/18/2025,10/18/2025,21:15:16.594,13:15:16.594,535262,Timeline1,Tobii I-VT (Fixation),1.241.54219,1080,1920,10.0,2.8,2.1,2.7,0.26,0.2,0.25,10,8,10,4.8,8.1,6.0,0.48,0.81,0.58,18,30,22,2626991497,,,959,711,975,697,942,724,0.06972,0.07876,-0.99445,-0.06996,0.08287,-0.9941,3.894,3.69,3.787,,,,Valid,Valid,228.2,147.0,551.9,297.3,151.5,560.8,266.9,190.7,257.8,198.2,0.4993,0.658,0.5079,0.6453,0.4907,0.6706,Screen Recording,Screen Recording Recording54.mp4,1920,1080,0,0,960,540,Fixation,3464,1161,964,709,0.5023,0.6569,,,,,,,,,,,
494460449,512570320356,Eye Tracker,LipReading_BJ,10/21/2025,ZJ,Recording54,10/18/2025,10/18/2025,21:15:16.594,13:15:16.594,535262,Timeline1,Tobii I-VT (Fixation),1.241.54219,1080,1920,10.0,2.8,2.1,2.7,0.26,0.2,0.25,10,8,10,4.8,8.1,6.0,0.48,0.81,0.58,18,30,22,2626995496,,,975,712,990,691,960,732,0.07698,0.07586,-0.99414,-0.06109,0.08678,-0.99435,3.9,3.691,3.792,,,,Valid,Valid,228.2,147.0,552.0,297.3,151.5,560.7,270.9,189.1,262.8,200.4,0.5079,0.659,0.5156,0.6398,0.5002,0.6781,Screen Recording,Screen Recording Recording54.mp4,1920,1080,0,0,960,540,Fixation,3464,1161,964,709,0.5023,0.6569,,,,,,,,,,,
494464449,512570324356,Eye Tracker,LipReading_BJ,10/21/2025,ZJ,Recording54,10/18/2025,10/18/2025,21:15:16.594,13:15:16.594,535262,Timeline1,Tobii I-VT (Fixation),1.241.54219,1080,1920,10.0,2.8,2.1,2.7,0.26,0.2,0.25,10,8,10,4.8,8.1,6.0,0.48,0.81,0.58,18,30,22,2626999496,,,968,715,977,700,959,730,0.07083,0.08037,-0.99424,-0.06167,0.08547,-0.99443,3.878,3.685,3.795,,,,Valid,Valid,228.2,147.0,551.9,297.3,151.5,560.7,267.5,191.6,262.5,199.7,0.5044,0.6619,0.5091,0.6483,0.4996,0.6756,Screen Recording,Screen Recording Recording54.mp4,1920,1080,0,0,960,540,Fixation,3464,1161,964,709,0.5023,0.6569,,,,,,,,,,,
494468449,512570328356,Eye Tracker,LipReading_BJ,10/21/2025,ZJ,Recording54,10/18/2025,10/18/2025,21:15:16.594,13:15:16.594,535262,Timeline1,Tobii I-VT (Fixation),1.241.54219,1080,1920,10.0,2.8,2.1,2.7,0.26,0.2,0.25,10,8,10,4.8,8.1,6.0,0.48,0.81,0.58,18,30,22,2627003496,,,969,713,979,699,959,726,0.07178,0.07997,-0.99421,-0.06167,0.08379,-0.99457,3.906,3.712,3.793,,,,Valid,Valid,228.2,147.0,552.0,297.3,151.5,560.7,268.0,191.4,262.5,198.7,0.5048,0.6599,0.5101,0.6476,0.4996,0.6723,Screen Recording,Screen Recording Recording54.mp4,1920,1080,0,0,960,540,Fixation,3464,1161,964,709,0.5023,0.6569,,,,,,,,,,,
494472450,512570332357,Eye Tracker,LipReading_BJ,10/21/2025,ZJ,Recording54,10/18/2025,10/18/2025,21:15:16.594,13:15:16.594,535262,Timeline1,Tobii I-VT (Fixation),1.241.54219,1080,1920,10.0,2.8,2.1,2.7,0.26,0.2,0.25,10,8,10,4.8,8.1,6.0,0.48,0.81,0.58,18,30,22,2627007497,,,970,713,985,697,955,728,0.07432,0.07895,-0.9941,-0.06393,0.08487,-0.99434,3.913,3.681,3.795,,,,Valid,Valid,228.2,147.0,551.9,297.3,151.5,560.8,269.4,190.8,261.2,199.3,0.505,0.66,0.5128,0.6457,0.4972,0.6744,Screen Recording,Screen Recording Recording54.mp4,1920,1080,0,0,960,540,Fixation,3464,1161,964,709,0.5023,0.6569,,,,,,,,,,,
494476450,512570336357,Eye Tracker,LipReading_BJ,10/21/2025,ZJ,Recording54,10/18/2025,10/18/2025,21:15:16.594,13:15:16.594,535262,Timeline1,Tobii I-VT (Fixation),1.241.54219,1080,1920,10.0,2.8,2.1,2.7,0.26,0.2,0.25,10,8,10,4.8,8.1,6.0,0.48,0.81,0.58,18,30,22,2627011497,,,965,711,976,698,955,724,0.07019,0.07955,-0.99436,-0.06382,0.08252,-0.99454,3.899,3.68,3.802,,,,Valid,Valid,228.2,147.0,552.0,297.3,151.5,560.7,267.1,191.2,261.3,198.0,0.5028,0.6583,0.5084,0.6467,0.4973,0.6699,Screen Recording,Screen Recording Recording54.mp4,1920,1080,0,0,960,540,Fixation,3464,1161,964,709,0.5023,0.6569,,,,,,,,,,,
494480449,512570340356,Eye Tracker,LipReading_BJ,10/21/2025,ZJ,Recording54,10/18/2025,10/18/2025,21:15:16.594,13:15:16.594,535262,Timeline1,Tobii I-VT (Fixation),1.241.54219,1080,1920,10.0,2.8,2.1,2.7,0.26,0.2,0.25,10,8,10,4.8,8.1,6.0,0.48,0.81,0.58,18,30,22,2627015496,,,972,713,990,691,954,736,0.07684,0.07593,-0.99415,-0.06395,0.08843,-0.99403,3.904,3.7,3.802,,,,Valid,Valid,228.2,147.0,552.0,297.3,151.5,560.7,270.8,189.2,261.2,201.4,0.5062,0.6606,0.5154,0.64,0.4971,0.6813,Screen Recording,Screen Recording Recording54.mp4,1920,1080,0,0,960,540,Fixation,3464,1161,964,709,0.5023,0.6569,,,,,,,,,,,
494484449,512570344356,Eye Tracker,LipReading_BJ,10/21/2025,ZJ,Recording54,10/18/2025,10/18/2025,21:15:16.594,13:15:16.594,535262,Timeline1,Tobii I-VT (Fixation),1.241.54219,1080,1920,10.0,2.8,2.1,2.7,0.26,0.2,0.25,10,8,10,4.8,8.1,6.0,0.48,0.81,0.58,18,30,22,2627019496,,,968,717,976,696,960,738,0.06994,0.07836,-0.99447,-0.06137,0.08965,-0.99408,3.893,3.741,3.805,,,,Valid,Valid,228.1,147.0,552.0,297.3,151.5,560.7,267.0,190.5,262.6,202.1,0.504,0.664,0.5081,0.6445,0.4999,0.6836,Screen Recording,Screen Recording Recording54.mp4,1920,1080,0,0,960,540,Fixation,3464,1161,964,709,0.5023,0.6569,,,,,,,,,,,
494488450,512570348357,Eye Tracker,LipReading_BJ,10/21/2025,ZJ,Recording54,10/18/2025,10/18/2025,21:15:16.594,13:15:16.594,535262,Timeline1,Tobii I-VT (Fixation),1.241.54219,1080,1920,10.0,2.8,2.1,2.7,0.26,0.2,0.25,10,8,10,4.8,8.1,6.0,0.48,0.81,0.58,18,30,22,2627023497,,,962,711,974,692,950,731,0.06924,0.07618,-0.99469,-0.06611,0.0859,-0.99411,3.911,3.71,3.809,,,,Valid,Valid,228.1,147.0,552.0,297.3,151.5,560.7,266.6,189.3,260.0,199.9,0.501,0.6584,0.5073,0.6403,0.4948,0.6765,Screen Recording,Screen Recording Recording54.mp4,1920,1080,0,0,960,540,Fixation,3464,1161,964,709,0.5023,0.6569,,,,,,,,,,,
494492449,512570352356,Eye Tracker,LipReading_BJ,10/21/2025,ZJ,Recording54,10/18/2025,10/18/2025,21:15:16.594,13:15:16.594,535262,Timeline1,Tobii I-VT (Fixation),1.241.54219,1080,1920,10.0,2.8,2.1,2.7,0.26,0.2,0.25,10,8,10,4.8,8.1,6.0,0.48,0.81,0.58,18,30,22,2627027496,,,967,717,979,703,955,732,0.07159,0.08167,-0.99409,-0.06384,0.08657,-0.9942,3.889,3.713,3.812,,,,Valid,Valid,228.1,147.0,552.0,297.2,151.5,560.7,267.9,192.3,261.2,200.3,0.5035,0.6642,0.5098,0.6507,0.4972,0.6777,Screen Recording,Screen Recording Recording54.mp4,1920,1080,0,0,960,540,Fixation,3464,1161,964,709,0.5023,0.6569,,,,,,,,,,,
494496450,512570356357,Eye Tracker,LipReading_BJ,10/21/2025,ZJ,Recording54,10/18/2025,10/18/2025,21:15:16.594,13:15:16.594,535262,Timeline1,Tobii I-VT (Fixation),1.241.54219,1080,1920,10.0,2.8,2.1,2.7,0.26,0.2,0.25,10,8,10,4.8,8.1,6.0,0.48,0.81,0.58,18,30,22,2627031497,,,964,716,976,698,952,734,0.07004,0.07923,-0.99439,-0.06514,0.08776,-0.99401,3.914,3.719,3.812,,,,Valid,Valid,228.1,147.0,552.0,297.2,151.5,560.7,267.0,191.0,260.5,201.0,0.502,0.6631,0.5081,0.6462,0.4958,0.68,Screen Recording,Screen Recording Recording54.mp4,1920,1080,0,0,960,540,Fixation,3464,1161,964,709,0.5023,0.6569,,,,,,,,,,,
494500449,512570360356,Eye Tracker,LipReading_BJ,10/21/2025,ZJ,Recording54,10/18/2025,10/18/2025,21:15:16.594,13:15:16.594,535262,Timeline1,Tobii I-VT (Fixation),1.241.54219,1080,1920,10.0,2.8,2.1,2.7,0.26,0.2,0.25,10,8,10,4.8,8.1,6.0,0.48,0.81,0.58,18,30,22,2627035496,,,966,717,977,696,956,738,0.07059,0.0785,-0.99441,-0.06299,0.08941,-0.994,3.913,3.701,3.812,,,,Valid,Valid,228.1,147.0,552.0,297.2,151.5,560.7,267.3,190.6,261.7,201.9,0.5034,0.664,0.5087,0.6448,0.4981,0.6832,Screen Recording,Screen Recording Recording54.mp4,1920,1080,0,0,960,540,Fixation,3464,1161,964,709,0.5023,0.6569,,,,,,,,,,,
494504449,512570364356,Eye Tracker,LipReading_BJ,10/21/2025,ZJ,Recording54,10/18/2025,10/18/2025,21:15:16.594,13:15:16.594,535262,Timeline1,Tobii I-VT (Fixation),1.241.54219,1080,1920,10.0,2.8,2.1,2.7,0.26,0.2,0.25,10,8,10,4.8,8.1,6.0,0.48,0.81,0.58,18,30,22,2627039496,,,972,716,979,696,964,736,0.07197,0.07825,-0.99433,-0.05901,0.08835,-0.99434,3.886,3.737,3.816,,,,Valid,Valid,228.1,147.0,552.0,297.2,151.5,560.7,268.1,190.4,264.0,201.3,0.5062,0.6627,0.5102,0.6443,0.5023,0.6811,Screen Recording,Screen Recording Recording54.mp4,1920,1080,0,0,960,540,Fixation,3464,1161,964,709,0.5023,0.6569,,,,,,,,,,,
494508450,512570368357,Eye Tracker,LipReading_BJ,10/21/2025,ZJ,Recording54,10/18/2025,10/18/2025,21:15:16.594,13:15:16.594,535262,Timeline1,Tobii I-VT (Fixation),1.241.54219,1080,1920,10.0,2.8,2.1,2.7,0.26,0.2,0.25,10,8,10,4.8,8.1,6.0,0.48,0.81,0.58,18,30,22,2627043497,,,964,721,979,702,949,741,0.07189,0.08124,-0.9941,-0.06624,0.0907,-0.99367,3.911,3.696,3.807,,,,Valid,Valid,228.1,147.0,552.0,297.2,151.5,560.7,268.0,192.1,259.8,202.7,0.5023,0.6679,0.5101,0.65,0.4945,0.6857,Screen Recording,Screen Recording Recording54.mp4,1920,1080,0,0,960,540,Fixation,3464,1161,964,709,0.5023,0.6569,,,,,,,,,,,
494512449,512570372356,Eye Tracker,LipReading_BJ,10/21/2025,ZJ,Recording54,10/18/2025,10/18/2025,21:15:16.594,13:15:16.594,535262,Timeline1,Tobii I-VT (Fixation),1.241.54219,1080,1920,10.0,2.8,2.1,2.7,0.26,0.2,0.25,10,8,10,4.8,8.1,6.0,0.48,0.81,0.58,18,30,22,2627047496,,,967,721,978,704,956,738,0.07144,0.08225,-0.99405,-0.06313,0.08932,-0.994,3.917,3.722,3.804,,,,Valid,Valid,228.1,147.0,552.0,297.2,151.5,560.7,267.8,192.7,261.6,201.9,0.5037,0.6675,0.5096,0.6519,0.4979,0.683,Screen Recording,Screen Recording Recording54.mp4,1920,1080,0,0,960,540,Fixation,3464,1161,964,709,0.5023,0.6569,,,,,,,,,,,
494516449,512570376356,Eye Tracker,LipReading_BJ,10/21/2025,ZJ,Recording54,10/18/2025,10/18/2025,21:15:16.594,13:15:16.594,535262,Timeline1,Tobii I-VT (Fixation),1.241.54219,1080,1920,10.0,2.8,2.1,2.7,0.26,0.2,0.25,10,8,10,4.8,8.1,6.0,0.48,0.81,0.58,18,30,22,2627051496,,,966,722,985,702,948,742,0.07451,0.08137,-0.9939,-0.06695,0.09112,-0.99359,3.913,3.678,3.804,,,,Valid,Valid,228.1,147.0,552.0,297.2,151.5,560.7,269.5,192.2,259.4,202.9,0.5033,0.6685,0.5128,0.6504,0.4937,0.6866,Screen Recording,Screen Recording Recording54.mp4,1920,1080,0,0,960,540,Fixation,3464,1161,964,709,0.5023,0.6569,,,,,,,,,,,
494520450,512570380357,Eye Tracker,LipReading_BJ,10/21/2025,ZJ,Recording54,10/18/2025,10/18/2025,21:15:16.594,13:15:16.594,535262,Timeline1,Tobii I-VT (Fixation),1.241.54219,1080,1920,10.0,2.8,2.1,2.7,0.26,0.2,0.25,10,8,10,4.8,8.1,6.0,0.48,0.81,0.58,18,30,22,2627055497,,,965,717,974,695,956,739,0.06931,0.07789,-0.99455,-0.06299,0.08982,-0.99396,3.912,3.696,3.804,,,,Valid,Valid,228.1,147.0,552.0,297.2,151.5,560.7,266.5,190.3,261.7,202.2,0.5026,0.6639,0.5073,0.6437,0.498,0.684,Screen Recording,Screen Recording Recording54.mp4,1920,1080,0,0,960,540,Fixation,3464,1161,964,709,0.5023,0.6569,,,,,,,,,,,
494524449,512570384356,Eye Tracker,LipReading_BJ,10/21/2025,ZJ,Recording54,10/18/2025,10/18/2025,21:15:16.594,13:15:16.594,535262,Timeline1,Tobii I-VT (Fixation),1.241.54219,1080,1920,10.0,2.8,2.1,2.7,0.26,0.2,0.25,10,8,10,4.8,8.1,6.0,0.48,0.81,0.58,18,30,22,2627059496,,,960,708,982,690,938,726,0.07351,0.07509,-0.99446,-0.07181,0.08366,-0.9939,3.896,3.694,3.804,,,,Valid,Valid,228.1,147.0,552.0,297.2,151.5,560.7,268.9,188.7,256.7,198.7,0.5001,0.6554,0.5117,0.6385,0.4885,0.6723,Screen Recording,Screen Recording Recording54.mp4,1920,1080,0,0,960,540,Fixation,3464,1161,964,709,0.5023,0.6569,,,,,,,,,,,
494528450,512570388357,Eye Tracker,LipReading_BJ,10/21/2025,ZJ,Recording54,10/18/2025,10/18/2025,21:15:16.594,13:15:16.594,535262,Timeline1,Tobii I-VT (Fixation),1.241.54219,1080,1920,10.0,2.8,2.1,2.7,0.26,0.2,0.25,10,8,10,4.8,8.1,6.0,0.48,0.81,0.58,18,30,22,2627063497,,,967,711,980,685,955,737,0.07219,0.07272,-0.99474,-0.06374,0.08912,-0.99398,3.925,3.703,3.809,,,,Valid,Valid,228.1,147.0,552.0,297.2,151.5,560.7,268.1,187.4,261.2,201.8,0.5037,0.6584,0.5103,0.634,0.4972,0.6827,Screen Recording,Screen Recording Recording54.mp4,1920,1080,0,0,960,540,Fixation,3464,1161,964,709,0.5023,0.6569,,,,,,,,,,,
494532449,512570392356,Eye Tracker,LipReading_BJ,10/21/2025,ZJ,Recording54,10/18/2025,10/18/2025,21:15:16.594,13:15:16.594,535262,Timeline1,Tobii I-VT (Fixation),1.241.54219,1080,1920,10.0,2.8,2.1,2.7,0.26,0.2,0.25,10,8,10,4.8,8.1,6.0,0.48,0.81,0.58,18,30,22,2627067496,,,976,713,995,690,957,736,0.07986,0.07499,-0.99398,-0.06273,0.08846,-0.9941,3.923,3.719,3.813,,,,Valid,Valid,228.0,147.1,552.0,297.2,151.5,560.7,272.4,188.7,261.8,201.4,0.5083,0.6599,0.5184,0.6384,0.4982,0.6814,Screen Recording,Screen Recording Recording54.mp4,1920,1080,0,0,960,540,Fixation,3464,1161,964,709,0.5023,0.6569,,,,,,,,,,,
494536448,512570396355,Eye Tracker,LipReading_BJ,10/21/2025,ZJ,Recording54,10/18/2025,10/18/2025,21:15:16.594,13:15:16.594,535262,Timeline1,Tobii I-VT (Fixation),1.241.54219,1080,1920,10.0,2.8,2.1,2.7,0.26,0.2,0.25,10,8,10,4.8,8.1,6.0,0.48,0.81,0.58,18,30,22,2627071495,,,961,713,978,702,943,725,0.07136,0.08093,-0.99416,-0.06917,0.08336,-0.99412,3.935,3.695,3.814,,,,Valid,Valid,228.0,147.1,552.0,297.2,151.5,560.7,267.7,192.0,258.2,198.5,0.5004,0.6606,0.5094,0.6496,0.4913,0.6717,Screen Recording,Screen Recording Recording54.mp4,1920,1080,0,0,960,540,Fixation,3464,1161,964,709,0.5023,0.6569,,,,,,,,,,,
494540449,512570400356,Eye Tracker,LipReading_BJ,10/21/2025,ZJ,Recording54,10/18/2025,10/18/2025,21:15:16.594,13:15:16.594,535262,Timeline1,Tobii I-VT (Fixation),1.241.54219,1080,1920,10.0,2.8,2.1,2.7,0.26,0.2,0.25,10,8,10,4.8,8.1,6.0,0.48,0.81,0.58,18,30,22,2627075496,,,962,717,982,692,943,742,0.0731,0.0763,-0.9944,-0.06907,0.09134,-0.99342,3.903,3.702,3.816,,,,Valid,Valid,228.0,147.1,552.0,297.2,151.5,560.7,268.6,189.4,258.2,203.1,0.5013,0.664,0.5112,0.6409,0.4914,0.6871,Screen Recording,Screen Recording Recording54.mp4,1920,1080,0,0,960,540,Fixation,3464,1161,964,709,0.5023,0.6569,,,,,,,,,,,
494544448,512570404355,Eye Tracker,LipReading_BJ,10/21/2025,ZJ,Recording54,10/18/2025,10/18/2025,21:15:16.594,13:15:16.594,535262,Timeline1,Tobii I-VT (Fixation),1.241.54219,1080,1920,10.0,2.8,2.1,2.7,0.26,0.2,0.25,10,8,10,4.8,8.1,6.0,0.48,0.81,0.58,18,30,22,2627079495,,,965,714,981,690,950,738,0.07267,0.07528,-0.99451,-0.06573,0.08965,-0.9938,3.928,3.71,3.819,,,,Valid,Valid,228.0,147.1,552.0,297.2,151.5,560.7,268.4,188.9,260.1,202.1,0.5029,0.6614,0.5107,0.639,0.495,0.6837,Screen Recording,Screen Recording Recording54.mp4,1920,1080,0,0,960,540,Fixation,3464,1161,964,709,0.5023,0.6569,,,,,,,,,,,
494548449,512570408356,Eye Tracker,LipReading_BJ,10/21/2025,ZJ,Recording54,10/18/2025,10/18/2025,21:15:16.594,13:15:16.594,535262,Timeline1,Tobii I-VT (Fixation),1.241.54219,1080,1920,10.0,2.8,2.1,2.7,0.26,0.2,0.25,10,8,10,4.8,8.1,6.0,0.48,0.81,0.58,18,30,22,2627083496,,,960,715,981,690,938,739,0.07275,0.07522,-0.99451,-0.07151,0.08995,-0.99338,3.917,3.712,3.819,,,,Valid,Valid,228.0,147.1,551.9,297.2,151.5,560.7,268.4,188.8,256.8,202.3,0.4998,0.6617,0.5108,0.6389,0.4887,0.6844,Screen Recording,Screen Recording Recording54.mp4,1920,1080,0,0,960,540,Fixation,3464,1161,964,709,0.5023,0.6569,,,,,,,,,,,
494552447,512570412354,Eye Tracker,LipReading_BJ,10/21/2025,ZJ,Recording54,10/18/2025,10/18/2025,21:15:16.594,13:15:16.594,535262,Timeline1,Tobii I-VT (Fixation),1.241.54219,1080,1920,10.0,2.8,2.1,2.7,0.26,0.2,0.25,10,8,10,4.8,8.1,6.0,0.48,0.81,0.58,18,30,22,2627087495,,,963,717,980,693,946,740,0.07214,0.07673,-0.99444,-0.06766,0.0906,-0.99359,3.932,3.735,3.82,,,,Valid,Valid,228.0,147.1,552.0,297.2,151.5,560.7,268.1,189.7,259.0,202.6,0.5015,0.6637,0.5102,0.6417,0.4929,0.6856,Screen Recording,Screen Recording Recording54.mp4,1920,1080,0,0,960,540,Fixation,3464,1161,964,709,0.5023,0.6569,,,,,,,,,,,
494556447,512570416354,Eye Tracker,LipReading_BJ,10/21/2025,ZJ,Recording54,10/18/2025,10/18/2025,21:15:16.594,13:15:16.594,535262,Timeline1,Tobii I-VT (Fixation),1.241.54219,1080,1920,10.0,2.8,2.1,2.7,0.26,0.2,0.25,10,8,10,4.8,8.1,6.0,0.48,0.81,0.58,18,30,22,2627091495,,,968,713,993,695,942,731,0.07887,0.07754,-0.99386,-0.06955,0.08625,-0.99384,3.928,3.698,3.825,,,,Valid,Valid,228.0,147.1,552.0,297.2,151.5,560.7,271.8,190.1,257.9,200.2,0.5041,0.6603,0.5173,0.6433,0.4909,0.6772,Screen Recording,Screen Recording Recording54.mp4,1920,1080,0,0,960,540,Fixation,3464,1161,964,709,0.5023,0.6569,,,,,,,,,,,
494560448,512570420355,Eye Tracker,LipReading_BJ,10/21/2025,ZJ,Recording54,10/18/2025,10/18/2025,21:15:16.594,13:15:16.594,535262,Timeline1,Tobii I-VT (Fixation),1.241.54219,1080,1920,10.0,2.8,2.1,2.7,0.26,0.2,0.25,10,8,10,4.8,8.1,6.0,0.48,0.81,0.58,18,30,22,2627095496,,,974,719,985,699,963,738,0.07469,0.07985,-0.994,-0.05958,0.08968,-0.99419,3.92,3.759,3.826,,,,Valid,Valid,228.0,147.1,552.0,297.2,151.5,560.7,269.5,191.4,263.6,202.1,0.5072,0.6657,0.5129,0.6476,0.5016,0.6837,Screen Recording,Screen Recording Recording54.mp4,1920,1080,0,0,960,540,Fixation,3464,1161,964,709,0.5023,0.6569,,,,,,,,,,,
494564447,512570424354,Eye Tracker,LipReading_BJ,10/21/2025,ZJ,Recording54,10/18/2025,10/18/2025,21:15:16.594,13:15:16.594,535262,Timeline1,Tobii I-VT (Fixation),1.241.54219,1080,1920,10.0,2.8,2.1,2.7,0.26,0.2,0.25,10,8,10,4.8,8.1,6.0,0.48,0.81,0.58,18,30,22,2627099495,,,961,721,980,700,942,743,0.07239,0.08024,-0.99414,-0.06997,0.09161,-0.99333,3.934,3.721,3.826,,,,Valid,Valid,228.0,147.1,552.0,297.2,151.5,560.7,268.2,191.6,257.7,203.2,0.5004,0.6679,0.5104,0.6483,0.4904,0.6875,Screen Recording,Screen Recording Recording54.mp4,1920,1080,0,0,960,540,Fixation,3464,1161,964,709,0.5023,0.6569,,,,,,,,,,,
494568448,512570428355,Eye Tracker,LipReading_BJ,10/21/2025,ZJ,Recording54,10/18/2025,10/18/2025,21:15:16.594,13:15:16.594,535262,Timeline1,Tobii I-VT (Fixation),1.241.54219,1080,1920,10.0,2.8,2.1,2.7,0.26,0.2,0.25,10,8,10,4.8,8.1,6.0,0.48,0.81,0.58,18,30,22,2627103496,,,967,715,989,697,945,732,0.07681,0.07885,-0.99392,-0.06836,0.08668,-0.99389,3.886,3.725,3.835,,,,Valid,Valid,228.0,147.0,552.0,297.2,151.5,560.8,270.7,190.8,258.6,200.4,0.5037,0.6619,0.5151,0.6457,0.4922,0.678,Screen Recording,Screen Recording Recording54.mp4,1920,1080,0,0,960,540,Fixation,3464,1161,964,709,0.5023,0.6569,,,,,,,,,,,
494572447,512570432354,Eye Tracker,LipReading_BJ,10/21/2025,ZJ,Recording54,10/18/2025,10/18/2025,21:15:16.594,13:15:16.594,535262,Timeline1,Tobii I-VT (Fixation),1.241.54219,1080,1920,10.0,2.8,2.1,2.7,0.26,0.2,0.25,10,8,10,4.8,8.1,6.0,0.48,0.81,0.58,18,30,22,2627107495,,,962,719,982,705,942,733,0.07309,0.08262,-0.9939,-0.06965,0.08706,-0.99377,3.936,3.744,3.829,,,,Valid,Valid,228.0,147.1,552.0,297.2,151.5,560.7,268.6,192.9,257.9,200.6,0.501,0.6658,0.5112,0.6528,0.4908,0.6788,Screen Recording,Screen Recording Recording54.mp4,1920,1080,0,0,960,540,Fixation,3464,1161,964,709,0.5023,0.6569,,,,,,,,,,,
494576447,512570436354,Eye Tracker,LipReading_BJ,10/21/2025,ZJ,Recording54,10/18/2025,10/18/2025,21:15:16.594,13:15:16.594,535262,Timeline1,Tobii I-VT (Fixation),1.241.54219,1080,1920,10.0,2.8,2.1,2.7,0.26,0.2,0.25,10,8,10,4.8,8.1,6.0,0.48,0.81,0.58,18,30,22,2627111495,,,967,714,991,695,943,733,0.07787,0.07783,-0.99392,-0.06945,0.08684,-0.9938,3.933,3.737,3.828,,,,Valid,Valid,228.0,147.0,552.0,297.2,151.5,560.7,271.3,190.3,258.0,200.5,0.5036,0.6611,0.5163,0.6438,0.491,0.6783,Screen Recording,Screen Recording Recording54.mp4,1920,1080,0,0,960,540,Fixation,3464,1161,964,709,0.5023,0.6569,,,,,,,,,,,
494580448,512570440355,Eye Tracker,LipReading_BJ,10/21/2025,ZJ,Recording54,10/18/2025,10/18/2025,21:15:16.594,13:15:16.594,535262,Timeline1,Tobii I-VT (Fixation),1.241.54219,1080,1920,10.0,2.8,2.1,2.7,0.26,0.2,0.25,10,8,10,4.8,8.1,6.0,0.48,0.81,0.58,18,30,22,2627115496,,,968,722,986,705,950,739,0.07514,0.08273,-0.99374,-0.06588,0.09,-0.99376,3.923,3.725,3.833,,,,Valid,Valid,228.0,147.0,552.0,297.2,151.5,560.7,269.8,193.0,260.0,202.3,0.5041,0.6687,0.5134,0.653,0.4948,0.6844,Screen Recording,Screen Recording Recording54.mp4,1920,1080,0,0,960,540,Fixation,3464,1161,964,709,0.5023,0.6569,,,,,,,,,,,
494584447,512570444354,Eye Tracker,LipReading_BJ,10/21/2025,ZJ,Recording54,10/18/2025,10/18/2025,21:15:16.594,13:15:16.594,535262,Timeline1,Tobii I-VT (Fixation),1.241.54219,1080,1920,10.0,2.8,2.1,2.7,0.26,0.2,0.25,10,8,10,4.8,8.1,6.0,0.48,0.81,0.58,18,30,22,2627119495,,,965,717,989,700,941,733,0.0769,0.08038,-0.99379,-0.07038,0.08726,-0.9937,3.908,3.733,3.833,,,,Valid,Valid,228.0,147.0,552.0,297.2,151.5,560.7,270.7,191.7,257.5,200.7,0.5026,0.6638,0.5153,0.6485,0.49,0.6791,Screen Recording,Screen Recording Recording54.mp4,1920,1080,0,0,960,540,Fixation,3464,1161,964,709,0.5023,0.6569,,,,,,,,,,,
494588448,512570448355,Eye Tracker,LipReading_BJ,10/21/2025,ZJ,Recording54,10/18/2025,10/18/2025,21:15:16.594,13:15:16.594,535262,Timeline1,Tobii I-VT (Fixation),1.241.54219,1080,1920,10.0,2.8,2.1,2.7,0.26,0.2,0.25,10,8,10,4.8,8.1,6.0,0.48,0.81,0.58,18,30,22,2627123496,,,956,718,978,698,935,739,0.07117,0.07908,-0.99433,-0.07332,0.08988,-0.99325,3.966,3.713,3.831,,,,Valid,Valid,228.0,147.0,552.0,297.2,151.5,560.7,267.5,190.9,255.8,202.2,0.498,0.6651,0.5091,0.646,0.4868,0.6842,Screen Recording,Screen Recording Recording54.mp4,1920,1080,0,0,960,540,Fixation,3464,1161,964,709,0.5023,0.6569,,,,,,,,,,,
494592447,512570452354,Eye Tracker,LipReading_BJ,10/21/2025,ZJ,Recording54,10/18/2025,10/18/2025,21:15:16.594,13:15:16.594,535262,Timeline1,Tobii I-VT (Fixation),1.241.54219,1080,1920,10.0,2.8,2.1,2.7,0.26,0.2,0.25,10,8,10,4.8,8.1,6.0,0.48,0.81,0.58,18,30,22,2627127495,,,965,714,982,698,947,729,0.0734,0.07938,-0.99414,-0.06725,0.08526,-0.99409,3.936,3.738,3.837,,,,Valid,Valid,228.0,147.0,552.0,297.2,151.5,560.7,268.8,191.1,259.2,199.6,0.5024,0.6609,0.5115,0.6466,0.4934,0.6753,Screen Recording,Screen Recording Recording54.mp4,1920,1080,0,0,960,540,Fixation,3464,1161,964,709,0.5023,0.6569,,,,,,,,,,,
494596447,512570456354,Eye Tracker,LipReading_BJ,10/21/2025,ZJ,Recording54,10/18/2025,10/18/2025,21:15:16.594,13:15:16.594,535262,Timeline1,Tobii I-VT (Fixation),1.241.54219,1080,1920,10.0,2.8,2.1,2.7,0.26,0.2,0.25,10,8,10,4.8,8.1,6.0,0.48,0.81,0.58,18,30,22,2627131495,,,962,722,980,713,944,732,0.0725,0.08637,-0.99362,-0.06895,0.08646,-0.99387,3.944,3.702,3.836,,,,Valid,Valid,228.0,147.0,552.0,297.2,151.5,560.7,268.3,195.0,258.3,200.3,0.5011,0.6687,0.5106,0.6598,0.4915,0.6776,Screen Recording,Screen Recording Recording54.mp4,1920,1080,0,0,960,540,Fixation,3464,1161,964,709,0.5023,0.6569,,,,,,,,,,,
494600448,512570460355,Eye Tracker,LipReading_BJ,10/21/2025,ZJ,Recording54,10/18/2025,10/18/2025,21:15:16.594,13:15:16.594,535262,Timeline1,Tobii I-VT (Fixation),1.241.54219,1080,1920,10.0,2.8,2.1,2.7,0.26,0.2,0.25,10,8,10,4.8,8.1,6.0,0.48,0.81,0.58,18,30,22,2627135496,,,964,718,980,698,947,739,0.0724,0.07899,-0.99424,-0.06713,0.08986,-0.99369,3.94,3.754,3.841,,,,Valid,Valid,228.0,147.0,552.0,297.2,151.5,560.7,268.2,190.9,259.3,202.2,0.502,0.665,0.5105,0.6459,0.4935,0.6841,Screen Recording,Screen Recording Recording54.mp4,1920,1080,0,0,960,540,Fixation,3464,1161,964,709,0.5023,0.6569,,,,,,,,,,,
494604447,512570464354,Eye Tracker,LipReading_BJ,10/21/2025,ZJ,Recording54,10/18/2025,10/18/2025,21:15:16.594,13:15:16.594,535262,Timeline1,Tobii I-VT (Fixation),1.241.54219,1080,1920,10.0,2.8,2.1,2.7,0.26,0.2,0.25,10,8,10,4.8,8.1,6.0,0.48,0.81,0.58,18,30,22,2627139495,,,962,717,988,702,936,732,0.0764,0.081,-0.99378,-0.07284,0.08674,-0.99356,3.948,3.727,3.837,,,,Valid,Valid,228.0,147.0,552.0,297.2,151.5,560.7,270.5,192.0,256.1,200.4,0.501,0.6639,0.5147,0.6497,0.4873,0.6782,Screen Recording,Screen Recording Recording54.mp4,1920,1080,0,0,960,540,Fixation,3464,1161,964,709,0.5023,0.6569,,,,,,,,,,,
494608448,512570468355,Eye Tracker,LipReading_BJ,10/21/2025,ZJ,Recording54,10/18/2025,10/18/2025,21:15:16.594,13:15:16.594,535262,Timeline1,Tobii I-VT (Fixation),1.241.54219,1080,1920,10.0,2.8,2.1,2.7,0.26,0.2,0.25,10,8,10,4.8,8.1,6.0,0.48,0.81,0.58,18,30,22,2627143496,,,964,720,980,704,948,736,0.07232,0.08205,-0.994,-0.06667,0.08858,-0.99384,3.949,3.765,3.837,,,,Valid,Valid,228.0,147.0,552.0,297.2,151.5,560.7,268.2,192.6,259.6,201.5,0.5022,0.6666,0.5104,0.6516,0.494,0.6816,Screen Recording,Screen Recording Recording54.mp4,1920,1080,0,0,960,540,Fixation,3464,1161,964,709,0.5023,0.6569,,,,,,,,,,,
494612447,512570472354,Eye Tracker,LipReading_BJ,10/21/2025,ZJ,Recording54,10/18/2025,10/18/2025,21:15:16.594,13:15:16.594,535262,Timeline1,Tobii I-VT (Fixation),1.241.54219,1080,1920,10.0,2.8,2.1,2.7,0.26,0.2,0.25,10,8,10,4.8,8.1,6.0,0.48,0.81,0.58,18,30,22,2627147495,,,964,718,986,702,941,735,0.0754,0.08095,-0.99386,-0.0701,0.08805,-0.99365,3.95,3.726,3.838,,,,Valid,Valid,228.0,147.0,552.0,297.2,151.5,560.7,269.9,192.0,257.6,201.2,0.502,0.6651,0.5137,0.6496,0.4903,0.6807,Screen Recording,Screen Recording Recording54.mp4,1920,1080,0,0,960,540,Fixation,3464,1161,964,709,0.5023,0.6569,,,,,,,,,,,
494616447,512570476354,Eye Tracker,LipReading_BJ,10/21/2025,ZJ,Recording54,10/18/2025,10/18/2025,21:15:16.594,13:15:16.594,535262,Timeline1,Tobii I-VT (Fixation),1.241.54219,1080,1920,10.0,2.8,2.1,2.7,0.26,0.2,0.25,10,8,10,4.8,8.1,6.0,0.48,0.81,0.58,18,30,22,2627151495,,,965,716,986,694,944,738,0.0754,0.07732,-0.99415,-0.06885,0.08927,-0.99363,3.915,3.718,3.838,,,,Valid,Valid,228.0,147.0,552.0,297.2,151.5,560.7,269.9,190.0,258.3,201.9,0.5026,0.6628,0.5136,0.6427,0.4916,0.683,Screen Recording,Screen Recording Recording54.mp4,1920,1080,0,0,960,540,Fixation,3464,1161,964,709,0.5023,0.6569,,,,,,,,,,,
494620448,512570480355,Eye Tracker,LipReading_BJ,10/21/2025,ZJ,Recording54,10/18/2025,10/18/2025,21:15:16.594,13:15:16.594,535262,Timeline1,Tobii I-VT (Fixation),1.241.54219,1080,1920,10.0,2.8,2.1,2.7,0.26,0.2,0.25,10,8,10,4.8,8.1,6.0,0.48,0.81,0.58,18,30,22,2627155496,,,965,724,985,700,946,748,0.07467,0.08023,-0.99398,-0.06798,0.09418,-0.99323,3.952,3.731,3.838,,,,Valid,Valid,228.0,147.0,552.0,297.2,151.5,560.7,269.5,191.6,258.8,204.7,0.5027,0.6703,0.5129,0.6482,0.4925,0.6924,Screen Recording,Screen Recording Recording54.mp4,1920,1080,0,0,960,540,Fixation,3464,1161,964,709,0.5023,0.6569,,,,,,,,,,,
494624447,512570484354,Eye Tracker,LipReading_BJ,10/21/2025,ZJ,Recording54,10/18/2025,10/18/2025,21:15:16.594,13:15:16.594,535262,Timeline1,Tobii I-VT (Fixation),1.241.54219,1080,1920,10.0,2.8,2.1,2.7,0.26,0.2,0.25,10,8,10,4.8,8.1,6.0,0.48,0.81,0.58,18,30,22,2627159495,,,963,718,985,699,941,737,0.07481,0.07968,-0.99401,-0.07048,0.08884,-0.99355,3.954,3.727,3.84,,,,Valid,Valid,228.0,147.0,551.9,297.2,151.5,560.7,269.6,191.3,257.4,201.6,0.5015,0.6647,0.513,0.6472,0.4899,0.6822,Screen Recording,Screen Recording Recording54.mp4,1920,1080,0,0,960,540,Fixation,3464,1161,964,709,0.5023,0.6569,,,,,,,,,,,
494628448,512570488355,Eye Tracker,LipReading_BJ,10/21/2025,ZJ,Recording54,10/18/2025,10/18/2025,21:15:16.594,13:15:16.594,535262,Timeline1,Tobii I-VT (Fixation),1.241.54219,1080,1920,10.0,2.8,2.1,2.7,0.26,0.2,0.25,10,8,10,4.8,8.1,6.0,0.48,0.81,0.58,18,30,22,2627163496,,,969,717,987,695,952,739,0.07561,0.07794,-0.99409,-0.06488,0.08989,-0.99384,3.945,3.755,3.849,,,,Valid,Valid,228.0,147.0,551.9,297.2,151.5,560.7,270.0,190.3,260.6,202.2,0.5049,0.664,0.5139,0.6439,0.4959,0.6841,Screen Recording,Screen Recording Recording54.mp4,1920,1080,0,0,960,540,Fixation,3464,1161,964,709,0.5023,0.6569,,,,,,,,,,,
494632447,512570492354,Eye Tracker,LipReading_BJ,10/21/2025,ZJ,Recording54,10/18/2025,10/18/2025,21:15:16.594,13:15:16.594,535262,Timeline1,Tobii I-VT (Fixation),1.241.54219,1080,1920,10.0,2.8,2.1,2.7,0.26,0.2,0.25,10,8,10,4.8,8.1,6.0,0.48,0.81,0.58,18,30,22,2627167495,,,964,718,985,705,943,731,0.07479,0.08272,-0.99376,-0.06932,0.08627,-0.99386,3.95,3.762,3.847,,,,Valid,Valid,228.0,147.0,551.9,297.2,151.5,560.7,269.6,193.0,258.1,200.2,0.5021,0.6651,0.513,0.6529,0.4912,0.6772,Screen Recording,Screen Recording Recording54.mp4,1920,1080,0,0,960,540,Fixation,3464,1161,964,709,0.5023,0.6569,,,,,,,,,,,
494636447,512570496354,Eye Tracker,LipReading_BJ,10/21/2025,ZJ,Recording54,10/18/2025,10/18/2025,21:15:16.594,13:15:16.594,535262,Timeline1,Tobii I-VT (Fixation),1.241.54219,1080,1920,10.0,2.8,2.1,2.7,0.26,0.2,0.25,10,8,10,4.8,8.1,6.0,0.48,0.81,0.58,18,30,22,2627171495,,,958,718,982,702,934,733,0.07342,0.08142,-0.99397,-0.07358,0.08697,-0.99349,3.943,3.749,3.85,,,,Valid,Valid,228.0,147.0,551.9,297.2,151.5,560.7,268.8,192.2,255.7,200.6,0.4991,0.6645,0.5116,0.6504,0.4866,0.6786,Screen Recording,Screen Recording Recording54.mp4,1920,1080,0,0,960,540,Fixation,3464,1161,964,709,0.5023,0.6569,,,,,,,,,,,
494640448,512570500355,Eye Tracker,LipReading_BJ,10/21/2025,ZJ,Recording54,10/18/2025,10/18/2025,21:15:16.594,13:15:16.594,535262,Timeline1,Tobii I-VT (Fixation),1.241.54219,1080,1920,10.0,2.8,2.1,2.7,0.26,0.2,0.25,10,8,10,4.8,8.1,6.0,0.48,0.81,0.58,18,30,22,2627175496,,,963,719,987,706,939,732,0.07592,0.08311,-0.99364,-0.07133,0.08635,-0.99371,3.943,3.731,3.855,,,,Valid,Valid,228.0,147.0,551.9,297.2,151.5,560.7,270.2,193.2,256.9,200.2,0.5016,0.6655,0.5142,0.6537,0.489,0.6774,Screen Recording,Screen Recording Recording54.mp4,1920,1080,0,0,960,540,Fixation,3464,1161,964,709,0.5023,0.6569,,,,,,,,,,,
494644447,512570504354,Eye Tracker,LipReading_BJ,10/21/2025,ZJ,Recording54,10/18/2025,10/18/2025,21:15:16.594,13:15:16.594,535262,Timeline1,Tobii I-VT (Fixation),1.241.54219,1080,1920,10.0,2.8,2.1,2.7,0.26,0.2,0.25,10,8,10,4.8,8.1,6.0,0.48,0.81,0.58,18,30,22,2627179495,,,967,719,985,704,948,734,0.075,0.08204,-0.9938,-0.06685,0.08741,-0.99393,3.964,3.759,3.862,,,,Valid,Valid,228.0,147.0,551.9,297.2,151.5,560.7,269.7,192.6,259.5,200.8,0.5035,0.6655,0.5132,0.6517,0.4938,0.6793,Screen Recording,Screen Recording Recording54.mp4,1920,1080,0,0,960,540,Fixation,3464,1161,964,709,0.5023,0.6569,,,,,,,,,,,
494648448,512570508355,Eye Tracker,LipReading_BJ,10/21/2025,ZJ,Recording54,10/18/2025,10/18/2025,21:15:16.594,13:15:16.594,535262,Timeline1,Tobii I-VT (Fixation),1.241.54219,1080,1920,10.0,2.8,2.1,2.7,0.26,0.2,0.25,10,8,10,4.8,8.1,6.0,0.48,0.81,0.58,18,30,22,2627183496,,,966,718,987,702,944,735,0.07601,0.08109,-0.9938,-0.06866,0.08801,-0.99375,3.968,3.762,3.862,,,,Valid,Valid,228.0,147.0,551.9,297.2,151.5,560.7,270.2,192.1,258.4,201.1,0.5031,0.6652,0.5143,0.6499,0.4919,0.6805,Screen Recording,Screen Recording Recording54.mp4,1920,1080,0,0,960,540,Fixation,3464,1161,964,709,0.5023,0.6569,,,,,,,,,,,
494652447,512570512354,Eye Tracker,LipReading_BJ,10/21/2025,ZJ,Recording54,10/18/2025,10/18/2025,21:15:16.594,13:15:16.594,535262,Timeline1,Tobii I-VT (Fixation),1.241.54219,1080,1920,10.0,2.8,2.1,2.7,0.26,0.2,0.25,10,8,10,4.8,8.1,6.0,0.48,0.81,0.58,18,30,22,2627187495,,,968,718,988,703,949,734,0.07616,0.08144,-0.99376,-0.06663,0.08743,-0.99394,3.966,3.77,3.862,,,,Valid,Valid,228.0,147.1,551.9,297.2,151.5,560.6,270.3,192.3,259.6,200.8,0.5043,0.665,0.5145,0.6506,0.4941,0.6794,Screen Recording,Screen Recording Recording54.mp4,1920,1080,0,0,960,540,Fixation,3464,1161,964,709,0.5023,0.6569,,,,,,,,,,,
494656447,512570516354,Eye Tracker,LipReading_BJ,10/21/2025,ZJ,Recording54,10/18/2025,10/18/2025,21:15:16.594,13:15:16.594,535262,Timeline1,Tobii I-VT (Fixation),1.241.54219,1080,1920,10.0,2.8,2.1,2.7,0.26,0.2,0.25,10,8,10,4.8,8.1,6.0,0.48,0.81,0.58,18,30,22,2627191495,,,964,724,983,710,945,738,0.07381,0.08494,-0.99365,-0.06843,0.08942,-0.99364,3.937,3.744,3.861,,,,Valid,Valid,228.0,147.0,551.9,297.2,151.5,560.6,269.0,194.2,258.6,201.9,0.502,0.6702,0.512,0.6571,0.4921,0.6833,Screen Recording,Screen Recording Recording54.mp4,1920,1080,0,0,960,540,Fixation,3464,1161,964,709,0.5023,0.6569,,,,,,,,,,,
494660447,512570520354,Eye Tracker,LipReading_BJ,10/21/2025,ZJ,Recording54,10/18/2025,10/18/2025,21:15:16.594,13:15:16.594,535262,Timeline1,Tobii I-VT (Fixation),1.241.54219,1080,1920,10.0,2.8,2.1,2.7,0.26,0.2,0.25,10,8,10,4.8,8.1,6.0,0.48,0.81,0.58,18,30,22,2627195496,,,966,718,981,700,952,735,0.07273,0.08037,-0.99411,-0.065,0.08821,-0.99398,3.96,3.755,3.858,,,,Valid,Valid,228.0,147.1,551.9,297.2,151.5,560.7,268.4,191.7,260.5,201.2,0.5033,0.6647,0.5108,0.6485,0.4958,0.6809,Screen Recording,Screen Recording Recording54.mp4,1920,1080,0,0,960,540,Fixation,3464,1161,964,709,0.5023,0.6569,,,,,,,,,,,
494664446,512570524353,Eye Tracker,LipReading_BJ,10/21/2025,ZJ,Recording54,10/18/2025,10/18/2025,21:15:16.594,13:15:16.594,535262,Timeline1,Tobii I-VT (Fixation),1.241.54219,1080,1920,10.0,2.8,2.1,2.7,0.26,0.2,0.25,10,8,10,4.8,8.1,6.0,0.48,0.81,0.58,18,30,22,2627199495,,,968,720,990,704,947,737,0.077,0.08194,-0.99366,-0.06734,0.08885,-0.99377,3.949,3.769,3.852,,,,Valid,Valid,228.0,147.1,551.9,297.2,151.5,560.7,270.8,192.6,259.2,201.6,0.5043,0.6668,0.5154,0.6515,0.4933,0.6821,Screen Recording,Screen Recording Recording54.mp4,1920,1080,0,0,960,540,Fixation,3464,1161,964,709,0.5023,0.6569,,,,,,,,,,,
494668445,512570528352,Eye Tracker,LipReading_BJ,10/21/2025,ZJ,Recording54,10/18/2025,10/18/2025,21:15:16.594,13:15:16.594,535262,Timeline1,Tobii I-VT (Fixation),1.241.54219,1080,1920,10.0,2.8,2.1,2.7,0.26,0.2,0.25,10,8,10,4.8,8.1,6.0,0.48,0.81,0.58,18,30,22,2627203494,,,966,719,992,702,939,736,0.07831,0.08099,-0.99363,-0.07114,0.08847,-0.99353,3.977,3.738,3.855,,,,Valid,Valid,228.0,147.1,551.9,297.2,151.5,560.7,271.5,192.0,257.0,201.4,0.503,0.6656,0.5167,0.6498,0.4892,0.6815,Screen Recording,Screen Recording Recording54.mp4,1920,1080,0,0,960,540,Fixation,3464,1161,964,709,0.5023,0.6569,,,,,,,,,,,
494672444,512570532351,Eye Tracker,LipReading_BJ,10/21/2025,ZJ,Recording54,10/18/2025,10/18/2025,21:15:16.594,13:15:16.594,535262,Timeline1,Tobii I-VT (Fixation),1.241.54219,1080,1920,10.0,2.8,2.1,2.7,0.26,0.2,0.25,10,8,10,4.8,8.1,6.0,0.48,0.81,0.58,18,30,22,2627207493,,,972,719,995,701,948,736,0.07969,0.08082,-0.99354,-0.06675,0.08842,-0.99384,3.949,3.767,3.854,,,,Valid,Valid,228.0,147.1,551.9,297.2,151.5,560.6,272.3,192.0,259.5,201.4,0.5061,0.6654,0.5182,0.6495,0.4939,0.6814,Screen Recording,Screen Recording Recording54.mp4,1920,1080,0,0,960,540,Fixation,3464,1161,964,709,0.5023,0.6569,,,,,,,,,,,
494676444,512570536351,Eye Tracker,LipReading_BJ,10/21/2025,ZJ,Recording54,10/18/2025,10/18/2025,21:15:16.594,13:15:16.594,535262,Timeline1,Tobii I-VT (Fixation),1.241.54219,1080,1920,10.0,2.8,2.1,2.7,0.26,0.2,0.25,10,8,10,4.8,8.1,6.0,0.48,0.81,0.58,18,30,22,2627211493,,,967,723,983,696,951,750,0.07387,0.07838,-0.99418,-0.06564,0.09523,-0.99329,3.944,3.76,3.854,,,,Valid,Valid,228.0,147.1,551.9,297.2,151.5,560.6,269.0,190.6,260.1,205.3,0.5035,0.6697,0.512,0.6448,0.4951,0.6945,Screen Recording,Screen Recording Recording54.mp4,1920,1080,0,0,960,540,Fixation,3464,1161,964,709,0.5023,0.6569,,,,,,,,,,,
494680445,512570540352,Eye Tracker,LipReading_BJ,10/21/2025,ZJ,Recording54,10/18/2025,10/18/2025,21:15:16.594,13:15:16.594,535262,Timeline1,Tobii I-VT (Fixation),1.241.54219,1080,1920,10.0,2.8,2.1,2.7,0.26,0.2,0.25,10,8,10,4.8,8.1,6.0,0.48,0.81,0.58,18,30,22,2627215494,,,967,720,985,694,948,746,0.07503,0.07704,-0.9942,-0.06664,0.09336,-0.9934,3.944,3.746,3.855,,,,Valid,Valid,228.0,147.1,551.9,297.2,151.5,560.6,269.7,189.8,259.6,204.2,0.5036,0.6666,0.5132,0.6423,0.494,0.6909,Screen Recording,Screen Recording Recording54.mp4,1920,1080,0,0,960,540,Fixation,3464,1161,964,709,0.5023,0.6569,,,,,,,,,,,
494684444,512570544351,Eye Tracker,LipReading_BJ,10/21/2025,ZJ,Recording54,10/18/2025,10/18/2025,21:15:16.594,13:15:16.594,535262,Timeline1,Tobii I-VT (Fixation),1.241.54219,1080,1920,10.0,2.8,2.1,2.7,0.26,0.2,0.25,10,8,10,4.8,8.1,6.0,0.48,0.81,0.58,18,30,22,2627219493,,,963,714,981,695,945,734,0.07309,0.07762,-0.9943,-0.0683,0.08748,-0.99382,3.96,3.766,3.859,,,,Valid,Valid,228.0,147.1,551.9,297.2,151.5,560.6,268.6,190.2,258.6,200.9,0.5017,0.6615,0.5112,0.6434,0.4922,0.6797,Screen Recording,Screen Recording Recording54.mp4,1920,1080,0,0,960,540,Fixation,3464,1161,964,709,0.5023,0.6569,,,,,,,,,,,
494688445,512570548352,Eye Tracker,LipReading_BJ,10/21/2025,ZJ,Recording54,10/18/2025,10/18/2025,21:15:16.594,13:15:16.594,535262,Timeline1,Tobii I-VT (Fixation),1.241.54219,1080,1920,10.0,2.8,2.1,2.7,0.26,0.2,0.25,10,8,10,4.8,8.1,6.0,0.48,0.81,0.58,18,30,22,2627223494,,,969,722,992,695,945,750,0.07836,0.07752,-0.99391,-0.06822,0.0951,-0.99313,3.958,3.762,3.86,,,,Valid,Valid,228.0,147.1,551.9,297.2,151.5,560.6,271.5,190.1,258.7,205.2,0.5045,0.6688,0.5168,0.6433,0.4923,0.6943,Screen Recording,Screen Recording Recording54.mp4,1920,1080,0,0,960,540,Fixation,3464,1161,964,709,0.5023,0.6569,,,,,,,,,,,
494692444,512570552351,Eye Tracker,LipReading_BJ,10/21/2025,ZJ,Recording54,10/18/2025,10/18/2025,21:15:16.594,13:15:16.594,535262,Timeline1,Tobii I-VT (Fixation),1.241.54219,1080,1920,10.0,2.8,2.1,2.7,0.26,0.2,0.25,10,8,10,4.8,8.1,6.0,0.48,0.81,0.58,18,30,22,2627227493,,,967,725,984,701,950,748,0.07452,0.08072,-0.99395,-0.06567,0.09434,-0.99337,3.981,3.757,3.863,,,,Valid,Valid,228.0,147.1,551.9,297.2,151.6,560.6,269.4,191.9,260.1,204.8,0.5039,0.6711,0.5127,0.6494,0.495,0.6929,Screen Recording,Screen Recording Recording54.mp4,1920,1080,0,0,960,540,Fixation,3464,1161,964,709,0.5023,0.6569,,,,,,,,,,,
494696444,512570556351,Eye Tracker,LipReading_BJ,10/21/2025,ZJ,Recording54,10/18/2025,10/18/2025,21:15:16.594,13:15:16.594,535262,Timeline1,Tobii I-VT (Fixation),1.241.54219,1080,1920,10.0,2.8,2.1,2.7,0.26,0.2,0.25,10,8,10,4.8,8.1,6.0,0.48,0.81,0.58,18,30,22,2627231493,,,964,725,980,701,949,749,0.07223,0.08074,-0.99411,-0.06636,0.09471,-0.99329,3.936,3.771,3.863,,,,Valid,Valid,228.0,147.1,551.8,297.2,151.6,560.6,268.1,191.9,259.7,205.0,0.5023,0.6715,0.5103,0.6494,0.4943,0.6936,Screen Recording,Screen Recording Recording54.mp4,1920,1080,0,0,960,540,Fixation,3464,1161,964,709,0.5023,0.6569,,,,,,,,,,,
494700445,512570560352,Eye Tracker,LipReading_BJ,10/21/2025,ZJ,Recording54,10/18/2025,10/18/2025,21:15:16.594,13:15:16.594,535262,Timeline1,Tobii I-VT (Fixation),1.241.54219,1080,1920,10.0,2.8,2.1,2.7,0.26,0.2,0.25,10,8,10,4.8,8.1,6.0,0.48,0.81,0.58,18,30,22,2627235494,,,964,721,984,694,945,748,0.07438,0.07689,-0.99426,-0.06853,0.09421,-0.99319,3.976,3.767,3.864,,,,Valid,Valid,228.0,147.1,551.9,297.2,151.6,560.6,269.3,189.8,258.5,204.7,0.5023,0.6674,0.5125,0.6422,0.492,0.6927,Screen Recording,Screen Recording Recording54.mp4,1920,1080,0,0,960,540,Fixation,3464,1161,964,709,0.5023,0.6569,,,,,,,,,,,
494704444,512570564351,Eye Tracker,LipReading_BJ,10/21/2025,ZJ,Recording54,10/18/2025,10/18/2025,21:15:16.594,13:15:16.594,535262,Timeline1,Tobii I-VT (Fixation),1.241.54219,1080,1920,10.0,2.8,2.1,2.7,0.26,0.2,0.25,10,8,10,4.8,8.1,6.0,0.48,0.81,0.58,18,30,22,2627239493,,,964,725,987,705,941,745,0.0757,0.08241,-0.99372,-0.0702,0.09285,-0.9932,3.959,3.771,3.865,,,,Valid,Valid,228.0,147.1,551.8,297.2,151.6,560.6,270.1,192.9,257.6,204.0,0.5021,0.6714,0.514,0.6526,0.4902,0.6901,Screen Recording,Screen Recording Recording54.mp4,1920,1080,0,0,960,540,Fixation,3464,1161,964,709,0.5023,0.6569,,,,,,,,,,,
494708445,512570568352,Eye Tracker,LipReading_BJ,10/21/2025,ZJ,Recording54,10/18/2025,10/18/2025,21:15:16.594,13:15:16.594,535262,Timeline1,Tobii I-VT (Fixation),1.241.54219,1080,1920,10.0,2.8,2.1,2.7,0.26,0.2,0.25,10,8,10,4.8,8.1,6.0,0.48,0.81,0.58,18,30,22,2627243494,,,976,726,992,696,961,757,0.07809,0.0779,-0.9939,-0.06054,0.09852,-0.99329,3.94,3.769,3.868,,,,Valid,Valid,228.0,147.1,551.8,297.2,151.6,560.6,271.4,190.4,263.0,207.2,0.5085,0.6726,0.5165,0.6442,0.5006,0.701,Screen Recording,Screen Recording Recording54.mp4,1920,1080,0,0,960,540,Fixation,3464,1161,964,709,0.5023,0.6569,,,,,,,,,,,
494712444,512570572351,Eye Tracker,LipReading_BJ,10/21/2025,ZJ,Recording54,10/18/2025,10/18/2025,21:15:16.594,13:15:16.594,535262,Timeline1,Tobii I-VT (Fixation),1.241.54219,1080,1920,10.0,2.8,2.1,2.7,0.26,0.2,0.25,10,8,10,4.8,8.1,6.0,0.48,0.81,0.58,18,30,22,2627247493,,,968,720,988,691,948,750,0.07624,0.07571,-0.99421,-0.06704,0.09494,-0.99322,3.966,3.787,3.868,,,,Valid,Valid,228.0,147.1,551.8,297.2,151.6,560.6,270.3,189.2,259.3,205.2,0.504,0.6671,0.5145,0.64,0.4936,0.6941,Screen Recording,Screen Recording Recording54.mp4,1920,1080,0,0,960,540,Fixation,3464,1161,964,709,0.5023,0.6569,,,,,,,,,,,
494716444,512570576351,Eye Tracker,LipReading_BJ,10/21/2025,ZJ,Recording54,10/18/2025,10/18/2025,21:15:16.594,13:15:16.594,535262,Timeline1,Tobii I-VT (Fixation),1.241.54219,1080,1920,10.0,2.8,2.1,2.7,0.26,0.2,0.25,10,8,10,4.8,8.1,6.0,0.48,0.81,0.58,18,30,22,2627251493,,,970,707,990,676,951,738,0.07708,0.06842,-0.99467,-0.06554,0.08933,-0.99384,3.981,3.782,3.874,,,,Valid,Valid,228.0,147.1,551.8,297.2,151.6,560.6,270.8,185.1,260.2,202.0,0.5053,0.6548,0.5154,0.6263,0.4952,0.6833,Screen Recording,Screen Recording Recording54.mp4,1920,1080,0,0,960,540,Fixation,3464,1161,964,709,0.5023,0.6569,,,,,,,,,,,
494720445,512570580352,Eye Tracker,LipReading_BJ,10/21/2025,ZJ,Recording54,10/18/2025,10/18/2025,21:15:16.594,13:15:16.594,535262,Timeline1,Tobii I-VT (Fixation),1.241.54219,1080,1920,10.0,2.8,2.1,2.7,0.26,0.2,0.25,10,8,10,4.8,8.1,6.0,0.48,0.81,0.58,18,30,22,2627255494,,,963,723,985,710,942,737,0.07456,0.08471,-0.99361,-0.07005,0.089,-0.99356,3.967,3.75,3.874,,,,Valid,Valid,228.0,147.1,551.8,297.2,151.6,560.5,269.4,194.2,257.7,201.8,0.5016,0.6699,0.5128,0.657,0.4904,0.6828,Screen Recording,Screen Recording Recording54.mp4,1920,1080,0,0,960,540,Fixation,3464,1161,964,709,0.5023,0.6569,,,,,,,,,,,
494724444,512570584351,Eye Tracker,LipReading_BJ,10/21/2025,ZJ,Recording54,10/18/2025,10/18/2025,21:15:16.594,13:15:16.594,535262,Timeline1,Tobii I-VT (Fixation),1.241.54219,1080,1920,10.0,2.8,2.1,2.7,0.26,0.2,0.25,10,8,10,4.8,8.1,6.0,0.48,0.81,0.58,18,30,22,2627259493,,,975,720,990,691,959,748,0.07749,0.07583,-0.9941,-0.06164,0.09404,-0.99366,3.953,3.794,3.873,,,,Valid,Valid,228.0,147.1,551.8,297.2,151.6,560.5,271.1,189.2,262.4,204.6,0.5076,0.6663,0.5159,0.6403,0.4994,0.6924,Screen Recording,Screen Recording Recording54.mp4,1920,1080,0,0,960,540,Fixation,3464,1161,964,709,0.5023,0.6569,,,,,,,,,,,
494728445,512570588352,Eye Tracker,LipReading_BJ,10/21/2025,ZJ,Recording54,10/18/2025,10/18/2025,21:15:16.594,13:15:16.594,535262,Timeline1,Tobii I-VT (Fixation),1.241.54219,1080,1920,10.0,2.8,2.1,2.7,0.26,0.2,0.25,10,8,10,4.8,8.1,6.0,0.48,0.81,0.58,18,30,22,2627263494,,,968,725,986,704,951,747,0.07505,0.08175,-0.99382,-0.06549,0.09351,-0.99346,3.976,3.776,3.872,,,,Valid,Valid,228.0,147.2,551.8,297.2,151.6,560.5,269.7,192.5,260.2,204.4,0.5043,0.6714,0.5133,0.6514,0.4953,0.6914,Screen Recording,Screen Recording Recording54.mp4,1920,1080,0,0,960,540,Fixation,3464,1161,964,709,0.5023,0.6569,,,,,,,,,,,
494732444,512570592351,Eye Tracker,LipReading_BJ,10/21/2025,ZJ,Recording54,10/18/2025,10/18/2025,21:15:16.594,13:15:16.594,535262,Timeline1,Tobii I-VT (Fixation),1.241.54219,1080,1920,10.0,2.8,2.1,2.7,0.26,0.2,0.25,10,8,10,4.8,8.1,6.0,0.48,0.81,0.58,18,30,22,2627267493,,,972,722,996,695,949,748,0.08009,0.07762,-0.99376,-0.06662,0.09409,-0.99333,3.968,3.778,3.879,,,,Valid,Valid,228.1,147.2,551.8,297.2,151.6,560.5,272.5,190.3,259.6,204.7,0.5064,0.6681,0.5187,0.6437,0.4941,0.6926,Screen Recording,Screen Recording Recording54.mp4,1920,1080,0,0,960,540,Fixation,3464,1161,964,709,0.5023,0.6569,,,,,,,,,,,
494736444,512570596351,Eye Tracker,LipReading_BJ,10/21/2025,ZJ,Recording54,10/18/2025,10/18/2025,21:15:16.594,13:15:16.594,535262,Timeline1,Tobii I-VT (Fixation),1.241.54219,1080,1920,10.0,2.8,2.1,2.7,0.26,0.2,0.25,10,8,10,4.8,8.1,6.0,0.48,0.81,0.58,18,30,22,2627271493,,,969,723,985,693,953,753,0.07471,0.07646,-0.99427,-0.06459,0.0965,-0.99324,3.949,3.79,3.88,,,,Valid,Valid,228.1,147.2,551.8,297.2,151.6,560.5,269.5,189.6,260.8,206.1,0.5046,0.6693,0.5129,0.6414,0.4963,0.6972,Screen Recording,Screen Recording Recording54.mp4,1920,1080,0,0,960,540,Fixation,3464,1161,964,709,0.5023,0.6569,,,,,,,,,,,
494740445,512570600352,Eye Tracker,LipReading_BJ,10/21/2025,ZJ,Recording54,10/18/2025,10/18/2025,21:15:16.594,13:15:16.594,535262,Timeline1,Tobii I-VT (Fixation),1.241.54219,1080,1920,10.0,2.8,2.1,2.7,0.26,0.2,0.25,10,8,10,4.8,8.1,6.0,0.48,0.81,0.58,18,30,22,2627275494,,,973,727,991,707,955,746,0.07772,0.08366,-0.99346,-0.06335,0.09314,-0.99364,3.969,3.799,3.879,,,,Valid,Valid,228.1,147.1,551.8,297.2,151.6,560.5,271.2,193.6,261.5,204.1,0.5069,0.6729,0.5162,0.6551,0.4976,0.6907,Screen Recording,Screen Recording Recording54.mp4,1920,1080,0,0,960,540,Fixation,3464,1161,964,709,0.5023,0.6569,,,,,,,,,,,
494744444,512570604351,Eye Tracker,LipReading_BJ,10/21/2025,ZJ,Recording54,10/18/2025,10/18/2025,21:15:16.594,13:15:16.594,535262,Timeline1,Tobii I-VT (Fixation),1.241.54219,1080,1920,10.0,2.8,2.1,2.7,0.26,0.2,0.25,10,8,10,4.8,8.1,6.0,0.48,0.81,0.58,18,30,22,2627279493,,,969,721,990,696,948,746,0.07723,0.07797,-0.99396,-0.06693,0.09334,-0.99338,3.975,3.801,3.871,,,,Valid,Valid,228.1,147.2,551.8,297.2,151.6,560.5,270.9,190.4,259.5,204.3,0.5047,0.6677,0.5156,0.6443,0.4938,0.6911,Screen Recording,Screen Recording Recording54.mp4,1920,1080,0,0,960,540,Fixation,3464,1161,964,709,0.5023,0.6569,,,,,,,,,,,
494748445,512570608352,Eye Tracker,LipReading_BJ,10/21/2025,ZJ,Recording54,10/18/2025,10/18/2025,21:15:16.594,13:15:16.594,535262,Timeline1,Tobii I-VT (Fixation),1.241.54219,1080,1920,10.0,2.8,2.1,2.7,0.26,0.2,0.25,10,8,10,4.8,8.1,6.0,0.48,0.81,0.58,18,30,22,2627283494,,,969,715,994,686,944,743,0.07914,0.07325,-0.99417,-0.0687,0.09187,-0.9934,3.951,3.79,3.884,,,,Valid,Valid,228.1,147.2,551.8,297.2,151.6,560.5,272.0,187.8,258.5,203.4,0.5048,0.6619,0.5177,0.6354,0.4919,0.6883,Screen Recording,Screen Recording Recording54.mp4,1920,1080,0,0,960,540,Fixation,3464,1161,964,709,0.5023,0.6569,,,,,,,,,,,
494752444,512570612351,Eye Tracker,LipReading_BJ,10/21/2025,ZJ,Recording54,10/18/2025,10/18/2025,21:15:16.594,13:15:16.594,535262,Timeline1,Tobii I-VT (Fixation),1.241.54219,1080,1920,10.0,2.8,2.1,2.7,0.26,0.2,0.25,10,8,10,4.8,8.1,6.0,0.48,0.81,0.58,18,30,22,2627287493,,,968,729,986,706,951,751,0.07507,0.08292,-0.99372,-0.06546,0.09561,-0.99326,3.944,3.79,3.883,,,,Valid,Valid,228.1,147.2,551.8,297.2,151.6,560.5,269.8,193.2,260.3,205.6,0.5044,0.6746,0.5134,0.6537,0.4954,0.6955,Screen Recording,Screen Recording Recording54.mp4,1920,1080,0,0,960,540,Fixation,3464,1161,964,709,0.5023,0.6569,,,,,,,,,,,
494756444,512570616351,Eye Tracker,LipReading_BJ,10/21/2025,ZJ,Recording54,10/18/2025,10/18/2025,21:15:16.594,13:15:16.594,535262,Timeline1,Tobii I-VT (Fixation),1.241.54219,1080,1920,10.0,2.8,2.1,2.7,0.26,0.2,0.25,10,8,10,4.8,8.1,6.0,0.48,0.81,0.58,18,30,22,2627291493,,,973,718,992,695,955,741,0.07793,0.07752,-0.99394,-0.0637,0.09076,-0.99383,3.982,3.828,3.877,,,,Valid,Valid,228.1,147.1,551.8,297.2,151.6,560.5,271.3,190.2,261.3,202.8,0.5069,0.6648,0.5164,0.6435,0.4973,0.6862,Screen Recording,Screen Recording Recording54.mp4,1920,1080,0,0,960,540,Fixation,3464,1161,964,709,0.5023,0.6569,,,,,,,,,,,
494760445,512570620352,Eye Tracker,LipReading_BJ,10/21/2025,ZJ,Recording54,10/18/2025,10/18/2025,21:15:16.594,13:15:16.594,535262,Timeline1,Tobii I-VT (Fixation),1.241.54219,1080,1920,10.0,2.8,2.1,2.7,0.26,0.2,0.25,10,8,10,4.8,8.1,6.0,0.48,0.81,0.58,18,30,22,2627295494,,,966,722,982,702,950,741,0.07309,0.08094,-0.99404,-0.06582,0.09081,-0.99369,3.968,3.797,3.883,,,,Valid,Valid,228.1,147.2,551.8,297.2,151.6,560.5,268.7,192.1,260.1,202.8,0.5032,0.6681,0.5113,0.6499,0.495,0.6863,Screen Recording,Screen Recording Recording54.mp4,1920,1080,0,0,960,540,Fixation,3464,1161,964,709,0.5023,0.6569,,,,,,,,,,,
494764443,512570624350,Eye Tracker,LipReading_BJ,10/21/2025,ZJ,Recording54,10/18/2025,10/18/2025,21:15:16.594,13:15:16.594,535262,Timeline1,Tobii I-VT (Fixation),1.241.54219,1080,1920,10.0,2.8,2.1,2.7,0.26,0.2,0.25,10,8,10,4.8,8.1,6.0,0.48,0.81,0.58,18,30,22,2627299493,,,967,726,982,702,952,750,0.07311,0.08103,-0.99403,-0.06489,0.09502,-0.99336,3.964,3.785,3.889,,,,Valid,Valid,228.1,147.2,551.8,297.2,151.6,560.5,268.7,192.2,260.6,205.3,0.5037,0.6723,0.5113,0.6501,0.496,0.6945,Screen Recording,Screen Recording Recording54.mp4,1920,1080,0,0,960,540,Fixation,3464,1161,964,709,0.5023,0.6569,,,,,,,,,,,
494768444,512570628351,Eye Tracker,LipReading_BJ,10/21/2025,ZJ,Recording54,10/18/2025,10/18/2025,21:15:16.594,13:15:16.594,535262,Timeline1,Tobii I-VT (Fixation),1.241.54219,1080,1920,10.0,2.8,2.1,2.7,0.26,0.2,0.25,10,8,10,4.8,8.1,6.0,0.48,0.81,0.58,18,30,22,2627303494,,,962,714,977,699,946,728,0.07101,0.07952,-0.9943,-0.06784,0.08449,-0.99411,3.983,3.801,3.877,,,,Valid,Valid,228.1,147.2,551.8,297.2,151.6,560.5,267.5,191.3,259.0,199.3,0.501,0.6607,0.5091,0.6473,0.4929,0.6742,Screen Recording,Screen Recording Recording54.mp4,1920,1080,0,0,960,540,Fixation,3464,1161,964,709,0.5023,0.6569,,,,,,,,,,,
494772443,512570632350,Eye Tracker,LipReading_BJ,10/21/2025,ZJ,Recording54,10/18/2025,10/18/2025,21:15:16.594,13:15:16.594,535262,Timeline1,Tobii I-VT (Fixation),1.241.54219,1080,1920,10.0,2.8,2.1,2.7,0.26,0.2,0.25,10,8,10,4.8,8.1,6.0,0.48,0.81,0.58,18,30,22,2627307493,,,974,717,985,684,963,751,0.07473,0.07218,-0.99459,-0.0598,0.09531,-0.99365,4.016,3.778,3.884,,,,Valid,Valid,228.1,147.2,551.8,297.2,151.6,560.5,269.6,187.2,263.5,205.4,0.5073,0.6642,0.513,0.6335,0.5015,0.695,Screen Recording,Screen Recording Recording54.mp4,1920,1080,0,0,960,540,Fixation,3464,1161,964,709,0.5023,0.6569,,,,,,,,,,,
494776443,512570636350,Eye Tracker,LipReading_BJ,10/21/2025,ZJ,Recording54,10/18/2025,10/18/2025,21:15:16.594,13:15:16.594,535262,Timeline1,Tobii I-VT (Fixation),1.241.54219,1080,1920,10.0,2.8,2.1,2.7,0.26,0.2,0.25,10,8,10,4.8,8.1,6.0,0.48,0.81,0.58,18,30,22,2627311493,,,967,721,988,696,946,746,0.07604,0.07823,-0.99403,-0.06792,0.093,-0.99335,3.951,3.778,3.898,,,,Valid,Valid,228.1,147.2,551.8,297.2,151.7,560.5,270.3,190.6,258.9,204.1,0.5036,0.6678,0.5145,0.6449,0.4928,0.6906,Screen Recording,Screen Recording Recording54.mp4,1920,1080,0,0,960,540,Fixation,3464,1161,964,709,0.5023,0.6569,,,,,,,,,,,
494780444,512570640351,Eye Tracker,LipReading_BJ,10/21/2025,ZJ,Recording54,10/18/2025,10/18/2025,21:15:16.594,13:15:16.594,535262,Timeline1,Tobii I-VT (Fixation),1.241.54219,1080,1920,10.0,2.8,2.1,2.7,0.26,0.2,0.25,10,8,10,4.8,8.1,6.0,0.48,0.81,0.58,18,30,22,2627315494,,,968,718,980,687,956,749,0.07226,0.07358,-0.99467,-0.06307,0.09448,-0.99353,3.995,3.824,3.901,,,,Valid,Valid,228.1,147.2,551.8,297.2,151.7,560.5,268.2,188.0,261.7,205.0,0.5042,0.6648,0.5104,0.6361,0.498,0.6935,Screen Recording,Screen Recording Recording54.mp4,1920,1080,0,0,960,540,Fixation,3464,1161,964,709,0.5023,0.6569,,,,,,,,,,,
494784443,512570644350,Eye Tracker,LipReading_BJ,10/21/2025,ZJ,Recording54,10/18/2025,10/18/2025,21:15:16.594,13:15:16.594,535262,Timeline1,Tobii I-VT (Fixation),1.241.54219,1080,1920,10.0,2.8,2.1,2.7,0.26,0.2,0.25,10,8,10,4.8,8.1,6.0,0.48,0.81,0.58,18,30,22,2627319493,,,972,718,987,694,958,742,0.07569,0.07707,-0.99415,-0.06226,0.0909,-0.99391,4.006,3.808,3.894,,,,Valid,Valid,228.1,147.2,551.8,297.3,151.7,560.5,270.1,190.0,262.1,202.9,0.5065,0.6647,0.5141,0.6427,0.4989,0.6866,Screen Recording,Screen Recording Recording54.mp4,1920,1080,0,0,960,540,Fixation,3464,1161,964,709,0.5023,0.6569,,,,,,,,,,,
494788444,512570648351,Eye Tracker,LipReading_BJ,10/21/2025,ZJ,Recording54,10/18/2025,10/18/2025,21:15:16.594,13:15:16.594,535262,Timeline1,Tobii I-VT (Fixation),1.241.54219,1080,1920,10.0,2.8,2.1,2.7,0.26,0.2,0.25,10,8,10,4.8,8.1,6.0,0.48,0.81,0.58,18,30,22,2627323494,,,968,729,979,711,956,746,0.07185,0.08549,-0.99375,-0.06296,0.09318,-0.99366,3.964,3.807,3.901,,,,Valid,Valid,228.1,147.2,551.8,297.3,151.7,560.5,268.0,194.7,261.7,204.2,0.5041,0.6748,0.5101,0.6586,0.4981,0.691,Screen Recording,Screen Recording Recording54.mp4,1920,1080,0,0,960,540,Fixation,3464,1161,964,709,0.5023,0.6569,,,,,,,,,,,
494792443,512570652350,Eye Tracker,LipReading_BJ,10/21/2025,ZJ,Recording54,10/18/2025,10/18/2025,21:15:16.594,13:15:16.594,535262,Timeline1,Tobii I-VT (Fixation),1.241.54219,1080,1920,10.0,2.8,2.1,2.7,0.26,0.2,0.25,10,8,10,4.8,8.1,6.0,0.48,0.81,0.58,18,30,22,2627327493,,,972,733,984,705,960,760,0.07431,0.08249,-0.99382,-0.06116,0.09995,-0.99311,3.981,3.789,3.894,,,,Valid,Valid,228.1,147.2,551.8,297.3,151.7,560.5,269.4,193.0,262.7,208.1,0.5063,0.6785,0.5126,0.653,0.5,0.704,Screen Recording,Screen Recording Recording54.mp4,1920,1080,0,0,960,540,Fixation,3464,1161,964,709,0.5023,0.6569,,,,,,,,,,,
494796442,512570656349,Eye Tracker,LipReading_BJ,10/21/2025,ZJ,Recording54,10/18/2025,10/18/2025,21:15:16.594,13:15:16.594,535262,Timeline1,Tobii I-VT (Fixation),1.241.54219,1080,1920,10.0,2.8,2.1,2.7,0.26,0.2,0.25,10,8,10,4.8,8.1,6.0,0.48,0.81,0.58,18,30,22,2627331492,,,971,727,984,709,957,744,0.07435,0.08421,-0.99367,-0.06258,0.09225,-0.99377,4.0,3.818,3.894,,,,Valid,Valid,228.1,147.2,551.8,297.3,151.7,560.5,269.4,194.0,262.0,203.7,0.5056,0.6727,0.5127,0.6562,0.4985,0.6892,Screen Recording,Screen Recording Recording54.mp4,1920,1080,0,0,960,540,Fixation,3464,1161,964,709,0.5023,0.6569,,,,,,,,,,,
494800443,512570660350,Eye Tracker,LipReading_BJ,10/21/2025,ZJ,Recording54,10/18/2025,10/18/2025,21:15:16.594,13:15:16.594,535262,Timeline1,Tobii I-VT (Fixation),1.241.54219,1080,1920,10.0,2.8,2.1,2.7,0.26,0.2,0.25,10,8,10,4.8,8.1,6.0,0.48,0.81,0.58,18,30,22,2627335493,,,971,727,980,711,962,743,0.07207,0.08521,-0.99375,-0.06021,0.0916,-0.99397,3.966,3.804,3.899,,,,Valid,Valid,228.1,147.2,551.8,297.3,151.7,560.5,268.1,194.5,263.3,203.3,0.5057,0.673,0.5103,0.6581,0.5011,0.6879,Screen Recording,Screen Recording Recording54.mp4,1920,1080,0,0,960,540,Fixation,3464,1161,964,709,0.5023,0.6569,,,,,,,,,,,
494804442,512570664349,Eye Tracker,LipReading_BJ,10/21/2025,ZJ,Recording54,10/18/2025,10/18/2025,21:15:16.594,13:15:16.594,535262,Timeline1,Tobii I-VT (Fixation),1.241.54219,1080,1920,10.0,2.8,2.1,2.7,0.26,0.2,0.25,10,8,10,4.8,8.1,6.0,0.48,0.81,0.58,18,30,22,2627339492,,,969,718,991,690,948,745,0.07747,0.07505,-0.99417,-0.06714,0.09272,-0.99343,4.008,3.817,3.897,,,,Valid,Valid,228.1,147.2,551.8,297.2,151.7,560.5,271.1,188.8,259.4,204.0,0.5048,0.6646,0.516,0.639,0.4936,0.6902,Screen Recording,Screen Recording Recording54.mp4,1920,1080,0,0,960,540,Fixation,3464,1161,964,709,0.5023,0.6569,,,,,,,,,,,
494808443,512570668350,Eye Tracker,LipReading_BJ,10/21/2025,ZJ,Recording54,10/18/2025,10/18/2025,21:15:16.594,13:15:16.594,535262,Timeline1,Tobii I-VT (Fixation),1.241.54219,1080,1920,10.0,2.8,2.1,2.7,0.26,0.2,0.25,10,8,10,4.8,8.1,6.0,0.48,0.81,0.58,18,30,22,2627343493,,,966,732,976,706,956,758,0.07037,0.08267,-0.99409,-0.06327,0.09869,-0.9931,3.974,3.827,3.899,,,,Valid,Valid,228.1,147.2,551.8,297.3,151.7,560.5,267.2,193.1,261.5,207.4,0.5031,0.6774,0.5085,0.6533,0.4978,0.7016,Screen Recording,Screen Recording Recording54.mp4,1920,1080,0,0,960,540,Fixation,3464,1161,964,709,0.5023,0.6569,,,,,,,,,,,
494812442,512570672349,Eye Tracker,LipReading_BJ,10/21/2025,ZJ,Recording54,10/18/2025,10/18/2025,21:15:16.594,13:15:16.594,535262,Timeline1,Tobii I-VT (Fixation),1.241.54219,1080,1920,10.0,2.8,2.1,2.7,0.26,0.2,0.25,10,8,10,4.8,8.1,6.0,0.48,0.81,0.58,18,30,22,2627347492,,,973,731,987,708,959,753,0.07543,0.08379,-0.99362,-0.06151,0.09665,-0.99342,3.976,3.824,3.903,,,,Valid,Valid,228.1,147.2,551.8,297.2,151.7,560.5,270.0,193.7,262.5,206.2,0.5067,0.6766,0.5138,0.6555,0.4997,0.6976,Screen Recording,Screen Recording Recording54.mp4,1920,1080,0,0,960,540,Fixation,3464,1161,964,709,0.5023,0.6569,,,,,,,,,,,
494816442,512570676349,Eye Tracker,LipReading_BJ,10/21/2025,ZJ,Recording54,10/18/2025,10/18/2025,21:15:16.594,13:15:16.594,535262,Timeline1,Tobii I-VT (Fixation),1.241.54219,1080,1920,10.0,2.8,2.1,2.7,0.26,0.2,0.25,10,8,10,4.8,8.1,6.0,0.48,0.81,0.58,18,30,22,2627351492,,,971,725,989,701,953,750,0.07654,0.08037,-0.99382,-0.06458,0.09482,-0.9934,3.984,3.821,3.903,,,,Valid,Valid,228.1,147.2,551.8,297.2,151.7,560.5,270.6,191.8,260.8,205.2,0.5057,0.6716,0.515,0.649,0.4963,0.6942,Screen Recording,Screen Recording Recording54.mp4,1920,1080,0,0,960,540,Fixation,3464,1161,964,709,0.5023,0.6569,,,,,,,,,,,
494820443,512570680350,Eye Tracker,LipReading_BJ,10/21/2025,ZJ,Recording54,10/18/2025,10/18/2025,21:15:16.594,13:15:16.594,535262,Timeline1,Tobii I-VT (Fixation),1.241.54219,1080,1920,10.0,2.8,2.1,2.7,0.26,0.2,0.25,10,8,10,4.8,8.1,6.0,0.48,0.81,0.58,18,30,22,2627355493,,,973,710,988,667,958,752,0.07629,0.06368,-0.99505,-0.0623,0.09611,-0.99342,4.059,3.81,3.924,,,,Valid,Valid,228.1,147.2,551.8,297.2,151.7,560.5,270.4,182.5,262.1,205.9,0.5067,0.657,0.5146,0.6175,0.4988,0.6966,Screen Recording,Screen Recording Recording54.mp4,1920,1080,0,0,960,540,Fixation,3464,1161,964,709,0.5023,0.6569,,,,,,,,,,,
494824442,512570684349,Eye Tracker,LipReading_BJ,10/21/2025,ZJ,Recording54,10/18/2025,10/18/2025,21:15:16.594,13:15:16.594,535262,Timeline1,Tobii I-VT (Fixation),1.241.54219,1080,1920,10.0,2.8,2.1,2.7,0.26,0.2,0.25,10,8,10,4.8,8.1,6.0,0.48,0.81,0.58,18,30,22,2627359492,,,971,726,989,695,954,756,0.07651,0.07772,-0.99404,-0.06391,0.09776,-0.99316,4.027,3.802,3.924,,,,Valid,Valid,228.1,147.2,551.8,297.2,151.6,560.5,270.6,190.3,261.2,206.8,0.506,0.6719,0.5149,0.644,0.497,0.6998,Screen Recording,Screen Recording Recording54.mp4,1920,1080,0,0,960,540,Fixation,3464,1161,964,709,0.5023,0.6569,,,,,,,,,,,
494828443,512570688350,Eye Tracker,LipReading_BJ,10/21/2025,ZJ,Recording54,10/18/2025,10/18/2025,21:15:16.594,13:15:16.594,535262,Timeline1,Tobii I-VT (Fixation),1.241.54219,1080,1920,10.0,2.8,2.1,2.7,0.26,0.2,0.25,10,8,10,4.8,8.1,6.0,0.48,0.81,0.58,18,30,22,2627363493,,,970,710,991,684,949,736,0.07755,0.07222,-0.99437,-0.0665,0.08848,-0.99386,4.038,3.827,3.927,,,,Valid,Valid,228.1,147.2,551.8,297.2,151.7,560.5,271.1,187.3,259.7,201.6,0.5052,0.6578,0.516,0.6336,0.4943,0.6819,Screen Recording,Screen Recording Recording54.mp4,1920,1080,0,0,960,540,Fixation,3464,1161,964,709,0.5023,0.6569,,,,,,,,,,,
494832442,512570692349,Eye Tracker,LipReading_BJ,10/21/2025,ZJ,Recording54,10/18/2025,10/18/2025,21:15:16.594,13:15:16.594,535262,Timeline1,Tobii I-VT (Fixation),1.241.54219,1080,1920,10.0,2.8,2.1,2.7,0.26,0.2,0.25,10,8,10,4.8,8.1,6.0,0.48,0.81,0.58,18,30,22,2627367492,,,977,714,998,683,956,746,0.08107,0.0715,-0.99414,-0.06292,0.0929,-0.99369,4.023,3.832,3.925,,,,Valid,Valid,228.1,147.2,551.8,297.2,151.7,560.5,273.1,186.9,261.7,204.1,0.5089,0.6613,0.5197,0.6323,0.4981,0.6904,Screen Recording,Screen Recording Recording54.mp4,1920,1080,0,0,960,540,Fixation,3464,1161,964,709,0.5023,0.6569,,,,,,,,,,,
494836442,512570696349,Eye Tracker,LipReading_BJ,10/21/2025,ZJ,Recording54,10/18/2025,10/18/2025,21:15:16.594,13:15:16.594,535262,Timeline1,Tobii I-VT (Fixation),1.241.54219,1080,1920,10.0,2.8,2.1,2.7,0.26,0.2,0.25,10,8,10,4.8,8.1,6.0,0.48,0.81,0.58,18,30,22,2627371492,,,973,728,985,706,960,750,0.07471,0.08295,-0.99375,-0.06103,0.09481,-0.99362,4.012,3.835,3.92,,,,Valid,Valid,228.1,147.2,551.8,297.2,151.6,560.5,269.6,193.2,262.8,205.1,0.5066,0.6739,0.513,0.6538,0.5002,0.694,Screen Recording,Screen Recording Recording54.mp4,1920,1080,0,0,960,540,Fixation,3464,1161,964,709,0.5023,0.6569,,,,,,,,,,,
494840443,512570700350,Eye Tracker,LipReading_BJ,10/21/2025,ZJ,Recording54,10/18/2025,10/18/2025,21:15:16.594,13:15:16.594,535262,Timeline1,Tobii I-VT (Fixation),1.241.54219,1080,1920,10.0,2.8,2.1,2.7,0.26,0.2,0.25,10,8,10,4.8,8.1,6.0,0.48,0.81,0.58,18,30,22,2627375493,,,966,727,980,697,952,757,0.07233,0.07849,-0.99429,-0.06494,0.09849,-0.99302,3.966,3.823,3.922,,,,Valid,Valid,228.1,147.2,551.8,297.2,151.6,560.5,268.2,190.7,260.6,207.2,0.5032,0.6733,0.5105,0.6454,0.4959,0.7012,Screen Recording,Screen Recording Recording54.mp4,1920,1080,0,0,960,540,Fixation,3464,1161,964,709,0.5023,0.6569,,,,,,,,,,,
494844442,512570704349,Eye Tracker,LipReading_BJ,10/21/2025,ZJ,Recording54,10/18/2025,10/18/2025,21:15:16.594,13:15:16.594,535262,Timeline1,Tobii I-VT (Fixation),1.241.54219,1080,1920,10.0,2.8,2.1,2.7,0.26,0.2,0.25,10,8,10,4.8,8.1,6.0,0.48,0.81,0.58,18,30,22,2627379492,,,964,730,973,698,956,762,0.06873,0.07914,-0.99449,-0.06307,0.10102,-0.99288,4.006,3.799,3.915,,,,Valid,Valid,228.1,147.2,551.8,297.2,151.6,560.5,266.2,191.1,261.6,208.7,0.5023,0.6763,0.5066,0.6466,0.4979,0.706,Screen Recording,Screen Recording Recording54.mp4,1920,1080,0,0,960,540,Fixation,3464,1161,964,709,0.5023,0.6569,,,,,,,,,,,
494848443,512570708350,Eye Tracker,LipReading_BJ,10/21/2025,ZJ,Recording54,10/18/2025,10/18/2025,21:15:16.594,13:15:16.594,535262,Timeline1,Tobii I-VT (Fixation),1.241.54219,1080,1920,10.0,2.8,2.1,2.7,0.26,0.2,0.25,10,8,10,4.8,8.1,6.0,0.48,0.81,0.58,18,30,22,2627383493,,,972,729,991,703,953,755,0.07756,0.08141,-0.99366,-0.06467,0.09756,-0.99313,4.012,3.832,3.915,,,,Valid,Valid,228.1,147.2,551.8,297.2,151.6,560.5,271.1,192.4,260.7,206.7,0.5061,0.6752,0.516,0.651,0.4962,0.6993,Screen Recording,Screen Recording Recording54.mp4,1920,1080,0,0,960,540,Fixation,3464,1161,964,709,0.5023,0.6569,,,,,,,,,,,
494852442,512570712349,Eye Tracker,LipReading_BJ,10/21/2025,ZJ,Recording54,10/18/2025,10/18/2025,21:15:16.594,13:15:16.594,535262,Timeline1,Tobii I-VT (Fixation),1.241.54219,1080,1920,10.0,2.8,2.1,2.7,0.26,0.2,0.25,10,8,10,4.8,8.1,6.0,0.48,0.81,0.58,18,30,22,2627387492,,,971,723,986,696,955,750,0.07505,0.07782,-0.99414,-0.06336,0.09501,-0.99346,3.999,3.802,3.915,,,,Valid,Valid,228.1,147.2,551.8,297.2,151.6,560.5,269.7,190.4,261.5,205.2,0.5055,0.6693,0.5133,0.6442,0.4976,0.6944,Screen Recording,Screen Recording Recording54.mp4,1920,1080,0,0,960,540,Fixation,3464,1161,964,709,0.5023,0.6569,,,,,,,,,,,
494856442,512570716349,Eye Tracker,LipReading_BJ,10/21/2025,ZJ,Recording54,10/18/2025,10/18/2025,21:15:16.594,13:15:16.594,535262,Timeline1,Tobii I-VT (Fixation),1.241.54219,1080,1920,10.0,2.8,2.1,2.7,0.26,0.2,0.25,10,8,10,4.8,8.1,6.0,0.48,0.81,0.58,18,30,22,2627391492,,,965,720,979,688,951,752,0.07191,0.07402,-0.99466,-0.06548,0.09594,-0.99323,4.043,3.825,3.922,,,,Valid,Valid,228.1,147.2,551.7,297.2,151.6,560.5,268.0,188.3,260.3,205.8,0.5026,0.6666,0.51,0.637,0.4953,0.6962,Screen Recording,Screen Recording Recording54.mp4,1920,1080,0,0,960,540,Fixation,3464,1161,964,709,0.5023,0.6569,,,,,,,,,,,
494860443,512570720350,Eye Tracker,LipReading_BJ,10/21/2025,ZJ,Recording54,10/18/2025,10/18/2025,21:15:16.594,13:15:16.594,535262,Timeline1,Tobii I-VT (Fixation),1.241.54219,1080,1920,10.0,2.8,2.1,2.7,0.26,0.2,0.25,10,8,10,4.8,8.1,6.0,0.48,0.81,0.58,18,30,22,2627395493,,,967,718,979,692,956,745,0.07172,0.07589,-0.99453,-0.06315,0.09257,-0.9937,3.999,3.834,3.916,,,,Valid,Valid,228.1,147.2,551.8,297.2,151.6,560.6,267.9,189.3,261.6,203.9,0.5038,0.6651,0.5098,0.6405,0.4978,0.6897,Screen Recording,Screen Recording Recording54.mp4,1920,1080,0,0,960,540,Fixation,3464,1161,964,709,0.5023,0.6569,,,,,,,,,,,
494864442,512570724349,Eye Tracker,LipReading_BJ,10/21/2025,ZJ,Recording54,10/18/2025,10/18/2025,21:15:16.594,13:15:16.594,535262,Timeline1,Tobii I-VT (Fixation),1.241.54219,1080,1920,10.0,2.8,2.1,2.7,0.26,0.2,0.25,10,8,10,4.8,8.1,6.0,0.48,0.81,0.58,18,30,22,2627399492,,,968,710,980,667,957,753,0.07238,0.06394,-0.99533,-0.06261,0.09633,-0.99338,4.068,3.838,3.92,,,,Valid,Valid,228.1,147.2,551.7,297.2,151.6,560.6,268.2,182.7,261.9,206.0,0.5044,0.6575,0.5104,0.618,0.4984,0.6969,Screen Recording,Screen Recording Recording54.mp4,1920,1080,0,0,960,540,Fixation,3464,1161,964,709,0.5023,0.6569,,,,,,,,,,,
494868443,512570728350,Eye Tracker,LipReading_BJ,10/21/2025,ZJ,Recording54,10/18/2025,10/18/2025,21:15:16.594,13:15:16.594,535262,Timeline1,Tobii I-VT (Fixation),1.241.54219,1080,1920,10.0,2.8,2.1,2.7,0.26,0.2,0.25,10,8,10,4.8,8.1,6.0,0.48,0.81,0.58,18,30,22,2627403493,,,966,728,982,712,950,745,0.07325,0.08584,-0.99361,-0.06621,0.09235,-0.99352,3.972,3.838,3.922,,,,Valid,Valid,228.1,147.2,551.8,297.2,151.6,560.5,268.7,194.9,259.9,203.7,0.503,0.6744,0.5114,0.6593,0.4945,0.6894,Screen Recording,Screen Recording Recording54.mp4,1920,1080,0,0,960,540,Fixation,3464,1161,964,709,0.5023,0.6569,,,,,,,,,,,
494872441,512570732348,Eye Tracker,LipReading_BJ,10/21/2025,ZJ,Recording54,10/18/2025,10/18/2025,21:15:16.594,13:15:16.594,535262,Timeline1,Tobii I-VT (Fixation),1.241.54219,1080,1920,10.0,2.8,2.1,2.7,0.26,0.2,0.25,10,8,10,4.8,8.1,6.0,0.48,0.81,0.58,18,30,22,2627407492,,,965,726,981,709,948,742,0.07294,0.08433,-0.99377,-0.0669,0.0912,-0.99358,4.006,3.83,3.937,,,,Valid,Valid,228.1,147.2,551.8,297.2,151.7,560.5,268.5,194.0,259.5,203.1,0.5024,0.6718,0.5111,0.6565,0.4938,0.6872,Screen Recording,Screen Recording Recording54.mp4,1920,1080,0,0,960,540,Fixation,3464,1161,964,709,0.5023,0.6569,,,,,,,,,,,
494876441,512570736348,Eye Tracker,LipReading_BJ,10/21/2025,ZJ,Recording54,10/18/2025,10/18/2025,21:15:16.594,13:15:16.594,535262,Timeline1,Tobii I-VT (Fixation),1.241.54219,1080,1920,10.0,2.8,2.1,2.7,0.26,0.2,0.25,10,8,10,4.8,8.1,6.0,0.48,0.81,0.58,18,30,22,2627411492,,,974,720,988,696,959,744,0.07651,0.07779,-0.99403,-0.06185,0.09193,-0.99384,4.051,3.849,3.937,,,,Valid,Valid,228.0,147.2,551.8,297.2,151.7,560.5,270.5,190.4,262.3,203.5,0.507,0.6664,0.5148,0.6442,0.4992,0.6885,Screen Recording,Screen Recording Recording54.mp4,1920,1080,0,0,960,540,Fixation,3464,1161,964,709,0.5023,0.6569,,,,,,,,,,,
494880442,512570740349,Eye Tracker,LipReading_BJ,10/21/2025,ZJ,Recording54,10/18/2025,10/18/2025,21:15:16.594,13:15:16.594,535262,Timeline1,Tobii I-VT (Fixation),1.241.54219,1080,1920,10.0,2.8,2.1,2.7,0.26,0.2,0.25,10,8,10,4.8,8.1,6.0,0.48,0.81,0.58,18,30,22,2627415493,,,964,721,983,693,945,749,0.07392,0.07627,-0.99434,-0.0684,0.09425,-0.9932,4.036,3.809,3.933,,,,Valid,Valid,228.0,147.2,551.8,297.2,151.7,560.6,269.1,189.6,258.6,204.8,0.5021,0.6672,0.5121,0.6413,0.4921,0.6931,Screen Recording,Screen Recording Recording54.mp4,1920,1080,0,0,960,540,Fixation,3464,1161,964,709,0.5023,0.6569,,,,,,,,,,,
494884441,512570744348,Eye Tracker,LipReading_BJ,10/21/2025,ZJ,Recording54,10/18/2025,10/18/2025,21:15:16.594,13:15:16.594,535262,Timeline1,Tobii I-VT (Fixation),1.241.54219,1080,1920,10.0,2.8,2.1,2.7,0.26,0.2,0.25,10,8,10,4.8,8.1,6.0,0.48,0.81,0.58,18,30,22,2627419492,,,965,713,984,685,946,741,0.07452,0.07273,-0.99456,-0.06774,0.09085,-0.99356,4.047,3.846,3.941,,,,Valid,Valid,228.0,147.2,551.7,297.2,151.7,560.5,269.4,187.6,259.0,202.9,0.5028,0.6606,0.5127,0.6347,0.4929,0.6866,Screen Recording,Screen Recording Recording54.mp4,1920,1080,0,0,960,540,Fixation,3464,1161,964,709,0.5023,0.6569,,,,,,,,,,,
494888442,512570748349,Eye Tracker,LipReading_BJ,10/21/2025,ZJ,Recording54,10/18/2025,10/18/2025,21:15:16.594,13:15:16.594,535262,Timeline1,Tobii I-VT (Fixation),1.241.54219,1080,1920,10.0,2.8,2.1,2.7,0.26,0.2,0.25,10,8,10,4.8,8.1,6.0,0.48,0.81,0.58,18,30,22,2627423493,,,969,738,977,715,961,761,0.07099,0.08738,-0.99364,-0.06047,0.10006,-0.99314,4.022,3.822,3.94,,,,Valid,Valid,228.0,147.2,551.8,297.2,151.7,560.5,267.5,195.8,263.1,208.2,0.5048,0.6833,0.509,0.6623,0.5006,0.7043,Screen Recording,Screen Recording Recording54.mp4,1920,1080,0,0,960,540,Fixation,3464,1161,964,709,0.5023,0.6569,,,,,,,,,,,
494892441,512570752348,Eye Tracker,LipReading_BJ,10/21/2025,ZJ,Recording54,10/18/2025,10/18/2025,21:15:16.594,13:15:16.594,535262,Timeline1,Tobii I-VT (Fixation),1.241.54219,1080,1920,10.0,2.8,2.1,2.7,0.26,0.2,0.25,10,8,10,4.8,8.1,6.0,0.48,0.81,0.58,18,30,22,2627427492,,,961,724,975,706,948,742,0.06983,0.08301,-0.9941,-0.06695,0.0913,-0.99357,4.021,3.854,3.945,,,,Valid,Valid,228.0,147.2,551.8,297.2,151.7,560.6,266.8,193.3,259.4,203.2,0.5007,0.6708,0.5078,0.654,0.4937,0.6875,Screen Recording,Screen Recording Recording54.mp4,1920,1080,0,0,960,540,Fixation,3464,1161,964,709,0.5023,0.6569,,,,,,,,,,,
494896442,512570756349,Eye Tracker,LipReading_BJ,10/21/2025,ZJ,Recording54,10/18/2025,10/18/2025,21:15:16.594,13:15:16.594,535262,Timeline1,Tobii I-VT (Fixation),1.241.54219,1080,1920,10.0,2.8,2.1,2.7,0.26,0.2,0.25,10,8,10,4.8,8.1,6.0,0.48,0.81,0.58,18,30,22,2627431493,,,966,718,980,689,951,747,0.07263,0.07428,-0.99459,-0.06528,0.09351,-0.99348,4.047,3.843,3.945,,,,Valid,Valid,228.0,147.3,551.7,297.2,151.7,560.5,268.3,188.5,260.4,204.4,0.5031,0.6647,0.5107,0.6376,0.4955,0.6917,Screen Recording,Screen Recording Recording54.mp4,1920,1080,0,0,960,540,Fixation,3464,1161,964,709,0.5023,0.6569,,,,,,,,,,,
494900441,512570760348,Eye Tracker,LipReading_BJ,10/21/2025,ZJ,Recording54,10/18/2025,10/18/2025,21:15:16.594,13:15:16.594,535262,Timeline1,Tobii I-VT (Fixation),1.241.54219,1080,1920,10.0,2.8,2.1,2.7,0.26,0.2,0.25,10,8,10,4.8,8.1,6.0,0.48,0.81,0.58,18,30,22,2627435492,,,970,718,986,687,954,749,0.07546,0.07339,-0.99444,-0.06412,0.09441,-0.99347,4.059,3.825,3.946,,,,Valid,Valid,228.0,147.3,551.7,297.2,151.7,560.5,269.9,188.0,261.0,205.0,0.5052,0.6647,0.5137,0.636,0.4967,0.6934,Screen Recording,Screen Recording Recording54.mp4,1920,1080,0,0,960,540,Fixation,3464,1161,964,709,0.5023,0.6569,,,,,,,,,,,
494904441,512570764348,Eye Tracker,LipReading_BJ,10/21/2025,ZJ,Recording54,10/18/2025,10/18/2025,21:15:16.594,13:15:16.594,535262,Timeline1,Tobii I-VT (Fixation),1.241.54219,1080,1920,10.0,2.8,2.1,2.7,0.26,0.2,0.25,10,8,10,4.8,8.1,6.0,0.48,0.81,0.58,18,30,22,2627439492,,,966,717,979,691,953,743,0.07181,0.07522,-0.99458,-0.06447,0.09162,-0.9937,4.065,3.864,3.949,,,,Valid,Valid,228.0,147.2,551.8,297.2,151.7,560.5,267.9,189.0,260.8,203.4,0.5031,0.6637,0.5098,0.6394,0.4964,0.6881,Screen Recording,Screen Recording Recording54.mp4,1920,1080,0,0,960,540,Fixation,3464,1161,964,709,0.5023,0.6569,,,,,,,,,,,
494908442,512570768349,Eye Tracker,LipReading_BJ,10/21/2025,ZJ,Recording54,10/18/2025,10/18/2025,21:15:16.594,13:15:16.594,535262,Timeline1,Tobii I-VT (Fixation),1.241.54219,1080,1920,10.0,2.8,2.1,2.7,0.26,0.2,0.25,10,8,10,4.8,8.1,6.0,0.48,0.81,0.58,18,30,22,2627443493,,,962,728,973,702,950,754,0.06905,0.08067,-0.99435,-0.06573,0.09696,-0.99312,4.045,3.844,3.952,,,,Valid,Valid,228.0,147.2,551.8,297.2,151.7,560.5,266.3,192.0,260.1,206.4,0.5009,0.674,0.5069,0.6496,0.495,0.6984,Screen Recording,Screen Recording Recording54.mp4,1920,1080,0,0,960,540,Fixation,3464,1161,964,709,0.5023,0.6569,,,,,,,,,,,
494912441,512570772348,Eye Tracker,LipReading_BJ,10/21/2025,ZJ,Recording54,10/18/2025,10/18/2025,21:15:16.594,13:15:16.594,535262,Timeline1,Tobii I-VT (Fixation),1.241.54219,1080,1920,10.0,2.8,2.1,2.7,0.26,0.2,0.25,10,8,10,4.8,8.1,6.0,0.48,0.81,0.58,18,30,22,2627447492,,,972,718,993,692,951,744,0.07885,0.07609,-0.99398,-0.06556,0.09221,-0.99358,4.055,3.824,3.955,,,,Valid,Valid,228.0,147.2,551.8,297.2,151.7,560.5,271.8,189.5,260.2,203.7,0.5062,0.6652,0.5173,0.6411,0.4952,0.6893,Screen Recording,Screen Recording Recording54.mp4,1920,1080,0,0,960,540,Fixation,3464,1161,964,709,0.5023,0.6569,,,,,,,,,,,
494916442,512570776349,Eye Tracker,LipReading_BJ,10/21/2025,ZJ,Recording54,10/18/2025,10/18/2025,21:15:16.594,13:15:16.594,535262,Timeline1,Tobii I-VT (Fixation),1.241.54219,1080,1920,10.0,2.8,2.1,2.7,0.26,0.2,0.25,10,8,10,4.8,8.1,6.0,0.48,0.81,0.58,18,30,22,2627451493,,,970,711,987,677,953,745,0.0757,0.06867,-0.99476,-0.06453,0.09237,-0.99363,4.087,3.858,3.95,,,,Valid,Valid,228.0,147.2,551.8,297.2,151.7,560.5,270.0,185.3,260.8,203.8,0.5051,0.6583,0.5139,0.6271,0.4963,0.6896,Screen Recording,Screen Recording Recording54.mp4,1920,1080,0,0,960,540,Fixation,3464,1161,964,709,0.5023,0.6569,,,,,,,,,,,
494920441,512570780348,Eye Tracker,LipReading_BJ,10/21/2025,ZJ,Recording54,10/18/2025,10/18/2025,21:15:16.594,13:15:16.594,535262,Timeline1,Tobii I-VT (Fixation),1.241.54219,1080,1920,10.0,2.8,2.1,2.7,0.26,0.2,0.25,10,8,10,4.8,8.1,6.0,0.48,0.81,0.58,18,30,22,2627455492,,,965,709,980,670,950,747,0.07248,0.06535,-0.99523,-0.06589,0.09356,-0.99343,4.101,3.838,3.97,,,,Valid,Valid,228.0,147.2,551.8,297.2,151.7,560.5,268.2,183.5,260.0,204.5,0.5026,0.6563,0.5104,0.6208,0.4948,0.6919,Screen Recording,Screen Recording Recording54.mp4,1920,1080,0,0,960,540,Fixation,3464,1161,964,709,0.5023,0.6569,,,,,,,,,,,
494924441,512570784348,Eye Tracker,LipReading_BJ,10/21/2025,ZJ,Recording54,10/18/2025,10/18/2025,21:15:16.594,13:15:16.594,535262,Timeline1,Tobii I-VT (Fixation),1.241.54219,1080,1920,10.0,2.8,2.1,2.7,0.26,0.2,0.25,10,8,10,4.8,8.1,6.0,0.48,0.81,0.58,18,30,22,2627459492,,,966,721,978,704,954,739,0.07121,0.08174,-0.99411,-0.06408,0.08969,-0.99391,4.045,3.854,3.972,,,,Valid,Valid,228.0,147.2,551.8,297.2,151.7,560.4,267.5,192.6,261.0,202.3,0.503,0.668,0.5092,0.6517,0.4968,0.6844,Screen Recording,Screen Recording Recording54.mp4,1920,1080,0,0,960,540,Fixation,3464,1161,964,709,0.5023,0.6569,,,,,,,,,,,
494928436,512570788343,Eye Tracker,LipReading_BJ,10/21/2025,ZJ,Recording54,10/18/2025,10/18/2025,21:15:16.594,13:15:16.594,535262,Timeline1,Tobii I-VT (Fixation),1.241.54219,1080,1920,10.0,2.8,2.1,2.7,0.26,0.2,0.25,10,8,10,4.8,8.1,6.0,0.48,0.81,0.58,18,30,22,2627463487,,,961,709,977,675,945,742,0.07091,0.06767,-0.99518,-0.0683,0.09106,-0.9935,4.095,3.858,3.963,,,,Valid,Valid,228.0,147.2,551.8,297.1,151.7,560.5,267.3,184.8,258.6,203.1,0.5005,0.6561,0.5087,0.6251,0.4922,0.6871,Screen Recording,Screen Recording Recording54.mp4,1920,1080,0,0,960,540,Fixation,3464,1161,964,709,0.5023,0.6569,,,,,,,,,,,
494932435,512570792342,Eye Tracker,LipReading_BJ,10/21/2025,ZJ,Recording54,10/18/2025,10/18/2025,21:15:16.594,13:15:16.594,535262,Timeline1,Tobii I-VT (Fixation),1.241.54219,1080,1920,10.0,2.8,2.1,2.7,0.26,0.2,0.25,10,8,10,4.8,8.1,6.0,0.48,0.81,0.58,18,30,22,2627467486,,,963,722,976,698,951,745,0.07029,0.07903,-0.99439,-0.06527,0.09257,-0.99356,4.05,3.871,3.954,,,,Valid,Valid,228.0,147.2,551.8,297.1,151.7,560.5,267.0,191.1,260.3,203.9,0.5018,0.6682,0.5081,0.6465,0.4954,0.6899,Screen Recording,Screen Recording Recording54.mp4,1920,1080,0,0,960,540,Fixation,3464,1161,964,709,0.5023,0.6569,,,,,,,,,,,
494936436,512570796343,Eye Tracker,LipReading_BJ,10/21/2025,ZJ,Recording54,10/18/2025,10/18/2025,21:15:16.594,13:15:16.594,535262,Timeline1,Tobii I-VT (Fixation),1.241.54219,1080,1920,10.0,2.8,2.1,2.7,0.26,0.2,0.25,10,8,10,4.8,8.1,6.0,0.48,0.81,0.58,18,30,22,2627471487,,,964,708,975,680,952,735,0.06997,0.07019,-0.99508,-0.06483,0.08788,-0.99402,4.07,3.857,3.954,,,,Valid,Valid,228.0,147.2,551.8,297.1,151.7,560.5,266.8,186.2,260.6,201.2,0.5018,0.6554,0.5077,0.6299,0.4959,0.6809,Screen Recording,Screen Recording Recording54.mp4,1920,1080,0,0,960,540,Fixation,3464,1161,964,709,0.5023,0.6569,,,,,,,,,,,
494940435,512570800342,Eye Tracker,LipReading_BJ,10/21/2025,ZJ,Recording54,10/18/2025,10/18/2025,21:15:16.594,13:15:16.594,535262,Timeline1,Tobii I-VT (Fixation),1.241.54219,1080,1920,10.0,2.8,2.1,2.7,0.26,0.2,0.25,10,8,10,4.8,8.1,6.0,0.48,0.81,0.58,18,30,22,2627475486,,,962,722,972,697,953,747,0.06836,0.07834,-0.99458,-0.06442,0.09345,-0.99354,4.045,3.873,3.954,,,,Valid,Valid,228.0,147.2,551.8,297.1,151.7,560.5,265.9,190.7,260.8,204.4,0.5012,0.6684,0.5061,0.6452,0.4963,0.6916,Screen Recording,Screen Recording Recording54.mp4,1920,1080,0,0,960,540,Fixation,3464,1161,964,709,0.5023,0.6569,,,,,,,,,,,
494944435,512570804342,Eye Tracker,LipReading_BJ,10/21/2025,ZJ,Recording54,10/18/2025,10/18/2025,21:15:16.594,13:15:16.594,535262,Timeline1,Tobii I-VT (Fixation),1.241.54219,1080,1920,10.0,2.8,2.1,2.7,0.26,0.2,0.25,10,8,10,4.8,8.1,6.0,0.48,0.81,0.58,18,30,22,2627479486,,,963,730,977,710,948,750,0.07099,0.08474,-0.99387,-0.06657,0.09506,-0.99324,4.029,3.845,3.95,,,,Valid,Valid,228.0,147.2,551.8,297.1,151.7,560.4,267.4,194.3,259.6,205.3,0.5014,0.676,0.5089,0.6573,0.494,0.6947,Screen Recording,Screen Recording Recording54.mp4,1920,1080,0,0,960,540,Fixation,3464,1161,964,709,0.5023,0.6569,,,,,,,,,,,
494948436,512570808343,Eye Tracker,LipReading_BJ,10/21/2025,ZJ,Recording54,10/18/2025,10/18/2025,21:15:16.594,13:15:16.594,535262,Timeline1,Tobii I-VT (Fixation),1.241.54219,1080,1920,10.0,2.8,2.1,2.7,0.26,0.2,0.25,10,8,10,4.8,8.1,6.0,0.48,0.81,0.58,18,30,22,2627483487,,,965,713,979,676,950,749,0.07227,0.06817,-0.99505,-0.0656,0.09455,-0.99336,4.051,3.821,3.947,,,,Valid,Valid,228.0,147.2,551.8,297.1,151.7,560.5,268.1,185.0,260.1,205.0,0.5026,0.6599,0.5101,0.626,0.495,0.6937,Screen Recording,Screen Recording Recording54.mp4,1920,1080,0,0,960,540,Fixation,3464,1161,964,709,0.5023,0.6569,,,,,,,,,,,
494952435,512570812342,Eye Tracker,LipReading_BJ,10/21/2025,ZJ,Recording54,10/18/2025,10/18/2025,21:15:16.594,13:15:16.594,535262,Timeline1,Tobii I-VT (Fixation),1.241.54219,1080,1920,10.0,2.8,2.1,2.7,0.26,0.2,0.25,10,8,10,4.8,8.1,6.0,0.48,0.81,0.58,18,30,22,2627487486,,,968,727,980,699,957,755,0.07237,0.07938,-0.99421,-0.06263,0.09714,-0.9933,4.053,3.849,3.95,,,,Valid,Valid,228.0,147.2,551.8,297.1,151.7,560.4,268.1,191.3,261.8,206.5,0.5043,0.6729,0.5103,0.6472,0.4982,0.6987,Screen Recording,Screen Recording Recording54.mp4,1920,1080,0,0,960,540,Fixation,3464,1161,964,709,0.5023,0.6569,,,,,,,,,,,
494956436,512570816343,Eye Tracker,LipReading_BJ,10/21/2025,ZJ,Recording54,10/18/2025,10/18/2025,21:15:16.594,13:15:16.594,535262,Timeline1,Tobii I-VT (Fixation),1.241.54219,1080,1920,10.0,2.8,2.1,2.7,0.26,0.2,0.25,10,8,10,4.8,8.1,6.0,0.48,0.81,0.58,18,30,22,2627491487,,,958,719,976,701,940,737,0.07059,0.08042,-0.99426,-0.0708,0.0885,-0.99356,4.029,3.858,3.953,,,,Valid,Valid,228.0,147.2,551.9,297.1,151.7,560.4,267.1,191.9,257.2,201.6,0.4989,0.6656,0.5084,0.6491,0.4894,0.6821,Screen Recording,Screen Recording Recording54.mp4,1920,1080,0,0,960,540,Fixation,3464,1161,964,709,0.5023,0.6569,,,,,,,,,,,
494960435,512570820342,Eye Tracker,LipReading_BJ,10/21/2025,ZJ,Recording54,10/18/2025,10/18/2025,21:15:16.594,13:15:16.594,535262,Timeline1,Tobii I-VT (Fixation),1.241.54219,1080,1920,10.0,2.8,2.1,2.7,0.26,0.2,0.25,10,8,10,4.8,8.1,6.0,0.48,0.81,0.58,18,30,22,2627495486,,,968,695,978,651,958,739,0.07142,0.05578,-0.99589,-0.06183,0.0898,-0.99404,4.116,3.855,3.955,,,,Valid,Valid,228.0,147.2,551.8,297.1,151.7,560.5,267.5,178.1,262.2,202.3,0.5041,0.6436,0.5092,0.6027,0.4991,0.6845,Screen Recording,Screen Recording Recording54.mp4,1920,1080,0,0,960,540,Fixation,3464,1161,964,709,0.5023,0.6569,,,,,,,,,,,
494964435,512570824342,Eye Tracker,LipReading_BJ,10/21/2025,ZJ,Recording54,10/18/2025,10/18/2025,21:15:16.594,13:15:16.594,535262,Timeline1,Tobii I-VT (Fixation),1.241.54219,1080,1920,10.0,2.8,2.1,2.7,0.26,0.2,0.25,10,8,10,4.8,8.1,6.0,0.48,0.81,0.58,18,30,22,2627499486,,,963,724,974,704,951,744,0.06951,0.08176,-0.99422,-0.06513,0.09217,-0.99361,4.051,3.864,3.968,,,,Valid,Valid,227.9,147.2,551.9,297.1,151.7,560.5,266.5,192.6,260.4,203.7,0.5014,0.6704,0.5072,0.6516,0.4955,0.6891,Screen Recording,Screen Recording Recording54.mp4,1920,1080,0,0,960,540,Fixation,3464,1161,964,709,0.5023,0.6569,,,,,,,,,,,
494968436,512570828343,Eye Tracker,LipReading_BJ,10/21/2025,ZJ,Recording54,10/18/2025,10/18/2025,21:15:16.594,13:15:16.594,535262,Timeline1,Tobii I-VT (Fixation),1.241.54219,1080,1920,10.0,2.8,2.1,2.7,0.26,0.2,0.25,10,8,10,4.8,8.1,6.0,0.48,0.81,0.58,18,30,22,2627503487,,,961,713,969,681,952,746,0.06732,0.07077,-0.99522,-0.06465,0.09279,-0.99358,4.096,3.866,3.972,,,,Valid,Valid,227.9,147.2,551.9,297.1,151.7,560.5,265.3,186.5,260.6,204.0,0.5004,0.6606,0.5048,0.6309,0.496,0.6903,Screen Recording,Screen Recording Recording54.mp4,1920,1080,0,0,960,540,Fixation,3464,1161,964,709,0.5023,0.6569,,,,,,,,,,,
494972435,512570832342,Eye Tracker,LipReading_BJ,10/21/2025,ZJ,Recording54,10/18/2025,10/18/2025,21:15:16.594,13:15:16.594,535262,Timeline1,Tobii I-VT (Fixation),1.241.54219,1080,1920,10.0,2.8,2.1,2.7,0.26,0.2,0.25,10,8,10,4.8,8.1,6.0,0.48,0.81,0.58,18,30,22,2627507486,,,965,717,970,685,959,750,0.06785,0.07236,-0.99507,-0.06133,0.095,-0.99359,4.079,3.849,3.972,,,,Valid,Valid,227.9,147.2,551.8,297.1,151.7,560.5,265.6,187.4,262.5,205.3,0.5025,0.6642,0.5054,0.6339,0.4996,0.6945,Screen Recording,Screen Recording Recording54.mp4,1920,1080,0,0,960,540,Fixation,3464,1161,964,709,0.5023,0.6569,,,,,,,,,,,
494976436,512570836343,Eye Tracker,LipReading_BJ,10/21/2025,ZJ,Recording54,10/18/2025,10/18/2025,21:15:16.594,13:15:16.594,535262,Timeline1,Tobii I-VT (Fixation),1.241.54219,1080,1920,10.0,2.8,2.1,2.7,0.26,0.2,0.25,10,8,10,4.8,8.1,6.0,0.48,0.81,0.58,18,30,22,2627511487,,,968,722,981,693,955,752,0.07312,0.0763,-0.9944,-0.06342,0.09585,-0.99337,4.052,3.878,3.971,,,,Valid,Valid,227.9,147.2,551.9,297.1,151.7,560.5,268.5,189.6,261.3,205.8,0.5042,0.6688,0.511,0.6414,0.4973,0.6962,Screen Recording,Screen Recording Recording54.mp4,1920,1080,0,0,960,540,Fixation,3464,1161,964,709,0.5023,0.6569,,,,,,,,,,,
494980434,512570840341,Eye Tracker,LipReading_BJ,10/21/2025,ZJ,Recording54,10/18/2025,10/18/2025,21:15:16.594,13:15:16.594,535262,Timeline1,Tobii I-VT (Fixation),1.241.54219,1080,1920,10.0,2.8,2.1,2.7,0.26,0.2,0.25,10,8,10,4.8,8.1,6.0,0.48,0.81,0.58,18,30,22,2627515486,,,964,720,977,675,951,764,0.07128,0.06785,-0.99515,-0.06507,0.10174,-0.99268,4.1,3.844,3.966,,,,Valid,Valid,227.9,147.2,551.8,297.1,151.7,560.5,267.4,184.9,260.3,209.1,0.5022,0.6665,0.509,0.6254,0.4955,0.7076,Screen Recording,Screen Recording Recording54.mp4,1920,1080,0,0,960,540,Fixation,3464,1161,964,709,0.5023,0.6569,,,,,,,,,,,
494984434,512570844341,Eye Tracker,LipReading_BJ,10/21/2025,ZJ,Recording54,10/18/2025,10/18/2025,21:15:16.594,13:15:16.594,535262,Timeline1,Tobii I-VT (Fixation),1.241.54219,1080,1920,10.0,2.8,2.1,2.7,0.26,0.2,0.25,10,8,10,4.8,8.1,6.0,0.48,0.81,0.58,18,30,22,2627519486,,,964,727,973,711,954,743,0.06925,0.08522,-0.99395,-0.06378,0.09136,-0.99377,4.011,3.863,3.967,,,,Valid,Valid,227.9,147.2,551.8,297.1,151.7,560.5,266.4,194.6,261.1,203.2,0.5019,0.6729,0.5069,0.6582,0.4969,0.6875,Screen Recording,Screen Recording Recording54.mp4,1920,1080,0,0,960,540,Fixation,3464,1161,964,709,0.5023,0.6569,,,,,,,,,,,
494988435,512570848342,Eye Tracker,LipReading_BJ,10/21/2025,ZJ,Recording54,10/18/2025,10/18/2025,21:15:16.594,13:15:16.594,535262,Timeline1,Tobii I-VT (Fixation),1.241.54219,1080,1920,10.0,2.8,2.1,2.7,0.26,0.2,0.25,10,8,10,4.8,8.1,6.0,0.48,0.81,0.58,18,30,22,2627523487,,,966,715,978,682,953,747,0.07159,0.07104,-0.9949,-0.06419,0.09356,-0.99354,4.07,3.864,3.966,,,,Valid,Valid,227.9,147.3,551.8,297.1,151.7,560.5,267.6,186.7,260.9,204.5,0.5029,0.6617,0.5093,0.6315,0.4965,0.6918,Screen Recording,Screen Recording Recording54.mp4,1920,1080,0,0,960,540,Fixation,3464,1161,964,709,0.5023,0.6569,,,,,,,,,,,
494992434,512570852341,Eye Tracker,LipReading_BJ,10/21/2025,ZJ,Recording54,10/18/2025,10/18/2025,21:15:16.594,13:15:16.594,535262,Timeline1,Tobii I-VT (Fixation),1.241.54219,1080,1920,10.0,2.8,2.1,2.7,0.26,0.2,0.25,10,8,10,4.8,8.1,6.0,0.48,0.81,0.58,18,30,22,2627527486,,,965,708,980,657,950,760,0.07286,0.05852,-0.99562,-0.06556,0.09981,-0.99284,4.131,3.879,3.964,,,,Valid,Valid,227.9,147.3,551.8,297.1,151.7,560.5,268.3,179.7,260.1,208.0,0.5028,0.6559,0.5106,0.608,0.4949,0.7039,Screen Recording,Screen Recording Recording54.mp4,1920,1080,0,0,960,540,Fixation,3464,1161,964,709,0.5023,0.6569,,,,,,,,,,,
494996435,512570856342,Eye Tracker,LipReading_BJ,10/21/2025,ZJ,Recording54,10/18/2025,10/18/2025,21:15:16.594,13:15:16.594,535262,Timeline1,Tobii I-VT (Fixation),1.241.54219,1080,1920,10.0,2.8,2.1,2.7,0.26,0.2,0.25,10,8,10,4.8,8.1,6.0,0.48,0.81,0.58,18,30,22,2627531487,,,962,722,973,697,952,747,0.06909,0.07829,-0.99453,-0.06487,0.09359,-0.9935,4.054,3.855,3.967,,,,Valid,Valid,227.9,147.3,551.8,297.1,151.7,560.5,266.2,190.7,260.5,204.5,0.5012,0.6685,0.5067,0.6452,0.4957,0.6919,Screen Recording,Screen Recording Recording54.mp4,1920,1080,0,0,960,540,Fixation,3464,1161,964,709,0.5023,0.6569,,,,,,,,,,,
495000434,512570860341,Eye Tracker,LipReading_BJ,10/21/2025,ZJ,Recording54,10/18/2025,10/18/2025,21:15:16.594,13:15:16.594,535262,Timeline1,Tobii I-VT (Fixation),1.241.54219,1080,1920,10.0,2.8,2.1,2.7,0.26,0.2,0.25,10,8,10,4.8,8.1,6.0,0.48,0.81,0.58,18,30,22,2627535486,,,960,714,969,681,951,746,0.06708,0.07062,-0.99525,-0.06498,0.09323,-0.99352,4.064,3.887,3.959,,,,Valid,Valid,227.9,147.3,551.8,297.0,151.7,560.5,265.1,186.4,260.4,204.3,0.5,0.661,0.5045,0.6307,0.4956,0.6912,Screen Recording,Screen Recording Recording54.mp4,1920,1080,0,0,960,540,Fixation,3464,1161,964,709,0.5023,0.6569,,,,,,,,,,,
495004434,512570864341,Eye Tracker,LipReading_BJ,10/21/2025,ZJ,Recording54,10/18/2025,10/18/2025,21:15:16.594,13:15:16.594,535262,Timeline1,Tobii I-VT (Fixation),1.241.54219,1080,1920,10.0,2.8,2.1,2.7,0.26,0.2,0.25,10,8,10,4.8,8.1,6.0,0.48,0.81,0.58,18,30,22,2627539486,,,969,715,983,681,955,749,0.07419,0.07026,-0.99477,-0.06337,0.09464,-0.99349,4.092,3.852,3.959,,,,Valid,Valid,227.9,147.3,551.8,297.0,151.7,560.5,269.0,186.2,261.3,205.1,0.5047,0.662,0.512,0.6301,0.4973,0.6939,Screen Recording,Screen Recording Recording54.mp4,1920,1080,0,0,960,540,Fixation,3464,1161,964,709,0.5023,0.6569,,,,,,,,,,,
495008435,512570868342,Eye Tracker,LipReading_BJ,10/21/2025,ZJ,Recording54,10/18/2025,10/18/2025,21:15:16.594,13:15:16.594,535262,Timeline1,Tobii I-VT (Fixation),1.241.54219,1080,1920,10.0,2.8,2.1,2.7,0.26,0.2,0.25,10,8,10,4.8,8.1,6.0,0.48,0.81,0.58,18,30,22,2627543487,,,963,718,972,694,954,743,0.06865,0.07665,-0.99469,-0.06389,0.09165,-0.99374,4.063,3.842,3.963,,,,Valid,Valid,227.9,147.3,551.8,297.0,151.7,560.5,266.0,189.8,261.0,203.4,0.5014,0.6651,0.5062,0.6421,0.4967,0.6881,Screen Recording,Screen Recording Recording54.mp4,1920,1080,0,0,960,540,Fixation,3464,1161,964,709,0.5023,0.6569,,,,,,,,,,,
495012434,512570872341,Eye Tracker,LipReading_BJ,10/21/2025,ZJ,Recording54,10/18/2025,10/18/2025,21:15:16.594,13:15:16.594,535262,Timeline1,Tobii I-VT (Fixation),1.241.54219,1080,1920,10.0,2.8,2.1,2.7,0.26,0.2,0.25,10,8,10,4.8,8.1,6.0,0.48,0.81,0.58,18,30,22,2627547486,,,961,726,972,709,949,744,0.06882,0.0841,-0.99408,-0.06616,0.09215,-0.99355,4.021,3.876,3.974,,,,Valid,Valid,227.9,147.3,551.8,297.0,151.7,560.5,266.1,194.0,259.7,203.7,0.5003,0.6727,0.5064,0.6562,0.4943,0.6891,Screen Recording,Screen Recording Recording54.mp4,1920,1080,0,0,960,540,Fixation,3464,1161,964,709,0.5023,0.6569,,,,,,,,,,,
495016435,512570876342,Eye Tracker,LipReading_BJ,10/21/2025,ZJ,Recording54,10/18/2025,10/18/2025,21:15:16.594,13:15:16.594,535262,Timeline1,Tobii I-VT (Fixation),1.241.54219,1080,1920,10.0,2.8,2.1,2.7,0.26,0.2,0.25,10,8,10,4.8,8.1,6.0,0.48,0.81,0.58,18,30,22,2627551487,,,958,717,975,679,941,755,0.07008,0.06931,-0.99513,-0.0701,0.09712,-0.9928,4.1,3.863,3.976,,,,Valid,Valid,227.9,147.3,551.8,297.0,151.7,560.5,266.7,185.7,257.5,206.5,0.4988,0.6635,0.5076,0.6283,0.49,0.6987,Screen Recording,Screen Recording Recording54.mp4,1920,1080,0,0,960,540,Fixation,3464,1161,964,709,0.5023,0.6569,,,,,,,,,,,
495020434,512570880341,Eye Tracker,LipReading_BJ,10/21/2025,ZJ,Recording54,10/18/2025,10/18/2025,21:15:16.594,13:15:16.594,535262,Timeline1,Tobii I-VT (Fixation),1.241.54219,1080,1920,10.0,2.8,2.1,2.7,0.26,0.2,0.25,10,8,10,4.8,8.1,6.0,0.48,0.81,0.58,18,30,22,2627555486,,,963,710,976,664,949,755,0.07072,0.06234,-0.99555,-0.06588,0.09737,-0.99307,4.086,3.866,3.977,,,,Valid,Valid,227.9,147.3,551.8,297.0,151.7,560.5,267.1,181.8,259.8,206.7,0.5014,0.6572,0.5082,0.6152,0.4945,0.6992,Screen Recording,Screen Recording Recording54.mp4,1920,1080,0,0,960,540,Fixation,3464,1161,964,709,0.5023,0.6569,,,,,,,,,,,
495024434,512570884341,Eye Tracker,LipReading_BJ,10/21/2025,ZJ,Recording54,10/18/2025,10/18/2025,21:15:16.594,13:15:16.594,535262,Timeline1,Tobii I-VT (Fixation),1.241.54219,1080,1920,10.0,2.8,2.1,2.7,0.26,0.2,0.25,10,8,10,4.8,8.1,6.0,0.48,0.81,0.58,18,30,22,2627559486,,,968,712,979,687,957,738,0.07231,0.07329,-0.99469,-0.0625,0.08895,-0.99407,4.087,3.894,3.981,,,,Valid,Valid,227.9,147.3,551.8,297.0,151.7,560.5,268.0,187.9,261.8,201.8,0.5041,0.6594,0.51,0.6359,0.4982,0.6829,Screen Recording,Screen Recording Recording54.mp4,1920,1080,0,0,960,540,Fixation,3464,1161,964,709,0.5023,0.6569,,,,,,,,,,,
495028435,512570888342,Eye Tracker,LipReading_BJ,10/21/2025,ZJ,Recording54,10/18/2025,10/18/2025,21:15:16.594,13:15:16.594,535262,Timeline1,Tobii I-VT (Fixation),1.241.54219,1080,1920,10.0,2.8,2.1,2.7,0.26,0.2,0.25,10,8,10,4.8,8.1,6.0,0.48,0.81,0.58,18,30,22,2627563487,,,960,715,980,677,940,753,0.07254,0.06826,-0.99503,-0.0703,0.09637,-0.99286,4.1,3.839,3.977,,,,Valid,Valid,227.8,147.3,551.8,297.0,151.7,560.5,268.1,185.1,257.3,206.1,0.5,0.6619,0.5102,0.6264,0.4897,0.6973,Screen Recording,Screen Recording Recording54.mp4,1920,1080,0,0,960,540,Fixation,3464,1161,964,709,0.5023,0.6569,,,,,,,,,,,
495032434,512570892341,Eye Tracker,LipReading_BJ,10/21/2025,ZJ,Recording54,10/18/2025,10/18/2025,21:15:16.594,13:15:16.594,535262,Timeline1,Tobii I-VT (Fixation),1.241.54219,1080,1920,10.0,2.8,2.1,2.7,0.26,0.2,0.25,10,8,10,4.8,8.1,6.0,0.48,0.81,0.58,18,30,22,2627567486,,,961,712,981,684,942,740,0.07335,0.07175,-0.99472,-0.06964,0.09018,-0.99349,4.106,3.844,3.982,,,,Valid,Valid,227.8,147.3,551.8,297.0,151.7,560.5,268.5,187.1,257.7,202.6,0.5008,0.6592,0.5111,0.633,0.4905,0.6854,Screen Recording,Screen Recording Recording54.mp4,1920,1080,0,0,960,540,Fixation,3464,1161,964,709,0.5023,0.6569,,,,,,,,,,,
495036435,512570896342,Eye Tracker,LipReading_BJ,10/21/2025,ZJ,Recording54,10/18/2025,10/18/2025,21:15:16.594,13:15:16.594,535262,Timeline1,Tobii I-VT (Fixation),1.241.54219,1080,1920,10.0,2.8,2.1,2.7,0.26,0.2,0.25,10,8,10,4.8,8.1,6.0,0.48,0.81,0.58,18,30,22,2627571487,,,964,721,981,698,947,744,0.0731,0.07891,-0.9942,-0.06731,0.09213,-0.99347,4.047,3.877,3.976,,,,Valid,Valid,227.8,147.3,551.8,297.0,151.7,560.5,268.4,191.1,259.0,203.7,0.5019,0.6678,0.5108,0.6465,0.493,0.6891,Screen Recording,Screen Recording Recording54.mp4,1920,1080,0,0,960,540,Fixation,3464,1161,964,709,0.5023,0.6569,,,,,,,,,,,
495040434,512570900341,Eye Tracker,LipReading_BJ,10/21/2025,ZJ,Recording54,10/18/2025,10/18/2025,21:15:16.594,13:15:16.594,535262,Timeline1,Tobii I-VT (Fixation),1.241.54219,1080,1920,10.0,2.8,2.1,2.7,0.26,0.2,0.25,10,8,10,4.8,8.1,6.0,0.48,0.81,0.58,18,30,22,2627575486,,,964,712,981,697,947,727,0.07309,0.07833,-0.99424,-0.06698,0.0836,-0.99425,4.074,3.939,3.976,,,,Valid,Valid,227.8,147.3,551.9,297.0,151.7,560.5,268.4,190.8,259.3,198.8,0.5021,0.6591,0.5108,0.6454,0.4934,0.6727,Screen Recording,Screen Recording Recording54.mp4,1920,1080,0,0,960,540,Fixation,3464,1161,964,709,0.5023,0.6569,,,,,,,,,,,
495044434,512570904341,Eye Tracker,LipReading_BJ,10/21/2025,ZJ,Recording54,10/18/2025,10/18/2025,21:15:16.594,13:15:16.594,535262,Timeline1,Tobii I-VT (Fixation),1.241.54219,1080,1920,10.0,2.8,2.1,2.7,0.26,0.2,0.25,10,8,10,4.8,8.1,6.0,0.48,0.81,0.58,18,30,22,2627579486,,,965,718,979,690,950,746,0.07215,0.07477,-0.99459,-0.0654,0.0931,-0.99351,4.065,3.878,3.976,,,,Valid,Valid,227.8,147.3,551.9,297.0,151.7,560.5,267.9,188.8,260.1,204.2,0.5024,0.6648,0.5098,0.6387,0.495,0.691,Screen Recording,Screen Recording Recording54.mp4,1920,1080,0,0,960,540,Fixation,3464,1161,964,709,0.5023,0.6569,,,,,,,,,,,
495048435,512570908342,Eye Tracker,LipReading_BJ,10/21/2025,ZJ,Recording54,10/18/2025,10/18/2025,21:15:16.594,13:15:16.594,535262,Timeline1,Tobii I-VT (Fixation),1.241.54219,1080,1920,10.0,2.8,2.1,2.7,0.26,0.2,0.25,10,8,10,4.8,8.1,6.0,0.48,0.81,0.58,18,30,22,2627583487,,,962,715,979,683,946,747,0.07231,0.07135,-0.99483,-0.06767,0.09337,-0.99333,4.095,3.868,3.989,,,,Valid,Valid,227.8,147.3,551.9,297.0,151.7,560.5,267.9,186.9,258.8,204.4,0.5013,0.6619,0.5099,0.6322,0.4926,0.6915,Screen Recording,Screen Recording Recording54.mp4,1920,1080,0,0,960,540,Fixation,3464,1161,964,709,0.5023,0.6569,,,,,,,,,,,
495052434,512570912341,Eye Tracker,LipReading_BJ,10/21/2025,ZJ,Recording54,10/18/2025,10/18/2025,21:15:16.594,13:15:16.594,535262,Timeline1,Tobii I-VT (Fixation),1.241.54219,1080,1920,10.0,2.8,2.1,2.7,0.26,0.2,0.25,10,8,10,4.8,8.1,6.0,0.48,0.81,0.58,18,30,22,2627587486,,,962,705,975,671,949,738,0.07024,0.06562,-0.99537,-0.0661,0.08915,-0.99382,4.106,3.888,3.99,,,,Valid,Valid,227.8,147.3,551.8,297.0,151.7,560.5,266.8,183.7,259.7,202.0,0.501,0.6524,0.5077,0.6214,0.4943,0.6834,Screen Recording,Screen Recording Recording54.mp4,1920,1080,0,0,960,540,Fixation,3464,1161,964,709,0.5023,0.6569,,,,,,,,,,,
495056435,512570916342,Eye Tracker,LipReading_BJ,10/21/2025,ZJ,Recording54,10/18/2025,10/18/2025,21:15:16.594,13:15:16.594,535262,Timeline1,Tobii I-VT (Fixation),1.241.54219,1080,1920,10.0,2.8,2.1,2.7,0.26,0.2,0.25,10,8,10,4.8,8.1,6.0,0.48,0.81,0.58,18,30,22,2627591487,,,966,716,976,677,957,755,0.07097,0.06834,-0.99514,-0.06239,0.09711,-0.99332,4.09,3.898,3.996,,,,Valid,Valid,227.8,147.3,551.8,297.0,151.7,560.5,267.2,185.2,261.8,206.5,0.5034,0.6626,0.5085,0.6266,0.4983,0.6987,Screen Recording,Screen Recording Recording54.mp4,1920,1080,0,0,960,540,Fixation,3464,1161,964,709,0.5023,0.6569,,,,,,,,,,,
495060437,512570920344,Eye Tracker,LipReading_BJ,10/21/2025,ZJ,Recording54,10/18/2025,10/18/2025,21:15:16.594,13:15:16.594,535262,Timeline1,Tobii I-VT (Fixation),1.241.54219,1080,1920,10.0,2.8,2.1,2.7,0.26,0.2,0.25,10,8,10,4.8,8.1,6.0,0.48,0.81,0.58,18,30,22,2627595489,,,968,710,984,665,952,755,0.07501,0.06274,-0.99521,-0.06484,0.09731,-0.99314,4.127,3.885,3.996,,,,Valid,Valid,227.8,147.3,551.8,297.0,151.7,560.5,269.4,182.1,260.4,206.6,0.5042,0.6576,0.5128,0.6161,0.4956,0.6991,Screen Recording,Screen Recording Recording54.mp4,1920,1080,0,0,960,540,Fixation,3464,1161,964,709,0.5023,0.6569,,,,,,,,,,,
495064437,512570924344,Eye Tracker,LipReading_BJ,10/21/2025,ZJ,Recording54,10/18/2025,10/18/2025,21:15:16.594,13:15:16.594,535262,Timeline1,Tobii I-VT (Fixation),1.241.54219,1080,1920,10.0,2.8,2.1,2.7,0.26,0.2,0.25,10,8,10,4.8,8.1,6.0,0.48,0.81,0.58,18,30,22,2627599489,,,962,709,980,668,943,750,0.07264,0.06425,-0.99529,-0.06884,0.09488,-0.99311,4.13,3.887,3.996,,,,Valid,Valid,227.8,147.3,551.9,297.0,151.7,560.5,268.1,182.9,258.2,205.3,0.5008,0.6567,0.5102,0.6189,0.4913,0.6945,Screen Recording,Screen Recording Recording54.mp4,1920,1080,0,0,960,540,Fixation,3464,1161,964,709,0.5023,0.6569,,,,,,,,,,,
495068438,512570928345,Eye Tracker,LipReading_BJ,10/21/2025,ZJ,Recording54,10/18/2025,10/18/2025,21:15:16.594,13:15:16.594,535262,Timeline1,Tobii I-VT (Fixation),1.241.54219,1080,1920,10.0,2.8,2.1,2.7,0.26,0.2,0.25,10,8,10,4.8,8.1,6.0,0.48,0.81,0.58,18,30,22,2627603490,,,961,720,972,688,949,752,0.06896,0.07382,-0.99489,-0.06596,0.09601,-0.99319,4.085,3.887,3.996,,,,Valid,Valid,227.8,147.3,551.8,297.0,151.7,560.5,266.1,188.2,259.8,205.9,0.5004,0.6668,0.5064,0.6369,0.4944,0.6966,Screen Recording,Screen Recording Recording54.mp4,1920,1080,0,0,960,540,Fixation,3464,1161,964,709,0.5023,0.6569,,,,,,,,,,,
495072437,512570932344,Eye Tracker,LipReading_BJ,10/21/2025,ZJ,Recording54,10/18/2025,10/18/2025,21:15:16.594,13:15:16.594,535262,Timeline1,Tobii I-VT (Fixation),1.241.54219,1080,1920,10.0,2.8,2.1,2.7,0.26,0.2,0.25,10,8,10,4.8,8.1,6.0,0.48,0.81,0.58,18,30,22,2627607489,,,961,714,974,677,947,751,0.07003,0.06834,-0.9952,-0.06701,0.09534,-0.99319,4.104,3.863,3.996,,,,Valid,Valid,227.8,147.3,551.9,297.0,151.7,560.4,266.7,185.2,259.2,205.5,0.5004,0.661,0.5075,0.6265,0.4933,0.6954,Screen Recording,Screen Recording Recording54.mp4,1920,1080,0,0,960,540,Fixation,3464,1161,964,709,0.5023,0.6569,,,,,,,,,,,
495076438,512570936345,Eye Tracker,LipReading_BJ,10/21/2025,ZJ,Recording54,10/18/2025,10/18/2025,21:15:16.594,13:15:16.594,535262,Timeline1,Tobii I-VT (Fixation),1.241.54219,1080,1920,10.0,2.8,2.1,2.7,0.26,0.2,0.25,10,8,10,4.8,8.1,6.0,0.48,0.81,0.58,18,30,22,2627611490,,,967,698,977,670,957,726,0.07119,0.06484,-0.99535,-0.06231,0.08354,-0.99455,4.104,3.944,4.003,,,,Valid,Valid,227.8,147.3,551.8,297.0,151.7,560.4,267.3,183.2,261.9,198.8,0.5036,0.6463,0.5087,0.62,0.4984,0.6727,Screen Recording,Screen Recording Recording54.mp4,1920,1080,0,0,960,540,Fixation,3464,1161,964,709,0.5023,0.6569,,,,,,,,,,,
495080437,512570940344,Eye Tracker,LipReading_BJ,10/21/2025,ZJ,Recording54,10/18/2025,10/18/2025,21:15:16.594,13:15:16.594,535262,Timeline1,Tobii I-VT (Fixation),1.241.54219,1080,1920,10.0,2.8,2.1,2.7,0.26,0.2,0.25,10,8,10,4.8,8.1,6.0,0.48,0.81,0.58,18,30,22,2627615489,,,965,722,977,701,953,742,0.07141,0.08044,-0.9942,-0.0641,0.09108,-0.99378,4.055,3.907,4.005,,,,Valid,Valid,227.8,147.3,551.8,297.0,151.7,560.4,267.5,191.9,260.9,203.1,0.5028,0.6683,0.509,0.6494,0.4965,0.6872,Screen Recording,Screen Recording Recording54.mp4,1920,1080,0,0,960,540,Fixation,3464,1161,964,709,0.5023,0.6569,,,,,,,,,,,
495084437,512570944344,Eye Tracker,LipReading_BJ,10/21/2025,ZJ,Recording54,10/18/2025,10/18/2025,21:15:16.594,13:15:16.594,535262,Timeline1,Tobii I-VT (Fixation),1.241.54219,1080,1920,10.0,2.8,2.1,2.7,0.26,0.2,0.25,10,8,10,4.8,8.1,6.0,0.48,0.81,0.58,18,30,22,2627619489,,,958,702,978,678,938,725,0.07156,0.0692,-0.99503,-0.0716,0.08288,-0.99398,4.099,3.916,4.003,,,,Valid,Valid,227.8,147.3,551.8,297.0,151.7,560.4,267.5,185.7,256.6,198.5,0.4988,0.6498,0.5091,0.6281,0.4884,0.6715,Screen Recording,Screen Recording Recording54.mp4,1920,1080,0,0,960,540,Fixation,3464,1161,964,709,0.5023,0.6569,,,,,,,,,,,
495088437,512570948344,Eye Tracker,LipReading_BJ,10/21/2025,ZJ,Recording54,10/18/2025,10/18/2025,21:15:16.594,13:15:16.594,535262,Timeline1,Tobii I-VT (Fixation),1.241.54219,1080,1920,10.0,2.8,2.1,2.7,0.26,0.2,0.25,10,8,10,4.8,8.1,6.0,0.48,0.81,0.58,18,30,22,2627623490,,,961,710,974,671,947,749,0.07005,0.0658,-0.99537,-0.06701,0.09418,-0.9933,4.136,3.866,3.984,,,,Valid,Valid,227.8,147.3,551.8,297.0,151.7,560.4,266.7,183.8,259.2,204.9,0.5004,0.6575,0.5075,0.6217,0.4933,0.6932,Screen Recording,Screen Recording Recording54.mp4,1920,1080,0,0,960,540,Fixation,3464,1161,964,709,0.5023,0.6569,,,,,,,,,,,
495092436,512570952343,Eye Tracker,LipReading_BJ,10/21/2025,ZJ,Recording54,10/18/2025,10/18/2025,21:15:16.594,13:15:16.594,535262,Timeline1,Tobii I-VT (Fixation),1.241.54219,1080,1920,10.0,2.8,2.1,2.7,0.26,0.2,0.25,10,8,10,4.8,8.1,6.0,0.48,0.81,0.58,18,30,22,2627627489,,,960,717,970,681,950,754,0.06774,0.07054,-0.99521,-0.06587,0.09655,-0.99315,4.09,3.874,3.986,,,,Valid,Valid,227.8,147.3,551.8,297.0,151.8,560.4,265.4,186.4,259.9,206.2,0.4998,0.6642,0.5051,0.6306,0.4945,0.6978,Screen Recording,Screen Recording Recording54.mp4,1920,1080,0,0,960,540,Fixation,3464,1161,964,709,0.5023,0.6569,,,,,,,,,,,
495096437,512570956344,Eye Tracker,LipReading_BJ,10/21/2025,ZJ,Recording54,10/18/2025,10/18/2025,21:15:16.594,13:15:16.594,535262,Timeline1,Tobii I-VT (Fixation),1.241.54219,1080,1920,10.0,2.8,2.1,2.7,0.26,0.2,0.25,10,8,10,4.8,8.1,6.0,0.48,0.81,0.58,18,30,22,2627631490,,,963,720,974,681,953,758,0.06959,0.07057,-0.99508,-0.06438,0.09869,-0.99303,4.091,3.876,3.983,,,,Valid,Valid,227.8,147.3,551.8,297.0,151.7,560.4,266.4,186.4,260.7,207.4,0.5016,0.6663,0.507,0.6307,0.4961,0.7019,Screen Recording,Screen Recording Recording54.mp4,1920,1080,0,0,960,540,Fixation,3464,1161,964,709,0.5023,0.6569,,,,,,,,,,,
495100436,512570960343,Eye Tracker,LipReading_BJ,10/21/2025,ZJ,Recording54,10/18/2025,10/18/2025,21:15:16.594,13:15:16.594,535262,Timeline1,Tobii I-VT (Fixation),1.241.54219,1080,1920,10.0,2.8,2.1,2.7,0.26,0.2,0.25,10,8,10,4.8,8.1,6.0,0.48,0.81,0.58,18,30,22,2627635489,,,959,705,969,687,949,723,0.06749,0.07356,-0.995,-0.06641,0.08177,-0.99444,4.095,3.895,3.984,,,,Valid,Valid,227.8,147.3,551.7,297.0,151.7,560.4,265.3,188.1,259.6,197.8,0.4994,0.6528,0.5048,0.6363,0.4941,0.6693,Screen Recording,Screen Recording Recording54.mp4,1920,1080,0,0,960,540,Fixation,3464,1161,964,709,0.5023,0.6569,,,,,,,,,,,
495104436,512570964343,Eye Tracker,LipReading_BJ,10/21/2025,ZJ,Recording54,10/18/2025,10/18/2025,21:15:16.594,13:15:16.594,535262,Timeline1,Tobii I-VT (Fixation),1.241.54219,1080,1920,10.0,2.8,2.1,2.7,0.26,0.2,0.25,10,8,10,4.8,8.1,6.0,0.48,0.81,0.58,18,30,22,2627639489,,,970,720,981,675,959,765,0.07326,0.06739,-0.99503,-0.06142,0.10212,-0.99287,4.09,3.839,3.993,,,,Valid,Valid,227.8,147.3,551.7,297.0,151.8,560.4,268.5,184.6,262.4,209.4,0.5051,0.6666,0.5109,0.6247,0.4993,0.7084,Screen Recording,Screen Recording Recording54.mp4,1920,1080,0,0,960,540,Fixation,3464,1161,964,709,0.5023,0.6569,,,,,,,,,,,
495108437,512570968344,Eye Tracker,LipReading_BJ,10/21/2025,ZJ,Recording54,10/18/2025,10/18/2025,21:15:16.594,13:15:16.594,535262,Timeline1,Tobii I-VT (Fixation),1.241.54219,1080,1920,10.0,2.8,2.1,2.7,0.26,0.2,0.25,10,8,10,4.8,8.1,6.0,0.48,0.81,0.58,18,30,22,2627643490,,,964,712,980,663,947,761,0.07277,0.06177,-0.99543,-0.067,0.0999,-0.99274,4.138,3.913,4.004,,,,Valid,Valid,227.8,147.3,551.7,297.0,151.8,560.4,268.2,181.5,259.2,208.1,0.5018,0.6592,0.5104,0.6141,0.4933,0.7042,Screen Recording,Screen Recording Recording54.mp4,1920,1080,0,0,960,540,Fixation,3464,1161,964,709,0.5023,0.6569,,,,,,,,,,,
495112436,512570972343,Eye Tracker,LipReading_BJ,10/21/2025,ZJ,Recording54,10/18/2025,10/18/2025,21:15:16.594,13:15:16.594,535262,Timeline1,Tobii I-VT (Fixation),1.241.54219,1080,1920,10.0,2.8,2.1,2.7,0.26,0.2,0.25,10,8,10,4.8,8.1,6.0,0.48,0.81,0.58,18,30,22,2627647489,,,970,728,981,711,959,744,0.07306,0.08522,-0.99368,-0.0611,0.09217,-0.99387,4.057,3.931,4.006,,,,Valid,Valid,227.8,147.3,551.7,297.0,151.7,560.4,268.4,194.6,262.6,203.7,0.5053,0.6738,0.5108,0.6584,0.4997,0.6893,Screen Recording,Screen Recording Recording54.mp4,1920,1080,0,0,960,540,Fixation,3464,1161,964,709,0.5023,0.6569,,,,,,,,,,,
495116437,512570976344,Eye Tracker,LipReading_BJ,10/21/2025,ZJ,Recording54,10/18/2025,10/18/2025,21:15:16.594,13:15:16.594,535262,Timeline1,Tobii I-VT (Fixation),1.241.54219,1080,1920,10.0,2.8,2.1,2.7,0.26,0.2,0.25,10,8,10,4.8,8.1,6.0,0.48,0.81,0.58,18,30,22,2627651490,,,961,703,971,658,951,748,0.06838,0.05912,-0.99591,-0.06526,0.09386,-0.99344,4.14,3.913,4.025,,,,Valid,Valid,227.8,147.3,551.7,297.0,151.8,560.3,265.7,180.0,260.2,204.7,0.5005,0.6509,0.5057,0.6091,0.4952,0.6926,Screen Recording,Screen Recording Recording54.mp4,1920,1080,0,0,960,540,Fixation,3464,1161,964,709,0.5023,0.6569,,,,,,,,,,,
495120436,512570980343,Eye Tracker,LipReading_BJ,10/21/2025,ZJ,Recording54,10/18/2025,10/18/2025,21:15:16.594,13:15:16.594,535262,Timeline1,Tobii I-VT (Fixation),1.241.54219,1080,1920,10.0,2.8,2.1,2.7,0.26,0.2,0.25,10,8,10,4.8,8.1,6.0,0.48,0.81,0.58,18,30,22,2627655489,,,965,707,976,669,953,746,0.07099,0.06448,-0.99539,-0.06402,0.093,-0.99361,4.1,3.906,4.018,,,,Valid,Valid,227.8,147.3,551.7,297.0,151.8,560.3,267.2,183.0,260.9,204.2,0.5025,0.6551,0.5085,0.6192,0.4966,0.6909,Screen Recording,Screen Recording Recording54.mp4,1920,1080,0,0,960,540,Fixation,3464,1161,964,709,0.5023,0.6569,,,,,,,,,,,
495124436,512570984343,Eye Tracker,LipReading_BJ,10/21/2025,ZJ,Recording54,10/18/2025,10/18/2025,21:15:16.594,13:15:16.594,535262,Timeline1,Tobii I-VT (Fixation),1.241.54219,1080,1920,10.0,2.8,2.1,2.7,0.26,0.2,0.25,10,8,10,4.8,8.1,6.0,0.48,0.81,0.58,18,30,22,2627659489,,,969,716,986,678,952,754,0.07574,0.06893,-0.99474,-0.06468,0.09668,-0.99321,4.152,3.909,4.02,,,,Valid,Valid,227.8,147.3,551.7,297.0,151.8,560.3,269.9,185.5,260.5,206.3,0.5047,0.6628,0.5136,0.6277,0.4958,0.698,Screen Recording,Screen Recording Recording54.mp4,1920,1080,0,0,960,540,Fixation,3464,1161,964,709,0.5023,0.6569,,,,,,,,,,,
495128437,512570988344,Eye Tracker,LipReading_BJ,10/21/2025,ZJ,Recording54,10/18/2025,10/18/2025,21:15:16.594,13:15:16.594,535262,Timeline1,Tobii I-VT (Fixation),1.241.54219,1080,1920,10.0,2.8,2.1,2.7,0.26,0.2,0.25,10,8,10,4.8,8.1,6.0,0.48,0.81,0.58,18,30,22,2627663490,,,960,723,973,681,947,766,0.06945,0.07028,-0.99511,-0.06727,0.1025,-0.99246,4.126,3.876,4.018,,,,Valid,Valid,227.8,147.3,551.7,297.0,151.8,560.3,266.4,186.3,259.0,209.6,0.5,0.6697,0.5069,0.6302,0.493,0.7093,Screen Recording,Screen Recording Recording54.mp4,1920,1080,0,0,960,540,Fixation,3464,1161,964,709,0.5023,0.6569,,,,,,,,,,,
495132436,512570992343,Eye Tracker,LipReading_BJ,10/21/2025,ZJ,Recording54,10/18/2025,10/18/2025,21:15:16.594,13:15:16.594,535262,Timeline1,Tobii I-VT (Fixation),1.241.54219,1080,1920,10.0,2.8,2.1,2.7,0.26,0.2,0.25,10,8,10,4.8,8.1,6.0,0.48,0.81,0.58,18,30,22,2627667489,,,970,710,982,682,958,738,0.07362,0.07105,-0.99475,-0.06188,0.08884,-0.99412,4.131,3.914,4.021,,,,Valid,Valid,227.8,147.3,551.7,297.0,151.8,560.3,268.7,186.7,262.2,201.8,0.5051,0.6573,0.5113,0.6317,0.4989,0.6829,Screen Recording,Screen Recording Recording54.mp4,1920,1080,0,0,960,540,Fixation,3464,1161,964,709,0.5023,0.6569,,,,,,,,,,,
495136437,512570996344,Eye Tracker,LipReading_BJ,10/21/2025,ZJ,Recording54,10/18/2025,10/18/2025,21:15:16.594,13:15:16.594,535262,Timeline1,Tobii I-VT (Fixation),1.241.54219,1080,1920,10.0,2.8,2.1,2.7,0.26,0.2,0.25,10,8,10,4.8,8.1,6.0,0.48,0.81,0.58,18,30,22,2627671490,,,960,716,974,677,945,755,0.07002,0.06837,-0.9952,-0.06827,0.09699,-0.99294,4.136,3.876,4.022,,,,Valid,Valid,227.9,147.3,551.6,297.0,151.8,560.3,266.7,185.2,258.5,206.5,0.4997,0.6627,0.5075,0.6266,0.492,0.6987,Screen Recording,Screen Recording Recording54.mp4,1920,1080,0,0,960,540,Fixation,3464,1161,964,709,0.5023,0.6569,,,,,,,,,,,
495140436,512571000343,Eye Tracker,LipReading_BJ,10/21/2025,ZJ,Recording54,10/18/2025,10/18/2025,21:15:16.594,13:15:16.594,535262,Timeline1,Tobii I-VT (Fixation),1.241.54219,1080,1920,10.0,2.8,2.1,2.7,0.26,0.2,0.25,10,8,10,4.8,8.1,6.0,0.48,0.81,0.58,18,30,22,2627675489,,,970,714,979,690,961,738,0.07222,0.07492,-0.99457,-0.06052,0.08893,-0.9942,4.132,3.928,4.023,,,,Valid,Valid,227.9,147.3,551.6,297.0,151.8,560.3,267.9,188.9,262.9,201.9,0.5051,0.6611,0.5099,0.639,0.5004,0.6831,Screen Recording,Screen Recording Recording54.mp4,1920,1080,0,0,960,540,Fixation,3464,1161,964,709,0.5023,0.6569,,,,,,,,,,,
495144436,512571004343,Eye Tracker,LipReading_BJ,10/21/2025,ZJ,Recording54,10/18/2025,10/18/2025,21:15:16.594,13:15:16.594,535262,Timeline1,Tobii I-VT (Fixation),1.241.54219,1080,1920,10.0,2.8,2.1,2.7,0.26,0.2,0.25,10,8,10,4.8,8.1,6.0,0.48,0.81,0.58,18,30,22,2627679489,,,972,724,979,693,965,755,0.07221,0.0762,-0.99447,-0.05845,0.09736,-0.99353,4.103,3.912,4.01,,,,Valid,Valid,227.9,147.3,551.6,297.0,151.8,560.3,267.9,189.6,264.1,206.7,0.5062,0.6704,0.5099,0.6415,0.5026,0.6993,Screen Recording,Screen Recording Recording54.mp4,1920,1080,0,0,960,540,Fixation,3464,1161,964,709,0.5023,0.6569,,,,,,,,,,,
495148437,512571008344,Eye Tracker,LipReading_BJ,10/21/2025,ZJ,Recording54,10/18/2025,10/18/2025,21:15:16.594,13:15:16.594,535262,Timeline1,Tobii I-VT (Fixation),1.241.54219,1080,1920,10.0,2.8,2.1,2.7,0.26,0.2,0.25,10,8,10,4.8,8.1,6.0,0.48,0.81,0.58,18,30,22,2627683490,,,968,707,978,688,957,726,0.07161,0.07368,-0.99471,-0.06218,0.08345,-0.99457,4.102,3.96,4.01,,,,Valid,Valid,227.9,147.3,551.6,297.0,151.8,560.3,267.6,188.2,262.0,198.8,0.5039,0.6547,0.5092,0.6367,0.4986,0.6726,Screen Recording,Screen Recording Recording54.mp4,1920,1080,0,0,960,540,Fixation,3464,1161,964,709,0.5023,0.6569,,,,,,,,,,,
495152436,512571012343,Eye Tracker,LipReading_BJ,10/21/2025,ZJ,Recording54,10/18/2025,10/18/2025,21:15:16.594,13:15:16.594,535262,Timeline1,Tobii I-VT (Fixation),1.241.54219,1080,1920,10.0,2.8,2.1,2.7,0.26,0.2,0.25,10,8,10,4.8,8.1,6.0,0.48,0.81,0.58,18,30,22,2627687489,,,965,719,974,691,956,746,0.06974,0.07519,-0.99473,-0.06279,0.093,-0.99368,4.1,3.917,4.008,,,,Valid,Valid,227.9,147.3,551.6,297.0,151.8,560.3,266.5,189.0,261.6,204.2,0.5026,0.6653,0.5072,0.6396,0.4979,0.691,Screen Recording,Screen Recording Recording54.mp4,1920,1080,0,0,960,540,Fixation,3464,1161,964,709,0.5023,0.6569,,,,,,,,,,,
495156437,512571016344,Eye Tracker,LipReading_BJ,10/21/2025,ZJ,Recording54,10/18/2025,10/18/2025,21:15:16.594,13:15:16.594,535262,Timeline1,Tobii I-VT (Fixation),1.241.54219,1080,1920,10.0,2.8,2.1,2.7,0.26,0.2,0.25,10,8,10,4.8,8.1,6.0,0.48,0.81,0.58,18,30,22,2627691490,,,962,710,977,666,947,754,0.07123,0.0629,-0.99547,-0.06693,0.09686,-0.99305,4.148,3.896,4.002,,,,Valid,Valid,227.9,147.3,551.6,297.0,151.8,560.3,267.3,182.2,259.3,206.4,0.5011,0.6574,0.5088,0.6164,0.4934,0.6984,Screen Recording,Screen Recording Recording54.mp4,1920,1080,0,0,960,540,Fixation,3464,1161,964,709,0.5023,0.6569,,,,,,,,,,,
495160436,512571020343,Eye Tracker,LipReading_BJ,10/21/2025,ZJ,Recording54,10/18/2025,10/18/2025,21:15:16.594,13:15:16.594,535262,Timeline1,Tobii I-VT (Fixation),1.241.54219,1080,1920,10.0,2.8,2.1,2.7,0.26,0.2,0.25,10,8,10,4.8,8.1,6.0,0.48,0.81,0.58,18,30,22,2627695489,,,967,721,978,676,957,766,0.07169,0.06787,-0.99512,-0.06246,0.10243,-0.99278,4.132,3.874,4.014,,,,Valid,Valid,227.9,147.4,551.6,297.0,151.8,560.3,267.6,185.0,261.8,209.6,0.5037,0.6675,0.5093,0.6258,0.4982,0.7092,Screen Recording,Screen Recording Recording54.mp4,1920,1080,0,0,960,540,Fixation,3464,1161,964,709,0.5023,0.6569,,,,,,,,,,,
495164436,512571024343,Eye Tracker,LipReading_BJ,10/21/2025,ZJ,Recording54,10/18/2025,10/18/2025,21:15:16.594,13:15:16.594,535262,Timeline1,Tobii I-VT (Fixation),1.241.54219,1080,1920,10.0,2.8,2.1,2.7,0.26,0.2,0.25,10,8,10,4.8,8.1,6.0,0.48,0.81,0.58,18,30,22,2627699489,,,962,714,970,681,954,747,0.06807,0.07032,-0.9952,-0.06393,0.09342,-0.99357,4.107,3.897,4.014,,,,Valid,Valid,227.9,147.4,551.6,297.0,151.8,560.3,265.6,186.3,261.0,204.5,0.5011,0.6611,0.5054,0.6304,0.4967,0.6918,Screen Recording,Screen Recording Recording54.mp4,1920,1080,0,0,960,540,Fixation,3464,1161,964,709,0.5023,0.6569,,,,,,,,,,,
495168437,512571028344,Eye Tracker,LipReading_BJ,10/21/2025,ZJ,Recording54,10/18/2025,10/18/2025,21:15:16.594,13:15:16.594,535262,Timeline1,Tobii I-VT (Fixation),1.241.54219,1080,1920,10.0,2.8,2.1,2.7,0.26,0.2,0.25,10,8,10,4.8,8.1,6.0,0.48,0.81,0.58,18,30,22,2627703490,,,968,698,980,670,956,726,0.07273,0.06488,-0.99524,-0.06271,0.08329,-0.99455,4.141,3.93,4.014,,,,Valid,Valid,227.8,147.4,551.6,297.0,151.8,560.3,268.2,183.3,261.7,198.7,0.5042,0.6463,0.5103,0.6202,0.4981,0.6723,Screen Recording,Screen Recording Recording54.mp4,1920,1080,0,0,960,540,Fixation,3464,1161,964,709,0.5023,0.6569,,,,,,,,,,,
495172436,512571032343,Eye Tracker,LipReading_BJ,10/21/2025,ZJ,Recording54,10/18/2025,10/18/2025,21:15:16.594,13:15:16.594,535262,Timeline1,Tobii I-VT (Fixation),1.241.54219,1080,1920,10.0,2.8,2.1,2.7,0.26,0.2,0.25,10,8,10,4.8,8.1,6.0,0.48,0.81,0.58,18,30,22,2627707489,,,959,682,976,678,941,687,0.07079,0.0687,-0.99512,-0.06998,0.06425,-0.99548,4.127,3.981,4.018,,,,Valid,Valid,227.8,147.4,551.6,297.0,151.8,560.3,267.1,185.4,257.6,188.0,0.4993,0.6317,0.5083,0.6274,0.4903,0.636,Screen Recording,Screen Recording Recording54.mp4,1920,1080,0,0,960,540,Fixation,3464,1161,964,709,0.5023,0.6569,,,,,,,,,,,
495176437,512571036344,Eye Tracker,LipReading_BJ,10/21/2025,ZJ,Recording54,10/18/2025,10/18/2025,21:15:16.594,13:15:16.594,535262,Timeline1,Tobii I-VT (Fixation),1.241.54219,1080,1920,10.0,2.8,2.1,2.7,0.26,0.2,0.25,10,8,10,4.8,8.1,6.0,0.48,0.81,0.58,18,30,22,2627711490,,,963,708,980,667,947,749,0.07273,0.06357,-0.99532,-0.06719,0.09415,-0.99329,4.116,3.901,4.023,,,,Valid,Valid,227.8,147.4,551.6,297.0,151.8,560.3,268.1,182.6,259.1,204.9,0.5017,0.6555,0.5103,0.6178,0.4932,0.6933,Screen Recording,Screen Recording Recording54.mp4,1920,1080,0,0,960,540,Fixation,3464,1161,964,709,0.5023,0.6569,,,,,,,,,,,
495180436,512571040343,Eye Tracker,LipReading_BJ,10/21/2025,ZJ,Recording54,10/18/2025,10/18/2025,21:15:16.594,13:15:16.594,535262,Timeline1,Tobii I-VT (Fixation),1.241.54219,1080,1920,10.0,2.8,2.1,2.7,0.26,0.2,0.25,10,8,10,4.8,8.1,6.0,0.48,0.81,0.58,18,30,22,2627715489,,,963,710,977,679,949,741,0.07128,0.06939,-0.99504,-0.06608,0.09063,-0.99369,4.115,3.919,4.019,,,,Valid,Valid,227.8,147.4,551.6,297.0,151.8,560.3,267.4,185.8,259.8,202.9,0.5016,0.6576,0.5088,0.6288,0.4944,0.6865,Screen Recording,Screen Recording Recording54.mp4,1920,1080,0,0,960,540,Fixation,3464,1161,964,709,0.5023,0.6569,,,,,,,,,,,
495184437,512571044344,Eye Tracker,LipReading_BJ,10/21/2025,ZJ,Recording54,10/18/2025,10/18/2025,21:15:16.594,13:15:16.594,535262,Timeline1,Tobii I-VT (Fixation),1.241.54219,1080,1920,10.0,2.8,2.1,2.7,0.26,0.2,0.25,10,8,10,4.8,8.1,6.0,0.48,0.81,0.58,18,30,22,2627719490,,,962,698,982,667,942,728,0.07398,0.0636,-0.99523,-0.06957,0.08423,-0.99401,4.11,3.976,4.019,,,,Valid,Valid,227.8,147.4,551.6,297.0,151.8,560.3,268.8,182.6,257.8,199.3,0.5011,0.6461,0.5116,0.6179,0.4906,0.6742,Screen Recording,Screen Recording Recording54.mp4,1920,1080,0,0,960,540,Fixation,3464,1161,964,709,0.5023,0.6569,,,,,,,,,,,
495188437,512571048344,Eye Tracker,LipReading_BJ,10/21/2025,ZJ,Recording54,10/18/2025,10/18/2025,21:15:16.594,13:15:16.594,535262,Timeline1,Tobii I-VT (Fixation),1.241.54219,1080,1920,10.0,2.8,2.1,2.7,0.26,0.2,0.25,10,8,10,4.8,8.1,6.0,0.48,0.81,0.58,18,30,22,2627723490,,,967,700,981,667,954,733,0.07351,0.0632,-0.99529,-0.06399,0.08681,-0.99417,4.128,3.921,4.018,,,,Valid,Valid,227.8,147.4,551.6,297.0,151.8,560.2,268.6,182.4,261.0,200.7,0.5039,0.6482,0.5111,0.6172,0.4966,0.6792,Screen Recording,Screen Recording Recording54.mp4,1920,1080,0,0,960,540,Fixation,3464,1161,964,709,0.5023,0.6569,,,,,,,,,,,
495192432,512571052339,Eye Tracker,LipReading_BJ,10/21/2025,ZJ,Recording54,10/18/2025,10/18/2025,21:15:16.594,13:15:16.594,535262,Timeline1,Tobii I-VT (Fixation),1.241.54219,1080,1920,10.0,2.8,2.1,2.7,0.26,0.2,0.25,10,8,10,4.8,8.1,6.0,0.48,0.81,0.58,18,30,22,2627727485,,,965,693,979,673,951,713,0.07232,0.06651,-0.99516,-0.06519,0.07673,-0.99492,4.129,3.97,4.045,,,,Valid,Valid,227.8,147.4,551.5,297.0,151.8,560.2,267.9,184.3,260.3,195.0,0.5026,0.6416,0.5099,0.6234,0.4954,0.6598,Screen Recording,Screen Recording Recording54.mp4,1920,1080,0,0,960,540,Fixation,3464,1161,964,709,0.5023,0.6569,,,,,,,,,,,
495196432,512571056339,Eye Tracker,LipReading_BJ,10/21/2025,ZJ,Recording54,10/18/2025,10/18/2025,21:15:16.594,13:15:16.594,535262,Timeline1,Tobii I-VT (Fixation),1.241.54219,1080,1920,10.0,2.8,2.1,2.7,0.26,0.2,0.25,10,8,10,4.8,8.1,6.0,0.48,0.81,0.58,18,30,22,2627731486,,,962,710,978,668,946,752,0.07206,0.06374,-0.99536,-0.0678,0.09572,-0.9931,4.116,3.915,4.049,,,,Valid,Valid,227.8,147.4,551.6,297.0,151.8,560.2,267.7,182.7,258.8,205.8,0.501,0.6573,0.5096,0.6182,0.4925,0.6964,Screen Recording,Screen Recording Recording54.mp4,1920,1080,0,0,960,540,Fixation,3464,1161,964,709,0.5023,0.6569,,,,,,,,,,,
495200431,512571060338,Eye Tracker,LipReading_BJ,10/21/2025,ZJ,Recording54,10/18/2025,10/18/2025,21:15:16.594,13:15:16.594,535262,Timeline1,Tobii I-VT (Fixation),1.241.54219,1080,1920,10.0,2.8,2.1,2.7,0.26,0.2,0.25,10,8,10,4.8,8.1,6.0,0.48,0.81,0.58,18,30,22,2627735485,,,962,703,975,683,949,722,0.07055,0.07148,-0.99494,-0.06641,0.08129,-0.99448,4.12,3.97,4.05,,,,Valid,Valid,227.8,147.4,551.5,297.0,151.8,560.2,266.9,187.0,259.6,197.6,0.501,0.6507,0.508,0.6328,0.494,0.6686,Screen Recording,Screen Recording Recording54.mp4,1920,1080,0,0,960,540,Fixation,3464,1161,964,709,0.5023,0.6569,,,,,,,,,,,
495204432,512571064339,Eye Tracker,LipReading_BJ,10/21/2025,ZJ,Recording54,10/18/2025,10/18/2025,21:15:16.594,13:15:16.594,535262,Timeline1,Tobii I-VT (Fixation),1.241.54219,1080,1920,10.0,2.8,2.1,2.7,0.26,0.2,0.25,10,8,10,4.8,8.1,6.0,0.48,0.81,0.58,18,30,22,2627739486,,,954,682,965,661,943,703,0.06548,0.06055,-0.99602,-0.06899,0.0718,-0.99503,4.154,3.997,4.047,,,,Valid,Valid,227.8,147.4,551.5,297.0,151.8,560.2,264.1,181.0,258.1,192.3,0.4969,0.6314,0.5025,0.6122,0.4913,0.6505,Screen Recording,Screen Recording Recording54.mp4,1920,1080,0,0,960,540,Fixation,3464,1161,964,709,0.5023,0.6569,,,,,,,,,,,
495208432,512571068339,Eye Tracker,LipReading_BJ,10/21/2025,ZJ,Recording54,10/18/2025,10/18/2025,21:15:16.594,13:15:16.594,535262,Timeline1,Tobii I-VT (Fixation),1.241.54219,1080,1920,10.0,2.8,2.1,2.7,0.26,0.2,0.25,10,8,10,4.8,8.1,6.0,0.48,0.81,0.58,18,30,22,2627743486,,,956,705,969,664,943,745,0.06772,0.06208,-0.99577,-0.06884,0.09212,-0.99337,4.136,3.902,4.053,,,,Valid,Valid,227.8,147.4,551.5,297.0,151.9,560.2,265.3,181.8,258.2,203.8,0.4981,0.6524,0.5049,0.6152,0.4913,0.6895,Screen Recording,Screen Recording Recording54.mp4,1920,1080,0,0,960,540,Fixation,3464,1161,964,709,0.5023,0.6569,,,,,,,,,,,
495212431,512571072338,Eye Tracker,LipReading_BJ,10/21/2025,ZJ,Recording54,10/18/2025,10/18/2025,21:15:16.594,13:15:16.594,535262,Timeline1,Tobii I-VT (Fixation),1.241.54219,1080,1920,10.0,2.8,2.1,2.7,0.26,0.2,0.25,10,8,10,4.8,8.1,6.0,0.48,0.81,0.58,18,30,22,2627747485,,,956,702,970,670,942,733,0.06808,0.06486,-0.99557,-0.06944,0.08661,-0.99382,4.125,3.973,4.031,,,,Valid,Valid,227.8,147.5,551.5,297.0,151.9,560.2,265.5,183.4,257.8,200.7,0.498,0.6497,0.5053,0.6205,0.4907,0.679,Screen Recording,Screen Recording Recording54.mp4,1920,1080,0,0,960,540,Fixation,3464,1161,964,709,0.5023,0.6569,,,,,,,,,,,
495216432,512571076339,Eye Tracker,LipReading_BJ,10/21/2025,ZJ,Recording54,10/18/2025,10/18/2025,21:15:16.594,13:15:16.594,535262,Timeline1,Tobii I-VT (Fixation),1.241.54219,1080,1920,10.0,2.8,2.1,2.7,0.26,0.2,0.25,10,8,10,4.8,8.1,6.0,0.48,0.81,0.58,18,30,22,2627751486,,,961,704,980,667,943,742,0.07278,0.06317,-0.99535,-0.06919,0.09068,-0.99347,4.139,3.896,4.029,,,,Valid,Valid,227.8,147.5,551.5,297.0,151.9,560.2,268.1,182.5,258.0,203.0,0.5006,0.6521,0.5102,0.6174,0.4909,0.6868,Screen Recording,Screen Recording Recording54.mp4,1920,1080,0,0,960,540,Fixation,3464,1161,964,709,0.5023,0.6569,,,,,,,,,,,
495220431,512571080338,Eye Tracker,LipReading_BJ,10/21/2025,ZJ,Recording54,10/18/2025,10/18/2025,21:15:16.594,13:15:16.594,535262,Timeline1,Tobii I-VT (Fixation),1.241.54219,1080,1920,10.0,2.8,2.1,2.7,0.26,0.2,0.25,10,8,10,4.8,8.1,6.0,0.48,0.81,0.58,18,30,22,2627755485,,,952,708,972,669,931,747,0.06899,0.06448,-0.99553,-0.07452,0.09313,-0.99286,4.127,3.926,4.049,,,,Valid,Valid,227.8,147.5,551.5,297.0,151.9,560.1,266.0,183.2,254.9,204.4,0.4957,0.6557,0.5062,0.6198,0.4851,0.6916,Screen Recording,Screen Recording Recording54.mp4,1920,1080,0,0,960,540,Fixation,3464,1161,964,709,0.5023,0.6569,,,,,,,,,,,
495224432,512571084339,Eye Tracker,LipReading_BJ,10/21/2025,ZJ,Recording54,10/18/2025,10/18/2025,21:15:16.594,13:15:16.594,535262,Timeline1,Tobii I-VT (Fixation),1.241.54219,1080,1920,10.0,2.8,2.1,2.7,0.26,0.2,0.25,10,8,10,4.8,8.1,6.0,0.48,0.81,0.58,18,30,22,2627759486,,,955,700,975,656,936,744,0.07053,0.05799,-0.99582,-0.07256,0.09184,-0.99313,4.132,3.971,4.052,,,,Valid,Valid,227.8,147.5,551.5,296.9,151.9,560.1,266.8,179.6,256.0,203.7,0.4975,0.6484,0.5078,0.6076,0.4872,0.6891,Screen Recording,Screen Recording Recording54.mp4,1920,1080,0,0,960,540,Fixation,3464,1161,964,709,0.5023,0.6569,,,,,,,,,,,
495228432,512571088339,Eye Tracker,LipReading_BJ,10/21/2025,ZJ,Recording54,10/18/2025,10/18/2025,21:15:16.594,13:15:16.594,535262,Timeline1,Tobii I-VT (Fixation),1.241.54219,1080,1920,10.0,2.8,2.1,2.7,0.26,0.2,0.25,10,8,10,4.8,8.1,6.0,0.48,0.81,0.58,18,30,22,2627763486,,,960,705,973,685,946,725,0.06966,0.07194,-0.99497,-0.06743,0.08241,-0.99431,4.106,4.012,4.049,,,,Valid,Valid,227.8,147.5,551.4,296.9,151.9,560.1,266.4,187.4,259.0,198.3,0.4999,0.6524,0.5069,0.6339,0.4928,0.671,Screen Recording,Screen Recording Recording54.mp4,1920,1080,0,0,960,540,Fixation,3464,1161,964,709,0.5023,0.6569,,,,,,,,,,,
495232431,512571092338,Eye Tracker,LipReading_BJ,10/21/2025,ZJ,Recording54,10/18/2025,10/18/2025,21:15:16.594,13:15:16.594,535262,Timeline1,Tobii I-VT (Fixation),1.241.54219,1080,1920,10.0,2.8,2.1,2.7,0.26,0.2,0.25,10,8,10,4.8,8.1,6.0,0.48,0.81,0.58,18,30,22,2627767485,,,965,698,980,680,950,716,0.07312,0.06955,-0.99489,-0.06542,0.07812,-0.9948,4.148,3.987,4.044,,,,Valid,Valid,227.7,147.5,551.4,296.9,151.9,560.1,268.3,186.1,260.1,195.9,0.5028,0.6461,0.5106,0.6295,0.495,0.6627,Screen Recording,Screen Recording Recording54.mp4,1920,1080,0,0,960,540,Fixation,3464,1161,964,709,0.5023,0.6569,,,,,,,,,,,
495236432,512571096339,Eye Tracker,LipReading_BJ,10/21/2025,ZJ,Recording54,10/18/2025,10/18/2025,21:15:16.594,13:15:16.594,535262,Timeline1,Tobii I-VT (Fixation),1.241.54219,1080,1920,10.0,2.8,2.1,2.7,0.26,0.2,0.25,10,8,10,4.8,8.1,6.0,0.48,0.81,0.58,18,30,22,2627771486,,,962,716,976,682,948,750,0.07118,0.07048,-0.99497,-0.06628,0.09463,-0.9933,4.117,3.903,4.022,,,,Valid,Valid,227.7,147.5,551.5,296.9,151.9,560.1,267.2,186.6,259.5,205.3,0.5012,0.6628,0.5085,0.6312,0.494,0.6945,Screen Recording,Screen Recording Recording54.mp4,1920,1080,0,0,960,540,Fixation,3464,1161,964,709,0.5023,0.6569,,,,,,,,,,,
495240431,512571100338,Eye Tracker,LipReading_BJ,10/21/2025,ZJ,Recording54,10/18/2025,10/18/2025,21:15:16.594,13:15:16.594,535262,Timeline1,Tobii I-VT (Fixation),1.241.54219,1080,1920,10.0,2.8,2.1,2.7,0.26,0.2,0.25,10,8,10,4.8,8.1,6.0,0.48,0.81,0.58,18,30,22,2627775485,,,963,716,980,689,946,744,0.07295,0.07402,-0.99459,-0.06759,0.09151,-0.99351,4.111,3.932,4.024,,,,Valid,Valid,227.7,147.5,551.5,296.9,151.9,560.1,268.2,188.5,258.8,203.5,0.5015,0.6632,0.5104,0.6379,0.4925,0.6885,Screen Recording,Screen Recording Recording54.mp4,1920,1080,0,0,960,540,Fixation,3464,1161,964,709,0.5023,0.6569,,,,,,,,,,,
495244432,512571104339,Eye Tracker,LipReading_BJ,10/21/2025,ZJ,Recording54,10/18/2025,10/18/2025,21:15:16.594,13:15:16.594,535262,Timeline1,Tobii I-VT (Fixation),1.241.54219,1080,1920,10.0,2.8,2.1,2.7,0.26,0.2,0.25,10,8,10,4.8,8.1,6.0,0.48,0.81,0.58,18,30,22,2627779486,,,962,712,981,684,944,741,0.07351,0.07163,-0.99472,-0.06853,0.09021,-0.99356,4.11,3.93,4.024,,,,Valid,Valid,227.7,147.5,551.5,296.9,151.9,560.1,268.5,187.2,258.3,202.8,0.5012,0.6597,0.5109,0.6334,0.4915,0.686,Screen Recording,Screen Recording Recording54.mp4,1920,1080,0,0,960,540,Fixation,3464,1161,964,709,0.5023,0.6569,,,,,,,,,,,
495248432,512571108339,Eye Tracker,LipReading_BJ,10/21/2025,ZJ,Recording54,10/18/2025,10/18/2025,21:15:16.594,13:15:16.594,535262,Timeline1,Tobii I-VT (Fixation),1.241.54219,1080,1920,10.0,2.8,2.1,2.7,0.26,0.2,0.25,10,8,10,4.8,8.1,6.0,0.48,0.81,0.58,18,30,22,2627783486,,,963,710,979,684,947,736,0.07257,0.07163,-0.99479,-0.06713,0.0879,-0.99386,4.116,3.939,4.024,,,,Valid,Valid,227.7,147.5,551.5,296.9,151.9,560.1,267.9,187.2,259.1,201.4,0.5015,0.6575,0.5099,0.6334,0.493,0.6815,Screen Recording,Screen Recording Recording54.mp4,1920,1080,0,0,960,540,Fixation,3464,1161,964,709,0.5023,0.6569,,,,,,,,,,,
495252431,512571112338,Eye Tracker,LipReading_BJ,10/21/2025,ZJ,Recording54,10/18/2025,10/18/2025,21:15:16.594,13:15:16.594,535262,Timeline1,Tobii I-VT (Fixation),1.241.54219,1080,1920,10.0,2.8,2.1,2.7,0.26,0.2,0.25,10,8,10,4.8,8.1,6.0,0.48,0.81,0.58,18,30,22,2627787485,,,967,709,992,676,943,742,0.07875,0.06774,-0.99459,-0.06878,0.0906,-0.99351,4.144,3.942,4.023,,,,Valid,Valid,227.7,147.5,551.5,296.9,151.9,560.1,271.3,185.1,258.1,203.0,0.5038,0.6564,0.5164,0.6261,0.4912,0.6867,Screen Recording,Screen Recording Recording54.mp4,1920,1080,0,0,960,540,Fixation,3464,1161,964,709,0.5023,0.6569,,,,,,,,,,,
495256432,512571116339,Eye Tracker,LipReading_BJ,10/21/2025,ZJ,Recording54,10/18/2025,10/18/2025,21:15:16.594,13:15:16.594,535262,Timeline1,Tobii I-VT (Fixation),1.241.54219,1080,1920,10.0,2.8,2.1,2.7,0.26,0.2,0.25,10,8,10,4.8,8.1,6.0,0.48,0.81,0.58,18,30,22,2627791486,,,961,721,978,681,945,762,0.07209,0.07006,-0.99493,-0.06791,0.10014,-0.99265,4.116,3.91,4.028,,,,Valid,Valid,227.7,147.5,551.5,296.9,151.9,560.1,267.6,186.3,258.6,208.4,0.5007,0.6678,0.5094,0.6304,0.4921,0.7051,Screen Recording,Screen Recording Recording54.mp4,1920,1080,0,0,960,540,Fixation,3464,1161,964,709,0.5023,0.6569,,,,,,,,,,,
495260431,512571120338,Eye Tracker,LipReading_BJ,10/21/2025,ZJ,Recording54,10/18/2025,10/18/2025,21:15:16.594,13:15:16.594,535262,Timeline1,Tobii I-VT (Fixation),1.241.54219,1080,1920,10.0,2.8,2.1,2.7,0.26,0.2,0.25,10,8,10,4.8,8.1,6.0,0.48,0.81,0.58,18,30,22,2627795485,,,967,715,984,681,951,750,0.07506,0.06989,-0.99473,-0.06516,0.09476,-0.99337,4.147,3.916,4.025,,,,Valid,Valid,227.7,147.5,551.5,296.9,151.9,560.1,269.3,186.2,260.1,205.3,0.5038,0.6624,0.5125,0.6301,0.4951,0.6947,Screen Recording,Screen Recording Recording54.mp4,1920,1080,0,0,960,540,Fixation,3464,1161,964,709,0.5023,0.6569,,,,,,,,,,,
495264432,512571124339,Eye Tracker,LipReading_BJ,10/21/2025,ZJ,Recording54,10/18/2025,10/18/2025,21:15:16.594,13:15:16.594,535262,Timeline1,Tobii I-VT (Fixation),1.241.54219,1080,1920,10.0,2.8,2.1,2.7,0.26,0.2,0.25,10,8,10,4.8,8.1,6.0,0.48,0.81,0.58,18,30,22,2627799486,,,960,685,976,672,944,699,0.07102,0.06576,-0.9953,-0.06828,0.06992,-0.99521,4.113,4.018,4.016,,,,Valid,Valid,227.7,147.5,551.5,296.9,151.9,560.1,267.0,183.9,258.4,191.3,0.5,0.6347,0.5082,0.6223,0.4918,0.6471,Screen Recording,Screen Recording Recording54.mp4,1920,1080,0,0,960,540,Fixation,3464,1161,964,709,0.5023,0.6569,,,,,,,,,,,
495268432,512571128339,Eye Tracker,LipReading_BJ,10/21/2025,ZJ,Recording54,10/18/2025,10/18/2025,21:15:16.594,13:15:16.594,535262,Timeline1,Tobii I-VT (Fixation),1.241.54219,1080,1920,10.0,2.8,2.1,2.7,0.26,0.2,0.25,10,8,10,4.8,8.1,6.0,0.48,0.81,0.58,18,30,22,2627803486,,,962,709,970,678,954,739,0.06811,0.06869,-0.99531,-0.06369,0.08944,-0.99395,4.134,3.916,4.027,,,,Valid,Valid,227.7,147.5,551.5,296.9,151.9,560.1,265.4,185.6,261.0,202.3,0.5009,0.6561,0.5051,0.6278,0.4966,0.6845,Screen Recording,Screen Recording Recording54.mp4,1920,1080,0,0,960,540,Fixation,3464,1161,964,709,0.5023,0.6569,,,,,,,,,,,
495272431,512571132338,Eye Tracker,LipReading_BJ,10/21/2025,ZJ,Recording54,10/18/2025,10/18/2025,21:15:16.594,13:15:16.594,535262,Timeline1,Tobii I-VT (Fixation),1.241.54219,1080,1920,10.0,2.8,2.1,2.7,0.26,0.2,0.25,10,8,10,4.8,8.1,6.0,0.48,0.81,0.58,18,30,22,2627807485,,,960,715,972,685,949,744,0.06907,0.07236,-0.99498,-0.06587,0.09196,-0.99358,4.116,3.922,4.056,,,,Valid,Valid,227.7,147.5,551.5,296.8,151.9,560.1,265.9,187.6,259.7,203.7,0.5002,0.662,0.5061,0.6347,0.4943,0.6893,Screen Recording,Screen Recording Recording54.mp4,1920,1080,0,0,960,540,Fixation,3464,1161,964,709,0.5023,0.6569,,,,,,,,,,,
495276432,512571136339,Eye Tracker,LipReading_BJ,10/21/2025,ZJ,Recording54,10/18/2025,10/18/2025,21:15:16.594,13:15:16.594,535262,Timeline1,Tobii I-VT (Fixation),1.241.54219,1080,1920,10.0,2.8,2.1,2.7,0.26,0.2,0.25,10,8,10,4.8,8.1,6.0,0.48,0.81,0.58,18,30,22,2627811486,,,966,699,975,680,957,718,0.07048,0.06978,-0.99507,-0.0622,0.07942,-0.9949,4.131,3.98,4.056,,,,Valid,Valid,227.7,147.5,551.5,296.8,151.9,560.1,266.7,186.2,261.8,196.6,0.5029,0.6476,0.5076,0.6299,0.4983,0.6652,Screen Recording,Screen Recording Recording54.mp4,1920,1080,0,0,960,540,Fixation,3464,1161,964,709,0.5023,0.6569,,,,,,,,,,,
495280431,512571140338,Eye Tracker,LipReading_BJ,10/21/2025,ZJ,Recording54,10/18/2025,10/18/2025,21:15:16.594,13:15:16.594,535262,Timeline1,Tobii I-VT (Fixation),1.241.54219,1080,1920,10.0,2.8,2.1,2.7,0.26,0.2,0.25,10,8,10,4.8,8.1,6.0,0.48,0.81,0.58,18,30,22,2627815485,,,965,695,978,675,952,715,0.07223,0.06726,-0.99512,-0.06466,0.07784,-0.99487,4.137,3.989,4.051,,,,Valid,Valid,227.6,147.5,551.5,296.8,151.9,560.1,267.7,184.8,260.4,195.7,0.5025,0.6437,0.5094,0.6252,0.4956,0.6622,Screen Recording,Screen Recording Recording54.mp4,1920,1080,0,0,960,540,Fixation,3464,1161,964,709,0.5023,0.6569,,,,,,,,,,,
495284431,512571144338,Eye Tracker,LipReading_BJ,10/21/2025,ZJ,Recording54,10/18/2025,10/18/2025,21:15:16.594,13:15:16.594,535262,Timeline1,Tobii I-VT (Fixation),1.241.54219,1080,1920,10.0,2.8,2.1,2.7,0.26,0.2,0.25,10,8,10,4.8,8.1,6.0,0.48,0.81,0.58,18,30,22,2627819485,,,964,698,976,688,952,708,0.07113,0.07342,-0.99476,-0.06458,0.07437,-0.99514,4.121,4.01,4.051,,,,Valid,Valid,227.6,147.5,551.5,296.8,151.9,560.1,267.1,188.2,260.5,193.8,0.502,0.6462,0.5083,0.6367,0.4957,0.6556,Screen Recording,Screen Recording Recording54.mp4,1920,1080,0,0,960,540,Fixation,3464,1161,964,709,0.5023,0.6569,,,,,,,,,,,
495288432,512571148339,Eye Tracker,LipReading_BJ,10/21/2025,ZJ,Recording54,10/18/2025,10/18/2025,21:15:16.594,13:15:16.594,535262,Timeline1,Tobii I-VT (Fixation),1.241.54219,1080,1920,10.0,2.8,2.1,2.7,0.26,0.2,0.25,10,8,10,4.8,8.1,6.0,0.48,0.81,0.58,18,30,22,2627823486,,,964,716,979,677,950,754,0.07264,0.06795,-0.99504,-0.06541,0.09676,-0.99316,4.117,3.877,4.048,,,,Valid,Valid,227.6,147.5,551.5,296.8,151.9,560.1,267.9,185.2,259.9,206.5,0.5023,0.6625,0.5098,0.6265,0.4947,0.6986,Screen Recording,Screen Recording Recording54.mp4,1920,1080,0,0,960,540,Fixation,3464,1161,964,709,0.5023,0.6569,,,,,,,,,,,
495292431,512571152338,Eye Tracker,LipReading_BJ,10/21/2025,ZJ,Recording54,10/18/2025,10/18/2025,21:15:16.594,13:15:16.594,535262,Timeline1,Tobii I-VT (Fixation),1.241.54219,1080,1920,10.0,2.8,2.1,2.7,0.26,0.2,0.25,10,8,10,4.8,8.1,6.0,0.48,0.81,0.58,18,30,22,2627827485,,,957,689,973,675,941,704,0.06966,0.06703,-0.99532,-0.06979,0.07218,-0.99495,4.118,3.978,4.026,,,,Valid,Valid,227.6,147.5,551.5,296.8,151.9,560.1,266.2,184.6,257.5,192.5,0.4984,0.6381,0.5067,0.6247,0.4901,0.6514,Screen Recording,Screen Recording Recording54.mp4,1920,1080,0,0,960,540,Fixation,3464,1161,964,709,0.5023,0.6569,,,,,,,,,,,
495296432,512571156339,Eye Tracker,LipReading_BJ,10/21/2025,ZJ,Recording54,10/18/2025,10/18/2025,21:15:16.594,13:15:16.594,535262,Timeline1,Tobii I-VT (Fixation),1.241.54219,1080,1920,10.0,2.8,2.1,2.7,0.26,0.2,0.25,10,8,10,4.8,8.1,6.0,0.48,0.81,0.58,18,30,22,2627831486,,,960,717,972,687,948,748,0.06944,0.07305,-0.99491,-0.06631,0.09348,-0.99341,4.099,3.934,4.014,,,,Valid,Valid,227.6,147.5,551.5,296.8,151.9,560.1,266.1,188.0,259.4,204.6,0.5001,0.6641,0.5065,0.636,0.4937,0.6922,Screen Recording,Screen Recording Recording54.mp4,1920,1080,0,0,960,540,Fixation,3464,1161,964,709,0.5023,0.6569,,,,,,,,,,,
495300431,512571160338,Eye Tracker,LipReading_BJ,10/21/2025,ZJ,Recording54,10/18/2025,10/18/2025,21:15:16.594,13:15:16.594,535262,Timeline1,Tobii I-VT (Fixation),1.241.54219,1080,1920,10.0,2.8,2.1,2.7,0.26,0.2,0.25,10,8,10,4.8,8.1,6.0,0.48,0.81,0.58,18,30,22,2627835485,,,956,721,973,686,939,757,0.06958,0.0728,-0.99492,-0.0708,0.09775,-0.99269,4.13,3.897,4.026,,,,Valid,Valid,227.6,147.5,551.5,296.8,151.9,560.1,266.2,187.8,256.9,207.0,0.4978,0.668,0.5066,0.6355,0.4889,0.7005,Screen Recording,Screen Recording Recording54.mp4,1920,1080,0,0,960,540,Fixation,3464,1161,964,709,0.5023,0.6569,,,,,,,,,,,
495304430,512571164337,Eye Tracker,LipReading_BJ,10/21/2025,ZJ,Recording54,10/18/2025,10/18/2025,21:15:16.594,13:15:16.594,535262,Timeline1,Tobii I-VT (Fixation),1.241.54219,1080,1920,10.0,2.8,2.1,2.7,0.26,0.2,0.25,10,8,10,4.8,8.1,6.0,0.48,0.81,0.58,18,30,22,2627839485,,,961,708,980,682,943,734,0.07325,0.07068,-0.99481,-0.06885,0.08716,-0.99381,4.134,3.909,4.02,,,,Valid,Valid,227.6,147.5,551.5,296.8,151.9,560.1,268.2,186.7,258.0,201.0,0.5008,0.6558,0.5105,0.6316,0.4911,0.6801,Screen Recording,Screen Recording Recording54.mp4,1920,1080,0,0,960,540,Fixation,3464,1161,964,709,0.5023,0.6569,,,,,,,,,,,
495308431,512571168338,Eye Tracker,LipReading_BJ,10/21/2025,ZJ,Recording54,10/18/2025,10/18/2025,21:15:16.594,13:15:16.594,535262,Timeline1,Tobii I-VT (Fixation),1.241.54219,1080,1920,10.0,2.8,2.1,2.7,0.26,0.2,0.25,10,8,10,4.8,8.1,6.0,0.48,0.81,0.58,18,30,22,2627843486,,,960,700,975,684,945,717,0.0709,0.07158,-0.99491,-0.06782,0.07876,-0.99458,4.119,3.987,4.02,,,,Valid,Valid,227.6,147.5,551.5,296.8,151.9,560.1,266.9,187.2,258.6,196.2,0.5001,0.6486,0.508,0.6333,0.4922,0.6639,Screen Recording,Screen Recording Recording54.mp4,1920,1080,0,0,960,540,Fixation,3464,1161,964,709,0.5023,0.6569,,,,,,,,,,,
495312430,512571172337,Eye Tracker,LipReading_BJ,10/21/2025,ZJ,Recording54,10/18/2025,10/18/2025,21:15:16.594,13:15:16.594,535262,Timeline1,Tobii I-VT (Fixation),1.241.54219,1080,1920,10.0,2.8,2.1,2.7,0.26,0.2,0.25,10,8,10,4.8,8.1,6.0,0.48,0.81,0.58,18,30,22,2627847485,,,959,718,970,682,947,753,0.06844,0.07064,-0.99515,-0.0668,0.09618,-0.99312,4.137,3.901,4.02,,,,Valid,Valid,227.6,147.5,551.5,296.8,151.9,560.1,265.6,186.6,259.2,206.1,0.4993,0.6644,0.5054,0.6315,0.4932,0.6974,Screen Recording,Screen Recording Recording54.mp4,1920,1080,0,0,960,540,Fixation,3464,1161,964,709,0.5023,0.6569,,,,,,,,,,,
495316431,512571176338,Eye Tracker,LipReading_BJ,10/21/2025,ZJ,Recording54,10/18/2025,10/18/2025,21:15:16.594,13:15:16.594,535262,Timeline1,Tobii I-VT (Fixation),1.241.54219,1080,1920,10.0,2.8,2.1,2.7,0.26,0.2,0.25,10,8,10,4.8,8.1,6.0,0.48,0.81,0.58,18,30,22,2627851486,,,965,704,975,680,954,729,0.07079,0.06971,-0.99505,-0.06345,0.0845,-0.9944,4.118,3.955,4.035,,,,Valid,Valid,227.6,147.5,551.5,296.8,151.9,560.2,266.9,186.1,261.1,199.5,0.5024,0.6523,0.5079,0.6297,0.4969,0.6748,Screen Recording,Screen Recording Recording54.mp4,1920,1080,0,0,960,540,Fixation,3464,1161,964,709,0.5023,0.6569,,,,,,,,,,,
495320429,512571180336,Eye Tracker,LipReading_BJ,10/21/2025,ZJ,Recording54,10/18/2025,10/18/2025,21:15:16.594,13:15:16.594,535262,Timeline1,Tobii I-VT (Fixation),1.241.54219,1080,1920,10.0,2.8,2.1,2.7,0.26,0.2,0.25,10,8,10,4.8,8.1,6.0,0.48,0.81,0.58,18,30,22,2627855484,,,962,705,971,668,953,741,0.06895,0.06387,-0.99557,-0.06395,0.09057,-0.99383,4.126,3.914,4.02,,,,Valid,Valid,227.6,147.5,551.5,296.8,151.9,560.1,265.8,182.9,260.8,202.9,0.5011,0.6526,0.5059,0.6187,0.4963,0.6865,Screen Recording,Screen Recording Recording54.mp4,1920,1080,0,0,960,540,Fixation,3464,1161,964,709,0.5023,0.6569,,,,,,,,,,,
495324429,512571184336,Eye Tracker,LipReading_BJ,10/21/2025,ZJ,Recording54,10/18/2025,10/18/2025,21:15:16.594,13:15:16.594,535262,Timeline1,Tobii I-VT (Fixation),1.241.54219,1080,1920,10.0,2.8,2.1,2.7,0.26,0.2,0.25,10,8,10,4.8,8.1,6.0,0.48,0.81,0.58,18,30,22,2627859484,,,961,708,976,681,947,735,0.07122,0.07033,-0.99498,-0.06707,0.08756,-0.9939,4.112,3.951,4.038,,,,Valid,Valid,227.6,147.5,551.5,296.8,151.8,560.2,267.1,186.4,259.0,201.2,0.5007,0.6558,0.5084,0.6308,0.493,0.6807,Screen Recording,Screen Recording Recording54.mp4,1920,1080,0,0,960,540,Fixation,3464,1161,964,709,0.5023,0.6569,,,,,,,,,,,
495328430,512571188337,Eye Tracker,LipReading_BJ,10/21/2025,ZJ,Recording54,10/18/2025,10/18/2025,21:15:16.594,13:15:16.594,535262,Timeline1,Tobii I-VT (Fixation),1.241.54219,1080,1920,10.0,2.8,2.1,2.7,0.26,0.2,0.25,10,8,10,4.8,8.1,6.0,0.48,0.81,0.58,18,30,22,2627863485,,,965,720,977,670,953,771,0.07188,0.06489,-0.9953,-0.06407,0.10463,-0.99244,4.137,3.858,4.039,,,,Valid,Valid,227.6,147.5,551.5,296.8,151.8,560.2,267.5,183.4,260.7,210.9,0.5026,0.6671,0.509,0.6206,0.4961,0.7136,Screen Recording,Screen Recording Recording54.mp4,1920,1080,0,0,960,540,Fixation,3464,1161,964,709,0.5023,0.6569,,,,,,,,,,,
495332429,512571192336,Eye Tracker,LipReading_BJ,10/21/2025,ZJ,Recording54,10/18/2025,10/18/2025,21:15:16.594,13:15:16.594,535262,Timeline1,Tobii I-VT (Fixation),1.241.54219,1080,1920,10.0,2.8,2.1,2.7,0.26,0.2,0.25,10,8,10,4.8,8.1,6.0,0.48,0.81,0.58,18,30,22,2627867484,,,959,701,975,670,943,731,0.0707,0.06493,-0.99538,-0.06898,0.08547,-0.99395,4.152,3.95,4.04,,,,Valid,Valid,227.6,147.5,551.5,296.8,151.8,560.2,266.8,183.4,258.0,200.0,0.4994,0.6487,0.5078,0.6206,0.4909,0.6767,Screen Recording,Screen Recording Recording54.mp4,1920,1080,0,0,960,540,Fixation,3464,1161,964,709,0.5023,0.6569,,,,,,,,,,,
495336430,512571196337,Eye Tracker,LipReading_BJ,10/21/2025,ZJ,Recording54,10/18/2025,10/18/2025,21:15:16.594,13:15:16.594,535262,Timeline1,Tobii I-VT (Fixation),1.241.54219,1080,1920,10.0,2.8,2.1,2.7,0.26,0.2,0.25,10,8,10,4.8,8.1,6.0,0.48,0.81,0.58,18,30,22,2627871485,,,965,709,986,679,943,740,0.07606,0.06899,-0.99471,-0.06867,0.08993,-0.99358,4.128,3.958,4.039,,,,Valid,Valid,227.6,147.4,551.6,296.8,151.8,560.1,269.8,185.7,258.1,202.5,0.5024,0.6568,0.5135,0.6283,0.4913,0.6853,Screen Recording,Screen Recording Recording54.mp4,1920,1080,0,0,960,540,Fixation,3464,1161,964,709,0.5023,0.6569,,,,,,,,,,,
495340429,512571200336,Eye Tracker,LipReading_BJ,10/21/2025,ZJ,Recording54,10/18/2025,10/18/2025,21:15:16.594,13:15:16.594,535262,Timeline1,Tobii I-VT (Fixation),1.241.54219,1080,1920,10.0,2.8,2.1,2.7,0.26,0.2,0.25,10,8,10,4.8,8.1,6.0,0.48,0.81,0.58,18,30,22,2627875484,,,964,702,978,681,949,722,0.07219,0.07007,-0.99493,-0.06591,0.08145,-0.9945,4.108,3.961,4.043,,,,Valid,Valid,227.6,147.4,551.5,296.8,151.8,560.2,267.7,186.3,259.7,197.7,0.5018,0.6496,0.5094,0.6303,0.4943,0.6689,Screen Recording,Screen Recording Recording54.mp4,1920,1080,0,0,960,540,Fixation,3464,1161,964,709,0.5023,0.6569,,,,,,,,,,,
495344429,512571204336,Eye Tracker,LipReading_BJ,10/21/2025,ZJ,Recording54,10/18/2025,10/18/2025,21:15:16.594,13:15:16.594,535262,Timeline1,Tobii I-VT (Fixation),1.241.54219,1080,1920,10.0,2.8,2.1,2.7,0.26,0.2,0.25,10,8,10,4.8,8.1,6.0,0.48,0.81,0.58,18,30,22,2627879484,,,964,701,977,667,951,734,0.07196,0.0633,-0.9954,-0.06504,0.08716,-0.99407,4.128,3.926,4.043,,,,Valid,Valid,227.6,147.4,551.6,296.8,151.8,560.2,267.5,182.5,260.2,200.9,0.5021,0.6487,0.5091,0.6175,0.4952,0.6799,Screen Recording,Screen Recording Recording54.mp4,1920,1080,0,0,960,540,Fixation,3464,1161,964,709,0.5023,0.6569,,,,,,,,,,,
495348430,512571208337,Eye Tracker,LipReading_BJ,10/21/2025,ZJ,Recording54,10/18/2025,10/18/2025,21:15:16.594,13:15:16.594,535262,Timeline1,Tobii I-VT (Fixation),1.241.54219,1080,1920,10.0,2.8,2.1,2.7,0.26,0.2,0.25,10,8,10,4.8,8.1,6.0,0.48,0.81,0.58,18,30,22,2627883485,,,963,689,972,667,954,712,0.06933,0.06318,-0.99559,-0.06331,0.07639,-0.99507,4.149,4.001,4.028,,,,Valid,Valid,227.6,147.5,551.5,296.8,151.8,560.2,266.0,182.5,261.2,194.8,0.5017,0.6383,0.5063,0.6173,0.4971,0.6592,Screen Recording,Screen Recording Recording54.mp4,1920,1080,0,0,960,540,Fixation,3464,1161,964,709,0.5023,0.6569,,,,,,,,,,,
495352429,512571212336,Eye Tracker,LipReading_BJ,10/21/2025,ZJ,Recording54,10/18/2025,10/18/2025,21:15:16.594,13:15:16.594,535262,Timeline1,Tobii I-VT (Fixation),1.241.54219,1080,1920,10.0,2.8,2.1,2.7,0.26,0.2,0.25,10,8,10,4.8,8.1,6.0,0.48,0.81,0.58,18,30,22,2627887484,,,961,709,975,675,946,744,0.0706,0.06734,-0.99523,-0.06719,0.09163,-0.99352,4.118,3.927,4.029,,,,Valid,Valid,227.6,147.4,551.5,296.8,151.8,560.2,266.8,184.8,259.0,203.5,0.5003,0.6568,0.5077,0.6251,0.4928,0.6885,Screen Recording,Screen Recording Recording54.mp4,1920,1080,0,0,960,540,Fixation,3464,1161,964,709,0.5023,0.6569,,,,,,,,,,,
495356430,512571216337,Eye Tracker,LipReading_BJ,10/21/2025,ZJ,Recording54,10/18/2025,10/18/2025,21:15:16.594,13:15:16.594,535262,Timeline1,Tobii I-VT (Fixation),1.241.54219,1080,1920,10.0,2.8,2.1,2.7,0.26,0.2,0.25,10,8,10,4.8,8.1,6.0,0.48,0.81,0.58,18,30,22,2627891485,,,959,702,977,673,941,731,0.07151,0.0662,-0.99524,-0.06981,0.08556,-0.99388,4.132,3.917,4.031,,,,Valid,Valid,227.6,147.4,551.6,296.8,151.8,560.2,267.3,184.1,257.5,200.1,0.4994,0.6499,0.5087,0.623,0.4901,0.6769,Screen Recording,Screen Recording Recording54.mp4,1920,1080,0,0,960,540,Fixation,3464,1161,964,709,0.5023,0.6569,,,,,,,,,,,
495360429,512571220336,Eye Tracker,LipReading_BJ,10/21/2025,ZJ,Recording54,10/18/2025,10/18/2025,21:15:16.594,13:15:16.594,535262,Timeline1,Tobii I-VT (Fixation),1.241.54219,1080,1920,10.0,2.8,2.1,2.7,0.26,0.2,0.25,10,8,10,4.8,8.1,6.0,0.48,0.81,0.58,18,30,22,2627895484,,,971,711,982,676,960,746,0.07423,0.06749,-0.99495,-0.06061,0.09271,-0.99385,4.137,3.925,4.03,,,,Valid,Valid,227.6,147.5,551.5,296.8,151.8,560.2,268.8,184.9,262.7,204.1,0.5057,0.658,0.5115,0.6255,0.4999,0.6905,Screen Recording,Screen Recording Recording54.mp4,1920,1080,0,0,960,540,Fixation,3464,1161,964,709,0.5023,0.6569,,,,,,,,,,,
495364429,512571224336,Eye Tracker,LipReading_BJ,10/21/2025,ZJ,Recording54,10/18/2025,10/18/2025,21:15:16.594,13:15:16.594,535262,Timeline1,Tobii I-VT (Fixation),1.241.54219,1080,1920,10.0,2.8,2.1,2.7,0.26,0.2,0.25,10,8,10,4.8,8.1,6.0,0.48,0.81,0.58,18,30,22,2627899484,,,957,712,971,683,944,741,0.06858,0.07126,-0.9951,-0.06842,0.09029,-0.99356,4.135,3.928,4.03,,,,Valid,Valid,227.6,147.5,551.6,296.8,151.8,560.2,265.6,186.9,258.3,202.7,0.4985,0.6592,0.5056,0.6325,0.4915,0.686,Screen Recording,Screen Recording Recording54.mp4,1920,1080,0,0,960,540,Fixation,3464,1161,964,709,0.5023,0.6569,,,,,,,,,,,
495368430,512571228337,Eye Tracker,LipReading_BJ,10/21/2025,ZJ,Recording54,10/18/2025,10/18/2025,21:15:16.594,13:15:16.594,535262,Timeline1,Tobii I-VT (Fixation),1.241.54219,1080,1920,10.0,2.8,2.1,2.7,0.26,0.2,0.25,10,8,10,4.8,8.1,6.0,0.48,0.81,0.58,18,30,22,2627903485,,,963,695,976,687,951,704,0.07098,0.07302,-0.9948,-0.06512,0.07251,-0.99524,4.114,4.007,4.031,,,,Valid,Valid,227.6,147.5,551.5,296.8,151.9,560.1,267.0,187.9,260.2,192.7,0.5016,0.6439,0.5081,0.6359,0.4952,0.6519,Screen Recording,Screen Recording Recording54.mp4,1920,1080,0,0,960,540,Fixation,3464,1161,964,709,0.5023,0.6569,,,,,,,,,,,
495372429,512571232336,Eye Tracker,LipReading_BJ,10/21/2025,ZJ,Recording54,10/18/2025,10/18/2025,21:15:16.594,13:15:16.594,535262,Timeline1,Tobii I-VT (Fixation),1.241.54219,1080,1920,10.0,2.8,2.1,2.7,0.26,0.2,0.25,10,8,10,4.8,8.1,6.0,0.48,0.81,0.58,18,30,22,2627907484,,,958,686,979,685,937,687,0.07248,0.07221,-0.99475,-0.07178,0.0645,-0.99533,4.119,3.988,4.024,,,,Valid,Valid,227.6,147.5,551.6,296.8,151.8,560.2,267.8,187.5,256.4,188.1,0.4989,0.6355,0.5097,0.6344,0.488,0.6366,Screen Recording,Screen Recording Recording54.mp4,1920,1080,0,0,960,540,Fixation,3464,1161,964,709,0.5023,0.6569,,,,,,,,,,,
495376430,512571236337,Eye Tracker,LipReading_BJ,10/21/2025,ZJ,Recording54,10/18/2025,10/18/2025,21:15:16.594,13:15:16.594,535262,Timeline1,Tobii I-VT (Fixation),1.241.54219,1080,1920,10.0,2.8,2.1,2.7,0.26,0.2,0.25,10,8,10,4.8,8.1,6.0,0.48,0.81,0.58,18,30,22,2627911485,,,964,722,980,680,949,763,0.07306,0.06971,-0.99489,-0.06574,0.10107,-0.9927,4.144,3.905,4.037,,,,Valid,Valid,227.6,147.5,551.6,296.8,151.8,560.2,268.1,186.1,259.7,208.9,0.5023,0.6682,0.5103,0.6297,0.4943,0.7067,Screen Recording,Screen Recording Recording54.mp4,1920,1080,0,0,960,540,Fixation,3464,1161,964,709,0.5023,0.6569,,,,,,,,,,,
495380429,512571240336,Eye Tracker,LipReading_BJ,10/21/2025,ZJ,Recording54,10/18/2025,10/18/2025,21:15:16.594,13:15:16.594,535262,Timeline1,Tobii I-VT (Fixation),1.241.54219,1080,1920,10.0,2.8,2.1,2.7,0.26,0.2,0.25,10,8,10,4.8,8.1,6.0,0.48,0.81,0.58,18,30,22,2627915484,,,971,705,985,665,957,744,0.07549,0.06233,-0.9952,-0.06205,0.09196,-0.99383,4.12,3.914,4.017,,,,Valid,Valid,227.6,147.5,551.6,296.8,151.8,560.2,269.5,182.0,261.9,203.7,0.5056,0.6524,0.5128,0.6158,0.4983,0.6891,Screen Recording,Screen Recording Recording54.mp4,1920,1080,0,0,960,540,Fixation,3464,1161,964,709,0.5023,0.6569,,,,,,,,,,,
495384429,512571244336,Eye Tracker,LipReading_BJ,10/21/2025,ZJ,Recording54,10/18/2025,10/18/2025,21:15:16.594,13:15:16.594,535262,Timeline1,Tobii I-VT (Fixation),1.241.54219,1080,1920,10.0,2.8,2.1,2.7,0.26,0.2,0.25,10,8,10,4.8,8.1,6.0,0.48,0.81,0.58,18,30,22,2627919484,,,963,698,976,676,951,719,0.07101,0.06764,-0.99518,-0.06476,0.08,-0.99469,4.109,3.956,4.022,,,,Valid,Valid,227.6,147.5,551.6,296.8,151.8,560.2,267.0,184.9,260.4,196.9,0.5018,0.646,0.5081,0.6257,0.4955,0.6662,Screen Recording,Screen Recording Recording54.mp4,1920,1080,0,0,960,540,Fixation,3464,1161,964,709,0.5023,0.6569,,,,,,,,,,,
495388430,512571248337,Eye Tracker,LipReading_BJ,10/21/2025,ZJ,Recording54,10/18/2025,10/18/2025,21:15:16.594,13:15:16.594,535262,Timeline1,Tobii I-VT (Fixation),1.241.54219,1080,1920,10.0,2.8,2.1,2.7,0.26,0.2,0.25,10,8,10,4.8,8.1,6.0,0.48,0.81,0.58,18,30,22,2627923485,,,961,721,971,682,952,759,0.06861,0.0706,-0.99514,-0.06456,0.09927,-0.99296,4.131,3.909,4.027,,,,Valid,Valid,227.6,147.5,551.6,296.8,151.8,560.2,265.6,186.6,260.4,207.8,0.5006,0.6673,0.5056,0.6313,0.4956,0.7032,Screen Recording,Screen Recording Recording54.mp4,1920,1080,0,0,960,540,Fixation,3464,1161,964,709,0.5023,0.6569,,,,,,,,,,,
495392429,512571252336,Eye Tracker,LipReading_BJ,10/21/2025,ZJ,Recording54,10/18/2025,10/18/2025,21:15:16.594,13:15:16.594,535262,Timeline1,Tobii I-VT (Fixation),1.241.54219,1080,1920,10.0,2.8,2.1,2.7,0.26,0.2,0.25,10,8,10,4.8,8.1,6.0,0.48,0.81,0.58,18,30,22,2627927484,,,964,713,977,677,951,748,0.07152,0.06839,-0.99509,-0.06494,0.09368,-0.99348,4.14,3.924,4.027,,,,Valid,Valid,227.6,147.5,551.5,296.8,151.8,560.2,267.3,185.4,260.2,204.7,0.5019,0.6598,0.5086,0.6272,0.4952,0.6924,Screen Recording,Screen Recording Recording54.mp4,1920,1080,0,0,960,540,Fixation,3464,1161,964,709,0.5023,0.6569,,,,,,,,,,,
495396430,512571256337,Eye Tracker,LipReading_BJ,10/21/2025,ZJ,Recording54,10/18/2025,10/18/2025,21:15:16.594,13:15:16.594,535262,Timeline1,Tobii I-VT (Fixation),1.241.54219,1080,1920,10.0,2.8,2.1,2.7,0.26,0.2,0.25,10,8,10,4.8,8.1,6.0,0.48,0.81,0.58,18,30,22,2627931485,,,962,699,976,669,948,728,0.07112,0.06441,-0.99539,-0.06648,0.0843,-0.99422,4.158,3.951,4.025,,,,Valid,Valid,227.6,147.5,551.5,296.8,151.8,560.2,267.0,183.2,259.4,199.3,0.5009,0.6471,0.5082,0.6197,0.4936,0.6744,Screen Recording,Screen Recording Recording54.mp4,1920,1080,0,0,960,540,Fixation,3464,1161,964,709,0.5023,0.6569,,,,,,,,,,,
495400429,512571260336,Eye Tracker,LipReading_BJ,10/21/2025,ZJ,Recording54,10/18/2025,10/18/2025,21:15:16.594,13:15:16.594,535262,Timeline1,Tobii I-VT (Fixation),1.241.54219,1080,1920,10.0,2.8,2.1,2.7,0.26,0.2,0.25,10,8,10,4.8,8.1,6.0,0.48,0.81,0.58,18,30,22,2627935484,,,964,713,970,689,957,737,0.0684,0.07405,-0.99491,-0.06207,0.08859,-0.99413,4.106,3.913,4.026,,,,Valid,Valid,227.6,147.5,551.5,296.8,151.8,560.2,265.5,188.5,261.8,201.8,0.5018,0.6602,0.5053,0.6378,0.4983,0.6826,Screen Recording,Screen Recording Recording54.mp4,1920,1080,0,0,960,540,Fixation,3464,1161,964,709,0.5023,0.6569,,,,,,,,,,,
495404429,512571264336,Eye Tracker,LipReading_BJ,10/21/2025,ZJ,Recording54,10/18/2025,10/18/2025,21:15:16.594,13:15:16.594,535262,Timeline1,Tobii I-VT (Fixation),1.241.54219,1080,1920,10.0,2.8,2.1,2.7,0.26,0.2,0.25,10,8,10,4.8,8.1,6.0,0.48,0.81,0.58,18,30,22,2627939484,,,968,705,979,674,956,736,0.0727,0.06678,-0.99512,-0.06239,0.08796,-0.99417,4.127,3.918,4.04,,,,Valid,Valid,227.6,147.5,551.5,296.8,151.8,560.2,267.9,184.5,261.7,201.4,0.5039,0.6528,0.5099,0.6241,0.498,0.6814,Screen Recording,Screen Recording Recording54.mp4,1920,1080,0,0,960,540,Fixation,3464,1161,964,709,0.5023,0.6569,,,,,,,,,,,
495408430,512571268337,Eye Tracker,LipReading_BJ,10/21/2025,ZJ,Recording54,10/18/2025,10/18/2025,21:15:16.594,13:15:16.594,535262,Timeline1,Tobii I-VT (Fixation),1.241.54219,1080,1920,10.0,2.8,2.1,2.7,0.26,0.2,0.25,10,8,10,4.8,8.1,6.0,0.48,0.81,0.58,18,30,22,2627943485,,,966,696,976,669,956,723,0.07142,0.06417,-0.99538,-0.06267,0.08169,-0.99469,4.128,3.966,4.039,,,,Valid,Valid,227.6,147.5,551.5,296.8,151.8,560.2,267.2,183.0,261.5,197.8,0.5031,0.6443,0.5085,0.6193,0.4977,0.6694,Screen Recording,Screen Recording Recording54.mp4,1920,1080,0,0,960,540,Fixation,3464,1161,964,709,0.5023,0.6569,,,,,,,,,,,
495412428,512571272335,Eye Tracker,LipReading_BJ,10/21/2025,ZJ,Recording54,10/18/2025,10/18/2025,21:15:16.594,13:15:16.594,535262,Timeline1,Tobii I-VT (Fixation),1.241.54219,1080,1920,10.0,2.8,2.1,2.7,0.26,0.2,0.25,10,8,10,4.8,8.1,6.0,0.48,0.81,0.58,18,30,22,2627947484,,,962,702,978,680,946,725,0.07209,0.06955,-0.99497,-0.06746,0.08246,-0.99431,4.13,3.955,4.042,,,,Valid,Valid,227.6,147.5,551.5,296.8,151.8,560.3,267.6,186.0,258.8,198.3,0.5009,0.6501,0.5092,0.6294,0.4925,0.6709,Screen Recording,Screen Recording Recording54.mp4,1920,1080,0,0,960,540,Fixation,3464,1161,964,709,0.5023,0.6569,,,,,,,,,,,
495416429,512571276336,Eye Tracker,LipReading_BJ,10/21/2025,ZJ,Recording54,10/18/2025,10/18/2025,21:15:16.594,13:15:16.594,535262,Timeline1,Tobii I-VT (Fixation),1.241.54219,1080,1920,10.0,2.8,2.1,2.7,0.26,0.2,0.25,10,8,10,4.8,8.1,6.0,0.48,0.81,0.58,18,30,22,2627951485,,,969,694,979,671,960,716,0.07261,0.06544,-0.99521,-0.0607,0.07833,-0.99508,4.133,3.95,4.042,,,,Valid,Valid,227.6,147.5,551.5,296.8,151.8,560.2,267.8,183.7,262.6,195.9,0.5048,0.6423,0.5097,0.6216,0.4998,0.6629,Screen Recording,Screen Recording Recording54.mp4,1920,1080,0,0,960,540,Fixation,3464,1161,964,709,0.5023,0.6569,,,,,,,,,,,
495420428,512571280335,Eye Tracker,LipReading_BJ,10/21/2025,ZJ,Recording54,10/18/2025,10/18/2025,21:15:16.594,13:15:16.594,535262,Timeline1,Tobii I-VT (Fixation),1.241.54219,1080,1920,10.0,2.8,2.1,2.7,0.26,0.2,0.25,10,8,10,4.8,8.1,6.0,0.48,0.81,0.58,18,30,22,2627955484,,,956,684,971,685,940,684,0.06897,0.07204,-0.99501,-0.07028,0.06293,-0.99554,4.116,4.047,4.04,,,,Valid,Valid,227.6,147.5,551.5,296.8,151.8,560.2,265.8,187.4,257.3,187.2,0.4977,0.6338,0.5059,0.634,0.4896,0.6335,Screen Recording,Screen Recording Recording54.mp4,1920,1080,0,0,960,540,Fixation,3464,1161,964,709,0.5023,0.6569,,,,,,,,,,,
495424428,512571284335,Eye Tracker,LipReading_BJ,10/21/2025,ZJ,Recording54,10/18/2025,10/18/2025,21:15:16.594,13:15:16.594,535262,Timeline1,Tobii I-VT (Fixation),1.241.54219,1080,1920,10.0,2.8,2.1,2.7,0.26,0.2,0.25,10,8,10,4.8,8.1,6.0,0.48,0.81,0.58,18,30,22,2627959484,,,968,725,979,698,957,752,0.07278,0.07841,-0.99426,-0.062,0.09568,-0.99348,4.101,3.894,4.038,,,,Valid,Valid,227.6,147.5,551.5,296.8,151.8,560.2,268.0,191.0,261.8,205.8,0.5041,0.6712,0.51,0.6461,0.4983,0.6962,Screen Recording,Screen Recording Recording54.mp4,1920,1080,0,0,960,540,Fixation,3464,1161,964,709,0.5023,0.6569,,,,,,,,,,,
495428429,512571288336,Eye Tracker,LipReading_BJ,10/21/2025,ZJ,Recording54,10/18/2025,10/18/2025,21:15:16.594,13:15:16.594,535262,Timeline1,Tobii I-VT (Fixation),1.241.54219,1080,1920,10.0,2.8,2.1,2.7,0.26,0.2,0.25,10,8,10,4.8,8.1,6.0,0.48,0.81,0.58,18,30,22,2627963485,,,969,698,978,676,960,719,0.07213,0.06772,-0.99509,-0.06074,0.08002,-0.99494,4.139,3.949,4.041,,,,Valid,Valid,227.6,147.5,551.5,296.8,151.8,560.2,267.6,185.0,262.6,196.9,0.5045,0.646,0.5092,0.6259,0.4998,0.6661,Screen Recording,Screen Recording Recording54.mp4,1920,1080,0,0,960,540,Fixation,3464,1161,964,709,0.5023,0.6569,,,,,,,,,,,
495432428,512571292335,Eye Tracker,LipReading_BJ,10/21/2025,ZJ,Recording54,10/18/2025,10/18/2025,21:15:16.594,13:15:16.594,535262,Timeline1,Tobii I-VT (Fixation),1.241.54219,1080,1920,10.0,2.8,2.1,2.7,0.26,0.2,0.25,10,8,10,4.8,8.1,6.0,0.48,0.81,0.58,18,30,22,2627967484,,,967,697,980,682,955,711,0.07306,0.07079,-0.99481,-0.06284,0.07594,-0.99513,4.127,3.988,4.044,,,,Valid,Valid,227.6,147.5,551.5,296.8,151.8,560.2,268.1,186.7,261.4,194.6,0.5039,0.645,0.5102,0.6317,0.4975,0.6583,Screen Recording,Screen Recording Recording54.mp4,1920,1080,0,0,960,540,Fixation,3464,1161,964,709,0.5023,0.6569,,,,,,,,,,,
495436429,512571296336,Eye Tracker,LipReading_BJ,10/21/2025,ZJ,Recording54,10/18/2025,10/18/2025,21:15:16.594,13:15:16.594,535262,Timeline1,Tobii I-VT (Fixation),1.241.54219,1080,1920,10.0,2.8,2.1,2.7,0.26,0.2,0.25,10,8,10,4.8,8.1,6.0,0.48,0.81,0.58,18,30,22,2627971485,,,963,703,976,671,949,736,0.07132,0.06504,-0.99533,-0.06559,0.08802,-0.99396,4.144,3.955,4.044,,,,Valid,Valid,227.6,147.5,551.5,296.8,151.8,560.2,267.1,183.5,259.8,201.4,0.5014,0.6512,0.5083,0.6209,0.4945,0.6815,Screen Recording,Screen Recording Recording54.mp4,1920,1080,0,0,960,540,Fixation,3464,1161,964,709,0.5023,0.6569,,,,,,,,,,,
495440428,512571300335,Eye Tracker,LipReading_BJ,10/21/2025,ZJ,Recording54,10/18/2025,10/18/2025,21:15:16.594,13:15:16.594,535262,Timeline1,Tobii I-VT (Fixation),1.241.54219,1080,1920,10.0,2.8,2.1,2.7,0.26,0.2,0.25,10,8,10,4.8,8.1,6.0,0.48,0.81,0.58,18,30,22,2627975484,,,969,711,985,688,954,733,0.07555,0.07379,-0.99441,-0.06361,0.08663,-0.99421,4.144,3.941,4.036,,,,Valid,Valid,227.6,147.5,551.5,296.8,151.8,560.2,269.5,188.4,261.0,200.6,0.5048,0.6581,0.5129,0.6374,0.4966,0.6788,Screen Recording,Screen Recording Recording54.mp4,1920,1080,0,0,960,540,Fixation,3464,1161,964,709,0.5023,0.6569,,,,,,,,,,,
495444428,512571304335,Eye Tracker,LipReading_BJ,10/21/2025,ZJ,Recording54,10/18/2025,10/18/2025,21:15:16.594,13:15:16.594,535262,Timeline1,Tobii I-VT (Fixation),1.241.54219,1080,1920,10.0,2.8,2.1,2.7,0.26,0.2,0.25,10,8,10,4.8,8.1,6.0,0.48,0.81,0.58,18,30,22,2627979484,,,968,709,978,679,959,739,0.07203,0.06938,-0.99499,-0.06098,0.08934,-0.99413,4.131,3.928,4.03,,,,Valid,Valid,227.6,147.5,551.5,296.8,151.8,560.2,267.5,185.9,262.4,202.2,0.5043,0.6565,0.5091,0.629,0.4995,0.684,Screen Recording,Screen Recording Recording54.mp4,1920,1080,0,0,960,540,Fixation,3464,1161,964,709,0.5023,0.6569,,,,,,,,,,,
495448429,512571308336,Eye Tracker,LipReading_BJ,10/21/2025,ZJ,Recording54,10/18/2025,10/18/2025,21:15:16.594,13:15:16.594,535262,Timeline1,Tobii I-VT (Fixation),1.241.54219,1080,1920,10.0,2.8,2.1,2.7,0.26,0.2,0.25,10,8,10,4.8,8.1,6.0,0.48,0.81,0.58,18,30,22,2627983485,,,967,714,981,692,953,737,0.07389,0.07534,-0.99442,-0.06369,0.08864,-0.99403,4.121,3.929,4.03,,,,Valid,Valid,227.6,147.5,551.5,296.8,151.8,560.2,268.6,189.3,260.9,201.8,0.5038,0.6615,0.5111,0.6403,0.4965,0.6827,Screen Recording,Screen Recording Recording54.mp4,1920,1080,0,0,960,540,Fixation,3464,1161,964,709,0.5023,0.6569,,,,,,,,,,,
495452426,512571312333,Eye Tracker,LipReading_BJ,10/21/2025,ZJ,Recording54,10/18/2025,10/18/2025,21:15:16.594,13:15:16.594,535262,Timeline1,Tobii I-VT (Fixation),1.241.54219,1080,1920,10.0,2.8,2.1,2.7,0.26,0.2,0.25,10,8,10,4.8,8.1,6.0,0.48,0.81,0.58,18,30,22,2627987482,,,962,722,977,691,948,753,0.07152,0.07487,-0.99462,-0.06635,0.09595,-0.99317,4.126,3.924,4.028,,,,Valid,Valid,227.6,147.5,551.5,296.8,151.8,560.2,267.3,189.0,259.4,206.0,0.5011,0.6681,0.5086,0.6394,0.4936,0.6969,Screen Recording,Screen Recording Recording54.mp4,1920,1080,0,0,960,540,Fixation,3464,1161,964,709,0.5023,0.6569,,,,,,,,,,,
495456427,512571316334,Eye Tracker,LipReading_BJ,10/21/2025,ZJ,Recording54,10/18/2025,10/18/2025,21:15:16.594,13:15:16.594,535262,Timeline1,Tobii I-VT (Fixation),1.241.54219,1080,1920,10.0,2.8,2.1,2.7,0.26,0.2,0.25,10,8,10,4.8,8.1,6.0,0.48,0.81,0.58,18,30,22,2627991483,,,970,702,983,675,956,729,0.07483,0.06697,-0.99495,-0.0624,0.08438,-0.99448,4.171,3.946,4.034,,,,Valid,Valid,227.6,147.5,551.5,296.8,151.8,560.2,269.1,184.6,261.7,199.4,0.505,0.6496,0.5121,0.6245,0.498,0.6746,Screen Recording,Screen Recording Recording54.mp4,1920,1080,0,0,960,540,Fixation,3464,1161,964,709,0.5023,0.6569,,,,,,,,,,,
495460426,512571320333,Eye Tracker,LipReading_BJ,10/21/2025,ZJ,Recording54,10/18/2025,10/18/2025,21:15:16.594,13:15:16.594,535262,Timeline1,Tobii I-VT (Fixation),1.241.54219,1080,1920,10.0,2.8,2.1,2.7,0.26,0.2,0.25,10,8,10,4.8,8.1,6.0,0.48,0.81,0.58,18,30,22,2627995482,,,960,699,974,685,947,712,0.07005,0.07237,-0.99491,-0.06705,0.0763,-0.99483,4.12,3.982,4.036,,,,Valid,Valid,227.6,147.5,551.5,296.8,151.8,560.2,266.4,187.6,259.1,194.8,0.5,0.6469,0.5071,0.6347,0.493,0.6591,Screen Recording,Screen Recording Recording54.mp4,1920,1080,0,0,960,540,Fixation,3464,1161,964,709,0.5023,0.6569,,,,,,,,,,,
495464426,512571324333,Eye Tracker,LipReading_BJ,10/21/2025,ZJ,Recording54,10/18/2025,10/18/2025,21:15:16.594,13:15:16.594,535262,Timeline1,Tobii I-VT (Fixation),1.241.54219,1080,1920,10.0,2.8,2.1,2.7,0.26,0.2,0.25,10,8,10,4.8,8.1,6.0,0.48,0.81,0.58,18,30,22,2627999482,,,961,704,974,684,948,723,0.07026,0.07176,-0.99494,-0.06643,0.08184,-0.99443,4.117,3.961,4.037,,,,Valid,Valid,227.6,147.5,551.5,296.8,151.9,560.2,266.6,187.2,259.4,198.0,0.5005,0.6516,0.5073,0.6335,0.4937,0.6698,Screen Recording,Screen Recording Recording54.mp4,1920,1080,0,0,960,540,Fixation,3464,1161,964,709,0.5023,0.6569,,,,,,,,,,,
495468427,512571328334,Eye Tracker,LipReading_BJ,10/21/2025,ZJ,Recording54,10/18/2025,10/18/2025,21:15:16.594,13:15:16.594,535262,Timeline1,Tobii I-VT (Fixation),1.241.54219,1080,1920,10.0,2.8,2.1,2.7,0.26,0.2,0.25,10,8,10,4.8,8.1,6.0,0.48,0.81,0.58,18,30,22,2628003483,,,964,715,981,685,947,745,0.07373,0.07222,-0.99466,-0.06691,0.09245,-0.99347,4.139,3.937,4.044,,,,Valid,Valid,227.6,147.5,551.5,296.8,151.8,560.2,268.5,187.5,259.1,204.0,0.502,0.6623,0.511,0.6344,0.4931,0.6901,Screen Recording,Screen Recording Recording54.mp4,1920,1080,0,0,960,540,Fixation,3464,1161,964,709,0.5023,0.6569,,,,,,,,,,,
495472426,512571332333,Eye Tracker,LipReading_BJ,10/21/2025,ZJ,Recording54,10/18/2025,10/18/2025,21:15:16.594,13:15:16.594,535262,Timeline1,Tobii I-VT (Fixation),1.241.54219,1080,1920,10.0,2.8,2.1,2.7,0.26,0.2,0.25,10,8,10,4.8,8.1,6.0,0.48,0.81,0.58,18,30,22,2628007482,,,970,725,983,694,956,755,0.07475,0.0767,-0.99425,-0.0623,0.09712,-0.99332,4.129,3.906,4.045,,,,Valid,Valid,227.6,147.5,551.6,296.8,151.8,560.2,269.1,190.0,261.7,206.6,0.5051,0.671,0.5121,0.6429,0.498,0.6991,Screen Recording,Screen Recording Recording54.mp4,1920,1080,0,0,960,540,Fixation,3464,1161,964,709,0.5023,0.6569,,,,,,,,,,,
495476427,512571336334,Eye Tracker,LipReading_BJ,10/21/2025,ZJ,Recording54,10/18/2025,10/18/2025,21:15:16.594,13:15:16.594,535262,Timeline1,Tobii I-VT (Fixation),1.241.54219,1080,1920,10.0,2.8,2.1,2.7,0.26,0.2,0.25,10,8,10,4.8,8.1,6.0,0.48,0.81,0.58,18,30,22,2628011483,,,966,699,979,681,954,718,0.07273,0.07012,-0.99488,-0.06369,0.07903,-0.99484,4.126,3.97,4.049,,,,Valid,Valid,227.6,147.5,551.5,296.8,151.9,560.2,267.9,186.3,261.0,196.4,0.5033,0.6474,0.5099,0.6305,0.4967,0.6644,Screen Recording,Screen Recording Recording54.mp4,1920,1080,0,0,960,540,Fixation,3464,1161,964,709,0.5023,0.6569,,,,,,,,,,,
495480426,512571340333,Eye Tracker,LipReading_BJ,10/21/2025,ZJ,Recording54,10/18/2025,10/18/2025,21:15:16.594,13:15:16.594,535262,Timeline1,Tobii I-VT (Fixation),1.241.54219,1080,1920,10.0,2.8,2.1,2.7,0.26,0.2,0.25,10,8,10,4.8,8.1,6.0,0.48,0.81,0.58,18,30,22,2628015482,,,969,705,986,678,953,732,0.07599,0.06855,-0.99475,-0.06396,0.08625,-0.99422,4.158,3.976,4.049,,,,Valid,Valid,227.6,147.5,551.5,296.8,151.9,560.2,269.8,185.5,260.8,200.5,0.5049,0.6529,0.5134,0.6276,0.4963,0.6782,Screen Recording,Screen Recording Recording54.mp4,1920,1080,0,0,960,540,Fixation,3464,1161,964,709,0.5023,0.6569,,,,,,,,,,,
495484426,512571344333,Eye Tracker,LipReading_BJ,10/21/2025,ZJ,Recording54,10/18/2025,10/18/2025,21:15:16.594,13:15:16.594,535262,Timeline1,Tobii I-VT (Fixation),1.241.54219,1080,1920,10.0,2.8,2.1,2.7,0.26,0.2,0.25,10,8,10,4.8,8.1,6.0,0.48,0.81,0.58,18,30,22,2628019482,,,973,701,984,689,962,714,0.07515,0.07398,-0.99442,-0.05975,0.07718,-0.99523,4.116,3.998,4.051,,,,Valid,Valid,227.6,147.5,551.6,296.8,151.9,560.2,269.3,188.5,263.2,195.3,0.5067,0.6493,0.5125,0.6378,0.5009,0.6608,Screen Recording,Screen Recording Recording54.mp4,1920,1080,0,0,960,540,Fixation,3464,1161,964,709,0.5023,0.6569,,,,,,,,,,,
495488427,512571348334,Eye Tracker,LipReading_BJ,10/21/2025,ZJ,Recording54,10/18/2025,10/18/2025,21:15:16.594,13:15:16.594,535262,Timeline1,Tobii I-VT (Fixation),1.241.54219,1080,1920,10.0,2.8,2.1,2.7,0.26,0.2,0.25,10,8,10,4.8,8.1,6.0,0.48,0.81,0.58,18,30,22,2628023483,,,968,707,987,690,950,724,0.07632,0.07451,-0.9943,-0.06531,0.08213,-0.99448,4.149,3.97,4.062,,,,Valid,Valid,227.6,147.5,551.5,296.8,151.9,560.2,270.0,188.8,260.1,198.1,0.5044,0.6546,0.5138,0.6388,0.4949,0.6703,Screen Recording,Screen Recording Recording54.mp4,1920,1080,0,0,960,540,Fixation,3464,1161,964,709,0.5023,0.6569,,,,,,,,,,,
495492426,512571352333,Eye Tracker,LipReading_BJ,10/21/2025,ZJ,Recording54,10/18/2025,10/18/2025,21:15:16.594,13:15:16.594,535262,Timeline1,Tobii I-VT (Fixation),1.241.54219,1080,1920,10.0,2.8,2.1,2.7,0.26,0.2,0.25,10,8,10,4.8,8.1,6.0,0.48,0.81,0.58,18,30,22,2628027482,,,969,710,978,689,961,731,0.0719,0.07428,-0.99464,-0.06017,0.08557,-0.99451,4.126,3.981,4.057,,,,Valid,Valid,227.6,147.5,551.6,296.9,151.9,560.1,267.5,188.7,263.0,200.1,0.5048,0.6576,0.5091,0.6383,0.5005,0.6769,Screen Recording,Screen Recording Recording54.mp4,1920,1080,0,0,960,540,Fixation,3464,1161,964,709,0.5023,0.6569,,,,,,,,,,,
495496427,512571356334,Eye Tracker,LipReading_BJ,10/21/2025,ZJ,Recording54,10/18/2025,10/18/2025,21:15:16.594,13:15:16.594,535262,Timeline1,Tobii I-VT (Fixation),1.241.54219,1080,1920,10.0,2.8,2.1,2.7,0.26,0.2,0.25,10,8,10,4.8,8.1,6.0,0.48,0.81,0.58,18,30,22,2628031483,,,969,713,984,685,955,741,0.07485,0.07227,-0.99457,-0.06283,0.09056,-0.99391,4.148,3.964,4.057,,,,Valid,Valid,227.7,147.5,551.6,296.9,151.9,560.2,269.2,187.5,261.5,202.9,0.5049,0.6605,0.5123,0.6345,0.4976,0.6865,Screen Recording,Screen Recording Recording54.mp4,1920,1080,0,0,960,540,Fixation,3464,1161,964,709,0.5023,0.6569,,,,,,,,,,,
495500426,512571360333,Eye Tracker,LipReading_BJ,10/21/2025,ZJ,Recording54,10/18/2025,10/18/2025,21:15:16.594,13:15:16.594,535262,Timeline1,Tobii I-VT (Fixation),1.241.54219,1080,1920,10.0,2.8,2.1,2.7,0.26,0.2,0.25,10,8,10,4.8,8.1,6.0,0.48,0.81,0.58,18,30,22,2628035482,,,978,713,995,687,961,739,0.08045,0.07295,-0.99408,-0.06023,0.08934,-0.99418,4.144,3.952,4.059,,,,Valid,Valid,227.7,147.5,551.6,296.9,151.9,560.2,272.3,187.9,262.9,202.2,0.5093,0.66,0.5182,0.6359,0.5004,0.6841,Screen Recording,Screen Recording Recording54.mp4,1920,1080,0,0,960,540,Fixation,3464,1161,964,709,0.5023,0.6569,,,,,,,,,,,
495504426,512571364333,Eye Tracker,LipReading_BJ,10/21/2025,ZJ,Recording54,10/18/2025,10/18/2025,21:15:16.594,13:15:16.594,535262,Timeline1,Tobii I-VT (Fixation),1.241.54219,1080,1920,10.0,2.8,2.1,2.7,0.26,0.2,0.25,10,8,10,4.8,8.1,6.0,0.48,0.81,0.58,18,30,22,2628039482,,,969,705,992,693,947,716,0.07873,0.07609,-0.99399,-0.06715,0.07835,-0.99466,4.138,3.984,4.053,,,,Valid,Valid,227.7,147.5,551.5,296.9,151.9,560.1,271.3,189.7,259.1,196.0,0.5047,0.6525,0.5164,0.6418,0.493,0.6631,Screen Recording,Screen Recording Recording54.mp4,1920,1080,0,0,960,540,Fixation,3464,1161,964,709,0.5023,0.6569,,,,,,,,,,,
495508427,512571368334,Eye Tracker,LipReading_BJ,10/21/2025,ZJ,Recording54,10/18/2025,10/18/2025,21:15:16.594,13:15:16.594,535262,Timeline1,Tobii I-VT (Fixation),1.241.54219,1080,1920,10.0,2.8,2.1,2.7,0.26,0.2,0.25,10,8,10,4.8,8.1,6.0,0.48,0.81,0.58,18,30,22,2628043483,,,972,698,981,689,963,707,0.07373,0.07422,-0.99451,-0.05916,0.07401,-0.9955,4.124,3.994,4.061,,,,Valid,Valid,227.7,147.5,551.6,296.9,151.9,560.2,268.6,188.6,263.6,193.5,0.5064,0.6464,0.5111,0.6382,0.5017,0.6547,Screen Recording,Screen Recording Recording54.mp4,1920,1080,0,0,960,540,Fixation,3464,1161,964,709,0.5023,0.6569,,,,,,,,,,,
495512426,512571372333,Eye Tracker,LipReading_BJ,10/21/2025,ZJ,Recording54,10/18/2025,10/18/2025,21:15:16.594,13:15:16.594,535262,Timeline1,Tobii I-VT (Fixation),1.241.54219,1080,1920,10.0,2.8,2.1,2.7,0.26,0.2,0.25,10,8,10,4.8,8.1,6.0,0.48,0.81,0.58,18,30,22,2628047482,,,971,712,991,682,951,742,0.07867,0.07048,-0.99441,-0.06476,0.09059,-0.99378,4.142,3.946,4.058,,,,Valid,Valid,227.7,147.5,551.5,296.9,151.9,560.2,271.3,186.6,260.4,202.9,0.5059,0.6589,0.5163,0.6312,0.4955,0.6866,Screen Recording,Screen Recording Recording54.mp4,1920,1080,0,0,960,540,Fixation,3464,1161,964,709,0.5023,0.6569,,,,,,,,,,,
495516427,512571376334,Eye Tracker,LipReading_BJ,10/21/2025,ZJ,Recording54,10/18/2025,10/18/2025,21:15:16.594,13:15:16.594,535262,Timeline1,Tobii I-VT (Fixation),1.241.54219,1080,1920,10.0,2.8,2.1,2.7,0.26,0.2,0.25,10,8,10,4.8,8.1,6.0,0.48,0.81,0.58,18,30,22,2628051483,,,975,694,986,662,963,727,0.07628,0.06092,-0.99522,-0.05935,0.0835,-0.99474,4.131,3.991,4.047,,,,Valid,Valid,227.7,147.5,551.5,296.9,151.9,560.1,270.0,181.2,263.5,198.9,0.5076,0.643,0.5138,0.6131,0.5014,0.6729,Screen Recording,Screen Recording Recording54.mp4,1920,1080,0,0,960,540,Fixation,3464,1161,964,709,0.5023,0.6569,,,,,,,,,,,
495520425,512571380332,Eye Tracker,LipReading_BJ,10/21/2025,ZJ,Recording54,10/18/2025,10/18/2025,21:15:16.594,13:15:16.594,535262,Timeline1,Tobii I-VT (Fixation),1.241.54219,1080,1920,10.0,2.8,2.1,2.7,0.26,0.2,0.25,10,8,10,4.8,8.1,6.0,0.48,0.81,0.58,18,30,22,2628055482,,,965,724,986,685,944,764,0.07606,0.07202,-0.9945,-0.06834,0.1013,-0.99251,4.133,3.919,4.046,,,,Valid,Valid,227.7,147.5,551.5,296.9,151.9,560.1,269.9,187.4,258.3,209.0,0.5026,0.6707,0.5136,0.6341,0.4916,0.7073,Screen Recording,Screen Recording Recording54.mp4,1920,1080,0,0,960,540,Fixation,3464,1161,964,709,0.5023,0.6569,,,,,,,,,,,
495524425,512571384332,Eye Tracker,LipReading_BJ,10/21/2025,ZJ,Recording54,10/18/2025,10/18/2025,21:15:16.594,13:15:16.594,535262,Timeline1,Tobii I-VT (Fixation),1.241.54219,1080,1920,10.0,2.8,2.1,2.7,0.26,0.2,0.25,10,8,10,4.8,8.1,6.0,0.48,0.81,0.58,18,30,22,2628059482,,,976,709,993,671,960,748,0.07944,0.06527,-0.9947,-0.06082,0.09351,-0.99376,4.152,3.961,4.047,,,,Valid,Valid,227.7,147.5,551.6,296.9,151.9,560.1,271.7,183.7,262.6,204.6,0.5085,0.6568,0.5171,0.6214,0.4998,0.6922,Screen Recording,Screen Recording Recording54.mp4,1920,1080,0,0,960,540,Fixation,3464,1161,964,709,0.5023,0.6569,,,,,,,,,,,
495528426,512571388333,Eye Tracker,LipReading_BJ,10/21/2025,ZJ,Recording54,10/18/2025,10/18/2025,21:15:16.594,13:15:16.594,535262,Timeline1,Tobii I-VT (Fixation),1.241.54219,1080,1920,10.0,2.8,2.1,2.7,0.26,0.2,0.25,10,8,10,4.8,8.1,6.0,0.48,0.81,0.58,18,30,22,2628063483,,,972,710,987,670,958,749,0.07665,0.06471,-0.99496,-0.06177,0.09437,-0.99362,4.148,3.95,4.052,,,,Valid,Valid,227.7,147.5,551.5,296.9,151.9,560.1,270.2,183.3,262.1,205.1,0.5065,0.6571,0.5142,0.6203,0.4988,0.6939,Screen Recording,Screen Recording Recording54.mp4,1920,1080,0,0,960,540,Fixation,3464,1161,964,709,0.5023,0.6569,,,,,,,,,,,
495532426,512571392333,Eye Tracker,LipReading_BJ,10/21/2025,ZJ,Recording54,10/18/2025,10/18/2025,21:15:16.594,13:15:16.594,535262,Timeline1,Tobii I-VT (Fixation),1.241.54219,1080,1920,10.0,2.8,2.1,2.7,0.26,0.2,0.25,10,8,10,4.8,8.1,6.0,0.48,0.81,0.58,18,30,22,2628067483,,,969,706,986,694,953,719,0.07585,0.07656,-0.99418,-0.06423,0.07948,-0.99477,4.131,4.024,4.052,,,,Valid,Valid,227.7,147.5,551.6,296.9,151.9,560.1,269.8,189.9,260.7,196.6,0.5048,0.6539,0.5134,0.6426,0.4962,0.6653,Screen Recording,Screen Recording Recording54.mp4,1920,1080,0,0,960,540,Fixation,3464,1161,964,709,0.5023,0.6569,,,,,,,,,,,
495536426,512571396333,Eye Tracker,LipReading_BJ,10/21/2025,ZJ,Recording54,10/18/2025,10/18/2025,21:15:16.594,13:15:16.594,535262,Timeline1,Tobii I-VT (Fixation),1.241.54219,1080,1920,10.0,2.8,2.1,2.7,0.26,0.2,0.25,10,8,10,4.8,8.1,6.0,0.48,0.81,0.58,18,30,22,2628071483,,,967,705,979,687,956,724,0.0727,0.07299,-0.99468,-0.06281,0.08197,-0.99465,4.143,3.981,4.062,,,,Valid,Valid,227.7,147.5,551.5,296.9,151.9,560.1,268.0,187.9,261.5,198.0,0.5039,0.653,0.51,0.6359,0.4977,0.67,Screen Recording,Screen Recording Recording54.mp4,1920,1080,0,0,960,540,Fixation,3464,1161,964,709,0.5023,0.6569,,,,,,,,,,,
495540425,512571400332,Eye Tracker,LipReading_BJ,10/21/2025,ZJ,Recording54,10/18/2025,10/18/2025,21:15:16.594,13:15:16.594,535262,Timeline1,Tobii I-VT (Fixation),1.241.54219,1080,1920,10.0,2.8,2.1,2.7,0.26,0.2,0.25,10,8,10,4.8,8.1,6.0,0.48,0.81,0.58,18,30,22,2628075482,,,968,722,981,691,954,753,0.07367,0.07483,-0.99447,-0.06341,0.09605,-0.99335,4.131,3.959,4.061,,,,Valid,Valid,227.7,147.5,551.5,296.9,151.9,560.1,268.5,189.0,261.1,206.0,0.504,0.6683,0.5111,0.6394,0.497,0.6971,Screen Recording,Screen Recording Recording54.mp4,1920,1080,0,0,960,540,Fixation,3464,1161,964,709,0.5023,0.6569,,,,,,,,,,,
495544425,512571404332,Eye Tracker,LipReading_BJ,10/21/2025,ZJ,Recording54,10/18/2025,10/18/2025,21:15:16.594,13:15:16.594,535262,Timeline1,Tobii I-VT (Fixation),1.241.54219,1080,1920,10.0,2.8,2.1,2.7,0.26,0.2,0.25,10,8,10,4.8,8.1,6.0,0.48,0.81,0.58,18,30,22,2628079482,,,971,702,985,673,956,731,0.07572,0.06625,-0.99493,-0.06254,0.08542,-0.99438,4.176,3.984,4.063,,,,Valid,Valid,227.7,147.5,551.5,296.9,151.9,560.1,269.7,184.2,261.7,200.0,0.5056,0.65,0.5132,0.6233,0.498,0.6767,Screen Recording,Screen Recording Recording54.mp4,1920,1080,0,0,960,540,Fixation,3464,1161,964,709,0.5023,0.6569,,,,,,,,,,,
495548426,512571408333,Eye Tracker,LipReading_BJ,10/21/2025,ZJ,Recording54,10/18/2025,10/18/2025,21:15:16.594,13:15:16.594,535262,Timeline1,Tobii I-VT (Fixation),1.241.54219,1080,1920,10.0,2.8,2.1,2.7,0.26,0.2,0.25,10,8,10,4.8,8.1,6.0,0.48,0.81,0.58,18,30,22,2628083483,,,971,698,989,685,953,710,0.07753,0.07209,-0.99438,-0.06419,0.07545,-0.99508,4.138,4.027,4.064,,,,Valid,Valid,227.7,147.5,551.5,296.9,151.9,560.1,270.7,187.5,260.8,194.4,0.5057,0.6459,0.5151,0.6343,0.4963,0.6576,Screen Recording,Screen Recording Recording54.mp4,1920,1080,0,0,960,540,Fixation,3464,1161,964,709,0.5023,0.6569,,,,,,,,,,,
495552426,512571412333,Eye Tracker,LipReading_BJ,10/21/2025,ZJ,Recording54,10/18/2025,10/18/2025,21:15:16.594,13:15:16.594,535262,Timeline1,Tobii I-VT (Fixation),1.241.54219,1080,1920,10.0,2.8,2.1,2.7,0.26,0.2,0.25,10,8,10,4.8,8.1,6.0,0.48,0.81,0.58,18,30,22,2628087483,,,978,699,995,685,960,712,0.0803,0.07201,-0.99417,-0.06056,0.07639,-0.99524,4.145,4.015,4.065,,,,Valid,Valid,227.7,147.5,551.5,296.9,151.9,560.1,272.2,187.4,262.8,194.9,0.5091,0.6468,0.5181,0.6342,0.5002,0.6594,Screen Recording,Screen Recording Recording54.mp4,1920,1080,0,0,960,540,Fixation,3464,1161,964,709,0.5023,0.6569,,,,,,,,,,,
495556426,512571416333,Eye Tracker,LipReading_BJ,10/21/2025,ZJ,Recording54,10/18/2025,10/18/2025,21:15:16.594,13:15:16.594,535262,Timeline1,Tobii I-VT (Fixation),1.241.54219,1080,1920,10.0,2.8,2.1,2.7,0.26,0.2,0.25,10,8,10,4.8,8.1,6.0,0.48,0.81,0.58,18,30,22,2628091483,,,968,719,982,687,953,751,0.07428,0.0732,-0.99455,-0.06383,0.09502,-0.99343,4.146,3.944,4.08,,,,Valid,Valid,227.7,147.5,551.5,296.9,151.9,560.1,268.9,188.1,260.9,205.5,0.5041,0.6658,0.5117,0.6363,0.4965,0.6952,Screen Recording,Screen Recording Recording54.mp4,1920,1080,0,0,960,540,Fixation,3464,1161,964,709,0.5023,0.6569,,,,,,,,,,,
495560425,512571420332,Eye Tracker,LipReading_BJ,10/21/2025,ZJ,Recording54,10/18/2025,10/18/2025,21:15:16.594,13:15:16.594,535262,Timeline1,Tobii I-VT (Fixation),1.241.54219,1080,1920,10.0,2.8,2.1,2.7,0.26,0.2,0.25,10,8,10,4.8,8.1,6.0,0.48,0.81,0.58,18,30,22,2628095482,,,974,717,987,683,961,751,0.07652,0.07086,-0.99455,-0.06024,0.09512,-0.99364,4.153,3.931,4.08,,,,Valid,Valid,227.7,147.5,551.5,296.9,151.9,560.1,270.1,186.8,262.9,205.5,0.5072,0.6637,0.5141,0.632,0.5004,0.6953,Screen Recording,Screen Recording Recording54.mp4,1920,1080,0,0,960,540,Fixation,3464,1161,964,709,0.5023,0.6569,,,,,,,,,,,
495564425,512571424332,Eye Tracker,LipReading_BJ,10/21/2025,ZJ,Recording54,10/18/2025,10/18/2025,21:15:16.594,13:15:16.594,535262,Timeline1,Tobii I-VT (Fixation),1.241.54219,1080,1920,10.0,2.8,2.1,2.7,0.26,0.2,0.25,10,8,10,4.8,8.1,6.0,0.48,0.81,0.58,18,30,22,2628099482,,,976,700,992,695,959,706,0.07913,0.07697,-0.99389,-0.06131,0.07319,-0.99543,4.125,4.017,4.071,,,,Valid,Valid,227.7,147.5,551.5,296.9,151.9,560.1,271.6,190.2,262.4,193.1,0.5081,0.6484,0.5169,0.6436,0.4994,0.6533,Screen Recording,Screen Recording Recording54.mp4,1920,1080,0,0,960,540,Fixation,3464,1161,964,709,0.5023,0.6569,,,,,,,,,,,
495568426,512571428333,Eye Tracker,LipReading_BJ,10/21/2025,ZJ,Recording54,10/18/2025,10/18/2025,21:15:16.594,13:15:16.594,535262,Timeline1,Tobii I-VT (Fixation),1.241.54219,1080,1920,10.0,2.8,2.1,2.7,0.26,0.2,0.25,10,8,10,4.8,8.1,6.0,0.48,0.81,0.58,18,30,22,2628103483,,,978,703,996,689,959,717,0.08097,0.07406,-0.99396,-0.06107,0.07861,-0.99503,4.148,4.014,4.079,,,,Valid,Valid,227.7,147.5,551.5,296.9,151.9,560.0,272.6,188.6,262.5,196.2,0.5092,0.6509,0.5188,0.6381,0.4996,0.6637,Screen Recording,Screen Recording Recording54.mp4,1920,1080,0,0,960,540,Fixation,3464,1161,964,709,0.5023,0.6569,,,,,,,,,,,
495572426,512571432333,Eye Tracker,LipReading_BJ,10/21/2025,ZJ,Recording54,10/18/2025,10/18/2025,21:15:16.594,13:15:16.594,535262,Timeline1,Tobii I-VT (Fixation),1.241.54219,1080,1920,10.0,2.8,2.1,2.7,0.26,0.2,0.25,10,8,10,4.8,8.1,6.0,0.48,0.81,0.58,18,30,22,2628107483,,,968,709,981,690,956,727,0.0736,0.07465,-0.99449,-0.06277,0.08366,-0.99452,4.134,3.997,4.078,,,,Valid,Valid,227.7,147.5,551.5,296.9,151.9,560.1,268.5,188.9,261.5,199.0,0.5044,0.6562,0.511,0.6391,0.4977,0.6734,Screen Recording,Screen Recording Recording54.mp4,1920,1080,0,0,960,540,Fixation,3464,1161,964,709,0.5023,0.6569,,,,,,,,,,,
495576426,512571436333,Eye Tracker,LipReading_BJ,10/21/2025,ZJ,Recording54,10/18/2025,10/18/2025,21:15:16.594,13:15:16.594,535262,Timeline1,Tobii I-VT (Fixation),1.241.54219,1080,1920,10.0,2.8,2.1,2.7,0.26,0.2,0.25,10,8,10,4.8,8.1,6.0,0.48,0.81,0.58,18,30,22,2628111483,,,973,702,984,687,962,718,0.07489,0.07323,-0.9945,-0.05994,0.079,-0.99507,4.15,4.01,4.078,,,,Valid,Valid,227.7,147.5,551.4,296.9,151.9,560.0,269.2,188.1,263.1,196.4,0.5066,0.6505,0.5123,0.6365,0.5008,0.6644,Screen Recording,Screen Recording Recording54.mp4,1920,1080,0,0,960,540,Fixation,3464,1161,964,709,0.5023,0.6569,,,,,,,,,,,
495580425,512571440332,Eye Tracker,LipReading_BJ,10/21/2025,ZJ,Recording54,10/18/2025,10/18/2025,21:15:16.594,13:15:16.594,535262,Timeline1,Tobii I-VT (Fixation),1.241.54219,1080,1920,10.0,2.8,2.1,2.7,0.26,0.2,0.25,10,8,10,4.8,8.1,6.0,0.48,0.81,0.58,18,30,22,2628115482,,,974,710,991,690,957,731,0.07839,0.07425,-0.99415,-0.06226,0.08558,-0.99438,4.146,3.994,4.071,,,,Valid,Valid,227.7,147.5,551.4,296.9,151.9,560.0,271.1,188.7,261.8,200.1,0.5072,0.6578,0.516,0.6384,0.4983,0.6771,Screen Recording,Screen Recording Recording54.mp4,1920,1080,0,0,960,540,Fixation,3464,1161,964,709,0.5023,0.6569,,,,,,,,,,,
495584422,512571444329,Eye Tracker,LipReading_BJ,10/21/2025,ZJ,Recording54,10/18/2025,10/18/2025,21:15:16.594,13:15:16.594,535262,Timeline1,Tobii I-VT (Fixation),1.241.54219,1080,1920,10.0,2.8,2.1,2.7,0.26,0.2,0.25,10,8,10,4.8,8.1,6.0,0.48,0.81,0.58,18,30,22,2628119479,,,967,691,984,682,951,699,0.07516,0.07075,-0.99466,-0.06522,0.0702,-0.9954,4.167,4.009,4.079,,,,Valid,Valid,227.7,147.5,551.5,296.9,151.9,560.0,269.3,186.7,260.2,191.4,0.5039,0.6397,0.5126,0.6318,0.4952,0.6476,Screen Recording,Screen Recording Recording54.mp4,1920,1080,0,0,960,540,Fixation,3464,1161,964,709,0.5023,0.6569,,,,,,,,,,,
495588423,512571448330,Eye Tracker,LipReading_BJ,10/21/2025,ZJ,Recording54,10/18/2025,10/18/2025,21:15:16.594,13:15:16.594,535262,Timeline1,Tobii I-VT (Fixation),1.241.54219,1080,1920,10.0,2.8,2.1,2.7,0.26,0.2,0.25,10,8,10,4.8,8.1,6.0,0.48,0.81,0.58,18,30,22,2628123480,,,972,703,992,677,952,730,0.07886,0.06805,-0.99456,-0.06457,0.08491,-0.99429,4.144,3.977,4.076,,,,Valid,Valid,227.7,147.5,551.5,296.9,151.9,560.0,271.4,185.2,260.5,199.8,0.5061,0.6513,0.5165,0.6268,0.4958,0.6758,Screen Recording,Screen Recording Recording54.mp4,1920,1080,0,0,960,540,Fixation,3464,1161,964,709,0.5023,0.6569,,,,,,,,,,,
495592423,512571452330,Eye Tracker,LipReading_BJ,10/21/2025,ZJ,Recording54,10/18/2025,10/18/2025,21:15:16.594,13:15:16.594,535262,Timeline1,Tobii I-VT (Fixation),1.241.54219,1080,1920,10.0,2.8,2.1,2.7,0.26,0.2,0.25,10,8,10,4.8,8.1,6.0,0.48,0.81,0.58,18,30,22,2628127480,,,977,694,995,676,959,712,0.08054,0.06775,-0.99445,-0.06114,0.07639,-0.9952,4.158,4.017,4.067,,,,Valid,Valid,227.7,147.5,551.5,296.9,151.9,560.0,272.3,185.1,262.5,194.9,0.5089,0.6428,0.5183,0.6262,0.4995,0.6595,Screen Recording,Screen Recording Recording54.mp4,1920,1080,0,0,960,540,Fixation,3464,1161,964,709,0.5023,0.6569,,,,,,,,,,,
495596423,512571456330,Eye Tracker,LipReading_BJ,10/21/2025,ZJ,Recording54,10/18/2025,10/18/2025,21:15:16.594,13:15:16.594,535262,Timeline1,Tobii I-VT (Fixation),1.241.54219,1080,1920,10.0,2.8,2.1,2.7,0.26,0.2,0.25,10,8,10,4.8,8.1,6.0,0.48,0.81,0.58,18,30,22,2628131480,,,976,721,991,687,961,755,0.07872,0.07321,-0.9942,-0.06,0.09683,-0.99349,4.172,3.932,4.064,,,,Valid,Valid,227.7,147.5,551.4,296.9,151.9,560.0,271.3,188.1,263.1,206.5,0.5085,0.6676,0.5164,0.6365,0.5006,0.6987,Screen Recording,Screen Recording Recording54.mp4,1920,1080,0,0,960,540,Fixation,3464,1161,964,709,0.5023,0.6569,,,,,,,,,,,
495600422,512571460329,Eye Tracker,LipReading_BJ,10/21/2025,ZJ,Recording54,10/18/2025,10/18/2025,21:15:16.594,13:15:16.594,535262,Timeline1,Tobii I-VT (Fixation),1.241.54219,1080,1920,10.0,2.8,2.1,2.7,0.26,0.2,0.25,10,8,10,4.8,8.1,6.0,0.48,0.81,0.58,18,30,22,2628135479,,,973,719,990,684,955,753,0.07802,0.07154,-0.99438,-0.06288,0.09607,-0.99339,4.143,3.919,4.088,,,,Valid,Valid,227.7,147.5,551.4,296.9,151.9,560.0,270.9,187.2,261.4,206.1,0.5066,0.6653,0.5156,0.6333,0.4975,0.6973,Screen Recording,Screen Recording Recording54.mp4,1920,1080,0,0,960,540,Fixation,3464,1161,964,709,0.5023,0.6569,,,,,,,,,,,
495604422,512571464329,Eye Tracker,LipReading_BJ,10/21/2025,ZJ,Recording54,10/18/2025,10/18/2025,21:15:16.594,13:15:16.594,535262,Timeline1,Tobii I-VT (Fixation),1.241.54219,1080,1920,10.0,2.8,2.1,2.7,0.26,0.2,0.25,10,8,10,4.8,8.1,6.0,0.48,0.81,0.58,18,30,22,2628139479,,,974,698,985,683,963,713,0.07535,0.07118,-0.99461,-0.05944,0.07681,-0.99527,4.151,4.02,4.08,,,,Valid,Valid,227.7,147.5,551.4,296.9,151.9,560.0,269.4,187.0,263.4,195.1,0.5071,0.6465,0.5128,0.6326,0.5014,0.6603,Screen Recording,Screen Recording Recording54.mp4,1920,1080,0,0,960,540,Fixation,3464,1161,964,709,0.5023,0.6569,,,,,,,,,,,
495608423,512571468330,Eye Tracker,LipReading_BJ,10/21/2025,ZJ,Recording54,10/18/2025,10/18/2025,21:15:16.594,13:15:16.594,535262,Timeline1,Tobii I-VT (Fixation),1.241.54219,1080,1920,10.0,2.8,2.1,2.7,0.26,0.2,0.25,10,8,10,4.8,8.1,6.0,0.48,0.81,0.58,18,30,22,2628143480,,,975,694,988,684,962,703,0.07706,0.07172,-0.99444,-0.05998,0.07194,-0.9956,4.158,4.021,4.079,,,,Valid,Valid,227.7,147.5,551.4,296.9,151.9,560.0,270.4,187.3,263.1,192.4,0.5077,0.6423,0.5146,0.6337,0.5008,0.6509,Screen Recording,Screen Recording Recording54.mp4,1920,1080,0,0,960,540,Fixation,3464,1161,964,709,0.5023,0.6569,,,,,,,,,,,
495612423,512571472330,Eye Tracker,LipReading_BJ,10/21/2025,ZJ,Recording54,10/18/2025,10/18/2025,21:15:16.594,13:15:16.594,535262,Timeline1,Tobii I-VT (Fixation),1.241.54219,1080,1920,10.0,2.8,2.1,2.7,0.26,0.2,0.25,10,8,10,4.8,8.1,6.0,0.48,0.81,0.58,18,30,22,2628147480,,,972,702,988,684,957,720,0.07693,0.07151,-0.99447,-0.06233,0.07994,-0.99485,4.14,4.01,4.082,,,,Valid,Valid,227.7,147.5,551.4,296.9,151.9,560.0,270.3,187.2,261.8,196.9,0.5064,0.6498,0.5145,0.6333,0.4983,0.6663,Screen Recording,Screen Recording Recording54.mp4,1920,1080,0,0,960,540,Fixation,3464,1161,964,709,0.5023,0.6569,,,,,,,,,,,
495616423,512571476330,Eye Tracker,LipReading_BJ,10/21/2025,ZJ,Recording54,10/18/2025,10/18/2025,21:15:16.594,13:15:16.594,535262,Timeline1,Tobii I-VT (Fixation),1.241.54219,1080,1920,10.0,2.8,2.1,2.7,0.26,0.2,0.25,10,8,10,4.8,8.1,6.0,0.48,0.81,0.58,18,30,22,2628151480,,,978,693,996,676,961,710,0.08091,0.06781,-0.99441,-0.06049,0.0751,-0.99534,4.138,4.016,4.078,,,,Valid,Valid,227.7,147.5,551.4,296.9,151.9,560.0,272.5,185.1,262.9,194.2,0.5095,0.6417,0.5187,0.6263,0.5003,0.657,Screen Recording,Screen Recording Recording54.mp4,1920,1080,0,0,960,540,Fixation,3464,1161,964,709,0.5023,0.6569,,,,,,,,,,,
495620422,512571480329,Eye Tracker,LipReading_BJ,10/21/2025,ZJ,Recording54,10/18/2025,10/18/2025,21:15:16.594,13:15:16.594,535262,Timeline1,Tobii I-VT (Fixation),1.241.54219,1080,1920,10.0,2.8,2.1,2.7,0.26,0.2,0.25,10,8,10,4.8,8.1,6.0,0.48,0.81,0.58,18,30,22,2628155479,,,972,705,986,680,958,730,0.07626,0.06976,-0.99464,-0.06159,0.08496,-0.99448,4.147,3.963,4.064,,,,Valid,Valid,227.7,147.5,551.4,296.9,151.9,560.0,270.0,186.2,262.2,199.8,0.5064,0.653,0.5138,0.63,0.499,0.6759,Screen Recording,Screen Recording Recording54.mp4,1920,1080,0,0,960,540,Fixation,3464,1161,964,709,0.5023,0.6569,,,,,,,,,,,
495624421,512571484328,Eye Tracker,LipReading_BJ,10/21/2025,ZJ,Recording54,10/18/2025,10/18/2025,21:15:16.594,13:15:16.594,535262,Timeline1,Tobii I-VT (Fixation),1.241.54219,1080,1920,10.0,2.8,2.1,2.7,0.26,0.2,0.25,10,8,10,4.8,8.1,6.0,0.48,0.81,0.58,18,30,22,2628159479,,,978,702,998,680,957,724,0.08178,0.06943,-0.99423,-0.06197,0.08221,-0.99469,4.147,3.987,4.055,,,,Valid,Valid,227.7,147.5,551.4,296.9,152.0,559.9,273.0,186.0,262.0,198.2,0.5091,0.6501,0.5196,0.6294,0.4987,0.6707,Screen Recording,Screen Recording Recording54.mp4,1920,1080,0,0,960,540,Fixation,3464,1161,964,709,0.5023,0.6569,,,,,,,,,,,
495628422,512571488329,Eye Tracker,LipReading_BJ,10/21/2025,ZJ,Recording54,10/18/2025,10/18/2025,21:15:16.594,13:15:16.594,535262,Timeline1,Tobii I-VT (Fixation),1.241.54219,1080,1920,10.0,2.8,2.1,2.7,0.26,0.2,0.25,10,8,10,4.8,8.1,6.0,0.48,0.81,0.58,18,30,22,2628163480,,,964,729,981,696,948,762,0.07345,0.07757,-0.99428,-0.06646,0.10038,-0.99273,4.126,3.924,4.055,,,,Valid,Valid,227.7,147.5,551.4,296.9,152.0,559.9,268.4,190.6,259.4,208.6,0.5023,0.6752,0.5108,0.6447,0.4937,0.7057,Screen Recording,Screen Recording Recording54.mp4,1920,1080,0,0,960,540,Fixation,3464,1161,964,709,0.5023,0.6569,,,,,,,,,,,
495632422,512571492329,Eye Tracker,LipReading_BJ,10/21/2025,ZJ,Recording54,10/18/2025,10/18/2025,21:15:16.594,13:15:16.594,535262,Timeline1,Tobii I-VT (Fixation),1.241.54219,1080,1920,10.0,2.8,2.1,2.7,0.26,0.2,0.25,10,8,10,4.8,8.1,6.0,0.48,0.81,0.58,18,30,22,2628167480,,,977,724,988,691,966,757,0.07704,0.07501,-0.9942,-0.05763,0.0978,-0.99354,4.157,3.928,4.059,,,,Valid,Valid,227.7,147.5,551.4,296.9,152.0,559.9,270.4,189.1,264.4,207.1,0.509,0.6703,0.5147,0.6399,0.5033,0.7006,Screen Recording,Screen Recording Recording54.mp4,1920,1080,0,0,960,540,Fixation,3464,1161,964,709,0.5023,0.6569,,,,,,,,,,,
495636422,512571496329,Eye Tracker,LipReading_BJ,10/21/2025,ZJ,Recording54,10/18/2025,10/18/2025,21:15:16.594,13:15:16.594,535262,Timeline1,Tobii I-VT (Fixation),1.241.54219,1080,1920,10.0,2.8,2.1,2.7,0.26,0.2,0.25,10,8,10,4.8,8.1,6.0,0.48,0.81,0.58,18,30,22,2628171480,,,977,700,993,675,962,726,0.07927,0.06705,-0.9946,-0.05973,0.08278,-0.99478,4.155,3.97,4.059,,,,Valid,Valid,227.7,147.6,551.4,296.9,152.0,559.9,271.6,184.7,263.3,198.6,0.509,0.6484,0.517,0.625,0.5011,0.6718,Screen Recording,Screen Recording Recording54.mp4,1920,1080,0,0,960,540,Fixation,3464,1161,964,709,0.5023,0.6569,,,,,,,,,,,
495640421,512571500328,Eye Tracker,LipReading_BJ,10/21/2025,ZJ,Recording54,10/18/2025,10/18/2025,21:15:16.594,13:15:16.594,535262,Timeline1,Tobii I-VT (Fixation),1.241.54219,1080,1920,10.0,2.8,2.1,2.7,0.26,0.2,0.25,10,8,10,4.8,8.1,6.0,0.48,0.81,0.58,18,30,22,2628175479,,,973,714,984,688,962,740,0.07494,0.07325,-0.99449,-0.05953,0.08952,-0.9942,4.147,3.974,4.059,,,,Valid,Valid,227.7,147.6,551.3,296.9,152.0,559.9,269.3,188.2,263.4,202.4,0.5068,0.6607,0.5124,0.6367,0.5013,0.6848,Screen Recording,Screen Recording Recording54.mp4,1920,1080,0,0,960,540,Fixation,3464,1161,964,709,0.5023,0.6569,,,,,,,,,,,
495644421,512571504328,Eye Tracker,LipReading_BJ,10/21/2025,ZJ,Recording54,10/18/2025,10/18/2025,21:15:16.594,13:15:16.594,535262,Timeline1,Tobii I-VT (Fixation),1.241.54219,1080,1920,10.0,2.8,2.1,2.7,0.26,0.2,0.25,10,8,10,4.8,8.1,6.0,0.48,0.81,0.58,18,30,22,2628179479,,,973,709,984,690,963,728,0.07495,0.07421,-0.99442,-0.05927,0.08375,-0.99472,4.146,3.997,4.06,,,,Valid,Valid,227.7,147.6,551.3,296.9,152.0,559.9,269.3,188.7,263.6,199.1,0.507,0.6561,0.5124,0.6385,0.5016,0.6737,Screen Recording,Screen Recording Recording54.mp4,1920,1080,0,0,960,540,Fixation,3464,1161,964,709,0.5023,0.6569,,,,,,,,,,,
495648422,512571508329,Eye Tracker,LipReading_BJ,10/21/2025,ZJ,Recording54,10/18/2025,10/18/2025,21:15:16.594,13:15:16.594,535262,Timeline1,Tobii I-VT (Fixation),1.241.54219,1080,1920,10.0,2.8,2.1,2.7,0.26,0.2,0.25,10,8,10,4.8,8.1,6.0,0.48,0.81,0.58,18,30,22,2628183480,,,975,715,988,688,961,742,0.07713,0.07365,-0.9943,-0.06027,0.0906,-0.99406,4.128,3.948,4.051,,,,Valid,Valid,227.7,147.6,551.3,296.9,152.0,559.9,270.5,188.4,263.0,203.0,0.5076,0.6621,0.5148,0.6374,0.5005,0.6868,Screen Recording,Screen Recording Recording54.mp4,1920,1080,0,0,960,540,Fixation,3464,1161,964,709,0.5023,0.6569,,,,,,,,,,,
495652422,512571512329,Eye Tracker,LipReading_BJ,10/21/2025,ZJ,Recording54,10/18/2025,10/18/2025,21:15:16.594,13:15:16.594,535262,Timeline1,Tobii I-VT (Fixation),1.241.54219,1080,1920,10.0,2.8,2.1,2.7,0.26,0.2,0.25,10,8,10,4.8,8.1,6.0,0.48,0.81,0.58,18,30,22,2628187480,,,981,709,990,699,973,720,0.07774,0.07867,-0.99387,-0.05458,0.08009,-0.99529,4.111,4.022,4.046,,,,Valid,Valid,227.7,147.6,551.3,296.9,152.0,559.9,270.8,191.2,266.2,197.0,0.5111,0.6568,0.5155,0.647,0.5067,0.6666,Screen Recording,Screen Recording Recording54.mp4,1920,1080,0,0,960,540,Fixation,3464,1161,964,709,0.5023,0.6569,,,,,,,,,,,
495656422,512571516329,Eye Tracker,LipReading_BJ,10/21/2025,ZJ,Recording54,10/18/2025,10/18/2025,21:15:16.594,13:15:16.594,535262,Timeline1,Tobii I-VT (Fixation),1.241.54219,1080,1920,10.0,2.8,2.1,2.7,0.26,0.2,0.25,10,8,10,4.8,8.1,6.0,0.48,0.81,0.58,18,30,22,2628191480,,,981,722,995,672,968,772,0.08027,0.06543,-0.99462,-0.05673,0.1049,-0.99286,4.118,3.882,4.038,,,,Valid,Valid,227.7,147.6,551.3,296.9,152.0,559.9,272.2,183.8,265.0,211.1,0.5112,0.6682,0.5181,0.622,0.5042,0.7144,Screen Recording,Screen Recording Recording54.mp4,1920,1080,0,0,960,540,Fixation,3464,1161,964,709,0.5023,0.6569,,,,,,,,,,,
495660421,512571520328,Eye Tracker,LipReading_BJ,10/21/2025,ZJ,Recording54,10/18/2025,10/18/2025,21:15:16.594,13:15:16.594,535262,Timeline1,Tobii I-VT (Fixation),1.241.54219,1080,1920,10.0,2.8,2.1,2.7,0.26,0.2,0.25,10,8,10,4.8,8.1,6.0,0.48,0.81,0.58,18,30,22,2628195479,,,978,719,991,691,965,747,0.07861,0.07488,-0.99409,-0.05839,0.09294,-0.99396,4.148,3.964,4.041,,,,Valid,Valid,227.7,147.6,551.3,296.9,152.0,559.9,271.3,189.1,264.1,204.3,0.5095,0.6656,0.5164,0.6399,0.5025,0.6914,Screen Recording,Screen Recording Recording54.mp4,1920,1080,0,0,960,540,Fixation,3464,1161,964,709,0.5023,0.6569,,,,,,,,,,,
495664421,512571524328,Eye Tracker,LipReading_BJ,10/21/2025,ZJ,Recording54,10/18/2025,10/18/2025,21:15:16.594,13:15:16.594,535262,Timeline1,Tobii I-VT (Fixation),1.241.54219,1080,1920,10.0,2.8,2.1,2.7,0.26,0.2,0.25,10,8,10,4.8,8.1,6.0,0.48,0.81,0.58,18,30,22,2628199479,,,975,726,991,685,959,767,0.07828,0.07215,-0.99432,-0.0611,0.10261,-0.99284,4.131,3.919,4.041,,,,Valid,Valid,227.7,147.6,551.2,297.0,152.0,559.9,271.1,187.6,262.5,209.9,0.5078,0.6724,0.516,0.6347,0.4996,0.71,Screen Recording,Screen Recording Recording54.mp4,1920,1080,0,0,960,540,Fixation,3464,1161,964,709,0.5023,0.6569,,,,,,,,,,,
495668422,512571528329,Eye Tracker,LipReading_BJ,10/21/2025,ZJ,Recording54,10/18/2025,10/18/2025,21:15:16.594,13:15:16.594,535262,Timeline1,Tobii I-VT (Fixation),1.241.54219,1080,1920,10.0,2.8,2.1,2.7,0.26,0.2,0.25,10,8,10,4.8,8.1,6.0,0.48,0.81,0.58,18,30,22,2628203480,,,978,721,999,690,958,752,0.08239,0.07425,-0.99383,-0.06191,0.09549,-0.9935,4.132,3.95,4.048,,,,Valid,Valid,227.7,147.6,551.2,297.0,152.0,559.9,273.4,188.8,262.1,205.8,0.5096,0.6675,0.5204,0.6388,0.4988,0.6963,Screen Recording,Screen Recording Recording54.mp4,1920,1080,0,0,960,540,Fixation,3464,1161,964,709,0.5023,0.6569,,,,,,,,,,,
495672422,512571532329,Eye Tracker,LipReading_BJ,10/21/2025,ZJ,Recording54,10/18/2025,10/18/2025,21:15:16.594,13:15:16.594,535262,Timeline1,Tobii I-VT (Fixation),1.241.54219,1080,1920,10.0,2.8,2.1,2.7,0.26,0.2,0.25,10,8,10,4.8,8.1,6.0,0.48,0.81,0.58,18,30,22,2628207480,,,970,703,983,687,958,719,0.07438,0.07298,-0.99456,-0.06192,0.07974,-0.99489,4.135,4.0,4.057,,,,Valid,Valid,227.8,147.6,551.2,297.0,152.0,559.9,269.0,188.1,262.1,196.9,0.5054,0.6512,0.5119,0.6363,0.4988,0.6661,Screen Recording,Screen Recording Recording54.mp4,1920,1080,0,0,960,540,Fixation,3464,1161,964,709,0.5023,0.6569,,,,,,,,,,,
495676422,512571536329,Eye Tracker,LipReading_BJ,10/21/2025,ZJ,Recording54,10/18/2025,10/18/2025,21:15:16.594,13:15:16.594,535262,Timeline1,Tobii I-VT (Fixation),1.241.54219,1080,1920,10.0,2.8,2.1,2.7,0.26,0.2,0.25,10,8,10,4.8,8.1,6.0,0.48,0.81,0.58,18,30,22,2628211480,,,980,712,996,684,964,740,0.08089,0.07114,-0.99418,-0.05909,0.08975,-0.99421,4.111,3.983,4.059,,,,Valid,Valid,227.8,147.6,551.2,297.0,152.0,559.9,272.6,187.1,263.7,202.5,0.5103,0.6591,0.5188,0.6329,0.5018,0.6853,Screen Recording,Screen Recording Recording54.mp4,1920,1080,0,0,960,540,Fixation,3464,1161,964,709,0.5023,0.6569,,,,,,,,,,,
495680421,512571540328,Eye Tracker,LipReading_BJ,10/21/2025,ZJ,Recording54,10/18/2025,10/18/2025,21:15:16.594,13:15:16.594,535262,Timeline1,Tobii I-VT (Fixation),1.241.54219,1080,1920,10.0,2.8,2.1,2.7,0.26,0.2,0.25,10,8,10,4.8,8.1,6.0,0.48,0.81,0.58,18,30,22,2628215479,,,975,700,991,683,958,717,0.07845,0.07097,-0.99439,-0.06185,0.07882,-0.99497,4.143,3.992,4.059,,,,Valid,Valid,227.8,147.6,551.2,297.0,152.0,559.9,271.2,187.0,262.2,196.4,0.5076,0.6485,0.5162,0.6326,0.4989,0.6643,Screen Recording,Screen Recording Recording54.mp4,1920,1080,0,0,960,540,Fixation,3464,1161,964,709,0.5023,0.6569,,,,,,,,,,,
495684421,512571544328,Eye Tracker,LipReading_BJ,10/21/2025,ZJ,Recording54,10/18/2025,10/18/2025,21:15:16.594,13:15:16.594,535262,Timeline1,Tobii I-VT (Fixation),1.241.54219,1080,1920,10.0,2.8,2.1,2.7,0.26,0.2,0.25,10,8,10,4.8,8.1,6.0,0.48,0.81,0.58,18,30,22,2628219479,,,968,683,991,681,945,686,0.07818,0.06977,-0.9945,-0.06806,0.06354,-0.99566,4.162,3.904,4.031,,,,Valid,Valid,227.8,147.6,551.1,297.0,152.0,559.9,271.1,186.3,258.7,187.7,0.5041,0.6328,0.5159,0.6303,0.4924,0.6352,Screen Recording,Screen Recording Recording54.mp4,1920,1080,0,0,960,540,Fixation,3464,1161,964,709,0.5023,0.6569,,,,,,,,,,,
495688422,512571548329,Eye Tracker,LipReading_BJ,10/21/2025,ZJ,Recording54,10/18/2025,10/18/2025,21:15:16.594,13:15:16.594,535262,Timeline1,Tobii I-VT (Fixation),1.241.54219,1080,1920,10.0,2.8,2.1,2.7,0.26,0.2,0.25,10,8,10,4.8,8.1,6.0,0.48,0.81,0.58,18,30,22,2628223480,,,980,715,992,687,967,742,0.07908,0.07301,-0.99419,-0.05762,0.09065,-0.99421,4.11,3.934,4.031,,,,Valid,Valid,227.8,147.6,551.2,297.0,152.0,559.9,271.6,188.1,264.5,203.1,0.5102,0.6617,0.5169,0.6365,0.5035,0.687,Screen Recording,Screen Recording Recording54.mp4,1920,1080,0,0,960,540,Fixation,3464,1161,964,709,0.5023,0.6569,,,,,,,,,,,
495692422,512571552329,Eye Tracker,LipReading_BJ,10/21/2025,ZJ,Recording54,10/18/2025,10/18/2025,21:15:16.594,13:15:16.594,535262,Timeline1,Tobii I-VT (Fixation),1.241.54219,1080,1920,10.0,2.8,2.1,2.7,0.26,0.2,0.25,10,8,10,4.8,8.1,6.0,0.48,0.81,0.58,18,30,22,2628227480,,,971,718,989,682,954,754,0.07742,0.07047,-0.9945,-0.06389,0.09658,-0.99327,4.116,3.946,4.025,,,,Valid,Valid,227.8,147.6,551.1,297.0,152.0,559.9,270.7,186.7,261.0,206.4,0.5059,0.6651,0.5151,0.6317,0.4967,0.6985,Screen Recording,Screen Recording Recording54.mp4,1920,1080,0,0,960,540,Fixation,3464,1161,964,709,0.5023,0.6569,,,,,,,,,,,
495696422,512571556329,Eye Tracker,LipReading_BJ,10/21/2025,ZJ,Recording54,10/18/2025,10/18/2025,21:15:16.594,13:15:16.594,535262,Timeline1,Tobii I-VT (Fixation),1.241.54219,1080,1920,10.0,2.8,2.1,2.7,0.26,0.2,0.25,10,8,10,4.8,8.1,6.0,0.48,0.81,0.58,18,30,22,2628231480,,,967,718,981,691,954,745,0.07325,0.07461,-0.99452,-0.06392,0.09209,-0.9937,4.111,3.96,4.029,,,,Valid,Valid,227.8,147.6,551.1,297.0,152.0,559.9,268.4,189.0,261.0,203.9,0.5037,0.6646,0.5107,0.6394,0.4967,0.6899,Screen Recording,Screen Recording Recording54.mp4,1920,1080,0,0,960,540,Fixation,3464,1161,964,709,0.5023,0.6569,,,,,,,,,,,
495700421,512571560328,Eye Tracker,LipReading_BJ,10/21/2025,ZJ,Recording54,10/18/2025,10/18/2025,21:15:16.594,13:15:16.594,535262,Timeline1,Tobii I-VT (Fixation),1.241.54219,1080,1920,10.0,2.8,2.1,2.7,0.26,0.2,0.25,10,8,10,4.8,8.1,6.0,0.48,0.81,0.58,18,30,22,2628235479,,,971,736,980,692,961,781,0.07298,0.07514,-0.9945,-0.06001,0.1095,-0.99217,4.122,3.876,4.036,,,,Valid,Valid,227.8,147.7,551.1,297.0,152.0,559.9,268.2,189.3,263.1,213.8,0.5056,0.6819,0.5105,0.6405,0.5008,0.7234,Screen Recording,Screen Recording Recording54.mp4,1920,1080,0,0,960,540,Fixation,3464,1161,964,709,0.5023,0.6569,,,,,,,,,,,
495704421,512571564328,Eye Tracker,LipReading_BJ,10/21/2025,ZJ,Recording54,10/18/2025,10/18/2025,21:15:16.594,13:15:16.594,535262,Timeline1,Tobii I-VT (Fixation),1.241.54219,1080,1920,10.0,2.8,2.1,2.7,0.26,0.2,0.25,10,8,10,4.8,8.1,6.0,0.48,0.81,0.58,18,30,22,2628239479,,,979,706,987,682,971,729,0.07632,0.0705,-0.99459,-0.0555,0.08439,-0.99489,4.095,3.986,4.036,,,,Valid,Valid,227.8,147.7,551.1,297.0,152.0,559.9,270.1,186.7,265.8,199.5,0.5099,0.6534,0.514,0.6317,0.5058,0.675,Screen Recording,Screen Recording Recording54.mp4,1920,1080,0,0,960,540,Fixation,3464,1161,964,709,0.5023,0.6569,,,,,,,,,,,
495707407,512571567314,Mouse,LipReading_BJ,10/21/2025,ZJ,Recording54,10/18/2025,10/18/2025,21:15:16.594,13:15:16.594,535262,Timeline1,Tobii I-VT (Fixation),1.241.54219,1080,1920,10.0,2.8,2.1,2.7,0.26,0.2,0.25,10,8,10,4.8,8.1,6.0,0.48,0.81,0.58,18,30,22,,,,,,,,,,,,,,,,,,,,,,,,,,,,,,,,,,,,,,,,Screen Recording,Screen Recording Recording54.mp4,1920,1080,0,0,960,540,Fixation,3464,1161,964,709,0.5023,0.6569,,,,,,,,,,969,973
495708422,512571568329,Eye Tracker,LipReading_BJ,10/21/2025,ZJ,Recording54,10/18/2025,10/18/2025,21:15:16.594,13:15:16.594,535262,Timeline1,Tobii I-VT (Fixation),1.241.54219,1080,1920,10.0,2.8,2.1,2.7,0.26,0.2,0.25,10,8,10,4.8,8.1,6.0,0.48,0.81,0.58,18,30,22,2628243480,,,964,698,978,689,950,707,0.07183,0.07374,-0.99469,-0.06572,0.07368,-0.99511,4.112,4.005,4.049,,,,Valid,Valid,227.8,147.6,551.2,297.0,152.0,559.9,267.6,188.5,260.0,193.5,0.5021,0.6462,0.5093,0.6378,0.4949,0.6546,Screen Recording,Screen Recording Recording54.mp4,1920,1080,0,0,960,540,Fixation,3464,1161,964,709,0.5023,0.6569,,,,,,,,,,,
495712422,512571572329,Eye Tracker,LipReading_BJ,10/21/2025,ZJ,Recording54,10/18/2025,10/18/2025,21:15:16.594,13:15:16.594,535262,Timeline1,Tobii I-VT (Fixation),1.241.54219,1080,1920,10.0,2.8,2.1,2.7,0.26,0.2,0.25,10,8,10,4.8,8.1,6.0,0.48,0.81,0.58,18,30,22,2628247480,,,979,711,989,677,970,745,0.07722,0.06808,-0.99469,-0.05617,0.0922,-0.99415,4.104,3.945,4.049,,,,Valid,Valid,227.8,147.6,551.1,297.0,152.0,559.9,270.6,185.4,265.4,203.9,0.51,0.6586,0.5149,0.6272,0.505,0.69,Screen Recording,Screen Recording Recording54.mp4,1920,1080,0,0,960,540,Fixation,3464,1161,964,709,0.5023,0.6569,,,,,,,,,,,
495716424,512571576331,Eye Tracker,LipReading_BJ,10/21/2025,ZJ,Recording54,10/18/2025,10/18/2025,21:15:16.594,13:15:16.594,535262,Timeline1,Tobii I-VT (Fixation),1.241.54219,1080,1920,10.0,2.8,2.1,2.7,0.26,0.2,0.25,10,8,10,4.8,8.1,6.0,0.48,0.81,0.58,18,30,22,2628251482,,,974,689,988,685,959,694,0.07696,0.07172,-0.99445,-0.0613,0.06754,-0.99583,4.125,4.017,4.065,,,,Valid,Valid,227.8,147.6,551.2,297.0,152.0,559.9,270.4,187.4,262.5,190.0,0.5072,0.6384,0.5147,0.634,0.4996,0.6428,Screen Recording,Screen Recording Recording54.mp4,1920,1080,0,0,960,540,Fixation,3464,1161,964,709,0.5023,0.6569,,,,,,,,,,,
495720423,512571580330,Eye Tracker,LipReading_BJ,10/21/2025,ZJ,Recording54,10/18/2025,10/18/2025,21:15:16.594,13:15:16.594,535262,Timeline1,Tobii I-VT (Fixation),1.241.54219,1080,1920,10.0,2.8,2.1,2.7,0.26,0.2,0.25,10,8,10,4.8,8.1,6.0,0.48,0.81,0.58,18,30,22,2628255481,,,977,710,989,684,966,736,0.07716,0.07148,-0.99445,-0.0578,0.08783,-0.99446,4.138,3.957,4.062,,,,Valid,Valid,227.8,147.7,551.1,297.0,152.0,559.9,270.6,187.3,264.5,201.5,0.5091,0.6576,0.5149,0.6336,0.5033,0.6816,Screen Recording,Screen Recording Recording54.mp4,1920,1080,0,0,960,540,Fixation,3464,1161,964,709,0.5023,0.6569,,,,,,,,,,,
495720426,512571580333,Mouse,LipReading_BJ,10/21/2025,ZJ,Recording54,10/18/2025,10/18/2025,21:15:16.594,13:15:16.594,535262,Timeline1,Tobii I-VT (Fixation),1.241.54219,1080,1920,10.0,2.8,2.1,2.7,0.26,0.2,0.25,10,8,10,4.8,8.1,6.0,0.48,0.81,0.58,18,30,22,,,,,,,,,,,,,,,,,,,,,,,,,,,,,,,,,,,,,,,,Screen Recording,Screen Recording Recording54.mp4,1920,1080,0,0,960,540,Fixation,3464,1161,964,709,0.5023,0.6569,,,,,,,,,,970,973
495724423,512571584330,Eye Tracker,LipReading_BJ,10/21/2025,ZJ,Recording54,10/18/2025,10/18/2025,21:15:16.594,13:15:16.594,535262,Timeline1,Tobii I-VT (Fixation),1.241.54219,1080,1920,10.0,2.8,2.1,2.7,0.26,0.2,0.25,10,8,10,4.8,8.1,6.0,0.48,0.81,0.58,18,30,22,2628259481,,,977,700,992,684,962,716,0.07873,0.0712,-0.99435,-0.0599,0.07804,-0.99515,4.13,4.028,4.062,,,,Valid,Valid,227.8,147.6,551.2,297.0,152.0,559.9,271.4,187.1,263.3,195.9,0.5088,0.648,0.5166,0.6331,0.5011,0.6629,Screen Recording,Screen Recording Recording54.mp4,1920,1080,0,0,960,540,Fixation,3464,1161,964,709,0.5023,0.6569,,,,,,,,,,,
495728424,512571588331,Eye Tracker,LipReading_BJ,10/21/2025,ZJ,Recording54,10/18/2025,10/18/2025,21:15:16.594,13:15:16.594,535262,Timeline1,Tobii I-VT (Fixation),1.241.54219,1080,1920,10.0,2.8,2.1,2.7,0.26,0.2,0.25,10,8,10,4.8,8.1,6.0,0.48,0.81,0.58,18,30,22,2628263482,,,973,703,985,689,962,716,0.07535,0.07393,-0.99441,-0.05996,0.07794,-0.99515,4.12,3.999,4.039,,,,Valid,Valid,227.8,147.7,551.1,297.0,152.0,559.9,269.6,188.6,263.3,195.9,0.507,0.6505,0.513,0.6382,0.501,0.6628,Screen Recording,Screen Recording Recording54.mp4,1920,1080,0,0,960,540,Fixation,3464,1161,964,709,0.5023,0.6569,,,,,,,,,,,
495730530,512571590437,Mouse,LipReading_BJ,10/21/2025,ZJ,Recording54,10/18/2025,10/18/2025,21:15:16.594,13:15:16.594,535262,Timeline1,Tobii I-VT (Fixation),1.241.54219,1080,1920,10.0,2.8,2.1,2.7,0.26,0.2,0.25,10,8,10,4.8,8.1,6.0,0.48,0.81,0.58,18,30,22,,,,,,,,,,,,,,,,,,,,,,,,,,,,,,,,,,,,,,,,Screen Recording,Screen Recording Recording54.mp4,1920,1080,0,0,960,540,Fixation,3464,1161,964,709,0.5023,0.6569,,,,,,,,,,971,972
495732423,512571592330,Eye Tracker,LipReading_BJ,10/21/2025,ZJ,Recording54,10/18/2025,10/18/2025,21:15:16.594,13:15:16.594,535262,Timeline1,Tobii I-VT (Fixation),1.241.54219,1080,1920,10.0,2.8,2.1,2.7,0.26,0.2,0.25,10,8,10,4.8,8.1,6.0,0.48,0.81,0.58,18,30,22,2628267482,,,983,716,997,678,969,754,0.08133,0.06817,-0.99435,-0.05665,0.09658,-0.99371,4.109,3.948,4.047,,,,Valid,Valid,227.8,147.7,551.1,297.0,152.0,559.8,272.9,185.4,265.1,206.5,0.5119,0.663,0.5193,0.6274,0.5045,0.6985,Screen Recording,Screen Recording Recording54.mp4,1920,1080,0,0,960,540,Fixation,3464,1161,964,709,0.5023,0.6569,,,,,,,,,,,
495736423,512571596330,Eye Tracker,LipReading_BJ,10/21/2025,ZJ,Recording54,10/18/2025,10/18/2025,21:15:16.594,13:15:16.594,535262,Timeline1,Tobii I-VT (Fixation),1.241.54219,1080,1920,10.0,2.8,2.1,2.7,0.26,0.2,0.25,10,8,10,4.8,8.1,6.0,0.48,0.81,0.58,18,30,22,2628271482,,,974,720,981,696,966,744,0.07342,0.07737,-0.9943,-0.05794,0.09142,-0.99413,4.111,3.938,4.031,,,,Valid,Valid,227.8,147.7,551.1,297.0,152.1,559.8,268.5,190.5,264.4,203.5,0.5071,0.6667,0.511,0.6447,0.5032,0.6886,Screen Recording,Screen Recording Recording54.mp4,1920,1080,0,0,960,540,Fixation,3464,1161,964,709,0.5023,0.6569,,,,,,,,,,,
495740422,512571600329,Eye Tracker,LipReading_BJ,10/21/2025,ZJ,Recording54,10/18/2025,10/18/2025,21:15:16.594,13:15:16.594,535262,Timeline1,Tobii I-VT (Fixation),1.241.54219,1080,1920,10.0,2.8,2.1,2.7,0.26,0.2,0.25,10,8,10,4.8,8.1,6.0,0.48,0.81,0.58,18,30,22,2628275481,,,975,705,988,691,962,720,0.07697,0.07491,-0.99422,-0.05998,0.07978,-0.99501,4.101,3.984,4.026,,,,Valid,Valid,227.8,147.7,551.1,297.0,152.1,559.8,270.5,189.2,263.3,196.9,0.5079,0.6532,0.5147,0.6401,0.501,0.6663,Screen Recording,Screen Recording Recording54.mp4,1920,1080,0,0,960,540,Fixation,3464,1161,964,709,0.5023,0.6569,,,,,,,,,,,
495742744,512571602651,Mouse,LipReading_BJ,10/21/2025,ZJ,Recording54,10/18/2025,10/18/2025,21:15:16.594,13:15:16.594,535262,Timeline1,Tobii I-VT (Fixation),1.241.54219,1080,1920,10.0,2.8,2.1,2.7,0.26,0.2,0.25,10,8,10,4.8,8.1,6.0,0.48,0.81,0.58,18,30,22,,,,,,,,,,,,,,,,,,,,,,,,,,,,,,,,,,,,,,,,Screen Recording,Screen Recording Recording54.mp4,1920,1080,0,0,960,540,Fixation,3464,1161,964,709,0.5023,0.6569,,,,,,,,,,973,971
495744422,512571604329,Eye Tracker,LipReading_BJ,10/21/2025,ZJ,Recording54,10/18/2025,10/18/2025,21:15:16.594,13:15:16.594,535262,Timeline1,Tobii I-VT (Fixation),1.241.54219,1080,1920,10.0,2.8,2.1,2.7,0.26,0.2,0.25,10,8,10,4.8,8.1,6.0,0.48,0.81,0.58,18,30,22,2628279481,,,973,717,983,704,964,731,0.07423,0.08105,-0.99394,-0.05901,0.08516,-0.99462,4.063,3.952,4.036,,,,Valid,Valid,227.8,147.7,551.1,297.0,152.1,559.8,269.0,192.6,263.8,200.0,0.507,0.6641,0.5119,0.6516,0.502,0.6767,Screen Recording,Screen Recording Recording54.mp4,1920,1080,0,0,960,540,Fixation,3464,1161,964,709,0.5023,0.6569,,,,,,,,,,,
495748423,512571608330,Eye Tracker,LipReading_BJ,10/21/2025,ZJ,Recording54,10/18/2025,10/18/2025,21:15:16.594,13:15:16.594,535262,Timeline1,Tobii I-VT (Fixation),1.241.54219,1080,1920,10.0,2.8,2.1,2.7,0.26,0.2,0.25,10,8,10,4.8,8.1,6.0,0.48,0.81,0.58,18,30,22,2628283482,,,970,704,980,689,961,719,0.07266,0.07377,-0.99462,-0.06028,0.07953,-0.99501,4.091,3.982,4.036,,,,Valid,Valid,227.8,147.7,551.1,297.0,152.1,559.9,268.1,188.5,263.1,196.8,0.5054,0.6519,0.5102,0.6379,0.5007,0.6659,Screen Recording,Screen Recording Recording54.mp4,1920,1080,0,0,960,540,Fixation,3464,1161,964,709,0.5023,0.6569,,,,,,,,,,,
495752423,512571612330,Eye Tracker,LipReading_BJ,10/21/2025,ZJ,Recording54,10/18/2025,10/18/2025,21:15:16.594,13:15:16.594,535262,Timeline1,Tobii I-VT (Fixation),1.241.54219,1080,1920,10.0,2.8,2.1,2.7,0.26,0.2,0.25,10,8,10,4.8,8.1,6.0,0.48,0.81,0.58,18,30,22,2628287482,,,972,713,977,694,968,733,0.07125,0.07612,-0.99455,-0.05701,0.08615,-0.99465,4.077,3.982,4.03,,,,Valid,Valid,227.8,147.7,551.1,297.0,152.1,559.8,267.3,189.8,264.9,200.6,0.5064,0.6605,0.5087,0.6423,0.5042,0.6786,Screen Recording,Screen Recording Recording54.mp4,1920,1080,0,0,960,540,Fixation,3464,1161,964,709,0.5023,0.6569,,,,,,,,,,,
495756423,512571616330,Eye Tracker,LipReading_BJ,10/21/2025,ZJ,Recording54,10/18/2025,10/18/2025,21:15:16.594,13:15:16.594,535262,Timeline1,Tobii I-VT (Fixation),1.241.54219,1080,1920,10.0,2.8,2.1,2.7,0.26,0.2,0.25,10,8,10,4.8,8.1,6.0,0.48,0.81,0.58,18,30,22,2628291482,,,977,715,981,695,973,734,0.07353,0.07694,-0.99432,-0.05477,0.08663,-0.99473,4.09,3.954,4.036,,,,Valid,Valid,227.8,147.7,551.2,297.0,152.1,559.8,268.6,190.3,266.2,200.8,0.5089,0.6617,0.5111,0.6439,0.5066,0.6795,Screen Recording,Screen Recording Recording54.mp4,1920,1080,0,0,960,540,Fixation,3464,1161,964,709,0.5023,0.6569,,,,,,,,,,,
495760422,512571620329,Eye Tracker,LipReading_BJ,10/21/2025,ZJ,Recording54,10/18/2025,10/18/2025,21:15:16.594,13:15:16.594,535262,Timeline1,Tobii I-VT (Fixation),1.241.54219,1080,1920,10.0,2.8,2.1,2.7,0.26,0.2,0.25,10,8,10,4.8,8.1,6.0,0.48,0.81,0.58,18,30,22,2628295481,,,971,706,983,698,959,715,0.0745,0.07829,-0.99414,-0.06127,0.07731,-0.99512,4.078,4.0,4.036,,,,Valid,Valid,227.8,147.7,551.2,297.0,152.1,559.8,269.1,191.1,262.6,195.6,0.5059,0.6541,0.5122,0.6464,0.4997,0.6617,Screen Recording,Screen Recording Recording54.mp4,1920,1080,0,0,960,540,Fixation,3464,1161,964,709,0.5023,0.6569,,,,,,,,,,,
495764422,512571624329,Eye Tracker,LipReading_BJ,10/21/2025,ZJ,Recording54,10/18/2025,10/18/2025,21:15:16.594,13:15:16.594,535262,Timeline1,Tobii I-VT (Fixation),1.241.54219,1080,1920,10.0,2.8,2.1,2.7,0.26,0.2,0.25,10,8,10,4.8,8.1,6.0,0.48,0.81,0.58,18,30,22,2628299481,,,973,700,985,679,961,721,0.07552,0.06877,-0.99477,-0.0607,0.0804,-0.99491,4.092,4.009,4.032,,,,Valid,Valid,227.8,147.7,551.2,297.0,152.1,559.8,269.7,185.8,262.9,197.3,0.5067,0.6481,0.5132,0.6285,0.5003,0.6676,Screen Recording,Screen Recording Recording54.mp4,1920,1080,0,0,960,540,Fixation,3464,1161,964,709,0.5023,0.6569,,,,,,,,,,,
495768423,512571628330,Eye Tracker,LipReading_BJ,10/21/2025,ZJ,Recording54,10/18/2025,10/18/2025,21:15:16.594,13:15:16.594,535262,Timeline1,Tobii I-VT (Fixation),1.241.54219,1080,1920,10.0,2.8,2.1,2.7,0.26,0.2,0.25,10,8,10,4.8,8.1,6.0,0.48,0.81,0.58,18,30,22,2628303482,,,978,702,980,681,975,724,0.07297,0.07001,-0.99487,-0.05375,0.08176,-0.9952,4.091,3.975,4.033,,,,Valid,Valid,227.8,147.6,551.2,297.0,152.1,559.8,268.2,186.4,266.8,198.1,0.5091,0.6505,0.5105,0.6308,0.5077,0.6701,Screen Recording,Screen Recording Recording54.mp4,1920,1080,0,0,960,540,Fixation,3464,1161,964,709,0.5023,0.6569,,,,,,,,,,,
495772423,512571632330,Eye Tracker,LipReading_BJ,10/21/2025,ZJ,Recording54,10/18/2025,10/18/2025,21:15:16.594,13:15:16.594,535262,Timeline1,Tobii I-VT (Fixation),1.241.54219,1080,1920,10.0,2.8,2.1,2.7,0.26,0.2,0.25,10,8,10,4.8,8.1,6.0,0.48,0.81,0.58,18,30,22,2628307482,,,970,696,982,681,957,712,0.07376,0.06996,-0.99482,-0.06221,0.07581,-0.99518,4.081,3.971,4.031,,,,Valid,Valid,227.8,147.6,551.2,297.0,152.1,559.8,268.7,186.4,262.0,194.7,0.505,0.6448,0.5114,0.6307,0.4987,0.6589,Screen Recording,Screen Recording Recording54.mp4,1920,1080,0,0,960,540,Fixation,3464,1161,964,709,0.5023,0.6569,,,,,,,,,,,
495776423,512571636330,Eye Tracker,LipReading_BJ,10/21/2025,ZJ,Recording54,10/18/2025,10/18/2025,21:15:16.594,13:15:16.594,535262,Timeline1,Tobii I-VT (Fixation),1.241.54219,1080,1920,10.0,2.8,2.1,2.7,0.26,0.2,0.25,10,8,10,4.8,8.1,6.0,0.48,0.81,0.58,18,30,22,2628311482,,,971,710,977,682,964,739,0.07159,0.07019,-0.99496,-0.0591,0.08887,-0.99429,4.096,3.944,4.019,,,,Valid,Valid,227.8,147.6,551.2,297.0,152.1,559.8,267.5,186.5,263.8,202.1,0.5055,0.6575,0.5091,0.6311,0.502,0.6838,Screen Recording,Screen Recording Recording54.mp4,1920,1080,0,0,960,540,Fixation,3464,1161,964,709,0.5023,0.6569,,,,,,,,,,,
495780422,512571640329,Eye Tracker,LipReading_BJ,10/21/2025,ZJ,Recording54,10/18/2025,10/18/2025,21:15:16.594,13:15:16.594,535262,Timeline1,Tobii I-VT (Fixation),1.241.54219,1080,1920,10.0,2.8,2.1,2.7,0.26,0.2,0.25,10,8,10,4.8,8.1,6.0,0.48,0.81,0.58,18,30,22,2628315481,,,974,720,978,678,970,762,0.07212,0.06826,-0.99506,-0.05599,0.10002,-0.99341,4.059,3.887,4.012,,,,Valid,Valid,227.8,147.6,551.2,297.0,152.1,559.8,267.8,185.5,265.5,208.4,0.5074,0.6664,0.5096,0.6275,0.5053,0.7053,Screen Recording,Screen Recording Recording54.mp4,1920,1080,0,0,960,540,Fixation,3464,1161,964,709,0.5023,0.6569,,,,,,,,,,,
495784422,512571644329,Eye Tracker,LipReading_BJ,10/21/2025,ZJ,Recording54,10/18/2025,10/18/2025,21:15:16.594,13:15:16.594,535262,Timeline1,Tobii I-VT (Fixation),1.241.54219,1080,1920,10.0,2.8,2.1,2.7,0.26,0.2,0.25,10,8,10,4.8,8.1,6.0,0.48,0.81,0.58,18,30,22,2628319481,,,965,708,967,692,962,724,0.06638,0.07551,-0.99493,-0.05989,0.08165,-0.99486,4.07,3.958,4.014,,,,Valid,Valid,227.8,147.6,551.2,297.0,152.1,559.8,264.6,189.5,263.3,198.0,0.5024,0.6555,0.5036,0.641,0.5012,0.67,Screen Recording,Screen Recording Recording54.mp4,1920,1080,0,0,960,540,Fixation,3464,1161,964,709,0.5023,0.6569,,,,,,,,,,,
495788423,512571648330,Eye Tracker,LipReading_BJ,10/21/2025,ZJ,Recording54,10/18/2025,10/18/2025,21:15:16.594,13:15:16.594,535262,Timeline1,Tobii I-VT (Fixation),1.241.54219,1080,1920,10.0,2.8,2.1,2.7,0.26,0.2,0.25,10,8,10,4.8,8.1,6.0,0.48,0.81,0.58,18,30,22,2628323482,,,972,717,983,683,960,750,0.07438,0.07105,-0.9947,-0.06081,0.09427,-0.99369,4.086,3.882,4.017,,,,Valid,Valid,227.8,147.6,551.2,297.0,152.1,559.8,269.1,187.0,262.8,205.2,0.5061,0.6634,0.5121,0.6327,0.5001,0.6942,Screen Recording,Screen Recording Recording54.mp4,1920,1080,0,0,960,540,Fixation,3464,1161,964,709,0.5023,0.6569,,,,,,,,,,,
495792423,512571652330,Eye Tracker,LipReading_BJ,10/21/2025,ZJ,Recording54,10/18/2025,10/18/2025,21:15:16.594,13:15:16.594,535262,Timeline1,Tobii I-VT (Fixation),1.241.54219,1080,1920,10.0,2.8,2.1,2.7,0.26,0.2,0.25,10,8,10,4.8,8.1,6.0,0.48,0.81,0.58,18,30,22,2628327482,,,980,706,990,678,971,734,0.07783,0.06839,-0.99462,-0.05581,0.0867,-0.99467,4.084,3.95,4.018,,,,Valid,Valid,227.9,147.6,551.2,297.1,152.1,559.8,271.0,185.5,265.6,200.9,0.5106,0.6537,0.5157,0.6277,0.5056,0.6796,Screen Recording,Screen Recording Recording54.mp4,1920,1080,0,0,960,540,Fixation,3464,1161,964,709,0.5023,0.6569,,,,,,,,,,,
495796423,512571656330,Eye Tracker,LipReading_BJ,10/21/2025,ZJ,Recording54,10/18/2025,10/18/2025,21:15:16.594,13:15:16.594,535262,Timeline1,Tobii I-VT (Fixation),1.241.54219,1080,1920,10.0,2.8,2.1,2.7,0.26,0.2,0.25,10,8,10,4.8,8.1,6.0,0.48,0.81,0.58,18,30,22,2628331482,,,979,702,990,676,969,729,0.07769,0.06764,-0.99468,-0.0568,0.08408,-0.99484,4.09,3.973,4.018,,,,Valid,Valid,227.9,147.6,551.2,297.1,152.1,559.8,270.9,185.1,265.1,199.4,0.51,0.6504,0.5156,0.6263,0.5045,0.6746,Screen Recording,Screen Recording Recording54.mp4,1920,1080,0,0,960,540,Fixation,3464,1161,964,709,0.5023,0.6569,,,,,,,,,,,
495798488,512571658395,Mouse,LipReading_BJ,10/21/2025,ZJ,Recording54,10/18/2025,10/18/2025,21:15:16.594,13:15:16.594,535262,Timeline1,Tobii I-VT (Fixation),1.241.54219,1080,1920,10.0,2.8,2.1,2.7,0.26,0.2,0.25,10,8,10,4.8,8.1,6.0,0.48,0.81,0.58,18,30,22,,,,,,,,,,,,,,,,,,,,,,,,,,,,,,,,,,,,,,,,Screen Recording,Screen Recording Recording54.mp4,1920,1080,0,0,960,540,Fixation,3464,1161,964,709,0.5023,0.6569,,,,,,,,,,973,971
495800422,512571660329,Eye Tracker,LipReading_BJ,10/21/2025,ZJ,Recording54,10/18/2025,10/18/2025,21:15:16.594,13:15:16.594,535262,Timeline1,Tobii I-VT (Fixation),1.241.54219,1080,1920,10.0,2.8,2.1,2.7,0.26,0.2,0.25,10,8,10,4.8,8.1,6.0,0.48,0.81,0.58,18,30,22,2628335481,,,976,718,978,693,974,744,0.07179,0.07562,-0.99455,-0.05402,0.0916,-0.99433,4.085,3.916,4.017,,,,Valid,Valid,227.9,147.6,551.2,297.1,152.1,559.8,267.6,189.5,266.7,203.6,0.5084,0.6651,0.5094,0.6413,0.5075,0.689,Screen Recording,Screen Recording Recording54.mp4,1920,1080,0,0,960,540,Fixation,3464,1161,964,709,0.5023,0.6569,,,,,,,,,,,
495804422,512571664329,Eye Tracker,LipReading_BJ,10/21/2025,ZJ,Recording54,10/18/2025,10/18/2025,21:15:16.594,13:15:16.594,535262,Timeline1,Tobii I-VT (Fixation),1.241.54219,1080,1920,10.0,2.8,2.1,2.7,0.26,0.2,0.25,10,8,10,4.8,8.1,6.0,0.48,0.81,0.58,18,30,22,2628339481,,,974,699,984,679,963,718,0.07487,0.06918,-0.99479,-0.05935,0.07893,-0.99511,4.052,3.957,4.007,,,,Valid,Valid,227.9,147.6,551.2,297.1,152.1,559.8,269.3,185.9,263.7,196.5,0.5072,0.6469,0.5126,0.6291,0.5018,0.6647,Screen Recording,Screen Recording Recording54.mp4,1920,1080,0,0,960,540,Fixation,3464,1161,964,709,0.5023,0.6569,,,,,,,,,,,
495808423,512571668330,Eye Tracker,LipReading_BJ,10/21/2025,ZJ,Recording54,10/18/2025,10/18/2025,21:15:16.594,13:15:16.594,535262,Timeline1,Tobii I-VT (Fixation),1.241.54219,1080,1920,10.0,2.8,2.1,2.7,0.26,0.2,0.25,10,8,10,4.8,8.1,6.0,0.48,0.81,0.58,18,30,22,2628343482,,,977,724,980,685,974,763,0.073,0.07193,-0.99473,-0.05414,0.1008,-0.99343,4.053,3.898,4.001,,,,Valid,Valid,227.9,147.6,551.2,297.1,152.1,559.8,268.3,187.5,266.6,208.9,0.509,0.6705,0.5107,0.6343,0.5073,0.7066,Screen Recording,Screen Recording Recording54.mp4,1920,1080,0,0,960,540,Fixation,3464,1161,964,709,0.5023,0.6569,,,,,,,,,,,
495812423,512571672330,Eye Tracker,LipReading_BJ,10/21/2025,ZJ,Recording54,10/18/2025,10/18/2025,21:15:16.594,13:15:16.594,535262,Timeline1,Tobii I-VT (Fixation),1.241.54219,1080,1920,10.0,2.8,2.1,2.7,0.26,0.2,0.25,10,8,10,4.8,8.1,6.0,0.48,0.81,0.58,18,30,22,2628347482,,,976,699,989,674,964,723,0.07709,0.06666,-0.99479,-0.05902,0.08146,-0.99493,4.057,3.966,4.007,,,,Valid,Valid,227.9,147.6,551.2,297.1,152.1,559.8,270.6,184.5,263.9,197.9,0.5086,0.647,0.515,0.6244,0.5022,0.6695,Screen Recording,Screen Recording Recording54.mp4,1920,1080,0,0,960,540,Fixation,3464,1161,964,709,0.5023,0.6569,,,,,,,,,,,
495815391,512571675298,Mouse,LipReading_BJ,10/21/2025,ZJ,Recording54,10/18/2025,10/18/2025,21:15:16.594,13:15:16.594,535262,Timeline1,Tobii I-VT (Fixation),1.241.54219,1080,1920,10.0,2.8,2.1,2.7,0.26,0.2,0.25,10,8,10,4.8,8.1,6.0,0.48,0.81,0.58,18,30,22,,,,,,,,,,,,,,,,,,,,,,,,,,,,,,,,,,,,,,,,Screen Recording,Screen Recording Recording54.mp4,1920,1080,0,0,960,540,Fixation,3464,1161,964,709,0.5023,0.6569,,,,,,,,,,974,971
495816423,512571676330,Eye Tracker,LipReading_BJ,10/21/2025,ZJ,Recording54,10/18/2025,10/18/2025,21:15:16.594,13:15:16.594,535262,Timeline1,Tobii I-VT (Fixation),1.241.54219,1080,1920,10.0,2.8,2.1,2.7,0.26,0.2,0.25,10,8,10,4.8,8.1,6.0,0.48,0.81,0.58,18,30,22,2628351482,,,979,705,987,684,970,726,0.07645,0.07135,-0.99452,-0.05613,0.08276,-0.99499,4.088,3.945,4.011,,,,Valid,Valid,227.9,147.6,551.2,297.1,152.1,559.8,270.2,187.2,265.5,198.6,0.5098,0.6526,0.5143,0.6332,0.5053,0.672,Screen Recording,Screen Recording Recording54.mp4,1920,1080,0,0,960,540,Fixation,3464,1161,964,709,0.5023,0.6569,,,,,,,,,,,
495820422,512571680329,Eye Tracker,LipReading_BJ,10/21/2025,ZJ,Recording54,10/18/2025,10/18/2025,21:15:16.594,13:15:16.594,535262,Timeline1,Tobii I-VT (Fixation),1.241.54219,1080,1920,10.0,2.8,2.1,2.7,0.26,0.2,0.25,10,8,10,4.8,8.1,6.0,0.48,0.81,0.58,18,30,22,2628355481,,,973,700,979,693,967,707,0.07237,0.07588,-0.99449,-0.05767,0.07344,-0.99563,4.065,3.996,4.015,,,,Valid,Valid,227.9,147.6,551.1,297.1,152.1,559.8,268.0,189.7,264.6,193.3,0.5068,0.648,0.51,0.6417,0.5037,0.6542,Screen Recording,Screen Recording Recording54.mp4,1920,1080,0,0,960,540,Fixation,3464,1161,964,709,0.5023,0.6569,,,,,,,,,,,
495824422,512571684329,Eye Tracker,LipReading_BJ,10/21/2025,ZJ,Recording54,10/18/2025,10/18/2025,21:15:16.594,13:15:16.594,535262,Timeline1,Tobii I-VT (Fixation),1.241.54219,1080,1920,10.0,2.8,2.1,2.7,0.26,0.2,0.25,10,8,10,4.8,8.1,6.0,0.48,0.81,0.58,18,30,22,2628359481,,,979,695,993,682,965,708,0.0793,0.07035,-0.99437,-0.0587,0.07426,-0.99551,4.05,3.983,4.005,,,,Valid,Valid,227.9,147.6,551.2,297.1,152.1,559.8,271.8,186.6,264.1,193.8,0.5099,0.6436,0.5173,0.6314,0.5026,0.6557,Screen Recording,Screen Recording Recording54.mp4,1920,1080,0,0,960,540,Fixation,3464,1161,964,709,0.5023,0.6569,,,,,,,,,,,
495828423,512571688330,Eye Tracker,LipReading_BJ,10/21/2025,ZJ,Recording54,10/18/2025,10/18/2025,21:15:16.594,13:15:16.594,535262,Timeline1,Tobii I-VT (Fixation),1.241.54219,1080,1920,10.0,2.8,2.1,2.7,0.26,0.2,0.25,10,8,10,4.8,8.1,6.0,0.48,0.81,0.58,18,30,22,2628363482,,,974,705,988,667,960,743,0.07697,0.06325,-0.99502,-0.06091,0.09084,-0.994,4.098,3.942,3.997,,,,Valid,Valid,227.9,147.6,551.2,297.1,152.1,559.8,270.5,182.7,262.8,203.2,0.5075,0.6528,0.5148,0.618,0.5001,0.6875,Screen Recording,Screen Recording Recording54.mp4,1920,1080,0,0,960,540,Fixation,3464,1161,964,709,0.5023,0.6569,,,,,,,,,,,
495832423,512571692330,Eye Tracker,LipReading_BJ,10/21/2025,ZJ,Recording54,10/18/2025,10/18/2025,21:15:16.594,13:15:16.594,535262,Timeline1,Tobii I-VT (Fixation),1.241.54219,1080,1920,10.0,2.8,2.1,2.7,0.26,0.2,0.25,10,8,10,4.8,8.1,6.0,0.48,0.81,0.58,18,30,22,2628367482,,,971,715,979,690,963,740,0.07231,0.07454,-0.99459,-0.05955,0.08949,-0.99421,4.052,3.92,3.992,,,,Valid,Valid,227.9,147.6,551.2,297.1,152.1,559.8,267.9,188.9,263.5,202.4,0.5057,0.6621,0.5099,0.6392,0.5016,0.685,Screen Recording,Screen Recording Recording54.mp4,1920,1080,0,0,960,540,Fixation,3464,1161,964,709,0.5023,0.6569,,,,,,,,,,,
495836423,512571696330,Eye Tracker,LipReading_BJ,10/21/2025,ZJ,Recording54,10/18/2025,10/18/2025,21:15:16.594,13:15:16.594,535262,Timeline1,Tobii I-VT (Fixation),1.241.54219,1080,1920,10.0,2.8,2.1,2.7,0.26,0.2,0.25,10,8,10,4.8,8.1,6.0,0.48,0.81,0.58,18,30,22,2628371482,,,980,710,988,681,972,740,0.07652,0.06983,-0.99462,-0.05536,0.08968,-0.99443,4.051,3.933,3.992,,,,Valid,Valid,227.9,147.6,551.2,297.1,152.1,559.8,270.3,186.3,265.9,202.5,0.5102,0.6578,0.5144,0.6304,0.5061,0.6853,Screen Recording,Screen Recording Recording54.mp4,1920,1080,0,0,960,540,Fixation,3464,1161,964,709,0.5023,0.6569,,,,,,,,,,,
495840421,512571700328,Eye Tracker,LipReading_BJ,10/21/2025,ZJ,Recording54,10/18/2025,10/18/2025,21:15:16.594,13:15:16.594,535262,Timeline1,Tobii I-VT (Fixation),1.241.54219,1080,1920,10.0,2.8,2.1,2.7,0.26,0.2,0.25,10,8,10,4.8,8.1,6.0,0.48,0.81,0.58,18,30,22,2628375481,,,973,724,976,685,969,763,0.07106,0.07196,-0.99487,-0.05643,0.10084,-0.9933,4.024,3.866,3.99,,,,Valid,Valid,227.9,147.6,551.1,297.1,152.1,559.8,267.2,187.5,265.3,208.9,0.5067,0.6706,0.5086,0.6344,0.5048,0.7068,Screen Recording,Screen Recording Recording54.mp4,1920,1080,0,0,960,540,Fixation,3464,1161,964,709,0.5023,0.6569,,,,,,,,,,,
495844421,512571704328,Eye Tracker,LipReading_BJ,10/21/2025,ZJ,Recording54,10/18/2025,10/18/2025,21:15:16.594,13:15:16.594,535262,Timeline1,Tobii I-VT (Fixation),1.241.54219,1080,1920,10.0,2.8,2.1,2.7,0.26,0.2,0.25,10,8,10,4.8,8.1,6.0,0.48,0.81,0.58,18,30,22,2628379481,,,974,702,976,686,971,717,0.07075,0.07245,-0.99486,-0.05562,0.07869,-0.99535,4.043,3.98,4.011,,,,Valid,Valid,227.9,147.6,551.2,297.1,152.1,559.8,267.1,187.8,265.8,196.3,0.507,0.6498,0.5083,0.6353,0.5058,0.6642,Screen Recording,Screen Recording Recording54.mp4,1920,1080,0,0,960,540,Fixation,3464,1161,964,709,0.5023,0.6569,,,,,,,,,,,
495848415,512571708322,Eye Tracker,LipReading_BJ,10/21/2025,ZJ,Recording54,10/18/2025,10/18/2025,21:15:16.594,13:15:16.594,535262,Timeline1,Tobii I-VT (Fixation),1.241.54219,1080,1920,10.0,2.8,2.1,2.7,0.26,0.2,0.25,10,8,10,4.8,8.1,6.0,0.48,0.81,0.58,18,30,22,2628383475,,,963,692,968,685,958,698,0.06682,0.07194,-0.99517,-0.06223,0.06949,-0.99564,4.047,3.996,4.009,,,,Valid,Valid,227.9,147.6,551.2,297.1,152.1,559.8,264.9,187.5,262.1,191.1,0.5014,0.6405,0.5041,0.6343,0.4988,0.6467,Screen Recording,Screen Recording Recording54.mp4,1920,1080,0,0,960,540,Fixation,3464,1161,964,709,0.5023,0.6569,,,,,,,,,,,
495852415,512571712322,Eye Tracker,LipReading_BJ,10/21/2025,ZJ,Recording54,10/18/2025,10/18/2025,21:15:16.594,13:15:16.594,535262,Timeline1,Tobii I-VT (Fixation),1.241.54219,1080,1920,10.0,2.8,2.1,2.7,0.26,0.2,0.25,10,8,10,4.8,8.1,6.0,0.48,0.81,0.58,18,30,22,2628387475,,,971,701,983,680,960,722,0.07442,0.06961,-0.99479,-0.0612,0.08076,-0.99485,4.039,3.986,4.011,,,,Valid,Valid,227.9,147.6,551.1,297.1,152.1,559.7,269.1,186.2,262.6,197.5,0.506,0.6491,0.5121,0.63,0.4998,0.6683,Screen Recording,Screen Recording Recording54.mp4,1920,1080,0,0,960,540,Fixation,3464,1161,964,709,0.5023,0.6569,,,,,,,,,,,
495856415,512571716322,Eye Tracker,LipReading_BJ,10/21/2025,ZJ,Recording54,10/18/2025,10/18/2025,21:15:16.594,13:15:16.594,535262,Timeline1,Tobii I-VT (Fixation),1.241.54219,1080,1920,10.0,2.8,2.1,2.7,0.26,0.2,0.25,10,8,10,4.8,8.1,6.0,0.48,0.81,0.58,18,30,22,2628391475,,,980,711,989,672,971,749,0.07711,0.06562,-0.99486,-0.05572,0.094,-0.99401,4.029,3.919,3.983,,,,Valid,Valid,227.9,147.7,551.1,297.1,152.1,559.8,270.6,184.0,265.7,205.0,0.5103,0.6581,0.5149,0.6226,0.5056,0.6936,Screen Recording,Screen Recording Recording54.mp4,1920,1080,0,0,960,540,Fixation,3464,1161,964,709,0.5023,0.6569,,,,,,,,,,,
495860414,512571720321,Eye Tracker,LipReading_BJ,10/21/2025,ZJ,Recording54,10/18/2025,10/18/2025,21:15:16.594,13:15:16.594,535262,Timeline1,Tobii I-VT (Fixation),1.241.54219,1080,1920,10.0,2.8,2.1,2.7,0.26,0.2,0.25,10,8,10,4.8,8.1,6.0,0.48,0.81,0.58,18,30,22,2628395474,,,974,740,980,686,968,794,0.073,0.07246,-0.9947,-0.05711,0.11548,-0.99167,4.048,3.819,3.982,,,,Valid,Valid,227.9,147.7,551.1,297.1,152.1,559.8,268.3,187.8,264.8,217.3,0.5073,0.6852,0.5106,0.6354,0.504,0.7351,Screen Recording,Screen Recording Recording54.mp4,1920,1080,0,0,960,540,Fixation,3464,1161,964,709,0.5023,0.6569,,,,,,,,,,,
495864414,512571724321,Eye Tracker,LipReading_BJ,10/21/2025,ZJ,Recording54,10/18/2025,10/18/2025,21:15:16.594,13:15:16.594,535262,Timeline1,Tobii I-VT (Fixation),1.241.54219,1080,1920,10.0,2.8,2.1,2.7,0.26,0.2,0.25,10,8,10,4.8,8.1,6.0,0.48,0.81,0.58,18,30,22,2628399474,,,979,721,981,679,976,764,0.07352,0.06871,-0.99492,-0.05323,0.10116,-0.99345,4.051,3.888,3.983,,,,Valid,Valid,227.9,147.7,551.1,297.1,152.1,559.8,268.6,185.7,267.1,209.1,0.5097,0.6678,0.5111,0.6284,0.5083,0.7073,Screen Recording,Screen Recording Recording54.mp4,1920,1080,0,0,960,540,Fixation,3464,1161,964,709,0.5023,0.6569,,,,,,,,,,,
495868415,512571728322,Eye Tracker,LipReading_BJ,10/21/2025,ZJ,Recording54,10/18/2025,10/18/2025,21:15:16.594,13:15:16.594,535262,Timeline1,Tobii I-VT (Fixation),1.241.54219,1080,1920,10.0,2.8,2.1,2.7,0.26,0.2,0.25,10,8,10,4.8,8.1,6.0,0.48,0.81,0.58,18,30,22,2628403475,,,976,706,981,677,972,734,0.07316,0.06813,-0.99499,-0.05523,0.08651,-0.99472,4.046,3.944,3.97,,,,Valid,Valid,227.9,147.7,551.1,297.1,152.1,559.7,268.4,185.4,266.0,200.8,0.5085,0.6533,0.5108,0.6273,0.5062,0.6792,Screen Recording,Screen Recording Recording54.mp4,1920,1080,0,0,960,540,Fixation,3464,1161,964,709,0.5023,0.6569,,,,,,,,,,,
495872415,512571732322,Eye Tracker,LipReading_BJ,10/21/2025,ZJ,Recording54,10/18/2025,10/18/2025,21:15:16.594,13:15:16.594,535262,Timeline1,Tobii I-VT (Fixation),1.241.54219,1080,1920,10.0,2.8,2.1,2.7,0.26,0.2,0.25,10,8,10,4.8,8.1,6.0,0.48,0.81,0.58,18,30,22,2628407475,,,973,700,980,688,967,712,0.07267,0.07313,-0.99467,-0.05766,0.07598,-0.99544,4.055,3.979,3.972,,,,Valid,Valid,227.9,147.7,551.1,297.1,152.1,559.7,268.1,188.2,264.6,194.8,0.507,0.6479,0.5103,0.6367,0.5037,0.6591,Screen Recording,Screen Recording Recording54.mp4,1920,1080,0,0,960,540,Fixation,3464,1161,964,709,0.5023,0.6569,,,,,,,,,,,
495876415,512571736322,Eye Tracker,LipReading_BJ,10/21/2025,ZJ,Recording54,10/18/2025,10/18/2025,21:15:16.594,13:15:16.594,535262,Timeline1,Tobii I-VT (Fixation),1.241.54219,1080,1920,10.0,2.8,2.1,2.7,0.26,0.2,0.25,10,8,10,4.8,8.1,6.0,0.48,0.81,0.58,18,30,22,2628411475,,,977,724,984,682,970,765,0.07461,0.07036,-0.99473,-0.0563,0.1018,-0.99321,4.043,3.892,3.969,,,,Valid,Valid,227.9,147.6,551.2,297.1,152.1,559.7,269.2,186.6,265.3,209.5,0.5087,0.6701,0.5123,0.6314,0.505,0.7087,Screen Recording,Screen Recording Recording54.mp4,1920,1080,0,0,960,540,Fixation,3464,1161,964,709,0.5023,0.6569,,,,,,,,,,,
495880414,512571740321,Eye Tracker,LipReading_BJ,10/21/2025,ZJ,Recording54,10/18/2025,10/18/2025,21:15:16.594,13:15:16.594,535262,Timeline1,Tobii I-VT (Fixation),1.241.54219,1080,1920,10.0,2.8,2.1,2.7,0.26,0.2,0.25,10,8,10,4.8,8.1,6.0,0.48,0.81,0.58,18,30,22,2628415474,,,971,714,981,681,961,748,0.07354,0.06972,-0.99485,-0.06037,0.09354,-0.99378,4.059,3.877,3.968,,,,Valid,Valid,227.9,147.7,551.1,297.1,152.1,559.7,268.6,186.3,263.1,204.8,0.5059,0.6615,0.5112,0.6302,0.5007,0.6928,Screen Recording,Screen Recording Recording54.mp4,1920,1080,0,0,960,540,Fixation,3464,1161,964,709,0.5023,0.6569,,,,,,,,,,,
495883328,512571743235,Mouse,LipReading_BJ,10/21/2025,ZJ,Recording54,10/18/2025,10/18/2025,21:15:16.594,13:15:16.594,535262,Timeline1,Tobii I-VT (Fixation),1.241.54219,1080,1920,10.0,2.8,2.1,2.7,0.26,0.2,0.25,10,8,10,4.8,8.1,6.0,0.48,0.81,0.58,18,30,22,,,,,,,,,,,,,,,,,,,,,,,,,,,,,,,,,,,,,,,,Screen Recording,Screen Recording Recording54.mp4,1920,1080,0,0,960,540,Fixation,3464,1161,964,709,0.5023,0.6569,,,,,,,,,,975,971
495884414,512571744321,Eye Tracker,LipReading_BJ,10/21/2025,ZJ,Recording54,10/18/2025,10/18/2025,21:15:16.594,13:15:16.594,535262,Timeline1,Tobii I-VT (Fixation),1.241.54219,1080,1920,10.0,2.8,2.1,2.7,0.26,0.2,0.25,10,8,10,4.8,8.1,6.0,0.48,0.81,0.58,18,30,22,2628419474,,,981,721,980,688,983,753,0.07258,0.07352,-0.99465,-0.04998,0.09603,-0.99412,4.015,3.858,3.967,,,,Valid,Valid,227.9,147.7,551.1,297.1,152.1,559.7,268.1,188.4,268.9,206.2,0.511,0.6674,0.5102,0.6374,0.5118,0.6975,Screen Recording,Screen Recording Recording54.mp4,1920,1080,0,0,960,540,Fixation,3464,1161,964,709,0.5023,0.6569,,,,,,,,,,,
495888415,512571748322,Eye Tracker,LipReading_BJ,10/21/2025,ZJ,Recording54,10/18/2025,10/18/2025,21:15:16.594,13:15:16.594,535262,Timeline1,Tobii I-VT (Fixation),1.241.54219,1080,1920,10.0,2.8,2.1,2.7,0.26,0.2,0.25,10,8,10,4.8,8.1,6.0,0.48,0.81,0.58,18,30,22,2628423475,,,969,690,981,683,957,697,0.07346,0.07099,-0.99477,-0.06266,0.06892,-0.99565,4.005,3.937,3.953,,,,Valid,Valid,227.9,147.7,551.1,297.1,152.1,559.8,268.6,187.0,261.9,190.8,0.5047,0.6391,0.5111,0.6326,0.4984,0.6457,Screen Recording,Screen Recording Recording54.mp4,1920,1080,0,0,960,540,Fixation,3464,1161,964,709,0.5023,0.6569,,,,,,,,,,,
495892415,512571752322,Eye Tracker,LipReading_BJ,10/21/2025,ZJ,Recording54,10/18/2025,10/18/2025,21:15:16.594,13:15:16.594,535262,Timeline1,Tobii I-VT (Fixation),1.241.54219,1080,1920,10.0,2.8,2.1,2.7,0.26,0.2,0.25,10,8,10,4.8,8.1,6.0,0.48,0.81,0.58,18,30,22,2628427475,,,972,714,980,684,965,744,0.0726,0.0712,-0.99482,-0.05867,0.09129,-0.99409,4.043,3.924,3.977,,,,Valid,Valid,227.9,147.6,551.1,297.1,152.1,559.7,268.1,187.1,264.1,203.5,0.5064,0.6607,0.5102,0.633,0.5025,0.6885,Screen Recording,Screen Recording Recording54.mp4,1920,1080,0,0,960,540,Fixation,3464,1161,964,709,0.5023,0.6569,,,,,,,,,,,
495896415,512571756322,Eye Tracker,LipReading_BJ,10/21/2025,ZJ,Recording54,10/18/2025,10/18/2025,21:15:16.594,13:15:16.594,535262,Timeline1,Tobii I-VT (Fixation),1.241.54219,1080,1920,10.0,2.8,2.1,2.7,0.26,0.2,0.25,10,8,10,4.8,8.1,6.0,0.48,0.81,0.58,18,30,22,2628431475,,,974,737,975,687,973,787,0.07013,0.07293,-0.99487,-0.05485,0.11226,-0.99216,4.029,3.821,3.981,,,,Valid,Valid,227.9,147.6,551.1,297.1,152.1,559.7,266.7,188.0,266.2,215.4,0.5071,0.6826,0.5076,0.6362,0.5065,0.7289,Screen Recording,Screen Recording Recording54.mp4,1920,1080,0,0,960,540,Fixation,3464,1161,964,709,0.5023,0.6569,,,,,,,,,,,
495900414,512571760321,Eye Tracker,LipReading_BJ,10/21/2025,ZJ,Recording54,10/18/2025,10/18/2025,21:15:16.594,13:15:16.594,535262,Timeline1,Tobii I-VT (Fixation),1.241.54219,1080,1920,10.0,2.8,2.1,2.7,0.26,0.2,0.25,10,8,10,4.8,8.1,6.0,0.48,0.81,0.58,18,30,22,2628435474,,,979,708,977,691,981,724,0.07147,0.07499,-0.99462,-0.05115,0.08198,-0.99532,4.036,3.955,3.977,,,,Valid,Valid,227.9,147.7,551.1,297.1,152.1,559.8,267.5,189.2,268.3,198.2,0.5099,0.6554,0.5091,0.6401,0.5107,0.6706,Screen Recording,Screen Recording Recording54.mp4,1920,1080,0,0,960,540,Fixation,3464,1161,964,709,0.5023,0.6569,,,,,,,,,,,
495904414,512571764321,Eye Tracker,LipReading_BJ,10/21/2025,ZJ,Recording54,10/18/2025,10/18/2025,21:15:16.594,13:15:16.594,535262,Timeline1,Tobii I-VT (Fixation),1.241.54219,1080,1920,10.0,2.8,2.1,2.7,0.26,0.2,0.25,10,8,10,4.8,8.1,6.0,0.48,0.81,0.58,18,30,22,2628439474,,,977,713,982,683,972,744,0.07374,0.07105,-0.99474,-0.05528,0.09133,-0.99429,4.007,3.933,3.963,,,,Valid,Valid,227.9,147.6,551.1,297.1,152.1,559.7,268.7,187.0,266.0,203.5,0.5088,0.6606,0.5115,0.6327,0.5062,0.6886,Screen Recording,Screen Recording Recording54.mp4,1920,1080,0,0,960,540,Fixation,3464,1161,964,709,0.5023,0.6569,,,,,,,,,,,
495908415,512571768322,Eye Tracker,LipReading_BJ,10/21/2025,ZJ,Recording54,10/18/2025,10/18/2025,21:15:16.594,13:15:16.594,535262,Timeline1,Tobii I-VT (Fixation),1.241.54219,1080,1920,10.0,2.8,2.1,2.7,0.26,0.2,0.25,10,8,10,4.8,8.1,6.0,0.48,0.81,0.58,18,30,22,2628443475,,,968,712,973,684,963,739,0.06936,0.07131,-0.99504,-0.05944,0.08929,-0.99423,4.021,3.896,3.966,,,,Valid,Valid,227.9,147.6,551.1,297.1,152.1,559.7,266.3,187.1,263.7,202.4,0.5043,0.6589,0.5068,0.6331,0.5018,0.6847,Screen Recording,Screen Recording Recording54.mp4,1920,1080,0,0,960,540,Fixation,3464,1161,964,709,0.5023,0.6569,,,,,,,,,,,
495912415,512571772322,Eye Tracker,LipReading_BJ,10/21/2025,ZJ,Recording54,10/18/2025,10/18/2025,21:15:16.594,13:15:16.594,535262,Timeline1,Tobii I-VT (Fixation),1.241.54219,1080,1920,10.0,2.8,2.1,2.7,0.26,0.2,0.25,10,8,10,4.8,8.1,6.0,0.48,0.81,0.58,18,30,22,2628447475,,,978,716,989,675,967,758,0.07742,0.06712,-0.99474,-0.05764,0.098,-0.99352,4.05,3.879,3.959,,,,Valid,Valid,227.9,147.7,551.1,297.1,152.1,559.7,270.8,184.8,264.6,207.3,0.5095,0.6634,0.5154,0.6254,0.5037,0.7014,Screen Recording,Screen Recording Recording54.mp4,1920,1080,0,0,960,540,Fixation,3464,1161,964,709,0.5023,0.6569,,,,,,,,,,,
495916415,512571776322,Eye Tracker,LipReading_BJ,10/21/2025,ZJ,Recording54,10/18/2025,10/18/2025,21:15:16.594,13:15:16.594,535262,Timeline1,Tobii I-VT (Fixation),1.241.54219,1080,1920,10.0,2.8,2.1,2.7,0.26,0.2,0.25,10,8,10,4.8,8.1,6.0,0.48,0.81,0.58,18,30,22,2628451475,,,977,708,989,672,965,743,0.07709,0.06564,-0.99486,-0.05868,0.09102,-0.99412,4.025,3.906,3.958,,,,Valid,Valid,227.9,147.7,551.0,297.1,152.1,559.7,270.6,184.0,264.1,203.3,0.5088,0.6553,0.515,0.6226,0.5026,0.688,Screen Recording,Screen Recording Recording54.mp4,1920,1080,0,0,960,540,Fixation,3464,1161,964,709,0.5023,0.6569,,,,,,,,,,,
495919554,512571779461,Mouse,LipReading_BJ,10/21/2025,ZJ,Recording54,10/18/2025,10/18/2025,21:15:16.594,13:15:16.594,535262,Timeline1,Tobii I-VT (Fixation),1.241.54219,1080,1920,10.0,2.8,2.1,2.7,0.26,0.2,0.25,10,8,10,4.8,8.1,6.0,0.48,0.81,0.58,18,30,22,,,,,,,,,,,,,,,,,,,,,,,,,,,,,,,,,,,,,,,,Screen Recording,Screen Recording Recording54.mp4,1920,1080,0,0,960,540,Fixation,3464,1161,964,709,0.5023,0.6569,,,,,,,,,,975,970
495920414,512571780321,Eye Tracker,LipReading_BJ,10/21/2025,ZJ,Recording54,10/18/2025,10/18/2025,21:15:16.594,13:15:16.594,535262,Timeline1,Tobii I-VT (Fixation),1.241.54219,1080,1920,10.0,2.8,2.1,2.7,0.26,0.2,0.25,10,8,10,4.8,8.1,6.0,0.48,0.81,0.58,18,30,22,2628455474,,,975,713,988,682,962,745,0.07671,0.07015,-0.99458,-0.05997,0.0918,-0.99397,4.005,3.89,3.953,,,,Valid,Valid,227.9,147.7,551.0,297.1,152.1,559.7,270.4,186.5,263.4,203.8,0.5079,0.6603,0.5146,0.6311,0.5012,0.6896,Screen Recording,Screen Recording Recording54.mp4,1920,1080,0,0,960,540,Fixation,3464,1161,964,709,0.5023,0.6569,,,,,,,,,,,
495924414,512571784321,Eye Tracker,LipReading_BJ,10/21/2025,ZJ,Recording54,10/18/2025,10/18/2025,21:15:16.594,13:15:16.594,535262,Timeline1,Tobii I-VT (Fixation),1.241.54219,1080,1920,10.0,2.8,2.1,2.7,0.26,0.2,0.25,10,8,10,4.8,8.1,6.0,0.48,0.81,0.58,18,30,22,2628459474,,,978,715,987,675,969,755,0.07595,0.0669,-0.99486,-0.0566,0.09697,-0.99368,4.032,3.882,3.955,,,,Valid,Valid,227.9,147.7,551.0,297.1,152.1,559.8,270.0,184.7,265.3,206.7,0.5093,0.6622,0.5138,0.625,0.5048,0.6994,Screen Recording,Screen Recording Recording54.mp4,1920,1080,0,0,960,540,Fixation,3464,1161,964,709,0.5023,0.6569,,,,,,,,,,,
495928415,512571788322,Eye Tracker,LipReading_BJ,10/21/2025,ZJ,Recording54,10/18/2025,10/18/2025,21:15:16.594,13:15:16.594,535262,Timeline1,Tobii I-VT (Fixation),1.241.54219,1080,1920,10.0,2.8,2.1,2.7,0.26,0.2,0.25,10,8,10,4.8,8.1,6.0,0.48,0.81,0.58,18,30,22,2628463475,,,971,720,974,689,967,750,0.06989,0.07398,-0.99481,-0.05749,0.09454,-0.99386,4.021,3.829,3.955,,,,Valid,Valid,227.9,147.7,551.0,297.1,152.1,559.7,266.6,188.7,264.8,205.4,0.5057,0.6666,0.5075,0.6383,0.5039,0.6948,Screen Recording,Screen Recording Recording54.mp4,1920,1080,0,0,960,540,Fixation,3464,1161,964,709,0.5023,0.6569,,,,,,,,,,,
495932415,512571792322,Eye Tracker,LipReading_BJ,10/21/2025,ZJ,Recording54,10/18/2025,10/18/2025,21:15:16.594,13:15:16.594,535262,Timeline1,Tobii I-VT (Fixation),1.241.54219,1080,1920,10.0,2.8,2.1,2.7,0.26,0.2,0.25,10,8,10,4.8,8.1,6.0,0.48,0.81,0.58,18,30,22,2628467475,,,971,705,985,688,957,722,0.07527,0.07346,-0.99445,-0.06261,0.08057,-0.99478,4.019,3.919,3.957,,,,Valid,Valid,227.9,147.7,551.0,297.2,152.1,559.7,269.6,188.4,261.9,197.5,0.5058,0.6527,0.5132,0.6374,0.4985,0.6681,Screen Recording,Screen Recording Recording54.mp4,1920,1080,0,0,960,540,Fixation,3464,1161,964,709,0.5023,0.6569,,,,,,,,,,,
495936415,512571796322,Eye Tracker,LipReading_BJ,10/21/2025,ZJ,Recording54,10/18/2025,10/18/2025,21:15:16.594,13:15:16.594,535262,Timeline1,Tobii I-VT (Fixation),1.241.54219,1080,1920,10.0,2.8,2.1,2.7,0.26,0.2,0.25,10,8,10,4.8,8.1,6.0,0.48,0.81,0.58,18,30,22,2628471475,,,972,708,977,685,967,731,0.07098,0.07168,-0.9949,-0.05761,0.0852,-0.9947,4.025,3.928,3.969,,,,Valid,Valid,227.9,147.7,551.0,297.2,152.1,559.7,267.3,187.4,264.7,200.1,0.5062,0.6555,0.5086,0.6341,0.5038,0.6769,Screen Recording,Screen Recording Recording54.mp4,1920,1080,0,0,960,540,Fixation,3464,1161,964,709,0.5023,0.6569,,,,,,,,,,,
495940414,512571800321,Eye Tracker,LipReading_BJ,10/21/2025,ZJ,Recording54,10/18/2025,10/18/2025,21:15:16.594,13:15:16.594,535262,Timeline1,Tobii I-VT (Fixation),1.241.54219,1080,1920,10.0,2.8,2.1,2.7,0.26,0.2,0.25,10,8,10,4.8,8.1,6.0,0.48,0.81,0.58,18,30,22,2628475474,,,969,710,982,688,956,732,0.07389,0.0732,-0.99458,-0.0632,0.08581,-0.99431,4.008,3.893,3.964,,,,Valid,Valid,227.9,147.7,551.0,297.2,152.1,559.7,268.9,188.3,261.6,200.4,0.5048,0.6575,0.5117,0.637,0.4978,0.6781,Screen Recording,Screen Recording Recording54.mp4,1920,1080,0,0,960,540,Fixation,3464,1161,964,709,0.5023,0.6569,,,,,,,,,,,
495944414,512571804321,Eye Tracker,LipReading_BJ,10/21/2025,ZJ,Recording54,10/18/2025,10/18/2025,21:15:16.594,13:15:16.594,535262,Timeline1,Tobii I-VT (Fixation),1.241.54219,1080,1920,10.0,2.8,2.1,2.7,0.26,0.2,0.25,10,8,10,4.8,8.1,6.0,0.48,0.81,0.58,18,30,22,2628479474,,,973,692,986,684,961,700,0.07579,0.07122,-0.99458,-0.06101,0.07003,-0.99568,4.003,3.965,3.959,,,,Valid,Valid,228.0,147.7,550.9,297.2,152.1,559.7,269.9,187.2,262.9,191.5,0.507,0.6406,0.5137,0.6333,0.5003,0.6479,Screen Recording,Screen Recording Recording54.mp4,1920,1080,0,0,960,540,Fixation,3464,1161,964,709,0.5023,0.6569,,,,,,,,,,,
495948414,512571808321,Eye Tracker,LipReading_BJ,10/21/2025,ZJ,Recording54,10/18/2025,10/18/2025,21:15:16.594,13:15:16.594,535262,Timeline1,Tobii I-VT (Fixation),1.241.54219,1080,1920,10.0,2.8,2.1,2.7,0.26,0.2,0.25,10,8,10,4.8,8.1,6.0,0.48,0.81,0.58,18,30,22,2628483475,,,979,703,982,671,976,735,0.07349,0.06474,-0.99519,-0.05335,0.0873,-0.99475,4.009,3.91,3.954,,,,Valid,Valid,228.0,147.7,550.9,297.2,152.1,559.7,268.6,183.6,267.2,201.3,0.5098,0.651,0.5113,0.6211,0.5084,0.6809,Screen Recording,Screen Recording Recording54.mp4,1920,1080,0,0,960,540,Fixation,3464,1161,964,709,0.5023,0.6569,,,,,,,,,,,
495952414,512571812321,Eye Tracker,LipReading_BJ,10/21/2025,ZJ,Recording54,10/18/2025,10/18/2025,21:15:16.594,13:15:16.594,535262,Timeline1,Tobii I-VT (Fixation),1.241.54219,1080,1920,10.0,2.8,2.1,2.7,0.26,0.2,0.25,10,8,10,4.8,8.1,6.0,0.48,0.81,0.58,18,30,22,2628487475,,,975,729,973,700,976,758,0.06936,0.0792,-0.99444,-0.05356,0.09798,-0.99375,3.987,3.868,3.952,,,,Valid,Valid,228.0,147.7,550.9,297.2,152.1,559.7,266.4,191.6,267.0,207.3,0.5076,0.6749,0.507,0.6483,0.5082,0.7015,Screen Recording,Screen Recording Recording54.mp4,1920,1080,0,0,960,540,Fixation,3464,1161,964,709,0.5023,0.6569,,,,,,,,,,,
495956414,512571816321,Eye Tracker,LipReading_BJ,10/21/2025,ZJ,Recording54,10/18/2025,10/18/2025,21:15:16.594,13:15:16.594,535262,Timeline1,Tobii I-VT (Fixation),1.241.54219,1080,1920,10.0,2.8,2.1,2.7,0.26,0.2,0.25,10,8,10,4.8,8.1,6.0,0.48,0.81,0.58,18,30,22,2628491475,,,976,707,991,684,960,730,0.0782,0.07127,-0.99439,-0.06126,0.08446,-0.99454,4.019,3.9,3.938,,,,Valid,Valid,228.0,147.7,550.9,297.2,152.1,559.7,271.3,187.2,262.7,199.7,0.5081,0.6545,0.5163,0.6335,0.5,0.6756,Screen Recording,Screen Recording Recording54.mp4,1920,1080,0,0,960,540,Fixation,3464,1161,964,709,0.5023,0.6569,,,,,,,,,,,
495960413,512571820320,Eye Tracker,LipReading_BJ,10/21/2025,ZJ,Recording54,10/18/2025,10/18/2025,21:15:16.594,13:15:16.594,535262,Timeline1,Tobii I-VT (Fixation),1.241.54219,1080,1920,10.0,2.8,2.1,2.7,0.26,0.2,0.25,10,8,10,4.8,8.1,6.0,0.48,0.81,0.58,18,30,22,2628495474,,,980,729,981,695,978,763,0.07318,0.07641,-0.99439,-0.05245,0.10051,-0.99355,3.979,3.864,3.93,,,,Valid,Valid,228.0,147.7,550.9,297.2,152.1,559.7,268.5,190.1,267.6,208.8,0.5102,0.6747,0.511,0.6431,0.5094,0.7063,Screen Recording,Screen Recording Recording54.mp4,1920,1080,0,0,960,540,Fixation,3464,1161,964,709,0.5023,0.6569,,,,,,,,,,,
495964413,512571824320,Eye Tracker,LipReading_BJ,10/21/2025,ZJ,Recording54,10/18/2025,10/18/2025,21:15:16.594,13:15:16.594,535262,Timeline1,Tobii I-VT (Fixation),1.241.54219,1080,1920,10.0,2.8,2.1,2.7,0.26,0.2,0.25,10,8,10,4.8,8.1,6.0,0.48,0.81,0.58,18,30,22,2628499474,,,977,724,987,678,968,771,0.07597,0.06803,-0.99479,-0.05746,0.10447,-0.99287,4.029,3.844,3.93,,,,Valid,Valid,228.0,147.7,550.9,297.2,152.1,559.7,270.0,185.4,264.8,211.0,0.5089,0.6707,0.5139,0.6273,0.5039,0.714,Screen Recording,Screen Recording Recording54.mp4,1920,1080,0,0,960,540,Fixation,3464,1161,964,709,0.5023,0.6569,,,,,,,,,,,
495968414,512571828321,Eye Tracker,LipReading_BJ,10/21/2025,ZJ,Recording54,10/18/2025,10/18/2025,21:15:16.594,13:15:16.594,535262,Timeline1,Tobii I-VT (Fixation),1.241.54219,1080,1920,10.0,2.8,2.1,2.7,0.26,0.2,0.25,10,8,10,4.8,8.1,6.0,0.48,0.81,0.58,18,30,22,2628503475,,,974,725,979,688,970,762,0.07204,0.07328,-0.99471,-0.05629,0.10015,-0.99338,3.996,3.862,3.929,,,,Valid,Valid,228.0,147.7,550.9,297.2,152.2,559.7,267.9,188.3,265.5,208.6,0.5075,0.6715,0.5098,0.6372,0.5052,0.7057,Screen Recording,Screen Recording Recording54.mp4,1920,1080,0,0,960,540,Fixation,3464,1161,964,709,0.5023,0.6569,,,,,,,,,,,
495972414,512571832321,Eye Tracker,LipReading_BJ,10/21/2025,ZJ,Recording54,10/18/2025,10/18/2025,21:15:16.594,13:15:16.594,535262,Timeline1,Tobii I-VT (Fixation),1.241.54219,1080,1920,10.0,2.8,2.1,2.7,0.26,0.2,0.25,10,8,10,4.8,8.1,6.0,0.48,0.81,0.58,18,30,22,2628507475,,,960,712,970,695,950,729,0.06748,0.07652,-0.99478,-0.06622,0.0843,-0.99424,3.965,3.931,3.939,,,,Valid,Valid,228.0,147.7,550.9,297.2,152.1,559.7,265.3,190.1,259.9,199.6,0.4998,0.6593,0.505,0.6432,0.4946,0.6753,Screen Recording,Screen Recording Recording54.mp4,1920,1080,0,0,960,540,Fixation,3464,1161,964,709,0.5023,0.6569,,,,,,,,,,,
495976415,512571836322,Eye Tracker,LipReading_BJ,10/21/2025,ZJ,Recording54,10/18/2025,10/18/2025,21:15:16.594,13:15:16.594,535262,Timeline1,Tobii I-VT (Fixation),1.241.54219,1080,1920,10.0,2.8,2.1,2.7,0.26,0.2,0.25,10,8,10,4.8,8.1,6.0,0.48,0.81,0.58,18,30,22,2628511476,,,965,723,976,693,955,754,0.07068,0.07558,-0.99463,-0.06371,0.09604,-0.99334,3.994,3.882,3.938,,,,Valid,Valid,228.0,147.7,550.9,297.2,152.1,559.7,267.1,189.6,261.3,206.3,0.5028,0.6697,0.5083,0.6415,0.4973,0.6979,Screen Recording,Screen Recording Recording54.mp4,1920,1080,0,0,960,540,Fixation,3464,1161,964,709,0.5023,0.6569,,,,,,,,,,,
495980414,512571840321,Eye Tracker,LipReading_BJ,10/21/2025,ZJ,Recording54,10/18/2025,10/18/2025,21:15:16.594,13:15:16.594,535262,Timeline1,Tobii I-VT (Fixation),1.241.54219,1080,1920,10.0,2.8,2.1,2.7,0.26,0.2,0.25,10,8,10,4.8,8.1,6.0,0.48,0.81,0.58,18,30,22,2628515475,,,979,709,992,672,965,746,0.07869,0.0655,-0.99475,-0.05883,0.09242,-0.99398,4.009,3.906,3.938,,,,Valid,Valid,228.0,147.7,550.9,297.2,152.2,559.7,271.5,184.0,264.1,204.2,0.5097,0.6567,0.5168,0.6226,0.5025,0.6908,Screen Recording,Screen Recording Recording54.mp4,1920,1080,0,0,960,540,Fixation,3464,1161,964,709,0.5023,0.6569,,,,,,,,,,,
495984414,512571844321,Eye Tracker,LipReading_BJ,10/21/2025,ZJ,Recording54,10/18/2025,10/18/2025,21:15:16.594,13:15:16.594,535262,Timeline1,Tobii I-VT (Fixation),1.241.54219,1080,1920,10.0,2.8,2.1,2.7,0.26,0.2,0.25,10,8,10,4.8,8.1,6.0,0.48,0.81,0.58,18,30,22,2628519475,,,972,713,984,681,961,745,0.07439,0.06962,-0.9948,-0.06083,0.09201,-0.9939,3.994,3.87,3.938,,,,Valid,Valid,228.0,147.7,550.9,297.2,152.1,559.7,269.2,186.3,262.9,204.0,0.5063,0.6602,0.5122,0.6303,0.5004,0.6901,Screen Recording,Screen Recording Recording54.mp4,1920,1080,0,0,960,540,Fixation,3464,1161,964,709,0.5023,0.6569,,,,,,,,,,,
495988415,512571848322,Eye Tracker,LipReading_BJ,10/21/2025,ZJ,Recording54,10/18/2025,10/18/2025,21:15:16.594,13:15:16.594,535262,Timeline1,Tobii I-VT (Fixation),1.241.54219,1080,1920,10.0,2.8,2.1,2.7,0.26,0.2,0.25,10,8,10,4.8,8.1,6.0,0.48,0.81,0.58,18,30,22,2628523476,,,968,725,969,691,968,759,0.06734,0.07466,-0.99493,-0.05747,0.09857,-0.99347,3.981,3.872,3.93,,,,Valid,Valid,228.0,147.7,550.9,297.2,152.2,559.7,265.2,189.1,264.8,207.7,0.5044,0.6712,0.5048,0.6397,0.504,0.7027,Screen Recording,Screen Recording Recording54.mp4,1920,1080,0,0,960,540,Fixation,3464,1161,964,709,0.5023,0.6569,,,,,,,,,,,
495992415,512571852322,Eye Tracker,LipReading_BJ,10/21/2025,ZJ,Recording54,10/18/2025,10/18/2025,21:15:16.594,13:15:16.594,535262,Timeline1,Tobii I-VT (Fixation),1.241.54219,1080,1920,10.0,2.8,2.1,2.7,0.26,0.2,0.25,10,8,10,4.8,8.1,6.0,0.48,0.81,0.58,18,30,22,2628527476,,,975,696,986,675,964,718,0.07557,0.0668,-0.9949,-0.05944,0.07876,-0.99512,3.976,3.938,3.93,,,,Valid,Valid,228.0,147.7,550.9,297.2,152.1,559.7,269.8,184.7,263.7,196.4,0.5077,0.6448,0.5135,0.625,0.5019,0.6646,Screen Recording,Screen Recording Recording54.mp4,1920,1080,0,0,960,540,Fixation,3464,1161,964,709,0.5023,0.6569,,,,,,,,,,,
495996415,512571856322,Eye Tracker,LipReading_BJ,10/21/2025,ZJ,Recording54,10/18/2025,10/18/2025,21:15:16.594,13:15:16.594,535262,Timeline1,Tobii I-VT (Fixation),1.241.54219,1080,1920,10.0,2.8,2.1,2.7,0.26,0.2,0.25,10,8,10,4.8,8.1,6.0,0.48,0.81,0.58,18,30,22,2628531476,,,976,719,979,680,973,758,0.07222,0.06922,-0.99498,-0.05472,0.09809,-0.99367,3.989,3.864,3.93,,,,Valid,Valid,228.0,147.8,550.9,297.2,152.2,559.7,267.9,186.1,266.4,207.4,0.5084,0.6656,0.5099,0.6296,0.5069,0.7017,Screen Recording,Screen Recording Recording54.mp4,1920,1080,0,0,960,540,Fixation,3464,1161,964,709,0.5023,0.6569,,,,,,,,,,,
496000414,512571860321,Eye Tracker,LipReading_BJ,10/21/2025,ZJ,Recording54,10/18/2025,10/18/2025,21:15:16.594,13:15:16.594,535262,Timeline1,Tobii I-VT (Fixation),1.241.54219,1080,1920,10.0,2.8,2.1,2.7,0.26,0.2,0.25,10,8,10,4.8,8.1,6.0,0.48,0.81,0.58,18,30,22,2628535475,,,969,718,977,691,961,745,0.07117,0.07473,-0.99466,-0.06084,0.09164,-0.99393,3.988,3.894,3.941,,,,Valid,Valid,227.9,147.7,550.9,297.2,152.2,559.7,267.4,189.1,262.9,203.8,0.5046,0.6646,0.5088,0.6399,0.5004,0.6894,Screen Recording,Screen Recording Recording54.mp4,1920,1080,0,0,960,540,Fixation,3464,1161,964,709,0.5023,0.6569,,,,,,,,,,,
496004414,512571864321,Eye Tracker,LipReading_BJ,10/21/2025,ZJ,Recording54,10/18/2025,10/18/2025,21:15:16.594,13:15:16.594,535262,Timeline1,Tobii I-VT (Fixation),1.241.54219,1080,1920,10.0,2.8,2.1,2.7,0.26,0.2,0.25,10,8,10,4.8,8.1,6.0,0.48,0.81,0.58,18,30,22,2628539475,,,982,717,982,677,982,757,0.07393,0.06782,-0.99496,-0.05049,0.09789,-0.99392,4.02,3.847,3.939,,,,Valid,Valid,227.9,147.7,550.9,297.2,152.1,559.7,268.9,185.3,268.7,207.3,0.5116,0.6641,0.5117,0.6269,0.5114,0.7013,Screen Recording,Screen Recording Recording54.mp4,1920,1080,0,0,960,540,Fixation,3464,1161,964,709,0.5023,0.6569,,,,,,,,,,,
496008415,512571868322,Eye Tracker,LipReading_BJ,10/21/2025,ZJ,Recording54,10/18/2025,10/18/2025,21:15:16.594,13:15:16.594,535262,Timeline1,Tobii I-VT (Fixation),1.241.54219,1080,1920,10.0,2.8,2.1,2.7,0.26,0.2,0.25,10,8,10,4.8,8.1,6.0,0.48,0.81,0.58,18,30,22,2628543476,,,975,709,989,682,962,736,0.07692,0.07024,-0.99456,-0.06023,0.08734,-0.99436,3.984,3.9,3.939,,,,Valid,Valid,227.9,147.7,550.9,297.2,152.2,559.7,270.5,186.7,263.3,201.3,0.508,0.6563,0.5149,0.6315,0.501,0.6811,Screen Recording,Screen Recording Recording54.mp4,1920,1080,0,0,960,540,Fixation,3464,1161,964,709,0.5023,0.6569,,,,,,,,,,,
496012415,512571872322,Eye Tracker,LipReading_BJ,10/21/2025,ZJ,Recording54,10/18/2025,10/18/2025,21:15:16.594,13:15:16.594,535262,Timeline1,Tobii I-VT (Fixation),1.241.54219,1080,1920,10.0,2.8,2.1,2.7,0.26,0.2,0.25,10,8,10,4.8,8.1,6.0,0.48,0.81,0.58,18,30,22,2628547476,,,975,707,988,675,962,738,0.07681,0.0668,-0.99481,-0.0601,0.08857,-0.99426,3.99,3.889,3.918,,,,Valid,Valid,227.9,147.7,550.9,297.2,152.1,559.7,270.5,184.7,263.3,202.0,0.5079,0.6543,0.5147,0.625,0.5011,0.6835,Screen Recording,Screen Recording Recording54.mp4,1920,1080,0,0,960,540,Fixation,3464,1161,964,709,0.5023,0.6569,,,,,,,,,,,
496016415,512571876322,Eye Tracker,LipReading_BJ,10/21/2025,ZJ,Recording54,10/18/2025,10/18/2025,21:15:16.594,13:15:16.594,535262,Timeline1,Tobii I-VT (Fixation),1.241.54219,1080,1920,10.0,2.8,2.1,2.7,0.26,0.2,0.25,10,8,10,4.8,8.1,6.0,0.48,0.81,0.58,18,30,22,2628551476,,,976,716,984,679,969,753,0.07475,0.06864,-0.99484,-0.05691,0.09552,-0.9938,3.982,3.834,3.912,,,,Valid,Valid,227.9,147.8,550.9,297.1,152.2,559.7,269.3,185.8,265.1,206.0,0.5086,0.6627,0.5126,0.6285,0.5045,0.6968,Screen Recording,Screen Recording Recording54.mp4,1920,1080,0,0,960,540,Fixation,3464,1161,964,709,0.5023,0.6569,,,,,,,,,,,
496020414,512571880321,Eye Tracker,LipReading_BJ,10/21/2025,ZJ,Recording54,10/18/2025,10/18/2025,21:15:16.594,13:15:16.594,535262,Timeline1,Tobii I-VT (Fixation),1.241.54219,1080,1920,10.0,2.8,2.1,2.7,0.26,0.2,0.25,10,8,10,4.8,8.1,6.0,0.48,0.81,0.58,18,30,22,2628555475,,,979,728,980,682,979,775,0.07251,0.07019,-0.99489,-0.05203,0.1061,-0.99299,3.999,3.814,3.912,,,,Valid,Valid,227.9,147.8,550.9,297.1,152.2,559.7,268.1,186.6,267.8,212.0,0.5099,0.6743,0.5102,0.6314,0.5097,0.7171,Screen Recording,Screen Recording Recording54.mp4,1920,1080,0,0,960,540,Fixation,3464,1161,964,709,0.5023,0.6569,,,,,,,,,,,
496024414,512571884321,Eye Tracker,LipReading_BJ,10/21/2025,ZJ,Recording54,10/18/2025,10/18/2025,21:15:16.594,13:15:16.594,535262,Timeline1,Tobii I-VT (Fixation),1.241.54219,1080,1920,10.0,2.8,2.1,2.7,0.26,0.2,0.25,10,8,10,4.8,8.1,6.0,0.48,0.81,0.58,18,30,22,2628559475,,,980,730,978,688,982,773,0.07196,0.07296,-0.99474,-0.05042,0.10554,-0.99314,4.005,3.835,3.915,,,,Valid,Valid,227.9,147.8,550.9,297.1,152.2,559.6,267.8,188.2,268.7,211.6,0.5105,0.6763,0.5096,0.6366,0.5114,0.7161,Screen Recording,Screen Recording Recording54.mp4,1920,1080,0,0,960,540,Fixation,3464,1161,964,709,0.5023,0.6569,,,,,,,,,,,
496028415,512571888322,Eye Tracker,LipReading_BJ,10/21/2025,ZJ,Recording54,10/18/2025,10/18/2025,21:15:16.594,13:15:16.594,535262,Timeline1,Tobii I-VT (Fixation),1.241.54219,1080,1920,10.0,2.8,2.1,2.7,0.26,0.2,0.25,10,8,10,4.8,8.1,6.0,0.48,0.81,0.58,18,30,22,2628563476,,,970,704,978,683,962,725,0.07185,0.07053,-0.99492,-0.06004,0.08226,-0.9948,3.981,3.942,3.962,,,,Valid,Valid,227.9,147.7,550.9,297.1,152.2,559.7,267.7,186.8,263.4,198.4,0.5054,0.6517,0.5095,0.632,0.5012,0.6714,Screen Recording,Screen Recording Recording54.mp4,1920,1080,0,0,960,540,Fixation,3464,1161,964,709,0.5023,0.6569,,,,,,,,,,,
496032415,512571892322,Eye Tracker,LipReading_BJ,10/21/2025,ZJ,Recording54,10/18/2025,10/18/2025,21:15:16.594,13:15:16.594,535262,Timeline1,Tobii I-VT (Fixation),1.241.54219,1080,1920,10.0,2.8,2.1,2.7,0.26,0.2,0.25,10,8,10,4.8,8.1,6.0,0.48,0.81,0.58,18,30,22,2628567476,,,970,706,974,688,966,723,0.06983,0.07335,-0.99486,-0.05844,0.08116,-0.99499,3.995,3.937,3.961,,,,Valid,Valid,227.9,147.8,550.9,297.1,152.2,559.7,266.6,188.4,264.3,197.8,0.5051,0.6533,0.5074,0.6374,0.5029,0.6693,Screen Recording,Screen Recording Recording54.mp4,1920,1080,0,0,960,540,Fixation,3464,1161,964,709,0.5023,0.6569,,,,,,,,,,,
496035482,512571895389,Mouse,LipReading_BJ,10/21/2025,ZJ,Recording54,10/18/2025,10/18/2025,21:15:16.594,13:15:16.594,535262,Timeline1,Tobii I-VT (Fixation),1.241.54219,1080,1920,10.0,2.8,2.1,2.7,0.26,0.2,0.25,10,8,10,4.8,8.1,6.0,0.48,0.81,0.58,18,30,22,,,,,,,,,,,,,,,,,,,,,,,,,,,,,,,,,,,,,,,,Screen Recording,Screen Recording Recording54.mp4,1920,1080,0,0,960,540,Fixation,3464,1161,964,709,0.5023,0.6569,,,,,,,,,,975,970
496036415,512571896322,Eye Tracker,LipReading_BJ,10/21/2025,ZJ,Recording54,10/18/2025,10/18/2025,21:15:16.594,13:15:16.594,535262,Timeline1,Tobii I-VT (Fixation),1.241.54219,1080,1920,10.0,2.8,2.1,2.7,0.26,0.2,0.25,10,8,10,4.8,8.1,6.0,0.48,0.81,0.58,18,30,22,2628571476,,,977,695,986,676,967,714,0.07592,0.06707,-0.99486,-0.05784,0.07697,-0.99535,3.992,3.93,3.961,,,,Valid,Valid,227.9,147.8,550.9,297.1,152.2,559.7,270.0,184.9,264.6,195.4,0.5087,0.6434,0.5138,0.6256,0.5036,0.6613,Screen Recording,Screen Recording Recording54.mp4,1920,1080,0,0,960,540,Fixation,3464,1161,964,709,0.5023,0.6569,,,,,,,,,,,
496040414,512571900321,Eye Tracker,LipReading_BJ,10/21/2025,ZJ,Recording54,10/18/2025,10/18/2025,21:15:16.594,13:15:16.594,535262,Timeline1,Tobii I-VT (Fixation),1.241.54219,1080,1920,10.0,2.8,2.1,2.7,0.26,0.2,0.25,10,8,10,4.8,8.1,6.0,0.48,0.81,0.58,18,30,22,2628575475,,,974,733,971,699,976,766,0.06829,0.07872,-0.99455,-0.05324,0.10205,-0.99335,3.987,3.862,3.927,,,,Valid,Valid,227.9,147.8,550.9,297.1,152.2,559.6,265.7,191.4,267.1,209.7,0.5071,0.6784,0.5057,0.6475,0.5084,0.7094,Screen Recording,Screen Recording Recording54.mp4,1920,1080,0,0,960,540,Fixation,3464,1161,964,709,0.5023,0.6569,,,,,,,,,,,
496044414,512571904321,Eye Tracker,LipReading_BJ,10/21/2025,ZJ,Recording54,10/18/2025,10/18/2025,21:15:16.594,13:15:16.594,535262,Timeline1,Tobii I-VT (Fixation),1.241.54219,1080,1920,10.0,2.8,2.1,2.7,0.26,0.2,0.25,10,8,10,4.8,8.1,6.0,0.48,0.81,0.58,18,30,22,2628579475,,,983,710,982,671,984,749,0.07382,0.06482,-0.99516,-0.04959,0.09362,-0.99437,3.996,3.857,3.927,,,,Valid,Valid,227.9,147.8,550.9,297.1,152.2,559.7,268.8,183.6,269.2,204.9,0.5119,0.6572,0.5115,0.6214,0.5124,0.6931,Screen Recording,Screen Recording Recording54.mp4,1920,1080,0,0,960,540,Fixation,3464,1161,964,709,0.5023,0.6569,,,,,,,,,,,
496048415,512571908322,Eye Tracker,LipReading_BJ,10/21/2025,ZJ,Recording54,10/18/2025,10/18/2025,21:15:16.594,13:15:16.594,535262,Timeline1,Tobii I-VT (Fixation),1.241.54219,1080,1920,10.0,2.8,2.1,2.7,0.26,0.2,0.25,10,8,10,4.8,8.1,6.0,0.48,0.81,0.58,18,30,22,2628583476,,,980,715,982,664,978,765,0.07397,0.06132,-0.99537,-0.05238,0.10153,-0.99345,3.977,3.851,3.927,,,,Valid,Valid,227.9,147.8,550.9,297.1,152.2,559.7,268.8,181.7,267.6,209.4,0.5105,0.6616,0.5117,0.6148,0.5093,0.7084,Screen Recording,Screen Recording Recording54.mp4,1920,1080,0,0,960,540,Fixation,3464,1161,964,709,0.5023,0.6569,,,,,,,,,,,
496049357,512571909264,Mouse,LipReading_BJ,10/21/2025,ZJ,Recording54,10/18/2025,10/18/2025,21:15:16.594,13:15:16.594,535262,Timeline1,Tobii I-VT (Fixation),1.241.54219,1080,1920,10.0,2.8,2.1,2.7,0.26,0.2,0.25,10,8,10,4.8,8.1,6.0,0.48,0.81,0.58,18,30,22,,,,,,,,,,,,,,,,,,,,,,,,,,,,,,,,,,,,,,,,Screen Recording,Screen Recording Recording54.mp4,1920,1080,0,0,960,540,Fixation,3464,1161,964,709,0.5023,0.6569,,,,,,,,,,976,970
496052415,512571912322,Eye Tracker,LipReading_BJ,10/21/2025,ZJ,Recording54,10/18/2025,10/18/2025,21:15:16.594,13:15:16.594,535262,Timeline1,Tobii I-VT (Fixation),1.241.54219,1080,1920,10.0,2.8,2.1,2.7,0.26,0.2,0.25,10,8,10,4.8,8.1,6.0,0.48,0.81,0.58,18,30,22,2628587476,,,969,705,982,687,957,723,0.07371,0.07249,-0.99464,-0.06267,0.08136,-0.99471,3.997,3.922,3.928,,,,Valid,Valid,227.9,147.8,550.9,297.1,152.2,559.7,268.7,187.9,261.9,197.9,0.5049,0.6528,0.5114,0.6358,0.4984,0.6697,Screen Recording,Screen Recording Recording54.mp4,1920,1080,0,0,960,540,Fixation,3464,1161,964,709,0.5023,0.6569,,,,,,,,,,,
496056414,512571916321,Eye Tracker,LipReading_BJ,10/21/2025,ZJ,Recording54,10/18/2025,10/18/2025,21:15:16.594,13:15:16.594,535262,Timeline1,Tobii I-VT (Fixation),1.241.54219,1080,1920,10.0,2.8,2.1,2.7,0.26,0.2,0.25,10,8,10,4.8,8.1,6.0,0.48,0.81,0.58,18,30,22,2628591476,,,972,722,976,686,969,758,0.07066,0.07224,-0.99488,-0.05667,0.09824,-0.99355,3.992,3.865,3.935,,,,Valid,Valid,227.9,147.8,550.9,297.1,152.2,559.7,267.0,187.8,265.2,207.5,0.5065,0.6687,0.5082,0.6353,0.5047,0.7021,Screen Recording,Screen Recording Recording54.mp4,1920,1080,0,0,960,540,Fixation,3464,1161,964,709,0.5023,0.6569,,,,,,,,,,,
496060385,512571920292,Mouse,LipReading_BJ,10/21/2025,ZJ,Recording54,10/18/2025,10/18/2025,21:15:16.594,13:15:16.594,535262,Timeline1,Tobii I-VT (Fixation),1.241.54219,1080,1920,10.0,2.8,2.1,2.7,0.26,0.2,0.25,10,8,10,4.8,8.1,6.0,0.48,0.81,0.58,18,30,22,,,,,,,,,,,,,,,,,,,,,,,,,,,,,,,,,,,,,,,,Screen Recording,Screen Recording Recording54.mp4,1920,1080,0,0,960,540,Fixation,3464,1161,964,709,0.5023,0.6569,,,,,,,,,,977,970
496060413,512571920320,Eye Tracker,LipReading_BJ,10/21/2025,ZJ,Recording54,10/18/2025,10/18/2025,21:15:16.594,13:15:16.594,535262,Timeline1,Tobii I-VT (Fixation),1.241.54219,1080,1920,10.0,2.8,2.1,2.7,0.26,0.2,0.25,10,8,10,4.8,8.1,6.0,0.48,0.81,0.58,18,30,22,2628595475,,,976,716,985,675,967,756,0.07512,0.0666,-0.99495,-0.05756,0.09731,-0.99359,3.992,3.896,3.944,,,,Valid,Valid,227.9,147.8,550.9,297.1,152.2,559.7,269.5,184.6,264.7,207.0,0.5083,0.6625,0.5129,0.6247,0.5038,0.7003,Screen Recording,Screen Recording Recording54.mp4,1920,1080,0,0,960,540,Fixation,3464,1161,964,709,0.5023,0.6569,,,,,,,,,,,
496064413,512571924320,Eye Tracker,LipReading_BJ,10/21/2025,ZJ,Recording54,10/18/2025,10/18/2025,21:15:16.594,13:15:16.594,535262,Timeline1,Tobii I-VT (Fixation),1.241.54219,1080,1920,10.0,2.8,2.1,2.7,0.26,0.2,0.25,10,8,10,4.8,8.1,6.0,0.48,0.81,0.58,18,30,22,2628599475,,,986,716,983,684,988,747,0.07399,0.07125,-0.99471,-0.04729,0.09302,-0.99454,3.976,3.877,3.938,,,,Valid,Valid,227.9,147.8,550.9,297.1,152.2,559.7,268.9,187.2,270.5,204.5,0.5133,0.6627,0.5117,0.6335,0.5148,0.692,Screen Recording,Screen Recording Recording54.mp4,1920,1080,0,0,960,540,Fixation,3464,1161,964,709,0.5023,0.6569,,,,,,,,,,,
496068414,512571928321,Eye Tracker,LipReading_BJ,10/21/2025,ZJ,Recording54,10/18/2025,10/18/2025,21:15:16.594,13:15:16.594,535262,Timeline1,Tobii I-VT (Fixation),1.241.54219,1080,1920,10.0,2.8,2.1,2.7,0.26,0.2,0.25,10,8,10,4.8,8.1,6.0,0.48,0.81,0.58,18,30,22,2628603476,,,975,716,976,689,973,744,0.07082,0.07353,-0.99478,-0.05458,0.09122,-0.99433,3.978,3.911,3.942,,,,Valid,Valid,227.9,147.8,550.9,297.1,152.2,559.7,267.1,188.5,266.4,203.5,0.5077,0.6632,0.5084,0.6377,0.507,0.6886,Screen Recording,Screen Recording Recording54.mp4,1920,1080,0,0,960,540,Fixation,3464,1161,964,709,0.5023,0.6569,,,,,,,,,,,
496072414,512571932321,Eye Tracker,LipReading_BJ,10/21/2025,ZJ,Recording54,10/18/2025,10/18/2025,21:15:16.594,13:15:16.594,535262,Timeline1,Tobii I-VT (Fixation),1.241.54219,1080,1920,10.0,2.8,2.1,2.7,0.26,0.2,0.25,10,8,10,4.8,8.1,6.0,0.48,0.81,0.58,18,30,22,2628607476,,,977,710,981,680,973,740,0.07304,0.06945,-0.99491,-0.05481,0.08921,-0.9945,3.98,3.904,3.941,,,,Valid,Valid,227.9,147.8,550.9,297.1,152.2,559.7,268.4,186.2,266.3,202.4,0.5088,0.6574,0.5107,0.6301,0.5068,0.6847,Screen Recording,Screen Recording Recording54.mp4,1920,1080,0,0,960,540,Fixation,3464,1161,964,709,0.5023,0.6569,,,,,,,,,,,
496076414,512571936321,Eye Tracker,LipReading_BJ,10/21/2025,ZJ,Recording54,10/18/2025,10/18/2025,21:15:16.594,13:15:16.594,535262,Timeline1,Tobii I-VT (Fixation),1.241.54219,1080,1920,10.0,2.8,2.1,2.7,0.26,0.2,0.25,10,8,10,4.8,8.1,6.0,0.48,0.81,0.58,18,30,22,2628611476,,,975,708,979,683,971,732,0.0722,0.07071,-0.99488,-0.05595,0.08563,-0.99475,3.983,3.926,3.942,,,,Valid,Valid,227.9,147.8,551.0,297.1,152.2,559.7,267.9,186.9,265.7,200.4,0.5077,0.6552,0.5099,0.6324,0.5056,0.6779,Screen Recording,Screen Recording Recording54.mp4,1920,1080,0,0,960,540,Fixation,3464,1161,964,709,0.5023,0.6569,,,,,,,,,,,
496080413,512571940320,Eye Tracker,LipReading_BJ,10/21/2025,ZJ,Recording54,10/18/2025,10/18/2025,21:15:16.594,13:15:16.594,535262,Timeline1,Tobii I-VT (Fixation),1.241.54219,1080,1920,10.0,2.8,2.1,2.7,0.26,0.2,0.25,10,8,10,4.8,8.1,6.0,0.48,0.81,0.58,18,30,22,2628615475,,,970,736,975,691,965,781,0.0703,0.07448,-0.99474,-0.05861,0.10922,-0.99229,3.958,3.83,3.937,,,,Valid,Valid,227.9,147.8,550.9,297.1,152.2,559.7,266.9,189.0,264.1,213.8,0.5052,0.6814,0.5079,0.6396,0.5026,0.7233,Screen Recording,Screen Recording Recording54.mp4,1920,1080,0,0,960,540,Fixation,3464,1161,964,709,0.5023,0.6569,,,,,,,,,,,
496081434,512571941341,Mouse,LipReading_BJ,10/21/2025,ZJ,Recording54,10/18/2025,10/18/2025,21:15:16.594,13:15:16.594,535262,Timeline1,Tobii I-VT (Fixation),1.241.54219,1080,1920,10.0,2.8,2.1,2.7,0.26,0.2,0.25,10,8,10,4.8,8.1,6.0,0.48,0.81,0.58,18,30,22,,,,,,,,,,,,,,,,,,,,,,,,,,,,,,,,,,,,,,,,Screen Recording,Screen Recording Recording54.mp4,1920,1080,0,0,960,540,Fixation,3464,1161,964,709,0.5023,0.6569,,,,,,,,,,977,969
496084413,512571944320,Eye Tracker,LipReading_BJ,10/21/2025,ZJ,Recording54,10/18/2025,10/18/2025,21:15:16.594,13:15:16.594,535262,Timeline1,Tobii I-VT (Fixation),1.241.54219,1080,1920,10.0,2.8,2.1,2.7,0.26,0.2,0.25,10,8,10,4.8,8.1,6.0,0.48,0.81,0.58,18,30,22,2628619475,,,975,721,975,683,975,758,0.07005,0.07089,-0.99502,-0.05403,0.09818,-0.9937,3.987,3.891,3.931,,,,Valid,Valid,227.9,147.8,550.9,297.1,152.2,559.7,266.7,187.0,266.7,207.5,0.5076,0.6674,0.5076,0.6328,0.5076,0.702,Screen Recording,Screen Recording Recording54.mp4,1920,1080,0,0,960,540,Fixation,3464,1161,964,709,0.5023,0.6569,,,,,,,,,,,
496088414,512571948321,Eye Tracker,LipReading_BJ,10/21/2025,ZJ,Recording54,10/18/2025,10/18/2025,21:15:16.594,13:15:16.594,535262,Timeline1,Tobii I-VT (Fixation),1.241.54219,1080,1920,10.0,2.8,2.1,2.7,0.26,0.2,0.25,10,8,10,4.8,8.1,6.0,0.48,0.81,0.58,18,30,22,2628623476,,,974,724,979,689,969,759,0.07216,0.07364,-0.99467,-0.05695,0.09861,-0.9935,4.003,3.875,3.93,,,,Valid,Valid,227.9,147.8,550.9,297.1,152.2,559.7,267.9,188.6,265.1,207.7,0.5072,0.6704,0.5098,0.638,0.5045,0.7028,Screen Recording,Screen Recording Recording54.mp4,1920,1080,0,0,960,540,Fixation,3464,1161,964,709,0.5023,0.6569,,,,,,,,,,,
496092414,512571952321,Eye Tracker,LipReading_BJ,10/21/2025,ZJ,Recording54,10/18/2025,10/18/2025,21:15:16.594,13:15:16.594,535262,Timeline1,Tobii I-VT (Fixation),1.241.54219,1080,1920,10.0,2.8,2.1,2.7,0.26,0.2,0.25,10,8,10,4.8,8.1,6.0,0.48,0.81,0.58,18,30,22,2628627476,,,978,724,984,684,972,764,0.07461,0.07108,-0.99468,-0.05513,0.10112,-0.99335,4.01,3.873,3.93,,,,Valid,Valid,227.9,147.8,550.9,297.2,152.2,559.7,269.3,187.2,266.1,209.2,0.5094,0.6704,0.5124,0.6332,0.5064,0.7077,Screen Recording,Screen Recording Recording54.mp4,1920,1080,0,0,960,540,Fixation,3464,1161,964,709,0.5023,0.6569,,,,,,,,,,,
496093642,512571953549,Mouse,LipReading_BJ,10/21/2025,ZJ,Recording54,10/18/2025,10/18/2025,21:15:16.594,13:15:16.594,535262,Timeline1,Tobii I-VT (Fixation),1.241.54219,1080,1920,10.0,2.8,2.1,2.7,0.26,0.2,0.25,10,8,10,4.8,8.1,6.0,0.48,0.81,0.58,18,30,22,,,,,,,,,,,,,,,,,,,,,,,,,,,,,,,,,,,,,,,,Screen Recording,Screen Recording Recording54.mp4,1920,1080,0,0,960,540,Fixation,3464,1161,964,709,0.5023,0.6569,,,,,,,,,,978,969
496096414,512571956321,Eye Tracker,LipReading_BJ,10/21/2025,ZJ,Recording54,10/18/2025,10/18/2025,21:15:16.594,13:15:16.594,535262,Timeline1,Tobii I-VT (Fixation),1.241.54219,1080,1920,10.0,2.8,2.1,2.7,0.26,0.2,0.25,10,8,10,4.8,8.1,6.0,0.48,0.81,0.58,18,30,22,2628631476,,,978,727,983,674,972,779,0.0744,0.06616,-0.99503,-0.05516,0.10839,-0.99258,3.982,3.849,3.935,,,,Valid,Valid,227.9,147.8,550.9,297.2,152.2,559.7,269.1,184.4,266.1,213.3,0.5093,0.6728,0.5122,0.6239,0.5063,0.7217,Screen Recording,Screen Recording Recording54.mp4,1920,1080,0,0,960,540,Fixation,3464,1161,964,709,0.5023,0.6569,,,,,,,,,,,
496100413,512571960320,Eye Tracker,LipReading_BJ,10/21/2025,ZJ,Recording54,10/18/2025,10/18/2025,21:15:16.594,13:15:16.594,535262,Timeline1,Tobii I-VT (Fixation),1.241.54219,1080,1920,10.0,2.8,2.1,2.7,0.26,0.2,0.25,10,8,10,4.8,8.1,6.0,0.48,0.81,0.58,18,30,22,2628635475,,,973,726,971,690,975,763,0.0681,0.07397,-0.99493,-0.05369,0.10045,-0.99349,3.962,3.857,3.92,,,,Valid,Valid,227.9,147.8,551.0,297.2,152.2,559.7,265.6,188.7,266.9,208.8,0.5068,0.6724,0.5056,0.6386,0.508,0.7063,Screen Recording,Screen Recording Recording54.mp4,1920,1080,0,0,960,540,Fixation,3464,1161,964,709,0.5023,0.6569,,,,,,,,,,,
496104413,512571964320,Eye Tracker,LipReading_BJ,10/21/2025,ZJ,Recording54,10/18/2025,10/18/2025,21:15:16.594,13:15:16.594,535262,Timeline1,Tobii I-VT (Fixation),1.241.54219,1080,1920,10.0,2.8,2.1,2.7,0.26,0.2,0.25,10,8,10,4.8,8.1,6.0,0.48,0.81,0.58,18,30,22,2628639475,,,968,721,975,677,961,765,0.07045,0.06789,-0.9952,-0.06077,0.10146,-0.99298,4.004,3.867,3.917,,,,Valid,Valid,227.9,147.8,550.9,297.2,152.2,559.7,266.9,185.4,262.9,209.4,0.5042,0.6678,0.508,0.6272,0.5004,0.7084,Screen Recording,Screen Recording Recording54.mp4,1920,1080,0,0,960,540,Fixation,3464,1161,964,709,0.5023,0.6569,,,,,,,,,,,
496108412,512571968319,Eye Tracker,LipReading_BJ,10/21/2025,ZJ,Recording54,10/18/2025,10/18/2025,21:15:16.594,13:15:16.594,535262,Timeline1,Tobii I-VT (Fixation),1.241.54219,1080,1920,10.0,2.8,2.1,2.7,0.26,0.2,0.25,10,8,10,4.8,8.1,6.0,0.48,0.81,0.58,18,30,22,2628643474,,,972,720,983,671,961,769,0.0744,0.06498,-0.99511,-0.06066,0.1034,-0.99279,3.983,3.83,3.931,,,,Valid,Valid,227.9,147.8,551.0,297.2,152.2,559.7,269.1,183.7,263.0,210.5,0.5063,0.6669,0.5122,0.6217,0.5005,0.7121,Screen Recording,Screen Recording Recording54.mp4,1920,1080,0,0,960,540,Fixation,3464,1161,964,709,0.5023,0.6569,,,,,,,,,,,
496112412,512571972319,Eye Tracker,LipReading_BJ,10/21/2025,ZJ,Recording54,10/18/2025,10/18/2025,21:15:16.594,13:15:16.594,535262,Timeline1,Tobii I-VT (Fixation),1.241.54219,1080,1920,10.0,2.8,2.1,2.7,0.26,0.2,0.25,10,8,10,4.8,8.1,6.0,0.48,0.81,0.58,18,30,22,2628647474,,,972,724,980,686,965,761,0.07278,0.07238,-0.99472,-0.05888,0.09959,-0.99328,4.021,3.851,3.936,,,,Valid,Valid,227.9,147.8,550.9,297.2,152.2,559.7,268.3,187.9,264.0,208.3,0.5065,0.6702,0.5105,0.6356,0.5024,0.7047,Screen Recording,Screen Recording Recording54.mp4,1920,1080,0,0,960,540,Fixation,3464,1161,964,709,0.5023,0.6569,,,,,,,,,,,
496115950,512571975857,Mouse,LipReading_BJ,10/21/2025,ZJ,Recording54,10/18/2025,10/18/2025,21:15:16.594,13:15:16.594,535262,Timeline1,Tobii I-VT (Fixation),1.241.54219,1080,1920,10.0,2.8,2.1,2.7,0.26,0.2,0.25,10,8,10,4.8,8.1,6.0,0.48,0.81,0.58,18,30,22,,,,,,,,,,,,,,,,,,,,,,,,,,,,,,,,,,,,,,,,Screen Recording,Screen Recording Recording54.mp4,1920,1080,0,0,960,540,Fixation,3464,1161,964,709,0.5023,0.6569,,,,,,,,,,978,969
496116412,512571976319,Eye Tracker,LipReading_BJ,10/21/2025,ZJ,Recording54,10/18/2025,10/18/2025,21:15:16.594,13:15:16.594,535262,Timeline1,Tobii I-VT (Fixation),1.241.54219,1080,1920,10.0,2.8,2.1,2.7,0.26,0.2,0.25,10,8,10,4.8,8.1,6.0,0.48,0.81,0.58,18,30,22,2628651474,,,976,720,983,683,968,756,0.07423,0.07062,-0.99474,-0.05725,0.09737,-0.9936,4.006,3.903,3.946,,,,Valid,Valid,228.0,147.8,550.9,297.2,152.2,559.7,269.1,186.9,264.9,207.0,0.5081,0.6664,0.5121,0.6323,0.5042,0.7004,Screen Recording,Screen Recording Recording54.mp4,1920,1080,0,0,960,540,Fixation,3464,1161,964,709,0.5023,0.6569,,,,,,,,,,,
496120411,512571980318,Eye Tracker,LipReading_BJ,10/21/2025,ZJ,Recording54,10/18/2025,10/18/2025,21:15:16.594,13:15:16.594,535262,Timeline1,Tobii I-VT (Fixation),1.241.54219,1080,1920,10.0,2.8,2.1,2.7,0.26,0.2,0.25,10,8,10,4.8,8.1,6.0,0.48,0.81,0.58,18,30,22,2628655473,,,966,704,974,692,958,716,0.06988,0.07521,-0.99472,-0.06228,0.07795,-0.99501,3.987,3.935,3.969,,,,Valid,Valid,228.0,147.8,550.9,297.2,152.2,559.7,266.7,189.4,262.1,196.0,0.5032,0.652,0.5075,0.6409,0.4989,0.6632,Screen Recording,Screen Recording Recording54.mp4,1920,1080,0,0,960,540,Fixation,3464,1161,964,709,0.5023,0.6569,,,,,,,,,,,
496124411,512571984318,Eye Tracker,LipReading_BJ,10/21/2025,ZJ,Recording54,10/18/2025,10/18/2025,21:15:16.594,13:15:16.594,535262,Timeline1,Tobii I-VT (Fixation),1.241.54219,1080,1920,10.0,2.8,2.1,2.7,0.26,0.2,0.25,10,8,10,4.8,8.1,6.0,0.48,0.81,0.58,18,30,22,2628659473,,,968,694,976,688,959,700,0.07056,0.07296,-0.99484,-0.06155,0.06992,-0.99565,3.989,3.962,3.978,,,,Valid,Valid,227.9,147.8,550.9,297.2,152.2,559.7,267.0,188.2,262.6,191.5,0.504,0.6422,0.5082,0.6366,0.4997,0.6478,Screen Recording,Screen Recording Recording54.mp4,1920,1080,0,0,960,540,Fixation,3464,1161,964,709,0.5023,0.6569,,,,,,,,,,,
496128412,512571988319,Eye Tracker,LipReading_BJ,10/21/2025,ZJ,Recording54,10/18/2025,10/18/2025,21:15:16.594,13:15:16.594,535262,Timeline1,Tobii I-VT (Fixation),1.241.54219,1080,1920,10.0,2.8,2.1,2.7,0.26,0.2,0.25,10,8,10,4.8,8.1,6.0,0.48,0.81,0.58,18,30,22,2628663474,,,967,704,973,690,960,719,0.06928,0.0741,-0.99484,-0.06128,0.07935,-0.99496,4.003,3.957,3.978,,,,Valid,Valid,228.0,147.7,550.9,297.2,152.1,559.7,266.3,188.8,262.7,196.8,0.5034,0.6523,0.5068,0.6387,0.5,0.6658,Screen Recording,Screen Recording Recording54.mp4,1920,1080,0,0,960,540,Fixation,3464,1161,964,709,0.5023,0.6569,,,,,,,,,,,
496132412,512571992319,Eye Tracker,LipReading_BJ,10/21/2025,ZJ,Recording54,10/18/2025,10/18/2025,21:15:16.594,13:15:16.594,535262,Timeline1,Tobii I-VT (Fixation),1.241.54219,1080,1920,10.0,2.8,2.1,2.7,0.26,0.2,0.25,10,8,10,4.8,8.1,6.0,0.48,0.81,0.58,18,30,22,2628667474,,,973,707,978,679,967,736,0.07191,0.06852,-0.99505,-0.05775,0.0876,-0.99448,4.018,3.953,3.978,,,,Valid,Valid,228.0,147.8,550.9,297.2,152.1,559.8,267.8,185.7,264.7,201.4,0.5067,0.6549,0.5096,0.6283,0.5037,0.6815,Screen Recording,Screen Recording Recording54.mp4,1920,1080,0,0,960,540,Fixation,3464,1161,964,709,0.5023,0.6569,,,,,,,,,,,
496136412,512571996319,Eye Tracker,LipReading_BJ,10/21/2025,ZJ,Recording54,10/18/2025,10/18/2025,21:15:16.594,13:15:16.594,535262,Timeline1,Tobii I-VT (Fixation),1.241.54219,1080,1920,10.0,2.8,2.1,2.7,0.26,0.2,0.25,10,8,10,4.8,8.1,6.0,0.48,0.81,0.58,18,30,22,2628671474,,,970,720,975,680,965,760,0.07003,0.06932,-0.99513,-0.05852,0.09916,-0.99335,4.022,3.884,3.956,,,,Valid,Valid,228.0,147.7,550.9,297.2,152.1,559.7,266.7,186.1,264.2,208.0,0.5052,0.6667,0.5076,0.6297,0.5028,0.7037,Screen Recording,Screen Recording Recording54.mp4,1920,1080,0,0,960,540,Saccade,8,1577,,,,,,,,,,,,,,,
496140411,512572000318,Eye Tracker,LipReading_BJ,10/21/2025,ZJ,Recording54,10/18/2025,10/18/2025,21:15:16.594,13:15:16.594,535262,Timeline1,Tobii I-VT (Fixation),1.241.54219,1080,1920,10.0,2.8,2.1,2.7,0.26,0.2,0.25,10,8,10,4.8,8.1,6.0,0.48,0.81,0.58,18,30,22,2628675473,,,972,717,968,693,976,741,0.06672,0.07569,-0.9949,-0.05322,0.09013,-0.99451,3.964,3.909,3.94,,,,Valid,Valid,228.0,147.7,550.9,297.2,152.1,559.7,264.9,189.6,267.2,202.9,0.5064,0.664,0.5041,0.6416,0.5086,0.6863,Screen Recording,Screen Recording Recording54.mp4,1920,1080,0,0,960,540,Saccade,8,1577,,,,,,,,,,,,,,,
496142431,512572002338,Mouse,LipReading_BJ,10/21/2025,ZJ,Recording54,10/18/2025,10/18/2025,21:15:16.594,13:15:16.594,535262,Timeline1,Tobii I-VT (Fixation),1.241.54219,1080,1920,10.0,2.8,2.1,2.7,0.26,0.2,0.25,10,8,10,4.8,8.1,6.0,0.48,0.81,0.58,18,30,22,,,,,,,,,,,,,,,,,,,,,,,,,,,,,,,,,,,,,,,,Screen Recording,Screen Recording Recording54.mp4,1920,1080,0,0,960,540,Fixation,140,1162,975,717,0.5078,0.664,,,,,,,,,,979,969
496144411,512572004318,Eye Tracker,LipReading_BJ,10/21/2025,ZJ,Recording54,10/18/2025,10/18/2025,21:15:16.594,13:15:16.594,535262,Timeline1,Tobii I-VT (Fixation),1.241.54219,1080,1920,10.0,2.8,2.1,2.7,0.26,0.2,0.25,10,8,10,4.8,8.1,6.0,0.48,0.81,0.58,18,30,22,2628679473,,,975,731,972,697,977,765,0.06879,0.07778,-0.99459,-0.05276,0.10169,-0.99342,3.986,3.866,3.94,,,,Valid,Valid,228.0,147.7,550.9,297.2,152.1,559.7,266.1,190.8,267.5,209.4,0.5077,0.677,0.5064,0.6456,0.509,0.7085,Screen Recording,Screen Recording Recording54.mp4,1920,1080,0,0,960,540,Fixation,140,1162,975,717,0.5078,0.664,,,,,,,,,,,
496148412,512572008319,Eye Tracker,LipReading_BJ,10/21/2025,ZJ,Recording54,10/18/2025,10/18/2025,21:15:16.594,13:15:16.594,535262,Timeline1,Tobii I-VT (Fixation),1.241.54219,1080,1920,10.0,2.8,2.1,2.7,0.26,0.2,0.25,10,8,10,4.8,8.1,6.0,0.48,0.81,0.58,18,30,22,2628683474,,,964,732,975,696,953,768,0.07021,0.07718,-0.99454,-0.06476,0.10306,-0.99256,3.997,3.846,3.953,,,,Valid,Valid,228.0,147.7,550.9,297.2,152.1,559.7,266.8,190.5,260.7,210.2,0.502,0.6779,0.5079,0.6444,0.4961,0.7113,Screen Recording,Screen Recording Recording54.mp4,1920,1080,0,0,960,540,Fixation,140,1162,975,717,0.5078,0.664,,,,,,,,,,,
496152412,512572012319,Eye Tracker,LipReading_BJ,10/21/2025,ZJ,Recording54,10/18/2025,10/18/2025,21:15:16.594,13:15:16.594,535262,Timeline1,Tobii I-VT (Fixation),1.241.54219,1080,1920,10.0,2.8,2.1,2.7,0.26,0.2,0.25,10,8,10,4.8,8.1,6.0,0.48,0.81,0.58,18,30,22,2628687474,,,974,723,981,698,967,749,0.07287,0.07809,-0.99428,-0.05768,0.09387,-0.99391,4.012,3.932,3.968,,,,Valid,Valid,228.0,147.7,551.0,297.2,152.1,559.7,268.3,191.0,264.7,205.0,0.5072,0.6698,0.5107,0.6461,0.5038,0.6935,Screen Recording,Screen Recording Recording54.mp4,1920,1080,0,0,960,540,Fixation,140,1162,975,717,0.5078,0.664,,,,,,,,,,,
496156412,512572016319,Eye Tracker,LipReading_BJ,10/21/2025,ZJ,Recording54,10/18/2025,10/18/2025,21:15:16.594,13:15:16.594,535262,Timeline1,Tobii I-VT (Fixation),1.241.54219,1080,1920,10.0,2.8,2.1,2.7,0.26,0.2,0.25,10,8,10,4.8,8.1,6.0,0.48,0.81,0.58,18,30,22,2628691474,,,978,712,985,688,971,736,0.07525,0.07339,-0.99446,-0.05578,0.08783,-0.99457,4.022,3.956,3.976,,,,Valid,Valid,228.0,147.7,550.9,297.2,152.1,559.7,269.6,188.4,265.8,201.5,0.5095,0.6596,0.5132,0.6373,0.5059,0.6819,Screen Recording,Screen Recording Recording54.mp4,1920,1080,0,0,960,540,Fixation,140,1162,975,717,0.5078,0.664,,,,,,,,,,,
496160411,512572020318,Eye Tracker,LipReading_BJ,10/21/2025,ZJ,Recording54,10/18/2025,10/18/2025,21:15:16.594,13:15:16.594,535262,Timeline1,Tobii I-VT (Fixation),1.241.54219,1080,1920,10.0,2.8,2.1,2.7,0.26,0.2,0.25,10,8,10,4.8,8.1,6.0,0.48,0.81,0.58,18,30,22,2628695473,,,983,702,996,673,969,730,0.08058,0.06596,-0.99456,-0.05684,0.08487,-0.99477,4.003,3.953,3.983,,,,Valid,Valid,228.0,147.7,550.9,297.2,152.1,559.7,272.6,184.2,265.2,199.9,0.5118,0.6498,0.5188,0.6233,0.5047,0.6762,Screen Recording,Screen Recording Recording54.mp4,1920,1080,0,0,960,540,Fixation,140,1162,975,717,0.5078,0.664,,,,,,,,,,,
496164410,512572024317,Eye Tracker,LipReading_BJ,10/21/2025,ZJ,Recording54,10/18/2025,10/18/2025,21:15:16.594,13:15:16.594,535262,Timeline1,Tobii I-VT (Fixation),1.241.54219,1080,1920,10.0,2.8,2.1,2.7,0.26,0.2,0.25,10,8,10,4.8,8.1,6.0,0.48,0.81,0.58,18,30,22,2628699473,,,974,718,983,688,965,747,0.07399,0.07344,-0.99455,-0.05854,0.09286,-0.99396,4.029,3.939,3.983,,,,Valid,Valid,228.0,147.7,550.9,297.2,152.1,559.7,268.9,188.4,264.2,204.4,0.5073,0.6644,0.5118,0.6374,0.5029,0.6915,Screen Recording,Screen Recording Recording54.mp4,1920,1080,0,0,960,540,Fixation,140,1162,975,717,0.5078,0.664,,,,,,,,,,,
496164650,512572024557,Mouse,LipReading_BJ,10/21/2025,ZJ,Recording54,10/18/2025,10/18/2025,21:15:16.594,13:15:16.594,535262,Timeline1,Tobii I-VT (Fixation),1.241.54219,1080,1920,10.0,2.8,2.1,2.7,0.26,0.2,0.25,10,8,10,4.8,8.1,6.0,0.48,0.81,0.58,18,30,22,,,,,,,,,,,,,,,,,,,,,,,,,,,,,,,,,,,,,,,,Screen Recording,Screen Recording Recording54.mp4,1920,1080,0,0,960,540,Fixation,140,1162,975,717,0.5078,0.664,,,,,,,,,,979,968
496168411,512572028318,Eye Tracker,LipReading_BJ,10/21/2025,ZJ,Recording54,10/18/2025,10/18/2025,21:15:16.594,13:15:16.594,535262,Timeline1,Tobii I-VT (Fixation),1.241.54219,1080,1920,10.0,2.8,2.1,2.7,0.26,0.2,0.25,10,8,10,4.8,8.1,6.0,0.48,0.81,0.58,18,30,22,2628703474,,,975,708,984,690,967,727,0.07461,0.07436,-0.99444,-0.05804,0.08313,-0.99485,4.014,3.967,3.976,,,,Valid,Valid,227.9,147.7,550.9,297.2,152.1,559.7,269.3,188.9,264.5,198.9,0.508,0.656,0.5125,0.6391,0.5034,0.6729,Screen Recording,Screen Recording Recording54.mp4,1920,1080,0,0,960,540,Fixation,140,1162,975,717,0.5078,0.664,,,,,,,,,,,
496172411,512572032318,Eye Tracker,LipReading_BJ,10/21/2025,ZJ,Recording54,10/18/2025,10/18/2025,21:15:16.594,13:15:16.594,535262,Timeline1,Tobii I-VT (Fixation),1.241.54219,1080,1920,10.0,2.8,2.1,2.7,0.26,0.2,0.25,10,8,10,4.8,8.1,6.0,0.48,0.81,0.58,18,30,22,2628707474,,,986,723,995,678,978,767,0.07989,0.06846,-0.99445,-0.05226,0.10253,-0.99336,4.004,3.891,3.976,,,,Valid,Valid,227.9,147.7,550.9,297.2,152.1,559.8,272.2,185.6,267.7,209.9,0.5138,0.669,0.518,0.628,0.5095,0.71,Screen Recording,Screen Recording Recording54.mp4,1920,1080,0,0,960,540,Fixation,140,1162,975,717,0.5078,0.664,,,,,,,,,,,
496176411,512572036318,Eye Tracker,LipReading_BJ,10/21/2025,ZJ,Recording54,10/18/2025,10/18/2025,21:15:16.594,13:15:16.594,535262,Timeline1,Tobii I-VT (Fixation),1.241.54219,1080,1920,10.0,2.8,2.1,2.7,0.26,0.2,0.25,10,8,10,4.8,8.1,6.0,0.48,0.81,0.58,18,30,22,2628711474,,,972,702,975,688,968,715,0.07015,0.07318,-0.99485,-0.05715,0.07769,-0.99534,4.02,3.931,3.972,,,,Valid,Valid,227.9,147.7,550.9,297.2,152.1,559.7,266.8,188.2,265.0,195.8,0.5061,0.6496,0.5077,0.6368,0.5044,0.6624,Screen Recording,Screen Recording Recording54.mp4,1920,1080,0,0,960,540,Fixation,140,1162,975,717,0.5078,0.664,,,,,,,,,,,
496180410,512572040317,Eye Tracker,LipReading_BJ,10/21/2025,ZJ,Recording54,10/18/2025,10/18/2025,21:15:16.594,13:15:16.594,535262,Timeline1,Tobii I-VT (Fixation),1.241.54219,1080,1920,10.0,2.8,2.1,2.7,0.26,0.2,0.25,10,8,10,4.8,8.1,6.0,0.48,0.81,0.58,18,30,22,2628715473,,,976,718,984,689,968,747,0.07487,0.07387,-0.99445,-0.05751,0.09301,-0.994,3.997,3.94,3.968,,,,Valid,Valid,227.9,147.7,550.9,297.2,152.1,559.7,269.4,188.6,264.8,204.5,0.5083,0.665,0.5127,0.6381,0.5039,0.6918,Screen Recording,Screen Recording Recording54.mp4,1920,1080,0,0,960,540,Fixation,140,1162,975,717,0.5078,0.664,,,,,,,,,,,
496184410,512572044317,Eye Tracker,LipReading_BJ,10/21/2025,ZJ,Recording54,10/18/2025,10/18/2025,21:15:16.594,13:15:16.594,535262,Timeline1,Tobii I-VT (Fixation),1.241.54219,1080,1920,10.0,2.8,2.1,2.7,0.26,0.2,0.25,10,8,10,4.8,8.1,6.0,0.48,0.81,0.58,18,30,22,2628719473,,,980,698,984,688,975,707,0.07458,0.07351,-0.9945,-0.05381,0.07367,-0.99583,3.997,3.964,3.977,,,,Valid,Valid,227.9,147.7,550.9,297.2,152.1,559.7,269.3,188.4,266.9,193.5,0.5102,0.6461,0.5124,0.6375,0.508,0.6547,Screen Recording,Screen Recording Recording54.mp4,1920,1080,0,0,960,540,Fixation,140,1162,975,717,0.5078,0.664,,,,,,,,,,,
496188411,512572048318,Eye Tracker,LipReading_BJ,10/21/2025,ZJ,Recording54,10/18/2025,10/18/2025,21:15:16.594,13:15:16.594,535262,Timeline1,Tobii I-VT (Fixation),1.241.54219,1080,1920,10.0,2.8,2.1,2.7,0.26,0.2,0.25,10,8,10,4.8,8.1,6.0,0.48,0.81,0.58,18,30,22,2628723474,,,971,734,974,702,968,766,0.06947,0.08042,-0.99434,-0.05706,0.10198,-0.99315,4.022,3.844,3.978,,,,Valid,Valid,227.9,147.7,550.9,297.2,152.1,559.7,266.4,192.2,265.0,209.6,0.5057,0.6797,0.507,0.6505,0.5043,0.709,Screen Recording,Screen Recording Recording54.mp4,1920,1080,0,0,960,540,Fixation,140,1162,975,717,0.5078,0.664,,,,,,,,,,,
496192411,512572052318,Eye Tracker,LipReading_BJ,10/21/2025,ZJ,Recording54,10/18/2025,10/18/2025,21:15:16.594,13:15:16.594,535262,Timeline1,Tobii I-VT (Fixation),1.241.54219,1080,1920,10.0,2.8,2.1,2.7,0.26,0.2,0.25,10,8,10,4.8,8.1,6.0,0.48,0.81,0.58,18,30,22,2628727474,,,980,717,990,686,971,748,0.07759,0.07207,-0.99438,-0.05588,0.09327,-0.99407,4.014,3.944,3.979,,,,Valid,Valid,227.9,147.7,551.0,297.2,152.1,559.7,270.9,187.6,265.7,204.6,0.5106,0.6635,0.5156,0.6348,0.5057,0.6923,Screen Recording,Screen Recording Recording54.mp4,1920,1080,0,0,960,540,Fixation,140,1162,975,717,0.5078,0.664,,,,,,,,,,,
496196411,512572056318,Eye Tracker,LipReading_BJ,10/21/2025,ZJ,Recording54,10/18/2025,10/18/2025,21:15:16.594,13:15:16.594,535262,Timeline1,Tobii I-VT (Fixation),1.241.54219,1080,1920,10.0,2.8,2.1,2.7,0.26,0.2,0.25,10,8,10,4.8,8.1,6.0,0.48,0.81,0.58,18,30,22,2628731474,,,970,719,980,695,960,743,0.07271,0.07693,-0.99438,-0.06131,0.09078,-0.99398,4.013,3.957,3.983,,,,Valid,Valid,227.9,147.7,550.9,297.2,152.1,559.7,268.2,190.3,262.6,203.2,0.5051,0.6657,0.5104,0.6439,0.4998,0.6876,Screen Recording,Screen Recording Recording54.mp4,1920,1080,0,0,960,540,Fixation,140,1162,975,717,0.5078,0.664,,,,,,,,,,,
496200410,512572060317,Eye Tracker,LipReading_BJ,10/21/2025,ZJ,Recording54,10/18/2025,10/18/2025,21:15:16.594,13:15:16.594,535262,Timeline1,Tobii I-VT (Fixation),1.241.54219,1080,1920,10.0,2.8,2.1,2.7,0.26,0.2,0.25,10,8,10,4.8,8.1,6.0,0.48,0.81,0.58,18,30,22,2628735473,,,971,719,973,695,970,744,0.06919,0.07678,-0.99464,-0.0565,0.09131,-0.99422,4.025,3.922,3.985,,,,Valid,Valid,227.9,147.7,551.0,297.2,152.1,559.7,266.2,190.2,265.3,203.5,0.5059,0.666,0.5067,0.6435,0.505,0.6885,Screen Recording,Screen Recording Recording54.mp4,1920,1080,0,0,960,540,Fixation,140,1162,975,717,0.5078,0.664,,,,,,,,,,,
496204410,512572064317,Eye Tracker,LipReading_BJ,10/21/2025,ZJ,Recording54,10/18/2025,10/18/2025,21:15:16.594,13:15:16.594,535262,Timeline1,Tobii I-VT (Fixation),1.241.54219,1080,1920,10.0,2.8,2.1,2.7,0.26,0.2,0.25,10,8,10,4.8,8.1,6.0,0.48,0.81,0.58,18,30,22,2628739473,,,978,705,977,680,979,730,0.07133,0.06952,-0.99503,-0.05218,0.08483,-0.99503,4.067,3.967,3.973,,,,Valid,Valid,227.9,147.7,550.9,297.1,152.1,559.7,267.4,186.2,267.8,199.8,0.5093,0.653,0.5089,0.6299,0.5097,0.676,Screen Recording,Screen Recording Recording54.mp4,1920,1080,0,0,960,540,Fixation,140,1162,975,717,0.5078,0.664,,,,,,,,,,,
496208411,512572068318,Eye Tracker,LipReading_BJ,10/21/2025,ZJ,Recording54,10/18/2025,10/18/2025,21:15:16.594,13:15:16.594,535262,Timeline1,Tobii I-VT (Fixation),1.241.54219,1080,1920,10.0,2.8,2.1,2.7,0.26,0.2,0.25,10,8,10,4.8,8.1,6.0,0.48,0.81,0.58,18,30,22,2628743474,,,980,722,980,691,980,754,0.07287,0.07459,-0.99455,-0.05148,0.09645,-0.99401,4.062,3.914,3.976,,,,Valid,Valid,227.9,147.7,551.0,297.1,152.1,559.7,268.3,189.0,268.2,206.4,0.5105,0.6689,0.5106,0.6395,0.5103,0.6983,Screen Recording,Screen Recording Recording54.mp4,1920,1080,0,0,960,540,Fixation,140,1162,975,717,0.5078,0.664,,,,,,,,,,,
496212411,512572072318,Eye Tracker,LipReading_BJ,10/21/2025,ZJ,Recording54,10/18/2025,10/18/2025,21:15:16.594,13:15:16.594,535262,Timeline1,Tobii I-VT (Fixation),1.241.54219,1080,1920,10.0,2.8,2.1,2.7,0.26,0.2,0.25,10,8,10,4.8,8.1,6.0,0.48,0.81,0.58,18,30,22,2628747474,,,976,738,978,706,974,769,0.0716,0.08237,-0.99403,-0.05409,0.10352,-0.99316,4.018,3.894,3.976,,,,Valid,Valid,227.9,147.7,551.0,297.1,152.1,559.7,267.6,193.3,266.7,210.4,0.5084,0.6831,0.5093,0.6542,0.5075,0.712,Screen Recording,Screen Recording Recording54.mp4,1920,1080,0,0,960,540,Fixation,140,1162,975,717,0.5078,0.664,,,,,,,,,,,
496216411,512572076318,Eye Tracker,LipReading_BJ,10/21/2025,ZJ,Recording54,10/18/2025,10/18/2025,21:15:16.594,13:15:16.594,535262,Timeline1,Tobii I-VT (Fixation),1.241.54219,1080,1920,10.0,2.8,2.1,2.7,0.26,0.2,0.25,10,8,10,4.8,8.1,6.0,0.48,0.81,0.58,18,30,22,2628751474,,,974,720,979,688,969,752,0.07213,0.07348,-0.99468,-0.05667,0.09532,-0.99383,4.032,3.921,3.976,,,,Valid,Valid,227.9,147.7,551.0,297.1,152.1,559.7,267.9,188.4,265.2,205.8,0.5073,0.6668,0.5098,0.6374,0.5048,0.6962,Screen Recording,Screen Recording Recording54.mp4,1920,1080,0,0,960,540,Fixation,140,1162,975,717,0.5078,0.664,,,,,,,,,,,
496220410,512572080317,Eye Tracker,LipReading_BJ,10/21/2025,ZJ,Recording54,10/18/2025,10/18/2025,21:15:16.594,13:15:16.594,535262,Timeline1,Tobii I-VT (Fixation),1.241.54219,1080,1920,10.0,2.8,2.1,2.7,0.26,0.2,0.25,10,8,10,4.8,8.1,6.0,0.48,0.81,0.58,18,30,22,2628755473,,,973,716,971,698,974,733,0.06841,0.07843,-0.99457,-0.05446,0.08612,-0.9948,4.017,3.973,3.985,,,,Valid,Valid,227.9,147.7,551.0,297.1,152.1,559.6,265.8,191.1,266.5,200.6,0.5065,0.6626,0.5058,0.6467,0.5072,0.6786,Screen Recording,Screen Recording Recording54.mp4,1920,1080,0,0,960,540,Fixation,140,1162,975,717,0.5078,0.664,,,,,,,,,,,
496223472,512572083379,Mouse,LipReading_BJ,10/21/2025,ZJ,Recording54,10/18/2025,10/18/2025,21:15:16.594,13:15:16.594,535262,Timeline1,Tobii I-VT (Fixation),1.241.54219,1080,1920,10.0,2.8,2.1,2.7,0.26,0.2,0.25,10,8,10,4.8,8.1,6.0,0.48,0.81,0.58,18,30,22,,,,,,,,,,,,,,,,,,,,,,,,,,,,,,,,,,,,,,,,Screen Recording,Screen Recording Recording54.mp4,1920,1080,0,0,960,540,Fixation,140,1162,975,717,0.5078,0.664,,,,,,,,,,980,968
496224410,512572084317,Eye Tracker,LipReading_BJ,10/21/2025,ZJ,Recording54,10/18/2025,10/18/2025,21:15:16.594,13:15:16.594,535262,Timeline1,Tobii I-VT (Fixation),1.241.54219,1080,1920,10.0,2.8,2.1,2.7,0.26,0.2,0.25,10,8,10,4.8,8.1,6.0,0.48,0.81,0.58,18,30,22,2628759473,,,978,714,979,692,978,737,0.07211,0.07509,-0.99457,-0.05254,0.08812,-0.99472,4.034,3.951,4.001,,,,Valid,Valid,227.9,147.7,550.9,297.1,152.1,559.7,267.8,189.3,267.6,201.7,0.5095,0.6614,0.5097,0.6405,0.5092,0.6824,Screen Recording,Screen Recording Recording54.mp4,1920,1080,0,0,960,540,Fixation,140,1162,975,717,0.5078,0.664,,,,,,,,,,,
496228411,512572088318,Eye Tracker,LipReading_BJ,10/21/2025,ZJ,Recording54,10/18/2025,10/18/2025,21:15:16.594,13:15:16.594,535262,Timeline1,Tobii I-VT (Fixation),1.241.54219,1080,1920,10.0,2.8,2.1,2.7,0.26,0.2,0.25,10,8,10,4.8,8.1,6.0,0.48,0.81,0.58,18,30,22,2628763474,,,971,716,976,702,966,731,0.07062,0.08017,-0.99428,-0.05847,0.08508,-0.99466,4.011,3.971,3.994,,,,Valid,Valid,227.9,147.7,551.0,297.1,152.1,559.6,267.0,192.1,264.2,200.0,0.5055,0.6633,0.5082,0.65,0.5029,0.6766,Screen Recording,Screen Recording Recording54.mp4,1920,1080,0,0,960,540,Fixation,140,1162,975,717,0.5078,0.664,,,,,,,,,,,
496232411,512572092318,Eye Tracker,LipReading_BJ,10/21/2025,ZJ,Recording54,10/18/2025,10/18/2025,21:15:16.594,13:15:16.594,535262,Timeline1,Tobii I-VT (Fixation),1.241.54219,1080,1920,10.0,2.8,2.1,2.7,0.26,0.2,0.25,10,8,10,4.8,8.1,6.0,0.48,0.81,0.58,18,30,22,2628767474,,,978,716,974,700,981,732,0.06998,0.07913,-0.99441,-0.05088,0.08557,-0.99503,4.053,3.987,3.997,,,,Valid,Valid,227.9,147.7,551.0,297.1,152.1,559.7,266.7,191.5,268.5,200.2,0.5093,0.6627,0.5075,0.648,0.511,0.6774,Screen Recording,Screen Recording Recording54.mp4,1920,1080,0,0,960,540,Fixation,140,1162,975,717,0.5078,0.664,,,,,,,,,,,
496236411,512572096318,Eye Tracker,LipReading_BJ,10/21/2025,ZJ,Recording54,10/18/2025,10/18/2025,21:15:16.594,13:15:16.594,535262,Timeline1,Tobii I-VT (Fixation),1.241.54219,1080,1920,10.0,2.8,2.1,2.7,0.26,0.2,0.25,10,8,10,4.8,8.1,6.0,0.48,0.81,0.58,18,30,22,2628771474,,,976,712,977,692,974,732,0.07147,0.07531,-0.9946,-0.05446,0.08575,-0.99483,4.009,3.961,3.995,,,,Valid,Valid,227.9,147.7,551.0,297.1,152.1,559.7,267.5,189.4,266.5,200.3,0.5081,0.6593,0.509,0.6408,0.5072,0.6778,Screen Recording,Screen Recording Recording54.mp4,1920,1080,0,0,960,540,Fixation,140,1162,975,717,0.5078,0.664,,,,,,,,,,,
496238314,512572098221,Mouse,LipReading_BJ,10/21/2025,ZJ,Recording54,10/18/2025,10/18/2025,21:15:16.594,13:15:16.594,535262,Timeline1,Tobii I-VT (Fixation),1.241.54219,1080,1920,10.0,2.8,2.1,2.7,0.26,0.2,0.25,10,8,10,4.8,8.1,6.0,0.48,0.81,0.58,18,30,22,,,,,,,,,,,,,,,,,,,,,,,,,,,,,,,,,,,,,,,,Screen Recording,Screen Recording Recording54.mp4,1920,1080,0,0,960,540,Fixation,140,1162,975,717,0.5078,0.664,,,,,,,,,,981,968
496240410,512572100317,Eye Tracker,LipReading_BJ,10/21/2025,ZJ,Recording54,10/18/2025,10/18/2025,21:15:16.594,13:15:16.594,535262,Timeline1,Tobii I-VT (Fixation),1.241.54219,1080,1920,10.0,2.8,2.1,2.7,0.26,0.2,0.25,10,8,10,4.8,8.1,6.0,0.48,0.81,0.58,18,30,22,2628775473,,,973,716,977,692,970,740,0.07119,0.07523,-0.99462,-0.05617,0.08947,-0.9944,4.032,3.953,3.991,,,,Valid,Valid,227.9,147.7,551.0,297.1,152.1,559.7,267.3,189.4,265.5,202.4,0.507,0.6628,0.5088,0.6407,0.5053,0.685,Screen Recording,Screen Recording Recording54.mp4,1920,1080,0,0,960,540,Fixation,140,1162,975,717,0.5078,0.664,,,,,,,,,,,
496244410,512572104317,Eye Tracker,LipReading_BJ,10/21/2025,ZJ,Recording54,10/18/2025,10/18/2025,21:15:16.594,13:15:16.594,535262,Timeline1,Tobii I-VT (Fixation),1.241.54219,1080,1920,10.0,2.8,2.1,2.7,0.26,0.2,0.25,10,8,10,4.8,8.1,6.0,0.48,0.81,0.58,18,30,22,2628779473,,,975,724,975,708,975,740,0.07012,0.08303,-0.99408,-0.05386,0.08967,-0.99451,4.029,3.952,3.991,,,,Valid,Valid,227.9,147.7,551.0,297.1,152.1,559.7,266.7,193.7,266.8,202.6,0.5077,0.6703,0.5077,0.6554,0.5078,0.6853,Screen Recording,Screen Recording Recording54.mp4,1920,1080,0,0,960,540,Fixation,140,1162,975,717,0.5078,0.664,,,,,,,,,,,
496248411,512572108318,Eye Tracker,LipReading_BJ,10/21/2025,ZJ,Recording54,10/18/2025,10/18/2025,21:15:16.594,13:15:16.594,535262,Timeline1,Tobii I-VT (Fixation),1.241.54219,1080,1920,10.0,2.8,2.1,2.7,0.26,0.2,0.25,10,8,10,4.8,8.1,6.0,0.48,0.81,0.58,18,30,22,2628783474,,,974,735,975,698,974,771,0.07033,0.0783,-0.99445,-0.05448,0.10445,-0.99304,4.029,3.907,3.991,,,,Valid,Valid,227.9,147.7,551.0,297.1,152.1,559.6,266.8,191.1,266.4,211.0,0.5075,0.6801,0.5079,0.6464,0.5071,0.7138,Screen Recording,Screen Recording Recording54.mp4,1920,1080,0,0,960,540,Fixation,140,1162,975,717,0.5078,0.664,,,,,,,,,,,
496252411,512572112318,Eye Tracker,LipReading_BJ,10/21/2025,ZJ,Recording54,10/18/2025,10/18/2025,21:15:16.594,13:15:16.594,535262,Timeline1,Tobii I-VT (Fixation),1.241.54219,1080,1920,10.0,2.8,2.1,2.7,0.26,0.2,0.25,10,8,10,4.8,8.1,6.0,0.48,0.81,0.58,18,30,22,2628787474,,,972,716,975,686,969,746,0.07008,0.07235,-0.99491,-0.05691,0.09229,-0.9941,4.022,3.927,3.991,,,,Valid,Valid,227.9,147.7,551.0,297.1,152.1,559.6,266.7,187.7,265.1,204.0,0.506,0.6628,0.5076,0.6352,0.5045,0.6904,Screen Recording,Screen Recording Recording54.mp4,1920,1080,0,0,960,540,Fixation,140,1162,975,717,0.5078,0.664,,,,,,,,,,,
496254310,512572114217,Mouse,LipReading_BJ,10/21/2025,ZJ,Recording54,10/18/2025,10/18/2025,21:15:16.594,13:15:16.594,535262,Timeline1,Tobii I-VT (Fixation),1.241.54219,1080,1920,10.0,2.8,2.1,2.7,0.26,0.2,0.25,10,8,10,4.8,8.1,6.0,0.48,0.81,0.58,18,30,22,,,,,,,,,,,,,,,,,,,,,,,,,,,,,,,,,,,,,,,,Screen Recording,Screen Recording Recording54.mp4,1920,1080,0,0,960,540,Fixation,140,1162,975,717,0.5078,0.664,,,,,,,,,,982,968
496256411,512572116318,Eye Tracker,LipReading_BJ,10/21/2025,ZJ,Recording54,10/18/2025,10/18/2025,21:15:16.594,13:15:16.594,535262,Timeline1,Tobii I-VT (Fixation),1.241.54219,1080,1920,10.0,2.8,2.1,2.7,0.26,0.2,0.25,10,8,10,4.8,8.1,6.0,0.48,0.81,0.58,18,30,22,2628791474,,,974,707,970,689,979,725,0.06792,0.07403,-0.99494,-0.05217,0.08226,-0.99524,4.046,4.003,4.004,,,,Valid,Valid,227.9,147.7,551.0,297.1,152.1,559.7,265.5,188.7,267.8,198.3,0.5075,0.6547,0.5053,0.6384,0.5097,0.6711,Screen Recording,Screen Recording Recording54.mp4,1920,1080,0,0,960,540,Fixation,140,1162,975,717,0.5078,0.664,,,,,,,,,,,
496260410,512572120317,Eye Tracker,LipReading_BJ,10/21/2025,ZJ,Recording54,10/18/2025,10/18/2025,21:15:16.594,13:15:16.594,535262,Timeline1,Tobii I-VT (Fixation),1.241.54219,1080,1920,10.0,2.8,2.1,2.7,0.26,0.2,0.25,10,8,10,4.8,8.1,6.0,0.48,0.81,0.58,18,30,22,2628795473,,,978,713,984,684,972,741,0.0745,0.07146,-0.99466,-0.0553,0.09001,-0.9944,4.035,3.972,4.02,,,,Valid,Valid,227.9,147.7,551.0,297.1,152.1,559.6,269.2,187.3,266.0,202.7,0.5093,0.6598,0.5123,0.6336,0.5063,0.686,Screen Recording,Screen Recording Recording54.mp4,1920,1080,0,0,960,540,Fixation,140,1162,975,717,0.5078,0.664,,,,,,,,,,,
496264318,512572124225,Mouse,LipReading_BJ,10/21/2025,ZJ,Recording54,10/18/2025,10/18/2025,21:15:16.594,13:15:16.594,535262,Timeline1,Tobii I-VT (Fixation),1.241.54219,1080,1920,10.0,2.8,2.1,2.7,0.26,0.2,0.25,10,8,10,4.8,8.1,6.0,0.48,0.81,0.58,18,30,22,,,,,,,,,,,,,,,,,,,,,,,,,,,,,,,,,,,,,,,,Screen Recording,Screen Recording Recording54.mp4,1920,1080,0,0,960,540,Fixation,140,1162,975,717,0.5078,0.664,,,,,,,,,,982,966
496264410,512572124317,Eye Tracker,LipReading_BJ,10/21/2025,ZJ,Recording54,10/18/2025,10/18/2025,21:15:16.594,13:15:16.594,535262,Timeline1,Tobii I-VT (Fixation),1.241.54219,1080,1920,10.0,2.8,2.1,2.7,0.26,0.2,0.25,10,8,10,4.8,8.1,6.0,0.48,0.81,0.58,18,30,22,2628799473,,,972,716,974,703,970,730,0.0698,0.0807,-0.99429,-0.05649,0.08461,-0.99481,4.044,4.007,4.024,,,,Valid,Valid,227.9,147.7,550.9,297.1,152.1,559.6,266.6,192.4,265.4,199.7,0.5062,0.6633,0.5073,0.651,0.505,0.6756,Screen Recording,Screen Recording Recording54.mp4,1920,1080,0,0,960,540,Fixation,140,1162,975,717,0.5078,0.664,,,,,,,,,,,
496268411,512572128318,Eye Tracker,LipReading_BJ,10/21/2025,ZJ,Recording54,10/18/2025,10/18/2025,21:15:16.594,13:15:16.594,535262,Timeline1,Tobii I-VT (Fixation),1.241.54219,1080,1920,10.0,2.8,2.1,2.7,0.26,0.2,0.25,10,8,10,4.8,8.1,6.0,0.48,0.81,0.58,18,30,22,2628803474,,,974,708,979,693,970,724,0.07215,0.07573,-0.99451,-0.05659,0.08178,-0.99504,4.037,4.013,4.008,,,,Valid,Valid,227.9,147.7,551.0,297.2,152.1,559.6,267.9,189.6,265.3,198.1,0.5074,0.6559,0.5098,0.6416,0.505,0.6702,Screen Recording,Screen Recording Recording54.mp4,1920,1080,0,0,960,540,Fixation,140,1162,975,717,0.5078,0.664,,,,,,,,,,,
496272410,512572132317,Eye Tracker,LipReading_BJ,10/21/2025,ZJ,Recording54,10/18/2025,10/18/2025,21:15:16.594,13:15:16.594,535262,Timeline1,Tobii I-VT (Fixation),1.241.54219,1080,1920,10.0,2.8,2.1,2.7,0.26,0.2,0.25,10,8,10,4.8,8.1,6.0,0.48,0.81,0.58,18,30,22,2628807474,,,979,732,981,694,978,770,0.07299,0.0764,-0.9944,-0.05248,0.10427,-0.99316,4.048,3.922,4.014,,,,Valid,Valid,227.9,147.7,550.9,297.2,152.1,559.6,268.3,190.0,267.6,210.8,0.51,0.6781,0.5107,0.6429,0.5093,0.7134,Screen Recording,Screen Recording Recording54.mp4,1920,1080,0,0,960,540,Fixation,140,1162,975,717,0.5078,0.664,,,,,,,,,,,
496276410,512572136317,Eye Tracker,LipReading_BJ,10/21/2025,ZJ,Recording54,10/18/2025,10/18/2025,21:15:16.594,13:15:16.594,535262,Timeline1,Tobii I-VT (Fixation),1.241.54219,1080,1920,10.0,2.8,2.1,2.7,0.26,0.2,0.25,10,8,10,4.8,8.1,6.0,0.48,0.81,0.58,18,30,22,2628811474,,,976,717,981,690,972,745,0.07303,0.07407,-0.99458,-0.0553,0.0919,-0.99423,4.058,3.967,4.011,,,,Valid,Valid,227.9,147.7,550.9,297.2,152.1,559.6,268.4,188.7,266.0,203.8,0.5085,0.664,0.5108,0.6385,0.5063,0.6896,Screen Recording,Screen Recording Recording54.mp4,1920,1080,0,0,960,540,Fixation,140,1162,975,717,0.5078,0.664,,,,,,,,,,,
496277322,512572137229,Mouse,LipReading_BJ,10/21/2025,ZJ,Recording54,10/18/2025,10/18/2025,21:15:16.594,13:15:16.594,535262,Timeline1,Tobii I-VT (Fixation),1.241.54219,1080,1920,10.0,2.8,2.1,2.7,0.26,0.2,0.25,10,8,10,4.8,8.1,6.0,0.48,0.81,0.58,18,30,22,,,,,,,,,,,,,,,,,,,,,,,,,,,,,,,,,,,,,,,,Screen Recording,Screen Recording Recording54.mp4,1920,1080,0,0,960,540,Fixation,140,1162,975,717,0.5078,0.664,,,,,,,,,,983,966
496280409,512572140316,Eye Tracker,LipReading_BJ,10/21/2025,ZJ,Recording54,10/18/2025,10/18/2025,21:15:16.594,13:15:16.594,535262,Timeline1,Tobii I-VT (Fixation),1.241.54219,1080,1920,10.0,2.8,2.1,2.7,0.26,0.2,0.25,10,8,10,4.8,8.1,6.0,0.48,0.81,0.58,18,30,22,2628815473,,,969,709,974,689,963,728,0.06954,0.07394,-0.99483,-0.05954,0.08382,-0.9947,4.012,3.984,4.005,,,,Valid,Valid,227.9,147.7,550.9,297.2,152.1,559.6,266.4,188.6,263.7,199.2,0.5044,0.6562,0.5071,0.6382,0.5018,0.6741,Screen Recording,Screen Recording Recording54.mp4,1920,1080,0,0,960,540,Fixation,140,1162,975,717,0.5078,0.664,,,,,,,,,,,
496284409,512572144316,Eye Tracker,LipReading_BJ,10/21/2025,ZJ,Recording54,10/18/2025,10/18/2025,21:15:16.594,13:15:16.594,535262,Timeline1,Tobii I-VT (Fixation),1.241.54219,1080,1920,10.0,2.8,2.1,2.7,0.26,0.2,0.25,10,8,10,4.8,8.1,6.0,0.48,0.81,0.58,18,30,22,2628819473,,,971,712,970,695,972,730,0.06764,0.07688,-0.99474,-0.05532,0.0847,-0.99487,4.026,4.016,4.003,,,,Valid,Valid,227.9,147.7,551.0,297.2,152.1,559.6,265.4,190.3,266.1,199.7,0.5057,0.6597,0.5051,0.6437,0.5064,0.6757,Screen Recording,Screen Recording Recording54.mp4,1920,1080,0,0,960,540,Saccade,20,1578,,,,,,,,,,,,,,,
496288410,512572148317,Eye Tracker,LipReading_BJ,10/21/2025,ZJ,Recording54,10/18/2025,10/18/2025,21:15:16.594,13:15:16.594,535262,Timeline1,Tobii I-VT (Fixation),1.241.54219,1080,1920,10.0,2.8,2.1,2.7,0.26,0.2,0.25,10,8,10,4.8,8.1,6.0,0.48,0.81,0.58,18,30,22,2628823474,,,961,725,971,714,951,735,0.068,0.0861,-0.99396,-0.06536,0.08727,-0.99404,4.023,3.989,4.002,,,,Valid,Valid,227.9,147.7,550.9,297.2,152.1,559.5,265.6,195.4,260.4,201.2,0.5005,0.671,0.5055,0.6612,0.4956,0.6809,Screen Recording,Screen Recording Recording54.mp4,1920,1080,0,0,960,540,Saccade,20,1578,,,,,,,,,,,,,,,
496292410,512572152317,Eye Tracker,LipReading_BJ,10/21/2025,ZJ,Recording54,10/18/2025,10/18/2025,21:15:16.594,13:15:16.594,535262,Timeline1,Tobii I-VT (Fixation),1.241.54219,1080,1920,10.0,2.8,2.1,2.7,0.26,0.2,0.25,10,8,10,4.8,8.1,6.0,0.48,0.81,0.58,18,30,22,2628827474,,,966,736,975,730,957,741,0.07011,0.09411,-0.99309,-0.06252,0.09025,-0.99395,4.02,3.977,3.999,,,,Valid,Valid,227.9,147.7,551.0,297.2,152.1,559.8,266.8,199.9,262.0,202.9,0.5032,0.6814,0.5078,0.6764,0.4986,0.6865,Screen Recording,Screen Recording Recording54.mp4,1920,1080,0,0,960,540,Saccade,20,1578,,,,,,,,,,,,,,,
496296410,512572156317,Eye Tracker,LipReading_BJ,10/21/2025,ZJ,Recording54,10/18/2025,10/18/2025,21:15:16.594,13:15:16.594,535262,Timeline1,Tobii I-VT (Fixation),1.241.54219,1080,1920,10.0,2.8,2.1,2.7,0.26,0.2,0.25,10,8,10,4.8,8.1,6.0,0.48,0.81,0.58,18,30,22,2628831474,,,961,783,973,772,949,793,0.06898,0.11452,-0.99102,-0.06645,0.11504,-0.99114,3.894,3.893,3.903,,,,Valid,Valid,227.9,147.7,551.0,297.1,152.1,559.8,266.3,211.4,259.6,217.1,0.5004,0.7249,0.5068,0.7152,0.4941,0.7345,Screen Recording,Screen Recording Recording54.mp4,1920,1080,0,0,960,540,Saccade,20,1578,,,,,,,,,,,,,,,
496297504,512572157411,Mouse,LipReading_BJ,10/21/2025,ZJ,Recording54,10/18/2025,10/18/2025,21:15:16.594,13:15:16.594,535262,Timeline1,Tobii I-VT (Fixation),1.241.54219,1080,1920,10.0,2.8,2.1,2.7,0.26,0.2,0.25,10,8,10,4.8,8.1,6.0,0.48,0.81,0.58,18,30,22,,,,,,,,,,,,,,,,,,,,,,,,,,,,,,,,,,,,,,,,Screen Recording,Screen Recording Recording54.mp4,1920,1080,0,0,960,540,Saccade,20,1578,,,,,,,,,,,,,,985,966
496300409,512572160316,Eye Tracker,LipReading_BJ,10/21/2025,ZJ,Recording54,10/18/2025,10/18/2025,21:15:16.594,13:15:16.594,535262,Timeline1,Tobii I-VT (Fixation),1.241.54219,1080,1920,10.0,2.8,2.1,2.7,0.26,0.2,0.25,10,8,10,4.8,8.1,6.0,0.48,0.81,0.58,18,30,22,2628835473,,,965,836,991,854,938,817,0.07722,0.15375,-0.98509,-0.07124,0.12637,-0.98942,3.772,3.912,3.842,,,,Valid,Valid,227.9,147.7,551.1,297.1,152.1,559.8,271.1,233.7,256.8,223.6,0.5024,0.7737,0.516,0.7908,0.4888,0.7566,Screen Recording,Screen Recording Recording54.mp4,1920,1080,0,0,960,540,Saccade,20,1578,,,,,,,,,,,,,,,
496304409,512572164316,Eye Tracker,LipReading_BJ,10/21/2025,ZJ,Recording54,10/18/2025,10/18/2025,21:15:16.594,13:15:16.594,535262,Timeline1,Tobii I-VT (Fixation),1.241.54219,1080,1920,10.0,2.8,2.1,2.7,0.26,0.2,0.25,10,8,10,4.8,8.1,6.0,0.48,0.81,0.58,18,30,22,2628839473,,,,,,,,,,,,,,,,,,,,,Invalid,Invalid,,,,,,,,,,,,,,,,,Screen Recording,Screen Recording Recording54.mp4,1920,1080,0,0,960,540,EyesNotFound,152,337,,,,,,,,,,,,,,,
496308410,512572168317,Eye Tracker,LipReading_BJ,10/21/2025,ZJ,Recording54,10/18/2025,10/18/2025,21:15:16.594,13:15:16.594,535262,Timeline1,Tobii I-VT (Fixation),1.241.54219,1080,1920,10.0,2.8,2.1,2.7,0.26,0.2,0.25,10,8,10,4.8,8.1,6.0,0.48,0.81,0.58,18,30,22,2628843474,,,,,,,,,,,,,,,,,,,,,Invalid,Invalid,,,,,,,,,,,,,,,,,Screen Recording,Screen Recording Recording54.mp4,1920,1080,0,0,960,540,EyesNotFound,152,337,,,,,,,,,,,,,,,
496312410,512572172317,Eye Tracker,LipReading_BJ,10/21/2025,ZJ,Recording54,10/18/2025,10/18/2025,21:15:16.594,13:15:16.594,535262,Timeline1,Tobii I-VT (Fixation),1.241.54219,1080,1920,10.0,2.8,2.1,2.7,0.26,0.2,0.25,10,8,10,4.8,8.1,6.0,0.48,0.81,0.58,18,30,22,2628847474,,,,,,,,,,,,,,,,,,,,,Invalid,Invalid,,,,,,,,,,,,,,,,,Screen Recording,Screen Recording Recording54.mp4,1920,1080,0,0,960,540,EyesNotFound,152,337,,,,,,,,,,,,,,,
496316410,512572176317,Eye Tracker,LipReading_BJ,10/21/2025,ZJ,Recording54,10/18/2025,10/18/2025,21:15:16.594,13:15:16.594,535262,Timeline1,Tobii I-VT (Fixation),1.241.54219,1080,1920,10.0,2.8,2.1,2.7,0.26,0.2,0.25,10,8,10,4.8,8.1,6.0,0.48,0.81,0.58,18,30,22,2628851474,,,,,,,,,,,,,,,,,,,,,Invalid,Invalid,,,,,,,,,,,,,,,,,Screen Recording,Screen Recording Recording54.mp4,1920,1080,0,0,960,540,EyesNotFound,152,337,,,,,,,,,,,,,,,
496318267,512572178174,Mouse,LipReading_BJ,10/21/2025,ZJ,Recording54,10/18/2025,10/18/2025,21:15:16.594,13:15:16.594,535262,Timeline1,Tobii I-VT (Fixation),1.241.54219,1080,1920,10.0,2.8,2.1,2.7,0.26,0.2,0.25,10,8,10,4.8,8.1,6.0,0.48,0.81,0.58,18,30,22,,,,,,,,,,,,,,,,,,,,,,,,,,,,,,,,,,,,,,,,Screen Recording,Screen Recording Recording54.mp4,1920,1080,0,0,960,540,EyesNotFound,152,337,,,,,,,,,,,,,,985,965
496320409,512572180316,Eye Tracker,LipReading_BJ,10/21/2025,ZJ,Recording54,10/18/2025,10/18/2025,21:15:16.594,13:15:16.594,535262,Timeline1,Tobii I-VT (Fixation),1.241.54219,1080,1920,10.0,2.8,2.1,2.7,0.26,0.2,0.25,10,8,10,4.8,8.1,6.0,0.48,0.81,0.58,18,30,22,2628855473,,,,,,,,,,,,,,,,,,,,,Invalid,Invalid,,,,,,,,,,,,,,,,,Screen Recording,Screen Recording Recording54.mp4,1920,1080,0,0,960,540,EyesNotFound,152,337,,,,,,,,,,,,,,,
496324409,512572184316,Eye Tracker,LipReading_BJ,10/21/2025,ZJ,Recording54,10/18/2025,10/18/2025,21:15:16.594,13:15:16.594,535262,Timeline1,Tobii I-VT (Fixation),1.241.54219,1080,1920,10.0,2.8,2.1,2.7,0.26,0.2,0.25,10,8,10,4.8,8.1,6.0,0.48,0.81,0.58,18,30,22,2628859473,,,,,,,,,,,,,,,,,,,,,Invalid,Invalid,,,,,,,,,,,,,,,,,Screen Recording,Screen Recording Recording54.mp4,1920,1080,0,0,960,540,EyesNotFound,152,337,,,,,,,,,,,,,,,
496328410,512572188317,Eye Tracker,LipReading_BJ,10/21/2025,ZJ,Recording54,10/18/2025,10/18/2025,21:15:16.594,13:15:16.594,535262,Timeline1,Tobii I-VT (Fixation),1.241.54219,1080,1920,10.0,2.8,2.1,2.7,0.26,0.2,0.25,10,8,10,4.8,8.1,6.0,0.48,0.81,0.58,18,30,22,2628863474,,,,,,,,,,,,,,,,,,,,,Invalid,Invalid,,,,,,,,,,,,,,,,,Screen Recording,Screen Recording Recording54.mp4,1920,1080,0,0,960,540,EyesNotFound,152,337,,,,,,,,,,,,,,,
496332410,512572192317,Eye Tracker,LipReading_BJ,10/21/2025,ZJ,Recording54,10/18/2025,10/18/2025,21:15:16.594,13:15:16.594,535262,Timeline1,Tobii I-VT (Fixation),1.241.54219,1080,1920,10.0,2.8,2.1,2.7,0.26,0.2,0.25,10,8,10,4.8,8.1,6.0,0.48,0.81,0.58,18,30,22,2628867474,,,,,,,,,,,,,,,,,,,,,Invalid,Invalid,,,,,,,,,,,,,,,,,Screen Recording,Screen Recording Recording54.mp4,1920,1080,0,0,960,540,EyesNotFound,152,337,,,,,,,,,,,,,,,
496333412,512572193319,Mouse,LipReading_BJ,10/21/2025,ZJ,Recording54,10/18/2025,10/18/2025,21:15:16.594,13:15:16.594,535262,Timeline1,Tobii I-VT (Fixation),1.241.54219,1080,1920,10.0,2.8,2.1,2.7,0.26,0.2,0.25,10,8,10,4.8,8.1,6.0,0.48,0.81,0.58,18,30,22,,,,,,,,,,,,,,,,,,,,,,,,,,,,,,,,,,,,,,,,Screen Recording,Screen Recording Recording54.mp4,1920,1080,0,0,960,540,EyesNotFound,152,337,,,,,,,,,,,,,,987,965
496336409,512572196316,Eye Tracker,LipReading_BJ,10/21/2025,ZJ,Recording54,10/18/2025,10/18/2025,21:15:16.594,13:15:16.594,535262,Timeline1,Tobii I-VT (Fixation),1.241.54219,1080,1920,10.0,2.8,2.1,2.7,0.26,0.2,0.25,10,8,10,4.8,8.1,6.0,0.48,0.81,0.58,18,30,22,2628871473,,,,,,,,,,,,,,,,,,,,,Invalid,Invalid,,,,,,,,,,,,,,,,,Screen Recording,Screen Recording Recording54.mp4,1920,1080,0,0,960,540,EyesNotFound,152,337,,,,,,,,,,,,,,,
496340410,512572200317,Eye Tracker,LipReading_BJ,10/21/2025,ZJ,Recording54,10/18/2025,10/18/2025,21:15:16.594,13:15:16.594,535262,Timeline1,Tobii I-VT (Fixation),1.241.54219,1080,1920,10.0,2.8,2.1,2.7,0.26,0.2,0.25,10,8,10,4.8,8.1,6.0,0.48,0.81,0.58,18,30,22,2628875474,,,,,,,,,,,,,,,,,,,,,Invalid,Invalid,,,,,,,,,,,,,,,,,Screen Recording,Screen Recording Recording54.mp4,1920,1080,0,0,960,540,EyesNotFound,152,337,,,,,,,,,,,,,,,
496344410,512572204317,Eye Tracker,LipReading_BJ,10/21/2025,ZJ,Recording54,10/18/2025,10/18/2025,21:15:16.594,13:15:16.594,535262,Timeline1,Tobii I-VT (Fixation),1.241.54219,1080,1920,10.0,2.8,2.1,2.7,0.26,0.2,0.25,10,8,10,4.8,8.1,6.0,0.48,0.81,0.58,18,30,22,2628879474,,,,,,,,,,,,,,,,,,,,,Invalid,Invalid,,,,,,,,,,,,,,,,,Screen Recording,Screen Recording Recording54.mp4,1920,1080,0,0,960,540,EyesNotFound,152,337,,,,,,,,,,,,,,,
496348409,512572208316,Eye Tracker,LipReading_BJ,10/21/2025,ZJ,Recording54,10/18/2025,10/18/2025,21:15:16.594,13:15:16.594,535262,Timeline1,Tobii I-VT (Fixation),1.241.54219,1080,1920,10.0,2.8,2.1,2.7,0.26,0.2,0.25,10,8,10,4.8,8.1,6.0,0.48,0.81,0.58,18,30,22,2628883473,,,,,,,,,,,,,,,,,,,,,Invalid,Invalid,,,,,,,,,,,,,,,,,Screen Recording,Screen Recording Recording54.mp4,1920,1080,0,0,960,540,EyesNotFound,152,337,,,,,,,,,,,,,,,
496352332,512572212239,Mouse,LipReading_BJ,10/21/2025,ZJ,Recording54,10/18/2025,10/18/2025,21:15:16.594,13:15:16.594,535262,Timeline1,Tobii I-VT (Fixation),1.241.54219,1080,1920,10.0,2.8,2.1,2.7,0.26,0.2,0.25,10,8,10,4.8,8.1,6.0,0.48,0.81,0.58,18,30,22,,,,,,,,,,,,,,,,,,,,,,,,,,,,,,,,,,,,,,,,Screen Recording,Screen Recording Recording54.mp4,1920,1080,0,0,960,540,EyesNotFound,152,337,,,,,,,,,,,,,,987,964
496352409,512572212316,Eye Tracker,LipReading_BJ,10/21/2025,ZJ,Recording54,10/18/2025,10/18/2025,21:15:16.594,13:15:16.594,535262,Timeline1,Tobii I-VT (Fixation),1.241.54219,1080,1920,10.0,2.8,2.1,2.7,0.26,0.2,0.25,10,8,10,4.8,8.1,6.0,0.48,0.81,0.58,18,30,22,2628887473,,,,,,,,,,,,,,,,,,,,,Invalid,Invalid,,,,,,,,,,,,,,,,,Screen Recording,Screen Recording Recording54.mp4,1920,1080,0,0,960,540,EyesNotFound,152,337,,,,,,,,,,,,,,,
496356410,512572216317,Eye Tracker,LipReading_BJ,10/21/2025,ZJ,Recording54,10/18/2025,10/18/2025,21:15:16.594,13:15:16.594,535262,Timeline1,Tobii I-VT (Fixation),1.241.54219,1080,1920,10.0,2.8,2.1,2.7,0.26,0.2,0.25,10,8,10,4.8,8.1,6.0,0.48,0.81,0.58,18,30,22,2628891474,,,,,,,,,,,,,,,,,,,,,Invalid,Invalid,,,,,,,,,,,,,,,,,Screen Recording,Screen Recording Recording54.mp4,1920,1080,0,0,960,540,EyesNotFound,152,337,,,,,,,,,,,,,,,
496360409,512572220316,Eye Tracker,LipReading_BJ,10/21/2025,ZJ,Recording54,10/18/2025,10/18/2025,21:15:16.594,13:15:16.594,535262,Timeline1,Tobii I-VT (Fixation),1.241.54219,1080,1920,10.0,2.8,2.1,2.7,0.26,0.2,0.25,10,8,10,4.8,8.1,6.0,0.48,0.81,0.58,18,30,22,2628895473,,,,,,,,,,,,,,,,,,,,,Invalid,Invalid,,,,,,,,,,,,,,,,,Screen Recording,Screen Recording Recording54.mp4,1920,1080,0,0,960,540,EyesNotFound,152,337,,,,,,,,,,,,,,,
496364325,512572224232,Mouse,LipReading_BJ,10/21/2025,ZJ,Recording54,10/18/2025,10/18/2025,21:15:16.594,13:15:16.594,535262,Timeline1,Tobii I-VT (Fixation),1.241.54219,1080,1920,10.0,2.8,2.1,2.7,0.26,0.2,0.25,10,8,10,4.8,8.1,6.0,0.48,0.81,0.58,18,30,22,,,,,,,,,,,,,,,,,,,,,,,,,,,,,,,,,,,,,,,,Screen Recording,Screen Recording Recording54.mp4,1920,1080,0,0,960,540,EyesNotFound,152,337,,,,,,,,,,,,,,987,964
496364409,512572224316,Eye Tracker,LipReading_BJ,10/21/2025,ZJ,Recording54,10/18/2025,10/18/2025,21:15:16.594,13:15:16.594,535262,Timeline1,Tobii I-VT (Fixation),1.241.54219,1080,1920,10.0,2.8,2.1,2.7,0.26,0.2,0.25,10,8,10,4.8,8.1,6.0,0.48,0.81,0.58,18,30,22,2628899473,,,,,,,,,,,,,,,,,,,,,Invalid,Invalid,,,,,,,,,,,,,,,,,Screen Recording,Screen Recording Recording54.mp4,1920,1080,0,0,960,540,EyesNotFound,152,337,,,,,,,,,,,,,,,
496368410,512572228317,Eye Tracker,LipReading_BJ,10/21/2025,ZJ,Recording54,10/18/2025,10/18/2025,21:15:16.594,13:15:16.594,535262,Timeline1,Tobii I-VT (Fixation),1.241.54219,1080,1920,10.0,2.8,2.1,2.7,0.26,0.2,0.25,10,8,10,4.8,8.1,6.0,0.48,0.81,0.58,18,30,22,2628903474,,,,,,,,,,,,,,,,,,,,,Invalid,Invalid,,,,,,,,,,,,,,,,,Screen Recording,Screen Recording Recording54.mp4,1920,1080,0,0,960,540,EyesNotFound,152,337,,,,,,,,,,,,,,,
496372406,512572232313,Eye Tracker,LipReading_BJ,10/21/2025,ZJ,Recording54,10/18/2025,10/18/2025,21:15:16.594,13:15:16.594,535262,Timeline1,Tobii I-VT (Fixation),1.241.54219,1080,1920,10.0,2.8,2.1,2.7,0.26,0.2,0.25,10,8,10,4.8,8.1,6.0,0.48,0.81,0.58,18,30,22,2628907470,,,,,,,,,,,,,,,,,,,,,Invalid,Invalid,,,,,,,,,,,,,,,,,Screen Recording,Screen Recording Recording54.mp4,1920,1080,0,0,960,540,EyesNotFound,152,337,,,,,,,,,,,,,,,
496376404,512572236311,Eye Tracker,LipReading_BJ,10/21/2025,ZJ,Recording54,10/18/2025,10/18/2025,21:15:16.594,13:15:16.594,535262,Timeline1,Tobii I-VT (Fixation),1.241.54219,1080,1920,10.0,2.8,2.1,2.7,0.26,0.2,0.25,10,8,10,4.8,8.1,6.0,0.48,0.81,0.58,18,30,22,2628911469,,,,,,,,,,,,,,,,,,,,,Invalid,Invalid,,,,,,,,,,,,,,,,,Screen Recording,Screen Recording Recording54.mp4,1920,1080,0,0,960,540,EyesNotFound,152,337,,,,,,,,,,,,,,,
496380405,512572240312,Eye Tracker,LipReading_BJ,10/21/2025,ZJ,Recording54,10/18/2025,10/18/2025,21:15:16.594,13:15:16.594,535262,Timeline1,Tobii I-VT (Fixation),1.241.54219,1080,1920,10.0,2.8,2.1,2.7,0.26,0.2,0.25,10,8,10,4.8,8.1,6.0,0.48,0.81,0.58,18,30,22,2628915470,,,,,,,,,,,,,,,,,,,,,Invalid,Invalid,,,,,,,,,,,,,,,,,Screen Recording,Screen Recording Recording54.mp4,1920,1080,0,0,960,540,EyesNotFound,152,337,,,,,,,,,,,,,,,
496383258,512572243165,Mouse,LipReading_BJ,10/21/2025,ZJ,Recording54,10/18/2025,10/18/2025,21:15:16.594,13:15:16.594,535262,Timeline1,Tobii I-VT (Fixation),1.241.54219,1080,1920,10.0,2.8,2.1,2.7,0.26,0.2,0.25,10,8,10,4.8,8.1,6.0,0.48,0.81,0.58,18,30,22,,,,,,,,,,,,,,,,,,,,,,,,,,,,,,,,,,,,,,,,Screen Recording,Screen Recording Recording54.mp4,1920,1080,0,0,960,540,EyesNotFound,152,337,,,,,,,,,,,,,,987,964
496384405,512572244312,Eye Tracker,LipReading_BJ,10/21/2025,ZJ,Recording54,10/18/2025,10/18/2025,21:15:16.594,13:15:16.594,535262,Timeline1,Tobii I-VT (Fixation),1.241.54219,1080,1920,10.0,2.8,2.1,2.7,0.26,0.2,0.25,10,8,10,4.8,8.1,6.0,0.48,0.81,0.58,18,30,22,2628919470,,,,,,,,,,,,,,,,,,,,,Invalid,Invalid,,,,,,,,,,,,,,,,,Screen Recording,Screen Recording Recording54.mp4,1920,1080,0,0,960,540,EyesNotFound,152,337,,,,,,,,,,,,,,,
496388404,512572248311,Eye Tracker,LipReading_BJ,10/21/2025,ZJ,Recording54,10/18/2025,10/18/2025,21:15:16.594,13:15:16.594,535262,Timeline1,Tobii I-VT (Fixation),1.241.54219,1080,1920,10.0,2.8,2.1,2.7,0.26,0.2,0.25,10,8,10,4.8,8.1,6.0,0.48,0.81,0.58,18,30,22,2628923469,,,,,,,,,,,,,,,,,,,,,Invalid,Invalid,,,,,,,,,,,,,,,,,Screen Recording,Screen Recording Recording54.mp4,1920,1080,0,0,960,540,EyesNotFound,152,337,,,,,,,,,,,,,,,
496392404,512572252311,Eye Tracker,LipReading_BJ,10/21/2025,ZJ,Recording54,10/18/2025,10/18/2025,21:15:16.594,13:15:16.594,535262,Timeline1,Tobii I-VT (Fixation),1.241.54219,1080,1920,10.0,2.8,2.1,2.7,0.26,0.2,0.25,10,8,10,4.8,8.1,6.0,0.48,0.81,0.58,18,30,22,2628927469,,,,,,,,,,,,,,,,,,,,,Invalid,Invalid,,,,,,,,,,,,,,,,,Screen Recording,Screen Recording Recording54.mp4,1920,1080,0,0,960,540,EyesNotFound,152,337,,,,,,,,,,,,,,,
496393333,512572253240,Mouse,LipReading_BJ,10/21/2025,ZJ,Recording54,10/18/2025,10/18/2025,21:15:16.594,13:15:16.594,535262,Timeline1,Tobii I-VT (Fixation),1.241.54219,1080,1920,10.0,2.8,2.1,2.7,0.26,0.2,0.25,10,8,10,4.8,8.1,6.0,0.48,0.81,0.58,18,30,22,,,,,,,,,,,,,,,,,,,,,,,,,,,,,,,,,,,,,,,,Screen Recording,Screen Recording Recording54.mp4,1920,1080,0,0,960,540,EyesNotFound,152,337,,,,,,,,,,,,,,988,964
496396405,512572256312,Eye Tracker,LipReading_BJ,10/21/2025,ZJ,Recording54,10/18/2025,10/18/2025,21:15:16.594,13:15:16.594,535262,Timeline1,Tobii I-VT (Fixation),1.241.54219,1080,1920,10.0,2.8,2.1,2.7,0.26,0.2,0.25,10,8,10,4.8,8.1,6.0,0.48,0.81,0.58,18,30,22,2628931470,,,,,,,,,,,,,,,,,,,,,Invalid,Invalid,,,,,,,,,,,,,,,,,Screen Recording,Screen Recording Recording54.mp4,1920,1080,0,0,960,540,EyesNotFound,152,337,,,,,,,,,,,,,,,
496400404,512572260311,Eye Tracker,LipReading_BJ,10/21/2025,ZJ,Recording54,10/18/2025,10/18/2025,21:15:16.594,13:15:16.594,535262,Timeline1,Tobii I-VT (Fixation),1.241.54219,1080,1920,10.0,2.8,2.1,2.7,0.26,0.2,0.25,10,8,10,4.8,8.1,6.0,0.48,0.81,0.58,18,30,22,2628935469,,,,,,,,,,,,,,,,,,,,,Invalid,Invalid,,,,,,,,,,,,,,,,,Screen Recording,Screen Recording Recording54.mp4,1920,1080,0,0,960,540,EyesNotFound,152,337,,,,,,,,,,,,,,,
496404404,512572264311,Eye Tracker,LipReading_BJ,10/21/2025,ZJ,Recording54,10/18/2025,10/18/2025,21:15:16.594,13:15:16.594,535262,Timeline1,Tobii I-VT (Fixation),1.241.54219,1080,1920,10.0,2.8,2.1,2.7,0.26,0.2,0.25,10,8,10,4.8,8.1,6.0,0.48,0.81,0.58,18,30,22,2628939469,,,,,,,,,,,,,,,,,,,,,Invalid,Invalid,,,,,,,,,,,,,,,,,Screen Recording,Screen Recording Recording54.mp4,1920,1080,0,0,960,540,EyesNotFound,152,337,,,,,,,,,,,,,,,
496408405,512572268312,Eye Tracker,LipReading_BJ,10/21/2025,ZJ,Recording54,10/18/2025,10/18/2025,21:15:16.594,13:15:16.594,535262,Timeline1,Tobii I-VT (Fixation),1.241.54219,1080,1920,10.0,2.8,2.1,2.7,0.26,0.2,0.25,10,8,10,4.8,8.1,6.0,0.48,0.81,0.58,18,30,22,2628943470,,,,,,,,,,,,,,,,,,,,,Invalid,Invalid,,,,,,,,,,,,,,,,,Screen Recording,Screen Recording Recording54.mp4,1920,1080,0,0,960,540,EyesNotFound,152,337,,,,,,,,,,,,,,,
496409429,512572269336,Mouse,LipReading_BJ,10/21/2025,ZJ,Recording54,10/18/2025,10/18/2025,21:15:16.594,13:15:16.594,535262,Timeline1,Tobii I-VT (Fixation),1.241.54219,1080,1920,10.0,2.8,2.1,2.7,0.26,0.2,0.25,10,8,10,4.8,8.1,6.0,0.48,0.81,0.58,18,30,22,,,,,,,,,,,,,,,,,,,,,,,,,,,,,,,,,,,,,,,,Screen Recording,Screen Recording Recording54.mp4,1920,1080,0,0,960,540,EyesNotFound,152,337,,,,,,,,,,,,,,989,963
496412405,512572272312,Eye Tracker,LipReading_BJ,10/21/2025,ZJ,Recording54,10/18/2025,10/18/2025,21:15:16.594,13:15:16.594,535262,Timeline1,Tobii I-VT (Fixation),1.241.54219,1080,1920,10.0,2.8,2.1,2.7,0.26,0.2,0.25,10,8,10,4.8,8.1,6.0,0.48,0.81,0.58,18,30,22,2628947470,,,,,,,,,,,,,,,,,,,,,Invalid,Invalid,,,,,,,,,,,,,,,,,Screen Recording,Screen Recording Recording54.mp4,1920,1080,0,0,960,540,EyesNotFound,152,337,,,,,,,,,,,,,,,
496416404,512572276311,Eye Tracker,LipReading_BJ,10/21/2025,ZJ,Recording54,10/18/2025,10/18/2025,21:15:16.594,13:15:16.594,535262,Timeline1,Tobii I-VT (Fixation),1.241.54219,1080,1920,10.0,2.8,2.1,2.7,0.26,0.2,0.25,10,8,10,4.8,8.1,6.0,0.48,0.81,0.58,18,30,22,2628951469,,,,,,,,,,,,,,,,,,,,,Invalid,Invalid,,,,,,,,,,,,,,,,,Screen Recording,Screen Recording Recording54.mp4,1920,1080,0,0,960,540,EyesNotFound,152,337,,,,,,,,,,,,,,,
496420405,512572280312,Eye Tracker,LipReading_BJ,10/21/2025,ZJ,Recording54,10/18/2025,10/18/2025,21:15:16.594,13:15:16.594,535262,Timeline1,Tobii I-VT (Fixation),1.241.54219,1080,1920,10.0,2.8,2.1,2.7,0.26,0.2,0.25,10,8,10,4.8,8.1,6.0,0.48,0.81,0.58,18,30,22,2628955470,,,,,,,,,,,,,,,,,,,,,Invalid,Invalid,,,,,,,,,,,,,,,,,Screen Recording,Screen Recording Recording54.mp4,1920,1080,0,0,960,540,EyesNotFound,152,337,,,,,,,,,,,,,,,
496424405,512572284312,Eye Tracker,LipReading_BJ,10/21/2025,ZJ,Recording54,10/18/2025,10/18/2025,21:15:16.594,13:15:16.594,535262,Timeline1,Tobii I-VT (Fixation),1.241.54219,1080,1920,10.0,2.8,2.1,2.7,0.26,0.2,0.25,10,8,10,4.8,8.1,6.0,0.48,0.81,0.58,18,30,22,2628959470,,,,,,,,,,,,,,,,,,,,,Invalid,Invalid,,,,,,,,,,,,,,,,,Screen Recording,Screen Recording Recording54.mp4,1920,1080,0,0,960,540,EyesNotFound,152,337,,,,,,,,,,,,,,,
496426318,512572286225,Mouse,LipReading_BJ,10/21/2025,ZJ,Recording54,10/18/2025,10/18/2025,21:15:16.594,13:15:16.594,535262,Timeline1,Tobii I-VT (Fixation),1.241.54219,1080,1920,10.0,2.8,2.1,2.7,0.26,0.2,0.25,10,8,10,4.8,8.1,6.0,0.48,0.81,0.58,18,30,22,,,,,,,,,,,,,,,,,,,,,,,,,,,,,,,,,,,,,,,,Screen Recording,Screen Recording Recording54.mp4,1920,1080,0,0,960,540,EyesNotFound,152,337,,,,,,,,,,,,,,990,963
496428404,512572288311,Eye Tracker,LipReading_BJ,10/21/2025,ZJ,Recording54,10/18/2025,10/18/2025,21:15:16.594,13:15:16.594,535262,Timeline1,Tobii I-VT (Fixation),1.241.54219,1080,1920,10.0,2.8,2.1,2.7,0.26,0.2,0.25,10,8,10,4.8,8.1,6.0,0.48,0.81,0.58,18,30,22,2628963469,,,,,,,,,,,,,,,,,,,,,Invalid,Invalid,,,,,,,,,,,,,,,,,Screen Recording,Screen Recording Recording54.mp4,1920,1080,0,0,960,540,EyesNotFound,152,337,,,,,,,,,,,,,,,
496432404,512572292311,Eye Tracker,LipReading_BJ,10/21/2025,ZJ,Recording54,10/18/2025,10/18/2025,21:15:16.594,13:15:16.594,535262,Timeline1,Tobii I-VT (Fixation),1.241.54219,1080,1920,10.0,2.8,2.1,2.7,0.26,0.2,0.25,10,8,10,4.8,8.1,6.0,0.48,0.81,0.58,18,30,22,2628967469,,,,,,,,,,,,,,,,,,,,,Invalid,Invalid,,,,,,,,,,,,,,,,,Screen Recording,Screen Recording Recording54.mp4,1920,1080,0,0,960,540,EyesNotFound,152,337,,,,,,,,,,,,,,,
496436405,512572296312,Eye Tracker,LipReading_BJ,10/21/2025,ZJ,Recording54,10/18/2025,10/18/2025,21:15:16.594,13:15:16.594,535262,Timeline1,Tobii I-VT (Fixation),1.241.54219,1080,1920,10.0,2.8,2.1,2.7,0.26,0.2,0.25,10,8,10,4.8,8.1,6.0,0.48,0.81,0.58,18,30,22,2628971470,,,,,,,,,,,,,,,,,,,,,Invalid,Invalid,,,,,,,,,,,,,,,,,Screen Recording,Screen Recording Recording54.mp4,1920,1080,0,0,960,540,EyesNotFound,152,337,,,,,,,,,,,,,,,
496438321,512572298228,Mouse,LipReading_BJ,10/21/2025,ZJ,Recording54,10/18/2025,10/18/2025,21:15:16.594,13:15:16.594,535262,Timeline1,Tobii I-VT (Fixation),1.241.54219,1080,1920,10.0,2.8,2.1,2.7,0.26,0.2,0.25,10,8,10,4.8,8.1,6.0,0.48,0.81,0.58,18,30,22,,,,,,,,,,,,,,,,,,,,,,,,,,,,,,,,,,,,,,,,Screen Recording,Screen Recording Recording54.mp4,1920,1080,0,0,960,540,EyesNotFound,152,337,,,,,,,,,,,,,,991,962
496440404,512572300311,Eye Tracker,LipReading_BJ,10/21/2025,ZJ,Recording54,10/18/2025,10/18/2025,21:15:16.594,13:15:16.594,535262,Timeline1,Tobii I-VT (Fixation),1.241.54219,1080,1920,10.0,2.8,2.1,2.7,0.26,0.2,0.25,10,8,10,4.8,8.1,6.0,0.48,0.81,0.58,18,30,22,2628975469,,,,,,,,,,,,,,,,,,,,,Invalid,Invalid,,,,,,,,,,,,,,,,,Screen Recording,Screen Recording Recording54.mp4,1920,1080,0,0,960,540,EyesNotFound,152,337,,,,,,,,,,,,,,,
496444404,512572304311,Eye Tracker,LipReading_BJ,10/21/2025,ZJ,Recording54,10/18/2025,10/18/2025,21:15:16.594,13:15:16.594,535262,Timeline1,Tobii I-VT (Fixation),1.241.54219,1080,1920,10.0,2.8,2.1,2.7,0.26,0.2,0.25,10,8,10,4.8,8.1,6.0,0.48,0.81,0.58,18,30,22,2628979469,,,,,,,,,,,,,,,,,,,,,Invalid,Invalid,,,,,,,,,,,,,,,,,Screen Recording,Screen Recording Recording54.mp4,1920,1080,0,0,960,540,EyesNotFound,152,337,,,,,,,,,,,,,,,
496448405,512572308312,Eye Tracker,LipReading_BJ,10/21/2025,ZJ,Recording54,10/18/2025,10/18/2025,21:15:16.594,13:15:16.594,535262,Timeline1,Tobii I-VT (Fixation),1.241.54219,1080,1920,10.0,2.8,2.1,2.7,0.26,0.2,0.25,10,8,10,4.8,8.1,6.0,0.48,0.81,0.58,18,30,22,2628983470,,,,,,,,,,,,,,,,,,,,,Invalid,Invalid,,,,,,,,,,,,,,,,,Screen Recording,Screen Recording Recording54.mp4,1920,1080,0,0,960,540,EyesNotFound,152,337,,,,,,,,,,,,,,,
496452405,512572312312,Eye Tracker,LipReading_BJ,10/21/2025,ZJ,Recording54,10/18/2025,10/18/2025,21:15:16.594,13:15:16.594,535262,Timeline1,Tobii I-VT (Fixation),1.241.54219,1080,1920,10.0,2.8,2.1,2.7,0.26,0.2,0.25,10,8,10,4.8,8.1,6.0,0.48,0.81,0.58,18,30,22,2628987470,,,,,,,,,,,,,,,,,,,,,Invalid,Invalid,,,,,,,,,,,,,,,,,Screen Recording,Screen Recording Recording54.mp4,1920,1080,0,0,960,540,EyesNotFound,152,337,,,,,,,,,,,,,,,
496456404,512572316311,Eye Tracker,LipReading_BJ,10/21/2025,ZJ,Recording54,10/18/2025,10/18/2025,21:15:16.594,13:15:16.594,535262,Timeline1,Tobii I-VT (Fixation),1.241.54219,1080,1920,10.0,2.8,2.1,2.7,0.26,0.2,0.25,10,8,10,4.8,8.1,6.0,0.48,0.81,0.58,18,30,22,2628991469,,,664,1192,664,1192,,,-0.07974,0.3075,-0.9482,,,,2.163,,2.163,,,,Valid,Invalid,228.0,147.5,550.5,,,,181.7,326.1,,,,,,,,,Screen Recording,Screen Recording Recording54.mp4,1920,1080,0,0,960,540,Unclassified,8,464,,,,,,,,,,,,,,,
496460405,512572320312,Eye Tracker,LipReading_BJ,10/21/2025,ZJ,Recording54,10/18/2025,10/18/2025,21:15:16.594,13:15:16.594,535262,Timeline1,Tobii I-VT (Fixation),1.241.54219,1080,1920,10.0,2.8,2.1,2.7,0.26,0.2,0.25,10,8,10,4.8,8.1,6.0,0.48,0.81,0.58,18,30,22,2628995470,,,739,1204,,,739,1204,,,,-0.15962,0.2987,-0.9409,,2.212,2.273,,,,Invalid,Valid,,,,297.3,151.8,559.7,,,202.4,329.5,,,,,,,Screen Recording,Screen Recording Recording54.mp4,1920,1080,0,0,960,540,Unclassified,8,464,,,,,,,,,,,,,,,
496464271,512572324178,Mouse,LipReading_BJ,10/21/2025,ZJ,Recording54,10/18/2025,10/18/2025,21:15:16.594,13:15:16.594,535262,Timeline1,Tobii I-VT (Fixation),1.241.54219,1080,1920,10.0,2.8,2.1,2.7,0.26,0.2,0.25,10,8,10,4.8,8.1,6.0,0.48,0.81,0.58,18,30,22,,,,,,,,,,,,,,,,,,,,,,,,,,,,,,,,,,,,,,,,Screen Recording,Screen Recording Recording54.mp4,1920,1080,0,0,960,540,EyesNotFound,12,338,,,,,,,,,,,,,,991,961
496464405,512572324312,Eye Tracker,LipReading_BJ,10/21/2025,ZJ,Recording54,10/18/2025,10/18/2025,21:15:16.594,13:15:16.594,535262,Timeline1,Tobii I-VT (Fixation),1.241.54219,1080,1920,10.0,2.8,2.1,2.7,0.26,0.2,0.25,10,8,10,4.8,8.1,6.0,0.48,0.81,0.58,18,30,22,2628999470,,,,,,,,,,,,,,,,,2.464,,,,Invalid,Invalid,,,,,,,,,,,,,,,,,Screen Recording,Screen Recording Recording54.mp4,1920,1080,0,0,960,540,EyesNotFound,12,338,,,,,,,,,,,,,,,
496468404,512572328311,Eye Tracker,LipReading_BJ,10/21/2025,ZJ,Recording54,10/18/2025,10/18/2025,21:15:16.594,13:15:16.594,535262,Timeline1,Tobii I-VT (Fixation),1.241.54219,1080,1920,10.0,2.8,2.1,2.7,0.26,0.2,0.25,10,8,10,4.8,8.1,6.0,0.48,0.81,0.58,18,30,22,2629003469,,,,,,,,,,,,,,,,,2.655,,,,Invalid,Invalid,,,,,,,,,,,,,,,,,Screen Recording,Screen Recording Recording54.mp4,1920,1080,0,0,960,540,EyesNotFound,12,338,,,,,,,,,,,,,,,
496472404,512572332311,Eye Tracker,LipReading_BJ,10/21/2025,ZJ,Recording54,10/18/2025,10/18/2025,21:15:16.594,13:15:16.594,535262,Timeline1,Tobii I-VT (Fixation),1.241.54219,1080,1920,10.0,2.8,2.1,2.7,0.26,0.2,0.25,10,8,10,4.8,8.1,6.0,0.48,0.81,0.58,18,30,22,2629007469,,,,,,,,,,,,,,,,,2.846,,,,Invalid,Invalid,,,,,,,,,,,,,,,,,Screen Recording,Screen Recording Recording54.mp4,1920,1080,0,0,960,540,EyesNotFound,12,338,,,,,,,,,,,,,,,
496476405,512572336312,Eye Tracker,LipReading_BJ,10/21/2025,ZJ,Recording54,10/18/2025,10/18/2025,21:15:16.594,13:15:16.594,535262,Timeline1,Tobii I-VT (Fixation),1.241.54219,1080,1920,10.0,2.8,2.1,2.7,0.26,0.2,0.25,10,8,10,4.8,8.1,6.0,0.48,0.81,0.58,18,30,22,2629011470,,,821,955,,,821,955,,,,-0.12643,0.19028,-0.97355,,3.059,3.037,,,,Invalid,Valid,,,,297.3,151.9,559.6,,,224.6,261.3,0.4274,0.8841,,,0.4274,0.8841,Screen Recording,Screen Recording Recording54.mp4,1920,1080,0,0,960,540,Saccade,84,1579,,,,,,,,,,,,,,,
496480404,512572340311,Eye Tracker,LipReading_BJ,10/21/2025,ZJ,Recording54,10/18/2025,10/18/2025,21:15:16.594,13:15:16.594,535262,Timeline1,Tobii I-VT (Fixation),1.241.54219,1080,1920,10.0,2.8,2.1,2.7,0.26,0.2,0.25,10,8,10,4.8,8.1,6.0,0.48,0.81,0.58,18,30,22,2629015469,,,934,948,,,934,948,,,,-0.07302,0.18808,-0.97943,,3.176,3.182,,,,Invalid,Valid,,,,297.3,151.8,559.9,,,255.5,259.4,0.4863,0.8775,,,0.4863,0.8775,Screen Recording,Screen Recording Recording54.mp4,1920,1080,0,0,960,540,Saccade,84,1579,,,,,,,,,,,,,,,
496483413,512572343320,Mouse,LipReading_BJ,10/21/2025,ZJ,Recording54,10/18/2025,10/18/2025,21:15:16.594,13:15:16.594,535262,Timeline1,Tobii I-VT (Fixation),1.241.54219,1080,1920,10.0,2.8,2.1,2.7,0.26,0.2,0.25,10,8,10,4.8,8.1,6.0,0.48,0.81,0.58,18,30,22,,,,,,,,,,,,,,,,,,,,,,,,,,,,,,,,,,,,,,,,Screen Recording,Screen Recording Recording54.mp4,1920,1080,0,0,960,540,Saccade,84,1579,,,,,,,,,,,,,,993,961
496484403,512572344310,Eye Tracker,LipReading_BJ,10/21/2025,ZJ,Recording54,10/18/2025,10/18/2025,21:15:16.594,13:15:16.594,535262,Timeline1,Tobii I-VT (Fixation),1.241.54219,1080,1920,10.0,2.8,2.1,2.7,0.26,0.2,0.25,10,8,10,4.8,8.1,6.0,0.48,0.81,0.58,18,30,22,2629019469,,,813,928,,,813,928,,,,-0.13031,0.17791,-0.97538,,3.232,3.295,,,,Invalid,Valid,,,,297.3,151.9,559.7,,,222.5,254.0,0.4235,0.8593,,,0.4235,0.8593,Screen Recording,Screen Recording Recording54.mp4,1920,1080,0,0,960,540,Saccade,84,1579,,,,,,,,,,,,,,,
496488404,512572348311,Eye Tracker,LipReading_BJ,10/21/2025,ZJ,Recording54,10/18/2025,10/18/2025,21:15:16.594,13:15:16.594,535262,Timeline1,Tobii I-VT (Fixation),1.241.54219,1080,1920,10.0,2.8,2.1,2.7,0.26,0.2,0.25,10,8,10,4.8,8.1,6.0,0.48,0.81,0.58,18,30,22,2629023470,,,982,879,1001,852,963,906,0.08218,0.1532,-0.98477,-0.05933,0.16889,-0.98385,3.528,3.53,3.432,,,,Valid,Valid,228.1,147.6,550.5,297.3,152.0,559.3,274.0,233.3,263.5,248.0,0.5115,0.8142,0.5215,0.7893,0.5015,0.8392,Screen Recording,Screen Recording Recording54.mp4,1920,1080,0,0,960,540,Saccade,84,1579,,,,,,,,,,,,,,,
496492404,512572352311,Eye Tracker,LipReading_BJ,10/21/2025,ZJ,Recording54,10/18/2025,10/18/2025,21:15:16.594,13:15:16.594,535262,Timeline1,Tobii I-VT (Fixation),1.241.54219,1080,1920,10.0,2.8,2.1,2.7,0.26,0.2,0.25,10,8,10,4.8,8.1,6.0,0.48,0.81,0.58,18,30,22,2629027470,,,821,874,,,821,874,,,,-0.12707,0.15268,-0.98007,,3.337,3.551,,,,Invalid,Valid,,,,297.3,151.9,559.7,,,224.7,239.1,0.4277,0.809,,,0.4277,0.809,Screen Recording,Screen Recording Recording54.mp4,1920,1080,0,0,960,540,Saccade,84,1579,,,,,,,,,,,,,,,
496493438,512572353345,Mouse,LipReading_BJ,10/21/2025,ZJ,Recording54,10/18/2025,10/18/2025,21:15:16.594,13:15:16.594,535262,Timeline1,Tobii I-VT (Fixation),1.241.54219,1080,1920,10.0,2.8,2.1,2.7,0.26,0.2,0.25,10,8,10,4.8,8.1,6.0,0.48,0.81,0.58,18,30,22,,,,,,,,,,,,,,,,,,,,,,,,,,,,,,,,,,,,,,,,Screen Recording,Screen Recording Recording54.mp4,1920,1080,0,0,960,540,Saccade,84,1579,,,,,,,,,,,,,,993,960
496496403,512572356310,Eye Tracker,LipReading_BJ,10/21/2025,ZJ,Recording54,10/18/2025,10/18/2025,21:15:16.594,13:15:16.594,535262,Timeline1,Tobii I-VT (Fixation),1.241.54219,1080,1920,10.0,2.8,2.1,2.7,0.26,0.2,0.25,10,8,10,4.8,8.1,6.0,0.48,0.81,0.58,18,30,22,2629031469,,,967,807,967,807,,,0.06548,0.13149,-0.98915,,,,3.723,,3.627,,,,Valid,Invalid,228.0,147.5,551.0,,,,264.5,220.7,,,0.5034,0.7469,0.5034,0.7469,,,Screen Recording,Screen Recording Recording54.mp4,1920,1080,0,0,960,540,Saccade,84,1579,,,,,,,,,,,,,,,
496500401,512572360308,Eye Tracker,LipReading_BJ,10/21/2025,ZJ,Recording54,10/18/2025,10/18/2025,21:15:16.594,13:15:16.594,535262,Timeline1,Tobii I-VT (Fixation),1.241.54219,1080,1920,10.0,2.8,2.1,2.7,0.26,0.2,0.25,10,8,10,4.8,8.1,6.0,0.48,0.81,0.58,18,30,22,2629035467,,,950,793,950,793,,,0.05752,0.12494,-0.9905,,,,3.766,,3.69,,,,Valid,Invalid,228.1,147.6,550.8,,,,260.0,217.0,,,0.4949,0.7343,0.4949,0.7343,,,Screen Recording,Screen Recording Recording54.mp4,1920,1080,0,0,960,540,Saccade,84,1579,,,,,,,,,,,,,,,
496504401,512572364308,Eye Tracker,LipReading_BJ,10/21/2025,ZJ,Recording54,10/18/2025,10/18/2025,21:15:16.594,13:15:16.594,535262,Timeline1,Tobii I-VT (Fixation),1.241.54219,1080,1920,10.0,2.8,2.1,2.7,0.26,0.2,0.25,10,8,10,4.8,8.1,6.0,0.48,0.81,0.58,18,30,22,2629039467,,,953,820,,,953,820,,,,-0.06445,0.1279,-0.98969,,3.754,3.76,,,,Invalid,Valid,,,,297.3,152.0,559.4,,,260.9,224.3,0.4965,0.7589,,,0.4965,0.7589,Screen Recording,Screen Recording Recording54.mp4,1920,1080,0,0,960,540,Saccade,84,1579,,,,,,,,,,,,,,,
496506296,512572366203,Mouse,LipReading_BJ,10/21/2025,ZJ,Recording54,10/18/2025,10/18/2025,21:15:16.594,13:15:16.594,535262,Timeline1,Tobii I-VT (Fixation),1.241.54219,1080,1920,10.0,2.8,2.1,2.7,0.26,0.2,0.25,10,8,10,4.8,8.1,6.0,0.48,0.81,0.58,18,30,22,,,,,,,,,,,,,,,,,,,,,,,,,,,,,,,,,,,,,,,,Screen Recording,Screen Recording Recording54.mp4,1920,1080,0,0,960,540,Saccade,84,1579,,,,,,,,,,,,,,994,959
496508400,512572368307,Eye Tracker,LipReading_BJ,10/21/2025,ZJ,Recording54,10/18/2025,10/18/2025,21:15:16.594,13:15:16.594,535262,Timeline1,Tobii I-VT (Fixation),1.241.54219,1080,1920,10.0,2.8,2.1,2.7,0.26,0.2,0.25,10,8,10,4.8,8.1,6.0,0.48,0.81,0.58,18,30,22,2629043466,,,965,781,960,755,970,807,0.06262,0.1062,-0.99237,-0.05619,0.12192,-0.99095,3.863,3.775,3.782,,,,Valid,Valid,228.1,147.7,550.5,297.3,152.0,559.5,262.8,206.6,265.6,220.8,0.5028,0.723,0.5002,0.699,0.5054,0.7471,Screen Recording,Screen Recording Recording54.mp4,1920,1080,0,0,960,540,Saccade,84,1579,,,,,,,,,,,,,,,
496512400,512572372307,Eye Tracker,LipReading_BJ,10/21/2025,ZJ,Recording54,10/18/2025,10/18/2025,21:15:16.594,13:15:16.594,535262,Timeline1,Tobii I-VT (Fixation),1.241.54219,1080,1920,10.0,2.8,2.1,2.7,0.26,0.2,0.25,10,8,10,4.8,8.1,6.0,0.48,0.81,0.58,18,30,22,2629047466,,,990,783,1001,775,979,790,0.08251,0.11579,-0.98984,-0.05191,0.11411,-0.99211,3.696,3.826,3.819,,,,Valid,Valid,228.1,147.7,550.5,297.3,151.9,559.6,273.9,212.1,268.0,216.3,0.5157,0.7247,0.5214,0.7176,0.5101,0.7318,Screen Recording,Screen Recording Recording54.mp4,1920,1080,0,0,960,540,Saccade,84,1579,,,,,,,,,,,,,,,
496516401,512572376308,Eye Tracker,LipReading_BJ,10/21/2025,ZJ,Recording54,10/18/2025,10/18/2025,21:15:16.594,13:15:16.594,535262,Timeline1,Tobii I-VT (Fixation),1.241.54219,1080,1920,10.0,2.8,2.1,2.7,0.26,0.2,0.25,10,8,10,4.8,8.1,6.0,0.48,0.81,0.58,18,30,22,2629051467,,,967,774,,,967,774,,,,-0.05804,0.10625,-0.99264,,3.834,3.844,,,,Invalid,Valid,,,,297.3,151.9,559.6,,,264.6,211.8,0.5035,0.7167,,,0.5035,0.7167,Screen Recording,Screen Recording Recording54.mp4,1920,1080,0,0,960,540,Saccade,84,1579,,,,,,,,,,,,,,,
496517220,512572377127,Mouse,LipReading_BJ,10/21/2025,ZJ,Recording54,10/18/2025,10/18/2025,21:15:16.594,13:15:16.594,535262,Timeline1,Tobii I-VT (Fixation),1.241.54219,1080,1920,10.0,2.8,2.1,2.7,0.26,0.2,0.25,10,8,10,4.8,8.1,6.0,0.48,0.81,0.58,18,30,22,,,,,,,,,,,,,,,,,,,,,,,,,,,,,,,,,,,,,,,,Screen Recording,Screen Recording Recording54.mp4,1920,1080,0,0,960,540,Saccade,84,1579,,,,,,,,,,,,,,995,958
496520400,512572380307,Eye Tracker,LipReading_BJ,10/21/2025,ZJ,Recording54,10/18/2025,10/18/2025,21:15:16.594,13:15:16.594,535262,Timeline1,Tobii I-VT (Fixation),1.241.54219,1080,1920,10.0,2.8,2.1,2.7,0.26,0.2,0.25,10,8,10,4.8,8.1,6.0,0.48,0.81,0.58,18,30,22,2629055466,,,965,766,,,965,766,,,,-0.059,0.10211,-0.99302,,3.824,3.859,,,,Invalid,Valid,,,,297.3,152.0,559.5,,,264.0,209.5,0.5025,0.7089,,,0.5025,0.7089,Screen Recording,Screen Recording Recording54.mp4,1920,1080,0,0,960,540,Saccade,84,1579,,,,,,,,,,,,,,,
496524401,512572384308,Eye Tracker,LipReading_BJ,10/21/2025,ZJ,Recording54,10/18/2025,10/18/2025,21:15:16.594,13:15:16.594,535262,Timeline1,Tobii I-VT (Fixation),1.241.54219,1080,1920,10.0,2.8,2.1,2.7,0.26,0.2,0.25,10,8,10,4.8,8.1,6.0,0.48,0.81,0.58,18,30,22,2629059467,,,957,741,965,725,949,756,0.06511,0.09176,-0.99365,-0.0668,0.09745,-0.993,3.976,3.851,3.914,,,,Valid,Valid,228.0,147.6,550.9,297.3,152.0,559.5,264.1,198.4,259.7,206.9,0.4984,0.6857,0.5026,0.6714,0.4942,0.7,Screen Recording,Screen Recording Recording54.mp4,1920,1080,0,0,960,540,Saccade,84,1579,,,,,,,,,,,,,,,
496527504,512572387411,Mouse,LipReading_BJ,10/21/2025,ZJ,Recording54,10/18/2025,10/18/2025,21:15:16.594,13:15:16.594,535262,Timeline1,Tobii I-VT (Fixation),1.241.54219,1080,1920,10.0,2.8,2.1,2.7,0.26,0.2,0.25,10,8,10,4.8,8.1,6.0,0.48,0.81,0.58,18,30,22,,,,,,,,,,,,,,,,,,,,,,,,,,,,,,,,,,,,,,,,Screen Recording,Screen Recording Recording54.mp4,1920,1080,0,0,960,540,Saccade,84,1579,,,,,,,,,,,,,,996,957
496528400,512572388307,Eye Tracker,LipReading_BJ,10/21/2025,ZJ,Recording54,10/18/2025,10/18/2025,21:15:16.594,13:15:16.594,535262,Timeline1,Tobii I-VT (Fixation),1.241.54219,1080,1920,10.0,2.8,2.1,2.7,0.26,0.2,0.25,10,8,10,4.8,8.1,6.0,0.48,0.81,0.58,18,30,22,2629063466,,,959,738,,,959,738,,,,-0.06176,0.08866,-0.99415,,3.878,3.935,,,,Invalid,Valid,,,,297.3,152.0,559.5,,,262.5,201.9,0.4997,0.683,,,0.4997,0.683,Screen Recording,Screen Recording Recording54.mp4,1920,1080,0,0,960,540,Saccade,84,1579,,,,,,,,,,,,,,,
496532401,512572392308,Eye Tracker,LipReading_BJ,10/21/2025,ZJ,Recording54,10/18/2025,10/18/2025,21:15:16.594,13:15:16.594,535262,Timeline1,Tobii I-VT (Fixation),1.241.54219,1080,1920,10.0,2.8,2.1,2.7,0.26,0.2,0.25,10,8,10,4.8,8.1,6.0,0.48,0.81,0.58,18,30,22,2629067467,,,967,723,969,705,966,740,0.06695,0.08187,-0.99439,-0.05873,0.08994,-0.99421,4.005,3.89,3.941,,,,Valid,Valid,228.0,147.6,550.7,297.3,151.9,559.6,265.1,193.0,264.3,202.6,0.5037,0.6692,0.5046,0.6529,0.5029,0.6854,Screen Recording,Screen Recording Recording54.mp4,1920,1080,0,0,960,540,Saccade,84,1579,,,,,,,,,,,,,,,
496536400,512572396307,Eye Tracker,LipReading_BJ,10/21/2025,ZJ,Recording54,10/18/2025,10/18/2025,21:15:16.594,13:15:16.594,535262,Timeline1,Tobii I-VT (Fixation),1.241.54219,1080,1920,10.0,2.8,2.1,2.7,0.26,0.2,0.25,10,8,10,4.8,8.1,6.0,0.48,0.81,0.58,18,30,22,2629071466,,,959,725,951,711,966,739,0.05814,0.0846,-0.99472,-0.05842,0.08949,-0.99427,3.992,3.892,3.949,,,,Valid,Valid,228.1,147.7,550.5,297.3,152.0,559.6,260.2,194.5,264.4,202.3,0.4993,0.6713,0.4953,0.6581,0.5032,0.6845,Screen Recording,Screen Recording Recording54.mp4,1920,1080,0,0,960,540,Saccade,84,1579,,,,,,,,,,,,,,,
496540401,512572400308,Eye Tracker,LipReading_BJ,10/21/2025,ZJ,Recording54,10/18/2025,10/18/2025,21:15:16.594,13:15:16.594,535262,Timeline1,Tobii I-VT (Fixation),1.241.54219,1080,1920,10.0,2.8,2.1,2.7,0.26,0.2,0.25,10,8,10,4.8,8.1,6.0,0.48,0.81,0.58,18,30,22,2629075467,,,971,718,962,700,981,736,0.06369,0.07944,-0.9948,-0.05139,0.08778,-0.99481,4.012,3.904,3.957,,,,Valid,Valid,228.1,147.7,550.4,297.3,152.0,559.4,263.3,191.7,268.4,201.4,0.5059,0.6649,0.5011,0.6485,0.5108,0.6814,Screen Recording,Screen Recording Recording54.mp4,1920,1080,0,0,960,540,Saccade,84,1579,,,,,,,,,,,,,,,
496542317,512572402224,Mouse,LipReading_BJ,10/21/2025,ZJ,Recording54,10/18/2025,10/18/2025,21:15:16.594,13:15:16.594,535262,Timeline1,Tobii I-VT (Fixation),1.241.54219,1080,1920,10.0,2.8,2.1,2.7,0.26,0.2,0.25,10,8,10,4.8,8.1,6.0,0.48,0.81,0.58,18,30,22,,,,,,,,,,,,,,,,,,,,,,,,,,,,,,,,,,,,,,,,Screen Recording,Screen Recording Recording54.mp4,1920,1080,0,0,960,540,Saccade,84,1579,,,,,,,,,,,,,,999,956
496544401,512572404308,Eye Tracker,LipReading_BJ,10/21/2025,ZJ,Recording54,10/18/2025,10/18/2025,21:15:16.594,13:15:16.594,535262,Timeline1,Tobii I-VT (Fixation),1.241.54219,1080,1920,10.0,2.8,2.1,2.7,0.26,0.2,0.25,10,8,10,4.8,8.1,6.0,0.48,0.81,0.58,18,30,22,2629079467,,,964,705,966,688,962,721,0.06549,0.07337,-0.99515,-0.06056,0.08061,-0.9949,4.031,3.917,3.96,,,,Valid,Valid,228.0,147.7,550.5,297.3,152.0,559.5,264.3,188.3,263.2,197.3,0.502,0.6523,0.5029,0.6371,0.501,0.6676,Screen Recording,Screen Recording Recording54.mp4,1920,1080,0,0,960,540,Saccade,84,1579,,,,,,,,,,,,,,,
496548400,512572408307,Eye Tracker,LipReading_BJ,10/21/2025,ZJ,Recording54,10/18/2025,10/18/2025,21:15:16.594,13:15:16.594,535262,Timeline1,Tobii I-VT (Fixation),1.241.54219,1080,1920,10.0,2.8,2.1,2.7,0.26,0.2,0.25,10,8,10,4.8,8.1,6.0,0.48,0.81,0.58,18,30,22,2629083466,,,965,699,969,687,961,712,0.06726,0.07277,-0.99508,-0.061,0.07613,-0.99523,4.036,3.903,3.969,,,,Valid,Valid,228.0,147.7,550.7,297.3,152.0,559.5,265.2,187.9,263.0,194.8,0.5027,0.6475,0.5048,0.6358,0.5005,0.6591,Screen Recording,Screen Recording Recording54.mp4,1920,1080,0,0,960,540,Saccade,84,1579,,,,,,,,,,,,,,,
496552401,512572412308,Eye Tracker,LipReading_BJ,10/21/2025,ZJ,Recording54,10/18/2025,10/18/2025,21:15:16.594,13:15:16.594,535262,Timeline1,Tobii I-VT (Fixation),1.241.54219,1080,1920,10.0,2.8,2.1,2.7,0.26,0.2,0.25,10,8,10,4.8,8.1,6.0,0.48,0.81,0.58,18,30,22,2629087467,,,965,694,978,680,951,708,0.07163,0.06942,-0.99501,-0.06567,0.07445,-0.99506,4.016,3.909,3.973,,,,Valid,Valid,228.0,147.7,550.7,297.3,152.0,559.4,267.7,186.1,260.4,193.9,0.5025,0.6428,0.5094,0.6296,0.4955,0.656,Screen Recording,Screen Recording Recording54.mp4,1920,1080,0,0,960,540,Saccade,84,1579,,,,,,,,,,,,,,,
496554592,512572414499,Mouse,LipReading_BJ,10/21/2025,ZJ,Recording54,10/18/2025,10/18/2025,21:15:16.594,13:15:16.594,535262,Timeline1,Tobii I-VT (Fixation),1.241.54219,1080,1920,10.0,2.8,2.1,2.7,0.26,0.2,0.25,10,8,10,4.8,8.1,6.0,0.48,0.81,0.58,18,30,22,,,,,,,,,,,,,,,,,,,,,,,,,,,,,,,,,,,,,,,,Screen Recording,Screen Recording Recording54.mp4,1920,1080,0,0,960,540,Saccade,84,1579,,,,,,,,,,,,,,1000,955
496556401,512572416308,Eye Tracker,LipReading_BJ,10/21/2025,ZJ,Recording54,10/18/2025,10/18/2025,21:15:16.594,13:15:16.594,535262,Timeline1,Tobii I-VT (Fixation),1.241.54219,1080,1920,10.0,2.8,2.1,2.7,0.26,0.2,0.25,10,8,10,4.8,8.1,6.0,0.48,0.81,0.58,18,30,22,2629091467,,,956,700,,,956,700,,,,-0.06357,0.0705,-0.99548,,3.916,3.973,,,,Invalid,Valid,,,,297.3,152.1,559.3,,,261.6,191.7,0.4978,0.6485,,,0.4978,0.6485,Screen Recording,Screen Recording Recording54.mp4,1920,1080,0,0,960,540,Saccade,84,1579,,,,,,,,,,,,,,,
496560400,512572420307,Eye Tracker,LipReading_BJ,10/21/2025,ZJ,Recording54,10/18/2025,10/18/2025,21:15:16.594,13:15:16.594,535262,Timeline1,Tobii I-VT (Fixation),1.241.54219,1080,1920,10.0,2.8,2.1,2.7,0.26,0.2,0.25,10,8,10,4.8,8.1,6.0,0.48,0.81,0.58,18,30,22,2629095466,,,970,680,986,662,955,698,0.07566,0.06032,-0.99531,-0.06411,0.0696,-0.99551,4.042,3.937,3.979,,,,Valid,Valid,228.0,147.7,550.6,297.3,152.0,559.4,269.9,181.1,261.2,191.1,0.5054,0.6297,0.5136,0.6126,0.4972,0.6467,Screen Recording,Screen Recording Recording54.mp4,1920,1080,0,0,960,540,Fixation,160,1163,966,677,0.5032,0.6266,,,,,,,,,,,
496564400,512572424307,Eye Tracker,LipReading_BJ,10/21/2025,ZJ,Recording54,10/18/2025,10/18/2025,21:15:16.594,13:15:16.594,535262,Timeline1,Tobii I-VT (Fixation),1.241.54219,1080,1920,10.0,2.8,2.1,2.7,0.26,0.2,0.25,10,8,10,4.8,8.1,6.0,0.48,0.81,0.58,18,30,22,2629099466,,,959,685,966,662,952,709,0.06569,0.06046,-0.99601,-0.06522,0.07466,-0.99507,4.065,3.881,3.991,,,,Valid,Valid,228.0,147.7,550.5,297.3,152.0,559.3,264.3,181.1,260.6,194.0,0.4995,0.6346,0.5031,0.6128,0.496,0.6564,Screen Recording,Screen Recording Recording54.mp4,1920,1080,0,0,960,540,Fixation,160,1163,966,677,0.5032,0.6266,,,,,,,,,,,
496567615,512572427522,Mouse,LipReading_BJ,10/21/2025,ZJ,Recording54,10/18/2025,10/18/2025,21:15:16.594,13:15:16.594,535262,Timeline1,Tobii I-VT (Fixation),1.241.54219,1080,1920,10.0,2.8,2.1,2.7,0.26,0.2,0.25,10,8,10,4.8,8.1,6.0,0.48,0.81,0.58,18,30,22,,,,,,,,,,,,,,,,,,,,,,,,,,,,,,,,,,,,,,,,Screen Recording,Screen Recording Recording54.mp4,1920,1080,0,0,960,540,Fixation,160,1163,966,677,0.5032,0.6266,,,,,,,,,,1001,953
496568401,512572428308,Eye Tracker,LipReading_BJ,10/21/2025,ZJ,Recording54,10/18/2025,10/18/2025,21:15:16.594,13:15:16.594,535262,Timeline1,Tobii I-VT (Fixation),1.241.54219,1080,1920,10.0,2.8,2.1,2.7,0.26,0.2,0.25,10,8,10,4.8,8.1,6.0,0.48,0.81,0.58,18,30,22,2629103467,,,971,683,981,665,961,701,0.07328,0.06191,-0.99539,-0.0608,0.07088,-0.99563,4.048,3.934,3.998,,,,Valid,Valid,228.0,147.7,550.5,297.3,152.0,559.3,268.6,182.0,263.1,191.9,0.5059,0.6324,0.5111,0.6156,0.5007,0.6492,Screen Recording,Screen Recording Recording54.mp4,1920,1080,0,0,960,540,Fixation,160,1163,966,677,0.5032,0.6266,,,,,,,,,,,
496572400,512572432307,Eye Tracker,LipReading_BJ,10/21/2025,ZJ,Recording54,10/18/2025,10/18/2025,21:15:16.594,13:15:16.594,535262,Timeline1,Tobii I-VT (Fixation),1.241.54219,1080,1920,10.0,2.8,2.1,2.7,0.26,0.2,0.25,10,8,10,4.8,8.1,6.0,0.48,0.81,0.58,18,30,22,2629107466,,,967,677,977,665,956,690,0.07124,0.06206,-0.99553,-0.06343,0.06526,-0.99585,4.059,3.941,4.0,,,,Valid,Valid,228.0,147.7,550.6,297.3,152.1,559.2,267.4,182.0,261.6,188.7,0.5034,0.6272,0.509,0.6158,0.4979,0.6385,Screen Recording,Screen Recording Recording54.mp4,1920,1080,0,0,960,540,Fixation,160,1163,966,677,0.5032,0.6266,,,,,,,,,,,
496576400,512572436307,Eye Tracker,LipReading_BJ,10/21/2025,ZJ,Recording54,10/18/2025,10/18/2025,21:15:16.594,13:15:16.594,535262,Timeline1,Tobii I-VT (Fixation),1.241.54219,1080,1920,10.0,2.8,2.1,2.7,0.26,0.2,0.25,10,8,10,4.8,8.1,6.0,0.48,0.81,0.58,18,30,22,2629111466,,,964,680,962,668,965,693,0.06398,0.06331,-0.99594,-0.05886,0.06692,-0.99602,4.078,3.957,4.008,,,,Valid,Valid,228.0,147.7,550.6,297.3,152.1,559.3,263.4,182.7,264.2,189.6,0.5021,0.6298,0.5013,0.6181,0.5028,0.6416,Screen Recording,Screen Recording Recording54.mp4,1920,1080,0,0,960,540,Fixation,160,1163,966,677,0.5032,0.6266,,,,,,,,,,,
496580401,512572440308,Eye Tracker,LipReading_BJ,10/21/2025,ZJ,Recording54,10/18/2025,10/18/2025,21:15:16.594,13:15:16.594,535262,Timeline1,Tobii I-VT (Fixation),1.241.54219,1080,1920,10.0,2.8,2.1,2.7,0.26,0.2,0.25,10,8,10,4.8,8.1,6.0,0.48,0.81,0.58,18,30,22,2629115467,,,959,674,962,667,955,681,0.0639,0.06309,-0.99596,-0.06409,0.06132,-0.99606,4.043,3.959,4.008,,,,Valid,Valid,228.0,147.7,550.6,297.3,152.1,559.3,263.4,182.6,261.3,186.5,0.4992,0.6243,0.5012,0.6177,0.4972,0.631,Screen Recording,Screen Recording Recording54.mp4,1920,1080,0,0,960,540,Fixation,160,1163,966,677,0.5032,0.6266,,,,,,,,,,,
496581316,512572441223,Mouse,LipReading_BJ,10/21/2025,ZJ,Recording54,10/18/2025,10/18/2025,21:15:16.594,13:15:16.594,535262,Timeline1,Tobii I-VT (Fixation),1.241.54219,1080,1920,10.0,2.8,2.1,2.7,0.26,0.2,0.25,10,8,10,4.8,8.1,6.0,0.48,0.81,0.58,18,30,22,,,,,,,,,,,,,,,,,,,,,,,,,,,,,,,,,,,,,,,,Screen Recording,Screen Recording Recording54.mp4,1920,1080,0,0,960,540,Fixation,160,1163,966,677,0.5032,0.6266,,,,,,,,,,1003,953
496584401,512572444308,Eye Tracker,LipReading_BJ,10/21/2025,ZJ,Recording54,10/18/2025,10/18/2025,21:15:16.594,13:15:16.594,535262,Timeline1,Tobii I-VT (Fixation),1.241.54219,1080,1920,10.0,2.8,2.1,2.7,0.26,0.2,0.25,10,8,10,4.8,8.1,6.0,0.48,0.81,0.58,18,30,22,2629119467,,,957,678,964,663,950,694,0.06473,0.06093,-0.99604,-0.06613,0.06737,-0.99553,4.066,3.957,4.012,,,,Valid,Valid,228.0,147.7,550.6,297.3,152.1,559.3,263.8,181.4,260.1,189.9,0.4986,0.6281,0.5021,0.6136,0.495,0.6425,Screen Recording,Screen Recording Recording54.mp4,1920,1080,0,0,960,540,Fixation,160,1163,966,677,0.5032,0.6266,,,,,,,,,,,
496588400,512572448307,Eye Tracker,LipReading_BJ,10/21/2025,ZJ,Recording54,10/18/2025,10/18/2025,21:15:16.594,13:15:16.594,535262,Timeline1,Tobii I-VT (Fixation),1.241.54219,1080,1920,10.0,2.8,2.1,2.7,0.26,0.2,0.25,10,8,10,4.8,8.1,6.0,0.48,0.81,0.58,18,30,22,2629123466,,,969,682,975,663,963,701,0.07023,0.06092,-0.99567,-0.06026,0.07087,-0.99566,4.051,3.916,4.01,,,,Valid,Valid,228.0,147.7,550.6,297.3,152.1,559.3,266.9,181.4,263.4,191.9,0.5046,0.6314,0.5079,0.6136,0.5013,0.6492,Screen Recording,Screen Recording Recording54.mp4,1920,1080,0,0,960,540,Fixation,160,1163,966,677,0.5032,0.6266,,,,,,,,,,,
496591461,512572451368,Mouse,LipReading_BJ,10/21/2025,ZJ,Recording54,10/18/2025,10/18/2025,21:15:16.594,13:15:16.594,535262,Timeline1,Tobii I-VT (Fixation),1.241.54219,1080,1920,10.0,2.8,2.1,2.7,0.26,0.2,0.25,10,8,10,4.8,8.1,6.0,0.48,0.81,0.58,18,30,22,,,,,,,,,,,,,,,,,,,,,,,,,,,,,,,,,,,,,,,,Screen Recording,Screen Recording Recording54.mp4,1920,1080,0,0,960,540,Fixation,160,1163,966,677,0.5032,0.6266,,,,,,,,,,1003,952
496592400,512572452307,Eye Tracker,LipReading_BJ,10/21/2025,ZJ,Recording54,10/18/2025,10/18/2025,21:15:16.594,13:15:16.594,535262,Timeline1,Tobii I-VT (Fixation),1.241.54219,1080,1920,10.0,2.8,2.1,2.7,0.26,0.2,0.25,10,8,10,4.8,8.1,6.0,0.48,0.81,0.58,18,30,22,2629127467,,,965,687,968,674,963,700,0.0667,0.06641,-0.99556,-0.06011,0.07051,-0.9957,4.084,3.949,4.008,,,,Valid,Valid,228.0,147.7,550.6,297.3,152.1,559.2,264.9,184.4,263.5,191.7,0.5028,0.6362,0.5042,0.6239,0.5015,0.6485,Screen Recording,Screen Recording Recording54.mp4,1920,1080,0,0,960,540,Fixation,160,1163,966,677,0.5032,0.6266,,,,,,,,,,,
496596400,512572456307,Eye Tracker,LipReading_BJ,10/21/2025,ZJ,Recording54,10/18/2025,10/18/2025,21:15:16.594,13:15:16.594,535262,Timeline1,Tobii I-VT (Fixation),1.241.54219,1080,1920,10.0,2.8,2.1,2.7,0.26,0.2,0.25,10,8,10,4.8,8.1,6.0,0.48,0.81,0.58,18,30,22,2629131467,,,981,659,974,662,987,655,0.06982,0.06057,-0.99572,-0.04836,0.04871,-0.99764,4.065,3.954,4.011,,,,Valid,Valid,228.0,147.7,550.6,297.3,152.0,559.3,266.6,181.2,270.1,179.4,0.5108,0.6099,0.5075,0.6129,0.5141,0.6068,Screen Recording,Screen Recording Recording54.mp4,1920,1080,0,0,960,540,Fixation,160,1163,966,677,0.5032,0.6266,,,,,,,,,,,
496600399,512572460306,Eye Tracker,LipReading_BJ,10/21/2025,ZJ,Recording54,10/18/2025,10/18/2025,21:15:16.594,13:15:16.594,535262,Timeline1,Tobii I-VT (Fixation),1.241.54219,1080,1920,10.0,2.8,2.1,2.7,0.26,0.2,0.25,10,8,10,4.8,8.1,6.0,0.48,0.81,0.58,18,30,22,2629135466,,,973,674,974,662,973,686,0.0696,0.06085,-0.99572,-0.05541,0.06381,-0.99642,4.073,3.951,4.011,,,,Valid,Valid,228.0,147.6,550.7,297.3,152.0,559.3,266.5,181.3,266.2,187.9,0.5069,0.6245,0.5072,0.6134,0.5065,0.6356,Screen Recording,Screen Recording Recording54.mp4,1920,1080,0,0,960,540,Fixation,160,1163,966,677,0.5032,0.6266,,,,,,,,,,,
496604399,512572464306,Eye Tracker,LipReading_BJ,10/21/2025,ZJ,Recording54,10/18/2025,10/18/2025,21:15:16.594,13:15:16.594,535262,Timeline1,Tobii I-VT (Fixation),1.241.54219,1080,1920,10.0,2.8,2.1,2.7,0.26,0.2,0.25,10,8,10,4.8,8.1,6.0,0.48,0.81,0.58,18,30,22,2629139466,,,964,674,957,656,970,692,0.06121,0.05752,-0.99647,-0.05641,0.06664,-0.99618,4.074,3.946,4.009,,,,Valid,Valid,228.0,147.6,550.6,297.2,152.0,559.3,261.9,179.4,265.6,189.5,0.5019,0.624,0.4984,0.6071,0.5054,0.641,Screen Recording,Screen Recording Recording54.mp4,1920,1080,0,0,960,540,Fixation,160,1163,966,677,0.5032,0.6266,,,,,,,,,,,
496608400,512572468307,Eye Tracker,LipReading_BJ,10/21/2025,ZJ,Recording54,10/18/2025,10/18/2025,21:15:16.594,13:15:16.594,535262,Timeline1,Tobii I-VT (Fixation),1.241.54219,1080,1920,10.0,2.8,2.1,2.7,0.26,0.2,0.25,10,8,10,4.8,8.1,6.0,0.48,0.81,0.58,18,30,22,2629143467,,,966,686,959,647,973,725,0.06221,0.0533,-0.99664,-0.05486,0.0827,-0.99506,4.09,3.836,4.0,,,,Valid,Valid,228.0,147.6,550.6,297.3,152.0,559.3,262.4,177.1,266.4,198.5,0.5032,0.6354,0.4994,0.5992,0.507,0.6717,Screen Recording,Screen Recording Recording54.mp4,1920,1080,0,0,960,540,Fixation,160,1163,966,677,0.5032,0.6266,,,,,,,,,,,
496609499,512572469406,Mouse,LipReading_BJ,10/21/2025,ZJ,Recording54,10/18/2025,10/18/2025,21:15:16.594,13:15:16.594,535262,Timeline1,Tobii I-VT (Fixation),1.241.54219,1080,1920,10.0,2.8,2.1,2.7,0.26,0.2,0.25,10,8,10,4.8,8.1,6.0,0.48,0.81,0.58,18,30,22,,,,,,,,,,,,,,,,,,,,,,,,,,,,,,,,,,,,,,,,Screen Recording,Screen Recording Recording54.mp4,1920,1080,0,0,960,540,Fixation,160,1163,966,677,0.5032,0.6266,,,,,,,,,,1004,952
496612399,512572472306,Eye Tracker,LipReading_BJ,10/21/2025,ZJ,Recording54,10/18/2025,10/18/2025,21:15:16.594,13:15:16.594,535262,Timeline1,Tobii I-VT (Fixation),1.241.54219,1080,1920,10.0,2.8,2.1,2.7,0.26,0.2,0.25,10,8,10,4.8,8.1,6.0,0.48,0.81,0.58,18,30,22,2629147466,,,971,673,970,655,971,692,0.06784,0.05702,-0.99607,-0.05616,0.06663,-0.9962,4.021,3.927,4.0,,,,Valid,Valid,228.0,147.6,550.7,297.2,152.0,559.3,265.5,179.1,265.7,189.4,0.5055,0.6235,0.5054,0.6061,0.5057,0.6409,Screen Recording,Screen Recording Recording54.mp4,1920,1080,0,0,960,540,Fixation,160,1163,966,677,0.5032,0.6266,,,,,,,,,,,
496616399,512572476306,Eye Tracker,LipReading_BJ,10/21/2025,ZJ,Recording54,10/18/2025,10/18/2025,21:15:16.594,13:15:16.594,535262,Timeline1,Tobii I-VT (Fixation),1.241.54219,1080,1920,10.0,2.8,2.1,2.7,0.26,0.2,0.25,10,8,10,4.8,8.1,6.0,0.48,0.81,0.58,18,30,22,2629151466,,,964,665,962,645,965,686,0.06377,0.05225,-0.9966,-0.05886,0.06371,-0.99623,4.075,3.926,3.997,,,,Valid,Valid,228.0,147.6,550.8,297.3,152.0,559.4,263.3,176.5,264.2,187.8,0.5019,0.6162,0.501,0.5971,0.5028,0.6353,Screen Recording,Screen Recording Recording54.mp4,1920,1080,0,0,960,540,Fixation,160,1163,966,677,0.5032,0.6266,,,,,,,,,,,
496620400,512572480307,Eye Tracker,LipReading_BJ,10/21/2025,ZJ,Recording54,10/18/2025,10/18/2025,21:15:16.594,13:15:16.594,535262,Timeline1,Tobii I-VT (Fixation),1.241.54219,1080,1920,10.0,2.8,2.1,2.7,0.26,0.2,0.25,10,8,10,4.8,8.1,6.0,0.48,0.81,0.58,18,30,22,2629155467,,,970,678,974,655,966,700,0.06984,0.05721,-0.99592,-0.05872,0.07061,-0.99577,4.068,3.928,3.997,,,,Valid,Valid,228.0,147.6,550.7,297.3,152.0,559.3,266.7,179.2,264.3,191.7,0.5052,0.6274,0.5075,0.6064,0.503,0.6485,Screen Recording,Screen Recording Recording54.mp4,1920,1080,0,0,960,540,Fixation,160,1163,966,677,0.5032,0.6266,,,,,,,,,,,
496624400,512572484307,Eye Tracker,LipReading_BJ,10/21/2025,ZJ,Recording54,10/18/2025,10/18/2025,21:15:16.594,13:15:16.594,535262,Timeline1,Tobii I-VT (Fixation),1.241.54219,1080,1920,10.0,2.8,2.1,2.7,0.26,0.2,0.25,10,8,10,4.8,8.1,6.0,0.48,0.81,0.58,18,30,22,2629159467,,,966,663,977,649,956,678,0.07105,0.05418,-0.996,-0.06351,0.05953,-0.9962,4.06,3.912,3.997,,,,Valid,Valid,228.0,147.6,550.7,297.3,152.0,559.3,267.3,177.5,261.6,185.4,0.5033,0.614,0.5087,0.6007,0.4979,0.6273,Screen Recording,Screen Recording Recording54.mp4,1920,1080,0,0,960,540,Fixation,160,1163,966,677,0.5032,0.6266,,,,,,,,,,,
496626414,512572486321,Mouse,LipReading_BJ,10/21/2025,ZJ,Recording54,10/18/2025,10/18/2025,21:15:16.594,13:15:16.594,535262,Timeline1,Tobii I-VT (Fixation),1.241.54219,1080,1920,10.0,2.8,2.1,2.7,0.26,0.2,0.25,10,8,10,4.8,8.1,6.0,0.48,0.81,0.58,18,30,22,,,,,,,,,,,,,,,,,,,,,,,,,,,,,,,,,,,,,,,,Screen Recording,Screen Recording Recording54.mp4,1920,1080,0,0,960,540,Fixation,160,1163,966,677,0.5032,0.6266,,,,,,,,,,1006,951
496628399,512572488306,Eye Tracker,LipReading_BJ,10/21/2025,ZJ,Recording54,10/18/2025,10/18/2025,21:15:16.594,13:15:16.594,535262,Timeline1,Tobii I-VT (Fixation),1.241.54219,1080,1920,10.0,2.8,2.1,2.7,0.26,0.2,0.25,10,8,10,4.8,8.1,6.0,0.48,0.81,0.58,18,30,22,2629163466,,,966,674,968,656,963,691,0.06685,0.05797,-0.99608,-0.05987,0.06617,-0.99601,4.074,3.926,3.997,,,,Valid,Valid,228.0,147.6,550.7,297.3,152.0,559.3,265.0,179.7,263.6,189.2,0.503,0.6239,0.5043,0.6078,0.5017,0.64,Screen Recording,Screen Recording Recording54.mp4,1920,1080,0,0,960,540,Fixation,160,1163,966,677,0.5032,0.6266,,,,,,,,,,,
496632400,512572492307,Eye Tracker,LipReading_BJ,10/21/2025,ZJ,Recording54,10/18/2025,10/18/2025,21:15:16.594,13:15:16.594,535262,Timeline1,Tobii I-VT (Fixation),1.241.54219,1080,1920,10.0,2.8,2.1,2.7,0.26,0.2,0.25,10,8,10,4.8,8.1,6.0,0.48,0.81,0.58,18,30,22,2629167467,,,967,682,966,660,968,705,0.06553,0.05976,-0.99606,-0.05781,0.07277,-0.99567,4.066,3.905,3.993,,,,Valid,Valid,228.0,147.6,550.7,297.3,152.0,559.3,264.3,180.6,264.8,192.9,0.5034,0.6318,0.5029,0.6111,0.5039,0.6525,Screen Recording,Screen Recording Recording54.mp4,1920,1080,0,0,960,540,Fixation,160,1163,966,677,0.5032,0.6266,,,,,,,,,,,
496636400,512572496307,Eye Tracker,LipReading_BJ,10/21/2025,ZJ,Recording54,10/18/2025,10/18/2025,21:15:16.594,13:15:16.594,535262,Timeline1,Tobii I-VT (Fixation),1.241.54219,1080,1920,10.0,2.8,2.1,2.7,0.26,0.2,0.25,10,8,10,4.8,8.1,6.0,0.48,0.81,0.58,18,30,22,2629171467,,,966,662,964,652,968,672,0.06468,0.05558,-0.99636,-0.05745,0.05682,-0.99673,4.101,3.991,4.0,,,,Valid,Valid,228.0,147.6,550.6,297.3,152.0,559.3,263.8,178.3,265.0,183.9,0.5032,0.6127,0.502,0.6033,0.5044,0.6221,Screen Recording,Screen Recording Recording54.mp4,1920,1080,0,0,960,540,Fixation,160,1163,966,677,0.5032,0.6266,,,,,,,,,,,
496637286,512572497193,Mouse,LipReading_BJ,10/21/2025,ZJ,Recording54,10/18/2025,10/18/2025,21:15:16.594,13:15:16.594,535262,Timeline1,Tobii I-VT (Fixation),1.241.54219,1080,1920,10.0,2.8,2.1,2.7,0.26,0.2,0.25,10,8,10,4.8,8.1,6.0,0.48,0.81,0.58,18,30,22,,,,,,,,,,,,,,,,,,,,,,,,,,,,,,,,,,,,,,,,Screen Recording,Screen Recording Recording54.mp4,1920,1080,0,0,960,540,Fixation,160,1163,966,677,0.5032,0.6266,,,,,,,,,,1006,950
496640399,512572500306,Eye Tracker,LipReading_BJ,10/21/2025,ZJ,Recording54,10/18/2025,10/18/2025,21:15:16.594,13:15:16.594,535262,Timeline1,Tobii I-VT (Fixation),1.241.54219,1080,1920,10.0,2.8,2.1,2.7,0.26,0.2,0.25,10,8,10,4.8,8.1,6.0,0.48,0.81,0.58,18,30,22,2629175466,,,966,686,963,657,969,716,0.06399,0.0583,-0.99625,-0.05685,0.07816,-0.99532,4.08,3.902,3.985,,,,Valid,Valid,228.0,147.6,550.6,297.3,152.0,559.3,263.4,179.8,265.3,195.9,0.5031,0.6356,0.5013,0.6084,0.5049,0.6628,Screen Recording,Screen Recording Recording54.mp4,1920,1080,0,0,960,540,Fixation,160,1163,966,677,0.5032,0.6266,,,,,,,,,,,
496644399,512572504306,Eye Tracker,LipReading_BJ,10/21/2025,ZJ,Recording54,10/18/2025,10/18/2025,21:15:16.594,13:15:16.594,535262,Timeline1,Tobii I-VT (Fixation),1.241.54219,1080,1920,10.0,2.8,2.1,2.7,0.26,0.2,0.25,10,8,10,4.8,8.1,6.0,0.48,0.81,0.58,18,30,22,2629179466,,,964,664,968,652,959,677,0.06665,0.05559,-0.99623,-0.0618,0.05923,-0.99633,4.063,3.949,3.989,,,,Valid,Valid,228.0,147.6,550.6,297.3,152.0,559.3,264.9,178.3,262.6,185.2,0.5019,0.615,0.5041,0.6034,0.4997,0.6267,Screen Recording,Screen Recording Recording54.mp4,1920,1080,0,0,960,540,Fixation,160,1163,966,677,0.5032,0.6266,,,,,,,,,,,
496648400,512572508307,Eye Tracker,LipReading_BJ,10/21/2025,ZJ,Recording54,10/18/2025,10/18/2025,21:15:16.594,13:15:16.594,535262,Timeline1,Tobii I-VT (Fixation),1.241.54219,1080,1920,10.0,2.8,2.1,2.7,0.26,0.2,0.25,10,8,10,4.8,8.1,6.0,0.48,0.81,0.58,18,30,22,2629183467,,,962,687,959,655,965,720,0.06203,0.05732,-0.99643,-0.05883,0.07994,-0.99506,4.066,3.886,3.989,,,,Valid,Valid,228.0,147.6,550.6,297.3,152.0,559.3,262.3,179.3,264.2,196.9,0.501,0.6364,0.4992,0.6066,0.5028,0.6662,Screen Recording,Screen Recording Recording54.mp4,1920,1080,0,0,960,540,Fixation,160,1163,966,677,0.5032,0.6266,,,,,,,,,,,
496650320,512572510227,Mouse,LipReading_BJ,10/21/2025,ZJ,Recording54,10/18/2025,10/18/2025,21:15:16.594,13:15:16.594,535262,Timeline1,Tobii I-VT (Fixation),1.241.54219,1080,1920,10.0,2.8,2.1,2.7,0.26,0.2,0.25,10,8,10,4.8,8.1,6.0,0.48,0.81,0.58,18,30,22,,,,,,,,,,,,,,,,,,,,,,,,,,,,,,,,,,,,,,,,Screen Recording,Screen Recording Recording54.mp4,1920,1080,0,0,960,540,Fixation,160,1163,966,677,0.5032,0.6266,,,,,,,,,,1007,949
496652399,512572512306,Eye Tracker,LipReading_BJ,10/21/2025,ZJ,Recording54,10/18/2025,10/18/2025,21:15:16.594,13:15:16.594,535262,Timeline1,Tobii I-VT (Fixation),1.241.54219,1080,1920,10.0,2.8,2.1,2.7,0.26,0.2,0.25,10,8,10,4.8,8.1,6.0,0.48,0.81,0.58,18,30,22,2629187466,,,964,674,973,651,956,698,0.06894,0.05531,-0.99609,-0.06345,0.06935,-0.99557,4.062,3.911,4.005,,,,Valid,Valid,228.0,147.6,550.7,297.3,152.0,559.3,266.2,178.2,261.6,190.9,0.5022,0.6244,0.5065,0.6028,0.4979,0.646,Screen Recording,Screen Recording Recording54.mp4,1920,1080,0,0,960,540,Fixation,160,1163,966,677,0.5032,0.6266,,,,,,,,,,,
496656399,512572516306,Eye Tracker,LipReading_BJ,10/21/2025,ZJ,Recording54,10/18/2025,10/18/2025,21:15:16.594,13:15:16.594,535262,Timeline1,Tobii I-VT (Fixation),1.241.54219,1080,1920,10.0,2.8,2.1,2.7,0.26,0.2,0.25,10,8,10,4.8,8.1,6.0,0.48,0.81,0.58,18,30,22,2629191466,,,969,671,969,648,968,694,0.06739,0.05368,-0.99628,-0.05744,0.06751,-0.99606,4.076,3.968,3.991,,,,Valid,Valid,228.0,147.6,550.6,297.3,152.0,559.3,265.3,177.3,265.0,189.9,0.5046,0.6211,0.5049,0.5998,0.5044,0.6425,Screen Recording,Screen Recording Recording54.mp4,1920,1080,0,0,960,540,Fixation,160,1163,966,677,0.5032,0.6266,,,,,,,,,,,
496660400,512572520307,Eye Tracker,LipReading_BJ,10/21/2025,ZJ,Recording54,10/18/2025,10/18/2025,21:15:16.594,13:15:16.594,535262,Timeline1,Tobii I-VT (Fixation),1.241.54219,1080,1920,10.0,2.8,2.1,2.7,0.26,0.2,0.25,10,8,10,4.8,8.1,6.0,0.48,0.81,0.58,18,30,22,2629195467,,,963,664,965,641,961,687,0.06507,0.05054,-0.9966,-0.06112,0.06421,-0.99606,4.101,3.945,4.001,,,,Valid,Valid,228.0,147.6,550.6,297.3,152.0,559.3,264.0,175.5,263.0,188.0,0.5014,0.615,0.5024,0.5939,0.5005,0.6362,Screen Recording,Screen Recording Recording54.mp4,1920,1080,0,0,960,540,Fixation,160,1163,966,677,0.5032,0.6266,,,,,,,,,,,
496664225,512572524132,Mouse,LipReading_BJ,10/21/2025,ZJ,Recording54,10/18/2025,10/18/2025,21:15:16.594,13:15:16.594,535262,Timeline1,Tobii I-VT (Fixation),1.241.54219,1080,1920,10.0,2.8,2.1,2.7,0.26,0.2,0.25,10,8,10,4.8,8.1,6.0,0.48,0.81,0.58,18,30,22,,,,,,,,,,,,,,,,,,,,,,,,,,,,,,,,,,,,,,,,Screen Recording,Screen Recording Recording54.mp4,1920,1080,0,0,960,540,Fixation,160,1163,966,677,0.5032,0.6266,,,,,,,,,,1008,948
496664400,512572524307,Eye Tracker,LipReading_BJ,10/21/2025,ZJ,Recording54,10/18/2025,10/18/2025,21:15:16.594,13:15:16.594,535262,Timeline1,Tobii I-VT (Fixation),1.241.54219,1080,1920,10.0,2.8,2.1,2.7,0.26,0.2,0.25,10,8,10,4.8,8.1,6.0,0.48,0.81,0.58,18,30,22,2629199467,,,958,674,960,657,957,691,0.06256,0.0581,-0.99635,-0.06319,0.06586,-0.99583,4.072,3.906,4.005,,,,Valid,Valid,228.0,147.6,550.6,297.3,152.0,559.2,262.6,179.7,261.8,189.0,0.499,0.6237,0.4998,0.608,0.4982,0.6394,Screen Recording,Screen Recording Recording54.mp4,1920,1080,0,0,960,540,Fixation,160,1163,966,677,0.5032,0.6266,,,,,,,,,,,
496668399,512572528306,Eye Tracker,LipReading_BJ,10/21/2025,ZJ,Recording54,10/18/2025,10/18/2025,21:15:16.594,13:15:16.594,535262,Timeline1,Tobii I-VT (Fixation),1.241.54219,1080,1920,10.0,2.8,2.1,2.7,0.26,0.2,0.25,10,8,10,4.8,8.1,6.0,0.48,0.81,0.58,18,30,22,2629203466,,,964,676,969,644,960,708,0.06723,0.05168,-0.9964,-0.06168,0.07413,-0.99534,4.084,3.926,4.005,,,,Valid,Valid,228.1,147.6,550.7,297.3,152.0,559.3,265.2,176.2,262.6,193.6,0.5023,0.6256,0.5047,0.596,0.4998,0.6551,Screen Recording,Screen Recording Recording54.mp4,1920,1080,0,0,960,540,Fixation,160,1163,966,677,0.5032,0.6266,,,,,,,,,,,
496672400,512572532307,Eye Tracker,LipReading_BJ,10/21/2025,ZJ,Recording54,10/18/2025,10/18/2025,21:15:16.594,13:15:16.594,535262,Timeline1,Tobii I-VT (Fixation),1.241.54219,1080,1920,10.0,2.8,2.1,2.7,0.26,0.2,0.25,10,8,10,4.8,8.1,6.0,0.48,0.81,0.58,18,30,22,2629207467,,,967,694,961,652,973,736,0.06325,0.05602,-0.99642,-0.05528,0.08814,-0.99457,4.085,3.847,4.002,,,,Valid,Valid,228.1,147.6,550.7,297.3,152.0,559.2,263.0,178.6,266.2,201.6,0.5036,0.643,0.5006,0.6041,0.5066,0.6819,Screen Recording,Screen Recording Recording54.mp4,1920,1080,0,0,960,540,Fixation,160,1163,966,677,0.5032,0.6266,,,,,,,,,,,
496676400,512572536307,Eye Tracker,LipReading_BJ,10/21/2025,ZJ,Recording54,10/18/2025,10/18/2025,21:15:16.594,13:15:16.594,535262,Timeline1,Tobii I-VT (Fixation),1.241.54219,1080,1920,10.0,2.8,2.1,2.7,0.26,0.2,0.25,10,8,10,4.8,8.1,6.0,0.48,0.81,0.58,18,30,22,2629211467,,,966,666,977,647,955,685,0.07108,0.05308,-0.99606,-0.06379,0.06325,-0.99596,4.073,3.956,4.002,,,,Valid,Valid,228.1,147.6,550.6,297.3,152.0,559.3,267.4,176.9,261.5,187.5,0.5032,0.6165,0.5088,0.5987,0.4976,0.6344,Screen Recording,Screen Recording Recording54.mp4,1920,1080,0,0,960,540,Fixation,160,1163,966,677,0.5032,0.6266,,,,,,,,,,,
496680399,512572540306,Eye Tracker,LipReading_BJ,10/21/2025,ZJ,Recording54,10/18/2025,10/18/2025,21:15:16.594,13:15:16.594,535262,Timeline1,Tobii I-VT (Fixation),1.241.54219,1080,1920,10.0,2.8,2.1,2.7,0.26,0.2,0.25,10,8,10,4.8,8.1,6.0,0.48,0.81,0.58,18,30,22,2629215466,,,962,669,959,645,966,692,0.06228,0.05236,-0.99668,-0.05873,0.06665,-0.99605,4.097,3.919,3.968,,,,Valid,Valid,228.1,147.6,550.6,297.3,152.0,559.3,262.5,176.5,264.3,189.4,0.5013,0.6191,0.4995,0.5972,0.5031,0.6409,Screen Recording,Screen Recording Recording54.mp4,1920,1080,0,0,960,540,Fixation,160,1163,966,677,0.5032,0.6266,,,,,,,,,,,
496684399,512572544306,Eye Tracker,LipReading_BJ,10/21/2025,ZJ,Recording54,10/18/2025,10/18/2025,21:15:16.594,13:15:16.594,535262,Timeline1,Tobii I-VT (Fixation),1.241.54219,1080,1920,10.0,2.8,2.1,2.7,0.26,0.2,0.25,10,8,10,4.8,8.1,6.0,0.48,0.81,0.58,18,30,22,2629219466,,,964,696,965,652,963,740,0.06527,0.05567,-0.99631,-0.05979,0.08983,-0.99416,4.06,3.861,3.968,,,,Valid,Valid,228.1,147.6,550.6,297.3,152.0,559.3,264.1,178.4,263.7,202.5,0.5023,0.6444,0.5027,0.6035,0.5018,0.6853,Screen Recording,Screen Recording Recording54.mp4,1920,1080,0,0,960,540,Fixation,160,1163,966,677,0.5032,0.6266,,,,,,,,,,,
496688400,512572548307,Eye Tracker,LipReading_BJ,10/21/2025,ZJ,Recording54,10/18/2025,10/18/2025,21:15:16.594,13:15:16.594,535262,Timeline1,Tobii I-VT (Fixation),1.241.54219,1080,1920,10.0,2.8,2.1,2.7,0.26,0.2,0.25,10,8,10,4.8,8.1,6.0,0.48,0.81,0.58,18,30,22,2629223467,,,970,692,966,639,974,746,0.06575,0.04919,-0.99662,-0.05455,0.09278,-0.99419,4.076,3.839,3.973,,,,Valid,Valid,228.1,147.6,550.7,297.3,152.0,559.3,264.4,174.8,266.6,204.2,0.5053,0.6411,0.5032,0.5913,0.5074,0.6909,Screen Recording,Screen Recording Recording54.mp4,1920,1080,0,0,960,540,Fixation,160,1163,966,677,0.5032,0.6266,,,,,,,,,,,
496692399,512572552306,Eye Tracker,LipReading_BJ,10/21/2025,ZJ,Recording54,10/18/2025,10/18/2025,21:15:16.594,13:15:16.594,535262,Timeline1,Tobii I-VT (Fixation),1.241.54219,1080,1920,10.0,2.8,2.1,2.7,0.26,0.2,0.25,10,8,10,4.8,8.1,6.0,0.48,0.81,0.58,18,30,22,2629227466,,,970,691,970,643,970,739,0.06755,0.05154,-0.99638,-0.05655,0.08908,-0.99442,4.112,3.847,3.973,,,,Valid,Valid,228.1,147.6,550.7,297.3,152.0,559.2,265.4,176.1,265.5,202.1,0.5052,0.6398,0.5051,0.5957,0.5053,0.6839,Screen Recording,Screen Recording Recording54.mp4,1920,1080,0,0,960,540,Fixation,160,1163,966,677,0.5032,0.6266,,,,,,,,,,,
496696399,512572556306,Eye Tracker,LipReading_BJ,10/21/2025,ZJ,Recording54,10/18/2025,10/18/2025,21:15:16.594,13:15:16.594,535262,Timeline1,Tobii I-VT (Fixation),1.241.54219,1080,1920,10.0,2.8,2.1,2.7,0.26,0.2,0.25,10,8,10,4.8,8.1,6.0,0.48,0.81,0.58,18,30,22,2629231466,,,965,681,967,645,963,717,0.06633,0.05235,-0.99642,-0.0601,0.07841,-0.99511,4.085,3.954,4.0,,,,Valid,Valid,228.1,147.6,550.6,297.3,152.0,559.2,264.7,176.5,263.6,196.1,0.5027,0.6304,0.5038,0.5972,0.5016,0.6635,Screen Recording,Screen Recording Recording54.mp4,1920,1080,0,0,960,540,Fixation,160,1163,966,677,0.5032,0.6266,,,,,,,,,,,
496700399,512572560306,Eye Tracker,LipReading_BJ,10/21/2025,ZJ,Recording54,10/18/2025,10/18/2025,21:15:16.594,13:15:16.594,535262,Timeline1,Tobii I-VT (Fixation),1.241.54219,1080,1920,10.0,2.8,2.1,2.7,0.26,0.2,0.25,10,8,10,4.8,8.1,6.0,0.48,0.81,0.58,18,30,22,2629235467,,,968,678,970,654,967,703,0.06745,0.05687,-0.9961,-0.05842,0.07159,-0.99572,4.092,3.912,4.0,,,,Valid,Valid,228.1,147.6,550.6,297.3,152.1,559.1,265.4,179.0,264.5,192.3,0.5042,0.6281,0.5051,0.6057,0.5034,0.6505,Screen Recording,Screen Recording Recording54.mp4,1920,1080,0,0,960,540,Fixation,160,1163,966,677,0.5032,0.6266,,,,,,,,,,,
496704399,512572564306,Eye Tracker,LipReading_BJ,10/21/2025,ZJ,Recording54,10/18/2025,10/18/2025,21:15:16.594,13:15:16.594,535262,Timeline1,Tobii I-VT (Fixation),1.241.54219,1080,1920,10.0,2.8,2.1,2.7,0.26,0.2,0.25,10,8,10,4.8,8.1,6.0,0.48,0.81,0.58,18,30,22,2629239467,,,971,672,980,651,961,693,0.07236,0.05526,-0.99585,-0.06099,0.06697,-0.99589,4.088,3.928,4.004,,,,Valid,Valid,228.1,147.6,550.6,297.3,152.0,559.2,268.1,178.1,263.1,189.6,0.5055,0.6222,0.5102,0.6027,0.5007,0.6417,Screen Recording,Screen Recording Recording54.mp4,1920,1080,0,0,960,540,Fixation,160,1163,966,677,0.5032,0.6266,,,,,,,,,,,
496708398,512572568305,Eye Tracker,LipReading_BJ,10/21/2025,ZJ,Recording54,10/18/2025,10/18/2025,21:15:16.594,13:15:16.594,535262,Timeline1,Tobii I-VT (Fixation),1.241.54219,1080,1920,10.0,2.8,2.1,2.7,0.26,0.2,0.25,10,8,10,4.8,8.1,6.0,0.48,0.81,0.58,18,30,22,2629243466,,,968,688,971,648,964,729,0.06804,0.05381,-0.99623,-0.05947,0.08416,-0.99468,4.086,3.844,4.004,,,,Valid,Valid,228.1,147.6,550.6,297.3,152.1,559.1,265.7,177.3,263.9,199.4,0.504,0.6373,0.5057,0.6,0.5023,0.6746,Screen Recording,Screen Recording Recording54.mp4,1920,1080,0,0,960,540,Fixation,160,1163,966,677,0.5032,0.6266,,,,,,,,,,,
496712399,512572572306,Eye Tracker,LipReading_BJ,10/21/2025,ZJ,Recording54,10/18/2025,10/18/2025,21:15:16.594,13:15:16.594,535262,Timeline1,Tobii I-VT (Fixation),1.241.54219,1080,1920,10.0,2.8,2.1,2.7,0.26,0.2,0.25,10,8,10,4.8,8.1,6.0,0.48,0.81,0.58,18,30,22,2629247467,,,970,669,971,647,969,692,0.06807,0.05314,-0.99626,-0.05725,0.06648,-0.99614,4.089,3.92,4.004,,,,Valid,Valid,228.1,147.6,550.6,297.4,152.1,559.1,265.7,177.0,265.2,189.4,0.5052,0.6197,0.5057,0.5987,0.5048,0.6407,Screen Recording,Screen Recording Recording54.mp4,1920,1080,0,0,960,540,Fixation,160,1163,966,677,0.5032,0.6266,,,,,,,,,,,
496715291,512572575198,Mouse,LipReading_BJ,10/21/2025,ZJ,Recording54,10/18/2025,10/18/2025,21:15:16.594,13:15:16.594,535262,Timeline1,Tobii I-VT (Fixation),1.241.54219,1080,1920,10.0,2.8,2.1,2.7,0.26,0.2,0.25,10,8,10,4.8,8.1,6.0,0.48,0.81,0.58,18,30,22,,,,,,,,,,,,,,,,,,,,,,,,,,,,,,,,,,,,,,,,Screen Recording,Screen Recording Recording54.mp4,1920,1080,0,0,960,540,Fixation,160,1163,966,677,0.5032,0.6266,,,,,,,,,,1009,948
496716399,512572576306,Eye Tracker,LipReading_BJ,10/21/2025,ZJ,Recording54,10/18/2025,10/18/2025,21:15:16.594,13:15:16.594,535262,Timeline1,Tobii I-VT (Fixation),1.241.54219,1080,1920,10.0,2.8,2.1,2.7,0.26,0.2,0.25,10,8,10,4.8,8.1,6.0,0.48,0.81,0.58,18,30,22,2629251467,,,969,668,974,661,964,676,0.06937,0.0602,-0.99577,-0.05979,0.05869,-0.99648,4.09,3.962,4.001,,,,Valid,Valid,228.1,147.6,550.6,297.4,152.1,559.2,266.5,180.9,263.8,185.0,0.5046,0.6189,0.5071,0.612,0.5021,0.6259,Screen Recording,Screen Recording Recording54.mp4,1920,1080,0,0,960,540,Fixation,160,1163,966,677,0.5032,0.6266,,,,,,,,,,,
496720398,512572580305,Eye Tracker,LipReading_BJ,10/21/2025,ZJ,Recording54,10/18/2025,10/18/2025,21:15:16.594,13:15:16.594,535262,Timeline1,Tobii I-VT (Fixation),1.241.54219,1080,1920,10.0,2.8,2.1,2.7,0.26,0.2,0.25,10,8,10,4.8,8.1,6.0,0.48,0.81,0.58,18,30,22,2629255466,,,967,686,972,652,962,720,0.06869,0.05574,-0.99608,-0.06074,0.08026,-0.99492,4.084,3.9,4.001,,,,Valid,Valid,228.1,147.6,550.6,297.4,152.1,559.1,266.1,178.4,263.2,197.2,0.5037,0.6353,0.5064,0.6036,0.501,0.6671,Screen Recording,Screen Recording Recording54.mp4,1920,1080,0,0,960,540,Saccade,16,1580,,,,,,,,,,,,,,,
496724398,512572584305,Eye Tracker,LipReading_BJ,10/21/2025,ZJ,Recording54,10/18/2025,10/18/2025,21:15:16.594,13:15:16.594,535262,Timeline1,Tobii I-VT (Fixation),1.241.54219,1080,1920,10.0,2.8,2.1,2.7,0.26,0.2,0.25,10,8,10,4.8,8.1,6.0,0.48,0.81,0.58,18,30,22,2629259466,,,970,676,975,653,964,699,0.0701,0.0564,-0.99594,-0.05981,0.06974,-0.99577,4.07,3.917,3.992,,,,Valid,Valid,228.1,147.6,550.6,297.4,152.0,559.2,266.9,178.8,263.8,191.2,0.505,0.6259,0.5079,0.6049,0.502,0.6469,Screen Recording,Screen Recording Recording54.mp4,1920,1080,0,0,960,540,Saccade,16,1580,,,,,,,,,,,,,,,
496728330,512572588237,Mouse,LipReading_BJ,10/21/2025,ZJ,Recording54,10/18/2025,10/18/2025,21:15:16.594,13:15:16.594,535262,Timeline1,Tobii I-VT (Fixation),1.241.54219,1080,1920,10.0,2.8,2.1,2.7,0.26,0.2,0.25,10,8,10,4.8,8.1,6.0,0.48,0.81,0.58,18,30,22,,,,,,,,,,,,,,,,,,,,,,,,,,,,,,,,,,,,,,,,Screen Recording,Screen Recording Recording54.mp4,1920,1080,0,0,960,540,Saccade,16,1580,,,,,,,,,,,,,,1010,948
496728399,512572588306,Eye Tracker,LipReading_BJ,10/21/2025,ZJ,Recording54,10/18/2025,10/18/2025,21:15:16.594,13:15:16.594,535262,Timeline1,Tobii I-VT (Fixation),1.241.54219,1080,1920,10.0,2.8,2.1,2.7,0.26,0.2,0.25,10,8,10,4.8,8.1,6.0,0.48,0.81,0.58,18,30,22,2629263467,,,968,707,969,652,966,762,0.06716,0.05598,-0.99617,-0.05845,0.10039,-0.99323,4.085,3.803,3.992,,,,Valid,Valid,228.1,147.6,550.5,297.4,152.0,559.2,265.3,178.5,264.5,208.6,0.5041,0.6549,0.5048,0.6041,0.5033,0.7056,Screen Recording,Screen Recording Recording54.mp4,1920,1080,0,0,960,540,Saccade,16,1580,,,,,,,,,,,,,,,
496732398,512572592305,Eye Tracker,LipReading_BJ,10/21/2025,ZJ,Recording54,10/18/2025,10/18/2025,21:15:16.594,13:15:16.594,535262,Timeline1,Tobii I-VT (Fixation),1.241.54219,1080,1920,10.0,2.8,2.1,2.7,0.26,0.2,0.25,10,8,10,4.8,8.1,6.0,0.48,0.81,0.58,18,30,22,2629267466,,,969,714,976,647,963,781,0.0705,0.05344,-0.99608,-0.06025,0.10962,-0.99215,4.084,3.738,3.97,,,,Valid,Valid,228.1,147.6,550.5,297.4,152.0,559.1,267.1,177.1,263.4,213.8,0.5048,0.6614,0.5083,0.5993,0.5013,0.7235,Screen Recording,Screen Recording Recording54.mp4,1920,1080,0,0,960,540,Saccade,16,1580,,,,,,,,,,,,,,,
496736398,512572596305,Eye Tracker,LipReading_BJ,10/21/2025,ZJ,Recording54,10/18/2025,10/18/2025,21:15:16.594,13:15:16.594,535262,Timeline1,Tobii I-VT (Fixation),1.241.54219,1080,1920,10.0,2.8,2.1,2.7,0.26,0.2,0.25,10,8,10,4.8,8.1,6.0,0.48,0.81,0.58,18,30,22,2629271466,,,960,682,963,651,956,713,0.06429,0.05547,-0.99639,-0.06354,0.07664,-0.99503,4.104,3.917,3.964,,,,Valid,Valid,228.2,147.6,550.5,297.4,152.0,559.2,263.7,178.3,261.7,195.1,0.4999,0.6316,0.5018,0.6031,0.498,0.6601,Screen Recording,Screen Recording Recording54.mp4,1920,1080,0,0,960,540,Unclassified,8,465,,,,,,,,,,,,,,,
496740399,512572600306,Eye Tracker,LipReading_BJ,10/21/2025,ZJ,Recording54,10/18/2025,10/18/2025,21:15:16.594,13:15:16.594,535262,Timeline1,Tobii I-VT (Fixation),1.241.54219,1080,1920,10.0,2.8,2.1,2.7,0.26,0.2,0.25,10,8,10,4.8,8.1,6.0,0.48,0.81,0.58,18,30,22,2629275467,,,970,698,973,651,967,744,0.06903,0.05548,-0.99607,-0.05824,0.0916,-0.99409,4.088,3.855,3.972,,,,Valid,Valid,228.2,147.6,550.5,297.4,152.0,559.2,266.3,178.3,264.6,203.6,0.5052,0.6459,0.5068,0.6032,0.5036,0.6887,Screen Recording,Screen Recording Recording54.mp4,1920,1080,0,0,960,540,Unclassified,8,465,,,,,,,,,,,,,,,
496741146,512572601053,Mouse,LipReading_BJ,10/21/2025,ZJ,Recording54,10/18/2025,10/18/2025,21:15:16.594,13:15:16.594,535262,Timeline1,Tobii I-VT (Fixation),1.241.54219,1080,1920,10.0,2.8,2.1,2.7,0.26,0.2,0.25,10,8,10,4.8,8.1,6.0,0.48,0.81,0.58,18,30,22,,,,,,,,,,,,,,,,,,,,,,,,,,,,,,,,,,,,,,,,Screen Recording,Screen Recording Recording54.mp4,1920,1080,0,0,960,540,Unclassified,8,465,,,,,,,,,,,,,,1011,947
496744399,512572604306,Eye Tracker,LipReading_BJ,10/21/2025,ZJ,Recording54,10/18/2025,10/18/2025,21:15:16.594,13:15:16.594,535262,Timeline1,Tobii I-VT (Fixation),1.241.54219,1080,1920,10.0,2.8,2.1,2.7,0.26,0.2,0.25,10,8,10,4.8,8.1,6.0,0.48,0.81,0.58,18,30,22,2629279467,,,965,701,964,663,967,740,0.06469,0.06106,-0.99604,-0.05845,0.08956,-0.99426,4.11,3.839,3.974,,,,Valid,Valid,228.2,147.6,550.5,297.4,152.0,559.2,263.9,181.4,264.5,202.4,0.5028,0.6492,0.5023,0.6136,0.5034,0.6848,Screen Recording,Screen Recording Recording54.mp4,1920,1080,0,0,960,540,Saccade,12,1581,,,,,,,,,,,,,,,
496748398,512572608305,Eye Tracker,LipReading_BJ,10/21/2025,ZJ,Recording54,10/18/2025,10/18/2025,21:15:16.594,13:15:16.594,535262,Timeline1,Tobii I-VT (Fixation),1.241.54219,1080,1920,10.0,2.8,2.1,2.7,0.26,0.2,0.25,10,8,10,4.8,8.1,6.0,0.48,0.81,0.58,18,30,22,2629283466,,,964,676,966,657,962,696,0.06575,0.05804,-0.99615,-0.06097,0.06848,-0.99579,4.083,3.891,3.971,,,,Valid,Valid,228.2,147.6,550.4,297.4,152.0,559.2,264.5,179.7,263.2,190.5,0.5021,0.6263,0.5034,0.608,0.5008,0.6445,Screen Recording,Screen Recording Recording54.mp4,1920,1080,0,0,960,540,Saccade,12,1581,,,,,,,,,,,,,,,
496752399,512572612306,Eye Tracker,LipReading_BJ,10/21/2025,ZJ,Recording54,10/18/2025,10/18/2025,21:15:16.594,13:15:16.594,535262,Timeline1,Tobii I-VT (Fixation),1.241.54219,1080,1920,10.0,2.8,2.1,2.7,0.26,0.2,0.25,10,8,10,4.8,8.1,6.0,0.48,0.81,0.58,18,30,22,2629287467,,,964,697,967,657,962,737,0.06579,0.05843,-0.99612,-0.0609,0.08846,-0.99422,4.072,3.86,3.982,,,,Valid,Valid,228.2,147.6,550.4,297.4,152.0,559.1,264.5,179.9,263.2,201.8,0.5021,0.6458,0.5034,0.6087,0.5008,0.6828,Screen Recording,Screen Recording Recording54.mp4,1920,1080,0,0,960,540,Saccade,12,1581,,,,,,,,,,,,,,,
496755255,512572615162,Mouse,LipReading_BJ,10/21/2025,ZJ,Recording54,10/18/2025,10/18/2025,21:15:16.594,13:15:16.594,535262,Timeline1,Tobii I-VT (Fixation),1.241.54219,1080,1920,10.0,2.8,2.1,2.7,0.26,0.2,0.25,10,8,10,4.8,8.1,6.0,0.48,0.81,0.58,18,30,22,,,,,,,,,,,,,,,,,,,,,,,,,,,,,,,,,,,,,,,,Screen Recording,Screen Recording Recording54.mp4,1920,1080,0,0,960,540,Unclassified,8,466,,,,,,,,,,,,,,1011,945
496756399,512572616306,Eye Tracker,LipReading_BJ,10/21/2025,ZJ,Recording54,10/18/2025,10/18/2025,21:15:16.594,13:15:16.594,535262,Timeline1,Tobii I-VT (Fixation),1.241.54219,1080,1920,10.0,2.8,2.1,2.7,0.26,0.2,0.25,10,8,10,4.8,8.1,6.0,0.48,0.81,0.58,18,30,22,2629291467,,,963,665,968,653,958,677,0.06659,0.0563,-0.99619,-0.06288,0.05909,-0.99627,4.058,3.957,3.982,,,,Valid,Valid,228.2,147.6,550.5,297.4,152.0,559.2,265.0,178.7,262.1,185.2,0.5015,0.6157,0.5043,0.6047,0.4988,0.6266,Screen Recording,Screen Recording Recording54.mp4,1920,1080,0,0,960,540,Unclassified,8,466,,,,,,,,,,,,,,,
496760398,512572620305,Eye Tracker,LipReading_BJ,10/21/2025,ZJ,Recording54,10/18/2025,10/18/2025,21:15:16.594,13:15:16.594,535262,Timeline1,Tobii I-VT (Fixation),1.241.54219,1080,1920,10.0,2.8,2.1,2.7,0.26,0.2,0.25,10,8,10,4.8,8.1,6.0,0.48,0.81,0.58,18,30,22,2629295466,,,968,673,978,646,959,699,0.07139,0.05299,-0.99604,-0.06231,0.06986,-0.99561,4.063,3.904,3.962,,,,Valid,Valid,228.2,147.6,550.4,297.4,152.0,559.2,267.6,176.9,262.4,191.3,0.5044,0.6229,0.5093,0.5986,0.4994,0.6472,Screen Recording,Screen Recording Recording54.mp4,1920,1080,0,0,960,540,Unclassified,8,466,,,,,,,,,,,,,,,
496764394,512572624301,Eye Tracker,LipReading_BJ,10/21/2025,ZJ,Recording54,10/18/2025,10/18/2025,21:15:16.594,13:15:16.594,535262,Timeline1,Tobii I-VT (Fixation),1.241.54219,1080,1920,10.0,2.8,2.1,2.7,0.26,0.2,0.25,10,8,10,4.8,8.1,6.0,0.48,0.81,0.58,18,30,22,2629299462,,,964,697,967,654,961,739,0.06602,0.05651,-0.99622,-0.06115,0.08945,-0.99411,4.104,3.858,3.961,,,,Valid,Valid,228.2,147.6,550.4,297.4,152.1,559.2,264.6,178.9,263.0,202.4,0.5021,0.6449,0.5036,0.6052,0.5005,0.6847,Screen Recording,Screen Recording Recording54.mp4,1920,1080,0,0,960,540,Saccade,8,1582,,,,,,,,,,,,,,,
496768395,512572628302,Eye Tracker,LipReading_BJ,10/21/2025,ZJ,Recording54,10/18/2025,10/18/2025,21:15:16.594,13:15:16.594,535262,Timeline1,Tobii I-VT (Fixation),1.241.54219,1080,1920,10.0,2.8,2.1,2.7,0.26,0.2,0.25,10,8,10,4.8,8.1,6.0,0.48,0.81,0.58,18,30,22,2629303463,,,967,714,966,663,968,764,0.06566,0.06117,-0.99597,-0.05764,0.10131,-0.99318,4.047,3.821,3.965,,,,Valid,Valid,228.2,147.6,550.4,297.4,152.1,559.1,264.4,181.5,264.9,209.1,0.5038,0.6607,0.5033,0.6139,0.5042,0.7075,Screen Recording,Screen Recording Recording54.mp4,1920,1080,0,0,960,540,Saccade,8,1582,,,,,,,,,,,,,,,
496772394,512572632301,Eye Tracker,LipReading_BJ,10/21/2025,ZJ,Recording54,10/18/2025,10/18/2025,21:15:16.594,13:15:16.594,535262,Timeline1,Tobii I-VT (Fixation),1.241.54219,1080,1920,10.0,2.8,2.1,2.7,0.26,0.2,0.25,10,8,10,4.8,8.1,6.0,0.48,0.81,0.58,18,30,22,2629307462,,,962,704,971,653,953,754,0.06798,0.05629,-0.9961,-0.06515,0.09655,-0.99319,4.089,3.827,3.965,,,,Valid,Valid,228.2,147.6,550.5,297.4,152.1,559.2,265.7,178.7,260.7,206.4,0.5009,0.6516,0.5057,0.6047,0.4962,0.6984,Screen Recording,Screen Recording Recording54.mp4,1920,1080,0,0,960,540,Fixation,776,1164,969,694,0.5044,0.6423,,,,,,,,,,,
496776394,512572636301,Eye Tracker,LipReading_BJ,10/21/2025,ZJ,Recording54,10/18/2025,10/18/2025,21:15:16.594,13:15:16.594,535262,Timeline1,Tobii I-VT (Fixation),1.241.54219,1080,1920,10.0,2.8,2.1,2.7,0.26,0.2,0.25,10,8,10,4.8,8.1,6.0,0.48,0.81,0.58,18,30,22,2629311462,,,956,694,958,661,954,727,0.06179,0.06026,-0.99627,-0.06476,0.08349,-0.9944,4.086,3.843,3.954,,,,Valid,Valid,228.1,147.6,550.5,297.4,152.1,559.2,262.3,180.9,261.0,199.0,0.4979,0.6427,0.4992,0.6121,0.4967,0.6733,Screen Recording,Screen Recording Recording54.mp4,1920,1080,0,0,960,540,Fixation,776,1164,969,694,0.5044,0.6423,,,,,,,,,,,
496780395,512572640302,Eye Tracker,LipReading_BJ,10/21/2025,ZJ,Recording54,10/18/2025,10/18/2025,21:15:16.594,13:15:16.594,535262,Timeline1,Tobii I-VT (Fixation),1.241.54219,1080,1920,10.0,2.8,2.1,2.7,0.26,0.2,0.25,10,8,10,4.8,8.1,6.0,0.48,0.81,0.58,18,30,22,2629315463,,,969,688,972,659,965,717,0.06836,0.05938,-0.99589,-0.05902,0.07835,-0.99518,4.062,3.882,3.976,,,,Valid,Valid,228.1,147.6,550.5,297.4,152.1,559.1,265.9,180.5,264.2,196.1,0.5045,0.637,0.5061,0.6105,0.5029,0.6635,Screen Recording,Screen Recording Recording54.mp4,1920,1080,0,0,960,540,Fixation,776,1164,969,694,0.5044,0.6423,,,,,,,,,,,
496784395,512572644302,Eye Tracker,LipReading_BJ,10/21/2025,ZJ,Recording54,10/18/2025,10/18/2025,21:15:16.594,13:15:16.594,535262,Timeline1,Tobii I-VT (Fixation),1.241.54219,1080,1920,10.0,2.8,2.1,2.7,0.26,0.2,0.25,10,8,10,4.8,8.1,6.0,0.48,0.81,0.58,18,30,22,2629319463,,,968,683,973,653,964,713,0.0689,0.05622,-0.99604,-0.05985,0.07651,-0.99527,4.065,3.905,3.974,,,,Valid,Valid,228.1,147.6,550.5,297.4,152.1,559.1,266.2,178.7,263.8,195.1,0.5043,0.6323,0.5067,0.6046,0.502,0.66,Screen Recording,Screen Recording Recording54.mp4,1920,1080,0,0,960,540,Fixation,776,1164,969,694,0.5044,0.6423,,,,,,,,,,,
496788394,512572648301,Eye Tracker,LipReading_BJ,10/21/2025,ZJ,Recording54,10/18/2025,10/18/2025,21:15:16.594,13:15:16.594,535262,Timeline1,Tobii I-VT (Fixation),1.241.54219,1080,1920,10.0,2.8,2.1,2.7,0.26,0.2,0.25,10,8,10,4.8,8.1,6.0,0.48,0.81,0.58,18,30,22,2629323462,,,959,676,964,657,953,696,0.06481,0.05812,-0.9962,-0.06531,0.06838,-0.99552,4.07,3.884,3.975,,,,Valid,Valid,228.1,147.6,550.5,297.4,152.1,559.1,263.9,179.8,260.7,190.5,0.4992,0.6264,0.5023,0.6082,0.4961,0.6445,Screen Recording,Screen Recording Recording54.mp4,1920,1080,0,0,960,540,Fixation,776,1164,969,694,0.5044,0.6423,,,,,,,,,,,
496792395,512572652302,Eye Tracker,LipReading_BJ,10/21/2025,ZJ,Recording54,10/18/2025,10/18/2025,21:15:16.594,13:15:16.594,535262,Timeline1,Tobii I-VT (Fixation),1.241.54219,1080,1920,10.0,2.8,2.1,2.7,0.26,0.2,0.25,10,8,10,4.8,8.1,6.0,0.48,0.81,0.58,18,30,22,2629327463,,,965,689,974,648,957,729,0.0694,0.05379,-0.99614,-0.06324,0.08431,-0.99443,4.066,3.818,3.986,,,,Valid,Valid,228.1,147.6,550.5,297.4,152.1,559.1,266.5,177.4,261.8,199.5,0.5027,0.6375,0.5071,0.6001,0.4983,0.675,Screen Recording,Screen Recording Recording54.mp4,1920,1080,0,0,960,540,Fixation,776,1164,969,694,0.5044,0.6423,,,,,,,,,,,
496796395,512572656302,Eye Tracker,LipReading_BJ,10/21/2025,ZJ,Recording54,10/18/2025,10/18/2025,21:15:16.594,13:15:16.594,535262,Timeline1,Tobii I-VT (Fixation),1.241.54219,1080,1920,10.0,2.8,2.1,2.7,0.26,0.2,0.25,10,8,10,4.8,8.1,6.0,0.48,0.81,0.58,18,30,22,2629331463,,,966,673,970,649,962,697,0.06755,0.05425,-0.99624,-0.06055,0.06883,-0.99579,4.09,3.929,3.986,,,,Valid,Valid,228.1,147.6,550.5,297.4,152.1,559.1,265.4,177.6,263.4,190.8,0.5032,0.6232,0.5052,0.601,0.5012,0.6454,Screen Recording,Screen Recording Recording54.mp4,1920,1080,0,0,960,540,Fixation,776,1164,969,694,0.5044,0.6423,,,,,,,,,,,
496800394,512572660301,Eye Tracker,LipReading_BJ,10/21/2025,ZJ,Recording54,10/18/2025,10/18/2025,21:15:16.594,13:15:16.594,535262,Timeline1,Tobii I-VT (Fixation),1.241.54219,1080,1920,10.0,2.8,2.1,2.7,0.26,0.2,0.25,10,8,10,4.8,8.1,6.0,0.48,0.81,0.58,18,30,22,2629335462,,,973,683,979,657,967,709,0.0722,0.05833,-0.99568,-0.05825,0.07476,-0.9955,4.067,3.906,3.986,,,,Valid,Valid,228.1,147.6,550.5,297.4,152.1,559.1,268.0,179.9,264.6,194.1,0.5069,0.6327,0.5101,0.6087,0.5036,0.6567,Screen Recording,Screen Recording Recording54.mp4,1920,1080,0,0,960,540,Fixation,776,1164,969,694,0.5044,0.6423,,,,,,,,,,,
496804394,512572664301,Eye Tracker,LipReading_BJ,10/21/2025,ZJ,Recording54,10/18/2025,10/18/2025,21:15:16.594,13:15:16.594,535262,Timeline1,Tobii I-VT (Fixation),1.241.54219,1080,1920,10.0,2.8,2.1,2.7,0.26,0.2,0.25,10,8,10,4.8,8.1,6.0,0.48,0.81,0.58,18,30,22,2629339462,,,964,676,964,661,964,690,0.06442,0.06039,-0.99609,-0.05971,0.06531,-0.99608,4.06,3.934,3.985,,,,Valid,Valid,228.1,147.6,550.5,297.3,152.1,559.1,263.7,181.0,263.8,188.8,0.502,0.6256,0.5019,0.6124,0.5021,0.6387,Screen Recording,Screen Recording Recording54.mp4,1920,1080,0,0,960,540,Fixation,776,1164,969,694,0.5044,0.6423,,,,,,,,,,,
496808394,512572668301,Eye Tracker,LipReading_BJ,10/21/2025,ZJ,Recording54,10/18/2025,10/18/2025,21:15:16.594,13:15:16.594,535262,Timeline1,Tobii I-VT (Fixation),1.241.54219,1080,1920,10.0,2.8,2.1,2.7,0.26,0.2,0.25,10,8,10,4.8,8.1,6.0,0.48,0.81,0.58,18,30,22,2629343463,,,971,696,978,644,965,748,0.07154,0.05193,-0.99608,-0.05934,0.09368,-0.99383,4.063,3.799,3.963,,,,Valid,Valid,228.1,147.7,550.4,297.3,152.1,559.1,267.6,176.4,264.0,204.8,0.5058,0.6448,0.5093,0.5967,0.5024,0.693,Screen Recording,Screen Recording Recording54.mp4,1920,1080,0,0,960,540,Fixation,776,1164,969,694,0.5044,0.6423,,,,,,,,,,,
496812393,512572672300,Eye Tracker,LipReading_BJ,10/21/2025,ZJ,Recording54,10/18/2025,10/18/2025,21:15:16.594,13:15:16.594,535262,Timeline1,Tobii I-VT (Fixation),1.241.54219,1080,1920,10.0,2.8,2.1,2.7,0.26,0.2,0.25,10,8,10,4.8,8.1,6.0,0.48,0.81,0.58,18,30,22,2629347462,,,967,699,968,665,966,734,0.06675,0.0622,-0.99583,-0.05853,0.0865,-0.99453,4.057,3.81,3.943,,,,Valid,Valid,228.1,147.7,550.4,297.3,152.1,559.1,265.0,182.1,264.4,200.7,0.5038,0.6476,0.5043,0.616,0.5033,0.6792,Screen Recording,Screen Recording Recording54.mp4,1920,1080,0,0,960,540,Fixation,776,1164,969,694,0.5044,0.6423,,,,,,,,,,,
496816393,512572676300,Eye Tracker,LipReading_BJ,10/21/2025,ZJ,Recording54,10/18/2025,10/18/2025,21:15:16.594,13:15:16.594,535262,Timeline1,Tobii I-VT (Fixation),1.241.54219,1080,1920,10.0,2.8,2.1,2.7,0.26,0.2,0.25,10,8,10,4.8,8.1,6.0,0.48,0.81,0.58,18,30,22,2629351462,,,971,682,972,655,970,709,0.06837,0.05728,-0.99601,-0.05677,0.07442,-0.99561,4.054,3.866,3.941,,,,Valid,Valid,228.1,147.7,550.4,297.3,152.1,559.1,265.9,179.3,265.4,193.9,0.5056,0.6314,0.506,0.6067,0.5052,0.6561,Screen Recording,Screen Recording Recording54.mp4,1920,1080,0,0,960,540,Fixation,776,1164,969,694,0.5044,0.6423,,,,,,,,,,,
496820394,512572680301,Eye Tracker,LipReading_BJ,10/21/2025,ZJ,Recording54,10/18/2025,10/18/2025,21:15:16.594,13:15:16.594,535262,Timeline1,Tobii I-VT (Fixation),1.241.54219,1080,1920,10.0,2.8,2.1,2.7,0.26,0.2,0.25,10,8,10,4.8,8.1,6.0,0.48,0.81,0.58,18,30,22,2629355463,,,967,691,968,660,966,722,0.06663,0.05944,-0.99601,-0.05856,0.08069,-0.99502,4.071,3.825,3.939,,,,Valid,Valid,228.1,147.7,550.4,297.3,152.1,559.1,264.9,180.5,264.4,197.5,0.5037,0.6394,0.5041,0.6108,0.5032,0.6681,Screen Recording,Screen Recording Recording54.mp4,1920,1080,0,0,960,540,Fixation,776,1164,969,694,0.5044,0.6423,,,,,,,,,,,
496824394,512572684301,Eye Tracker,LipReading_BJ,10/21/2025,ZJ,Recording54,10/18/2025,10/18/2025,21:15:16.594,13:15:16.594,535262,Timeline1,Tobii I-VT (Fixation),1.241.54219,1080,1920,10.0,2.8,2.1,2.7,0.26,0.2,0.25,10,8,10,4.8,8.1,6.0,0.48,0.81,0.58,18,30,22,2629359463,,,968,678,981,660,954,697,0.07293,0.05935,-0.99557,-0.0643,0.06895,-0.99555,4.045,3.882,3.958,,,,Valid,Valid,228.1,147.7,550.4,297.3,152.1,559.1,268.4,180.5,261.2,190.8,0.504,0.6282,0.5108,0.6107,0.4971,0.6457,Screen Recording,Screen Recording Recording54.mp4,1920,1080,0,0,960,540,Fixation,776,1164,969,694,0.5044,0.6423,,,,,,,,,,,
496828393,512572688300,Eye Tracker,LipReading_BJ,10/21/2025,ZJ,Recording54,10/18/2025,10/18/2025,21:15:16.594,13:15:16.594,535262,Timeline1,Tobii I-VT (Fixation),1.241.54219,1080,1920,10.0,2.8,2.1,2.7,0.26,0.2,0.25,10,8,10,4.8,8.1,6.0,0.48,0.81,0.58,18,30,22,2629363462,,,963,722,974,668,953,775,0.06939,0.06349,-0.99557,-0.06501,0.10651,-0.99218,4.035,3.736,3.958,,,,Valid,Valid,228.1,147.7,550.4,297.3,152.1,559.1,266.4,182.8,260.7,212.1,0.5016,0.6681,0.5071,0.6184,0.4961,0.7177,Screen Recording,Screen Recording Recording54.mp4,1920,1080,0,0,960,540,Fixation,776,1164,969,694,0.5044,0.6423,,,,,,,,,,,
496832394,512572692301,Eye Tracker,LipReading_BJ,10/21/2025,ZJ,Recording54,10/18/2025,10/18/2025,21:15:16.594,13:15:16.594,535262,Timeline1,Tobii I-VT (Fixation),1.241.54219,1080,1920,10.0,2.8,2.1,2.7,0.26,0.2,0.25,10,8,10,4.8,8.1,6.0,0.48,0.81,0.58,18,30,22,2629367463,,,964,680,972,663,956,696,0.06846,0.06104,-0.99578,-0.06354,0.06848,-0.99563,4.051,3.864,3.967,,,,Valid,Valid,228.1,147.7,550.4,297.3,152.1,559.1,265.9,181.4,261.6,190.6,0.502,0.6293,0.5061,0.6139,0.4979,0.6448,Screen Recording,Screen Recording Recording54.mp4,1920,1080,0,0,960,540,Fixation,776,1164,969,694,0.5044,0.6423,,,,,,,,,,,
496836394,512572696301,Eye Tracker,LipReading_BJ,10/21/2025,ZJ,Recording54,10/18/2025,10/18/2025,21:15:16.594,13:15:16.594,535262,Timeline1,Tobii I-VT (Fixation),1.241.54219,1080,1920,10.0,2.8,2.1,2.7,0.26,0.2,0.25,10,8,10,4.8,8.1,6.0,0.48,0.81,0.58,18,30,22,2629371463,,,965,667,981,656,948,679,0.07319,0.05745,-0.99566,-0.06731,0.06012,-0.99592,4.062,3.893,3.958,,,,Valid,Valid,228.1,147.7,550.4,297.3,152.1,559.1,268.5,179.5,259.5,185.9,0.5025,0.618,0.511,0.6072,0.4939,0.6289,Screen Recording,Screen Recording Recording54.mp4,1920,1080,0,0,960,540,Fixation,776,1164,969,694,0.5044,0.6423,,,,,,,,,,,
496839514,512572699421,Mouse,LipReading_BJ,10/21/2025,ZJ,Recording54,10/18/2025,10/18/2025,21:15:16.594,13:15:16.594,535262,Timeline1,Tobii I-VT (Fixation),1.241.54219,1080,1920,10.0,2.8,2.1,2.7,0.26,0.2,0.25,10,8,10,4.8,8.1,6.0,0.48,0.81,0.58,18,30,22,,,,,,,,,,,,,,,,,,,,,,,,,,,,,,,,,,,,,,,,Screen Recording,Screen Recording Recording54.mp4,1920,1080,0,0,960,540,Fixation,776,1164,969,694,0.5044,0.6423,,,,,,,,,,1012,945
496840393,512572700300,Eye Tracker,LipReading_BJ,10/21/2025,ZJ,Recording54,10/18/2025,10/18/2025,21:15:16.594,13:15:16.594,535262,Timeline1,Tobii I-VT (Fixation),1.241.54219,1080,1920,10.0,2.8,2.1,2.7,0.26,0.2,0.25,10,8,10,4.8,8.1,6.0,0.48,0.81,0.58,18,30,22,2629375462,,,968,669,979,660,957,679,0.07219,0.05948,-0.99562,-0.0629,0.05984,-0.99622,4.058,3.891,3.958,,,,Valid,Valid,228.1,147.7,550.4,297.3,152.1,559.1,268.0,180.6,262.0,185.7,0.5043,0.6197,0.51,0.6111,0.4986,0.6283,Screen Recording,Screen Recording Recording54.mp4,1920,1080,0,0,960,540,Fixation,776,1164,969,694,0.5044,0.6423,,,,,,,,,,,
496844393,512572704300,Eye Tracker,LipReading_BJ,10/21/2025,ZJ,Recording54,10/18/2025,10/18/2025,21:15:16.594,13:15:16.594,535262,Timeline1,Tobii I-VT (Fixation),1.241.54219,1080,1920,10.0,2.8,2.1,2.7,0.26,0.2,0.25,10,8,10,4.8,8.1,6.0,0.48,0.81,0.58,18,30,22,2629379462,,,973,696,975,658,971,734,0.07039,0.05874,-0.99579,-0.05625,0.08674,-0.99464,4.052,3.801,3.953,,,,Valid,Valid,228.0,147.7,550.4,297.3,152.1,559.1,267.0,180.2,265.7,200.9,0.5068,0.6446,0.5081,0.6096,0.5056,0.6797,Screen Recording,Screen Recording Recording54.mp4,1920,1080,0,0,960,540,Fixation,776,1164,969,694,0.5044,0.6423,,,,,,,,,,,
496848394,512572708301,Eye Tracker,LipReading_BJ,10/21/2025,ZJ,Recording54,10/18/2025,10/18/2025,21:15:16.594,13:15:16.594,535262,Timeline1,Tobii I-VT (Fixation),1.241.54219,1080,1920,10.0,2.8,2.1,2.7,0.26,0.2,0.25,10,8,10,4.8,8.1,6.0,0.48,0.81,0.58,18,30,22,2629383463,,,968,681,968,662,968,701,0.06685,0.0604,-0.99593,-0.05786,0.07072,-0.99582,4.051,3.854,3.953,,,,Valid,Valid,228.0,147.7,550.4,297.3,152.1,559.1,265.0,181.1,264.8,191.8,0.5041,0.6309,0.5043,0.6127,0.504,0.649,Screen Recording,Screen Recording Recording54.mp4,1920,1080,0,0,960,540,Fixation,776,1164,969,694,0.5044,0.6423,,,,,,,,,,,
496850330,512572710237,Mouse,LipReading_BJ,10/21/2025,ZJ,Recording54,10/18/2025,10/18/2025,21:15:16.594,13:15:16.594,535262,Timeline1,Tobii I-VT (Fixation),1.241.54219,1080,1920,10.0,2.8,2.1,2.7,0.26,0.2,0.25,10,8,10,4.8,8.1,6.0,0.48,0.81,0.58,18,30,22,,,,,,,,,,,,,,,,,,,,,,,,,,,,,,,,,,,,,,,,Screen Recording,Screen Recording Recording54.mp4,1920,1080,0,0,960,540,Fixation,776,1164,969,694,0.5044,0.6423,,,,,,,,,,1012,945
496852393,512572712300,Eye Tracker,LipReading_BJ,10/21/2025,ZJ,Recording54,10/18/2025,10/18/2025,21:15:16.594,13:15:16.594,535262,Timeline1,Tobii I-VT (Fixation),1.241.54219,1080,1920,10.0,2.8,2.1,2.7,0.26,0.2,0.25,10,8,10,4.8,8.1,6.0,0.48,0.81,0.58,18,30,22,2629387462,,,963,692,974,662,952,722,0.06986,0.06037,-0.99573,-0.06535,0.08099,-0.99457,4.047,3.813,3.953,,,,Valid,Valid,228.0,147.7,550.4,297.3,152.1,559.1,266.7,181.1,260.6,197.7,0.5017,0.6407,0.5075,0.6127,0.4959,0.6687,Screen Recording,Screen Recording Recording54.mp4,1920,1080,0,0,960,540,Fixation,776,1164,969,694,0.5044,0.6423,,,,,,,,,,,
496856393,512572716300,Eye Tracker,LipReading_BJ,10/21/2025,ZJ,Recording54,10/18/2025,10/18/2025,21:15:16.594,13:15:16.594,535262,Timeline1,Tobii I-VT (Fixation),1.241.54219,1080,1920,10.0,2.8,2.1,2.7,0.26,0.2,0.25,10,8,10,4.8,8.1,6.0,0.48,0.81,0.58,18,30,22,2629391462,,,965,679,971,665,959,692,0.06825,0.06182,-0.99575,-0.06222,0.06653,-0.99584,4.053,3.87,3.953,,,,Valid,Valid,228.0,147.7,550.4,297.3,152.1,559.1,265.8,181.9,262.4,189.5,0.5026,0.6283,0.5058,0.6154,0.4993,0.6411,Screen Recording,Screen Recording Recording54.mp4,1920,1080,0,0,960,540,Fixation,776,1164,969,694,0.5044,0.6423,,,,,,,,,,,
496860394,512572720301,Eye Tracker,LipReading_BJ,10/21/2025,ZJ,Recording54,10/18/2025,10/18/2025,21:15:16.594,13:15:16.594,535262,Timeline1,Tobii I-VT (Fixation),1.241.54219,1080,1920,10.0,2.8,2.1,2.7,0.26,0.2,0.25,10,8,10,4.8,8.1,6.0,0.48,0.81,0.58,18,30,22,2629395463,,,967,673,976,664,957,682,0.07046,0.06164,-0.99561,-0.06282,0.06131,-0.99614,4.058,3.876,3.938,,,,Valid,Valid,228.0,147.7,550.4,297.3,152.1,559.1,267.0,181.8,262.0,186.5,0.5034,0.6231,0.5081,0.6151,0.4987,0.6311,Screen Recording,Screen Recording Recording54.mp4,1920,1080,0,0,960,540,Fixation,776,1164,969,694,0.5044,0.6423,,,,,,,,,,,
496864394,512572724301,Eye Tracker,LipReading_BJ,10/21/2025,ZJ,Recording54,10/18/2025,10/18/2025,21:15:16.594,13:15:16.594,535262,Timeline1,Tobii I-VT (Fixation),1.241.54219,1080,1920,10.0,2.8,2.1,2.7,0.26,0.2,0.25,10,8,10,4.8,8.1,6.0,0.48,0.81,0.58,18,30,22,2629399463,,,965,684,973,661,957,707,0.06944,0.06001,-0.99578,-0.06313,0.07372,-0.99528,4.051,3.824,3.939,,,,Valid,Valid,228.0,147.7,550.5,297.3,152.1,559.1,266.4,180.9,261.8,193.5,0.5027,0.6334,0.507,0.612,0.4983,0.6548,Screen Recording,Screen Recording Recording54.mp4,1920,1080,0,0,960,540,Fixation,776,1164,969,694,0.5044,0.6423,,,,,,,,,,,
496868393,512572728300,Eye Tracker,LipReading_BJ,10/21/2025,ZJ,Recording54,10/18/2025,10/18/2025,21:15:16.594,13:15:16.594,535262,Timeline1,Tobii I-VT (Fixation),1.241.54219,1080,1920,10.0,2.8,2.1,2.7,0.26,0.2,0.25,10,8,10,4.8,8.1,6.0,0.48,0.81,0.58,18,30,22,2629403462,,,966,691,971,664,961,718,0.06802,0.06161,-0.99578,-0.061,0.07917,-0.99499,4.044,3.812,3.938,,,,Valid,Valid,228.0,147.7,550.5,297.3,152.1,559.1,265.6,181.8,263.0,196.6,0.503,0.6401,0.5055,0.615,0.5005,0.6653,Screen Recording,Screen Recording Recording54.mp4,1920,1080,0,0,960,540,Fixation,776,1164,969,694,0.5044,0.6423,,,,,,,,,,,
496872394,512572732301,Eye Tracker,LipReading_BJ,10/21/2025,ZJ,Recording54,10/18/2025,10/18/2025,21:15:16.594,13:15:16.594,535262,Timeline1,Tobii I-VT (Fixation),1.241.54219,1080,1920,10.0,2.8,2.1,2.7,0.26,0.2,0.25,10,8,10,4.8,8.1,6.0,0.48,0.81,0.58,18,30,22,2629407463,,,970,694,973,648,966,740,0.06925,0.05343,-0.99617,-0.0584,0.0894,-0.99428,4.055,3.8,3.936,,,,Valid,Valid,228.0,147.7,550.5,297.3,152.1,559.1,266.3,177.3,264.4,202.4,0.505,0.6423,0.5068,0.5997,0.5033,0.6848,Screen Recording,Screen Recording Recording54.mp4,1920,1080,0,0,960,540,Fixation,776,1164,969,694,0.5044,0.6423,,,,,,,,,,,
496876394,512572736301,Eye Tracker,LipReading_BJ,10/21/2025,ZJ,Recording54,10/18/2025,10/18/2025,21:15:16.594,13:15:16.594,535262,Timeline1,Tobii I-VT (Fixation),1.241.54219,1080,1920,10.0,2.8,2.1,2.7,0.26,0.2,0.25,10,8,10,4.8,8.1,6.0,0.48,0.81,0.58,18,30,22,2629411463,,,972,674,975,652,968,697,0.07042,0.05559,-0.99597,-0.05751,0.06868,-0.99598,4.036,3.887,3.928,,,,Valid,Valid,228.0,147.7,550.5,297.3,152.2,559.0,266.9,178.5,265.0,190.7,0.5062,0.6245,0.508,0.6038,0.5043,0.6452,Screen Recording,Screen Recording Recording54.mp4,1920,1080,0,0,960,540,Fixation,776,1164,969,694,0.5044,0.6423,,,,,,,,,,,
496878654,512572738561,Mouse,LipReading_BJ,10/21/2025,ZJ,Recording54,10/18/2025,10/18/2025,21:15:16.594,13:15:16.594,535262,Timeline1,Tobii I-VT (Fixation),1.241.54219,1080,1920,10.0,2.8,2.1,2.7,0.26,0.2,0.25,10,8,10,4.8,8.1,6.0,0.48,0.81,0.58,18,30,22,,,,,,,,,,,,,,,,,,,,,,,,,,,,,,,,,,,,,,,,Screen Recording,Screen Recording Recording54.mp4,1920,1080,0,0,960,540,Fixation,776,1164,969,694,0.5044,0.6423,,,,,,,,,,1013,944
496880393,512572740300,Eye Tracker,LipReading_BJ,10/21/2025,ZJ,Recording54,10/18/2025,10/18/2025,21:15:16.594,13:15:16.594,535262,Timeline1,Tobii I-VT (Fixation),1.241.54219,1080,1920,10.0,2.8,2.1,2.7,0.26,0.2,0.25,10,8,10,4.8,8.1,6.0,0.48,0.81,0.58,18,30,22,2629415462,,,972,676,984,652,960,699,0.07448,0.05568,-0.99567,-0.06147,0.06982,-0.99566,4.047,3.842,3.918,,,,Valid,Valid,228.0,147.7,550.5,297.3,152.2,559.0,269.2,178.5,262.8,191.4,0.5062,0.6257,0.5123,0.604,0.5001,0.6475,Screen Recording,Screen Recording Recording54.mp4,1920,1080,0,0,960,540,Fixation,776,1164,969,694,0.5044,0.6423,,,,,,,,,,,
496884393,512572744300,Eye Tracker,LipReading_BJ,10/21/2025,ZJ,Recording54,10/18/2025,10/18/2025,21:15:16.594,13:15:16.594,535262,Timeline1,Tobii I-VT (Fixation),1.241.54219,1080,1920,10.0,2.8,2.1,2.7,0.26,0.2,0.25,10,8,10,4.8,8.1,6.0,0.48,0.81,0.58,18,30,22,2629419462,,,970,699,975,665,965,733,0.07029,0.06186,-0.99561,-0.05898,0.08616,-0.99453,4.015,3.768,3.917,,,,Valid,Valid,228.0,147.8,550.4,297.3,152.2,559.0,266.9,182.0,264.1,200.6,0.5053,0.6472,0.5079,0.6156,0.5027,0.6787,Screen Recording,Screen Recording Recording54.mp4,1920,1080,0,0,960,540,Fixation,776,1164,969,694,0.5044,0.6423,,,,,,,,,,,
496888394,512572748301,Eye Tracker,LipReading_BJ,10/21/2025,ZJ,Recording54,10/18/2025,10/18/2025,21:15:16.594,13:15:16.594,535262,Timeline1,Tobii I-VT (Fixation),1.241.54219,1080,1920,10.0,2.8,2.1,2.7,0.26,0.2,0.25,10,8,10,4.8,8.1,6.0,0.48,0.81,0.58,18,30,22,2629423463,,,970,696,970,664,970,727,0.06759,0.06164,-0.99581,-0.05648,0.08325,-0.99493,4.013,3.798,3.898,,,,Valid,Valid,228.0,147.8,550.4,297.3,152.2,559.0,265.4,181.8,265.5,199.0,0.5052,0.6442,0.5051,0.6152,0.5053,0.6731,Screen Recording,Screen Recording Recording54.mp4,1920,1080,0,0,960,540,Fixation,776,1164,969,694,0.5044,0.6423,,,,,,,,,,,
496892393,512572752300,Eye Tracker,LipReading_BJ,10/21/2025,ZJ,Recording54,10/18/2025,10/18/2025,21:15:16.594,13:15:16.594,535262,Timeline1,Tobii I-VT (Fixation),1.241.54219,1080,1920,10.0,2.8,2.1,2.7,0.26,0.2,0.25,10,8,10,4.8,8.1,6.0,0.48,0.81,0.58,18,30,22,2629427462,,,970,682,982,651,959,713,0.07353,0.05515,-0.99577,-0.06219,0.07658,-0.99512,4.05,3.781,3.897,,,,Valid,Valid,228.0,147.8,550.4,297.3,152.2,559.0,268.7,178.2,262.3,195.2,0.5053,0.6318,0.5113,0.6031,0.4992,0.6604,Screen Recording,Screen Recording Recording54.mp4,1920,1080,0,0,960,540,Fixation,776,1164,969,694,0.5044,0.6423,,,,,,,,,,,
496896393,512572756300,Eye Tracker,LipReading_BJ,10/21/2025,ZJ,Recording54,10/18/2025,10/18/2025,21:15:16.594,13:15:16.594,535262,Timeline1,Tobii I-VT (Fixation),1.241.54219,1080,1920,10.0,2.8,2.1,2.7,0.26,0.2,0.25,10,8,10,4.8,8.1,6.0,0.48,0.81,0.58,18,30,22,2629431462,,,968,700,978,656,959,743,0.07148,0.05745,-0.99579,-0.06213,0.09098,-0.99391,4.003,3.763,3.896,,,,Valid,Valid,228.0,147.8,550.4,297.3,152.2,559.0,267.5,179.5,262.3,203.4,0.5042,0.6477,0.5091,0.6074,0.4992,0.688,Screen Recording,Screen Recording Recording54.mp4,1920,1080,0,0,960,540,Fixation,776,1164,969,694,0.5044,0.6423,,,,,,,,,,,
496899591,512572759498,Mouse,LipReading_BJ,10/21/2025,ZJ,Recording54,10/18/2025,10/18/2025,21:15:16.594,13:15:16.594,535262,Timeline1,Tobii I-VT (Fixation),1.241.54219,1080,1920,10.0,2.8,2.1,2.7,0.26,0.2,0.25,10,8,10,4.8,8.1,6.0,0.48,0.81,0.58,18,30,22,,,,,,,,,,,,,,,,,,,,,,,,,,,,,,,,,,,,,,,,Screen Recording,Screen Recording Recording54.mp4,1920,1080,0,0,960,540,Fixation,776,1164,969,694,0.5044,0.6423,,,,,,,,,,1014,943
496900394,512572760301,Eye Tracker,LipReading_BJ,10/21/2025,ZJ,Recording54,10/18/2025,10/18/2025,21:15:16.594,13:15:16.594,535262,Timeline1,Tobii I-VT (Fixation),1.241.54219,1080,1920,10.0,2.8,2.1,2.7,0.26,0.2,0.25,10,8,10,4.8,8.1,6.0,0.48,0.81,0.58,18,30,22,2629435463,,,970,697,978,660,962,733,0.07161,0.05964,-0.99565,-0.06033,0.086,-0.99447,4.042,3.779,3.91,,,,Valid,Valid,228.0,147.8,550.4,297.3,152.2,559.0,267.6,180.8,263.3,200.5,0.5052,0.645,0.5093,0.6116,0.5012,0.6785,Screen Recording,Screen Recording Recording54.mp4,1920,1080,0,0,960,540,Fixation,776,1164,969,694,0.5044,0.6423,,,,,,,,,,,
496904394,512572764301,Eye Tracker,LipReading_BJ,10/21/2025,ZJ,Recording54,10/18/2025,10/18/2025,21:15:16.594,13:15:16.594,535262,Timeline1,Tobii I-VT (Fixation),1.241.54219,1080,1920,10.0,2.8,2.1,2.7,0.26,0.2,0.25,10,8,10,4.8,8.1,6.0,0.48,0.81,0.58,18,30,22,2629439463,,,974,704,984,646,965,762,0.07469,0.05244,-0.99583,-0.05903,0.1001,-0.99322,4.011,3.745,3.901,,,,Valid,Valid,228.0,147.8,550.4,297.3,152.2,559.1,269.3,176.8,264.0,208.5,0.5075,0.6518,0.5125,0.5981,0.5025,0.7055,Screen Recording,Screen Recording Recording54.mp4,1920,1080,0,0,960,540,Fixation,776,1164,969,694,0.5044,0.6423,,,,,,,,,,,
496908394,512572768301,Eye Tracker,LipReading_BJ,10/21/2025,ZJ,Recording54,10/18/2025,10/18/2025,21:15:16.594,13:15:16.594,535262,Timeline1,Tobii I-VT (Fixation),1.241.54219,1080,1920,10.0,2.8,2.1,2.7,0.26,0.2,0.25,10,8,10,4.8,8.1,6.0,0.48,0.81,0.58,18,30,22,2629443463,,,971,688,971,656,971,720,0.06805,0.05761,-0.99602,-0.05619,0.07991,-0.99522,4.04,3.789,3.908,,,,Valid,Valid,228.0,147.8,550.4,297.3,152.2,559.0,265.6,179.6,265.7,197.1,0.5056,0.6372,0.5055,0.6077,0.5056,0.6668,Screen Recording,Screen Recording Recording54.mp4,1920,1080,0,0,960,540,Fixation,776,1164,969,694,0.5044,0.6423,,,,,,,,,,,
496912394,512572772301,Eye Tracker,LipReading_BJ,10/21/2025,ZJ,Recording54,10/18/2025,10/18/2025,21:15:16.594,13:15:16.594,535262,Timeline1,Tobii I-VT (Fixation),1.241.54219,1080,1920,10.0,2.8,2.1,2.7,0.26,0.2,0.25,10,8,10,4.8,8.1,6.0,0.48,0.81,0.58,18,30,22,2629447463,,,973,705,976,660,970,750,0.07078,0.05958,-0.99571,-0.05651,0.09425,-0.99394,4.039,3.762,3.907,,,,Valid,Valid,228.0,147.8,550.5,297.2,152.2,559.1,267.1,180.7,265.5,205.2,0.5068,0.6528,0.5084,0.6114,0.5052,0.6942,Screen Recording,Screen Recording Recording54.mp4,1920,1080,0,0,960,540,Fixation,776,1164,969,694,0.5044,0.6423,,,,,,,,,,,
496916393,512572776300,Eye Tracker,LipReading_BJ,10/21/2025,ZJ,Recording54,10/18/2025,10/18/2025,21:15:16.594,13:15:16.594,535262,Timeline1,Tobii I-VT (Fixation),1.241.54219,1080,1920,10.0,2.8,2.1,2.7,0.26,0.2,0.25,10,8,10,4.8,8.1,6.0,0.48,0.81,0.58,18,30,22,2629451463,,,970,688,969,648,970,728,0.06738,0.05342,-0.9963,-0.05656,0.08393,-0.99487,4.046,3.775,3.907,,,,Valid,Valid,228.0,147.8,550.5,297.2,152.2,559.1,265.2,177.3,265.5,199.3,0.505,0.6372,0.5048,0.5999,0.5052,0.6744,Screen Recording,Screen Recording Recording54.mp4,1920,1080,0,0,960,540,Fixation,776,1164,969,694,0.5044,0.6423,,,,,,,,,,,
496920392,512572780299,Eye Tracker,LipReading_BJ,10/21/2025,ZJ,Recording54,10/18/2025,10/18/2025,21:15:16.594,13:15:16.594,535262,Timeline1,Tobii I-VT (Fixation),1.241.54219,1080,1920,10.0,2.8,2.1,2.7,0.26,0.2,0.25,10,8,10,4.8,8.1,6.0,0.48,0.81,0.58,18,30,22,2629455462,,,976,676,986,650,966,701,0.07543,0.05454,-0.99566,-0.05877,0.07072,-0.99576,4.014,3.868,3.906,,,,Valid,Valid,228.0,147.8,550.5,297.2,152.2,559.0,269.7,177.9,264.2,191.9,0.5081,0.6256,0.5133,0.602,0.5029,0.6492,Screen Recording,Screen Recording Recording54.mp4,1920,1080,0,0,960,540,Fixation,776,1164,969,694,0.5044,0.6423,,,,,,,,,,,
496924392,512572784299,Eye Tracker,LipReading_BJ,10/21/2025,ZJ,Recording54,10/18/2025,10/18/2025,21:15:16.594,13:15:16.594,535262,Timeline1,Tobii I-VT (Fixation),1.241.54219,1080,1920,10.0,2.8,2.1,2.7,0.26,0.2,0.25,10,8,10,4.8,8.1,6.0,0.48,0.81,0.58,18,30,22,2629459462,,,970,699,972,663,968,735,0.0687,0.06077,-0.99578,-0.05728,0.08702,-0.99456,4.015,3.759,3.895,,,,Valid,Valid,228.0,147.8,550.4,297.2,152.2,559.1,266.0,181.4,265.0,201.1,0.5053,0.647,0.5062,0.6137,0.5044,0.6804,Screen Recording,Screen Recording Recording54.mp4,1920,1080,0,0,960,540,Fixation,776,1164,969,694,0.5044,0.6423,,,,,,,,,,,
496928393,512572788300,Eye Tracker,LipReading_BJ,10/21/2025,ZJ,Recording54,10/18/2025,10/18/2025,21:15:16.594,13:15:16.594,535262,Timeline1,Tobii I-VT (Fixation),1.241.54219,1080,1920,10.0,2.8,2.1,2.7,0.26,0.2,0.25,10,8,10,4.8,8.1,6.0,0.48,0.81,0.58,18,30,22,2629463463,,,970,681,978,656,962,706,0.07149,0.05744,-0.99579,-0.06053,0.07312,-0.99548,4.037,3.839,3.904,,,,Valid,Valid,228.0,147.8,550.5,297.2,152.2,559.0,267.5,179.5,263.2,193.2,0.5051,0.6306,0.5091,0.6074,0.501,0.6538,Screen Recording,Screen Recording Recording54.mp4,1920,1080,0,0,960,540,Fixation,776,1164,969,694,0.5044,0.6423,,,,,,,,,,,
496932392,512572792299,Eye Tracker,LipReading_BJ,10/21/2025,ZJ,Recording54,10/18/2025,10/18/2025,21:15:16.594,13:15:16.594,535262,Timeline1,Tobii I-VT (Fixation),1.241.54219,1080,1920,10.0,2.8,2.1,2.7,0.26,0.2,0.25,10,8,10,4.8,8.1,6.0,0.48,0.81,0.58,18,30,22,2629467462,,,972,715,979,661,965,770,0.07235,0.05982,-0.99558,-0.05909,0.10385,-0.99284,3.998,3.743,3.915,,,,Valid,Valid,228.0,147.8,550.4,297.2,152.2,559.1,268.0,180.8,264.0,210.6,0.5062,0.6623,0.51,0.6119,0.5024,0.7127,Screen Recording,Screen Recording Recording54.mp4,1920,1080,0,0,960,540,Fixation,776,1164,969,694,0.5044,0.6423,,,,,,,,,,,
496936392,512572796299,Eye Tracker,LipReading_BJ,10/21/2025,ZJ,Recording54,10/18/2025,10/18/2025,21:15:16.594,13:15:16.594,535262,Timeline1,Tobii I-VT (Fixation),1.241.54219,1080,1920,10.0,2.8,2.1,2.7,0.26,0.2,0.25,10,8,10,4.8,8.1,6.0,0.48,0.81,0.58,18,30,22,2629471462,,,971,691,978,656,965,725,0.07169,0.05722,-0.99578,-0.05918,0.08253,-0.99483,4.052,3.793,3.917,,,,Valid,Valid,228.0,147.8,550.5,297.2,152.2,559.1,267.6,179.4,264.0,198.5,0.5059,0.6394,0.5093,0.607,0.5024,0.6717,Screen Recording,Screen Recording Recording54.mp4,1920,1080,0,0,960,540,Fixation,776,1164,969,694,0.5044,0.6423,,,,,,,,,,,
496940393,512572800300,Eye Tracker,LipReading_BJ,10/21/2025,ZJ,Recording54,10/18/2025,10/18/2025,21:15:16.594,13:15:16.594,535262,Timeline1,Tobii I-VT (Fixation),1.241.54219,1080,1920,10.0,2.8,2.1,2.7,0.26,0.2,0.25,10,8,10,4.8,8.1,6.0,0.48,0.81,0.58,18,30,22,2629475463,,,967,674,971,664,963,684,0.06813,0.06149,-0.99578,-0.06023,0.06256,-0.99622,4.043,3.81,3.903,,,,Valid,Valid,228.0,147.8,550.5,297.2,152.2,559.1,265.7,181.8,263.4,187.3,0.5035,0.6243,0.5056,0.615,0.5014,0.6336,Screen Recording,Screen Recording Recording54.mp4,1920,1080,0,0,960,540,Fixation,776,1164,969,694,0.5044,0.6423,,,,,,,,,,,
496944393,512572804300,Eye Tracker,LipReading_BJ,10/21/2025,ZJ,Recording54,10/18/2025,10/18/2025,21:15:16.594,13:15:16.594,535262,Timeline1,Tobii I-VT (Fixation),1.241.54219,1080,1920,10.0,2.8,2.1,2.7,0.26,0.2,0.25,10,8,10,4.8,8.1,6.0,0.48,0.81,0.58,18,30,22,2629479463,,,978,694,986,657,969,730,0.07576,0.05813,-0.99543,-0.05689,0.08482,-0.99477,4.041,3.765,3.916,,,,Valid,Valid,228.0,147.8,550.5,297.2,152.2,559.1,269.9,179.9,265.3,199.8,0.5092,0.6424,0.5136,0.6087,0.5048,0.6761,Screen Recording,Screen Recording Recording54.mp4,1920,1080,0,0,960,540,Fixation,776,1164,969,694,0.5044,0.6423,,,,,,,,,,,
496948392,512572808299,Eye Tracker,LipReading_BJ,10/21/2025,ZJ,Recording54,10/18/2025,10/18/2025,21:15:16.594,13:15:16.594,535262,Timeline1,Tobii I-VT (Fixation),1.241.54219,1080,1920,10.0,2.8,2.1,2.7,0.26,0.2,0.25,10,8,10,4.8,8.1,6.0,0.48,0.81,0.58,18,30,22,2629483462,,,978,705,986,654,970,755,0.07555,0.0566,-0.99553,-0.05645,0.09696,-0.99369,4.042,3.755,3.903,,,,Valid,Valid,228.0,147.8,550.4,297.2,152.1,559.1,269.8,179.1,265.5,206.7,0.5093,0.6526,0.5134,0.6058,0.5052,0.6994,Screen Recording,Screen Recording Recording54.mp4,1920,1080,0,0,960,540,Fixation,776,1164,969,694,0.5044,0.6423,,,,,,,,,,,
496952393,512572812300,Eye Tracker,LipReading_BJ,10/21/2025,ZJ,Recording54,10/18/2025,10/18/2025,21:15:16.594,13:15:16.594,535262,Timeline1,Tobii I-VT (Fixation),1.241.54219,1080,1920,10.0,2.8,2.1,2.7,0.26,0.2,0.25,10,8,10,4.8,8.1,6.0,0.48,0.81,0.58,18,30,22,2629487463,,,970,691,976,655,964,727,0.07099,0.05682,-0.99586,-0.05957,0.08309,-0.99476,4.033,3.789,3.903,,,,Valid,Valid,228.0,147.8,550.5,297.2,152.2,559.1,267.2,179.2,263.7,198.9,0.5053,0.6395,0.5086,0.6062,0.5019,0.6728,Screen Recording,Screen Recording Recording54.mp4,1920,1080,0,0,960,540,Fixation,776,1164,969,694,0.5044,0.6423,,,,,,,,,,,
496956393,512572816300,Eye Tracker,LipReading_BJ,10/21/2025,ZJ,Recording54,10/18/2025,10/18/2025,21:15:16.594,13:15:16.594,535262,Timeline1,Tobii I-VT (Fixation),1.241.54219,1080,1920,10.0,2.8,2.1,2.7,0.26,0.2,0.25,10,8,10,4.8,8.1,6.0,0.48,0.81,0.58,18,30,22,2629491463,,,970,714,974,666,967,763,0.0696,0.06248,-0.99562,-0.05808,0.10052,-0.99324,4.037,3.73,3.916,,,,Valid,Valid,228.0,147.8,550.5,297.2,152.2,559.1,266.5,182.3,264.5,208.7,0.5053,0.6615,0.5071,0.6168,0.5034,0.7062,Screen Recording,Screen Recording Recording54.mp4,1920,1080,0,0,960,540,Fixation,776,1164,969,694,0.5044,0.6423,,,,,,,,,,,
496960392,512572820299,Eye Tracker,LipReading_BJ,10/21/2025,ZJ,Recording54,10/18/2025,10/18/2025,21:15:16.594,13:15:16.594,535262,Timeline1,Tobii I-VT (Fixation),1.241.54219,1080,1920,10.0,2.8,2.1,2.7,0.26,0.2,0.25,10,8,10,4.8,8.1,6.0,0.48,0.81,0.58,18,30,22,2629495462,,,971,694,978,661,965,727,0.07155,0.05973,-0.99565,-0.05891,0.08324,-0.99479,4.047,3.816,3.927,,,,Valid,Valid,228.0,147.7,550.5,297.2,152.2,559.1,267.5,180.8,264.1,198.9,0.5059,0.6423,0.5092,0.6116,0.5026,0.6731,Screen Recording,Screen Recording Recording54.mp4,1920,1080,0,0,960,540,Fixation,776,1164,969,694,0.5044,0.6423,,,,,,,,,,,
496964392,512572824299,Eye Tracker,LipReading_BJ,10/21/2025,ZJ,Recording54,10/18/2025,10/18/2025,21:15:16.594,13:15:16.594,535262,Timeline1,Tobii I-VT (Fixation),1.241.54219,1080,1920,10.0,2.8,2.1,2.7,0.26,0.2,0.25,10,8,10,4.8,8.1,6.0,0.48,0.81,0.58,18,30,22,2629499462,,,972,677,984,656,960,698,0.07454,0.05735,-0.99557,-0.06164,0.06934,-0.99569,4.048,3.846,3.927,,,,Valid,Valid,228.0,147.8,550.5,297.2,152.1,559.1,269.2,179.5,262.6,191.1,0.506,0.6269,0.5123,0.6072,0.4998,0.6465,Screen Recording,Screen Recording Recording54.mp4,1920,1080,0,0,960,540,Fixation,776,1164,969,694,0.5044,0.6423,,,,,,,,,,,
496968392,512572828299,Eye Tracker,LipReading_BJ,10/21/2025,ZJ,Recording54,10/18/2025,10/18/2025,21:15:16.594,13:15:16.594,535262,Timeline1,Tobii I-VT (Fixation),1.241.54219,1080,1920,10.0,2.8,2.1,2.7,0.26,0.2,0.25,10,8,10,4.8,8.1,6.0,0.48,0.81,0.58,18,30,22,2629503462,,,968,689,966,667,970,711,0.06603,0.06305,-0.99582,-0.05643,0.07545,-0.99555,4.011,3.836,3.936,,,,Valid,Valid,228.0,147.7,550.5,297.2,152.2,559.1,264.5,182.6,265.5,194.5,0.5043,0.638,0.5033,0.6178,0.5053,0.6581,Screen Recording,Screen Recording Recording54.mp4,1920,1080,0,0,960,540,Fixation,776,1164,969,694,0.5044,0.6423,,,,,,,,,,,
496972392,512572832299,Eye Tracker,LipReading_BJ,10/21/2025,ZJ,Recording54,10/18/2025,10/18/2025,21:15:16.594,13:15:16.594,535262,Timeline1,Tobii I-VT (Fixation),1.241.54219,1080,1920,10.0,2.8,2.1,2.7,0.26,0.2,0.25,10,8,10,4.8,8.1,6.0,0.48,0.81,0.58,18,30,22,2629507462,,,966,686,969,652,963,720,0.06749,0.05538,-0.99618,-0.0599,0.07986,-0.995,4.036,3.812,3.935,,,,Valid,Valid,228.0,147.8,550.5,297.2,152.2,559.1,265.3,178.4,263.5,197.0,0.5032,0.635,0.5048,0.6034,0.5016,0.6666,Screen Recording,Screen Recording Recording54.mp4,1920,1080,0,0,960,540,Fixation,776,1164,969,694,0.5044,0.6423,,,,,,,,,,,
496976392,512572836299,Eye Tracker,LipReading_BJ,10/21/2025,ZJ,Recording54,10/18/2025,10/18/2025,21:15:16.594,13:15:16.594,535262,Timeline1,Tobii I-VT (Fixation),1.241.54219,1080,1920,10.0,2.8,2.1,2.7,0.26,0.2,0.25,10,8,10,4.8,8.1,6.0,0.48,0.81,0.58,18,30,22,2629511462,,,974,685,980,660,969,710,0.0727,0.05964,-0.99557,-0.05719,0.07498,-0.99554,4.02,3.866,3.931,,,,Valid,Valid,228.0,147.7,550.5,297.2,152.2,559.1,268.2,180.7,265.1,194.3,0.5074,0.6344,0.5104,0.6115,0.5045,0.6573,Screen Recording,Screen Recording Recording54.mp4,1920,1080,0,0,960,540,Fixation,776,1164,969,694,0.5044,0.6423,,,,,,,,,,,
496980393,512572840300,Eye Tracker,LipReading_BJ,10/21/2025,ZJ,Recording54,10/18/2025,10/18/2025,21:15:16.594,13:15:16.594,535262,Timeline1,Tobii I-VT (Fixation),1.241.54219,1080,1920,10.0,2.8,2.1,2.7,0.26,0.2,0.25,10,8,10,4.8,8.1,6.0,0.48,0.81,0.58,18,30,22,2629515463,,,969,680,974,662,963,697,0.07004,0.06064,-0.9957,-0.06005,0.06876,-0.99582,4.026,3.843,3.919,,,,Valid,Valid,228.0,147.8,550.5,297.2,152.2,559.1,266.7,181.3,263.5,190.8,0.5045,0.6294,0.5075,0.6133,0.5015,0.6454,Screen Recording,Screen Recording Recording54.mp4,1920,1080,0,0,960,540,Fixation,776,1164,969,694,0.5044,0.6423,,,,,,,,,,,
496984393,512572844300,Eye Tracker,LipReading_BJ,10/21/2025,ZJ,Recording54,10/18/2025,10/18/2025,21:15:16.594,13:15:16.594,535262,Timeline1,Tobii I-VT (Fixation),1.241.54219,1080,1920,10.0,2.8,2.1,2.7,0.26,0.2,0.25,10,8,10,4.8,8.1,6.0,0.48,0.81,0.58,18,30,22,2629519463,,,966,689,975,662,957,717,0.07045,0.06029,-0.99569,-0.06276,0.07824,-0.99496,4.032,3.785,3.906,,,,Valid,Valid,228.0,147.8,550.5,297.2,152.2,559.1,266.9,181.1,261.9,196.1,0.5032,0.6381,0.508,0.6127,0.4985,0.6636,Screen Recording,Screen Recording Recording54.mp4,1920,1080,0,0,960,540,Fixation,776,1164,969,694,0.5044,0.6423,,,,,,,,,,,
496988392,512572848299,Eye Tracker,LipReading_BJ,10/21/2025,ZJ,Recording54,10/18/2025,10/18/2025,21:15:16.594,13:15:16.594,535262,Timeline1,Tobii I-VT (Fixation),1.241.54219,1080,1920,10.0,2.8,2.1,2.7,0.26,0.2,0.25,10,8,10,4.8,8.1,6.0,0.48,0.81,0.58,18,30,22,2629523462,,,962,706,966,668,958,743,0.06573,0.0635,-0.99582,-0.06215,0.09093,-0.99392,4.024,3.752,3.906,,,,Valid,Valid,228.0,147.8,550.5,297.2,152.2,559.1,264.3,182.9,262.2,203.3,0.501,0.6533,0.503,0.6187,0.4991,0.6879,Screen Recording,Screen Recording Recording54.mp4,1920,1080,0,0,960,540,Fixation,776,1164,969,694,0.5044,0.6423,,,,,,,,,,,
496992393,512572852300,Eye Tracker,LipReading_BJ,10/21/2025,ZJ,Recording54,10/18/2025,10/18/2025,21:15:16.594,13:15:16.594,535262,Timeline1,Tobii I-VT (Fixation),1.241.54219,1080,1920,10.0,2.8,2.1,2.7,0.26,0.2,0.25,10,8,10,4.8,8.1,6.0,0.48,0.81,0.58,18,30,22,2629527463,,,963,698,972,667,953,730,0.06878,0.06288,-0.99565,-0.06454,0.08458,-0.99432,4.068,3.775,3.907,,,,Valid,Valid,228.0,147.8,550.5,297.2,152.2,559.1,266.0,182.5,260.9,199.7,0.5014,0.6466,0.5062,0.6176,0.4965,0.6757,Screen Recording,Screen Recording Recording54.mp4,1920,1080,0,0,960,540,Fixation,776,1164,969,694,0.5044,0.6423,,,,,,,,,,,
496995491,512572855398,Mouse,LipReading_BJ,10/21/2025,ZJ,Recording54,10/18/2025,10/18/2025,21:15:16.594,13:15:16.594,535262,Timeline1,Tobii I-VT (Fixation),1.241.54219,1080,1920,10.0,2.8,2.1,2.7,0.26,0.2,0.25,10,8,10,4.8,8.1,6.0,0.48,0.81,0.58,18,30,22,,,,,,,,,,,,,,,,,,,,,,,,,,,,,,,,,,,,,,,,Screen Recording,Screen Recording Recording54.mp4,1920,1080,0,0,960,540,Fixation,776,1164,969,694,0.5044,0.6423,,,,,,,,,,1014,943
496996393,512572856300,Eye Tracker,LipReading_BJ,10/21/2025,ZJ,Recording54,10/18/2025,10/18/2025,21:15:16.594,13:15:16.594,535262,Timeline1,Tobii I-VT (Fixation),1.241.54219,1080,1920,10.0,2.8,2.1,2.7,0.26,0.2,0.25,10,8,10,4.8,8.1,6.0,0.48,0.81,0.58,18,30,22,2629531463,,,963,703,967,665,958,741,0.06653,0.0617,-0.99587,-0.06228,0.08995,-0.994,4.059,3.78,3.92,,,,Valid,Valid,228.0,147.8,550.5,297.2,152.2,559.2,264.7,181.9,262.2,202.7,0.5014,0.6507,0.5038,0.6153,0.4989,0.686,Screen Recording,Screen Recording Recording54.mp4,1920,1080,0,0,960,540,Fixation,776,1164,969,694,0.5044,0.6423,,,,,,,,,,,
497000392,512572860299,Eye Tracker,LipReading_BJ,10/21/2025,ZJ,Recording54,10/18/2025,10/18/2025,21:15:16.594,13:15:16.594,535262,Timeline1,Tobii I-VT (Fixation),1.241.54219,1080,1920,10.0,2.8,2.1,2.7,0.26,0.2,0.25,10,8,10,4.8,8.1,6.0,0.48,0.81,0.58,18,30,22,2629535462,,,963,690,968,668,959,712,0.06666,0.0636,-0.99575,-0.06206,0.07595,-0.99518,4.034,3.812,3.925,,,,Valid,Valid,227.9,147.8,550.5,297.2,152.2,559.1,264.8,182.9,262.3,194.8,0.5016,0.639,0.504,0.6189,0.4992,0.6592,Screen Recording,Screen Recording Recording54.mp4,1920,1080,0,0,960,540,Fixation,776,1164,969,694,0.5044,0.6423,,,,,,,,,,,
497004392,512572864299,Eye Tracker,LipReading_BJ,10/21/2025,ZJ,Recording54,10/18/2025,10/18/2025,21:15:16.594,13:15:16.594,535262,Timeline1,Tobii I-VT (Fixation),1.241.54219,1080,1920,10.0,2.8,2.1,2.7,0.26,0.2,0.25,10,8,10,4.8,8.1,6.0,0.48,0.81,0.58,18,30,22,2629539462,,,971,703,976,671,966,736,0.07065,0.06471,-0.9954,-0.05842,0.08777,-0.99443,4.06,3.791,3.932,,,,Valid,Valid,227.9,147.8,550.5,297.2,152.1,559.2,267.0,183.5,264.3,201.5,0.5056,0.6514,0.5082,0.621,0.5031,0.6818,Screen Recording,Screen Recording Recording54.mp4,1920,1080,0,0,960,540,Fixation,776,1164,969,694,0.5044,0.6423,,,,,,,,,,,
497008392,512572868299,Eye Tracker,LipReading_BJ,10/21/2025,ZJ,Recording54,10/18/2025,10/18/2025,21:15:16.594,13:15:16.594,535262,Timeline1,Tobii I-VT (Fixation),1.241.54219,1080,1920,10.0,2.8,2.1,2.7,0.26,0.2,0.25,10,8,10,4.8,8.1,6.0,0.48,0.81,0.58,18,30,22,2629543462,,,966,691,973,667,958,715,0.06945,0.0627,-0.99561,-0.06207,0.07722,-0.99508,4.038,3.821,3.932,,,,Valid,Valid,227.9,147.8,550.6,297.2,152.1,559.2,266.3,182.4,262.3,195.5,0.5031,0.6394,0.5069,0.6172,0.4992,0.6616,Screen Recording,Screen Recording Recording54.mp4,1920,1080,0,0,960,540,Fixation,776,1164,969,694,0.5044,0.6423,,,,,,,,,,,
497012392,512572872299,Eye Tracker,LipReading_BJ,10/21/2025,ZJ,Recording54,10/18/2025,10/18/2025,21:15:16.594,13:15:16.594,535262,Timeline1,Tobii I-VT (Fixation),1.241.54219,1080,1920,10.0,2.8,2.1,2.7,0.26,0.2,0.25,10,8,10,4.8,8.1,6.0,0.48,0.81,0.58,18,30,22,2629547462,,,962,679,971,652,953,706,0.06839,0.05528,-0.99613,-0.06465,0.07309,-0.99523,4.052,3.824,3.936,,,,Valid,Valid,227.9,147.7,550.6,297.2,152.1,559.2,265.7,178.3,260.9,193.2,0.5011,0.6285,0.5058,0.6033,0.4965,0.6537,Screen Recording,Screen Recording Recording54.mp4,1920,1080,0,0,960,540,Fixation,776,1164,969,694,0.5044,0.6423,,,,,,,,,,,
497012682,512572872589,Mouse,LipReading_BJ,10/21/2025,ZJ,Recording54,10/18/2025,10/18/2025,21:15:16.594,13:15:16.594,535262,Timeline1,Tobii I-VT (Fixation),1.241.54219,1080,1920,10.0,2.8,2.1,2.7,0.26,0.2,0.25,10,8,10,4.8,8.1,6.0,0.48,0.81,0.58,18,30,22,,,,,,,,,,,,,,,,,,,,,,,,,,,,,,,,,,,,,,,,Screen Recording,Screen Recording Recording54.mp4,1920,1080,0,0,960,540,Fixation,776,1164,969,694,0.5044,0.6423,,,,,,,,,,1014,943
497016392,512572876299,Eye Tracker,LipReading_BJ,10/21/2025,ZJ,Recording54,10/18/2025,10/18/2025,21:15:16.594,13:15:16.594,535262,Timeline1,Tobii I-VT (Fixation),1.241.54219,1080,1920,10.0,2.8,2.1,2.7,0.26,0.2,0.25,10,8,10,4.8,8.1,6.0,0.48,0.81,0.58,18,30,22,2629551462,,,968,701,974,665,962,737,0.07005,0.06173,-0.99563,-0.06009,0.08812,-0.9943,4.057,3.737,3.938,,,,Valid,Valid,227.9,147.7,550.6,297.2,152.1,559.2,266.7,181.9,263.4,201.7,0.5044,0.6489,0.5075,0.6154,0.5013,0.6824,Screen Recording,Screen Recording Recording54.mp4,1920,1080,0,0,960,540,Fixation,776,1164,969,694,0.5044,0.6423,,,,,,,,,,,
497020393,512572880300,Eye Tracker,LipReading_BJ,10/21/2025,ZJ,Recording54,10/18/2025,10/18/2025,21:15:16.594,13:15:16.594,535262,Timeline1,Tobii I-VT (Fixation),1.241.54219,1080,1920,10.0,2.8,2.1,2.7,0.26,0.2,0.25,10,8,10,4.8,8.1,6.0,0.48,0.81,0.58,18,30,22,2629555463,,,962,686,969,672,954,699,0.0675,0.06562,-0.99556,-0.06437,0.06961,-0.9955,4.038,3.852,3.939,,,,Valid,Valid,227.9,147.7,550.6,297.2,152.1,559.2,265.3,184.0,261.0,191.2,0.5008,0.6348,0.5049,0.6227,0.4968,0.647,Screen Recording,Screen Recording Recording54.mp4,1920,1080,0,0,960,540,Fixation,776,1164,969,694,0.5044,0.6423,,,,,,,,,,,
497024389,512572884296,Eye Tracker,LipReading_BJ,10/21/2025,ZJ,Recording54,10/18/2025,10/18/2025,21:15:16.594,13:15:16.594,535262,Timeline1,Tobii I-VT (Fixation),1.241.54219,1080,1920,10.0,2.8,2.1,2.7,0.26,0.2,0.25,10,8,10,4.8,8.1,6.0,0.48,0.81,0.58,18,30,22,2629559460,,,964,676,978,663,950,689,0.07172,0.06092,-0.99556,-0.06625,0.06476,-0.9957,4.065,3.857,3.944,,,,Valid,Valid,227.9,147.7,550.6,297.2,152.1,559.2,267.6,181.4,260.0,188.5,0.502,0.6258,0.5093,0.6138,0.4948,0.6378,Screen Recording,Screen Recording Recording54.mp4,1920,1080,0,0,960,540,Fixation,776,1164,969,694,0.5044,0.6423,,,,,,,,,,,
497028388,512572888295,Eye Tracker,LipReading_BJ,10/21/2025,ZJ,Recording54,10/18/2025,10/18/2025,21:15:16.594,13:15:16.594,535262,Timeline1,Tobii I-VT (Fixation),1.241.54219,1080,1920,10.0,2.8,2.1,2.7,0.26,0.2,0.25,10,8,10,4.8,8.1,6.0,0.48,0.81,0.58,18,30,22,2629563459,,,979,704,983,669,975,739,0.07427,0.06401,-0.99518,-0.05406,0.08889,-0.99457,4.054,3.785,3.944,,,,Valid,Valid,227.9,147.7,550.6,297.2,152.1,559.2,269.0,183.1,266.8,202.1,0.5099,0.6517,0.512,0.6196,0.5077,0.6838,Screen Recording,Screen Recording Recording54.mp4,1920,1080,0,0,960,540,Fixation,776,1164,969,694,0.5044,0.6423,,,,,,,,,,,
497032389,512572892296,Eye Tracker,LipReading_BJ,10/21/2025,ZJ,Recording54,10/18/2025,10/18/2025,21:15:16.594,13:15:16.594,535262,Timeline1,Tobii I-VT (Fixation),1.241.54219,1080,1920,10.0,2.8,2.1,2.7,0.26,0.2,0.25,10,8,10,4.8,8.1,6.0,0.48,0.81,0.58,18,30,22,2629567460,,,966,674,974,652,958,695,0.0697,0.0557,-0.99601,-0.06219,0.06784,-0.99576,4.049,3.834,3.929,,,,Valid,Valid,227.9,147.7,550.6,297.2,152.1,559.2,266.5,178.5,262.3,190.2,0.5031,0.6238,0.5072,0.604,0.4991,0.6436,Screen Recording,Screen Recording Recording54.mp4,1920,1080,0,0,960,540,Fixation,776,1164,969,694,0.5044,0.6423,,,,,,,,,,,
497036389,512572896296,Eye Tracker,LipReading_BJ,10/21/2025,ZJ,Recording54,10/18/2025,10/18/2025,21:15:16.594,13:15:16.594,535262,Timeline1,Tobii I-VT (Fixation),1.241.54219,1080,1920,10.0,2.8,2.1,2.7,0.26,0.2,0.25,10,8,10,4.8,8.1,6.0,0.48,0.81,0.58,18,30,22,2629571460,,,959,699,971,661,947,736,0.06851,0.06005,-0.99584,-0.06766,0.08762,-0.99385,4.061,3.771,3.926,,,,Valid,Valid,227.9,147.7,550.7,297.2,152.1,559.2,265.8,180.9,259.1,201.4,0.4995,0.6468,0.5059,0.6121,0.4931,0.6815,Screen Recording,Screen Recording Recording54.mp4,1920,1080,0,0,960,540,Fixation,776,1164,969,694,0.5044,0.6423,,,,,,,,,,,
497040388,512572900295,Eye Tracker,LipReading_BJ,10/21/2025,ZJ,Recording54,10/18/2025,10/18/2025,21:15:16.594,13:15:16.594,535262,Timeline1,Tobii I-VT (Fixation),1.241.54219,1080,1920,10.0,2.8,2.1,2.7,0.26,0.2,0.25,10,8,10,4.8,8.1,6.0,0.48,0.81,0.58,18,30,22,2629575459,,,968,702,972,668,964,736,0.06863,0.06356,-0.99562,-0.05929,0.08752,-0.9944,4.018,3.804,3.914,,,,Valid,Valid,227.9,147.7,550.7,297.2,152.1,559.2,265.9,182.9,263.8,201.3,0.5041,0.65,0.5061,0.6187,0.5021,0.6812,Screen Recording,Screen Recording Recording54.mp4,1920,1080,0,0,960,540,Fixation,776,1164,969,694,0.5044,0.6423,,,,,,,,,,,
497044388,512572904295,Eye Tracker,LipReading_BJ,10/21/2025,ZJ,Recording54,10/18/2025,10/18/2025,21:15:16.594,13:15:16.594,535262,Timeline1,Tobii I-VT (Fixation),1.241.54219,1080,1920,10.0,2.8,2.1,2.7,0.26,0.2,0.25,10,8,10,4.8,8.1,6.0,0.48,0.81,0.58,18,30,22,2629579459,,,968,679,979,657,956,702,0.07251,0.05811,-0.99567,-0.06323,0.07102,-0.99547,3.999,3.875,3.914,,,,Valid,Valid,228.0,147.7,550.7,297.2,152.1,559.2,268.1,179.9,261.7,192.0,0.5041,0.6291,0.5102,0.6085,0.498,0.6497,Screen Recording,Screen Recording Recording54.mp4,1920,1080,0,0,960,540,Fixation,776,1164,969,694,0.5044,0.6423,,,,,,,,,,,
497048388,512572908295,Eye Tracker,LipReading_BJ,10/21/2025,ZJ,Recording54,10/18/2025,10/18/2025,21:15:16.594,13:15:16.594,535262,Timeline1,Tobii I-VT (Fixation),1.241.54219,1080,1920,10.0,2.8,2.1,2.7,0.26,0.2,0.25,10,8,10,4.8,8.1,6.0,0.48,0.81,0.58,18,30,22,2629583459,,,972,696,972,652,972,739,0.06872,0.05572,-0.99608,-0.05569,0.0893,-0.99445,4.019,3.81,3.914,,,,Valid,Valid,228.0,147.7,550.7,297.2,152.1,559.2,265.9,178.5,265.9,202.4,0.5061,0.6443,0.5061,0.604,0.506,0.6846,Screen Recording,Screen Recording Recording54.mp4,1920,1080,0,0,960,540,Fixation,776,1164,969,694,0.5044,0.6423,,,,,,,,,,,
497052388,512572912295,Eye Tracker,LipReading_BJ,10/21/2025,ZJ,Recording54,10/18/2025,10/18/2025,21:15:16.594,13:15:16.594,535262,Timeline1,Tobii I-VT (Fixation),1.241.54219,1080,1920,10.0,2.8,2.1,2.7,0.26,0.2,0.25,10,8,10,4.8,8.1,6.0,0.48,0.81,0.58,18,30,22,2629587459,,,967,692,973,669,961,716,0.06937,0.06383,-0.99555,-0.06107,0.07787,-0.99509,4.089,3.857,3.918,,,,Valid,Valid,228.0,147.7,550.7,297.2,152.1,559.2,266.3,183.0,262.9,195.9,0.5036,0.641,0.5069,0.6192,0.5003,0.6628,Screen Recording,Screen Recording Recording54.mp4,1920,1080,0,0,960,540,Fixation,776,1164,969,694,0.5044,0.6423,,,,,,,,,,,
497056388,512572916295,Eye Tracker,LipReading_BJ,10/21/2025,ZJ,Recording54,10/18/2025,10/18/2025,21:15:16.594,13:15:16.594,535262,Timeline1,Tobii I-VT (Fixation),1.241.54219,1080,1920,10.0,2.8,2.1,2.7,0.26,0.2,0.25,10,8,10,4.8,8.1,6.0,0.48,0.81,0.58,18,30,22,2629591459,,,973,697,987,659,959,734,0.07609,0.05901,-0.99535,-0.06202,0.08681,-0.99429,4.03,3.787,3.918,,,,Valid,Valid,228.0,147.7,550.7,297.2,152.1,559.2,270.1,180.4,262.3,201.0,0.5066,0.6451,0.514,0.6102,0.4992,0.6799,Screen Recording,Screen Recording Recording54.mp4,1920,1080,0,0,960,540,Fixation,776,1164,969,694,0.5044,0.6423,,,,,,,,,,,
497060389,512572920296,Eye Tracker,LipReading_BJ,10/21/2025,ZJ,Recording54,10/18/2025,10/18/2025,21:15:16.594,13:15:16.594,535262,Timeline1,Tobii I-VT (Fixation),1.241.54219,1080,1920,10.0,2.8,2.1,2.7,0.26,0.2,0.25,10,8,10,4.8,8.1,6.0,0.48,0.81,0.58,18,30,22,2629595460,,,965,689,972,668,958,709,0.06892,0.06336,-0.99561,-0.06256,0.07473,-0.99524,4.025,3.798,3.931,,,,Valid,Valid,228.0,147.7,550.7,297.2,152.1,559.2,266.1,182.8,262.1,194.1,0.5026,0.6376,0.5064,0.6183,0.4987,0.6568,Screen Recording,Screen Recording Recording54.mp4,1920,1080,0,0,960,540,Fixation,776,1164,969,694,0.5044,0.6423,,,,,,,,,,,
497064389,512572924296,Eye Tracker,LipReading_BJ,10/21/2025,ZJ,Recording54,10/18/2025,10/18/2025,21:15:16.594,13:15:16.594,535262,Timeline1,Tobii I-VT (Fixation),1.241.54219,1080,1920,10.0,2.8,2.1,2.7,0.26,0.2,0.25,10,8,10,4.8,8.1,6.0,0.48,0.81,0.58,18,30,22,2629599460,,,968,691,977,666,958,716,0.07123,0.06235,-0.99551,-0.06229,0.07814,-0.99499,4.023,3.831,3.916,,,,Valid,Valid,228.0,147.7,550.7,297.2,152.1,559.2,267.4,182.2,262.2,196.1,0.5039,0.6399,0.5089,0.6165,0.499,0.6633,Screen Recording,Screen Recording Recording54.mp4,1920,1080,0,0,960,540,Fixation,776,1164,969,694,0.5044,0.6423,,,,,,,,,,,
497068388,512572928295,Eye Tracker,LipReading_BJ,10/21/2025,ZJ,Recording54,10/18/2025,10/18/2025,21:15:16.594,13:15:16.594,535262,Timeline1,Tobii I-VT (Fixation),1.241.54219,1080,1920,10.0,2.8,2.1,2.7,0.26,0.2,0.25,10,8,10,4.8,8.1,6.0,0.48,0.81,0.58,18,30,22,2629603459,,,968,687,975,664,962,711,0.07028,0.06167,-0.99562,-0.06051,0.07531,-0.99532,4.03,3.851,3.929,,,,Valid,Valid,228.0,147.7,550.7,297.2,152.1,559.2,266.9,181.8,263.2,194.5,0.5044,0.6365,0.5079,0.6152,0.5009,0.6579,Screen Recording,Screen Recording Recording54.mp4,1920,1080,0,0,960,540,Fixation,776,1164,969,694,0.5044,0.6423,,,,,,,,,,,
497072389,512572932296,Eye Tracker,LipReading_BJ,10/21/2025,ZJ,Recording54,10/18/2025,10/18/2025,21:15:16.594,13:15:16.594,535262,Timeline1,Tobii I-VT (Fixation),1.241.54219,1080,1920,10.0,2.8,2.1,2.7,0.26,0.2,0.25,10,8,10,4.8,8.1,6.0,0.48,0.81,0.58,18,30,22,2629607460,,,965,702,973,670,957,734,0.06946,0.06425,-0.99551,-0.06273,0.08641,-0.99428,4.046,3.802,3.931,,,,Valid,Valid,228.0,147.7,550.7,297.2,152.1,559.2,266.4,183.2,261.9,200.7,0.5028,0.6496,0.507,0.62,0.4985,0.6792,Screen Recording,Screen Recording Recording54.mp4,1920,1080,0,0,960,540,Fixation,776,1164,969,694,0.5044,0.6423,,,,,,,,,,,
497076389,512572936296,Eye Tracker,LipReading_BJ,10/21/2025,ZJ,Recording54,10/18/2025,10/18/2025,21:15:16.594,13:15:16.594,535262,Timeline1,Tobii I-VT (Fixation),1.241.54219,1080,1920,10.0,2.8,2.1,2.7,0.26,0.2,0.25,10,8,10,4.8,8.1,6.0,0.48,0.81,0.58,18,30,22,2629611460,,,975,674,989,656,960,691,0.07722,0.05736,-0.99536,-0.06148,0.06599,-0.99592,4.027,3.885,3.946,,,,Valid,Valid,228.0,147.7,550.7,297.2,152.1,559.2,270.7,179.5,262.7,189.2,0.5076,0.6236,0.5152,0.6072,0.5,0.6401,Screen Recording,Screen Recording Recording54.mp4,1920,1080,0,0,960,540,Fixation,776,1164,969,694,0.5044,0.6423,,,,,,,,,,,
497080388,512572940295,Eye Tracker,LipReading_BJ,10/21/2025,ZJ,Recording54,10/18/2025,10/18/2025,21:15:16.594,13:15:16.594,535262,Timeline1,Tobii I-VT (Fixation),1.241.54219,1080,1920,10.0,2.8,2.1,2.7,0.26,0.2,0.25,10,8,10,4.8,8.1,6.0,0.48,0.81,0.58,18,30,22,2629615459,,,975,697,980,656,970,739,0.0728,0.05733,-0.9957,-0.05663,0.0889,-0.99443,4.041,3.83,3.935,,,,Valid,Valid,228.0,147.7,550.7,297.2,152.1,559.3,268.3,179.4,265.4,202.1,0.5078,0.6454,0.5105,0.607,0.5051,0.6838,Screen Recording,Screen Recording Recording54.mp4,1920,1080,0,0,960,540,Fixation,776,1164,969,694,0.5044,0.6423,,,,,,,,,,,
497084389,512572944296,Eye Tracker,LipReading_BJ,10/21/2025,ZJ,Recording54,10/18/2025,10/18/2025,21:15:16.594,13:15:16.594,535262,Timeline1,Tobii I-VT (Fixation),1.241.54219,1080,1920,10.0,2.8,2.1,2.7,0.26,0.2,0.25,10,8,10,4.8,8.1,6.0,0.48,0.81,0.58,18,30,22,2629619460,,,971,686,976,664,967,709,0.07084,0.06147,-0.99559,-0.05824,0.0746,-0.99551,4.043,3.869,3.952,,,,Valid,Valid,228.0,147.7,550.7,297.2,152.1,559.3,267.2,181.7,264.5,194.0,0.506,0.6356,0.5085,0.6147,0.5034,0.6564,Screen Recording,Screen Recording Recording54.mp4,1920,1080,0,0,960,540,Fixation,776,1164,969,694,0.5044,0.6423,,,,,,,,,,,
497088388,512572948295,Eye Tracker,LipReading_BJ,10/21/2025,ZJ,Recording54,10/18/2025,10/18/2025,21:15:16.594,13:15:16.594,535262,Timeline1,Tobii I-VT (Fixation),1.241.54219,1080,1920,10.0,2.8,2.1,2.7,0.26,0.2,0.25,10,8,10,4.8,8.1,6.0,0.48,0.81,0.58,18,30,22,2629623459,,,970,708,969,674,970,742,0.06734,0.06655,-0.99551,-0.0563,0.09073,-0.99428,4.012,3.798,3.935,,,,Valid,Valid,228.0,147.7,550.7,297.2,152.1,559.3,265.3,184.5,265.6,203.1,0.5051,0.6557,0.5048,0.6242,0.5054,0.6873,Screen Recording,Screen Recording Recording54.mp4,1920,1080,0,0,960,540,Fixation,776,1164,969,694,0.5044,0.6423,,,,,,,,,,,
497091303,512572951210,Mouse,LipReading_BJ,10/21/2025,ZJ,Recording54,10/18/2025,10/18/2025,21:15:16.594,13:15:16.594,535262,Timeline1,Tobii I-VT (Fixation),1.241.54219,1080,1920,10.0,2.8,2.1,2.7,0.26,0.2,0.25,10,8,10,4.8,8.1,6.0,0.48,0.81,0.58,18,30,22,,,,,,,,,,,,,,,,,,,,,,,,,,,,,,,,,,,,,,,,Screen Recording,Screen Recording Recording54.mp4,1920,1080,0,0,960,540,Fixation,776,1164,969,694,0.5044,0.6423,,,,,,,,,,1015,943
497092388,512572952295,Eye Tracker,LipReading_BJ,10/21/2025,ZJ,Recording54,10/18/2025,10/18/2025,21:15:16.594,13:15:16.594,535262,Timeline1,Tobii I-VT (Fixation),1.241.54219,1080,1920,10.0,2.8,2.1,2.7,0.26,0.2,0.25,10,8,10,4.8,8.1,6.0,0.48,0.81,0.58,18,30,22,2629627459,,,967,691,969,671,965,712,0.06722,0.06488,-0.99563,-0.05884,0.07607,-0.99537,4.043,3.863,3.953,,,,Valid,Valid,228.0,147.7,550.7,297.2,152.1,559.3,265.2,183.5,264.2,194.8,0.5037,0.6401,0.5047,0.621,0.5028,0.6592,Screen Recording,Screen Recording Recording54.mp4,1920,1080,0,0,960,540,Fixation,776,1164,969,694,0.5044,0.6423,,,,,,,,,,,
497096388,512572956295,Eye Tracker,LipReading_BJ,10/21/2025,ZJ,Recording54,10/18/2025,10/18/2025,21:15:16.594,13:15:16.594,535262,Timeline1,Tobii I-VT (Fixation),1.241.54219,1080,1920,10.0,2.8,2.1,2.7,0.26,0.2,0.25,10,8,10,4.8,8.1,6.0,0.48,0.81,0.58,18,30,22,2629631459,,,972,721,978,671,966,770,0.07158,0.06504,-0.99531,-0.05841,0.10431,-0.99283,4.018,3.746,3.913,,,,Valid,Valid,228.0,147.6,550.7,297.3,152.1,559.3,267.6,183.6,264.3,210.8,0.5062,0.6673,0.5093,0.6213,0.5031,0.7133,Screen Recording,Screen Recording Recording54.mp4,1920,1080,0,0,960,540,Fixation,776,1164,969,694,0.5044,0.6423,,,,,,,,,,,
497100389,512572960296,Eye Tracker,LipReading_BJ,10/21/2025,ZJ,Recording54,10/18/2025,10/18/2025,21:15:16.594,13:15:16.594,535262,Timeline1,Tobii I-VT (Fixation),1.241.54219,1080,1920,10.0,2.8,2.1,2.7,0.26,0.2,0.25,10,8,10,4.8,8.1,6.0,0.48,0.81,0.58,18,30,22,2629635460,,,963,686,968,666,958,707,0.06655,0.06256,-0.99582,-0.06243,0.07378,-0.99532,4.058,3.874,3.938,,,,Valid,Valid,228.0,147.6,550.7,297.3,152.1,559.3,264.8,182.2,262.2,193.5,0.5015,0.6356,0.504,0.6165,0.499,0.6547,Screen Recording,Screen Recording Recording54.mp4,1920,1080,0,0,960,540,Fixation,776,1164,969,694,0.5044,0.6423,,,,,,,,,,,
497104388,512572964295,Eye Tracker,LipReading_BJ,10/21/2025,ZJ,Recording54,10/18/2025,10/18/2025,21:15:16.594,13:15:16.594,535262,Timeline1,Tobii I-VT (Fixation),1.241.54219,1080,1920,10.0,2.8,2.1,2.7,0.26,0.2,0.25,10,8,10,4.8,8.1,6.0,0.48,0.81,0.58,18,30,22,2629639459,,,971,702,969,681,972,722,0.06724,0.06993,-0.99528,-0.05543,0.08127,-0.99515,4.02,3.806,3.924,,,,Valid,Valid,228.0,147.6,550.8,297.3,152.0,559.4,265.2,186.3,266.1,197.7,0.5056,0.6496,0.5048,0.6303,0.5064,0.6689,Screen Recording,Screen Recording Recording54.mp4,1920,1080,0,0,960,540,Fixation,776,1164,969,694,0.5044,0.6423,,,,,,,,,,,
497108388,512572968295,Eye Tracker,LipReading_BJ,10/21/2025,ZJ,Recording54,10/18/2025,10/18/2025,21:15:16.594,13:15:16.594,535262,Timeline1,Tobii I-VT (Fixation),1.241.54219,1080,1920,10.0,2.8,2.1,2.7,0.26,0.2,0.25,10,8,10,4.8,8.1,6.0,0.48,0.81,0.58,18,30,22,2629643459,,,967,689,972,675,963,703,0.06876,0.06707,-0.99538,-0.0602,0.07206,-0.99558,4.025,3.852,3.929,,,,Valid,Valid,228.0,147.6,550.8,297.3,152.0,559.4,266.1,184.7,263.5,192.5,0.5039,0.6381,0.5064,0.6249,0.5014,0.6513,Screen Recording,Screen Recording Recording54.mp4,1920,1080,0,0,960,540,Fixation,776,1164,969,694,0.5044,0.6423,,,,,,,,,,,
497111317,512572971224,Mouse,LipReading_BJ,10/21/2025,ZJ,Recording54,10/18/2025,10/18/2025,21:15:16.594,13:15:16.594,535262,Timeline1,Tobii I-VT (Fixation),1.241.54219,1080,1920,10.0,2.8,2.1,2.7,0.26,0.2,0.25,10,8,10,4.8,8.1,6.0,0.48,0.81,0.58,18,30,22,,,,,,,,,,,,,,,,,,,,,,,,,,,,,,,,,,,,,,,,Screen Recording,Screen Recording Recording54.mp4,1920,1080,0,0,960,540,Fixation,776,1164,969,694,0.5044,0.6423,,,,,,,,,,1015,942
497112388,512572972295,Eye Tracker,LipReading_BJ,10/21/2025,ZJ,Recording54,10/18/2025,10/18/2025,21:15:16.594,13:15:16.594,535262,Timeline1,Tobii I-VT (Fixation),1.241.54219,1080,1920,10.0,2.8,2.1,2.7,0.26,0.2,0.25,10,8,10,4.8,8.1,6.0,0.48,0.81,0.58,18,30,22,2629647459,,,968,699,972,676,964,722,0.06839,0.06745,-0.99538,-0.05935,0.08119,-0.99493,4.035,3.823,3.921,,,,Valid,Valid,228.0,147.6,550.8,297.3,152.0,559.4,265.9,184.9,263.9,197.7,0.5041,0.6472,0.506,0.6256,0.5023,0.6687,Screen Recording,Screen Recording Recording54.mp4,1920,1080,0,0,960,540,Fixation,776,1164,969,694,0.5044,0.6423,,,,,,,,,,,
497116389,512572976296,Eye Tracker,LipReading_BJ,10/21/2025,ZJ,Recording54,10/18/2025,10/18/2025,21:15:16.594,13:15:16.594,535262,Timeline1,Tobii I-VT (Fixation),1.241.54219,1080,1920,10.0,2.8,2.1,2.7,0.26,0.2,0.25,10,8,10,4.8,8.1,6.0,0.48,0.81,0.58,18,30,22,2629651460,,,969,711,978,671,961,751,0.07135,0.06504,-0.99533,-0.061,0.09527,-0.99358,4.055,3.804,3.933,,,,Valid,Valid,228.1,147.6,550.7,297.3,152.0,559.4,267.5,183.6,262.9,205.6,0.5048,0.6584,0.5092,0.6211,0.5004,0.6957,Screen Recording,Screen Recording Recording54.mp4,1920,1080,0,0,960,540,Fixation,776,1164,969,694,0.5044,0.6423,,,,,,,,,,,
497120388,512572980295,Eye Tracker,LipReading_BJ,10/21/2025,ZJ,Recording54,10/18/2025,10/18/2025,21:15:16.594,13:15:16.594,535262,Timeline1,Tobii I-VT (Fixation),1.241.54219,1080,1920,10.0,2.8,2.1,2.7,0.26,0.2,0.25,10,8,10,4.8,8.1,6.0,0.48,0.81,0.58,18,30,22,2629655459,,,971,711,965,676,977,745,0.06509,0.06765,-0.99558,-0.05332,0.09245,-0.99429,4.042,3.804,3.933,,,,Valid,Valid,228.1,147.6,550.8,297.3,152.0,559.4,264.1,185.0,267.3,204.0,0.5056,0.658,0.5026,0.6259,0.5087,0.6902,Screen Recording,Screen Recording Recording54.mp4,1920,1080,0,0,960,540,Fixation,776,1164,969,694,0.5044,0.6423,,,,,,,,,,,
497124304,512572984211,Mouse,LipReading_BJ,10/21/2025,ZJ,Recording54,10/18/2025,10/18/2025,21:15:16.594,13:15:16.594,535262,Timeline1,Tobii I-VT (Fixation),1.241.54219,1080,1920,10.0,2.8,2.1,2.7,0.26,0.2,0.25,10,8,10,4.8,8.1,6.0,0.48,0.81,0.58,18,30,22,,,,,,,,,,,,,,,,,,,,,,,,,,,,,,,,,,,,,,,,Screen Recording,Screen Recording Recording54.mp4,1920,1080,0,0,960,540,Fixation,776,1164,969,694,0.5044,0.6423,,,,,,,,,,1016,941
497124388,512572984295,Eye Tracker,LipReading_BJ,10/21/2025,ZJ,Recording54,10/18/2025,10/18/2025,21:15:16.594,13:15:16.594,535262,Timeline1,Tobii I-VT (Fixation),1.241.54219,1080,1920,10.0,2.8,2.1,2.7,0.26,0.2,0.25,10,8,10,4.8,8.1,6.0,0.48,0.81,0.58,18,30,22,2629659459,,,970,694,978,668,962,721,0.07177,0.06352,-0.9954,-0.0605,0.0808,-0.99489,4.052,3.856,3.949,,,,Valid,Valid,228.1,147.5,550.8,297.3,152.0,559.4,267.8,182.7,263.3,197.4,0.5053,0.643,0.5096,0.6181,0.5011,0.6679,Screen Recording,Screen Recording Recording54.mp4,1920,1080,0,0,960,540,Fixation,776,1164,969,694,0.5044,0.6423,,,,,,,,,,,
497128388,512572988295,Eye Tracker,LipReading_BJ,10/21/2025,ZJ,Recording54,10/18/2025,10/18/2025,21:15:16.594,13:15:16.594,535262,Timeline1,Tobii I-VT (Fixation),1.241.54219,1080,1920,10.0,2.8,2.1,2.7,0.26,0.2,0.25,10,8,10,4.8,8.1,6.0,0.48,0.81,0.58,18,30,22,2629663459,,,969,692,978,679,960,705,0.0715,0.06921,-0.99504,-0.06158,0.07294,-0.99543,4.004,3.878,3.95,,,,Valid,Valid,228.1,147.5,550.8,297.3,152.0,559.4,267.6,185.8,262.7,193.0,0.5047,0.6408,0.5094,0.6288,0.5,0.6529,Screen Recording,Screen Recording Recording54.mp4,1920,1080,0,0,960,540,Fixation,776,1164,969,694,0.5044,0.6423,,,,,,,,,,,
497132388,512572992295,Eye Tracker,LipReading_BJ,10/21/2025,ZJ,Recording54,10/18/2025,10/18/2025,21:15:16.594,13:15:16.594,535262,Timeline1,Tobii I-VT (Fixation),1.241.54219,1080,1920,10.0,2.8,2.1,2.7,0.26,0.2,0.25,10,8,10,4.8,8.1,6.0,0.48,0.81,0.58,18,30,22,2629667460,,,970,693,969,673,970,713,0.06708,0.06638,-0.99554,-0.0566,0.07678,-0.99544,4.016,3.884,3.954,,,,Valid,Valid,228.1,147.5,550.8,297.3,152.0,559.5,265.2,184.3,265.5,195.1,0.505,0.6418,0.5047,0.6234,0.5053,0.6602,Screen Recording,Screen Recording Recording54.mp4,1920,1080,0,0,960,540,Fixation,776,1164,969,694,0.5044,0.6423,,,,,,,,,,,
497136387,512572996294,Eye Tracker,LipReading_BJ,10/21/2025,ZJ,Recording54,10/18/2025,10/18/2025,21:15:16.594,13:15:16.594,535262,Timeline1,Tobii I-VT (Fixation),1.241.54219,1080,1920,10.0,2.8,2.1,2.7,0.26,0.2,0.25,10,8,10,4.8,8.1,6.0,0.48,0.81,0.58,18,30,22,2629671459,,,962,692,962,683,963,702,0.06337,0.07137,-0.99543,-0.06,0.07123,-0.99565,4.023,3.898,3.954,,,,Valid,Valid,228.1,147.5,550.9,297.3,152.0,559.5,263.1,187.0,263.6,192.0,0.5012,0.6412,0.5008,0.6327,0.5017,0.6496,Screen Recording,Screen Recording Recording54.mp4,1920,1080,0,0,960,540,Fixation,776,1164,969,694,0.5044,0.6423,,,,,,,,,,,
497140388,512573000295,Eye Tracker,LipReading_BJ,10/21/2025,ZJ,Recording54,10/18/2025,10/18/2025,21:15:16.594,13:15:16.594,535262,Timeline1,Tobii I-VT (Fixation),1.241.54219,1080,1920,10.0,2.8,2.1,2.7,0.26,0.2,0.25,10,8,10,4.8,8.1,6.0,0.48,0.81,0.58,18,30,22,2629675460,,,972,680,982,662,962,699,0.07348,0.06068,-0.99545,-0.06083,0.07003,-0.99569,4.076,3.913,3.969,,,,Valid,Valid,228.1,147.5,550.9,297.3,152.0,559.4,268.7,181.1,263.1,191.3,0.5061,0.63,0.5115,0.6127,0.5008,0.6473,Screen Recording,Screen Recording Recording54.mp4,1920,1080,0,0,960,540,Fixation,776,1164,969,694,0.5044,0.6423,,,,,,,,,,,
497144387,512573004294,Eye Tracker,LipReading_BJ,10/21/2025,ZJ,Recording54,10/18/2025,10/18/2025,21:15:16.594,13:15:16.594,535262,Timeline1,Tobii I-VT (Fixation),1.241.54219,1080,1920,10.0,2.8,2.1,2.7,0.26,0.2,0.25,10,8,10,4.8,8.1,6.0,0.48,0.81,0.58,18,30,22,2629679459,,,969,687,970,659,969,715,0.06736,0.05945,-0.99596,-0.0574,0.07773,-0.99532,4.067,3.882,3.968,,,,Valid,Valid,228.1,147.5,550.9,297.3,152.0,559.4,265.3,180.4,265.1,195.7,0.5047,0.6362,0.505,0.6104,0.5044,0.662,Screen Recording,Screen Recording Recording54.mp4,1920,1080,0,0,960,540,Fixation,776,1164,969,694,0.5044,0.6423,,,,,,,,,,,
497148387,512573008294,Eye Tracker,LipReading_BJ,10/21/2025,ZJ,Recording54,10/18/2025,10/18/2025,21:15:16.594,13:15:16.594,535262,Timeline1,Tobii I-VT (Fixation),1.241.54219,1080,1920,10.0,2.8,2.1,2.7,0.26,0.2,0.25,10,8,10,4.8,8.1,6.0,0.48,0.81,0.58,18,30,22,2629683459,,,969,703,968,671,969,735,0.06657,0.06536,-0.99564,-0.05713,0.08749,-0.99453,4.054,3.842,3.968,,,,Valid,Valid,228.1,147.5,550.9,297.3,152.0,559.5,264.9,183.7,265.2,201.2,0.5044,0.6511,0.5042,0.6215,0.5047,0.6807,Screen Recording,Screen Recording Recording54.mp4,1920,1080,0,0,960,540,Fixation,776,1164,969,694,0.5044,0.6423,,,,,,,,,,,
497152388,512573012295,Eye Tracker,LipReading_BJ,10/21/2025,ZJ,Recording54,10/18/2025,10/18/2025,21:15:16.594,13:15:16.594,535262,Timeline1,Tobii I-VT (Fixation),1.241.54219,1080,1920,10.0,2.8,2.1,2.7,0.26,0.2,0.25,10,8,10,4.8,8.1,6.0,0.48,0.81,0.58,18,30,22,2629687460,,,969,696,973,680,966,713,0.06892,0.06963,-0.99519,-0.05864,0.07678,-0.99532,4.011,3.864,3.967,,,,Valid,Valid,228.1,147.5,550.9,297.3,152.0,559.5,266.2,186.1,264.4,195.1,0.5049,0.6449,0.5067,0.6295,0.5031,0.6602,Screen Recording,Screen Recording Recording54.mp4,1920,1080,0,0,960,540,Fixation,776,1164,969,694,0.5044,0.6423,,,,,,,,,,,
497156387,512573016294,Eye Tracker,LipReading_BJ,10/21/2025,ZJ,Recording54,10/18/2025,10/18/2025,21:15:16.594,13:15:16.594,535262,Timeline1,Tobii I-VT (Fixation),1.241.54219,1080,1920,10.0,2.8,2.1,2.7,0.26,0.2,0.25,10,8,10,4.8,8.1,6.0,0.48,0.81,0.58,18,30,22,2629691459,,,971,685,982,668,960,702,0.07329,0.06356,-0.99528,-0.06155,0.07157,-0.99553,4.024,3.942,3.949,,,,Valid,Valid,228.1,147.5,550.9,297.3,152.0,559.5,268.7,182.7,262.7,192.2,0.5057,0.6342,0.5113,0.6181,0.5,0.6503,Screen Recording,Screen Recording Recording54.mp4,1920,1080,0,0,960,540,Fixation,776,1164,969,694,0.5044,0.6423,,,,,,,,,,,
497160386,512573020293,Eye Tracker,LipReading_BJ,10/21/2025,ZJ,Recording54,10/18/2025,10/18/2025,21:15:16.594,13:15:16.594,535262,Timeline1,Tobii I-VT (Fixation),1.241.54219,1080,1920,10.0,2.8,2.1,2.7,0.26,0.2,0.25,10,8,10,4.8,8.1,6.0,0.48,0.81,0.58,18,30,22,2629695458,,,964,684,965,673,962,694,0.06523,0.06646,-0.99565,-0.06059,0.06744,-0.99588,4.059,3.879,3.949,,,,Valid,Valid,228.1,147.5,550.9,297.3,152.0,559.5,264.2,184.3,263.3,189.9,0.5019,0.6329,0.5028,0.6235,0.5011,0.6424,Screen Recording,Screen Recording Recording54.mp4,1920,1080,0,0,960,540,Fixation,776,1164,969,694,0.5044,0.6423,,,,,,,,,,,
497164387,512573024294,Eye Tracker,LipReading_BJ,10/21/2025,ZJ,Recording54,10/18/2025,10/18/2025,21:15:16.594,13:15:16.594,535262,Timeline1,Tobii I-VT (Fixation),1.241.54219,1080,1920,10.0,2.8,2.1,2.7,0.26,0.2,0.25,10,8,10,4.8,8.1,6.0,0.48,0.81,0.58,18,30,22,2629699459,,,972,714,968,679,976,749,0.06642,0.06909,-0.9954,-0.0536,0.09442,-0.99409,4.033,3.827,3.966,,,,Valid,Valid,228.1,147.5,550.9,297.3,152.0,559.5,264.9,185.7,267.2,205.1,0.5063,0.6612,0.5041,0.6284,0.5085,0.694,Screen Recording,Screen Recording Recording54.mp4,1920,1080,0,0,960,540,Fixation,776,1164,969,694,0.5044,0.6423,,,,,,,,,,,
497168386,512573028293,Eye Tracker,LipReading_BJ,10/21/2025,ZJ,Recording54,10/18/2025,10/18/2025,21:15:16.594,13:15:16.594,535262,Timeline1,Tobii I-VT (Fixation),1.241.54219,1080,1920,10.0,2.8,2.1,2.7,0.26,0.2,0.25,10,8,10,4.8,8.1,6.0,0.48,0.81,0.58,18,30,22,2629703458,,,971,699,970,670,972,728,0.06771,0.06467,-0.99561,-0.05553,0.08408,-0.99491,4.053,3.863,3.958,,,,Valid,Valid,228.1,147.5,550.9,297.3,152.0,559.5,265.6,183.3,266.1,199.3,0.5059,0.6471,0.5054,0.6201,0.5064,0.6742,Screen Recording,Screen Recording Recording54.mp4,1920,1080,0,0,960,540,Fixation,776,1164,969,694,0.5044,0.6423,,,,,,,,,,,
497172387,512573032294,Eye Tracker,LipReading_BJ,10/21/2025,ZJ,Recording54,10/18/2025,10/18/2025,21:15:16.594,13:15:16.594,535262,Timeline1,Tobii I-VT (Fixation),1.241.54219,1080,1920,10.0,2.8,2.1,2.7,0.26,0.2,0.25,10,8,10,4.8,8.1,6.0,0.48,0.81,0.58,18,30,22,2629707459,,,956,678,964,660,949,696,0.06455,0.05995,-0.99611,-0.06701,0.06839,-0.99541,4.073,3.893,3.957,,,,Valid,Valid,228.1,147.5,550.9,297.3,152.0,559.5,263.8,180.7,259.7,190.4,0.4981,0.6277,0.502,0.6113,0.4942,0.6442,Screen Recording,Screen Recording Recording54.mp4,1920,1080,0,0,960,540,Fixation,776,1164,969,694,0.5044,0.6423,,,,,,,,,,,
497176386,512573036293,Eye Tracker,LipReading_BJ,10/21/2025,ZJ,Recording54,10/18/2025,10/18/2025,21:15:16.594,13:15:16.594,535262,Timeline1,Tobii I-VT (Fixation),1.241.54219,1080,1920,10.0,2.8,2.1,2.7,0.26,0.2,0.25,10,8,10,4.8,8.1,6.0,0.48,0.81,0.58,18,30,22,2629711458,,,968,701,977,668,959,735,0.07121,0.06357,-0.99543,-0.06181,0.08759,-0.99424,4.034,3.847,3.973,,,,Valid,Valid,228.1,147.5,550.9,297.3,152.0,559.5,267.5,182.7,262.6,201.3,0.5044,0.6495,0.5091,0.6181,0.4997,0.681,Screen Recording,Screen Recording Recording54.mp4,1920,1080,0,0,960,540,Fixation,776,1164,969,694,0.5044,0.6423,,,,,,,,,,,
497180387,512573040294,Eye Tracker,LipReading_BJ,10/21/2025,ZJ,Recording54,10/18/2025,10/18/2025,21:15:16.594,13:15:16.594,535262,Timeline1,Tobii I-VT (Fixation),1.241.54219,1080,1920,10.0,2.8,2.1,2.7,0.26,0.2,0.25,10,8,10,4.8,8.1,6.0,0.48,0.81,0.58,18,30,22,2629715459,,,967,687,976,669,958,704,0.07048,0.06436,-0.99543,-0.06279,0.07246,-0.99539,4.051,3.903,3.977,,,,Valid,Valid,228.1,147.5,550.9,297.3,152.0,559.5,267.1,183.1,262.0,192.7,0.5035,0.6358,0.5083,0.6196,0.4987,0.652,Screen Recording,Screen Recording Recording54.mp4,1920,1080,0,0,960,540,Fixation,776,1164,969,694,0.5044,0.6423,,,,,,,,,,,
497184387,512573044294,Eye Tracker,LipReading_BJ,10/21/2025,ZJ,Recording54,10/18/2025,10/18/2025,21:15:16.594,13:15:16.594,535262,Timeline1,Tobii I-VT (Fixation),1.241.54219,1080,1920,10.0,2.8,2.1,2.7,0.26,0.2,0.25,10,8,10,4.8,8.1,6.0,0.48,0.81,0.58,18,30,22,2629719459,,,962,684,965,676,959,692,0.06497,0.06766,-0.99559,-0.06228,0.06674,-0.99582,4.054,3.921,3.976,,,,Valid,Valid,228.1,147.5,550.9,297.3,152.0,559.5,264.0,184.9,262.3,189.5,0.5009,0.6334,0.5025,0.6257,0.4993,0.641,Screen Recording,Screen Recording Recording54.mp4,1920,1080,0,0,960,540,Fixation,776,1164,969,694,0.5044,0.6423,,,,,,,,,,,
497188386,512573048293,Eye Tracker,LipReading_BJ,10/21/2025,ZJ,Recording54,10/18/2025,10/18/2025,21:15:16.594,13:15:16.594,535262,Timeline1,Tobii I-VT (Fixation),1.241.54219,1080,1920,10.0,2.8,2.1,2.7,0.26,0.2,0.25,10,8,10,4.8,8.1,6.0,0.48,0.81,0.58,18,30,22,2629723458,,,977,686,980,670,974,702,0.07248,0.06499,-0.99525,-0.05456,0.07139,-0.99595,4.049,3.921,3.976,,,,Valid,Valid,228.1,147.5,550.9,297.3,151.9,559.5,268.2,183.5,266.7,192.1,0.509,0.6353,0.5105,0.6207,0.5075,0.6498,Screen Recording,Screen Recording Recording54.mp4,1920,1080,0,0,960,540,Fixation,776,1164,969,694,0.5044,0.6423,,,,,,,,,,,
497192387,512573052294,Eye Tracker,LipReading_BJ,10/21/2025,ZJ,Recording54,10/18/2025,10/18/2025,21:15:16.594,13:15:16.594,535262,Timeline1,Tobii I-VT (Fixation),1.241.54219,1080,1920,10.0,2.8,2.1,2.7,0.26,0.2,0.25,10,8,10,4.8,8.1,6.0,0.48,0.81,0.58,18,30,22,2629727459,,,966,692,970,681,962,703,0.06752,0.0702,-0.99525,-0.06074,0.07217,-0.99554,4.029,3.867,3.966,,,,Valid,Valid,228.1,147.5,550.9,297.3,152.0,559.5,265.5,186.3,263.2,192.5,0.5031,0.6409,0.5052,0.6305,0.5009,0.6513,Screen Recording,Screen Recording Recording54.mp4,1920,1080,0,0,960,540,Fixation,776,1164,969,694,0.5044,0.6423,,,,,,,,,,,
497196387,512573056294,Eye Tracker,LipReading_BJ,10/21/2025,ZJ,Recording54,10/18/2025,10/18/2025,21:15:16.594,13:15:16.594,535262,Timeline1,Tobii I-VT (Fixation),1.241.54219,1080,1920,10.0,2.8,2.1,2.7,0.26,0.2,0.25,10,8,10,4.8,8.1,6.0,0.48,0.81,0.58,18,30,22,2629731459,,,978,689,992,666,965,713,0.07811,0.06265,-0.99497,-0.05931,0.07691,-0.99527,4.037,3.877,3.959,,,,Valid,Valid,228.1,147.5,550.9,297.3,151.9,559.5,271.3,182.2,264.0,195.2,0.5094,0.6384,0.5164,0.6164,0.5024,0.6603,Screen Recording,Screen Recording Recording54.mp4,1920,1080,0,0,960,540,Fixation,776,1164,969,694,0.5044,0.6423,,,,,,,,,,,
497198264,512573058171,Mouse,LipReading_BJ,10/21/2025,ZJ,Recording54,10/18/2025,10/18/2025,21:15:16.594,13:15:16.594,535262,Timeline1,Tobii I-VT (Fixation),1.241.54219,1080,1920,10.0,2.8,2.1,2.7,0.26,0.2,0.25,10,8,10,4.8,8.1,6.0,0.48,0.81,0.58,18,30,22,,,,,,,,,,,,,,,,,,,,,,,,,,,,,,,,,,,,,,,,Screen Recording,Screen Recording Recording54.mp4,1920,1080,0,0,960,540,Fixation,776,1164,969,694,0.5044,0.6423,,,,,,,,,,1016,940
497200386,512573060293,Eye Tracker,LipReading_BJ,10/21/2025,ZJ,Recording54,10/18/2025,10/18/2025,21:15:16.594,13:15:16.594,535262,Timeline1,Tobii I-VT (Fixation),1.241.54219,1080,1920,10.0,2.8,2.1,2.7,0.26,0.2,0.25,10,8,10,4.8,8.1,6.0,0.48,0.81,0.58,18,30,22,2629735458,,,971,686,979,662,964,709,0.07181,0.06087,-0.99556,-0.05974,0.07498,-0.99539,4.062,3.882,3.959,,,,Valid,Valid,228.1,147.5,550.9,297.3,151.9,559.5,267.8,181.2,263.8,194.1,0.5058,0.6348,0.5097,0.613,0.502,0.6567,Screen Recording,Screen Recording Recording54.mp4,1920,1080,0,0,960,540,Fixation,776,1164,969,694,0.5044,0.6423,,,,,,,,,,,
497204387,512573064294,Eye Tracker,LipReading_BJ,10/21/2025,ZJ,Recording54,10/18/2025,10/18/2025,21:15:16.594,13:15:16.594,535262,Timeline1,Tobii I-VT (Fixation),1.241.54219,1080,1920,10.0,2.8,2.1,2.7,0.26,0.2,0.25,10,8,10,4.8,8.1,6.0,0.48,0.81,0.58,18,30,22,2629739459,,,969,681,973,663,964,700,0.06919,0.06116,-0.99573,-0.05949,0.07069,-0.99572,4.035,3.883,3.965,,,,Valid,Valid,228.1,147.5,550.9,297.3,151.9,559.5,266.4,181.3,263.9,191.7,0.5046,0.631,0.507,0.6135,0.5022,0.6484,Screen Recording,Screen Recording Recording54.mp4,1920,1080,0,0,960,540,Fixation,776,1164,969,694,0.5044,0.6423,,,,,,,,,,,
497208386,512573068293,Eye Tracker,LipReading_BJ,10/21/2025,ZJ,Recording54,10/18/2025,10/18/2025,21:15:16.594,13:15:16.594,535262,Timeline1,Tobii I-VT (Fixation),1.241.54219,1080,1920,10.0,2.8,2.1,2.7,0.26,0.2,0.25,10,8,10,4.8,8.1,6.0,0.48,0.81,0.58,18,30,22,2629743458,,,964,693,969,670,959,715,0.06682,0.06509,-0.99564,-0.06216,0.0778,-0.99503,4.056,3.907,3.965,,,,Valid,Valid,228.1,147.5,551.0,297.3,151.9,559.6,265.1,183.5,262.4,195.7,0.5019,0.6414,0.5045,0.6208,0.4993,0.662,Screen Recording,Screen Recording Recording54.mp4,1920,1080,0,0,960,540,Fixation,776,1164,969,694,0.5044,0.6423,,,,,,,,,,,
497209321,512573069228,Mouse,LipReading_BJ,10/21/2025,ZJ,Recording54,10/18/2025,10/18/2025,21:15:16.594,13:15:16.594,535262,Timeline1,Tobii I-VT (Fixation),1.241.54219,1080,1920,10.0,2.8,2.1,2.7,0.26,0.2,0.25,10,8,10,4.8,8.1,6.0,0.48,0.81,0.58,18,30,22,,,,,,,,,,,,,,,,,,,,,,,,,,,,,,,,,,,,,,,,Screen Recording,Screen Recording Recording54.mp4,1920,1080,0,0,960,540,Fixation,776,1164,969,694,0.5044,0.6423,,,,,,,,,,1016,939
497212387,512573072294,Eye Tracker,LipReading_BJ,10/21/2025,ZJ,Recording54,10/18/2025,10/18/2025,21:15:16.594,13:15:16.594,535262,Timeline1,Tobii I-VT (Fixation),1.241.54219,1080,1920,10.0,2.8,2.1,2.7,0.26,0.2,0.25,10,8,10,4.8,8.1,6.0,0.48,0.81,0.58,18,30,22,2629747459,,,971,695,976,679,967,712,0.07038,0.06906,-0.99513,-0.05811,0.07639,-0.99538,4.047,3.899,3.968,,,,Valid,Valid,228.1,147.5,551.0,297.3,151.9,559.5,267.1,185.7,264.7,194.9,0.506,0.6438,0.5082,0.6283,0.5037,0.6593,Screen Recording,Screen Recording Recording54.mp4,1920,1080,0,0,960,540,Fixation,776,1164,969,694,0.5044,0.6423,,,,,,,,,,,
497216386,512573076293,Eye Tracker,LipReading_BJ,10/21/2025,ZJ,Recording54,10/18/2025,10/18/2025,21:15:16.594,13:15:16.594,535262,Timeline1,Tobii I-VT (Fixation),1.241.54219,1080,1920,10.0,2.8,2.1,2.7,0.26,0.2,0.25,10,8,10,4.8,8.1,6.0,0.48,0.81,0.58,18,30,22,2629751458,,,966,698,972,654,960,742,0.06857,0.05713,-0.99601,-0.06139,0.09095,-0.99396,4.046,3.854,3.968,,,,Valid,Valid,228.1,147.5,551.0,297.3,151.9,559.5,266.0,179.1,262.8,203.1,0.5032,0.6466,0.5063,0.6059,0.5001,0.6873,Screen Recording,Screen Recording Recording54.mp4,1920,1080,0,0,960,540,Fixation,776,1164,969,694,0.5044,0.6423,,,,,,,,,,,
497220387,512573080294,Eye Tracker,LipReading_BJ,10/21/2025,ZJ,Recording54,10/18/2025,10/18/2025,21:15:16.594,13:15:16.594,535262,Timeline1,Tobii I-VT (Fixation),1.241.54219,1080,1920,10.0,2.8,2.1,2.7,0.26,0.2,0.25,10,8,10,4.8,8.1,6.0,0.48,0.81,0.58,18,30,22,2629755459,,,968,694,975,664,961,723,0.0702,0.06198,-0.99561,-0.06125,0.08166,-0.99478,4.043,3.889,3.958,,,,Valid,Valid,228.1,147.5,551.0,297.3,151.9,559.5,266.9,181.8,262.9,197.9,0.5042,0.6422,0.508,0.615,0.5003,0.6694,Screen Recording,Screen Recording Recording54.mp4,1920,1080,0,0,960,540,Fixation,776,1164,969,694,0.5044,0.6423,,,,,,,,,,,
497224387,512573084294,Eye Tracker,LipReading_BJ,10/21/2025,ZJ,Recording54,10/18/2025,10/18/2025,21:15:16.594,13:15:16.594,535262,Timeline1,Tobii I-VT (Fixation),1.241.54219,1080,1920,10.0,2.8,2.1,2.7,0.26,0.2,0.25,10,8,10,4.8,8.1,6.0,0.48,0.81,0.58,18,30,22,2629759459,,,969,698,966,676,971,720,0.06574,0.06769,-0.99554,-0.05617,0.08021,-0.99519,4.029,3.87,3.958,,,,Valid,Valid,228.1,147.5,551.0,297.3,151.9,559.5,264.5,184.9,265.8,197.0,0.5046,0.6462,0.5033,0.6257,0.5058,0.6666,Screen Recording,Screen Recording Recording54.mp4,1920,1080,0,0,960,540,Fixation,776,1164,969,694,0.5044,0.6423,,,,,,,,,,,
497226463,512573086370,Mouse,LipReading_BJ,10/21/2025,ZJ,Recording54,10/18/2025,10/18/2025,21:15:16.594,13:15:16.594,535262,Timeline1,Tobii I-VT (Fixation),1.241.54219,1080,1920,10.0,2.8,2.1,2.7,0.26,0.2,0.25,10,8,10,4.8,8.1,6.0,0.48,0.81,0.58,18,30,22,,,,,,,,,,,,,,,,,,,,,,,,,,,,,,,,,,,,,,,,Screen Recording,Screen Recording Recording54.mp4,1920,1080,0,0,960,540,Fixation,776,1164,969,694,0.5044,0.6423,,,,,,,,,,1017,939
497228386,512573088293,Eye Tracker,LipReading_BJ,10/21/2025,ZJ,Recording54,10/18/2025,10/18/2025,21:15:16.594,13:15:16.594,535262,Timeline1,Tobii I-VT (Fixation),1.241.54219,1080,1920,10.0,2.8,2.1,2.7,0.26,0.2,0.25,10,8,10,4.8,8.1,6.0,0.48,0.81,0.58,18,30,22,2629763458,,,969,709,977,665,960,753,0.071,0.06248,-0.99552,-0.06142,0.09605,-0.99348,4.063,3.857,3.958,,,,Valid,Valid,228.1,147.5,550.9,297.3,151.9,559.5,267.4,182.1,262.7,206.0,0.5045,0.6565,0.5089,0.616,0.5001,0.697,Screen Recording,Screen Recording Recording54.mp4,1920,1080,0,0,960,540,Fixation,776,1164,969,694,0.5044,0.6423,,,,,,,,,,,
497232387,512573092294,Eye Tracker,LipReading_BJ,10/21/2025,ZJ,Recording54,10/18/2025,10/18/2025,21:15:16.594,13:15:16.594,535262,Timeline1,Tobii I-VT (Fixation),1.241.54219,1080,1920,10.0,2.8,2.1,2.7,0.26,0.2,0.25,10,8,10,4.8,8.1,6.0,0.48,0.81,0.58,18,30,22,2629767459,,,966,682,975,666,958,697,0.0701,0.06299,-0.99555,-0.06279,0.06911,-0.99563,4.045,3.917,3.961,,,,Valid,Valid,228.1,147.5,551.0,297.3,151.9,559.6,266.9,182.3,262.1,190.8,0.5033,0.6312,0.5079,0.6169,0.4987,0.6454,Screen Recording,Screen Recording Recording54.mp4,1920,1080,0,0,960,540,Fixation,776,1164,969,694,0.5044,0.6423,,,,,,,,,,,
497236386,512573096293,Eye Tracker,LipReading_BJ,10/21/2025,ZJ,Recording54,10/18/2025,10/18/2025,21:15:16.594,13:15:16.594,535262,Timeline1,Tobii I-VT (Fixation),1.241.54219,1080,1920,10.0,2.8,2.1,2.7,0.26,0.2,0.25,10,8,10,4.8,8.1,6.0,0.48,0.81,0.58,18,30,22,2629771459,,,974,711,982,681,966,742,0.07354,0.06999,-0.99483,-0.05862,0.09085,-0.99414,4.051,3.844,3.957,,,,Valid,Valid,228.1,147.5,551.0,297.3,151.9,559.5,268.8,186.2,264.3,203.1,0.5074,0.6586,0.5116,0.6301,0.5031,0.6871,Screen Recording,Screen Recording Recording54.mp4,1920,1080,0,0,960,540,Fixation,776,1164,969,694,0.5044,0.6423,,,,,,,,,,,
497238626,512573098533,Mouse,LipReading_BJ,10/21/2025,ZJ,Recording54,10/18/2025,10/18/2025,21:15:16.594,13:15:16.594,535262,Timeline1,Tobii I-VT (Fixation),1.241.54219,1080,1920,10.0,2.8,2.1,2.7,0.26,0.2,0.25,10,8,10,4.8,8.1,6.0,0.48,0.81,0.58,18,30,22,,,,,,,,,,,,,,,,,,,,,,,,,,,,,,,,,,,,,,,,Screen Recording,Screen Recording Recording54.mp4,1920,1080,0,0,960,540,Fixation,776,1164,969,694,0.5044,0.6423,,,,,,,,,,1017,938
497240385,512573100292,Eye Tracker,LipReading_BJ,10/21/2025,ZJ,Recording54,10/18/2025,10/18/2025,21:15:16.594,13:15:16.594,535262,Timeline1,Tobii I-VT (Fixation),1.241.54219,1080,1920,10.0,2.8,2.1,2.7,0.26,0.2,0.25,10,8,10,4.8,8.1,6.0,0.48,0.81,0.58,18,30,22,2629775458,,,971,689,974,670,969,709,0.06938,0.06459,-0.9955,-0.05745,0.07483,-0.99554,4.069,3.944,3.948,,,,Valid,Valid,228.1,147.5,551.0,297.3,151.9,559.5,266.5,183.2,265.1,194.0,0.5058,0.6382,0.5072,0.6199,0.5044,0.6564,Screen Recording,Screen Recording Recording54.mp4,1920,1080,0,0,960,540,Fixation,776,1164,969,694,0.5044,0.6423,,,,,,,,,,,
497244385,512573104292,Eye Tracker,LipReading_BJ,10/21/2025,ZJ,Recording54,10/18/2025,10/18/2025,21:15:16.594,13:15:16.594,535262,Timeline1,Tobii I-VT (Fixation),1.241.54219,1080,1920,10.0,2.8,2.1,2.7,0.26,0.2,0.25,10,8,10,4.8,8.1,6.0,0.48,0.81,0.58,18,30,22,2629779458,,,971,707,969,679,973,735,0.06693,0.06944,-0.99534,-0.05531,0.08727,-0.99465,4.057,3.84,3.95,,,,Valid,Valid,228.1,147.5,551.0,297.3,152.0,559.5,265.1,185.9,266.2,201.0,0.5056,0.6546,0.5046,0.6291,0.5067,0.6802,Screen Recording,Screen Recording Recording54.mp4,1920,1080,0,0,960,540,Fixation,776,1164,969,694,0.5044,0.6423,,,,,,,,,,,
497248385,512573108292,Eye Tracker,LipReading_BJ,10/21/2025,ZJ,Recording54,10/18/2025,10/18/2025,21:15:16.594,13:15:16.594,535262,Timeline1,Tobii I-VT (Fixation),1.241.54219,1080,1920,10.0,2.8,2.1,2.7,0.26,0.2,0.25,10,8,10,4.8,8.1,6.0,0.48,0.81,0.58,18,30,22,2629783458,,,972,710,978,675,966,745,0.07142,0.06706,-0.99519,-0.05839,0.0924,-0.99401,4.052,3.831,3.963,,,,Valid,Valid,228.1,147.5,551.0,297.3,151.9,559.5,267.6,184.6,264.5,204.0,0.5063,0.6573,0.5094,0.6246,0.5033,0.6901,Screen Recording,Screen Recording Recording54.mp4,1920,1080,0,0,960,540,Fixation,776,1164,969,694,0.5044,0.6423,,,,,,,,,,,
497252386,512573112293,Eye Tracker,LipReading_BJ,10/21/2025,ZJ,Recording54,10/18/2025,10/18/2025,21:15:16.594,13:15:16.594,535262,Timeline1,Tobii I-VT (Fixation),1.241.54219,1080,1920,10.0,2.8,2.1,2.7,0.26,0.2,0.25,10,8,10,4.8,8.1,6.0,0.48,0.81,0.58,18,30,22,2629787459,,,971,706,972,670,969,742,0.06864,0.06476,-0.99554,-0.05699,0.09063,-0.99425,4.082,3.856,3.964,,,,Valid,Valid,228.1,147.5,551.0,297.3,151.9,559.5,266.1,183.3,265.3,203.0,0.5056,0.6535,0.5064,0.6203,0.5049,0.6867,Screen Recording,Screen Recording Recording54.mp4,1920,1080,0,0,960,540,Fixation,776,1164,969,694,0.5044,0.6423,,,,,,,,,,,
497256385,512573116292,Eye Tracker,LipReading_BJ,10/21/2025,ZJ,Recording54,10/18/2025,10/18/2025,21:15:16.594,13:15:16.594,535262,Timeline1,Tobii I-VT (Fixation),1.241.54219,1080,1920,10.0,2.8,2.1,2.7,0.26,0.2,0.25,10,8,10,4.8,8.1,6.0,0.48,0.81,0.58,18,30,22,2629791458,,,962,674,969,669,956,680,0.06694,0.06412,-0.99569,-0.06351,0.06079,-0.99613,4.074,3.957,3.964,,,,Valid,Valid,228.1,147.5,551.0,297.3,152.0,559.5,265.1,183.0,261.7,186.1,0.5013,0.6243,0.5046,0.619,0.498,0.6297,Screen Recording,Screen Recording Recording54.mp4,1920,1080,0,0,960,540,Fixation,776,1164,969,694,0.5044,0.6423,,,,,,,,,,,
497260386,512573120293,Eye Tracker,LipReading_BJ,10/21/2025,ZJ,Recording54,10/18/2025,10/18/2025,21:15:16.594,13:15:16.594,535262,Timeline1,Tobii I-VT (Fixation),1.241.54219,1080,1920,10.0,2.8,2.1,2.7,0.26,0.2,0.25,10,8,10,4.8,8.1,6.0,0.48,0.81,0.58,18,30,22,2629795459,,,967,689,967,675,967,704,0.06582,0.06734,-0.99556,-0.05818,0.07235,-0.99568,4.071,3.948,3.975,,,,Valid,Valid,228.1,147.5,551.0,297.3,152.0,559.5,264.5,184.8,264.6,192.6,0.5035,0.6384,0.5034,0.6251,0.5037,0.6517,Screen Recording,Screen Recording Recording54.mp4,1920,1080,0,0,960,540,Fixation,776,1164,969,694,0.5044,0.6423,,,,,,,,,,,
497264385,512573124292,Eye Tracker,LipReading_BJ,10/21/2025,ZJ,Recording54,10/18/2025,10/18/2025,21:15:16.594,13:15:16.594,535262,Timeline1,Tobii I-VT (Fixation),1.241.54219,1080,1920,10.0,2.8,2.1,2.7,0.26,0.2,0.25,10,8,10,4.8,8.1,6.0,0.48,0.81,0.58,18,30,22,2629799458,,,967,711,971,678,963,745,0.06815,0.06853,-0.99532,-0.06027,0.09208,-0.99393,4.037,3.843,3.995,,,,Valid,Valid,228.1,147.5,551.0,297.3,152.0,559.5,265.8,185.4,263.4,203.8,0.5036,0.6584,0.5059,0.6273,0.5013,0.6895,Screen Recording,Screen Recording Recording54.mp4,1920,1080,0,0,960,540,Fixation,776,1164,969,694,0.5044,0.6423,,,,,,,,,,,
497268385,512573128292,Eye Tracker,LipReading_BJ,10/21/2025,ZJ,Recording54,10/18/2025,10/18/2025,21:15:16.594,13:15:16.594,535262,Timeline1,Tobii I-VT (Fixation),1.241.54219,1080,1920,10.0,2.8,2.1,2.7,0.26,0.2,0.25,10,8,10,4.8,8.1,6.0,0.48,0.81,0.58,18,30,22,2629803458,,,974,703,975,678,974,728,0.06978,0.06858,-0.9952,-0.05487,0.08422,-0.99493,4.056,3.878,3.99,,,,Valid,Valid,228.1,147.5,551.0,297.3,152.0,559.5,266.7,185.5,266.5,199.3,0.5074,0.6509,0.5076,0.6275,0.5072,0.6744,Screen Recording,Screen Recording Recording54.mp4,1920,1080,0,0,960,540,Fixation,776,1164,969,694,0.5044,0.6423,,,,,,,,,,,
497272386,512573132293,Eye Tracker,LipReading_BJ,10/21/2025,ZJ,Recording54,10/18/2025,10/18/2025,21:15:16.594,13:15:16.594,535262,Timeline1,Tobii I-VT (Fixation),1.241.54219,1080,1920,10.0,2.8,2.1,2.7,0.26,0.2,0.25,10,8,10,4.8,8.1,6.0,0.48,0.81,0.58,18,30,22,2629807459,,,961,692,965,679,956,705,0.06514,0.06931,-0.99547,-0.06342,0.07276,-0.99533,4.058,3.933,3.99,,,,Valid,Valid,228.1,147.5,551.0,297.3,152.0,559.5,264.2,185.8,261.7,192.9,0.5004,0.6406,0.5027,0.6288,0.498,0.6525,Screen Recording,Screen Recording Recording54.mp4,1920,1080,0,0,960,540,Fixation,776,1164,969,694,0.5044,0.6423,,,,,,,,,,,
497276386,512573136293,Eye Tracker,LipReading_BJ,10/21/2025,ZJ,Recording54,10/18/2025,10/18/2025,21:15:16.594,13:15:16.594,535262,Timeline1,Tobii I-VT (Fixation),1.241.54219,1080,1920,10.0,2.8,2.1,2.7,0.26,0.2,0.25,10,8,10,4.8,8.1,6.0,0.48,0.81,0.58,18,30,22,2629811459,,,969,691,977,676,962,706,0.07071,0.06779,-0.99519,-0.06076,0.07347,-0.99545,4.061,3.921,3.991,,,,Valid,Valid,228.1,147.5,551.0,297.3,152.0,559.5,267.2,185.0,263.2,193.2,0.5048,0.6399,0.5086,0.626,0.5009,0.6538,Screen Recording,Screen Recording Recording54.mp4,1920,1080,0,0,960,540,Fixation,776,1164,969,694,0.5044,0.6423,,,,,,,,,,,
497280385,512573140292,Eye Tracker,LipReading_BJ,10/21/2025,ZJ,Recording54,10/18/2025,10/18/2025,21:15:16.594,13:15:16.594,535262,Timeline1,Tobii I-VT (Fixation),1.241.54219,1080,1920,10.0,2.8,2.1,2.7,0.26,0.2,0.25,10,8,10,4.8,8.1,6.0,0.48,0.81,0.58,18,30,22,2629815458,,,968,691,975,668,961,714,0.06993,0.06403,-0.9955,-0.06114,0.07722,-0.99514,4.079,3.928,3.995,,,,Valid,Valid,228.1,147.5,551.0,297.3,152.0,559.5,266.8,182.9,263.0,195.4,0.5041,0.64,0.5078,0.6189,0.5005,0.661,Screen Recording,Screen Recording Recording54.mp4,1920,1080,0,0,960,540,Fixation,776,1164,969,694,0.5044,0.6423,,,,,,,,,,,
497284385,512573144292,Eye Tracker,LipReading_BJ,10/21/2025,ZJ,Recording54,10/18/2025,10/18/2025,21:15:16.594,13:15:16.594,535262,Timeline1,Tobii I-VT (Fixation),1.241.54219,1080,1920,10.0,2.8,2.1,2.7,0.26,0.2,0.25,10,8,10,4.8,8.1,6.0,0.48,0.81,0.58,18,30,22,2629819458,,,955,681,968,674,943,688,0.06642,0.06668,-0.99556,-0.06982,0.06474,-0.99546,4.068,3.92,3.999,,,,Valid,Valid,228.1,147.5,551.0,297.3,151.9,559.5,264.9,184.4,258.1,188.3,0.4976,0.6305,0.5041,0.6239,0.4912,0.6372,Screen Recording,Screen Recording Recording54.mp4,1920,1080,0,0,960,540,Fixation,776,1164,969,694,0.5044,0.6423,,,,,,,,,,,
497288385,512573148292,Eye Tracker,LipReading_BJ,10/21/2025,ZJ,Recording54,10/18/2025,10/18/2025,21:15:16.594,13:15:16.594,535262,Timeline1,Tobii I-VT (Fixation),1.241.54219,1080,1920,10.0,2.8,2.1,2.7,0.26,0.2,0.25,10,8,10,4.8,8.1,6.0,0.48,0.81,0.58,18,30,22,2629823458,,,962,692,960,672,965,712,0.06237,0.06564,-0.99589,-0.05918,0.07652,-0.99531,4.087,3.893,3.998,,,,Valid,Valid,228.1,147.5,551.0,297.3,151.9,559.5,262.6,183.8,264.1,195.0,0.5012,0.6407,0.4998,0.6219,0.5026,0.6596,Screen Recording,Screen Recording Recording54.mp4,1920,1080,0,0,960,540,Fixation,776,1164,969,694,0.5044,0.6423,,,,,,,,,,,
497292386,512573152293,Eye Tracker,LipReading_BJ,10/21/2025,ZJ,Recording54,10/18/2025,10/18/2025,21:15:16.594,13:15:16.594,535262,Timeline1,Tobii I-VT (Fixation),1.241.54219,1080,1920,10.0,2.8,2.1,2.7,0.26,0.2,0.25,10,8,10,4.8,8.1,6.0,0.48,0.81,0.58,18,30,22,2629827459,,,969,699,979,675,959,724,0.07185,0.06723,-0.99515,-0.06203,0.08213,-0.99469,4.083,3.89,3.999,,,,Valid,Valid,228.1,147.5,551.0,297.3,151.9,559.5,267.9,184.7,262.5,198.1,0.5047,0.6477,0.5098,0.6249,0.4995,0.6704,Screen Recording,Screen Recording Recording54.mp4,1920,1080,0,0,960,540,Fixation,776,1164,969,694,0.5044,0.6423,,,,,,,,,,,
497296385,512573156292,Eye Tracker,LipReading_BJ,10/21/2025,ZJ,Recording54,10/18/2025,10/18/2025,21:15:16.594,13:15:16.594,535262,Timeline1,Tobii I-VT (Fixation),1.241.54219,1080,1920,10.0,2.8,2.1,2.7,0.26,0.2,0.25,10,8,10,4.8,8.1,6.0,0.48,0.81,0.58,18,30,22,2629831458,,,963,696,966,678,959,715,0.06576,0.06892,-0.99545,-0.06219,0.0776,-0.99504,4.077,3.916,3.999,,,,Valid,Valid,228.1,147.5,551.0,297.3,151.9,559.5,264.5,185.6,262.4,195.6,0.5014,0.6449,0.5034,0.6281,0.4993,0.6617,Screen Recording,Screen Recording Recording54.mp4,1920,1080,0,0,960,540,Fixation,776,1164,969,694,0.5044,0.6423,,,,,,,,,,,
497300386,512573160293,Eye Tracker,LipReading_BJ,10/21/2025,ZJ,Recording54,10/18/2025,10/18/2025,21:15:16.594,13:15:16.594,535262,Timeline1,Tobii I-VT (Fixation),1.241.54219,1080,1920,10.0,2.8,2.1,2.7,0.26,0.2,0.25,10,8,10,4.8,8.1,6.0,0.48,0.81,0.58,18,30,22,2629835459,,,964,689,966,671,963,707,0.06561,0.06514,-0.99572,-0.06028,0.07413,-0.99542,4.082,3.937,4.007,,,,Valid,Valid,228.1,147.5,551.0,297.3,151.9,559.5,264.4,183.5,263.5,193.6,0.5023,0.638,0.5032,0.621,0.5014,0.6551,Screen Recording,Screen Recording Recording54.mp4,1920,1080,0,0,960,540,Fixation,776,1164,969,694,0.5044,0.6423,,,,,,,,,,,
497304386,512573164293,Eye Tracker,LipReading_BJ,10/21/2025,ZJ,Recording54,10/18/2025,10/18/2025,21:15:16.594,13:15:16.594,535262,Timeline1,Tobii I-VT (Fixation),1.241.54219,1080,1920,10.0,2.8,2.1,2.7,0.26,0.2,0.25,10,8,10,4.8,8.1,6.0,0.48,0.81,0.58,18,30,22,2629839459,,,961,683,970,675,951,692,0.06748,0.06743,-0.99544,-0.0659,0.06645,-0.99561,4.056,3.955,4.007,,,,Valid,Valid,228.1,147.5,551.0,297.4,151.9,559.5,265.5,184.8,260.3,189.3,0.5003,0.6328,0.5052,0.6253,0.4954,0.6404,Screen Recording,Screen Recording Recording54.mp4,1920,1080,0,0,960,540,Fixation,776,1164,969,694,0.5044,0.6423,,,,,,,,,,,
497308386,512573168293,Eye Tracker,LipReading_BJ,10/21/2025,ZJ,Recording54,10/18/2025,10/18/2025,21:15:16.594,13:15:16.594,535262,Timeline1,Tobii I-VT (Fixation),1.241.54219,1080,1920,10.0,2.8,2.1,2.7,0.26,0.2,0.25,10,8,10,4.8,8.1,6.0,0.48,0.81,0.58,18,30,22,2629843459,,,970,695,971,672,969,718,0.06819,0.06571,-0.99551,-0.05734,0.07946,-0.99519,4.068,3.942,4.003,,,,Valid,Valid,228.1,147.5,551.0,297.4,151.9,559.5,265.8,183.9,265.1,196.6,0.5053,0.6437,0.5059,0.6221,0.5046,0.6652,Screen Recording,Screen Recording Recording54.mp4,1920,1080,0,0,960,540,Fixation,776,1164,969,694,0.5044,0.6423,,,,,,,,,,,
497312386,512573172293,Eye Tracker,LipReading_BJ,10/21/2025,ZJ,Recording54,10/18/2025,10/18/2025,21:15:16.594,13:15:16.594,535262,Timeline1,Tobii I-VT (Fixation),1.241.54219,1080,1920,10.0,2.8,2.1,2.7,0.26,0.2,0.25,10,8,10,4.8,8.1,6.0,0.48,0.81,0.58,18,30,22,2629847459,,,969,711,978,671,959,750,0.07133,0.06512,-0.99532,-0.06188,0.09489,-0.99356,4.085,3.857,4.003,,,,Valid,Valid,228.1,147.5,551.0,297.4,152.0,559.4,267.6,183.5,262.5,205.4,0.5044,0.6579,0.5093,0.621,0.4996,0.6949,Screen Recording,Screen Recording Recording54.mp4,1920,1080,0,0,960,540,Fixation,776,1164,969,694,0.5044,0.6423,,,,,,,,,,,
497316386,512573176293,Eye Tracker,LipReading_BJ,10/21/2025,ZJ,Recording54,10/18/2025,10/18/2025,21:15:16.594,13:15:16.594,535262,Timeline1,Tobii I-VT (Fixation),1.241.54219,1080,1920,10.0,2.8,2.1,2.7,0.26,0.2,0.25,10,8,10,4.8,8.1,6.0,0.48,0.81,0.58,18,30,22,2629851459,,,971,700,976,689,966,712,0.07017,0.07391,-0.99479,-0.05874,0.07618,-0.99536,4.047,3.937,4.0,,,,Valid,Valid,228.1,147.5,551.0,297.4,152.0,559.5,267.0,188.4,264.3,194.8,0.5056,0.6483,0.5081,0.6375,0.5031,0.659,Screen Recording,Screen Recording Recording54.mp4,1920,1080,0,0,960,540,Fixation,776,1164,969,694,0.5044,0.6423,,,,,,,,,,,
497320385,512573180292,Eye Tracker,LipReading_BJ,10/21/2025,ZJ,Recording54,10/18/2025,10/18/2025,21:15:16.594,13:15:16.594,535262,Timeline1,Tobii I-VT (Fixation),1.241.54219,1080,1920,10.0,2.8,2.1,2.7,0.26,0.2,0.25,10,8,10,4.8,8.1,6.0,0.48,0.81,0.58,18,30,22,2629855458,,,965,684,973,664,957,705,0.06892,0.0619,-0.9957,-0.06321,0.07273,-0.99535,4.096,3.918,3.997,,,,Valid,Valid,228.1,147.5,551.0,297.4,152.0,559.5,266.3,181.7,261.8,192.8,0.5025,0.6337,0.5067,0.6149,0.4983,0.6524,Screen Recording,Screen Recording Recording54.mp4,1920,1080,0,0,960,540,Fixation,776,1164,969,694,0.5044,0.6423,,,,,,,,,,,
497324386,512573184293,Eye Tracker,LipReading_BJ,10/21/2025,ZJ,Recording54,10/18/2025,10/18/2025,21:15:16.594,13:15:16.594,535262,Timeline1,Tobii I-VT (Fixation),1.241.54219,1080,1920,10.0,2.8,2.1,2.7,0.26,0.2,0.25,10,8,10,4.8,8.1,6.0,0.48,0.81,0.58,18,30,22,2629859459,,,972,692,975,673,968,711,0.07001,0.06641,-0.99533,-0.05769,0.07563,-0.99547,4.062,3.932,3.997,,,,Valid,Valid,228.1,147.5,551.0,297.4,152.0,559.5,266.9,184.3,264.9,194.5,0.5061,0.6407,0.5079,0.6234,0.5042,0.658,Screen Recording,Screen Recording Recording54.mp4,1920,1080,0,0,960,540,Fixation,776,1164,969,694,0.5044,0.6423,,,,,,,,,,,
497328386,512573188293,Eye Tracker,LipReading_BJ,10/21/2025,ZJ,Recording54,10/18/2025,10/18/2025,21:15:16.594,13:15:16.594,535262,Timeline1,Tobii I-VT (Fixation),1.241.54219,1080,1920,10.0,2.8,2.1,2.7,0.26,0.2,0.25,10,8,10,4.8,8.1,6.0,0.48,0.81,0.58,18,30,22,2629863459,,,956,693,959,691,952,695,0.06221,0.075,-0.99524,-0.06558,0.06825,-0.99551,4.043,3.951,3.996,,,,Valid,Valid,228.1,147.5,551.0,297.4,152.0,559.5,262.6,189.0,260.5,190.3,0.4977,0.6417,0.4997,0.6395,0.4958,0.6439,Screen Recording,Screen Recording Recording54.mp4,1920,1080,0,0,960,540,Fixation,776,1164,969,694,0.5044,0.6423,,,,,,,,,,,
497332386,512573192293,Eye Tracker,LipReading_BJ,10/21/2025,ZJ,Recording54,10/18/2025,10/18/2025,21:15:16.594,13:15:16.594,535262,Timeline1,Tobii I-VT (Fixation),1.241.54219,1080,1920,10.0,2.8,2.1,2.7,0.26,0.2,0.25,10,8,10,4.8,8.1,6.0,0.48,0.81,0.58,18,30,22,2629867459,,,968,705,972,682,964,727,0.06853,0.07058,-0.99515,-0.05987,0.08376,-0.99469,4.091,3.916,3.989,,,,Valid,Valid,228.1,147.5,551.0,297.4,152.0,559.5,266.1,186.6,263.7,199.1,0.5041,0.6524,0.5064,0.6313,0.5019,0.6735,Screen Recording,Screen Recording Recording54.mp4,1920,1080,0,0,960,540,Fixation,776,1164,969,694,0.5044,0.6423,,,,,,,,,,,
497336385,512573196292,Eye Tracker,LipReading_BJ,10/21/2025,ZJ,Recording54,10/18/2025,10/18/2025,21:15:16.594,13:15:16.594,535262,Timeline1,Tobii I-VT (Fixation),1.241.54219,1080,1920,10.0,2.8,2.1,2.7,0.26,0.2,0.25,10,8,10,4.8,8.1,6.0,0.48,0.81,0.58,18,30,22,2629871458,,,974,706,973,677,974,735,0.06894,0.06818,-0.99529,-0.05467,0.08734,-0.99468,4.075,3.905,3.995,,,,Valid,Valid,228.1,147.5,551.0,297.4,152.0,559.5,266.3,185.2,266.6,201.1,0.5071,0.6536,0.5068,0.6268,0.5074,0.6804,Screen Recording,Screen Recording Recording54.mp4,1920,1080,0,0,960,540,Fixation,776,1164,969,694,0.5044,0.6423,,,,,,,,,,,
497340386,512573200293,Eye Tracker,LipReading_BJ,10/21/2025,ZJ,Recording54,10/18/2025,10/18/2025,21:15:16.594,13:15:16.594,535262,Timeline1,Tobii I-VT (Fixation),1.241.54219,1080,1920,10.0,2.8,2.1,2.7,0.26,0.2,0.25,10,8,10,4.8,8.1,6.0,0.48,0.81,0.58,18,30,22,2629875459,,,968,707,970,683,967,732,0.06718,0.07102,-0.99521,-0.05825,0.08592,-0.9946,4.045,3.899,3.995,,,,Valid,Valid,228.1,147.5,551.0,297.4,152.0,559.5,265.3,186.8,264.6,200.3,0.5043,0.6549,0.505,0.6321,0.5036,0.6777,Screen Recording,Screen Recording Recording54.mp4,1920,1080,0,0,960,540,Fixation,776,1164,969,694,0.5044,0.6423,,,,,,,,,,,
497344385,512573204292,Eye Tracker,LipReading_BJ,10/21/2025,ZJ,Recording54,10/18/2025,10/18/2025,21:15:16.594,13:15:16.594,535262,Timeline1,Tobii I-VT (Fixation),1.241.54219,1080,1920,10.0,2.8,2.1,2.7,0.26,0.2,0.25,10,8,10,4.8,8.1,6.0,0.48,0.81,0.58,18,30,22,2629879459,,,970,694,974,679,967,710,0.06927,0.06909,-0.9952,-0.05829,0.07538,-0.99545,4.074,3.95,4.01,,,,Valid,Valid,228.1,147.5,551.0,297.4,152.0,559.5,266.5,185.8,264.6,194.3,0.5054,0.643,0.5072,0.6285,0.5036,0.6575,Screen Recording,Screen Recording Recording54.mp4,1920,1080,0,0,960,540,Fixation,776,1164,969,694,0.5044,0.6423,,,,,,,,,,,
497348385,512573208292,Eye Tracker,LipReading_BJ,10/21/2025,ZJ,Recording54,10/18/2025,10/18/2025,21:15:16.594,13:15:16.594,535262,Timeline1,Tobii I-VT (Fixation),1.241.54219,1080,1920,10.0,2.8,2.1,2.7,0.26,0.2,0.25,10,8,10,4.8,8.1,6.0,0.48,0.81,0.58,18,30,22,2629883459,,,970,702,972,690,969,714,0.06816,0.07445,-0.99489,-0.05748,0.0773,-0.99535,4.07,3.963,4.01,,,,Valid,Valid,228.1,147.5,551.0,297.4,152.0,559.5,265.9,188.7,265.1,195.4,0.5052,0.6498,0.506,0.6385,0.5045,0.6612,Screen Recording,Screen Recording Recording54.mp4,1920,1080,0,0,960,540,Fixation,776,1164,969,694,0.5044,0.6423,,,,,,,,,,,
497352384,512573212291,Eye Tracker,LipReading_BJ,10/21/2025,ZJ,Recording54,10/18/2025,10/18/2025,21:15:16.594,13:15:16.594,535262,Timeline1,Tobii I-VT (Fixation),1.241.54219,1080,1920,10.0,2.8,2.1,2.7,0.26,0.2,0.25,10,8,10,4.8,8.1,6.0,0.48,0.81,0.58,18,30,22,2629887458,,,969,700,971,681,967,718,0.06773,0.07038,-0.99522,-0.05802,0.07909,-0.99518,4.045,3.953,4.012,,,,Valid,Valid,228.1,147.5,551.0,297.4,152.0,559.5,265.6,186.5,264.8,196.4,0.5047,0.6477,0.5056,0.6309,0.5039,0.6646,Screen Recording,Screen Recording Recording54.mp4,1920,1080,0,0,960,540,Fixation,776,1164,969,694,0.5044,0.6423,,,,,,,,,,,
497356385,512573216292,Eye Tracker,LipReading_BJ,10/21/2025,ZJ,Recording54,10/18/2025,10/18/2025,21:15:16.594,13:15:16.594,535262,Timeline1,Tobii I-VT (Fixation),1.241.54219,1080,1920,10.0,2.8,2.1,2.7,0.26,0.2,0.25,10,8,10,4.8,8.1,6.0,0.48,0.81,0.58,18,30,22,2629891459,,,975,707,980,672,969,743,0.07247,0.06565,-0.99521,-0.05701,0.09116,-0.9942,4.07,3.894,4.012,,,,Valid,Valid,228.1,147.5,551.0,297.4,152.0,559.4,268.3,183.8,265.3,203.3,0.5077,0.6549,0.5105,0.622,0.5049,0.6878,Screen Recording,Screen Recording Recording54.mp4,1920,1080,0,0,960,540,Fixation,776,1164,969,694,0.5044,0.6423,,,,,,,,,,,
497360385,512573220292,Eye Tracker,LipReading_BJ,10/21/2025,ZJ,Recording54,10/18/2025,10/18/2025,21:15:16.594,13:15:16.594,535262,Timeline1,Tobii I-VT (Fixation),1.241.54219,1080,1920,10.0,2.8,2.1,2.7,0.26,0.2,0.25,10,8,10,4.8,8.1,6.0,0.48,0.81,0.58,18,30,22,2629895459,,,967,700,970,689,964,711,0.06727,0.07419,-0.99497,-0.05961,0.07584,-0.99534,4.089,3.955,4.012,,,,Valid,Valid,228.1,147.5,551.0,297.4,152.0,559.5,265.4,188.6,263.9,194.6,0.5036,0.6482,0.5051,0.638,0.5022,0.6584,Screen Recording,Screen Recording Recording54.mp4,1920,1080,0,0,960,540,Fixation,776,1164,969,694,0.5044,0.6423,,,,,,,,,,,
497364385,512573224292,Eye Tracker,LipReading_BJ,10/21/2025,ZJ,Recording54,10/18/2025,10/18/2025,21:15:16.594,13:15:16.594,535262,Timeline1,Tobii I-VT (Fixation),1.241.54219,1080,1920,10.0,2.8,2.1,2.7,0.26,0.2,0.25,10,8,10,4.8,8.1,6.0,0.48,0.81,0.58,18,30,22,2629899459,,,974,677,980,664,968,690,0.07234,0.06162,-0.99547,-0.05802,0.06568,-0.99615,4.104,3.947,4.014,,,,Valid,Valid,228.2,147.5,550.9,297.4,152.0,559.5,268.2,181.6,264.8,188.9,0.5072,0.6267,0.5104,0.6145,0.504,0.639,Screen Recording,Screen Recording Recording54.mp4,1920,1080,0,0,960,540,Fixation,776,1164,969,694,0.5044,0.6423,,,,,,,,,,,
497368385,512573228292,Eye Tracker,LipReading_BJ,10/21/2025,ZJ,Recording54,10/18/2025,10/18/2025,21:15:16.594,13:15:16.594,535262,Timeline1,Tobii I-VT (Fixation),1.241.54219,1080,1920,10.0,2.8,2.1,2.7,0.26,0.2,0.25,10,8,10,4.8,8.1,6.0,0.48,0.81,0.58,18,30,22,2629903459,,,970,705,969,685,970,726,0.06706,0.07203,-0.99515,-0.0566,0.08296,-0.99494,4.075,3.949,4.015,,,,Valid,Valid,228.2,147.5,550.9,297.4,152.0,559.5,265.3,187.4,265.6,198.6,0.5051,0.653,0.5049,0.634,0.5054,0.672,Screen Recording,Screen Recording Recording54.mp4,1920,1080,0,0,960,540,Fixation,776,1164,969,694,0.5044,0.6423,,,,,,,,,,,
497372384,512573232291,Eye Tracker,LipReading_BJ,10/21/2025,ZJ,Recording54,10/18/2025,10/18/2025,21:15:16.594,13:15:16.594,535262,Timeline1,Tobii I-VT (Fixation),1.241.54219,1080,1920,10.0,2.8,2.1,2.7,0.26,0.2,0.25,10,8,10,4.8,8.1,6.0,0.48,0.81,0.58,18,30,22,2629907458,,,974,708,975,671,972,744,0.07004,0.06544,-0.9954,-0.05582,0.09164,-0.99423,4.081,3.881,4.011,,,,Valid,Valid,228.2,147.5,550.9,297.4,152.0,559.5,266.9,183.7,266.0,203.6,0.5071,0.6552,0.508,0.6216,0.5062,0.6887,Screen Recording,Screen Recording Recording54.mp4,1920,1080,0,0,960,540,Fixation,776,1164,969,694,0.5044,0.6423,,,,,,,,,,,
497376384,512573236291,Eye Tracker,LipReading_BJ,10/21/2025,ZJ,Recording54,10/18/2025,10/18/2025,21:15:16.594,13:15:16.594,535262,Timeline1,Tobii I-VT (Fixation),1.241.54219,1080,1920,10.0,2.8,2.1,2.7,0.26,0.2,0.25,10,8,10,4.8,8.1,6.0,0.48,0.81,0.58,18,30,22,2629911458,,,969,683,977,670,961,697,0.07061,0.06483,-0.99539,-0.06122,0.0688,-0.99575,4.067,3.964,4.012,,,,Valid,Valid,228.2,147.5,550.9,297.4,152.0,559.5,267.2,183.4,263.0,190.6,0.5046,0.6328,0.5086,0.6205,0.5005,0.645,Screen Recording,Screen Recording Recording54.mp4,1920,1080,0,0,960,540,Fixation,776,1164,969,694,0.5044,0.6423,,,,,,,,,,,
497380385,512573240292,Eye Tracker,LipReading_BJ,10/21/2025,ZJ,Recording54,10/18/2025,10/18/2025,21:15:16.594,13:15:16.594,535262,Timeline1,Tobii I-VT (Fixation),1.241.54219,1080,1920,10.0,2.8,2.1,2.7,0.26,0.2,0.25,10,8,10,4.8,8.1,6.0,0.48,0.81,0.58,18,30,22,2629915459,,,974,701,984,683,963,720,0.07442,0.07097,-0.9947,-0.06001,0.07993,-0.99499,4.063,3.944,4.012,,,,Valid,Valid,228.2,147.5,550.9,297.4,152.0,559.5,269.4,186.8,263.7,196.9,0.5072,0.6492,0.5127,0.6321,0.5018,0.6663,Screen Recording,Screen Recording Recording54.mp4,1920,1080,0,0,960,540,Fixation,776,1164,969,694,0.5044,0.6423,,,,,,,,,,,
497384385,512573244292,Eye Tracker,LipReading_BJ,10/21/2025,ZJ,Recording54,10/18/2025,10/18/2025,21:15:16.594,13:15:16.594,535262,Timeline1,Tobii I-VT (Fixation),1.241.54219,1080,1920,10.0,2.8,2.1,2.7,0.26,0.2,0.25,10,8,10,4.8,8.1,6.0,0.48,0.81,0.58,18,30,22,2629919459,,,966,691,975,683,957,698,0.06962,0.07112,-0.99504,-0.06335,0.06963,-0.99556,4.09,3.968,4.015,,,,Valid,Valid,228.2,147.5,550.9,297.4,152.0,559.5,266.7,186.9,261.8,191.1,0.5029,0.6395,0.5076,0.6323,0.4982,0.6467,Screen Recording,Screen Recording Recording54.mp4,1920,1080,0,0,960,540,Fixation,776,1164,969,694,0.5044,0.6423,,,,,,,,,,,
497388385,512573248292,Eye Tracker,LipReading_BJ,10/21/2025,ZJ,Recording54,10/18/2025,10/18/2025,21:15:16.594,13:15:16.594,535262,Timeline1,Tobii I-VT (Fixation),1.241.54219,1080,1920,10.0,2.8,2.1,2.7,0.26,0.2,0.25,10,8,10,4.8,8.1,6.0,0.48,0.81,0.58,18,30,22,2629923459,,,963,707,968,684,959,731,0.06622,0.0716,-0.99523,-0.062,0.08522,-0.99443,4.086,3.912,4.015,,,,Valid,Valid,228.2,147.5,551.0,297.4,152.0,559.5,264.8,187.2,262.5,199.9,0.5018,0.6549,0.504,0.6332,0.4996,0.6765,Screen Recording,Screen Recording Recording54.mp4,1920,1080,0,0,960,540,Fixation,776,1164,969,694,0.5044,0.6423,,,,,,,,,,,
497392384,512573252291,Eye Tracker,LipReading_BJ,10/21/2025,ZJ,Recording54,10/18/2025,10/18/2025,21:15:16.594,13:15:16.594,535262,Timeline1,Tobii I-VT (Fixation),1.241.54219,1080,1920,10.0,2.8,2.1,2.7,0.26,0.2,0.25,10,8,10,4.8,8.1,6.0,0.48,0.81,0.58,18,30,22,2629927458,,,972,695,978,681,966,710,0.07127,0.07001,-0.995,-0.05858,0.07539,-0.99543,4.098,3.935,4.016,,,,Valid,Valid,228.2,147.5,551.0,297.4,152.0,559.5,267.6,186.3,264.5,194.4,0.5063,0.644,0.5093,0.6303,0.5033,0.6576,Screen Recording,Screen Recording Recording54.mp4,1920,1080,0,0,960,540,Fixation,776,1164,969,694,0.5044,0.6423,,,,,,,,,,,
497396385,512573256292,Eye Tracker,LipReading_BJ,10/21/2025,ZJ,Recording54,10/18/2025,10/18/2025,21:15:16.594,13:15:16.594,535262,Timeline1,Tobii I-VT (Fixation),1.241.54219,1080,1920,10.0,2.8,2.1,2.7,0.26,0.2,0.25,10,8,10,4.8,8.1,6.0,0.48,0.81,0.58,18,30,22,2629931459,,,970,692,982,688,959,697,0.07304,0.07361,-0.99461,-0.06244,0.0688,-0.99567,4.06,3.979,4.006,,,,Valid,Valid,228.2,147.5,551.0,297.4,152.0,559.5,268.6,188.3,262.3,190.7,0.5052,0.6411,0.5112,0.637,0.4992,0.6451,Screen Recording,Screen Recording Recording54.mp4,1920,1080,0,0,960,540,Fixation,776,1164,969,694,0.5044,0.6423,,,,,,,,,,,
497400385,512573260292,Eye Tracker,LipReading_BJ,10/21/2025,ZJ,Recording54,10/18/2025,10/18/2025,21:15:16.594,13:15:16.594,535262,Timeline1,Tobii I-VT (Fixation),1.241.54219,1080,1920,10.0,2.8,2.1,2.7,0.26,0.2,0.25,10,8,10,4.8,8.1,6.0,0.48,0.81,0.58,18,30,22,2629935459,,,966,701,970,683,962,719,0.06735,0.07096,-0.9952,-0.06089,0.07969,-0.99496,4.05,3.947,3.999,,,,Valid,Valid,228.2,147.5,550.9,297.4,152.0,559.5,265.5,186.8,263.2,196.8,0.503,0.649,0.5052,0.632,0.5009,0.6659,Screen Recording,Screen Recording Recording54.mp4,1920,1080,0,0,960,540,Fixation,776,1164,969,694,0.5044,0.6423,,,,,,,,,,,
497404384,512573264291,Eye Tracker,LipReading_BJ,10/21/2025,ZJ,Recording54,10/18/2025,10/18/2025,21:15:16.594,13:15:16.594,535262,Timeline1,Tobii I-VT (Fixation),1.241.54219,1080,1920,10.0,2.8,2.1,2.7,0.26,0.2,0.25,10,8,10,4.8,8.1,6.0,0.48,0.81,0.58,18,30,22,2629939459,,,965,719,974,685,955,752,0.06954,0.07227,-0.99496,-0.06416,0.09563,-0.99335,4.077,3.923,3.993,,,,Valid,Valid,228.2,147.5,550.9,297.4,152.0,559.5,266.7,187.5,261.3,205.9,0.5024,0.6655,0.5075,0.6345,0.4972,0.6965,Screen Recording,Screen Recording Recording54.mp4,1920,1080,0,0,960,540,Fixation,776,1164,969,694,0.5044,0.6423,,,,,,,,,,,
497408384,512573268291,Eye Tracker,LipReading_BJ,10/21/2025,ZJ,Recording54,10/18/2025,10/18/2025,21:15:16.594,13:15:16.594,535262,Timeline1,Tobii I-VT (Fixation),1.241.54219,1080,1920,10.0,2.8,2.1,2.7,0.26,0.2,0.25,10,8,10,4.8,8.1,6.0,0.48,0.81,0.58,18,30,22,2629943459,,,968,714,972,677,964,750,0.06822,0.06844,-0.99532,-0.05958,0.09443,-0.99375,4.063,3.877,3.998,,,,Valid,Valid,228.2,147.5,550.9,297.4,152.0,559.5,265.9,185.4,263.9,205.2,0.5041,0.6607,0.5061,0.6273,0.5022,0.6941,Screen Recording,Screen Recording Recording54.mp4,1920,1080,0,0,960,540,Fixation,776,1164,969,694,0.5044,0.6423,,,,,,,,,,,
497412384,512573272291,Eye Tracker,LipReading_BJ,10/21/2025,ZJ,Recording54,10/18/2025,10/18/2025,21:15:16.594,13:15:16.594,535262,Timeline1,Tobii I-VT (Fixation),1.241.54219,1080,1920,10.0,2.8,2.1,2.7,0.26,0.2,0.25,10,8,10,4.8,8.1,6.0,0.48,0.81,0.58,18,30,22,2629947459,,,981,723,979,681,983,765,0.072,0.07034,-0.99492,-0.05028,0.10202,-0.99351,4.073,3.824,4.0,,,,Valid,Valid,228.2,147.5,550.9,297.4,152.0,559.5,268.1,186.5,269.1,209.4,0.5111,0.6697,0.5101,0.6309,0.5121,0.7086,Screen Recording,Screen Recording Recording54.mp4,1920,1080,0,0,960,540,Fixation,776,1164,969,694,0.5044,0.6423,,,,,,,,,,,
497416383,512573276290,Eye Tracker,LipReading_BJ,10/21/2025,ZJ,Recording54,10/18/2025,10/18/2025,21:15:16.594,13:15:16.594,535262,Timeline1,Tobii I-VT (Fixation),1.241.54219,1080,1920,10.0,2.8,2.1,2.7,0.26,0.2,0.25,10,8,10,4.8,8.1,6.0,0.48,0.81,0.58,18,30,22,2629951458,,,961,695,964,690,959,699,0.06424,0.07458,-0.99514,-0.06235,0.07018,-0.99558,4.077,3.965,4.001,,,,Valid,Valid,228.2,147.5,550.9,297.4,152.0,559.5,263.7,188.8,262.4,191.4,0.5006,0.6432,0.5019,0.6388,0.4993,0.6477,Screen Recording,Screen Recording Recording54.mp4,1920,1080,0,0,960,540,Fixation,776,1164,969,694,0.5044,0.6423,,,,,,,,,,,
497420381,512573280288,Eye Tracker,LipReading_BJ,10/21/2025,ZJ,Recording54,10/18/2025,10/18/2025,21:15:16.594,13:15:16.594,535262,Timeline1,Tobii I-VT (Fixation),1.241.54219,1080,1920,10.0,2.8,2.1,2.7,0.26,0.2,0.25,10,8,10,4.8,8.1,6.0,0.48,0.81,0.58,18,30,22,2629955456,,,969,686,981,678,957,694,0.07264,0.06861,-0.995,-0.06327,0.06767,-0.9957,4.078,3.969,4.021,,,,Valid,Valid,228.2,147.5,550.9,297.4,152.0,559.5,268.4,185.5,261.9,190.0,0.5046,0.6352,0.5108,0.6276,0.4984,0.6428,Screen Recording,Screen Recording Recording54.mp4,1920,1080,0,0,960,540,Fixation,776,1164,969,694,0.5044,0.6423,,,,,,,,,,,
497424381,512573284288,Eye Tracker,LipReading_BJ,10/21/2025,ZJ,Recording54,10/18/2025,10/18/2025,21:15:16.594,13:15:16.594,535262,Timeline1,Tobii I-VT (Fixation),1.241.54219,1080,1920,10.0,2.8,2.1,2.7,0.26,0.2,0.25,10,8,10,4.8,8.1,6.0,0.48,0.81,0.58,18,30,22,2629959456,,,959,697,966,681,952,713,0.0654,0.07011,-0.99539,-0.06562,0.07665,-0.9949,4.088,3.924,4.029,,,,Valid,Valid,228.2,147.5,550.9,297.4,152.0,559.5,264.4,186.3,260.5,195.1,0.4995,0.6452,0.5032,0.6303,0.4958,0.66,Screen Recording,Screen Recording Recording54.mp4,1920,1080,0,0,960,540,Fixation,776,1164,969,694,0.5044,0.6423,,,,,,,,,,,
497428381,512573288288,Eye Tracker,LipReading_BJ,10/21/2025,ZJ,Recording54,10/18/2025,10/18/2025,21:15:16.594,13:15:16.594,535262,Timeline1,Tobii I-VT (Fixation),1.241.54219,1080,1920,10.0,2.8,2.1,2.7,0.26,0.2,0.25,10,8,10,4.8,8.1,6.0,0.48,0.81,0.58,18,30,22,2629963456,,,971,698,974,675,969,722,0.06918,0.06733,-0.99533,-0.05732,0.08107,-0.99506,4.098,3.971,4.03,,,,Valid,Valid,228.2,147.5,550.9,297.4,151.9,559.5,266.5,184.7,265.2,197.5,0.5059,0.6467,0.5072,0.6251,0.5047,0.6683,Screen Recording,Screen Recording Recording54.mp4,1920,1080,0,0,960,540,Fixation,776,1164,969,694,0.5044,0.6423,,,,,,,,,,,
497432381,512573292288,Eye Tracker,LipReading_BJ,10/21/2025,ZJ,Recording54,10/18/2025,10/18/2025,21:15:16.594,13:15:16.594,535262,Timeline1,Tobii I-VT (Fixation),1.241.54219,1080,1920,10.0,2.8,2.1,2.7,0.26,0.2,0.25,10,8,10,4.8,8.1,6.0,0.48,0.81,0.58,18,30,22,2629967456,,,968,691,970,675,967,707,0.0672,0.0674,-0.99546,-0.05835,0.07391,-0.99556,4.096,3.985,4.032,,,,Valid,Valid,228.2,147.5,550.9,297.4,152.0,559.5,265.4,184.8,264.6,193.5,0.5043,0.6399,0.5051,0.6252,0.5036,0.6546,Screen Recording,Screen Recording Recording54.mp4,1920,1080,0,0,960,540,Fixation,776,1164,969,694,0.5044,0.6423,,,,,,,,,,,
497436380,512573296287,Eye Tracker,LipReading_BJ,10/21/2025,ZJ,Recording54,10/18/2025,10/18/2025,21:15:16.594,13:15:16.594,535262,Timeline1,Tobii I-VT (Fixation),1.241.54219,1080,1920,10.0,2.8,2.1,2.7,0.26,0.2,0.25,10,8,10,4.8,8.1,6.0,0.48,0.81,0.58,18,30,22,2629971455,,,968,690,971,674,966,706,0.06769,0.06666,-0.99548,-0.05899,0.07323,-0.99557,4.085,4.011,4.035,,,,Valid,Valid,228.2,147.5,550.9,297.4,151.9,559.5,265.6,184.4,264.3,193.1,0.5043,0.6385,0.5056,0.6237,0.5029,0.6533,Screen Recording,Screen Recording Recording54.mp4,1920,1080,0,0,960,540,Fixation,776,1164,969,694,0.5044,0.6423,,,,,,,,,,,
497440381,512573300288,Eye Tracker,LipReading_BJ,10/21/2025,ZJ,Recording54,10/18/2025,10/18/2025,21:15:16.594,13:15:16.594,535262,Timeline1,Tobii I-VT (Fixation),1.241.54219,1080,1920,10.0,2.8,2.1,2.7,0.26,0.2,0.25,10,8,10,4.8,8.1,6.0,0.48,0.81,0.58,18,30,22,2629975456,,,970,691,972,686,968,695,0.06819,0.07295,-0.995,-0.05791,0.06825,-0.99599,4.08,3.976,4.041,,,,Valid,Valid,228.2,147.5,550.9,297.4,151.9,559.5,265.9,187.8,264.9,190.3,0.5051,0.6397,0.5061,0.6356,0.5041,0.6437,Screen Recording,Screen Recording Recording54.mp4,1920,1080,0,0,960,540,Fixation,776,1164,969,694,0.5044,0.6423,,,,,,,,,,,
497444381,512573304288,Eye Tracker,LipReading_BJ,10/21/2025,ZJ,Recording54,10/18/2025,10/18/2025,21:15:16.594,13:15:16.594,535262,Timeline1,Tobii I-VT (Fixation),1.241.54219,1080,1920,10.0,2.8,2.1,2.7,0.26,0.2,0.25,10,8,10,4.8,8.1,6.0,0.48,0.81,0.58,18,30,22,2629979456,,,977,691,978,683,975,698,0.07143,0.0715,-0.99488,-0.05428,0.0698,-0.99608,4.072,4.003,4.041,,,,Valid,Valid,228.2,147.4,551.0,297.4,151.9,559.5,267.7,187.0,266.9,191.1,0.5088,0.6397,0.5096,0.6328,0.508,0.6467,Screen Recording,Screen Recording Recording54.mp4,1920,1080,0,0,960,540,Fixation,776,1164,969,694,0.5044,0.6423,,,,,,,,,,,
497448381,512573308288,Eye Tracker,LipReading_BJ,10/21/2025,ZJ,Recording54,10/18/2025,10/18/2025,21:15:16.594,13:15:16.594,535262,Timeline1,Tobii I-VT (Fixation),1.241.54219,1080,1920,10.0,2.8,2.1,2.7,0.26,0.2,0.25,10,8,10,4.8,8.1,6.0,0.48,0.81,0.58,18,30,22,2629983456,,,971,697,980,674,963,719,0.07207,0.06708,-0.99514,-0.06005,0.0796,-0.99502,4.077,4.003,4.04,,,,Valid,Valid,228.2,147.4,551.0,297.4,151.9,559.5,268.1,184.6,263.7,196.7,0.506,0.6449,0.5102,0.6245,0.5018,0.6654,Screen Recording,Screen Recording Recording54.mp4,1920,1080,0,0,960,540,Fixation,776,1164,969,694,0.5044,0.6423,,,,,,,,,,,
497452380,512573312287,Eye Tracker,LipReading_BJ,10/21/2025,ZJ,Recording54,10/18/2025,10/18/2025,21:15:16.594,13:15:16.594,535262,Timeline1,Tobii I-VT (Fixation),1.241.54219,1080,1920,10.0,2.8,2.1,2.7,0.26,0.2,0.25,10,8,10,4.8,8.1,6.0,0.48,0.81,0.58,18,30,22,2629987456,,,976,698,979,679,973,716,0.07186,0.06932,-0.995,-0.05541,0.07839,-0.99538,4.092,3.999,4.043,,,,Valid,Valid,228.2,147.4,551.0,297.4,151.9,559.5,268.0,185.8,266.3,196.0,0.5084,0.6459,0.51,0.6287,0.5067,0.663,Screen Recording,Screen Recording Recording54.mp4,1920,1080,0,0,960,540,Fixation,776,1164,969,694,0.5044,0.6423,,,,,,,,,,,
497456379,512573316286,Eye Tracker,LipReading_BJ,10/21/2025,ZJ,Recording54,10/18/2025,10/18/2025,21:15:16.594,13:15:16.594,535262,Timeline1,Tobii I-VT (Fixation),1.241.54219,1080,1920,10.0,2.8,2.1,2.7,0.26,0.2,0.25,10,8,10,4.8,8.1,6.0,0.48,0.81,0.58,18,30,22,2629991455,,,970,698,969,681,971,715,0.06707,0.07049,-0.99526,-0.05647,0.07783,-0.99537,4.103,3.964,4.045,,,,Valid,Valid,228.2,147.4,551.0,297.4,151.9,559.4,265.3,186.5,265.7,195.7,0.5053,0.6464,0.5049,0.6308,0.5056,0.662,Screen Recording,Screen Recording Recording54.mp4,1920,1080,0,0,960,540,Fixation,776,1164,969,694,0.5044,0.6423,,,,,,,,,,,
497460380,512573320287,Eye Tracker,LipReading_BJ,10/21/2025,ZJ,Recording54,10/18/2025,10/18/2025,21:15:16.594,13:15:16.594,535262,Timeline1,Tobii I-VT (Fixation),1.241.54219,1080,1920,10.0,2.8,2.1,2.7,0.26,0.2,0.25,10,8,10,4.8,8.1,6.0,0.48,0.81,0.58,18,30,22,2629995456,,,970,708,977,679,964,737,0.07065,0.06954,-0.99507,-0.05983,0.08867,-0.99426,4.087,3.924,4.036,,,,Valid,Valid,228.2,147.4,551.0,297.4,151.9,559.5,267.3,185.9,263.7,201.8,0.5053,0.6559,0.5087,0.6291,0.502,0.6828,Screen Recording,Screen Recording Recording54.mp4,1920,1080,0,0,960,540,Fixation,776,1164,969,694,0.5044,0.6423,,,,,,,,,,,
497464380,512573324287,Eye Tracker,LipReading_BJ,10/21/2025,ZJ,Recording54,10/18/2025,10/18/2025,21:15:16.594,13:15:16.594,535262,Timeline1,Tobii I-VT (Fixation),1.241.54219,1080,1920,10.0,2.8,2.1,2.7,0.26,0.2,0.25,10,8,10,4.8,8.1,6.0,0.48,0.81,0.58,18,30,22,2629999456,,,975,688,986,670,965,707,0.07508,0.06466,-0.99508,-0.05927,0.07382,-0.99551,4.093,3.997,4.035,,,,Valid,Valid,228.2,147.4,550.9,297.4,151.9,559.5,269.8,183.2,264.1,193.4,0.508,0.6371,0.5134,0.62,0.5026,0.6543,Screen Recording,Screen Recording Recording54.mp4,1920,1080,0,0,960,540,Fixation,776,1164,969,694,0.5044,0.6423,,,,,,,,,,,
497468380,512573328287,Eye Tracker,LipReading_BJ,10/21/2025,ZJ,Recording54,10/18/2025,10/18/2025,21:15:16.594,13:15:16.594,535262,Timeline1,Tobii I-VT (Fixation),1.241.54219,1080,1920,10.0,2.8,2.1,2.7,0.26,0.2,0.25,10,8,10,4.8,8.1,6.0,0.48,0.81,0.58,18,30,22,2630003456,,,968,697,979,682,957,713,0.07175,0.07063,-0.99492,-0.06322,0.07695,-0.99503,4.104,3.98,4.035,,,,Valid,Valid,228.2,147.4,551.0,297.4,151.9,559.5,267.9,186.5,261.9,195.2,0.5041,0.6457,0.5099,0.6311,0.4984,0.6603,Screen Recording,Screen Recording Recording54.mp4,1920,1080,0,0,960,540,Fixation,776,1164,969,694,0.5044,0.6423,,,,,,,,,,,
497472380,512573332287,Eye Tracker,LipReading_BJ,10/21/2025,ZJ,Recording54,10/18/2025,10/18/2025,21:15:16.594,13:15:16.594,535262,Timeline1,Tobii I-VT (Fixation),1.241.54219,1080,1920,10.0,2.8,2.1,2.7,0.26,0.2,0.25,10,8,10,4.8,8.1,6.0,0.48,0.81,0.58,18,30,22,2630007456,,,970,702,976,679,964,724,0.07033,0.06958,-0.99509,-0.05961,0.08238,-0.99482,4.09,3.977,4.036,,,,Valid,Valid,228.2,147.4,551.0,297.4,151.9,559.5,267.1,186.0,263.9,198.2,0.5053,0.6499,0.5084,0.6292,0.5022,0.6707,Screen Recording,Screen Recording Recording54.mp4,1920,1080,0,0,960,540,Fixation,776,1164,969,694,0.5044,0.6423,,,,,,,,,,,
497476380,512573336287,Eye Tracker,LipReading_BJ,10/21/2025,ZJ,Recording54,10/18/2025,10/18/2025,21:15:16.594,13:15:16.594,535262,Timeline1,Tobii I-VT (Fixation),1.241.54219,1080,1920,10.0,2.8,2.1,2.7,0.26,0.2,0.25,10,8,10,4.8,8.1,6.0,0.48,0.81,0.58,18,30,22,2630011456,,,978,697,984,677,971,716,0.07429,0.06835,-0.99489,-0.05618,0.07845,-0.99533,4.064,3.999,4.035,,,,Valid,Valid,228.2,147.4,551.0,297.4,151.9,559.5,269.3,185.3,265.8,196.0,0.5093,0.645,0.5126,0.6269,0.5059,0.6632,Screen Recording,Screen Recording Recording54.mp4,1920,1080,0,0,960,540,Fixation,776,1164,969,694,0.5044,0.6423,,,,,,,,,,,
497480380,512573340287,Eye Tracker,LipReading_BJ,10/21/2025,ZJ,Recording54,10/18/2025,10/18/2025,21:15:16.594,13:15:16.594,535262,Timeline1,Tobii I-VT (Fixation),1.241.54219,1080,1920,10.0,2.8,2.1,2.7,0.26,0.2,0.25,10,8,10,4.8,8.1,6.0,0.48,0.81,0.58,18,30,22,2630015456,,,972,705,978,679,966,731,0.07106,0.06909,-0.99508,-0.059,0.08551,-0.99459,4.103,3.961,4.035,,,,Valid,Valid,228.2,147.4,551.0,297.4,151.9,559.5,267.5,185.7,264.2,200.0,0.506,0.6525,0.5092,0.6283,0.5029,0.6767,Screen Recording,Screen Recording Recording54.mp4,1920,1080,0,0,960,540,Fixation,776,1164,969,694,0.5044,0.6423,,,,,,,,,,,
497484380,512573344287,Eye Tracker,LipReading_BJ,10/21/2025,ZJ,Recording54,10/18/2025,10/18/2025,21:15:16.594,13:15:16.594,535262,Timeline1,Tobii I-VT (Fixation),1.241.54219,1080,1920,10.0,2.8,2.1,2.7,0.26,0.2,0.25,10,8,10,4.8,8.1,6.0,0.48,0.81,0.58,18,30,22,2630019456,,,971,697,978,671,964,723,0.07117,0.06548,-0.99531,-0.05984,0.08158,-0.99487,4.094,3.961,4.032,,,,Valid,Valid,228.2,147.4,551.0,297.4,151.9,559.5,267.6,183.7,263.8,197.8,0.5057,0.6453,0.5093,0.6215,0.502,0.6692,Screen Recording,Screen Recording Recording54.mp4,1920,1080,0,0,960,540,Fixation,776,1164,969,694,0.5044,0.6423,,,,,,,,,,,
497488380,512573348287,Eye Tracker,LipReading_BJ,10/21/2025,ZJ,Recording54,10/18/2025,10/18/2025,21:15:16.594,13:15:16.594,535262,Timeline1,Tobii I-VT (Fixation),1.241.54219,1080,1920,10.0,2.8,2.1,2.7,0.26,0.2,0.25,10,8,10,4.8,8.1,6.0,0.48,0.81,0.58,18,30,22,2630023456,,,967,686,977,681,957,692,0.07049,0.07011,-0.99505,-0.0632,0.06686,-0.99576,4.105,3.984,4.032,,,,Valid,Valid,228.2,147.4,551.0,297.4,151.9,559.5,267.2,186.3,261.9,189.5,0.5035,0.6356,0.5086,0.6302,0.4985,0.6411,Screen Recording,Screen Recording Recording54.mp4,1920,1080,0,0,960,540,Fixation,776,1164,969,694,0.5044,0.6423,,,,,,,,,,,
497492380,512573352287,Eye Tracker,LipReading_BJ,10/21/2025,ZJ,Recording54,10/18/2025,10/18/2025,21:15:16.594,13:15:16.594,535262,Timeline1,Tobii I-VT (Fixation),1.241.54219,1080,1920,10.0,2.8,2.1,2.7,0.26,0.2,0.25,10,8,10,4.8,8.1,6.0,0.48,0.81,0.58,18,30,22,2630027456,,,972,721,974,684,969,759,0.06946,0.07177,-0.995,-0.05715,0.099,-0.99344,4.105,3.908,4.041,,,,Valid,Valid,228.2,147.4,551.0,297.4,151.9,559.5,266.7,187.2,265.3,207.7,0.5062,0.668,0.5075,0.6333,0.5048,0.7026,Screen Recording,Screen Recording Recording54.mp4,1920,1080,0,0,960,540,Fixation,776,1164,969,694,0.5044,0.6423,,,,,,,,,,,
497496379,512573356286,Eye Tracker,LipReading_BJ,10/21/2025,ZJ,Recording54,10/18/2025,10/18/2025,21:15:16.594,13:15:16.594,535262,Timeline1,Tobii I-VT (Fixation),1.241.54219,1080,1920,10.0,2.8,2.1,2.7,0.26,0.2,0.25,10,8,10,4.8,8.1,6.0,0.48,0.81,0.58,18,30,22,2630031455,,,968,692,979,668,957,717,0.07175,0.06393,-0.99537,-0.06325,0.0787,-0.99489,4.09,3.978,4.041,,,,Valid,Valid,228.2,147.4,551.0,297.5,151.9,559.5,267.9,182.8,261.9,196.2,0.5042,0.6412,0.5099,0.6186,0.4984,0.6637,Screen Recording,Screen Recording Recording54.mp4,1920,1080,0,0,960,540,Fixation,776,1164,969,694,0.5044,0.6423,,,,,,,,,,,
497500380,512573360287,Eye Tracker,LipReading_BJ,10/21/2025,ZJ,Recording54,10/18/2025,10/18/2025,21:15:16.594,13:15:16.594,535262,Timeline1,Tobii I-VT (Fixation),1.241.54219,1080,1920,10.0,2.8,2.1,2.7,0.26,0.2,0.25,10,8,10,4.8,8.1,6.0,0.48,0.81,0.58,18,30,22,2630035456,,,969,699,972,680,967,718,0.06818,0.07004,-0.99521,-0.05838,0.07905,-0.99516,4.112,3.993,4.04,,,,Valid,Valid,228.2,147.4,551.0,297.5,151.9,559.5,266.0,186.2,264.6,196.4,0.5049,0.6472,0.5062,0.63,0.5036,0.6644,Screen Recording,Screen Recording Recording54.mp4,1920,1080,0,0,960,540,Fixation,776,1164,969,694,0.5044,0.6423,,,,,,,,,,,
497504380,512573364287,Eye Tracker,LipReading_BJ,10/21/2025,ZJ,Recording54,10/18/2025,10/18/2025,21:15:16.594,13:15:16.594,535262,Timeline1,Tobii I-VT (Fixation),1.241.54219,1080,1920,10.0,2.8,2.1,2.7,0.26,0.2,0.25,10,8,10,4.8,8.1,6.0,0.48,0.81,0.58,18,30,22,2630039456,,,968,709,971,683,964,734,0.06765,0.07132,-0.99516,-0.05969,0.08723,-0.9944,4.101,3.951,4.047,,,,Valid,Valid,228.2,147.4,551.0,297.5,151.9,559.5,265.7,186.9,263.9,201.0,0.5039,0.6563,0.5056,0.6324,0.5022,0.6801,Screen Recording,Screen Recording Recording54.mp4,1920,1080,0,0,960,540,Fixation,776,1164,969,694,0.5044,0.6423,,,,,,,,,,,
497508380,512573368287,Eye Tracker,LipReading_BJ,10/21/2025,ZJ,Recording54,10/18/2025,10/18/2025,21:15:16.594,13:15:16.594,535262,Timeline1,Tobii I-VT (Fixation),1.241.54219,1080,1920,10.0,2.8,2.1,2.7,0.26,0.2,0.25,10,8,10,4.8,8.1,6.0,0.48,0.81,0.58,18,30,22,2630043456,,,975,691,983,674,968,709,0.07349,0.06703,-0.99504,-0.05798,0.07473,-0.99552,4.103,4.003,4.051,,,,Valid,Valid,228.2,147.4,551.0,297.5,151.9,559.5,268.9,184.6,264.9,193.9,0.508,0.6403,0.5118,0.6244,0.5041,0.6561,Screen Recording,Screen Recording Recording54.mp4,1920,1080,0,0,960,540,Fixation,776,1164,969,694,0.5044,0.6423,,,,,,,,,,,
497512380,512573372287,Eye Tracker,LipReading_BJ,10/21/2025,ZJ,Recording54,10/18/2025,10/18/2025,21:15:16.594,13:15:16.594,535262,Timeline1,Tobii I-VT (Fixation),1.241.54219,1080,1920,10.0,2.8,2.1,2.7,0.26,0.2,0.25,10,8,10,4.8,8.1,6.0,0.48,0.81,0.58,18,30,22,2630047456,,,964,698,971,688,958,708,0.06756,0.07388,-0.99498,-0.06271,0.07454,-0.99524,4.087,3.998,4.049,,,,Valid,Valid,228.2,147.4,551.0,297.5,151.9,559.5,265.6,188.4,262.2,193.8,0.5023,0.6466,0.5056,0.6373,0.4991,0.6559,Screen Recording,Screen Recording Recording54.mp4,1920,1080,0,0,960,540,Fixation,776,1164,969,694,0.5044,0.6423,,,,,,,,,,,
497516379,512573376286,Eye Tracker,LipReading_BJ,10/21/2025,ZJ,Recording54,10/18/2025,10/18/2025,21:15:16.594,13:15:16.594,535262,Timeline1,Tobii I-VT (Fixation),1.241.54219,1080,1920,10.0,2.8,2.1,2.7,0.26,0.2,0.25,10,8,10,4.8,8.1,6.0,0.48,0.81,0.58,18,30,22,2630051455,,,972,690,972,683,972,697,0.06805,0.07113,-0.99514,-0.05602,0.06888,-0.99605,4.117,4.009,4.051,,,,Valid,Valid,228.2,147.4,551.0,297.5,151.9,559.5,265.9,186.8,266.0,190.6,0.5062,0.6386,0.5061,0.6321,0.5063,0.645,Screen Recording,Screen Recording Recording54.mp4,1920,1080,0,0,960,540,Fixation,776,1164,969,694,0.5044,0.6423,,,,,,,,,,,
497520380,512573380287,Eye Tracker,LipReading_BJ,10/21/2025,ZJ,Recording54,10/18/2025,10/18/2025,21:15:16.594,13:15:16.594,535262,Timeline1,Tobii I-VT (Fixation),1.241.54219,1080,1920,10.0,2.8,2.1,2.7,0.26,0.2,0.25,10,8,10,4.8,8.1,6.0,0.48,0.81,0.58,18,30,22,2630055456,,,964,694,978,683,951,706,0.0712,0.07108,-0.99493,-0.06631,0.07357,-0.99508,4.099,3.967,4.054,,,,Valid,Valid,228.2,147.4,551.0,297.5,151.9,559.5,267.7,186.8,260.2,193.3,0.5023,0.643,0.5094,0.632,0.4952,0.654,Screen Recording,Screen Recording Recording54.mp4,1920,1080,0,0,960,540,Fixation,776,1164,969,694,0.5044,0.6423,,,,,,,,,,,
497524380,512573384287,Eye Tracker,LipReading_BJ,10/21/2025,ZJ,Recording54,10/18/2025,10/18/2025,21:15:16.594,13:15:16.594,535262,Timeline1,Tobii I-VT (Fixation),1.241.54219,1080,1920,10.0,2.8,2.1,2.7,0.26,0.2,0.25,10,8,10,4.8,8.1,6.0,0.48,0.81,0.58,18,30,22,2630059456,,,967,694,978,681,956,707,0.07123,0.07015,-0.99499,-0.06358,0.07411,-0.99522,4.098,4.008,4.055,,,,Valid,Valid,228.2,147.5,551.0,297.5,151.9,559.5,267.7,186.3,261.7,193.6,0.5038,0.6427,0.5094,0.6303,0.4981,0.655,Screen Recording,Screen Recording Recording54.mp4,1920,1080,0,0,960,540,Fixation,776,1164,969,694,0.5044,0.6423,,,,,,,,,,,
497528380,512573388287,Eye Tracker,LipReading_BJ,10/21/2025,ZJ,Recording54,10/18/2025,10/18/2025,21:15:16.594,13:15:16.594,535262,Timeline1,Tobii I-VT (Fixation),1.241.54219,1080,1920,10.0,2.8,2.1,2.7,0.26,0.2,0.25,10,8,10,4.8,8.1,6.0,0.48,0.81,0.58,18,30,22,2630063456,,,971,694,971,681,970,708,0.06793,0.0702,-0.99522,-0.05694,0.07447,-0.9956,4.102,4.012,4.055,,,,Valid,Valid,228.2,147.5,551.0,297.5,152.0,559.5,265.8,186.3,265.5,193.8,0.5056,0.643,0.5059,0.6304,0.5053,0.6557,Screen Recording,Screen Recording Recording54.mp4,1920,1080,0,0,960,540,Fixation,776,1164,969,694,0.5044,0.6423,,,,,,,,,,,
497532380,512573392287,Eye Tracker,LipReading_BJ,10/21/2025,ZJ,Recording54,10/18/2025,10/18/2025,21:15:16.594,13:15:16.594,535262,Timeline1,Tobii I-VT (Fixation),1.241.54219,1080,1920,10.0,2.8,2.1,2.7,0.26,0.2,0.25,10,8,10,4.8,8.1,6.0,0.48,0.81,0.58,18,30,22,2630067456,,,967,699,973,672,961,725,0.06879,0.06607,-0.99544,-0.06154,0.08243,-0.99469,4.109,3.971,4.057,,,,Valid,Valid,228.2,147.5,550.9,297.5,152.0,559.5,266.3,184.0,262.9,198.3,0.5036,0.6468,0.5068,0.6226,0.5003,0.671,Screen Recording,Screen Recording Recording54.mp4,1920,1080,0,0,960,540,Fixation,776,1164,969,694,0.5044,0.6423,,,,,,,,,,,
497536379,512573396286,Eye Tracker,LipReading_BJ,10/21/2025,ZJ,Recording54,10/18/2025,10/18/2025,21:15:16.594,13:15:16.594,535262,Timeline1,Tobii I-VT (Fixation),1.241.54219,1080,1920,10.0,2.8,2.1,2.7,0.26,0.2,0.25,10,8,10,4.8,8.1,6.0,0.48,0.81,0.58,18,30,22,2630071455,,,963,698,970,676,956,719,0.06726,0.06794,-0.99542,-0.06369,0.07961,-0.99479,4.108,4.022,4.057,,,,Valid,Valid,228.2,147.5,550.9,297.5,152.0,559.5,265.5,185.1,261.7,196.7,0.5016,0.6459,0.5052,0.6261,0.498,0.6656,Screen Recording,Screen Recording Recording54.mp4,1920,1080,0,0,960,540,Fixation,776,1164,969,694,0.5044,0.6423,,,,,,,,,,,
497540380,512573400287,Eye Tracker,LipReading_BJ,10/21/2025,ZJ,Recording54,10/18/2025,10/18/2025,21:15:16.594,13:15:16.594,535262,Timeline1,Tobii I-VT (Fixation),1.241.54219,1080,1920,10.0,2.8,2.1,2.7,0.26,0.2,0.25,10,8,10,4.8,8.1,6.0,0.48,0.81,0.58,18,30,22,2630075456,,,967,690,977,673,957,708,0.07059,0.0661,-0.99531,-0.06308,0.07434,-0.99524,4.103,4.015,4.062,,,,Valid,Valid,228.2,147.5,550.9,297.5,152.0,559.4,267.3,184.0,262.0,193.8,0.5037,0.6391,0.5087,0.6227,0.4987,0.6555,Screen Recording,Screen Recording Recording54.mp4,1920,1080,0,0,960,540,Fixation,776,1164,969,694,0.5044,0.6423,,,,,,,,,,,
497544380,512573404287,Eye Tracker,LipReading_BJ,10/21/2025,ZJ,Recording54,10/18/2025,10/18/2025,21:15:16.594,13:15:16.594,535262,Timeline1,Tobii I-VT (Fixation),1.241.54219,1080,1920,10.0,2.8,2.1,2.7,0.26,0.2,0.25,10,8,10,4.8,8.1,6.0,0.48,0.81,0.58,18,30,22,2630079456,,,974,709,975,689,973,729,0.06949,0.07429,-0.99481,-0.05549,0.08457,-0.99487,4.095,3.991,4.062,,,,Valid,Valid,228.2,147.5,550.9,297.5,152.0,559.4,266.7,188.6,266.3,199.5,0.5072,0.6566,0.5076,0.6381,0.5068,0.6751,Screen Recording,Screen Recording Recording54.mp4,1920,1080,0,0,960,540,Fixation,776,1164,969,694,0.5044,0.6423,,,,,,,,,,,
497548380,512573408287,Eye Tracker,LipReading_BJ,10/21/2025,ZJ,Recording54,10/18/2025,10/18/2025,21:15:16.594,13:15:16.594,535262,Timeline1,Tobii I-VT (Fixation),1.241.54219,1080,1920,10.0,2.8,2.1,2.7,0.26,0.2,0.25,10,8,10,4.8,8.1,6.0,0.48,0.81,0.58,18,30,22,2630083456,,,969,694,975,687,963,701,0.06955,0.07327,-0.99488,-0.06031,0.07117,-0.99564,4.108,4.025,4.055,,,,Valid,Valid,228.2,147.5,550.9,297.5,152.0,559.4,266.8,188.0,263.6,191.9,0.5047,0.6428,0.5077,0.6362,0.5017,0.6494,Screen Recording,Screen Recording Recording54.mp4,1920,1080,0,0,960,540,Saccade,52,1583,,,,,,,,,,,,,,,
497552381,512573412288,Eye Tracker,LipReading_BJ,10/21/2025,ZJ,Recording54,10/18/2025,10/18/2025,21:15:16.594,13:15:16.594,535262,Timeline1,Tobii I-VT (Fixation),1.241.54219,1080,1920,10.0,2.8,2.1,2.7,0.26,0.2,0.25,10,8,10,4.8,8.1,6.0,0.48,0.81,0.58,18,30,22,2630087457,,,966,696,980,675,952,717,0.07214,0.06735,-0.99512,-0.06584,0.07901,-0.9947,4.089,4.036,4.04,,,,Valid,Valid,228.2,147.4,550.9,297.5,151.9,559.4,268.2,184.7,260.5,196.4,0.503,0.6446,0.5104,0.6249,0.4957,0.6643,Screen Recording,Screen Recording Recording54.mp4,1920,1080,0,0,960,540,Saccade,52,1583,,,,,,,,,,,,,,,
497556380,512573416287,Eye Tracker,LipReading_BJ,10/21/2025,ZJ,Recording54,10/18/2025,10/18/2025,21:15:16.594,13:15:16.594,535262,Timeline1,Tobii I-VT (Fixation),1.241.54219,1080,1920,10.0,2.8,2.1,2.7,0.26,0.2,0.25,10,8,10,4.8,8.1,6.0,0.48,0.81,0.58,18,30,22,2630091456,,,970,672,971,667,970,677,0.06749,0.06371,-0.99568,-0.05708,0.05959,-0.99659,4.09,3.979,4.038,,,,Valid,Valid,228.3,147.4,551.0,297.5,151.9,559.4,265.6,182.6,265.4,185.3,0.5053,0.6224,0.5055,0.6178,0.5052,0.627,Screen Recording,Screen Recording Recording54.mp4,1920,1080,0,0,960,540,Saccade,52,1583,,,,,,,,,,,,,,,
497560379,512573420286,Eye Tracker,LipReading_BJ,10/21/2025,ZJ,Recording54,10/18/2025,10/18/2025,21:15:16.594,13:15:16.594,535262,Timeline1,Tobii I-VT (Fixation),1.241.54219,1080,1920,10.0,2.8,2.1,2.7,0.26,0.2,0.25,10,8,10,4.8,8.1,6.0,0.48,0.81,0.58,18,30,22,2630095456,,,980,644,983,638,977,650,0.07379,0.04941,-0.99605,-0.05378,0.04644,-0.99747,4.076,3.987,4.028,,,,Valid,Valid,228.3,147.3,551.0,297.5,151.8,559.5,269.1,174.6,267.3,177.8,0.5104,0.5962,0.5121,0.5908,0.5087,0.6017,Screen Recording,Screen Recording Recording54.mp4,1920,1080,0,0,960,540,Saccade,52,1583,,,,,,,,,,,,,,,
497564380,512573424287,Eye Tracker,LipReading_BJ,10/21/2025,ZJ,Recording54,10/18/2025,10/18/2025,21:15:16.594,13:15:16.594,535262,Timeline1,Tobii I-VT (Fixation),1.241.54219,1080,1920,10.0,2.8,2.1,2.7,0.26,0.2,0.25,10,8,10,4.8,8.1,6.0,0.48,0.81,0.58,18,30,22,2630099457,,,976,633,981,634,970,633,0.07276,0.04769,-0.99621,-0.057,0.03817,-0.99764,4.0,3.908,3.954,,,,Valid,Valid,228.3,147.2,551.0,297.5,151.7,559.5,268.5,173.6,265.5,173.1,0.5082,0.5866,0.5111,0.5874,0.5053,0.5857,Screen Recording,Screen Recording Recording54.mp4,1920,1080,0,0,960,540,Saccade,52,1583,,,,,,,,,,,,,,,
497568380,512573428287,Eye Tracker,LipReading_BJ,10/21/2025,ZJ,Recording54,10/18/2025,10/18/2025,21:15:16.594,13:15:16.594,535262,Timeline1,Tobii I-VT (Fixation),1.241.54219,1080,1920,10.0,2.8,2.1,2.7,0.26,0.2,0.25,10,8,10,4.8,8.1,6.0,0.48,0.81,0.58,18,30,22,2630103457,,,982,622,985,618,978,626,0.07468,0.03989,-0.99641,-0.05297,0.03502,-0.99798,3.969,3.893,3.931,,,,Valid,Valid,228.3,147.2,550.9,297.5,151.7,559.4,269.6,169.2,267.8,171.3,0.5114,0.5761,0.5131,0.5726,0.5096,0.5795,Screen Recording,Screen Recording Recording54.mp4,1920,1080,0,0,960,540,Saccade,52,1583,,,,,,,,,,,,,,,
497572380,512573432287,Eye Tracker,LipReading_BJ,10/21/2025,ZJ,Recording54,10/18/2025,10/18/2025,21:15:16.594,13:15:16.594,535262,Timeline1,Tobii I-VT (Fixation),1.241.54219,1080,1920,10.0,2.8,2.1,2.7,0.26,0.2,0.25,10,8,10,4.8,8.1,6.0,0.48,0.81,0.58,18,30,22,2630107457,,,987,618,984,621,989,615,0.07419,0.04135,-0.99639,-0.0478,0.03013,-0.9984,3.946,3.889,3.917,,,,Valid,Valid,228.3,147.1,550.9,297.5,151.5,559.5,269.4,170.0,270.7,168.4,0.5139,0.5724,0.5126,0.5751,0.5151,0.5698,Screen Recording,Screen Recording Recording54.mp4,1920,1080,0,0,960,540,Saccade,52,1583,,,,,,,,,,,,,,,
497576379,512573436286,Eye Tracker,LipReading_BJ,10/21/2025,ZJ,Recording54,10/18/2025,10/18/2025,21:15:16.594,13:15:16.594,535262,Timeline1,Tobii I-VT (Fixation),1.241.54219,1080,1920,10.0,2.8,2.1,2.7,0.26,0.2,0.25,10,8,10,4.8,8.1,6.0,0.48,0.81,0.58,18,30,22,2630111456,,,1002,594,1009,589,995,599,0.08628,0.02554,-0.99594,-0.04499,0.0222,-0.99874,3.879,3.838,3.859,,,,Valid,Valid,228.4,147.0,550.9,297.5,151.5,559.5,276.1,161.2,272.3,163.9,0.5218,0.5499,0.5254,0.5453,0.5181,0.5546,Screen Recording,Screen Recording Recording54.mp4,1920,1080,0,0,960,540,Saccade,52,1583,,,,,,,,,,,,,,,
497580379,512573440286,Eye Tracker,LipReading_BJ,10/21/2025,ZJ,Recording54,10/18/2025,10/18/2025,21:15:16.594,13:15:16.594,535262,Timeline1,Tobii I-VT (Fixation),1.241.54219,1080,1920,10.0,2.8,2.1,2.7,0.26,0.2,0.25,10,8,10,4.8,8.1,6.0,0.48,0.81,0.58,18,30,22,2630115456,,,993,601,,,993,601,,,,-0.04616,0.02347,-0.99866,,3.789,3.82,,,,Invalid,Valid,,,,297.5,151.4,559.6,,,271.6,164.5,0.5169,0.5566,,,0.5169,0.5566,Screen Recording,Screen Recording Recording54.mp4,1920,1080,0,0,960,540,Saccade,52,1583,,,,,,,,,,,,,,,
497584380,512573444287,Eye Tracker,LipReading_BJ,10/21/2025,ZJ,Recording54,10/18/2025,10/18/2025,21:15:16.594,13:15:16.594,535262,Timeline1,Tobii I-VT (Fixation),1.241.54219,1080,1920,10.0,2.8,2.1,2.7,0.26,0.2,0.25,10,8,10,4.8,8.1,6.0,0.48,0.81,0.58,18,30,22,2630119457,,,1013,603,,,1013,603,,,,-0.03621,0.02426,-0.99905,,3.75,3.786,,,,Invalid,Valid,,,,297.5,151.3,559.5,,,277.2,164.9,0.5276,0.5579,,,0.5276,0.5579,Screen Recording,Screen Recording Recording54.mp4,1920,1080,0,0,960,540,Saccade,52,1583,,,,,,,,,,,,,,,
497588380,512573448287,Eye Tracker,LipReading_BJ,10/21/2025,ZJ,Recording54,10/18/2025,10/18/2025,21:15:16.594,13:15:16.594,535262,Timeline1,Tobii I-VT (Fixation),1.241.54219,1080,1920,10.0,2.8,2.1,2.7,0.26,0.2,0.25,10,8,10,4.8,8.1,6.0,0.48,0.81,0.58,18,30,22,2630123457,,,1035,582,1053,570,1016,594,0.10784,0.01648,-0.99403,-0.0346,0.02037,-0.99919,3.794,3.746,3.77,,,,Valid,Valid,228.5,146.9,550.9,297.5,151.2,559.6,288.2,156.0,278.1,162.6,0.539,0.539,0.5486,0.5278,0.5293,0.5502,Screen Recording,Screen Recording Recording54.mp4,1920,1080,0,0,960,540,Saccade,52,1583,,,,,,,,,,,,,,,
497592380,512573452287,Eye Tracker,LipReading_BJ,10/21/2025,ZJ,Recording54,10/18/2025,10/18/2025,21:15:16.594,13:15:16.594,535262,Timeline1,Tobii I-VT (Fixation),1.241.54219,1080,1920,10.0,2.8,2.1,2.7,0.26,0.2,0.25,10,8,10,4.8,8.1,6.0,0.48,0.81,0.58,18,30,22,2630127457,,,1037,573,,,1037,573,,,,-0.02441,0.01028,-0.99965,,3.725,3.722,,,,Invalid,Valid,,,,297.6,151.2,559.6,,,283.9,156.9,0.5403,0.5309,,,0.5403,0.5309,Screen Recording,Screen Recording Recording54.mp4,1920,1080,0,0,960,540,Saccade,52,1583,,,,,,,,,,,,,,,
497596379,512573456286,Eye Tracker,LipReading_BJ,10/21/2025,ZJ,Recording54,10/18/2025,10/18/2025,21:15:16.594,13:15:16.594,535262,Timeline1,Tobii I-VT (Fixation),1.241.54219,1080,1920,10.0,2.8,2.1,2.7,0.26,0.2,0.25,10,8,10,4.8,8.1,6.0,0.48,0.81,0.58,18,30,22,2630131456,,,1106,566,1130,550,1081,581,0.14481,0.00697,-0.98944,-0.00307,0.0143,-0.99989,3.644,3.672,3.658,,,,Valid,Valid,228.6,146.7,551.0,297.6,151.1,559.6,309.2,150.6,295.9,159.1,0.5758,0.5239,0.5885,0.5095,0.5631,0.5383,Screen Recording,Screen Recording Recording54.mp4,1920,1080,0,0,960,540,Saccade,52,1583,,,,,,,,,,,,,,,
497600379,512573460286,Eye Tracker,LipReading_BJ,10/21/2025,ZJ,Recording54,10/18/2025,10/18/2025,21:15:16.594,13:15:16.594,535262,Timeline1,Tobii I-VT (Fixation),1.241.54219,1080,1920,10.0,2.8,2.1,2.7,0.26,0.2,0.25,10,8,10,4.8,8.1,6.0,0.48,0.81,0.58,18,30,22,2630135456,,,,,,,,,,,,,,,,,3.65,,,,Invalid,Invalid,,,,,,,,,,,,,,,,,Screen Recording,Screen Recording Recording54.mp4,1920,1080,0,0,960,540,EyesNotFound,4,339,,,,,,,,,,,,,,,
497604380,512573464287,Eye Tracker,LipReading_BJ,10/21/2025,ZJ,Recording54,10/18/2025,10/18/2025,21:15:16.594,13:15:16.594,535262,Timeline1,Tobii I-VT (Fixation),1.241.54219,1080,1920,10.0,2.8,2.1,2.7,0.26,0.2,0.25,10,8,10,4.8,8.1,6.0,0.48,0.81,0.58,18,30,22,2630139457,,,1186,519,1186,519,,,0.17133,-0.00819,-0.98518,,,,3.641,,3.642,,,,Valid,Invalid,228.7,146.7,550.8,,,,324.5,142.1,,,0.6176,0.4808,0.6176,0.4808,,,Screen Recording,Screen Recording Recording54.mp4,1920,1080,0,0,960,540,Saccade,48,1584,,,,,,,,,,,,,,,
497608380,512573468287,Eye Tracker,LipReading_BJ,10/21/2025,ZJ,Recording54,10/18/2025,10/18/2025,21:15:16.594,13:15:16.594,535262,Timeline1,Tobii I-VT (Fixation),1.241.54219,1080,1920,10.0,2.8,2.1,2.7,0.26,0.2,0.25,10,8,10,4.8,8.1,6.0,0.48,0.81,0.58,18,30,22,2630143457,,,1173,535,1190,512,1156,558,0.17298,-0.01155,-0.98486,0.03295,0.00316,-0.99945,3.723,3.623,3.642,,,,Valid,Valid,228.8,146.6,551.1,297.8,151.0,559.5,325.6,140.1,316.2,152.8,0.6107,0.4956,0.6196,0.4741,0.6018,0.517,Screen Recording,Screen Recording Recording54.mp4,1920,1080,0,0,960,540,Saccade,48,1584,,,,,,,,,,,,,,,
497612380,512573472287,Eye Tracker,LipReading_BJ,10/21/2025,ZJ,Recording54,10/18/2025,10/18/2025,21:15:16.594,13:15:16.594,535262,Timeline1,Tobii I-VT (Fixation),1.241.54219,1080,1920,10.0,2.8,2.1,2.7,0.26,0.2,0.25,10,8,10,4.8,8.1,6.0,0.48,0.81,0.58,18,30,22,2630147457,,,1242,519,1242,519,,,0.19778,-0.0081,-0.98021,,,,3.661,,3.668,,,,Valid,Invalid,228.9,146.6,550.9,,,,340.0,142.1,,,0.6471,0.4808,0.6471,0.4808,,,Screen Recording,Screen Recording Recording54.mp4,1920,1080,0,0,960,540,Saccade,48,1584,,,,,,,,,,,,,,,
497616380,512573476287,Eye Tracker,LipReading_BJ,10/21/2025,ZJ,Recording54,10/18/2025,10/18/2025,21:15:16.594,13:15:16.594,535262,Timeline1,Tobii I-VT (Fixation),1.241.54219,1080,1920,10.0,2.8,2.1,2.7,0.26,0.2,0.25,10,8,10,4.8,8.1,6.0,0.48,0.81,0.58,18,30,22,2630151457,,,1230,529,1278,488,1182,570,0.21389,-0.0232,-0.97658,0.0458,0.00886,-0.99891,3.713,3.572,3.673,,,,Valid,Valid,228.9,146.6,551.0,297.9,151.0,559.7,349.6,133.5,323.6,155.9,0.6406,0.4896,0.6654,0.4517,0.6159,0.5276,Screen Recording,Screen Recording Recording54.mp4,1920,1080,0,0,960,540,Saccade,48,1584,,,,,,,,,,,,,,,
497620379,512573480286,Eye Tracker,LipReading_BJ,10/21/2025,ZJ,Recording54,10/18/2025,10/18/2025,21:15:16.594,13:15:16.594,535262,Timeline1,Tobii I-VT (Fixation),1.241.54219,1080,1920,10.0,2.8,2.1,2.7,0.26,0.2,0.25,10,8,10,4.8,8.1,6.0,0.48,0.81,0.58,18,30,22,2630155456,,,1265,514,1271,473,1259,556,0.21047,-0.03049,-0.97712,0.08291,0.00219,-0.99655,3.746,3.652,3.699,,,,Valid,Valid,229.0,146.6,551.0,298.0,151.0,559.7,347.7,129.4,344.6,152.2,0.6587,0.4764,0.6617,0.4378,0.6558,0.5149,Screen Recording,Screen Recording Recording54.mp4,1920,1080,0,0,960,540,Saccade,48,1584,,,,,,,,,,,,,,,
497624379,512573484286,Eye Tracker,LipReading_BJ,10/21/2025,ZJ,Recording54,10/18/2025,10/18/2025,21:15:16.594,13:15:16.594,535262,Timeline1,Tobii I-VT (Fixation),1.241.54219,1080,1920,10.0,2.8,2.1,2.7,0.26,0.2,0.25,10,8,10,4.8,8.1,6.0,0.48,0.81,0.58,18,30,22,2630159456,,,1305,492,1305,492,,,0.22632,-0.02098,-0.97383,,,,3.758,,3.705,,,,Valid,Invalid,229.1,146.6,550.9,,,,357.1,134.7,,,0.6796,0.4559,0.6796,0.4559,,,Screen Recording,Screen Recording Recording54.mp4,1920,1080,0,0,960,540,Saccade,48,1584,,,,,,,,,,,,,,,
497628379,512573488286,Eye Tracker,LipReading_BJ,10/21/2025,ZJ,Recording54,10/18/2025,10/18/2025,21:15:16.594,13:15:16.594,535262,Timeline1,Tobii I-VT (Fixation),1.241.54219,1080,1920,10.0,2.8,2.1,2.7,0.26,0.2,0.25,10,8,10,4.8,8.1,6.0,0.48,0.81,0.58,18,30,22,2630163456,,,1278,508,1279,476,1277,541,0.21415,-0.02905,-0.97637,0.0914,-0.00506,-0.9958,3.84,3.674,3.716,,,,Valid,Valid,229.1,146.6,551.1,298.1,150.9,559.8,350.0,130.2,349.5,148.1,0.6656,0.4707,0.666,0.4404,0.6651,0.501,Screen Recording,Screen Recording Recording54.mp4,1920,1080,0,0,960,540,Saccade,48,1584,,,,,,,,,,,,,,,
497632380,512573492287,Eye Tracker,LipReading_BJ,10/21/2025,ZJ,Recording54,10/18/2025,10/18/2025,21:15:16.594,13:15:16.594,535262,Timeline1,Tobii I-VT (Fixation),1.241.54219,1080,1920,10.0,2.8,2.1,2.7,0.26,0.2,0.25,10,8,10,4.8,8.1,6.0,0.48,0.81,0.58,18,30,22,2630167457,,,1297,501,1322,473,1271,530,0.23411,-0.03029,-0.97174,0.08852,-0.01063,-0.99602,3.745,3.675,3.757,,,,Valid,Valid,229.1,146.6,551.1,298.1,151.0,559.8,361.9,129.4,347.9,145.0,0.6754,0.4641,0.6887,0.4378,0.662,0.4905,Screen Recording,Screen Recording Recording54.mp4,1920,1080,0,0,960,540,Saccade,48,1584,,,,,,,,,,,,,,,
497636380,512573496287,Eye Tracker,LipReading_BJ,10/21/2025,ZJ,Recording54,10/18/2025,10/18/2025,21:15:16.594,13:15:16.594,535262,Timeline1,Tobii I-VT (Fixation),1.241.54219,1080,1920,10.0,2.8,2.1,2.7,0.26,0.2,0.25,10,8,10,4.8,8.1,6.0,0.48,0.81,0.58,18,30,22,2630171457,,,1267,459,1267,459,,,0.20876,-0.03736,-0.97725,,,,3.898,,3.791,,,,Valid,Invalid,229.1,146.6,551.0,,,,346.8,125.5,,,0.6601,0.4248,0.6601,0.4248,,,Screen Recording,Screen Recording Recording54.mp4,1920,1080,0,0,960,540,Saccade,48,1584,,,,,,,,,,,,,,,
497640380,512573500287,Eye Tracker,LipReading_BJ,10/21/2025,ZJ,Recording54,10/18/2025,10/18/2025,21:15:16.594,13:15:16.594,535262,Timeline1,Tobii I-VT (Fixation),1.241.54219,1080,1920,10.0,2.8,2.1,2.7,0.26,0.2,0.25,10,8,10,4.8,8.1,6.0,0.48,0.81,0.58,18,30,22,2630175457,,,1271,489,1276,462,1266,516,0.21261,-0.03587,-0.97648,0.08609,-0.01759,-0.99613,3.883,3.723,3.803,,,,Valid,Valid,229.1,146.6,551.0,298.1,151.0,559.8,349.1,126.4,346.5,141.1,0.6619,0.4525,0.6644,0.4276,0.6595,0.4774,Screen Recording,Screen Recording Recording54.mp4,1920,1080,0,0,960,540,Saccade,48,1584,,,,,,,,,,,,,,,
497644380,512573504287,Eye Tracker,LipReading_BJ,10/21/2025,ZJ,Recording54,10/18/2025,10/18/2025,21:15:16.594,13:15:16.594,535262,Timeline1,Tobii I-VT (Fixation),1.241.54219,1080,1920,10.0,2.8,2.1,2.7,0.26,0.2,0.25,10,8,10,4.8,8.1,6.0,0.48,0.81,0.58,18,30,22,2630179457,,,1270,454,1270,454,,,0.20984,-0.03969,-0.97693,,,,3.916,,3.818,,,,Valid,Invalid,229.1,146.6,551.0,,,,347.5,124.3,,,0.6613,0.4204,0.6613,0.4204,,,Screen Recording,Screen Recording Recording54.mp4,1920,1080,0,0,960,540,Saccade,48,1584,,,,,,,,,,,,,,,
497648380,512573508287,Eye Tracker,LipReading_BJ,10/21/2025,ZJ,Recording54,10/18/2025,10/18/2025,21:15:16.594,13:15:16.594,535262,Timeline1,Tobii I-VT (Fixation),1.241.54219,1080,1920,10.0,2.8,2.1,2.7,0.26,0.2,0.25,10,8,10,4.8,8.1,6.0,0.48,0.81,0.58,18,30,22,2630183457,,,1291,436,1291,436,,,0.21947,-0.04855,-0.97441,,,,3.881,,3.834,,,,Valid,Invalid,229.1,146.7,551.0,,,,353.2,119.2,,,0.6722,0.4033,0.6722,0.4033,,,Screen Recording,Screen Recording Recording54.mp4,1920,1080,0,0,960,540,Saccade,48,1584,,,,,,,,,,,,,,,
497652379,512573512286,Eye Tracker,LipReading_BJ,10/21/2025,ZJ,Recording54,10/18/2025,10/18/2025,21:15:16.594,13:15:16.594,535262,Timeline1,Tobii I-VT (Fixation),1.241.54219,1080,1920,10.0,2.8,2.1,2.7,0.26,0.2,0.25,10,8,10,4.8,8.1,6.0,0.48,0.81,0.58,18,30,22,2630187456,,,,,,,,,,,,,,,,,3.84,,,,Invalid,Invalid,,,,,,,,,,,,,,,,,Screen Recording,Screen Recording Recording54.mp4,1920,1080,0,0,960,540,EyesNotFound,4,340,,,,,,,,,,,,,,,
497656379,512573516286,Eye Tracker,LipReading_BJ,10/21/2025,ZJ,Recording54,10/18/2025,10/18/2025,21:15:16.594,13:15:16.594,535262,Timeline1,Tobii I-VT (Fixation),1.241.54219,1080,1920,10.0,2.8,2.1,2.7,0.26,0.2,0.25,10,8,10,4.8,8.1,6.0,0.48,0.81,0.58,18,30,22,2630191456,,,1277,454,1282,424,1273,484,0.21536,-0.05415,-0.97503,0.08921,-0.0329,-0.99547,3.95,3.782,3.856,,,,Valid,Valid,229.1,146.7,550.9,298.2,151.1,559.6,350.8,116.1,348.3,132.6,0.6652,0.4207,0.6676,0.3928,0.6629,0.4485,Screen Recording,Screen Recording Recording54.mp4,1920,1080,0,0,960,540,Saccade,28,1585,,,,,,,,,,,,,,,
497660379,512573520286,Eye Tracker,LipReading_BJ,10/21/2025,ZJ,Recording54,10/18/2025,10/18/2025,21:15:16.594,13:15:16.594,535262,Timeline1,Tobii I-VT (Fixation),1.241.54219,1080,1920,10.0,2.8,2.1,2.7,0.26,0.2,0.25,10,8,10,4.8,8.1,6.0,0.48,0.81,0.58,18,30,22,2630195456,,,1231,481,,,1231,481,,,,0.06904,-0.03445,-0.99702,,3.765,3.864,,,,Invalid,Valid,,,,298.2,151.1,559.6,,,336.9,131.7,0.6412,0.4457,,,0.6412,0.4457,Screen Recording,Screen Recording Recording54.mp4,1920,1080,0,0,960,540,Saccade,28,1585,,,,,,,,,,,,,,,
497664379,512573524286,Eye Tracker,LipReading_BJ,10/21/2025,ZJ,Recording54,10/18/2025,10/18/2025,21:15:16.594,13:15:16.594,535262,Timeline1,Tobii I-VT (Fixation),1.241.54219,1080,1920,10.0,2.8,2.1,2.7,0.26,0.2,0.25,10,8,10,4.8,8.1,6.0,0.48,0.81,0.58,18,30,22,2630199456,,,1274,435,1278,403,1270,468,0.21364,-0.06452,-0.97478,0.08766,-0.04099,-0.99531,3.946,3.806,3.87,,,,Valid,Valid,229.1,146.7,550.9,298.2,151.1,559.6,349.9,110.2,347.5,128.0,0.6636,0.4031,0.6658,0.373,0.6613,0.4332,Screen Recording,Screen Recording Recording54.mp4,1920,1080,0,0,960,540,Saccade,28,1585,,,,,,,,,,,,,,,
497665314,512573525221,Mouse,LipReading_BJ,10/21/2025,ZJ,Recording54,10/18/2025,10/18/2025,21:15:16.594,13:15:16.594,535262,Timeline1,Tobii I-VT (Fixation),1.241.54219,1080,1920,10.0,2.8,2.1,2.7,0.26,0.2,0.25,10,8,10,4.8,8.1,6.0,0.48,0.81,0.58,18,30,22,,,,,,,,,,,,,,,,,,,,,,,,,,,,,,,,,,,,,,,,Screen Recording,Screen Recording Recording54.mp4,1920,1080,0,0,960,540,Saccade,28,1585,,,,,,,,,,,,,,1018,937
497668378,512573528285,Eye Tracker,LipReading_BJ,10/21/2025,ZJ,Recording54,10/18/2025,10/18/2025,21:15:16.594,13:15:16.594,535262,Timeline1,Tobii I-VT (Fixation),1.241.54219,1080,1920,10.0,2.8,2.1,2.7,0.26,0.2,0.25,10,8,10,4.8,8.1,6.0,0.48,0.81,0.58,18,30,22,2630203456,,,1281,428,1292,392,1270,465,0.21969,-0.06961,-0.97308,0.08799,-0.04247,-0.99522,3.94,3.792,3.877,,,,Valid,Valid,229.1,146.7,550.9,298.2,151.1,559.6,353.5,107.3,347.7,127.2,0.6672,0.3967,0.6728,0.363,0.6616,0.4304,Screen Recording,Screen Recording Recording54.mp4,1920,1080,0,0,960,540,Saccade,28,1585,,,,,,,,,,,,,,,
497672378,512573532285,Eye Tracker,LipReading_BJ,10/21/2025,ZJ,Recording54,10/18/2025,10/18/2025,21:15:16.594,13:15:16.594,535262,Timeline1,Tobii I-VT (Fixation),1.241.54219,1080,1920,10.0,2.8,2.1,2.7,0.26,0.2,0.25,10,8,10,4.8,8.1,6.0,0.48,0.81,0.58,18,30,22,2630207456,,,1278,425,1283,398,1273,453,0.21586,-0.067,-0.97412,0.08937,-0.04843,-0.99482,4.019,3.836,3.893,,,,Valid,Valid,229.1,146.7,550.9,298.2,151.1,559.5,351.2,108.8,348.5,123.9,0.6658,0.3936,0.6684,0.3681,0.6632,0.419,Screen Recording,Screen Recording Recording54.mp4,1920,1080,0,0,960,540,Saccade,28,1585,,,,,,,,,,,,,,,
497676379,512573536286,Eye Tracker,LipReading_BJ,10/21/2025,ZJ,Recording54,10/18/2025,10/18/2025,21:15:16.594,13:15:16.594,535262,Timeline1,Tobii I-VT (Fixation),1.241.54219,1080,1920,10.0,2.8,2.1,2.7,0.26,0.2,0.25,10,8,10,4.8,8.1,6.0,0.48,0.81,0.58,18,30,22,2630211457,,,1274,419,1280,392,1268,446,0.21412,-0.06991,-0.9743,0.08694,-0.05159,-0.99488,3.978,3.808,3.927,,,,Valid,Valid,229.1,146.7,551.0,298.2,151.1,559.5,350.2,107.2,347.1,122.1,0.6635,0.3878,0.6665,0.3625,0.6606,0.4131,Screen Recording,Screen Recording Recording54.mp4,1920,1080,0,0,960,540,Saccade,28,1585,,,,,,,,,,,,,,,
497680374,512573540281,Eye Tracker,LipReading_BJ,10/21/2025,ZJ,Recording54,10/18/2025,10/18/2025,21:15:16.594,13:15:16.594,535262,Timeline1,Tobii I-VT (Fixation),1.241.54219,1080,1920,10.0,2.8,2.1,2.7,0.26,0.2,0.25,10,8,10,4.8,8.1,6.0,0.48,0.81,0.58,18,30,22,2630215452,,,1272,412,1284,381,1260,444,0.21623,-0.07507,-0.97345,0.08302,-0.05276,-0.99515,4.018,3.879,3.939,,,,Valid,Valid,229.1,146.7,550.9,298.2,151.1,559.5,351.5,104.2,344.9,121.4,0.6627,0.3817,0.669,0.3526,0.6564,0.4109,Screen Recording,Screen Recording Recording54.mp4,1920,1080,0,0,960,540,Saccade,28,1585,,,,,,,,,,,,,,,
497684374,512573544281,Eye Tracker,LipReading_BJ,10/21/2025,ZJ,Recording54,10/18/2025,10/18/2025,21:15:16.594,13:15:16.594,535262,Timeline1,Tobii I-VT (Fixation),1.241.54219,1080,1920,10.0,2.8,2.1,2.7,0.26,0.2,0.25,10,8,10,4.8,8.1,6.0,0.48,0.81,0.58,18,30,22,2630219452,,,1264,433,,,1264,433,,,,0.08474,-0.05801,-0.99471,,3.859,3.946,,,,Invalid,Valid,,,,298.2,151.1,559.5,,,345.9,118.5,0.6583,0.4008,,,0.6583,0.4008,Screen Recording,Screen Recording Recording54.mp4,1920,1080,0,0,960,540,Unclassified,20,467,,,,,,,,,,,,,,,
497688374,512573548281,Eye Tracker,LipReading_BJ,10/21/2025,ZJ,Recording54,10/18/2025,10/18/2025,21:15:16.594,13:15:16.594,535262,Timeline1,Tobii I-VT (Fixation),1.241.54219,1080,1920,10.0,2.8,2.1,2.7,0.26,0.2,0.25,10,8,10,4.8,8.1,6.0,0.48,0.81,0.58,18,30,22,2630223452,,,1281,402,1290,378,1273,426,0.21858,-0.07632,-0.97283,0.08888,-0.06134,-0.99415,4.023,3.871,3.946,,,,Valid,Valid,229.2,146.7,551.0,298.2,151.1,559.5,353.0,103.5,348.2,116.6,0.6672,0.3722,0.6717,0.35,0.6628,0.3944,Screen Recording,Screen Recording Recording54.mp4,1920,1080,0,0,960,540,Unclassified,20,467,,,,,,,,,,,,,,,
497692374,512573552281,Eye Tracker,LipReading_BJ,10/21/2025,ZJ,Recording54,10/18/2025,10/18/2025,21:15:16.594,13:15:16.594,535262,Timeline1,Tobii I-VT (Fixation),1.241.54219,1080,1920,10.0,2.8,2.1,2.7,0.26,0.2,0.25,10,8,10,4.8,8.1,6.0,0.48,0.81,0.58,18,30,22,2630227452,,,1282,392,1282,392,,,0.21497,-0.06956,-0.97414,,,,4.038,,3.947,,,,Valid,Invalid,229.2,146.7,551.0,,,,350.7,107.3,,,0.6675,0.3632,0.6675,0.3632,,,Screen Recording,Screen Recording Recording54.mp4,1920,1080,0,0,960,540,Unclassified,20,467,,,,,,,,,,,,,,,
497696373,512573556280,Eye Tracker,LipReading_BJ,10/21/2025,ZJ,Recording54,10/18/2025,10/18/2025,21:15:16.594,13:15:16.594,535262,Timeline1,Tobii I-VT (Fixation),1.241.54219,1080,1920,10.0,2.8,2.1,2.7,0.26,0.2,0.25,10,8,10,4.8,8.1,6.0,0.48,0.81,0.58,18,30,22,2630231451,,,1283,406,1286,389,1281,422,0.21703,-0.07086,-0.97359,0.09275,-0.06307,-0.99369,4.02,3.87,3.954,,,,Valid,Valid,229.2,146.7,551.0,298.2,151.1,559.5,352.0,106.6,350.5,115.6,0.6684,0.3758,0.6699,0.3606,0.667,0.3911,Screen Recording,Screen Recording Recording54.mp4,1920,1080,0,0,960,540,Unclassified,20,467,,,,,,,,,,,,,,,
497700373,512573560280,Eye Tracker,LipReading_BJ,10/21/2025,ZJ,Recording54,10/18/2025,10/18/2025,21:15:16.594,13:15:16.594,535262,Timeline1,Tobii I-VT (Fixation),1.241.54219,1080,1920,10.0,2.8,2.1,2.7,0.26,0.2,0.25,10,8,10,4.8,8.1,6.0,0.48,0.81,0.58,18,30,22,2630235451,,,1280,392,1285,373,1275,412,0.21649,-0.07879,-0.9731,0.08989,-0.06809,-0.99362,4.072,3.859,3.962,,,,Valid,Valid,229.2,146.7,551.0,298.2,151.1,559.5,351.7,102.1,348.9,112.8,0.6667,0.3634,0.6694,0.3453,0.6639,0.3815,Screen Recording,Screen Recording Recording54.mp4,1920,1080,0,0,960,540,Unclassified,20,467,,,,,,,,,,,,,,,
497704373,512573564280,Eye Tracker,LipReading_BJ,10/21/2025,ZJ,Recording54,10/18/2025,10/18/2025,21:15:16.594,13:15:16.594,535262,Timeline1,Tobii I-VT (Fixation),1.241.54219,1080,1920,10.0,2.8,2.1,2.7,0.26,0.2,0.25,10,8,10,4.8,8.1,6.0,0.48,0.81,0.58,18,30,22,2630239451,,,1286,377,1286,377,,,0.21672,-0.07701,-0.97319,,,,4.076,,3.977,,,,Valid,Invalid,229.2,146.7,551.0,,,,351.9,103.1,,,0.6696,0.3487,0.6696,0.3487,,,Screen Recording,Screen Recording Recording54.mp4,1920,1080,0,0,960,540,Saccade,4,1586,,,,,,,,,,,,,,,
497708373,512573568280,Eye Tracker,LipReading_BJ,10/21/2025,ZJ,Recording54,10/18/2025,10/18/2025,21:15:16.594,13:15:16.594,535262,Timeline1,Tobii I-VT (Fixation),1.241.54219,1080,1920,10.0,2.8,2.1,2.7,0.26,0.2,0.25,10,8,10,4.8,8.1,6.0,0.48,0.81,0.58,18,30,22,2630243451,,,1275,385,1274,369,1276,401,0.21127,-0.08091,-0.97407,0.09055,-0.07353,-0.99317,4.054,3.916,3.977,,,,Valid,Valid,229.2,146.7,551.0,298.2,151.1,559.6,348.7,100.9,349.3,109.7,0.6641,0.3562,0.6636,0.3414,0.6647,0.3711,Screen Recording,Screen Recording Recording54.mp4,1920,1080,0,0,960,540,Unclassified,20,468,,,,,,,,,,,,,,,
497712373,512573572280,Eye Tracker,LipReading_BJ,10/21/2025,ZJ,Recording54,10/18/2025,10/18/2025,21:15:16.594,13:15:16.594,535262,Timeline1,Tobii I-VT (Fixation),1.241.54219,1080,1920,10.0,2.8,2.1,2.7,0.26,0.2,0.25,10,8,10,4.8,8.1,6.0,0.48,0.81,0.58,18,30,22,2630247451,,,1276,391,1279,371,1273,412,0.21377,-0.07987,-0.97361,0.08906,-0.06828,-0.99368,4.071,3.882,3.979,,,,Valid,Valid,229.2,146.7,551.0,298.3,151.1,559.6,350.1,101.5,348.4,112.7,0.6647,0.3622,0.6664,0.3433,0.6631,0.3811,Screen Recording,Screen Recording Recording54.mp4,1920,1080,0,0,960,540,Unclassified,20,468,,,,,,,,,,,,,,,
497716374,512573576281,Eye Tracker,LipReading_BJ,10/21/2025,ZJ,Recording54,10/18/2025,10/18/2025,21:15:16.594,13:15:16.594,535262,Timeline1,Tobii I-VT (Fixation),1.241.54219,1080,1920,10.0,2.8,2.1,2.7,0.26,0.2,0.25,10,8,10,4.8,8.1,6.0,0.48,0.81,0.58,18,30,22,2630251452,,,1267,378,1277,373,1258,383,0.21264,-0.07905,-0.97393,0.0816,-0.082,-0.99329,4.071,3.878,3.992,,,,Valid,Valid,229.2,146.7,551.0,298.3,151.1,559.6,349.5,101.9,344.2,104.9,0.6601,0.3499,0.6651,0.3449,0.6551,0.3549,Screen Recording,Screen Recording Recording54.mp4,1920,1080,0,0,960,540,Unclassified,20,468,,,,,,,,,,,,,,,
497720374,512573580281,Eye Tracker,LipReading_BJ,10/21/2025,ZJ,Recording54,10/18/2025,10/18/2025,21:15:16.594,13:15:16.594,535262,Timeline1,Tobii I-VT (Fixation),1.241.54219,1080,1920,10.0,2.8,2.1,2.7,0.26,0.2,0.25,10,8,10,4.8,8.1,6.0,0.48,0.81,0.58,18,30,22,2630255452,,,1276,394,,,1276,394,,,,0.09034,-0.07703,-0.99293,,3.915,3.987,,,,Invalid,Valid,,,,298.3,151.1,559.6,,,349.2,107.7,0.6645,0.3644,,,0.6645,0.3644,Screen Recording,Screen Recording Recording54.mp4,1920,1080,0,0,960,540,Unclassified,20,468,,,,,,,,,,,,,,,
497724374,512573584281,Eye Tracker,LipReading_BJ,10/21/2025,ZJ,Recording54,10/18/2025,10/18/2025,21:15:16.594,13:15:16.594,535262,Timeline1,Tobii I-VT (Fixation),1.241.54219,1080,1920,10.0,2.8,2.1,2.7,0.26,0.2,0.25,10,8,10,4.8,8.1,6.0,0.48,0.81,0.58,18,30,22,2630259452,,,1271,372,1276,360,1267,385,0.21211,-0.08522,-0.97352,0.08584,-0.08136,-0.99298,4.069,3.924,3.993,,,,Valid,Valid,229.2,146.7,551.0,298.3,151.1,559.6,349.2,98.4,346.6,105.2,0.6622,0.3446,0.6646,0.333,0.6597,0.3561,Screen Recording,Screen Recording Recording54.mp4,1920,1080,0,0,960,540,Unclassified,20,468,,,,,,,,,,,,,,,
497728374,512573588281,Eye Tracker,LipReading_BJ,10/21/2025,ZJ,Recording54,10/18/2025,10/18/2025,21:15:16.594,13:15:16.594,535262,Timeline1,Tobii I-VT (Fixation),1.241.54219,1080,1920,10.0,2.8,2.1,2.7,0.26,0.2,0.25,10,8,10,4.8,8.1,6.0,0.48,0.81,0.58,18,30,22,2630263452,,,1281,371,1286,358,1277,385,0.21649,-0.0861,-0.97248,0.09082,-0.08119,-0.99255,4.104,3.902,4.003,,,,Valid,Valid,229.2,146.7,551.0,298.3,151.1,559.6,351.8,97.9,349.5,105.3,0.6673,0.3437,0.6696,0.3312,0.6651,0.3563,Screen Recording,Screen Recording Recording54.mp4,1920,1080,0,0,960,540,Saccade,8,1587,,,,,,,,,,,,,,,
497732374,512573592281,Eye Tracker,LipReading_BJ,10/21/2025,ZJ,Recording54,10/18/2025,10/18/2025,21:15:16.594,13:15:16.594,535262,Timeline1,Tobii I-VT (Fixation),1.241.54219,1080,1920,10.0,2.8,2.1,2.7,0.26,0.2,0.25,10,8,10,4.8,8.1,6.0,0.48,0.81,0.58,18,30,22,2630267452,,,1283,372,1284,349,1282,394,0.2156,-0.09013,-0.97231,0.09323,-0.07662,-0.99269,4.085,3.924,4.005,,,,Valid,Valid,229.2,146.7,551.0,298.3,151.1,559.6,351.4,95.6,350.8,107.9,0.6682,0.3443,0.6687,0.3234,0.6677,0.3651,Screen Recording,Screen Recording Recording54.mp4,1920,1080,0,0,960,540,Saccade,8,1587,,,,,,,,,,,,,,,
497736373,512573596280,Eye Tracker,LipReading_BJ,10/21/2025,ZJ,Recording54,10/18/2025,10/18/2025,21:15:16.594,13:15:16.594,535262,Timeline1,Tobii I-VT (Fixation),1.241.54219,1080,1920,10.0,2.8,2.1,2.7,0.26,0.2,0.25,10,8,10,4.8,8.1,6.0,0.48,0.81,0.58,18,30,22,2630271451,,,1289,358,1300,335,1279,380,0.22274,-0.09675,-0.97007,0.09162,-0.08354,-0.99228,4.082,3.94,4.011,,,,Valid,Valid,229.2,146.7,551.0,298.3,151.1,559.6,355.7,91.7,349.9,104.0,0.6715,0.3311,0.6769,0.3103,0.666,0.3518,Screen Recording,Screen Recording Recording54.mp4,1920,1080,0,0,960,540,Unclassified,8,469,,,,,,,,,,,,,,,
497740374,512573600281,Eye Tracker,LipReading_BJ,10/21/2025,ZJ,Recording54,10/18/2025,10/18/2025,21:15:16.594,13:15:16.594,535262,Timeline1,Tobii I-VT (Fixation),1.241.54219,1080,1920,10.0,2.8,2.1,2.7,0.26,0.2,0.25,10,8,10,4.8,8.1,6.0,0.48,0.81,0.58,18,30,22,2630275452,,,1282,356,1288,337,1276,375,0.21755,-0.09587,-0.97133,0.09027,-0.08614,-0.99219,4.098,3.928,4.011,,,,Valid,Valid,229.2,146.7,551.0,298.3,151.1,559.6,352.6,92.3,349.2,102.5,0.6678,0.3295,0.671,0.3122,0.6645,0.3468,Screen Recording,Screen Recording Recording54.mp4,1920,1080,0,0,960,540,Unclassified,8,469,,,,,,,,,,,,,,,
497744373,512573604280,Eye Tracker,LipReading_BJ,10/21/2025,ZJ,Recording54,10/18/2025,10/18/2025,21:15:16.594,13:15:16.594,535262,Timeline1,Tobii I-VT (Fixation),1.241.54219,1080,1920,10.0,2.8,2.1,2.7,0.26,0.2,0.25,10,8,10,4.8,8.1,6.0,0.48,0.81,0.58,18,30,22,2630279451,,,1282,357,1289,344,1275,370,0.21787,-0.09284,-0.97155,0.08964,-0.08852,-0.99203,4.106,3.921,4.013,,,,Valid,Valid,229.2,146.7,551.0,298.3,151.1,559.6,352.7,94.0,348.8,101.2,0.6676,0.3302,0.6713,0.3181,0.6639,0.3423,Screen Recording,Screen Recording Recording54.mp4,1920,1080,0,0,960,540,Saccade,4,1588,,,,,,,,,,,,,,,
497748373,512573608280,Eye Tracker,LipReading_BJ,10/21/2025,ZJ,Recording54,10/18/2025,10/18/2025,21:15:16.594,13:15:16.594,535262,Timeline1,Tobii I-VT (Fixation),1.241.54219,1080,1920,10.0,2.8,2.1,2.7,0.26,0.2,0.25,10,8,10,4.8,8.1,6.0,0.48,0.81,0.58,18,30,22,2630283451,,,1273,352,1273,347,1272,357,0.21061,-0.09151,-0.97328,0.08844,-0.09482,-0.99156,4.106,3.908,4.013,,,,Valid,Valid,229.2,146.7,551.0,298.3,151.1,559.6,348.4,94.9,348.2,97.6,0.6629,0.3256,0.6631,0.321,0.6627,0.3301,Screen Recording,Screen Recording Recording54.mp4,1920,1080,0,0,960,540,Fixation,696,1165,1274,312,0.6633,0.2891,,,,,,,,,,,
497752373,512573612280,Eye Tracker,LipReading_BJ,10/21/2025,ZJ,Recording54,10/18/2025,10/18/2025,21:15:16.594,13:15:16.594,535262,Timeline1,Tobii I-VT (Fixation),1.241.54219,1080,1920,10.0,2.8,2.1,2.7,0.26,0.2,0.25,10,8,10,4.8,8.1,6.0,0.48,0.81,0.58,18,30,22,2630287451,,,1278,349,1280,332,1277,366,0.21379,-0.09836,-0.97192,0.09058,-0.09009,-0.99181,4.098,3.952,4.013,,,,Valid,Valid,229.2,146.7,551.0,298.3,151.1,559.6,350.4,90.9,349.4,100.3,0.6659,0.3234,0.6668,0.3076,0.6649,0.3392,Screen Recording,Screen Recording Recording54.mp4,1920,1080,0,0,960,540,Fixation,696,1165,1274,312,0.6633,0.2891,,,,,,,,,,,
497756374,512573616281,Eye Tracker,LipReading_BJ,10/21/2025,ZJ,Recording54,10/18/2025,10/18/2025,21:15:16.594,13:15:16.594,535262,Timeline1,Tobii I-VT (Fixation),1.241.54219,1080,1920,10.0,2.8,2.1,2.7,0.26,0.2,0.25,10,8,10,4.8,8.1,6.0,0.48,0.81,0.58,18,30,22,2630291452,,,1282,346,1283,342,1282,349,0.21517,-0.09353,-0.97209,0.0929,-0.09848,-0.99079,4.107,3.891,4.023,,,,Valid,Valid,229.2,146.7,551.0,298.3,151.1,559.6,351.1,93.6,350.7,95.5,0.6679,0.3199,0.6683,0.3168,0.6675,0.323,Screen Recording,Screen Recording Recording54.mp4,1920,1080,0,0,960,540,Fixation,696,1165,1274,312,0.6633,0.2891,,,,,,,,,,,
497760373,512573620280,Eye Tracker,LipReading_BJ,10/21/2025,ZJ,Recording54,10/18/2025,10/18/2025,21:15:16.594,13:15:16.594,535262,Timeline1,Tobii I-VT (Fixation),1.241.54219,1080,1920,10.0,2.8,2.1,2.7,0.26,0.2,0.25,10,8,10,4.8,8.1,6.0,0.48,0.81,0.58,18,30,22,2630295451,,,1281,350,1282,344,1280,356,0.21452,-0.09288,-0.97229,0.09232,-0.09504,-0.99118,4.103,3.944,4.024,,,,Valid,Valid,229.2,146.7,551.0,298.3,151.1,559.6,350.7,94.0,350.4,97.4,0.6672,0.3239,0.6675,0.3181,0.6669,0.3296,Screen Recording,Screen Recording Recording54.mp4,1920,1080,0,0,960,540,Fixation,696,1165,1274,312,0.6633,0.2891,,,,,,,,,,,
497764374,512573624281,Eye Tracker,LipReading_BJ,10/21/2025,ZJ,Recording54,10/18/2025,10/18/2025,21:15:16.594,13:15:16.594,535262,Timeline1,Tobii I-VT (Fixation),1.241.54219,1080,1920,10.0,2.8,2.1,2.7,0.26,0.2,0.25,10,8,10,4.8,8.1,6.0,0.48,0.81,0.58,18,30,22,2630299452,,,1283,349,1286,342,1280,356,0.21653,-0.09355,-0.97178,0.09209,-0.0949,-0.99122,4.142,3.941,4.032,,,,Valid,Valid,229.2,146.7,551.0,298.3,151.1,559.7,351.9,93.6,350.3,97.5,0.6682,0.3233,0.6698,0.3167,0.6666,0.3299,Screen Recording,Screen Recording Recording54.mp4,1920,1080,0,0,960,540,Fixation,696,1165,1274,312,0.6633,0.2891,,,,,,,,,,,
497768374,512573628281,Eye Tracker,LipReading_BJ,10/21/2025,ZJ,Recording54,10/18/2025,10/18/2025,21:15:16.594,13:15:16.594,535262,Timeline1,Tobii I-VT (Fixation),1.241.54219,1080,1920,10.0,2.8,2.1,2.7,0.26,0.2,0.25,10,8,10,4.8,8.1,6.0,0.48,0.81,0.58,18,30,22,2630303452,,,1275,344,1277,346,1273,342,0.21233,-0.09187,-0.97287,0.08848,-0.10184,-0.99086,4.158,3.93,4.041,,,,Valid,Valid,229.2,146.6,551.1,298.3,151.1,559.6,349.4,94.6,348.3,93.6,0.6639,0.3183,0.665,0.3201,0.6628,0.3165,Screen Recording,Screen Recording Recording54.mp4,1920,1080,0,0,960,540,Fixation,696,1165,1274,312,0.6633,0.2891,,,,,,,,,,,
497772374,512573632281,Eye Tracker,LipReading_BJ,10/21/2025,ZJ,Recording54,10/18/2025,10/18/2025,21:15:16.594,13:15:16.594,535262,Timeline1,Tobii I-VT (Fixation),1.241.54219,1080,1920,10.0,2.8,2.1,2.7,0.26,0.2,0.25,10,8,10,4.8,8.1,6.0,0.48,0.81,0.58,18,30,22,2630307452,,,1280,339,1292,325,1267,353,0.2191,-0.1016,-0.9704,0.08586,-0.0966,-0.99161,4.123,3.946,4.041,,,,Valid,Valid,229.2,146.7,551.0,298.3,151.1,559.6,353.6,89.0,346.7,96.6,0.6664,0.3138,0.6729,0.301,0.6599,0.3267,Screen Recording,Screen Recording Recording54.mp4,1920,1080,0,0,960,540,Fixation,696,1165,1274,312,0.6633,0.2891,,,,,,,,,,,
497776372,512573636279,Eye Tracker,LipReading_BJ,10/21/2025,ZJ,Recording54,10/18/2025,10/18/2025,21:15:16.594,13:15:16.594,535262,Timeline1,Tobii I-VT (Fixation),1.241.54219,1080,1920,10.0,2.8,2.1,2.7,0.26,0.2,0.25,10,8,10,4.8,8.1,6.0,0.48,0.81,0.58,18,30,22,2630311451,,,1280,341,1284,332,1276,349,0.21563,-0.09828,-0.97152,0.08994,-0.0984,-0.99107,4.148,3.934,4.041,,,,Valid,Valid,229.2,146.7,551.0,298.3,151.1,559.7,351.5,90.9,349.1,95.5,0.6666,0.3153,0.6689,0.3076,0.6643,0.3231,Screen Recording,Screen Recording Recording54.mp4,1920,1080,0,0,960,540,Fixation,696,1165,1274,312,0.6633,0.2891,,,,,,,,,,,
497780373,512573640280,Eye Tracker,LipReading_BJ,10/21/2025,ZJ,Recording54,10/18/2025,10/18/2025,21:15:16.594,13:15:16.594,535262,Timeline1,Tobii I-VT (Fixation),1.241.54219,1080,1920,10.0,2.8,2.1,2.7,0.26,0.2,0.25,10,8,10,4.8,8.1,6.0,0.48,0.81,0.58,18,30,22,2630315452,,,1277,336,1281,325,1273,347,0.21383,-0.10159,-0.97158,0.08856,-0.09957,-0.99108,4.153,3.914,4.047,,,,Valid,Valid,229.2,146.6,551.0,298.3,151.1,559.7,350.4,89.0,348.3,94.8,0.6649,0.311,0.667,0.3012,0.6629,0.3209,Screen Recording,Screen Recording Recording54.mp4,1920,1080,0,0,960,540,Fixation,696,1165,1274,312,0.6633,0.2891,,,,,,,,,,,
497784372,512573644279,Eye Tracker,LipReading_BJ,10/21/2025,ZJ,Recording54,10/18/2025,10/18/2025,21:15:16.594,13:15:16.594,535262,Timeline1,Tobii I-VT (Fixation),1.241.54219,1080,1920,10.0,2.8,2.1,2.7,0.26,0.2,0.25,10,8,10,4.8,8.1,6.0,0.48,0.81,0.58,18,30,22,2630319451,,,1273,342,1276,329,1271,355,0.21185,-0.09994,-0.97218,0.08767,-0.09571,-0.99154,4.13,3.969,4.061,,,,Valid,Valid,229.2,146.6,551.0,298.3,151.1,559.7,349.2,90.0,347.8,97.0,0.6633,0.3164,0.6647,0.3045,0.6619,0.3283,Screen Recording,Screen Recording Recording54.mp4,1920,1080,0,0,960,540,Fixation,696,1165,1274,312,0.6633,0.2891,,,,,,,,,,,
497788372,512573648279,Eye Tracker,LipReading_BJ,10/21/2025,ZJ,Recording54,10/18/2025,10/18/2025,21:15:16.594,13:15:16.594,535262,Timeline1,Tobii I-VT (Fixation),1.241.54219,1080,1920,10.0,2.8,2.1,2.7,0.26,0.2,0.25,10,8,10,4.8,8.1,6.0,0.48,0.81,0.58,18,30,22,2630323451,,,1270,336,1276,335,1264,336,0.21206,-0.09691,-0.97244,0.08425,-0.10463,-0.99094,4.154,3.971,4.061,,,,Valid,Valid,229.2,146.6,551.0,298.3,151.1,559.7,349.3,91.7,345.9,92.0,0.6615,0.3108,0.6648,0.3104,0.6583,0.3111,Screen Recording,Screen Recording Recording54.mp4,1920,1080,0,0,960,540,Fixation,696,1165,1274,312,0.6633,0.2891,,,,,,,,,,,
497792372,512573652279,Eye Tracker,LipReading_BJ,10/21/2025,ZJ,Recording54,10/18/2025,10/18/2025,21:15:16.594,13:15:16.594,535262,Timeline1,Tobii I-VT (Fixation),1.241.54219,1080,1920,10.0,2.8,2.1,2.7,0.26,0.2,0.25,10,8,10,4.8,8.1,6.0,0.48,0.81,0.58,18,30,22,2630327451,,,1272,338,1279,322,1266,353,0.21287,-0.10307,-0.97163,0.08554,-0.09659,-0.99164,4.154,3.975,4.06,,,,Valid,Valid,229.2,146.6,551.0,298.3,151.1,559.7,349.9,88.2,346.6,96.5,0.6628,0.3125,0.6659,0.2984,0.6596,0.3267,Screen Recording,Screen Recording Recording54.mp4,1920,1080,0,0,960,540,Fixation,696,1165,1274,312,0.6633,0.2891,,,,,,,,,,,
497796373,512573656280,Eye Tracker,LipReading_BJ,10/21/2025,ZJ,Recording54,10/18/2025,10/18/2025,21:15:16.594,13:15:16.594,535262,Timeline1,Tobii I-VT (Fixation),1.241.54219,1080,1920,10.0,2.8,2.1,2.7,0.26,0.2,0.25,10,8,10,4.8,8.1,6.0,0.48,0.81,0.58,18,30,22,2630331452,,,1275,330,1281,325,1270,335,0.21385,-0.10186,-0.97154,0.08707,-0.10522,-0.99063,4.137,3.946,4.061,,,,Valid,Valid,229.2,146.6,551.0,298.3,151.1,559.6,350.5,88.9,347.5,91.6,0.6642,0.3054,0.667,0.3007,0.6613,0.31,Screen Recording,Screen Recording Recording54.mp4,1920,1080,0,0,960,540,Fixation,696,1165,1274,312,0.6633,0.2891,,,,,,,,,,,
497800372,512573660279,Eye Tracker,LipReading_BJ,10/21/2025,ZJ,Recording54,10/18/2025,10/18/2025,21:15:16.594,13:15:16.594,535262,Timeline1,Tobii I-VT (Fixation),1.241.54219,1080,1920,10.0,2.8,2.1,2.7,0.26,0.2,0.25,10,8,10,4.8,8.1,6.0,0.48,0.81,0.58,18,30,22,2630335451,,,1284,334,1284,320,1284,349,0.21533,-0.10416,-0.97097,0.09409,-0.09829,-0.9907,4.152,3.962,4.064,,,,Valid,Valid,229.2,146.6,551.0,298.3,151.1,559.7,351.4,87.5,351.5,95.5,0.6688,0.3097,0.6687,0.2962,0.6689,0.3232,Screen Recording,Screen Recording Recording54.mp4,1920,1080,0,0,960,540,Fixation,696,1165,1274,312,0.6633,0.2891,,,,,,,,,,,
497804373,512573664280,Eye Tracker,LipReading_BJ,10/21/2025,ZJ,Recording54,10/18/2025,10/18/2025,21:15:16.594,13:15:16.594,535262,Timeline1,Tobii I-VT (Fixation),1.241.54219,1080,1920,10.0,2.8,2.1,2.7,0.26,0.2,0.25,10,8,10,4.8,8.1,6.0,0.48,0.81,0.58,18,30,22,2630339452,,,1272,327,1280,320,1264,335,0.21357,-0.10419,-0.97136,0.08407,-0.10512,-0.9909,4.138,4.0,4.074,,,,Valid,Valid,229.2,146.7,551.0,298.3,151.1,559.7,350.3,87.5,345.8,91.7,0.6624,0.3032,0.6668,0.2962,0.6581,0.3102,Screen Recording,Screen Recording Recording54.mp4,1920,1080,0,0,960,540,Fixation,696,1165,1274,312,0.6633,0.2891,,,,,,,,,,,
497808373,512573668280,Eye Tracker,LipReading_BJ,10/21/2025,ZJ,Recording54,10/18/2025,10/18/2025,21:15:16.594,13:15:16.594,535262,Timeline1,Tobii I-VT (Fixation),1.241.54219,1080,1920,10.0,2.8,2.1,2.7,0.26,0.2,0.25,10,8,10,4.8,8.1,6.0,0.48,0.81,0.58,18,30,22,2630343452,,,1278,323,1281,310,1275,335,0.21364,-0.10876,-0.97084,0.0894,-0.10506,-0.99044,4.174,4.014,4.074,,,,Valid,Valid,229.2,146.7,551.0,298.3,151.1,559.7,350.4,84.9,348.8,91.7,0.6654,0.2988,0.6669,0.2874,0.6639,0.3102,Screen Recording,Screen Recording Recording54.mp4,1920,1080,0,0,960,540,Fixation,696,1165,1274,312,0.6633,0.2891,,,,,,,,,,,
497812371,512573672278,Eye Tracker,LipReading_BJ,10/21/2025,ZJ,Recording54,10/18/2025,10/18/2025,21:15:16.594,13:15:16.594,535262,Timeline1,Tobii I-VT (Fixation),1.241.54219,1080,1920,10.0,2.8,2.1,2.7,0.26,0.2,0.25,10,8,10,4.8,8.1,6.0,0.48,0.81,0.58,18,30,22,2630347450,,,1274,322,1286,310,1261,334,0.21636,-0.10883,-0.97023,0.08275,-0.10544,-0.99098,4.163,3.996,4.073,,,,Valid,Valid,229.2,146.7,551.0,298.3,151.1,559.7,352.1,84.9,345.1,91.5,0.6634,0.2984,0.67,0.2871,0.6567,0.3096,Screen Recording,Screen Recording Recording54.mp4,1920,1080,0,0,960,540,Fixation,696,1165,1274,312,0.6633,0.2891,,,,,,,,,,,
497816370,512573676277,Eye Tracker,LipReading_BJ,10/21/2025,ZJ,Recording54,10/18/2025,10/18/2025,21:15:16.594,13:15:16.594,535262,Timeline1,Tobii I-VT (Fixation),1.241.54219,1080,1920,10.0,2.8,2.1,2.7,0.26,0.2,0.25,10,8,10,4.8,8.1,6.0,0.48,0.81,0.58,18,30,22,2630351449,,,1277,326,1280,329,1273,324,0.21368,-0.10005,-0.97177,0.08868,-0.11031,-0.98993,4.147,3.982,4.077,,,,Valid,Valid,229.2,146.7,551.0,298.3,151.1,559.7,350.4,89.9,348.5,88.7,0.665,0.3022,0.6668,0.3043,0.6632,0.3001,Screen Recording,Screen Recording Recording54.mp4,1920,1080,0,0,960,540,Fixation,696,1165,1274,312,0.6633,0.2891,,,,,,,,,,,
497820371,512573680278,Eye Tracker,LipReading_BJ,10/21/2025,ZJ,Recording54,10/18/2025,10/18/2025,21:15:16.594,13:15:16.594,535262,Timeline1,Tobii I-VT (Fixation),1.241.54219,1080,1920,10.0,2.8,2.1,2.7,0.26,0.2,0.25,10,8,10,4.8,8.1,6.0,0.48,0.81,0.58,18,30,22,2630355450,,,1279,318,1284,304,1274,332,0.21534,-0.11189,-0.97011,0.08885,-0.10651,-0.99033,4.149,3.995,4.077,,,,Valid,Valid,229.2,146.7,550.9,298.3,151.1,559.7,351.5,83.2,348.5,90.9,0.6661,0.2944,0.6689,0.2813,0.6633,0.3074,Screen Recording,Screen Recording Recording54.mp4,1920,1080,0,0,960,540,Fixation,696,1165,1274,312,0.6633,0.2891,,,,,,,,,,,
497824370,512573684277,Eye Tracker,LipReading_BJ,10/21/2025,ZJ,Recording54,10/18/2025,10/18/2025,21:15:16.594,13:15:16.594,535262,Timeline1,Tobii I-VT (Fixation),1.241.54219,1080,1920,10.0,2.8,2.1,2.7,0.26,0.2,0.25,10,8,10,4.8,8.1,6.0,0.48,0.81,0.58,18,30,22,2630359449,,,1283,308,1292,307,1273,308,0.21879,-0.1101,-0.96954,0.08861,-0.1181,-0.98904,4.159,3.919,4.071,,,,Valid,Valid,229.2,146.7,551.0,298.3,151.1,559.7,353.5,84.1,348.5,84.2,0.668,0.2848,0.6728,0.2846,0.6632,0.285,Screen Recording,Screen Recording Recording54.mp4,1920,1080,0,0,960,540,Fixation,696,1165,1274,312,0.6633,0.2891,,,,,,,,,,,
497828370,512573688277,Eye Tracker,LipReading_BJ,10/21/2025,ZJ,Recording54,10/18/2025,10/18/2025,21:15:16.594,13:15:16.594,535262,Timeline1,Tobii I-VT (Fixation),1.241.54219,1080,1920,10.0,2.8,2.1,2.7,0.26,0.2,0.25,10,8,10,4.8,8.1,6.0,0.48,0.81,0.58,18,30,22,2630363449,,,1278,325,1283,308,1272,343,0.21477,-0.11004,-0.97045,0.08829,-0.10131,-0.99093,4.178,4.01,4.085,,,,Valid,Valid,229.2,146.7,550.9,298.3,151.1,559.7,351.1,84.2,348.2,93.8,0.6655,0.3012,0.6683,0.2849,0.6627,0.3175,Screen Recording,Screen Recording Recording54.mp4,1920,1080,0,0,960,540,Fixation,696,1165,1274,312,0.6633,0.2891,,,,,,,,,,,
497832370,512573692277,Eye Tracker,LipReading_BJ,10/21/2025,ZJ,Recording54,10/18/2025,10/18/2025,21:15:16.594,13:15:16.594,535262,Timeline1,Tobii I-VT (Fixation),1.241.54219,1080,1920,10.0,2.8,2.1,2.7,0.26,0.2,0.25,10,8,10,4.8,8.1,6.0,0.48,0.81,0.58,18,30,22,2630367449,,,1280,314,1296,313,1265,315,0.22057,-0.10724,-0.96946,0.08467,-0.11471,-0.98978,4.18,3.977,4.092,,,,Valid,Valid,229.2,146.7,550.9,298.3,151.1,559.7,354.6,85.7,346.2,86.2,0.6668,0.2909,0.6748,0.2901,0.6589,0.2916,Screen Recording,Screen Recording Recording54.mp4,1920,1080,0,0,960,540,Fixation,696,1165,1274,312,0.6633,0.2891,,,,,,,,,,,
497836371,512573696278,Eye Tracker,LipReading_BJ,10/21/2025,ZJ,Recording54,10/18/2025,10/18/2025,21:15:16.594,13:15:16.594,535262,Timeline1,Tobii I-VT (Fixation),1.241.54219,1080,1920,10.0,2.8,2.1,2.7,0.26,0.2,0.25,10,8,10,4.8,8.1,6.0,0.48,0.81,0.58,18,30,22,2630371450,,,1279,317,1283,303,1275,331,0.2147,-0.11215,-0.97022,0.08934,-0.10719,-0.99022,4.175,4.006,4.093,,,,Valid,Valid,229.2,146.7,550.9,298.3,151.1,559.7,351.1,83.0,348.8,90.5,0.6661,0.2935,0.6683,0.2808,0.6639,0.3061,Screen Recording,Screen Recording Recording54.mp4,1920,1080,0,0,960,540,Fixation,696,1165,1274,312,0.6633,0.2891,,,,,,,,,,,
497840370,512573700277,Eye Tracker,LipReading_BJ,10/21/2025,ZJ,Recording54,10/18/2025,10/18/2025,21:15:16.594,13:15:16.594,535262,Timeline1,Tobii I-VT (Fixation),1.241.54219,1080,1920,10.0,2.8,2.1,2.7,0.26,0.2,0.25,10,8,10,4.8,8.1,6.0,0.48,0.81,0.58,18,30,22,2630375449,,,1279,322,1286,305,1273,339,0.21587,-0.11129,-0.97006,0.08863,-0.10315,-0.99071,4.185,4.008,4.091,,,,Valid,Valid,229.2,146.7,550.9,298.3,151.1,559.7,351.8,83.5,348.4,92.8,0.6663,0.2982,0.6696,0.2825,0.6631,0.314,Screen Recording,Screen Recording Recording54.mp4,1920,1080,0,0,960,540,Fixation,696,1165,1274,312,0.6633,0.2891,,,,,,,,,,,
497844371,512573704278,Eye Tracker,LipReading_BJ,10/21/2025,ZJ,Recording54,10/18/2025,10/18/2025,21:15:16.594,13:15:16.594,535262,Timeline1,Tobii I-VT (Fixation),1.241.54219,1080,1920,10.0,2.8,2.1,2.7,0.26,0.2,0.25,10,8,10,4.8,8.1,6.0,0.48,0.81,0.58,18,30,22,2630379450,,,1281,309,1290,297,1273,322,0.21766,-0.11527,-0.96919,0.08857,-0.11138,-0.98982,4.154,4.017,4.091,,,,Valid,Valid,229.2,146.7,550.9,298.3,151.1,559.7,352.9,81.2,348.4,88.1,0.6674,0.2863,0.6717,0.2747,0.6631,0.298,Screen Recording,Screen Recording Recording54.mp4,1920,1080,0,0,960,540,Fixation,696,1165,1274,312,0.6633,0.2891,,,,,,,,,,,
497848371,512573708278,Eye Tracker,LipReading_BJ,10/21/2025,ZJ,Recording54,10/18/2025,10/18/2025,21:15:16.594,13:15:16.594,535262,Timeline1,Tobii I-VT (Fixation),1.241.54219,1080,1920,10.0,2.8,2.1,2.7,0.26,0.2,0.25,10,8,10,4.8,8.1,6.0,0.48,0.81,0.58,18,30,22,2630383450,,,1275,302,1285,288,1265,315,0.21535,-0.11935,-0.96922,0.08455,-0.1146,-0.98981,4.139,4.029,4.096,,,,Valid,Valid,229.2,146.7,550.9,298.3,151.1,559.7,351.6,78.9,346.1,86.3,0.664,0.2793,0.6692,0.2668,0.6588,0.2918,Screen Recording,Screen Recording Recording54.mp4,1920,1080,0,0,960,540,Fixation,696,1165,1274,312,0.6633,0.2891,,,,,,,,,,,
497852371,512573712278,Eye Tracker,LipReading_BJ,10/21/2025,ZJ,Recording54,10/18/2025,10/18/2025,21:15:16.594,13:15:16.594,535262,Timeline1,Tobii I-VT (Fixation),1.241.54219,1080,1920,10.0,2.8,2.1,2.7,0.26,0.2,0.25,10,8,10,4.8,8.1,6.0,0.48,0.81,0.58,18,30,22,2630387450,,,1277,312,1283,303,1271,320,0.21488,-0.11215,-0.97018,0.0874,-0.11219,-0.98983,4.186,3.998,4.076,,,,Valid,Valid,229.2,146.7,550.9,298.3,151.1,559.7,351.2,83.0,347.8,87.6,0.6652,0.2887,0.6685,0.2809,0.6618,0.2965,Screen Recording,Screen Recording Recording54.mp4,1920,1080,0,0,960,540,Fixation,696,1165,1274,312,0.6633,0.2891,,,,,,,,,,,
497856370,512573716277,Eye Tracker,LipReading_BJ,10/21/2025,ZJ,Recording54,10/18/2025,10/18/2025,21:15:16.594,13:15:16.594,535262,Timeline1,Tobii I-VT (Fixation),1.241.54219,1080,1920,10.0,2.8,2.1,2.7,0.26,0.2,0.25,10,8,10,4.8,8.1,6.0,0.48,0.81,0.58,18,30,22,2630391449,,,1275,304,1284,301,1266,306,0.21517,-0.11312,-0.97,0.08495,-0.11902,-0.98925,4.186,3.948,4.074,,,,Valid,Valid,229.2,146.7,550.8,298.3,151.1,559.7,351.4,82.5,346.4,83.7,0.6641,0.2811,0.6688,0.279,0.6593,0.2832,Screen Recording,Screen Recording Recording54.mp4,1920,1080,0,0,960,540,Fixation,696,1165,1274,312,0.6633,0.2891,,,,,,,,,,,
497860371,512573720278,Eye Tracker,LipReading_BJ,10/21/2025,ZJ,Recording54,10/18/2025,10/18/2025,21:15:16.594,13:15:16.594,535262,Timeline1,Tobii I-VT (Fixation),1.241.54219,1080,1920,10.0,2.8,2.1,2.7,0.26,0.2,0.25,10,8,10,4.8,8.1,6.0,0.48,0.81,0.58,18,30,22,2630395450,,,1279,309,1283,303,1276,314,0.21473,-0.11222,-0.9702,0.08978,-0.11498,-0.9893,4.151,3.967,4.078,,,,Valid,Valid,229.2,146.7,550.9,298.3,151.0,559.7,351.2,83.0,349.1,86.0,0.6664,0.2858,0.6683,0.2807,0.6645,0.2909,Screen Recording,Screen Recording Recording54.mp4,1920,1080,0,0,960,540,Fixation,696,1165,1274,312,0.6633,0.2891,,,,,,,,,,,
497864370,512573724277,Eye Tracker,LipReading_BJ,10/21/2025,ZJ,Recording54,10/18/2025,10/18/2025,21:15:16.594,13:15:16.594,535262,Timeline1,Tobii I-VT (Fixation),1.241.54219,1080,1920,10.0,2.8,2.1,2.7,0.26,0.2,0.25,10,8,10,4.8,8.1,6.0,0.48,0.81,0.58,18,30,22,2630399449,,,1275,322,1283,315,1266,329,0.21474,-0.1067,-0.97082,0.08527,-0.10782,-0.99051,4.151,4.021,4.065,,,,Valid,Valid,229.2,146.7,550.8,298.3,151.1,559.7,351.1,86.1,346.5,90.1,0.6638,0.2982,0.6682,0.2915,0.6595,0.3049,Screen Recording,Screen Recording Recording54.mp4,1920,1080,0,0,960,540,Fixation,696,1165,1274,312,0.6633,0.2891,,,,,,,,,,,
497868371,512573728278,Eye Tracker,LipReading_BJ,10/21/2025,ZJ,Recording54,10/18/2025,10/18/2025,21:15:16.594,13:15:16.594,535262,Timeline1,Tobii I-VT (Fixation),1.241.54219,1080,1920,10.0,2.8,2.1,2.7,0.26,0.2,0.25,10,8,10,4.8,8.1,6.0,0.48,0.81,0.58,18,30,22,2630403450,,,1271,314,1275,305,1267,322,0.21077,-0.11139,-0.97117,0.08556,-0.11116,-0.99011,4.164,3.992,4.071,,,,Valid,Valid,229.2,146.7,550.8,298.4,151.0,559.7,348.8,83.5,346.7,88.2,0.6618,0.2905,0.6638,0.2826,0.6599,0.2984,Screen Recording,Screen Recording Recording54.mp4,1920,1080,0,0,960,540,Fixation,696,1165,1274,312,0.6633,0.2891,,,,,,,,,,,
497872370,512573732277,Eye Tracker,LipReading_BJ,10/21/2025,ZJ,Recording54,10/18/2025,10/18/2025,21:15:16.594,13:15:16.594,535262,Timeline1,Tobii I-VT (Fixation),1.241.54219,1080,1920,10.0,2.8,2.1,2.7,0.26,0.2,0.25,10,8,10,4.8,8.1,6.0,0.48,0.81,0.58,18,30,22,2630407449,,,1279,300,1285,307,1274,292,0.21544,-0.11034,-0.97026,0.08863,-0.12562,-0.98811,4.145,3.979,4.08,,,,Valid,Valid,229.2,146.7,550.9,298.4,151.1,559.7,351.6,84.0,348.6,79.9,0.6662,0.2773,0.6691,0.2843,0.6634,0.2703,Screen Recording,Screen Recording Recording54.mp4,1920,1080,0,0,960,540,Fixation,696,1165,1274,312,0.6633,0.2891,,,,,,,,,,,
497876371,512573736278,Eye Tracker,LipReading_BJ,10/21/2025,ZJ,Recording54,10/18/2025,10/18/2025,21:15:16.594,13:15:16.594,535262,Timeline1,Tobii I-VT (Fixation),1.241.54219,1080,1920,10.0,2.8,2.1,2.7,0.26,0.2,0.25,10,8,10,4.8,8.1,6.0,0.48,0.81,0.58,18,30,22,2630411450,,,1275,317,1275,307,1276,327,0.21123,-0.11032,-0.97119,0.0897,-0.10901,-0.98998,4.157,4.002,4.081,,,,Valid,Valid,229.2,146.7,550.9,298.4,151.1,559.7,349.1,84.1,349.1,89.4,0.6643,0.2936,0.6643,0.2846,0.6643,0.3025,Screen Recording,Screen Recording Recording54.mp4,1920,1080,0,0,960,540,Fixation,696,1165,1274,312,0.6633,0.2891,,,,,,,,,,,
497880370,512573740277,Eye Tracker,LipReading_BJ,10/21/2025,ZJ,Recording54,10/18/2025,10/18/2025,21:15:16.594,13:15:16.594,535262,Timeline1,Tobii I-VT (Fixation),1.241.54219,1080,1920,10.0,2.8,2.1,2.7,0.26,0.2,0.25,10,8,10,4.8,8.1,6.0,0.48,0.81,0.58,18,30,22,2630415449,,,1275,317,1273,302,1276,333,0.21001,-0.1129,-0.97116,0.09011,-0.10602,-0.99027,4.159,4.053,4.08,,,,Valid,Valid,229.3,146.7,550.9,298.4,151.0,559.7,348.4,82.6,349.3,91.1,0.6639,0.294,0.663,0.2796,0.6647,0.3083,Screen Recording,Screen Recording Recording54.mp4,1920,1080,0,0,960,540,Fixation,696,1165,1274,312,0.6633,0.2891,,,,,,,,,,,
497884370,512573744277,Eye Tracker,LipReading_BJ,10/21/2025,ZJ,Recording54,10/18/2025,10/18/2025,21:15:16.594,13:15:16.594,535262,Timeline1,Tobii I-VT (Fixation),1.241.54219,1080,1920,10.0,2.8,2.1,2.7,0.26,0.2,0.25,10,8,10,4.8,8.1,6.0,0.48,0.81,0.58,18,30,22,2630419450,,,1277,314,1278,296,1276,331,0.21215,-0.11561,-0.97037,0.08982,-0.10679,-0.99022,4.166,4.053,4.081,,,,Valid,Valid,229.3,146.7,550.9,298.4,151.0,559.7,349.7,81.0,349.1,90.7,0.665,0.2905,0.6655,0.2742,0.6644,0.3068,Screen Recording,Screen Recording Recording54.mp4,1920,1080,0,0,960,540,Fixation,696,1165,1274,312,0.6633,0.2891,,,,,,,,,,,
497888369,512573748276,Eye Tracker,LipReading_BJ,10/21/2025,ZJ,Recording54,10/18/2025,10/18/2025,21:15:16.594,13:15:16.594,535262,Timeline1,Tobii I-VT (Fixation),1.241.54219,1080,1920,10.0,2.8,2.1,2.7,0.26,0.2,0.25,10,8,10,4.8,8.1,6.0,0.48,0.81,0.58,18,30,22,2630423449,,,1277,305,1286,292,1268,318,0.21608,-0.11766,-0.96926,0.0859,-0.11313,-0.98986,4.144,4.002,4.081,,,,Valid,Valid,229.3,146.7,550.8,298.4,151.0,559.7,352.1,79.8,346.9,87.1,0.6651,0.2823,0.67,0.27,0.6603,0.2946,Screen Recording,Screen Recording Recording54.mp4,1920,1080,0,0,960,540,Fixation,696,1165,1274,312,0.6633,0.2891,,,,,,,,,,,
497892370,512573752277,Eye Tracker,LipReading_BJ,10/21/2025,ZJ,Recording54,10/18/2025,10/18/2025,21:15:16.594,13:15:16.594,535262,Timeline1,Tobii I-VT (Fixation),1.241.54219,1080,1920,10.0,2.8,2.1,2.7,0.26,0.2,0.25,10,8,10,4.8,8.1,6.0,0.48,0.81,0.58,18,30,22,2630427450,,,1274,306,1280,297,1268,314,0.21329,-0.11509,-0.97019,0.08583,-0.11497,-0.98965,4.159,3.991,4.078,,,,Valid,Valid,229.3,146.7,550.8,298.4,151.0,559.7,350.4,81.3,346.9,86.0,0.6635,0.2831,0.6668,0.2752,0.6602,0.291,Screen Recording,Screen Recording Recording54.mp4,1920,1080,0,0,960,540,Fixation,696,1165,1274,312,0.6633,0.2891,,,,,,,,,,,
497892975,512573752882,Mouse,LipReading_BJ,10/21/2025,ZJ,Recording54,10/18/2025,10/18/2025,21:15:16.594,13:15:16.594,535262,Timeline1,Tobii I-VT (Fixation),1.241.54219,1080,1920,10.0,2.8,2.1,2.7,0.26,0.2,0.25,10,8,10,4.8,8.1,6.0,0.48,0.81,0.58,18,30,22,,,,,,,,,,,,,,,,,,,,,,,,,,,,,,,,,,,,,,,,Screen Recording,Screen Recording Recording54.mp4,1920,1080,0,0,960,540,Fixation,696,1165,1274,312,0.6633,0.2891,,,,,,,,,,1018,937
497896369,512573756276,Eye Tracker,LipReading_BJ,10/21/2025,ZJ,Recording54,10/18/2025,10/18/2025,21:15:16.594,13:15:16.594,535262,Timeline1,Tobii I-VT (Fixation),1.241.54219,1080,1920,10.0,2.8,2.1,2.7,0.26,0.2,0.25,10,8,10,4.8,8.1,6.0,0.48,0.81,0.58,18,30,22,2630431449,,,1277,300,1273,296,1281,305,0.20996,-0.11586,-0.97082,0.0923,-0.11933,-0.98856,4.153,4.0,4.078,,,,Valid,Valid,229.3,146.7,550.8,298.4,151.1,559.7,348.4,80.9,350.6,83.5,0.6652,0.2782,0.6631,0.2739,0.6673,0.2825,Screen Recording,Screen Recording Recording54.mp4,1920,1080,0,0,960,540,Fixation,696,1165,1274,312,0.6633,0.2891,,,,,,,,,,,
497900370,512573760277,Eye Tracker,LipReading_BJ,10/21/2025,ZJ,Recording54,10/18/2025,10/18/2025,21:15:16.594,13:15:16.594,535262,Timeline1,Tobii I-VT (Fixation),1.241.54219,1080,1920,10.0,2.8,2.1,2.7,0.26,0.2,0.25,10,8,10,4.8,8.1,6.0,0.48,0.81,0.58,18,30,22,2630435450,,,1274,307,1279,292,1269,321,0.21242,-0.11774,-0.97006,0.08635,-0.11157,-0.99,4.154,4.042,4.077,,,,Valid,Valid,229.3,146.7,550.9,298.4,151.0,559.7,349.9,79.8,347.2,88.0,0.6633,0.2838,0.6659,0.27,0.6608,0.2976,Screen Recording,Screen Recording Recording54.mp4,1920,1080,0,0,960,540,Fixation,696,1165,1274,312,0.6633,0.2891,,,,,,,,,,,
497904369,512573764276,Eye Tracker,LipReading_BJ,10/21/2025,ZJ,Recording54,10/18/2025,10/18/2025,21:15:16.594,13:15:16.594,535262,Timeline1,Tobii I-VT (Fixation),1.241.54219,1080,1920,10.0,2.8,2.1,2.7,0.26,0.2,0.25,10,8,10,4.8,8.1,6.0,0.48,0.81,0.58,18,30,22,2630439449,,,1277,315,1278,304,1275,327,0.2125,-0.11191,-0.97073,0.08947,-0.10881,-0.99003,4.158,4.037,4.077,,,,Valid,Valid,229.3,146.7,550.9,298.4,151.0,559.7,349.9,83.1,349.0,89.5,0.665,0.2921,0.6658,0.2813,0.6641,0.3029,Screen Recording,Screen Recording Recording54.mp4,1920,1080,0,0,960,540,Fixation,696,1165,1274,312,0.6633,0.2891,,,,,,,,,,,
497905400,512573765307,Mouse,LipReading_BJ,10/21/2025,ZJ,Recording54,10/18/2025,10/18/2025,21:15:16.594,13:15:16.594,535262,Timeline1,Tobii I-VT (Fixation),1.241.54219,1080,1920,10.0,2.8,2.1,2.7,0.26,0.2,0.25,10,8,10,4.8,8.1,6.0,0.48,0.81,0.58,18,30,22,,,,,,,,,,,,,,,,,,,,,,,,,,,,,,,,,,,,,,,,Screen Recording,Screen Recording Recording54.mp4,1920,1080,0,0,960,540,Fixation,696,1165,1274,312,0.6633,0.2891,,,,,,,,,,1018,936
497908369,512573768276,Eye Tracker,LipReading_BJ,10/21/2025,ZJ,Recording54,10/18/2025,10/18/2025,21:15:16.594,13:15:16.594,535262,Timeline1,Tobii I-VT (Fixation),1.241.54219,1080,1920,10.0,2.8,2.1,2.7,0.26,0.2,0.25,10,8,10,4.8,8.1,6.0,0.48,0.81,0.58,18,30,22,2630443449,,,1276,301,1280,305,1272,297,0.21317,-0.11118,-0.97067,0.08795,-0.12302,-0.9885,4.137,3.976,4.07,,,,Valid,Valid,229.3,146.7,550.9,298.4,151.1,559.7,350.3,83.6,348.2,81.4,0.6646,0.2791,0.6666,0.2827,0.6626,0.2754,Screen Recording,Screen Recording Recording54.mp4,1920,1080,0,0,960,540,Fixation,696,1165,1274,312,0.6633,0.2891,,,,,,,,,,,
497912369,512573772276,Eye Tracker,LipReading_BJ,10/21/2025,ZJ,Recording54,10/18/2025,10/18/2025,21:15:16.594,13:15:16.594,535262,Timeline1,Tobii I-VT (Fixation),1.241.54219,1080,1920,10.0,2.8,2.1,2.7,0.26,0.2,0.25,10,8,10,4.8,8.1,6.0,0.48,0.81,0.58,18,30,22,2630447450,,,1279,303,1281,297,1276,308,0.21358,-0.11531,-0.9701,0.08983,-0.11773,-0.98897,4.172,3.978,4.068,,,,Valid,Valid,229.3,146.7,550.9,298.4,151.0,559.7,350.6,81.2,349.2,84.4,0.6659,0.2801,0.6672,0.2746,0.6646,0.2856,Screen Recording,Screen Recording Recording54.mp4,1920,1080,0,0,960,540,Fixation,696,1165,1274,312,0.6633,0.2891,,,,,,,,,,,
497916369,512573776276,Eye Tracker,LipReading_BJ,10/21/2025,ZJ,Recording54,10/18/2025,10/18/2025,21:15:16.594,13:15:16.594,535262,Timeline1,Tobii I-VT (Fixation),1.241.54219,1080,1920,10.0,2.8,2.1,2.7,0.26,0.2,0.25,10,8,10,4.8,8.1,6.0,0.48,0.81,0.58,18,30,22,2630451450,,,1285,302,1284,302,1287,302,0.21495,-0.1129,-0.97008,0.09508,-0.12068,-0.98813,4.164,3.982,4.065,,,,Valid,Valid,229.3,146.6,550.9,298.4,151.0,559.7,351.4,82.5,352.2,82.7,0.6695,0.2795,0.6687,0.2792,0.6704,0.2798,Screen Recording,Screen Recording Recording54.mp4,1920,1080,0,0,960,540,Fixation,696,1165,1274,312,0.6633,0.2891,,,,,,,,,,,
497920368,512573780275,Eye Tracker,LipReading_BJ,10/21/2025,ZJ,Recording54,10/18/2025,10/18/2025,21:15:16.594,13:15:16.594,535262,Timeline1,Tobii I-VT (Fixation),1.241.54219,1080,1920,10.0,2.8,2.1,2.7,0.26,0.2,0.25,10,8,10,4.8,8.1,6.0,0.48,0.81,0.58,18,30,22,2630455449,,,1274,293,1279,291,1270,294,0.21249,-0.11781,-0.97003,0.08672,-0.12456,-0.98842,4.152,3.961,4.067,,,,Valid,Valid,229.3,146.6,550.9,298.4,151.0,559.7,350.0,79.7,347.5,80.5,0.6637,0.2711,0.6661,0.2697,0.6613,0.2724,Screen Recording,Screen Recording Recording54.mp4,1920,1080,0,0,960,540,Fixation,696,1165,1274,312,0.6633,0.2891,,,,,,,,,,,
497924369,512573784276,Eye Tracker,LipReading_BJ,10/21/2025,ZJ,Recording54,10/18/2025,10/18/2025,21:15:16.594,13:15:16.594,535262,Timeline1,Tobii I-VT (Fixation),1.241.54219,1080,1920,10.0,2.8,2.1,2.7,0.26,0.2,0.25,10,8,10,4.8,8.1,6.0,0.48,0.81,0.58,18,30,22,2630459450,,,1276,305,1280,292,1272,319,0.21312,-0.11766,-0.96992,0.0877,-0.11261,-0.98976,4.148,3.991,4.069,,,,Valid,Valid,229.3,146.6,550.9,298.4,151.0,559.7,350.4,79.8,348.0,87.4,0.6645,0.2828,0.6668,0.27,0.6623,0.2956,Screen Recording,Screen Recording Recording54.mp4,1920,1080,0,0,960,540,Fixation,696,1165,1274,312,0.6633,0.2891,,,,,,,,,,,
497927505,512573787412,Mouse,LipReading_BJ,10/21/2025,ZJ,Recording54,10/18/2025,10/18/2025,21:15:16.594,13:15:16.594,535262,Timeline1,Tobii I-VT (Fixation),1.241.54219,1080,1920,10.0,2.8,2.1,2.7,0.26,0.2,0.25,10,8,10,4.8,8.1,6.0,0.48,0.81,0.58,18,30,22,,,,,,,,,,,,,,,,,,,,,,,,,,,,,,,,,,,,,,,,Screen Recording,Screen Recording Recording54.mp4,1920,1080,0,0,960,540,Fixation,696,1165,1274,312,0.6633,0.2891,,,,,,,,,,1018,935
497928369,512573788276,Eye Tracker,LipReading_BJ,10/21/2025,ZJ,Recording54,10/18/2025,10/18/2025,21:15:16.594,13:15:16.594,535262,Timeline1,Tobii I-VT (Fixation),1.241.54219,1080,1920,10.0,2.8,2.1,2.7,0.26,0.2,0.25,10,8,10,4.8,8.1,6.0,0.48,0.81,0.58,18,30,22,2630463450,,,1281,310,1286,295,1276,325,0.21591,-0.11601,-0.9695,0.08982,-0.10986,-0.98988,4.144,4.019,4.08,,,,Valid,Valid,229.3,146.6,551.0,298.4,151.0,559.7,352.0,80.7,349.2,88.9,0.6672,0.2869,0.6699,0.273,0.6646,0.3009,Screen Recording,Screen Recording Recording54.mp4,1920,1080,0,0,960,540,Fixation,696,1165,1274,312,0.6633,0.2891,,,,,,,,,,,
497932368,512573792275,Eye Tracker,LipReading_BJ,10/21/2025,ZJ,Recording54,10/18/2025,10/18/2025,21:15:16.594,13:15:16.594,535262,Timeline1,Tobii I-VT (Fixation),1.241.54219,1080,1920,10.0,2.8,2.1,2.7,0.26,0.2,0.25,10,8,10,4.8,8.1,6.0,0.48,0.81,0.58,18,30,22,2630467449,,,1280,306,1281,293,1279,319,0.21367,-0.11686,-0.96989,0.09124,-0.11263,-0.98944,4.135,4.052,4.079,,,,Valid,Valid,229.3,146.6,551.0,298.4,151.0,559.7,350.7,80.2,350.0,87.3,0.6668,0.2834,0.6674,0.2714,0.6661,0.2955,Screen Recording,Screen Recording Recording54.mp4,1920,1080,0,0,960,540,Fixation,696,1165,1274,312,0.6633,0.2891,,,,,,,,,,,
497936368,512573796275,Eye Tracker,LipReading_BJ,10/21/2025,ZJ,Recording54,10/18/2025,10/18/2025,21:15:16.594,13:15:16.594,535262,Timeline1,Tobii I-VT (Fixation),1.241.54219,1080,1920,10.0,2.8,2.1,2.7,0.26,0.2,0.25,10,8,10,4.8,8.1,6.0,0.48,0.81,0.58,18,30,22,2630471449,,,1279,302,1278,293,1280,310,0.21192,-0.11691,-0.97027,0.09182,-0.11696,-0.98888,4.131,4.017,4.076,,,,Valid,Valid,229.3,146.6,551.0,298.4,151.0,559.7,349.7,80.2,350.4,84.8,0.6661,0.2792,0.6655,0.2714,0.6668,0.287,Screen Recording,Screen Recording Recording54.mp4,1920,1080,0,0,960,540,Fixation,696,1165,1274,312,0.6633,0.2891,,,,,,,,,,,
497940368,512573800275,Eye Tracker,LipReading_BJ,10/21/2025,ZJ,Recording54,10/18/2025,10/18/2025,21:15:16.594,13:15:16.594,535262,Timeline1,Tobii I-VT (Fixation),1.241.54219,1080,1920,10.0,2.8,2.1,2.7,0.26,0.2,0.25,10,8,10,4.8,8.1,6.0,0.48,0.81,0.58,18,30,22,2630475449,,,1280,302,1285,294,1276,310,0.21509,-0.11655,-0.96962,0.08959,-0.11712,-0.98907,4.142,3.993,4.067,,,,Valid,Valid,229.3,146.6,551.0,298.4,151.0,559.7,351.5,80.4,349.1,84.8,0.6667,0.2793,0.669,0.2719,0.6644,0.2868,Screen Recording,Screen Recording Recording54.mp4,1920,1080,0,0,960,540,Fixation,696,1165,1274,312,0.6633,0.2891,,,,,,,,,,,
497944369,512573804276,Eye Tracker,LipReading_BJ,10/21/2025,ZJ,Recording54,10/18/2025,10/18/2025,21:15:16.594,13:15:16.594,535262,Timeline1,Tobii I-VT (Fixation),1.241.54219,1080,1920,10.0,2.8,2.1,2.7,0.26,0.2,0.25,10,8,10,4.8,8.1,6.0,0.48,0.81,0.58,18,30,22,2630479450,,,1282,309,1279,297,1285,322,0.21272,-0.11498,-0.97032,0.09417,-0.11133,-0.98931,4.111,4.003,4.067,,,,Valid,Valid,229.3,146.6,551.0,298.4,151.0,559.7,350.1,81.3,351.7,88.0,0.6678,0.2864,0.6663,0.275,0.6694,0.2979,Screen Recording,Screen Recording Recording54.mp4,1920,1080,0,0,960,540,Fixation,696,1165,1274,312,0.6633,0.2891,,,,,,,,,,,
497948368,512573808275,Eye Tracker,LipReading_BJ,10/21/2025,ZJ,Recording54,10/18/2025,10/18/2025,21:15:16.594,13:15:16.594,535262,Timeline1,Tobii I-VT (Fixation),1.241.54219,1080,1920,10.0,2.8,2.1,2.7,0.26,0.2,0.25,10,8,10,4.8,8.1,6.0,0.48,0.81,0.58,18,30,22,2630483449,,,1276,316,1276,293,1277,339,0.211,-0.11698,-0.97046,0.09036,-0.10325,-0.99054,4.132,3.994,4.071,,,,Valid,Valid,229.3,146.6,551.1,298.4,151.0,559.7,349.1,80.1,349.5,92.7,0.6648,0.2924,0.6645,0.2711,0.6651,0.3136,Screen Recording,Screen Recording Recording54.mp4,1920,1080,0,0,960,540,Fixation,696,1165,1274,312,0.6633,0.2891,,,,,,,,,,,
497952369,512573812276,Eye Tracker,LipReading_BJ,10/21/2025,ZJ,Recording54,10/18/2025,10/18/2025,21:15:16.594,13:15:16.594,535262,Timeline1,Tobii I-VT (Fixation),1.241.54219,1080,1920,10.0,2.8,2.1,2.7,0.26,0.2,0.25,10,8,10,4.8,8.1,6.0,0.48,0.81,0.58,18,30,22,2630487450,,,1277,303,1279,281,1275,326,0.21244,-0.12279,-0.96943,0.08947,-0.10924,-0.98998,4.14,4.033,4.071,,,,Valid,Valid,229.3,146.6,551.1,298.4,151.0,559.7,350.1,76.8,349.0,89.3,0.6653,0.2809,0.6663,0.2597,0.6643,0.302,Screen Recording,Screen Recording Recording54.mp4,1920,1080,0,0,960,540,Fixation,696,1165,1274,312,0.6633,0.2891,,,,,,,,,,,
497956369,512573816276,Eye Tracker,LipReading_BJ,10/21/2025,ZJ,Recording54,10/18/2025,10/18/2025,21:15:16.594,13:15:16.594,535262,Timeline1,Tobii I-VT (Fixation),1.241.54219,1080,1920,10.0,2.8,2.1,2.7,0.26,0.2,0.25,10,8,10,4.8,8.1,6.0,0.48,0.81,0.58,18,30,22,2630491450,,,1279,295,1287,286,1271,305,0.21625,-0.12004,-0.96893,0.08744,-0.11942,-0.98899,4.146,4.016,4.078,,,,Valid,Valid,229.3,146.6,551.1,298.5,151.0,559.7,352.3,78.3,347.9,83.4,0.6664,0.2736,0.6705,0.2649,0.6622,0.2822,Screen Recording,Screen Recording Recording54.mp4,1920,1080,0,0,960,540,Fixation,696,1165,1274,312,0.6633,0.2891,,,,,,,,,,,
497960369,512573820276,Eye Tracker,LipReading_BJ,10/21/2025,ZJ,Recording54,10/18/2025,10/18/2025,21:15:16.594,13:15:16.594,535262,Timeline1,Tobii I-VT (Fixation),1.241.54219,1080,1920,10.0,2.8,2.1,2.7,0.26,0.2,0.25,10,8,10,4.8,8.1,6.0,0.48,0.81,0.58,18,30,22,2630495450,,,1277,294,1282,288,1271,300,0.21392,-0.11941,-0.96952,0.08716,-0.12171,-0.98873,4.139,3.99,4.086,,,,Valid,Valid,229.3,146.6,551.0,298.5,151.0,559.7,350.9,78.7,347.8,82.1,0.6649,0.2721,0.6679,0.2663,0.6619,0.2778,Screen Recording,Screen Recording Recording54.mp4,1920,1080,0,0,960,540,Fixation,696,1165,1274,312,0.6633,0.2891,,,,,,,,,,,
497964369,512573824276,Eye Tracker,LipReading_BJ,10/21/2025,ZJ,Recording54,10/18/2025,10/18/2025,21:15:16.594,13:15:16.594,535262,Timeline1,Tobii I-VT (Fixation),1.241.54219,1080,1920,10.0,2.8,2.1,2.7,0.26,0.2,0.25,10,8,10,4.8,8.1,6.0,0.48,0.81,0.58,18,30,22,2630499450,,,1274,309,1278,294,1271,325,0.21197,-0.11659,-0.9703,0.08719,-0.10982,-0.99012,4.132,4.038,4.083,,,,Valid,Valid,229.4,146.6,551.0,298.5,151.0,559.7,349.7,80.4,347.8,88.9,0.6637,0.2864,0.6656,0.2719,0.6618,0.3009,Screen Recording,Screen Recording Recording54.mp4,1920,1080,0,0,960,540,Fixation,696,1165,1274,312,0.6633,0.2891,,,,,,,,,,,
497965343,512573825250,Mouse,LipReading_BJ,10/21/2025,ZJ,Recording54,10/18/2025,10/18/2025,21:15:16.594,13:15:16.594,535262,Timeline1,Tobii I-VT (Fixation),1.241.54219,1080,1920,10.0,2.8,2.1,2.7,0.26,0.2,0.25,10,8,10,4.8,8.1,6.0,0.48,0.81,0.58,18,30,22,,,,,,,,,,,,,,,,,,,,,,,,,,,,,,,,,,,,,,,,Screen Recording,Screen Recording Recording54.mp4,1920,1080,0,0,960,540,Fixation,696,1165,1274,312,0.6633,0.2891,,,,,,,,,,1018,935
497968368,512573828275,Eye Tracker,LipReading_BJ,10/21/2025,ZJ,Recording54,10/18/2025,10/18/2025,21:15:16.594,13:15:16.594,535262,Timeline1,Tobii I-VT (Fixation),1.241.54219,1080,1920,10.0,2.8,2.1,2.7,0.26,0.2,0.25,10,8,10,4.8,8.1,6.0,0.48,0.81,0.58,18,30,22,2630503449,,,1282,312,1284,292,1280,332,0.21493,-0.11745,-0.96954,0.09164,-0.10663,-0.99007,4.137,4.045,4.081,,,,Valid,Valid,229.4,146.6,551.0,298.5,151.0,559.8,351.5,79.8,350.3,90.7,0.6678,0.2885,0.669,0.2701,0.6666,0.3069,Screen Recording,Screen Recording Recording54.mp4,1920,1080,0,0,960,540,Fixation,696,1165,1274,312,0.6633,0.2891,,,,,,,,,,,
497972368,512573832275,Eye Tracker,LipReading_BJ,10/21/2025,ZJ,Recording54,10/18/2025,10/18/2025,21:15:16.594,13:15:16.594,535262,Timeline1,Tobii I-VT (Fixation),1.241.54219,1080,1920,10.0,2.8,2.1,2.7,0.26,0.2,0.25,10,8,10,4.8,8.1,6.0,0.48,0.81,0.58,18,30,22,2630507449,,,1279,312,1278,286,1280,338,0.21208,-0.12031,-0.96982,0.09171,-0.10328,-0.99042,4.116,4.03,4.081,,,,Valid,Valid,229.4,146.6,551.1,298.5,151.0,559.8,349.9,78.2,350.3,92.6,0.6663,0.289,0.6659,0.2646,0.6667,0.3134,Screen Recording,Screen Recording Recording54.mp4,1920,1080,0,0,960,540,Fixation,696,1165,1274,312,0.6633,0.2891,,,,,,,,,,,
497976368,512573836275,Eye Tracker,LipReading_BJ,10/21/2025,ZJ,Recording54,10/18/2025,10/18/2025,21:15:16.594,13:15:16.594,535262,Timeline1,Tobii I-VT (Fixation),1.241.54219,1080,1920,10.0,2.8,2.1,2.7,0.26,0.2,0.25,10,8,10,4.8,8.1,6.0,0.48,0.81,0.58,18,30,22,2630511449,,,1279,296,1279,280,1280,312,0.21225,-0.12285,-0.96946,0.09152,-0.1159,-0.98904,4.13,3.968,4.062,,,,Valid,Valid,229.4,146.6,551.0,298.5,151.0,559.8,350.0,76.8,350.3,85.4,0.6664,0.2743,0.6661,0.2597,0.6667,0.289,Screen Recording,Screen Recording Recording54.mp4,1920,1080,0,0,960,540,Fixation,696,1165,1274,312,0.6633,0.2891,,,,,,,,,,,
497980368,512573840275,Eye Tracker,LipReading_BJ,10/21/2025,ZJ,Recording54,10/18/2025,10/18/2025,21:15:16.594,13:15:16.594,535262,Timeline1,Tobii I-VT (Fixation),1.241.54219,1080,1920,10.0,2.8,2.1,2.7,0.26,0.2,0.25,10,8,10,4.8,8.1,6.0,0.48,0.81,0.58,18,30,22,2630515449,,,1270,303,1276,286,1264,320,0.21116,-0.12037,-0.97001,0.0841,-0.11203,-0.99014,4.134,3.988,4.058,,,,Valid,Valid,229.4,146.6,551.0,298.5,151.0,559.8,349.3,78.2,346.0,87.7,0.6617,0.2806,0.6648,0.2646,0.6586,0.2966,Screen Recording,Screen Recording Recording54.mp4,1920,1080,0,0,960,540,Fixation,696,1165,1274,312,0.6633,0.2891,,,,,,,,,,,
497984369,512573844276,Eye Tracker,LipReading_BJ,10/21/2025,ZJ,Recording54,10/18/2025,10/18/2025,21:15:16.594,13:15:16.594,535262,Timeline1,Tobii I-VT (Fixation),1.241.54219,1080,1920,10.0,2.8,2.1,2.7,0.26,0.2,0.25,10,8,10,4.8,8.1,6.0,0.48,0.81,0.58,18,30,22,2630519450,,,1278,304,1280,293,1277,316,0.21265,-0.11715,-0.97008,0.09,-0.11388,-0.98941,4.128,3.993,4.059,,,,Valid,Valid,229.4,146.6,551.0,298.5,151.0,559.8,350.2,80.1,349.4,86.6,0.6657,0.2819,0.6664,0.2708,0.665,0.2929,Screen Recording,Screen Recording Recording54.mp4,1920,1080,0,0,960,540,Fixation,696,1165,1274,312,0.6633,0.2891,,,,,,,,,,,
497987254,512573847161,Mouse,LipReading_BJ,10/21/2025,ZJ,Recording54,10/18/2025,10/18/2025,21:15:16.594,13:15:16.594,535262,Timeline1,Tobii I-VT (Fixation),1.241.54219,1080,1920,10.0,2.8,2.1,2.7,0.26,0.2,0.25,10,8,10,4.8,8.1,6.0,0.48,0.81,0.58,18,30,22,,,,,,,,,,,,,,,,,,,,,,,,,,,,,,,,,,,,,,,,Screen Recording,Screen Recording Recording54.mp4,1920,1080,0,0,960,540,Fixation,696,1165,1274,312,0.6633,0.2891,,,,,,,,,,1018,933
497988367,512573848274,Eye Tracker,LipReading_BJ,10/21/2025,ZJ,Recording54,10/18/2025,10/18/2025,21:15:16.594,13:15:16.594,535262,Timeline1,Tobii I-VT (Fixation),1.241.54219,1080,1920,10.0,2.8,2.1,2.7,0.26,0.2,0.25,10,8,10,4.8,8.1,6.0,0.48,0.81,0.58,18,30,22,2630523449,,,1273,293,1281,300,1265,286,0.21339,-0.11374,-0.97032,0.08424,-0.12818,-0.98817,4.128,3.963,4.062,,,,Valid,Valid,229.4,146.6,551.0,298.5,151.0,559.8,350.6,82.0,346.2,78.4,0.6631,0.2714,0.6672,0.2775,0.6589,0.2652,Screen Recording,Screen Recording Recording54.mp4,1920,1080,0,0,960,540,Fixation,696,1165,1274,312,0.6633,0.2891,,,,,,,,,,,
497992367,512573852274,Eye Tracker,LipReading_BJ,10/21/2025,ZJ,Recording54,10/18/2025,10/18/2025,21:15:16.594,13:15:16.594,535262,Timeline1,Tobii I-VT (Fixation),1.241.54219,1080,1920,10.0,2.8,2.1,2.7,0.26,0.2,0.25,10,8,10,4.8,8.1,6.0,0.48,0.81,0.58,18,30,22,2630527449,,,1279,309,1283,282,1274,337,0.21425,-0.12233,-0.96909,0.08864,-0.10407,-0.99061,4.13,4.021,4.066,,,,Valid,Valid,229.4,146.6,551.0,298.5,151.0,559.8,351.2,77.1,348.6,92.2,0.6659,0.2864,0.6684,0.2607,0.6634,0.312,Screen Recording,Screen Recording Recording54.mp4,1920,1080,0,0,960,540,Fixation,696,1165,1274,312,0.6633,0.2891,,,,,,,,,,,
497996368,512573856275,Eye Tracker,LipReading_BJ,10/21/2025,ZJ,Recording54,10/18/2025,10/18/2025,21:15:16.594,13:15:16.594,535262,Timeline1,Tobii I-VT (Fixation),1.241.54219,1080,1920,10.0,2.8,2.1,2.7,0.26,0.2,0.25,10,8,10,4.8,8.1,6.0,0.48,0.81,0.58,18,30,22,2630531450,,,1271,295,1276,289,1266,300,0.21088,-0.11886,-0.97026,0.08465,-0.12158,-0.98897,4.131,4.014,4.071,,,,Valid,Valid,229.4,146.6,550.9,298.5,151.0,559.8,349.1,79.1,346.4,82.2,0.6619,0.2729,0.6645,0.2677,0.6593,0.2781,Screen Recording,Screen Recording Recording54.mp4,1920,1080,0,0,960,540,Fixation,696,1165,1274,312,0.6633,0.2891,,,,,,,,,,,
497997332,512573857239,Mouse,LipReading_BJ,10/21/2025,ZJ,Recording54,10/18/2025,10/18/2025,21:15:16.594,13:15:16.594,535262,Timeline1,Tobii I-VT (Fixation),1.241.54219,1080,1920,10.0,2.8,2.1,2.7,0.26,0.2,0.25,10,8,10,4.8,8.1,6.0,0.48,0.81,0.58,18,30,22,,,,,,,,,,,,,,,,,,,,,,,,,,,,,,,,,,,,,,,,Screen Recording,Screen Recording Recording54.mp4,1920,1080,0,0,960,540,Fixation,696,1165,1274,312,0.6633,0.2891,,,,,,,,,,1018,933
498000368,512573860275,Eye Tracker,LipReading_BJ,10/21/2025,ZJ,Recording54,10/18/2025,10/18/2025,21:15:16.594,13:15:16.594,535262,Timeline1,Tobii I-VT (Fixation),1.241.54219,1080,1920,10.0,2.8,2.1,2.7,0.26,0.2,0.25,10,8,10,4.8,8.1,6.0,0.48,0.81,0.58,18,30,22,2630535450,,,1273,304,1277,288,1268,321,0.21127,-0.11943,-0.9701,0.08593,-0.11176,-0.99001,4.112,4.004,4.063,,,,Valid,Valid,229.4,146.6,550.9,298.5,151.0,559.8,349.4,78.8,347.1,87.8,0.6628,0.2819,0.6649,0.2666,0.6606,0.2972,Screen Recording,Screen Recording Recording54.mp4,1920,1080,0,0,960,540,Fixation,696,1165,1274,312,0.6633,0.2891,,,,,,,,,,,
498004368,512573864275,Eye Tracker,LipReading_BJ,10/21/2025,ZJ,Recording54,10/18/2025,10/18/2025,21:15:16.594,13:15:16.594,535262,Timeline1,Tobii I-VT (Fixation),1.241.54219,1080,1920,10.0,2.8,2.1,2.7,0.26,0.2,0.25,10,8,10,4.8,8.1,6.0,0.48,0.81,0.58,18,30,22,2630539450,,,1271,313,1282,290,1259,335,0.21376,-0.11848,-0.96967,0.08159,-0.10493,-0.99113,4.095,4.013,4.063,,,,Valid,Valid,229.4,146.6,550.9,298.5,151.0,559.7,350.9,79.3,344.6,91.8,0.6618,0.2894,0.6677,0.2684,0.6558,0.3105,Screen Recording,Screen Recording Recording54.mp4,1920,1080,0,0,960,540,Fixation,696,1165,1274,312,0.6633,0.2891,,,,,,,,,,,
498008367,512573868274,Eye Tracker,LipReading_BJ,10/21/2025,ZJ,Recording54,10/18/2025,10/18/2025,21:15:16.594,13:15:16.594,535262,Timeline1,Tobii I-VT (Fixation),1.241.54219,1080,1920,10.0,2.8,2.1,2.7,0.26,0.2,0.25,10,8,10,4.8,8.1,6.0,0.48,0.81,0.58,18,30,22,2630543449,,,1281,307,1280,288,1282,325,0.21266,-0.11922,-0.96983,0.09251,-0.10967,-0.98965,4.086,4.017,4.057,,,,Valid,Valid,229.4,146.6,550.9,298.5,151.0,559.8,350.2,78.9,350.8,89.0,0.6671,0.2841,0.6665,0.267,0.6677,0.3011,Screen Recording,Screen Recording Recording54.mp4,1920,1080,0,0,960,540,Fixation,696,1165,1274,312,0.6633,0.2891,,,,,,,,,,,
498012368,512573872275,Eye Tracker,LipReading_BJ,10/21/2025,ZJ,Recording54,10/18/2025,10/18/2025,21:15:16.594,13:15:16.594,535262,Timeline1,Tobii I-VT (Fixation),1.241.54219,1080,1920,10.0,2.8,2.1,2.7,0.26,0.2,0.25,10,8,10,4.8,8.1,6.0,0.48,0.81,0.58,18,30,22,2630547450,,,1268,309,1272,295,1264,322,0.20939,-0.11625,-0.9709,0.08395,-0.11112,-0.99025,4.125,3.98,4.059,,,,Valid,Valid,229.4,146.7,550.9,298.5,151.0,559.8,348.2,80.7,346.0,88.2,0.6606,0.2858,0.6627,0.273,0.6584,0.2985,Screen Recording,Screen Recording Recording54.mp4,1920,1080,0,0,960,540,Fixation,696,1165,1274,312,0.6633,0.2891,,,,,,,,,,,
498016367,512573876274,Eye Tracker,LipReading_BJ,10/21/2025,ZJ,Recording54,10/18/2025,10/18/2025,21:15:16.594,13:15:16.594,535262,Timeline1,Tobii I-VT (Fixation),1.241.54219,1080,1920,10.0,2.8,2.1,2.7,0.26,0.2,0.25,10,8,10,4.8,8.1,6.0,0.48,0.81,0.58,18,30,22,2630551449,,,1273,297,1285,279,1260,315,0.2149,-0.12355,-0.96879,0.08199,-0.1149,-0.98999,4.11,3.994,4.06,,,,Valid,Valid,229.4,146.7,550.9,298.5,151.0,559.7,351.6,76.4,344.9,86.1,0.6628,0.2749,0.6692,0.2585,0.6564,0.2913,Screen Recording,Screen Recording Recording54.mp4,1920,1080,0,0,960,540,Fixation,696,1165,1274,312,0.6633,0.2891,,,,,,,,,,,
498020367,512573880274,Eye Tracker,LipReading_BJ,10/21/2025,ZJ,Recording54,10/18/2025,10/18/2025,21:15:16.594,13:15:16.594,535262,Timeline1,Tobii I-VT (Fixation),1.241.54219,1080,1920,10.0,2.8,2.1,2.7,0.26,0.2,0.25,10,8,10,4.8,8.1,6.0,0.48,0.81,0.58,18,30,22,2630555449,,,1274,305,1279,286,1269,324,0.21248,-0.12037,-0.96972,0.08612,-0.11051,-0.99014,4.109,4.01,4.06,,,,Valid,Valid,229.4,146.7,550.8,298.5,151.1,559.7,350.1,78.3,347.2,88.6,0.6636,0.2823,0.6663,0.2649,0.6608,0.2998,Screen Recording,Screen Recording Recording54.mp4,1920,1080,0,0,960,540,Fixation,696,1165,1274,312,0.6633,0.2891,,,,,,,,,,,
498024368,512573884275,Eye Tracker,LipReading_BJ,10/21/2025,ZJ,Recording54,10/18/2025,10/18/2025,21:15:16.594,13:15:16.594,535262,Timeline1,Tobii I-VT (Fixation),1.241.54219,1080,1920,10.0,2.8,2.1,2.7,0.26,0.2,0.25,10,8,10,4.8,8.1,6.0,0.48,0.81,0.58,18,30,22,2630559450,,,1277,302,1286,271,1267,333,0.21548,-0.12749,-0.96815,0.0855,-0.10613,-0.99067,4.142,4.024,4.06,,,,Valid,Valid,229.4,146.7,550.8,298.5,151.1,559.7,352.0,74.1,346.8,91.1,0.665,0.2795,0.67,0.2508,0.6601,0.3082,Screen Recording,Screen Recording Recording54.mp4,1920,1080,0,0,960,540,Fixation,696,1165,1274,312,0.6633,0.2891,,,,,,,,,,,
498028367,512573888274,Eye Tracker,LipReading_BJ,10/21/2025,ZJ,Recording54,10/18/2025,10/18/2025,21:15:16.594,13:15:16.594,535262,Timeline1,Tobii I-VT (Fixation),1.241.54219,1080,1920,10.0,2.8,2.1,2.7,0.26,0.2,0.25,10,8,10,4.8,8.1,6.0,0.48,0.81,0.58,18,30,22,2630563449,,,1269,303,1276,283,1261,322,0.21102,-0.12177,-0.96987,0.08257,-0.11145,-0.99033,4.101,4.025,4.066,,,,Valid,Valid,229.4,146.7,550.8,298.5,151.1,559.7,349.3,77.5,345.2,88.1,0.6608,0.2801,0.6647,0.2622,0.6569,0.298,Screen Recording,Screen Recording Recording54.mp4,1920,1080,0,0,960,540,Fixation,696,1165,1274,312,0.6633,0.2891,,,,,,,,,,,
498032367,512573892274,Eye Tracker,LipReading_BJ,10/21/2025,ZJ,Recording54,10/18/2025,10/18/2025,21:15:16.594,13:15:16.594,535262,Timeline1,Tobii I-VT (Fixation),1.241.54219,1080,1920,10.0,2.8,2.1,2.7,0.26,0.2,0.25,10,8,10,4.8,8.1,6.0,0.48,0.81,0.58,18,30,22,2630567449,,,1269,284,1278,281,1259,287,0.21179,-0.12259,-0.9696,0.08135,-0.12796,-0.98844,4.134,3.962,4.064,,,,Valid,Valid,229.4,146.7,550.8,298.5,151.1,559.7,349.7,77.0,344.6,78.6,0.6607,0.2633,0.6656,0.2606,0.6558,0.266,Screen Recording,Screen Recording Recording54.mp4,1920,1080,0,0,960,540,Fixation,696,1165,1274,312,0.6633,0.2891,,,,,,,,,,,
498036367,512573896274,Eye Tracker,LipReading_BJ,10/21/2025,ZJ,Recording54,10/18/2025,10/18/2025,21:15:16.594,13:15:16.594,535262,Timeline1,Tobii I-VT (Fixation),1.241.54219,1080,1920,10.0,2.8,2.1,2.7,0.26,0.2,0.25,10,8,10,4.8,8.1,6.0,0.48,0.81,0.58,18,30,22,2630571449,,,1275,306,1281,281,1269,331,0.21302,-0.12273,-0.96931,0.08633,-0.10727,-0.99048,4.122,4.006,4.062,,,,Valid,Valid,229.4,146.7,550.8,298.5,151.1,559.7,350.5,77.0,347.3,90.5,0.664,0.2832,0.667,0.2604,0.661,0.3061,Screen Recording,Screen Recording Recording54.mp4,1920,1080,0,0,960,540,Fixation,696,1165,1274,312,0.6633,0.2891,,,,,,,,,,,
498040367,512573900274,Eye Tracker,LipReading_BJ,10/21/2025,ZJ,Recording54,10/18/2025,10/18/2025,21:15:16.594,13:15:16.594,535262,Timeline1,Tobii I-VT (Fixation),1.241.54219,1080,1920,10.0,2.8,2.1,2.7,0.26,0.2,0.25,10,8,10,4.8,8.1,6.0,0.48,0.81,0.58,18,30,22,2630575449,,,1270,299,1275,291,1266,308,0.21031,-0.11826,-0.97046,0.08491,-0.11826,-0.98935,4.108,3.977,4.063,,,,Valid,Valid,229.4,146.7,550.8,298.5,151.1,559.7,348.8,79.6,346.6,84.2,0.6617,0.277,0.6638,0.2692,0.6595,0.2848,Screen Recording,Screen Recording Recording54.mp4,1920,1080,0,0,960,540,Fixation,696,1165,1274,312,0.6633,0.2891,,,,,,,,,,,
498044368,512573904275,Eye Tracker,LipReading_BJ,10/21/2025,ZJ,Recording54,10/18/2025,10/18/2025,21:15:16.594,13:15:16.594,535262,Timeline1,Tobii I-VT (Fixation),1.241.54219,1080,1920,10.0,2.8,2.1,2.7,0.26,0.2,0.25,10,8,10,4.8,8.1,6.0,0.48,0.81,0.58,18,30,22,2630579450,,,1270,302,1279,279,1261,326,0.21246,-0.1238,-0.9693,0.08229,-0.10967,-0.99056,4.154,4.003,4.063,,,,Valid,Valid,229.4,146.7,550.8,298.5,151.1,559.7,350.2,76.4,345.0,89.1,0.6615,0.2799,0.6664,0.2583,0.6566,0.3015,Screen Recording,Screen Recording Recording54.mp4,1920,1080,0,0,960,540,Fixation,696,1165,1274,312,0.6633,0.2891,,,,,,,,,,,
498048368,512573908275,Eye Tracker,LipReading_BJ,10/21/2025,ZJ,Recording54,10/18/2025,10/18/2025,21:15:16.594,13:15:16.594,535262,Timeline1,Tobii I-VT (Fixation),1.241.54219,1080,1920,10.0,2.8,2.1,2.7,0.26,0.2,0.25,10,8,10,4.8,8.1,6.0,0.48,0.81,0.58,18,30,22,2630583450,,,1273,295,1278,280,1268,310,0.21193,-0.12316,-0.96949,0.08561,-0.11724,-0.98941,4.146,3.993,4.063,,,,Valid,Valid,229.4,146.7,550.8,298.5,151.1,559.7,349.8,76.7,347.0,84.8,0.6631,0.2731,0.6658,0.2595,0.6603,0.2868,Screen Recording,Screen Recording Recording54.mp4,1920,1080,0,0,960,540,Fixation,696,1165,1274,312,0.6633,0.2891,,,,,,,,,,,
498052367,512573912274,Eye Tracker,LipReading_BJ,10/21/2025,ZJ,Recording54,10/18/2025,10/18/2025,21:15:16.594,13:15:16.594,535262,Timeline1,Tobii I-VT (Fixation),1.241.54219,1080,1920,10.0,2.8,2.1,2.7,0.26,0.2,0.25,10,8,10,4.8,8.1,6.0,0.48,0.81,0.58,18,30,22,2630587449,,,1281,285,1278,281,1283,290,0.21195,-0.12307,-0.9695,0.09279,-0.12642,-0.98763,4.134,3.981,4.063,,,,Valid,Valid,229.4,146.7,550.8,298.5,151.1,559.7,349.8,76.8,351.1,79.4,0.667,0.2643,0.6658,0.2598,0.6682,0.2688,Screen Recording,Screen Recording Recording54.mp4,1920,1080,0,0,960,540,Fixation,696,1165,1274,312,0.6633,0.2891,,,,,,,,,,,
498056367,512573916274,Eye Tracker,LipReading_BJ,10/21/2025,ZJ,Recording54,10/18/2025,10/18/2025,21:15:16.594,13:15:16.594,535262,Timeline1,Tobii I-VT (Fixation),1.241.54219,1080,1920,10.0,2.8,2.1,2.7,0.26,0.2,0.25,10,8,10,4.8,8.1,6.0,0.48,0.81,0.58,18,30,22,2630591449,,,1277,296,1283,280,1270,312,0.21415,-0.12307,-0.96902,0.08667,-0.11603,-0.98946,4.117,3.991,4.055,,,,Valid,Valid,229.4,146.7,550.8,298.5,151.1,559.7,351.2,76.7,347.6,85.4,0.6649,0.2744,0.6683,0.2597,0.6614,0.2891,Screen Recording,Screen Recording Recording54.mp4,1920,1080,0,0,960,540,Fixation,696,1165,1274,312,0.6633,0.2891,,,,,,,,,,,
498060367,512573920274,Eye Tracker,LipReading_BJ,10/21/2025,ZJ,Recording54,10/18/2025,10/18/2025,21:15:16.594,13:15:16.594,535262,Timeline1,Tobii I-VT (Fixation),1.241.54219,1080,1920,10.0,2.8,2.1,2.7,0.26,0.2,0.25,10,8,10,4.8,8.1,6.0,0.48,0.81,0.58,18,30,22,2630595449,,,1282,303,1285,279,1279,327,0.21488,-0.12377,-0.96877,0.09086,-0.10896,-0.98988,4.114,4.041,4.066,,,,Valid,Valid,229.4,146.7,550.8,298.5,151.1,559.7,351.6,76.3,349.9,89.5,0.6675,0.2805,0.6691,0.2583,0.6659,0.3027,Screen Recording,Screen Recording Recording54.mp4,1920,1080,0,0,960,540,Fixation,696,1165,1274,312,0.6633,0.2891,,,,,,,,,,,
498064368,512573924275,Eye Tracker,LipReading_BJ,10/21/2025,ZJ,Recording54,10/18/2025,10/18/2025,21:15:16.594,13:15:16.594,535262,Timeline1,Tobii I-VT (Fixation),1.241.54219,1080,1920,10.0,2.8,2.1,2.7,0.26,0.2,0.25,10,8,10,4.8,8.1,6.0,0.48,0.81,0.58,18,30,22,2630599450,,,1272,299,1277,284,1267,314,0.21128,-0.12164,-0.96983,0.0851,-0.11505,-0.98971,4.115,4.039,4.064,,,,Valid,Valid,229.4,146.7,550.8,298.5,151.1,559.6,349.4,77.6,346.6,86.0,0.6624,0.2768,0.665,0.2626,0.6597,0.2911,Screen Recording,Screen Recording Recording54.mp4,1920,1080,0,0,960,540,Fixation,696,1165,1274,312,0.6633,0.2891,,,,,,,,,,,
498068367,512573928274,Eye Tracker,LipReading_BJ,10/21/2025,ZJ,Recording54,10/18/2025,10/18/2025,21:15:16.594,13:15:16.594,535262,Timeline1,Tobii I-VT (Fixation),1.241.54219,1080,1920,10.0,2.8,2.1,2.7,0.26,0.2,0.25,10,8,10,4.8,8.1,6.0,0.48,0.81,0.58,18,30,22,2630603449,,,1272,309,1281,285,1262,334,0.2134,-0.12105,-0.96944,0.08287,-0.10586,-0.99092,4.125,4.014,4.064,,,,Valid,Valid,229.4,146.7,550.7,298.5,151.1,559.7,350.7,77.9,345.3,91.3,0.6623,0.2863,0.6674,0.2637,0.6572,0.3089,Screen Recording,Screen Recording Recording54.mp4,1920,1080,0,0,960,540,Fixation,696,1165,1274,312,0.6633,0.2891,,,,,,,,,,,
498072367,512573932274,Eye Tracker,LipReading_BJ,10/21/2025,ZJ,Recording54,10/18/2025,10/18/2025,21:15:16.594,13:15:16.594,535262,Timeline1,Tobii I-VT (Fixation),1.241.54219,1080,1920,10.0,2.8,2.1,2.7,0.26,0.2,0.25,10,8,10,4.8,8.1,6.0,0.48,0.81,0.58,18,30,22,2630607449,,,1275,293,1288,266,1263,321,0.21619,-0.12979,-0.96769,0.08325,-0.11206,-0.99021,4.095,3.995,4.066,,,,Valid,Valid,229.4,146.7,550.7,298.5,151.1,559.6,352.5,72.8,345.6,87.8,0.6643,0.2717,0.6708,0.2464,0.6577,0.2969,Screen Recording,Screen Recording Recording54.mp4,1920,1080,0,0,960,540,Fixation,696,1165,1274,312,0.6633,0.2891,,,,,,,,,,,
498076363,512573936270,Eye Tracker,LipReading_BJ,10/21/2025,ZJ,Recording54,10/18/2025,10/18/2025,21:15:16.594,13:15:16.594,535262,Timeline1,Tobii I-VT (Fixation),1.241.54219,1080,1920,10.0,2.8,2.1,2.7,0.26,0.2,0.25,10,8,10,4.8,8.1,6.0,0.48,0.81,0.58,18,30,22,2630611445,,,1271,306,1281,298,1261,314,0.21338,-0.11464,-0.97022,0.08233,-0.11523,-0.98992,4.129,4.013,4.065,,,,Valid,Valid,229.4,146.7,550.8,298.5,151.1,559.6,350.6,81.6,345.1,86.0,0.662,0.2835,0.6672,0.2761,0.6567,0.2908,Screen Recording,Screen Recording Recording54.mp4,1920,1080,0,0,960,540,Fixation,696,1165,1274,312,0.6633,0.2891,,,,,,,,,,,
498080363,512573940270,Eye Tracker,LipReading_BJ,10/21/2025,ZJ,Recording54,10/18/2025,10/18/2025,21:15:16.594,13:15:16.594,535262,Timeline1,Tobii I-VT (Fixation),1.241.54219,1080,1920,10.0,2.8,2.1,2.7,0.26,0.2,0.25,10,8,10,4.8,8.1,6.0,0.48,0.81,0.58,18,30,22,2630615445,,,1278,308,1282,295,1275,322,0.21373,-0.11624,-0.96995,0.08905,-0.11138,-0.98978,4.117,4.059,4.064,,,,Valid,Valid,229.4,146.7,550.7,298.5,151.1,559.6,350.8,80.7,348.9,88.1,0.6658,0.2856,0.6676,0.2731,0.664,0.2981,Screen Recording,Screen Recording Recording54.mp4,1920,1080,0,0,960,540,Fixation,696,1165,1274,312,0.6633,0.2891,,,,,,,,,,,
498084364,512573944271,Eye Tracker,LipReading_BJ,10/21/2025,ZJ,Recording54,10/18/2025,10/18/2025,21:15:16.594,13:15:16.594,535262,Timeline1,Tobii I-VT (Fixation),1.241.54219,1080,1920,10.0,2.8,2.1,2.7,0.26,0.2,0.25,10,8,10,4.8,8.1,6.0,0.48,0.81,0.58,18,30,22,2630619446,,,1271,293,1283,283,1260,303,0.21393,-0.12185,-0.96922,0.08174,-0.12052,-0.98934,4.116,3.977,4.071,,,,Valid,Valid,229.4,146.7,550.7,298.5,151.1,559.6,351.0,77.5,344.8,82.9,0.6621,0.2714,0.668,0.2621,0.6561,0.2806,Screen Recording,Screen Recording Recording54.mp4,1920,1080,0,0,960,540,Fixation,696,1165,1274,312,0.6633,0.2891,,,,,,,,,,,
498088363,512573948270,Eye Tracker,LipReading_BJ,10/21/2025,ZJ,Recording54,10/18/2025,10/18/2025,21:15:16.594,13:15:16.594,535262,Timeline1,Tobii I-VT (Fixation),1.241.54219,1080,1920,10.0,2.8,2.1,2.7,0.26,0.2,0.25,10,8,10,4.8,8.1,6.0,0.48,0.81,0.58,18,30,22,2630623445,,,1275,297,1284,282,1267,312,0.21442,-0.12248,-0.96903,0.08518,-0.1163,-0.98955,4.095,4.024,4.07,,,,Valid,Valid,229.4,146.7,550.7,298.5,151.1,559.6,351.3,77.1,346.7,85.3,0.6642,0.2748,0.6686,0.2608,0.6598,0.2887,Screen Recording,Screen Recording Recording54.mp4,1920,1080,0,0,960,540,Fixation,696,1165,1274,312,0.6633,0.2891,,,,,,,,,,,
498092363,512573952270,Eye Tracker,LipReading_BJ,10/21/2025,ZJ,Recording54,10/18/2025,10/18/2025,21:15:16.594,13:15:16.594,535262,Timeline1,Tobii I-VT (Fixation),1.241.54219,1080,1920,10.0,2.8,2.1,2.7,0.26,0.2,0.25,10,8,10,4.8,8.1,6.0,0.48,0.81,0.58,18,30,22,2630627445,,,1276,303,1284,285,1269,321,0.21452,-0.12101,-0.96919,0.08633,-0.11202,-0.98995,4.129,4.044,4.067,,,,Valid,Valid,229.4,146.7,550.7,298.5,151.1,559.6,351.3,77.9,347.3,87.8,0.6648,0.2804,0.6686,0.2637,0.661,0.297,Screen Recording,Screen Recording Recording54.mp4,1920,1080,0,0,960,540,Fixation,696,1165,1274,312,0.6633,0.2891,,,,,,,,,,,
498096362,512573956269,Eye Tracker,LipReading_BJ,10/21/2025,ZJ,Recording54,10/18/2025,10/18/2025,21:15:16.594,13:15:16.594,535262,Timeline1,Tobii I-VT (Fixation),1.241.54219,1080,1920,10.0,2.8,2.1,2.7,0.26,0.2,0.25,10,8,10,4.8,8.1,6.0,0.48,0.81,0.58,18,30,22,2630631445,,,1276,301,1285,285,1267,318,0.2151,-0.12106,-0.96906,0.08518,-0.1133,-0.9899,4.107,4.011,4.065,,,,Valid,Valid,229.4,146.7,550.7,298.5,151.1,559.6,351.7,77.9,346.7,87.1,0.6646,0.2791,0.6693,0.2637,0.6598,0.2946,Screen Recording,Screen Recording Recording54.mp4,1920,1080,0,0,960,540,Fixation,696,1165,1274,312,0.6633,0.2891,,,,,,,,,,,
498100362,512573960269,Eye Tracker,LipReading_BJ,10/21/2025,ZJ,Recording54,10/18/2025,10/18/2025,21:15:16.594,13:15:16.594,535262,Timeline1,Tobii I-VT (Fixation),1.241.54219,1080,1920,10.0,2.8,2.1,2.7,0.26,0.2,0.25,10,8,10,4.8,8.1,6.0,0.48,0.81,0.58,18,30,22,2630635445,,,1271,306,1279,294,1263,318,0.21258,-0.11651,-0.97017,0.08327,-0.11358,-0.99003,4.141,4.017,4.08,,,,Valid,Valid,229.4,146.7,550.7,298.5,151.1,559.6,350.1,80.6,345.6,86.9,0.662,0.2834,0.6663,0.2727,0.6577,0.2941,Screen Recording,Screen Recording Recording54.mp4,1920,1080,0,0,960,540,Fixation,696,1165,1274,312,0.6633,0.2891,,,,,,,,,,,
498104362,512573964269,Eye Tracker,LipReading_BJ,10/21/2025,ZJ,Recording54,10/18/2025,10/18/2025,21:15:16.594,13:15:16.594,535262,Timeline1,Tobii I-VT (Fixation),1.241.54219,1080,1920,10.0,2.8,2.1,2.7,0.26,0.2,0.25,10,8,10,4.8,8.1,6.0,0.48,0.81,0.58,18,30,22,2630639445,,,1281,294,1293,262,1268,326,0.21865,-0.13163,-0.96688,0.08567,-0.10937,-0.9903,4.101,4.069,4.082,,,,Valid,Valid,229.4,146.7,550.7,298.5,151.1,559.6,354.0,71.8,346.9,89.3,0.667,0.2725,0.6737,0.2428,0.6603,0.3022,Screen Recording,Screen Recording Recording54.mp4,1920,1080,0,0,960,540,Fixation,696,1165,1274,312,0.6633,0.2891,,,,,,,,,,,
498108362,512573968269,Eye Tracker,LipReading_BJ,10/21/2025,ZJ,Recording54,10/18/2025,10/18/2025,21:15:16.594,13:15:16.594,535262,Timeline1,Tobii I-VT (Fixation),1.241.54219,1080,1920,10.0,2.8,2.1,2.7,0.26,0.2,0.25,10,8,10,4.8,8.1,6.0,0.48,0.81,0.58,18,30,22,2630643445,,,1276,311,1279,291,1273,331,0.21256,-0.11836,-0.96995,0.08827,-0.10714,-0.99032,4.144,4.032,4.082,,,,Valid,Valid,229.4,146.7,550.7,298.5,151.1,559.6,350.1,79.5,348.4,90.6,0.6647,0.2878,0.6663,0.2691,0.6631,0.3065,Screen Recording,Screen Recording Recording54.mp4,1920,1080,0,0,960,540,Fixation,696,1165,1274,312,0.6633,0.2891,,,,,,,,,,,
498112363,512573972270,Eye Tracker,LipReading_BJ,10/21/2025,ZJ,Recording54,10/18/2025,10/18/2025,21:15:16.594,13:15:16.594,535262,Timeline1,Tobii I-VT (Fixation),1.241.54219,1080,1920,10.0,2.8,2.1,2.7,0.26,0.2,0.25,10,8,10,4.8,8.1,6.0,0.48,0.81,0.58,18,30,22,2630647446,,,1277,303,1284,280,1270,327,0.21469,-0.12356,-0.96883,0.08699,-0.10907,-0.99022,4.132,4.047,4.089,,,,Valid,Valid,229.4,146.7,550.7,298.5,151.1,559.6,351.5,76.5,347.7,89.5,0.6653,0.2808,0.6689,0.2588,0.6617,0.3028,Screen Recording,Screen Recording Recording54.mp4,1920,1080,0,0,960,540,Fixation,696,1165,1274,312,0.6633,0.2891,,,,,,,,,,,
498116362,512573976269,Eye Tracker,LipReading_BJ,10/21/2025,ZJ,Recording54,10/18/2025,10/18/2025,21:15:16.594,13:15:16.594,535262,Timeline1,Tobii I-VT (Fixation),1.241.54219,1080,1920,10.0,2.8,2.1,2.7,0.26,0.2,0.25,10,8,10,4.8,8.1,6.0,0.48,0.81,0.58,18,30,22,2630651445,,,1274,302,1281,290,1267,314,0.21318,-0.11865,-0.96978,0.08522,-0.11524,-0.98968,4.131,3.992,4.089,,,,Valid,Valid,229.4,146.7,550.7,298.5,151.1,559.6,350.5,79.4,346.7,86.0,0.6635,0.2797,0.6671,0.2685,0.6599,0.2909,Screen Recording,Screen Recording Recording54.mp4,1920,1080,0,0,960,540,Fixation,696,1165,1274,312,0.6633,0.2891,,,,,,,,,,,
498120362,512573980269,Eye Tracker,LipReading_BJ,10/21/2025,ZJ,Recording54,10/18/2025,10/18/2025,21:15:16.594,13:15:16.594,535262,Timeline1,Tobii I-VT (Fixation),1.241.54219,1080,1920,10.0,2.8,2.1,2.7,0.26,0.2,0.25,10,8,10,4.8,8.1,6.0,0.48,0.81,0.58,18,30,22,2630655445,,,1276,293,1284,263,1269,324,0.21416,-0.13138,-0.96792,0.08628,-0.11076,-0.99009,4.112,4.058,4.089,,,,Valid,Valid,229.4,146.7,550.7,298.5,151.1,559.5,351.3,72.0,347.3,88.5,0.6648,0.2716,0.6686,0.2436,0.661,0.2996,Screen Recording,Screen Recording Recording54.mp4,1920,1080,0,0,960,540,Fixation,696,1165,1274,312,0.6633,0.2891,,,,,,,,,,,
498124363,512573984270,Eye Tracker,LipReading_BJ,10/21/2025,ZJ,Recording54,10/18/2025,10/18/2025,21:15:16.594,13:15:16.594,535262,Timeline1,Tobii I-VT (Fixation),1.241.54219,1080,1920,10.0,2.8,2.1,2.7,0.26,0.2,0.25,10,8,10,4.8,8.1,6.0,0.48,0.81,0.58,18,30,22,2630659446,,,1278,299,1277,296,1278,301,0.21139,-0.11566,-0.97053,0.09071,-0.12169,-0.98841,4.131,4.061,4.091,,,,Valid,Valid,229.4,146.7,550.7,298.5,151.2,559.5,349.4,81.1,349.9,82.3,0.6654,0.2764,0.6649,0.2745,0.6659,0.2783,Screen Recording,Screen Recording Recording54.mp4,1920,1080,0,0,960,540,Fixation,696,1165,1274,312,0.6633,0.2891,,,,,,,,,,,
498128363,512573988270,Eye Tracker,LipReading_BJ,10/21/2025,ZJ,Recording54,10/18/2025,10/18/2025,21:15:16.594,13:15:16.594,535262,Timeline1,Tobii I-VT (Fixation),1.241.54219,1080,1920,10.0,2.8,2.1,2.7,0.26,0.2,0.25,10,8,10,4.8,8.1,6.0,0.48,0.81,0.58,18,30,22,2630663446,,,1270,298,1272,287,1269,308,0.20892,-0.12002,-0.97054,0.08598,-0.11832,-0.98925,4.148,4.011,4.091,,,,Valid,Valid,229.4,146.8,550.7,298.5,151.2,559.5,348.0,78.7,347.2,84.2,0.6615,0.2756,0.6623,0.2661,0.6607,0.285,Screen Recording,Screen Recording Recording54.mp4,1920,1080,0,0,960,540,Fixation,696,1165,1274,312,0.6633,0.2891,,,,,,,,,,,
498132363,512573992270,Eye Tracker,LipReading_BJ,10/21/2025,ZJ,Recording54,10/18/2025,10/18/2025,21:15:16.594,13:15:16.594,535262,Timeline1,Tobii I-VT (Fixation),1.241.54219,1080,1920,10.0,2.8,2.1,2.7,0.26,0.2,0.25,10,8,10,4.8,8.1,6.0,0.48,0.81,0.58,18,30,22,2630667446,,,1274,287,1280,272,1267,302,0.21247,-0.12714,-0.96886,0.08536,-0.12094,-0.98898,4.177,4.051,4.099,,,,Valid,Valid,229.4,146.8,550.7,298.5,151.2,559.6,350.2,74.5,346.8,82.7,0.6633,0.266,0.6665,0.252,0.6601,0.2799,Screen Recording,Screen Recording Recording54.mp4,1920,1080,0,0,960,540,Fixation,696,1165,1274,312,0.6633,0.2891,,,,,,,,,,,
498136362,512573996269,Eye Tracker,LipReading_BJ,10/21/2025,ZJ,Recording54,10/18/2025,10/18/2025,21:15:16.594,13:15:16.594,535262,Timeline1,Tobii I-VT (Fixation),1.241.54219,1080,1920,10.0,2.8,2.1,2.7,0.26,0.2,0.25,10,8,10,4.8,8.1,6.0,0.48,0.81,0.58,18,30,22,2630671445,,,1276,301,1281,275,1272,327,0.21304,-0.12601,-0.96888,0.08762,-0.10914,-0.99016,4.131,4.049,4.098,,,,Valid,Valid,229.4,146.8,550.6,298.5,151.2,559.6,350.5,75.2,348.0,89.5,0.6647,0.2785,0.6671,0.2543,0.6624,0.3027,Screen Recording,Screen Recording Recording54.mp4,1920,1080,0,0,960,540,Fixation,696,1165,1274,312,0.6633,0.2891,,,,,,,,,,,
498140363,512574000270,Eye Tracker,LipReading_BJ,10/21/2025,ZJ,Recording54,10/18/2025,10/18/2025,21:15:16.594,13:15:16.594,535262,Timeline1,Tobii I-VT (Fixation),1.241.54219,1080,1920,10.0,2.8,2.1,2.7,0.26,0.2,0.25,10,8,10,4.8,8.1,6.0,0.48,0.81,0.58,18,30,22,2630675446,,,1272,306,1282,293,1261,320,0.21399,-0.11736,-0.96976,0.08246,-0.11274,-0.9902,4.147,4.077,4.103,,,,Valid,Valid,229.4,146.8,550.7,298.5,151.2,559.5,351.0,80.1,345.1,87.5,0.6624,0.2835,0.6679,0.2711,0.6568,0.2959,Screen Recording,Screen Recording Recording54.mp4,1920,1080,0,0,960,540,Fixation,696,1165,1274,312,0.6633,0.2891,,,,,,,,,,,
498144363,512574004270,Eye Tracker,LipReading_BJ,10/21/2025,ZJ,Recording54,10/18/2025,10/18/2025,21:15:16.594,13:15:16.594,535262,Timeline1,Tobii I-VT (Fixation),1.241.54219,1080,1920,10.0,2.8,2.1,2.7,0.26,0.2,0.25,10,8,10,4.8,8.1,6.0,0.48,0.81,0.58,18,30,22,2630679446,,,1273,310,1280,296,1265,324,0.21305,-0.11606,-0.97012,0.0845,-0.11051,-0.99028,4.155,4.042,4.102,,,,Valid,Valid,229.4,146.8,550.6,298.5,151.2,559.6,350.4,80.9,346.3,88.7,0.6629,0.287,0.6668,0.2737,0.659,0.3002,Screen Recording,Screen Recording Recording54.mp4,1920,1080,0,0,960,540,Fixation,696,1165,1274,312,0.6633,0.2891,,,,,,,,,,,
498148363,512574008270,Eye Tracker,LipReading_BJ,10/21/2025,ZJ,Recording54,10/18/2025,10/18/2025,21:15:16.594,13:15:16.594,535262,Timeline1,Tobii I-VT (Fixation),1.241.54219,1080,1920,10.0,2.8,2.1,2.7,0.26,0.2,0.25,10,8,10,4.8,8.1,6.0,0.48,0.81,0.58,18,30,22,2630683446,,,1275,306,1284,284,1265,328,0.21475,-0.12169,-0.96906,0.08455,-0.10871,-0.99047,4.165,4.054,4.105,,,,Valid,Valid,229.4,146.8,550.7,298.5,151.2,559.5,351.5,77.6,346.3,89.8,0.664,0.2832,0.6689,0.2626,0.659,0.3037,Screen Recording,Screen Recording Recording54.mp4,1920,1080,0,0,960,540,Fixation,696,1165,1274,312,0.6633,0.2891,,,,,,,,,,,
498152363,512574012270,Eye Tracker,LipReading_BJ,10/21/2025,ZJ,Recording54,10/18/2025,10/18/2025,21:15:16.594,13:15:16.594,535262,Timeline1,Tobii I-VT (Fixation),1.241.54219,1080,1920,10.0,2.8,2.1,2.7,0.26,0.2,0.25,10,8,10,4.8,8.1,6.0,0.48,0.81,0.58,18,30,22,2630687446,,,1273,307,1283,294,1263,321,0.21447,-0.11693,-0.96971,0.08329,-0.11224,-0.99018,4.156,4.023,4.103,,,,Valid,Valid,229.4,146.8,550.7,298.5,151.2,559.6,351.2,80.4,345.6,87.7,0.6631,0.2844,0.6684,0.2719,0.6577,0.2969,Screen Recording,Screen Recording Recording54.mp4,1920,1080,0,0,960,540,Fixation,696,1165,1274,312,0.6633,0.2891,,,,,,,,,,,
498156362,512574016269,Eye Tracker,LipReading_BJ,10/21/2025,ZJ,Recording54,10/18/2025,10/18/2025,21:15:16.594,13:15:16.594,535262,Timeline1,Tobii I-VT (Fixation),1.241.54219,1080,1920,10.0,2.8,2.1,2.7,0.26,0.2,0.25,10,8,10,4.8,8.1,6.0,0.48,0.81,0.58,18,30,22,2630691445,,,1267,302,1277,277,1257,326,0.21146,-0.12485,-0.96938,0.08038,-0.1098,-0.9907,4.165,4.058,4.102,,,,Valid,Valid,229.4,146.8,550.6,298.5,151.2,559.6,349.6,75.9,343.9,89.2,0.6599,0.2792,0.6652,0.2567,0.6545,0.3017,Screen Recording,Screen Recording Recording54.mp4,1920,1080,0,0,960,540,Fixation,696,1165,1274,312,0.6633,0.2891,,,,,,,,,,,
498160363,512574020270,Eye Tracker,LipReading_BJ,10/21/2025,ZJ,Recording54,10/18/2025,10/18/2025,21:15:16.594,13:15:16.594,535262,Timeline1,Tobii I-VT (Fixation),1.241.54219,1080,1920,10.0,2.8,2.1,2.7,0.26,0.2,0.25,10,8,10,4.8,8.1,6.0,0.48,0.81,0.58,18,30,22,2630695446,,,1272,303,1283,293,1261,314,0.21449,-0.11741,-0.96964,0.08225,-0.11545,-0.9899,4.179,4.02,4.103,,,,Valid,Valid,229.4,146.8,550.7,298.5,151.2,559.6,351.2,80.1,345.0,85.9,0.6625,0.2809,0.6685,0.271,0.6566,0.2907,Screen Recording,Screen Recording Recording54.mp4,1920,1080,0,0,960,540,Fixation,696,1165,1274,312,0.6633,0.2891,,,,,,,,,,,
498164363,512574024270,Eye Tracker,LipReading_BJ,10/21/2025,ZJ,Recording54,10/18/2025,10/18/2025,21:15:16.594,13:15:16.594,535262,Timeline1,Tobii I-VT (Fixation),1.241.54219,1080,1920,10.0,2.8,2.1,2.7,0.26,0.2,0.25,10,8,10,4.8,8.1,6.0,0.48,0.81,0.58,18,30,22,2630699446,,,1276,290,1280,284,1272,296,0.21265,-0.12149,-0.96955,0.08748,-0.12403,-0.98842,4.166,4.039,4.105,,,,Valid,Valid,229.4,146.8,550.7,298.5,151.2,559.6,350.2,77.8,348.0,81.0,0.6644,0.2685,0.6665,0.2631,0.6624,0.2739,Screen Recording,Screen Recording Recording54.mp4,1920,1080,0,0,960,540,Fixation,696,1165,1274,312,0.6633,0.2891,,,,,,,,,,,
498168363,512574028270,Eye Tracker,LipReading_BJ,10/21/2025,ZJ,Recording54,10/18/2025,10/18/2025,21:15:16.594,13:15:16.594,535262,Timeline1,Tobii I-VT (Fixation),1.241.54219,1080,1920,10.0,2.8,2.1,2.7,0.26,0.2,0.25,10,8,10,4.8,8.1,6.0,0.48,0.81,0.58,18,30,22,2630703446,,,1276,296,1290,282,1262,311,0.21731,-0.12242,-0.96839,0.08272,-0.11706,-0.98967,4.17,4.041,4.105,,,,Valid,Valid,229.4,146.8,550.7,298.5,151.2,559.6,353.0,77.1,345.3,85.0,0.6645,0.2743,0.6718,0.261,0.6571,0.2876,Screen Recording,Screen Recording Recording54.mp4,1920,1080,0,0,960,540,Fixation,696,1165,1274,312,0.6633,0.2891,,,,,,,,,,,
498172363,512574032270,Eye Tracker,LipReading_BJ,10/21/2025,ZJ,Recording54,10/18/2025,10/18/2025,21:15:16.594,13:15:16.594,535262,Timeline1,Tobii I-VT (Fixation),1.241.54219,1080,1920,10.0,2.8,2.1,2.7,0.26,0.2,0.25,10,8,10,4.8,8.1,6.0,0.48,0.81,0.58,18,30,22,2630707446,,,1268,299,1282,287,1254,312,0.21391,-0.12026,-0.96942,0.07895,-0.11662,-0.99003,4.177,4.065,4.104,,,,Valid,Valid,229.4,146.8,550.7,298.5,151.2,559.6,350.9,78.5,343.1,85.3,0.6605,0.277,0.6679,0.2654,0.653,0.2885,Screen Recording,Screen Recording Recording54.mp4,1920,1080,0,0,960,540,Fixation,696,1165,1274,312,0.6633,0.2891,,,,,,,,,,,
498176362,512574036269,Eye Tracker,LipReading_BJ,10/21/2025,ZJ,Recording54,10/18/2025,10/18/2025,21:15:16.594,13:15:16.594,535262,Timeline1,Tobii I-VT (Fixation),1.241.54219,1080,1920,10.0,2.8,2.1,2.7,0.26,0.2,0.25,10,8,10,4.8,8.1,6.0,0.48,0.81,0.58,18,30,22,2630711445,,,1267,297,1277,286,1256,307,0.21145,-0.12071,-0.96991,0.08016,-0.11868,-0.98969,4.167,4.042,4.104,,,,Valid,Valid,229.4,146.8,550.7,298.5,151.2,559.6,349.5,78.2,343.8,84.1,0.6598,0.2746,0.6651,0.2647,0.6544,0.2845,Screen Recording,Screen Recording Recording54.mp4,1920,1080,0,0,960,540,Fixation,696,1165,1274,312,0.6633,0.2891,,,,,,,,,,,
498180363,512574040270,Eye Tracker,LipReading_BJ,10/21/2025,ZJ,Recording54,10/18/2025,10/18/2025,21:15:16.594,13:15:16.594,535262,Timeline1,Tobii I-VT (Fixation),1.241.54219,1080,1920,10.0,2.8,2.1,2.7,0.26,0.2,0.25,10,8,10,4.8,8.1,6.0,0.48,0.81,0.58,18,30,22,2630715446,,,1267,303,1282,286,1253,320,0.21367,-0.12077,-0.96941,0.0785,-0.11239,-0.99056,4.166,4.011,4.11,,,,Valid,Valid,229.4,146.8,550.8,298.5,151.2,559.6,350.8,78.2,342.9,87.7,0.6601,0.2805,0.6676,0.2644,0.6525,0.2966,Screen Recording,Screen Recording Recording54.mp4,1920,1080,0,0,960,540,Fixation,696,1165,1274,312,0.6633,0.2891,,,,,,,,,,,
498184363,512574044270,Eye Tracker,LipReading_BJ,10/21/2025,ZJ,Recording54,10/18/2025,10/18/2025,21:15:16.594,13:15:16.594,535262,Timeline1,Tobii I-VT (Fixation),1.241.54219,1080,1920,10.0,2.8,2.1,2.7,0.26,0.2,0.25,10,8,10,4.8,8.1,6.0,0.48,0.81,0.58,18,30,22,2630719446,,,1270,305,1278,297,1261,313,0.21223,-0.11545,-0.97038,0.08252,-0.1159,-0.98983,4.144,4.053,4.104,,,,Valid,Valid,229.4,146.8,550.8,298.5,151.2,559.6,349.9,81.2,345.2,85.7,0.6614,0.2824,0.6658,0.2749,0.6569,0.2898,Screen Recording,Screen Recording Recording54.mp4,1920,1080,0,0,960,540,Fixation,696,1165,1274,312,0.6633,0.2891,,,,,,,,,,,
498188363,512574048270,Eye Tracker,LipReading_BJ,10/21/2025,ZJ,Recording54,10/18/2025,10/18/2025,21:15:16.594,13:15:16.594,535262,Timeline1,Tobii I-VT (Fixation),1.241.54219,1080,1920,10.0,2.8,2.1,2.7,0.26,0.2,0.25,10,8,10,4.8,8.1,6.0,0.48,0.81,0.58,18,30,22,2630723446,,,1271,309,1281,288,1261,329,0.21338,-0.11951,-0.96963,0.08242,-0.10803,-0.99073,4.188,4.114,4.12,,,,Valid,Valid,229.4,146.8,550.8,298.5,151.2,559.6,350.6,78.9,345.1,90.1,0.662,0.286,0.6673,0.2669,0.6567,0.305,Screen Recording,Screen Recording Recording54.mp4,1920,1080,0,0,960,540,Fixation,696,1165,1274,312,0.6633,0.2891,,,,,,,,,,,
498192363,512574052270,Eye Tracker,LipReading_BJ,10/21/2025,ZJ,Recording54,10/18/2025,10/18/2025,21:15:16.594,13:15:16.594,535262,Timeline1,Tobii I-VT (Fixation),1.241.54219,1080,1920,10.0,2.8,2.1,2.7,0.26,0.2,0.25,10,8,10,4.8,8.1,6.0,0.48,0.81,0.58,18,30,22,2630727446,,,1274,300,1285,292,1263,307,0.2153,-0.11774,-0.96942,0.08339,-0.11852,-0.98944,4.213,4.042,4.126,,,,Valid,Valid,229.4,146.8,550.8,298.5,151.2,559.6,351.7,79.9,345.7,84.1,0.6636,0.2774,0.6694,0.2702,0.6578,0.2847,Screen Recording,Screen Recording Recording54.mp4,1920,1080,0,0,960,540,Fixation,696,1165,1274,312,0.6633,0.2891,,,,,,,,,,,
498196362,512574056269,Eye Tracker,LipReading_BJ,10/21/2025,ZJ,Recording54,10/18/2025,10/18/2025,21:15:16.594,13:15:16.594,535262,Timeline1,Tobii I-VT (Fixation),1.241.54219,1080,1920,10.0,2.8,2.1,2.7,0.26,0.2,0.25,10,8,10,4.8,8.1,6.0,0.48,0.81,0.58,18,30,22,2630731445,,,1269,306,1275,285,1263,326,0.21072,-0.12105,-0.97002,0.0836,-0.10947,-0.99047,4.193,4.064,4.134,,,,Valid,Valid,229.4,146.8,550.8,298.5,151.2,559.6,349.0,78.0,345.7,89.3,0.6611,0.2831,0.6643,0.264,0.658,0.3022,Screen Recording,Screen Recording Recording54.mp4,1920,1080,0,0,960,540,Fixation,696,1165,1274,312,0.6633,0.2891,,,,,,,,,,,
498200363,512574060270,Eye Tracker,LipReading_BJ,10/21/2025,ZJ,Recording54,10/18/2025,10/18/2025,21:15:16.594,13:15:16.594,535262,Timeline1,Tobii I-VT (Fixation),1.241.54219,1080,1920,10.0,2.8,2.1,2.7,0.26,0.2,0.25,10,8,10,4.8,8.1,6.0,0.48,0.81,0.58,18,30,22,2630735446,,,1273,300,1282,278,1265,322,0.21345,-0.12428,-0.96902,0.08447,-0.11147,-0.99017,4.174,4.078,4.135,,,,Valid,Valid,229.4,146.8,550.8,298.5,151.2,559.6,350.7,76.1,346.2,88.2,0.6632,0.2779,0.6675,0.2575,0.6589,0.2983,Screen Recording,Screen Recording Recording54.mp4,1920,1080,0,0,960,540,Fixation,696,1165,1274,312,0.6633,0.2891,,,,,,,,,,,
498204358,512574064265,Eye Tracker,LipReading_BJ,10/21/2025,ZJ,Recording54,10/18/2025,10/18/2025,21:15:16.594,13:15:16.594,535262,Timeline1,Tobii I-VT (Fixation),1.241.54219,1080,1920,10.0,2.8,2.1,2.7,0.26,0.2,0.25,10,8,10,4.8,8.1,6.0,0.48,0.81,0.58,18,30,22,2630739442,,,1274,319,1286,307,1263,330,0.21565,-0.11055,-0.97019,0.08347,-0.10757,-0.99069,4.19,4.12,4.139,,,,Valid,Valid,229.4,146.7,550.8,298.5,151.2,559.6,351.8,84.0,345.6,90.4,0.6637,0.295,0.6695,0.2841,0.6578,0.3059,Screen Recording,Screen Recording Recording54.mp4,1920,1080,0,0,960,540,Fixation,696,1165,1274,312,0.6633,0.2891,,,,,,,,,,,
498208358,512574068265,Eye Tracker,LipReading_BJ,10/21/2025,ZJ,Recording54,10/18/2025,10/18/2025,21:15:16.594,13:15:16.594,535262,Timeline1,Tobii I-VT (Fixation),1.241.54219,1080,1920,10.0,2.8,2.1,2.7,0.26,0.2,0.25,10,8,10,4.8,8.1,6.0,0.48,0.81,0.58,18,30,22,2630743442,,,1276,307,1282,293,1271,322,0.21397,-0.11715,-0.96979,0.08719,-0.11172,-0.98991,4.196,4.085,4.14,,,,Valid,Valid,229.4,146.7,550.8,298.5,151.2,559.6,350.9,80.2,347.8,88.0,0.6648,0.2846,0.6678,0.2713,0.6618,0.2978,Screen Recording,Screen Recording Recording54.mp4,1920,1080,0,0,960,540,Fixation,696,1165,1274,312,0.6633,0.2891,,,,,,,,,,,
498212358,512574072265,Eye Tracker,LipReading_BJ,10/21/2025,ZJ,Recording54,10/18/2025,10/18/2025,21:15:16.594,13:15:16.594,535262,Timeline1,Tobii I-VT (Fixation),1.241.54219,1080,1920,10.0,2.8,2.1,2.7,0.26,0.2,0.25,10,8,10,4.8,8.1,6.0,0.48,0.81,0.58,18,30,22,2630747442,,,1269,315,1282,297,1256,332,0.21398,-0.11522,-0.97002,0.0804,-0.10673,-0.99103,4.194,4.087,4.141,,,,Valid,Valid,229.4,146.7,550.8,298.5,151.2,559.6,350.9,81.3,343.9,90.9,0.6611,0.2913,0.6678,0.2751,0.6544,0.3076,Screen Recording,Screen Recording Recording54.mp4,1920,1080,0,0,960,540,Fixation,696,1165,1274,312,0.6633,0.2891,,,,,,,,,,,
498216357,512574076264,Eye Tracker,LipReading_BJ,10/21/2025,ZJ,Recording54,10/18/2025,10/18/2025,21:15:16.594,13:15:16.594,535262,Timeline1,Tobii I-VT (Fixation),1.241.54219,1080,1920,10.0,2.8,2.1,2.7,0.26,0.2,0.25,10,8,10,4.8,8.1,6.0,0.48,0.81,0.58,18,30,22,2630751441,,,1275,290,1283,266,1266,314,0.21401,-0.12977,-0.96817,0.08494,-0.11537,-0.98968,4.203,4.077,4.137,,,,Valid,Valid,229.3,146.7,550.8,298.5,151.1,559.6,351.1,72.9,346.5,85.9,0.6638,0.2687,0.6682,0.2467,0.6594,0.2907,Screen Recording,Screen Recording Recording54.mp4,1920,1080,0,0,960,540,Fixation,696,1165,1274,312,0.6633,0.2891,,,,,,,,,,,
498220358,512574080265,Eye Tracker,LipReading_BJ,10/21/2025,ZJ,Recording54,10/18/2025,10/18/2025,21:15:16.594,13:15:16.594,535262,Timeline1,Tobii I-VT (Fixation),1.241.54219,1080,1920,10.0,2.8,2.1,2.7,0.26,0.2,0.25,10,8,10,4.8,8.1,6.0,0.48,0.81,0.58,18,30,22,2630755442,,,1273,302,1287,281,1260,322,0.21587,-0.12296,-0.96865,0.08203,-0.11141,-0.99038,4.207,4.063,4.137,,,,Valid,Valid,229.3,146.7,550.8,298.4,151.2,559.6,352.1,76.8,344.8,88.2,0.6631,0.2792,0.6701,0.2599,0.6562,0.2984,Screen Recording,Screen Recording Recording54.mp4,1920,1080,0,0,960,540,Fixation,696,1165,1274,312,0.6633,0.2891,,,,,,,,,,,
498224357,512574084264,Eye Tracker,LipReading_BJ,10/21/2025,ZJ,Recording54,10/18/2025,10/18/2025,21:15:16.594,13:15:16.594,535262,Timeline1,Tobii I-VT (Fixation),1.241.54219,1080,1920,10.0,2.8,2.1,2.7,0.26,0.2,0.25,10,8,10,4.8,8.1,6.0,0.48,0.81,0.58,18,30,22,2630759441,,,1274,308,1284,299,1264,317,0.21474,-0.11455,-0.96993,0.08397,-0.11378,-0.98995,4.196,4.026,4.137,,,,Valid,Valid,229.3,146.8,550.8,298.4,151.2,559.6,351.3,81.7,345.9,86.8,0.6634,0.2851,0.6685,0.2765,0.6583,0.2938,Screen Recording,Screen Recording Recording54.mp4,1920,1080,0,0,960,540,Fixation,696,1165,1274,312,0.6633,0.2891,,,,,,,,,,,
498228358,512574088265,Eye Tracker,LipReading_BJ,10/21/2025,ZJ,Recording54,10/18/2025,10/18/2025,21:15:16.594,13:15:16.594,535262,Timeline1,Tobii I-VT (Fixation),1.241.54219,1080,1920,10.0,2.8,2.1,2.7,0.26,0.2,0.25,10,8,10,4.8,8.1,6.0,0.48,0.81,0.58,18,30,22,2630763442,,,1274,313,1280,286,1267,341,0.21295,-0.12079,-0.96957,0.08569,-0.10232,-0.99105,4.184,4.098,4.146,,,,Valid,Valid,229.3,146.8,550.7,298.4,151.2,559.5,350.3,78.1,346.8,93.4,0.6633,0.2902,0.6667,0.2644,0.66,0.316,Screen Recording,Screen Recording Recording54.mp4,1920,1080,0,0,960,540,Fixation,696,1165,1274,312,0.6633,0.2891,,,,,,,,,,,
498232357,512574092264,Eye Tracker,LipReading_BJ,10/21/2025,ZJ,Recording54,10/18/2025,10/18/2025,21:15:16.594,13:15:16.594,535262,Timeline1,Tobii I-VT (Fixation),1.241.54219,1080,1920,10.0,2.8,2.1,2.7,0.26,0.2,0.25,10,8,10,4.8,8.1,6.0,0.48,0.81,0.58,18,30,22,2630767441,,,1273,309,1279,296,1268,322,0.21271,-0.11569,-0.97024,0.08577,-0.11145,-0.99006,4.197,4.096,4.146,,,,Valid,Valid,229.3,146.8,550.7,298.4,151.2,559.5,350.1,81.1,346.9,88.2,0.6632,0.2864,0.6662,0.2744,0.6602,0.2983,Screen Recording,Screen Recording Recording54.mp4,1920,1080,0,0,960,540,Fixation,696,1165,1274,312,0.6633,0.2891,,,,,,,,,,,
498236358,512574096265,Eye Tracker,LipReading_BJ,10/21/2025,ZJ,Recording54,10/18/2025,10/18/2025,21:15:16.594,13:15:16.594,535262,Timeline1,Tobii I-VT (Fixation),1.241.54219,1080,1920,10.0,2.8,2.1,2.7,0.26,0.2,0.25,10,8,10,4.8,8.1,6.0,0.48,0.81,0.58,18,30,22,2630771442,,,1269,308,1282,289,1257,326,0.21407,-0.1191,-0.96953,0.08054,-0.10952,-0.99072,4.226,4.128,4.15,,,,Valid,Valid,229.3,146.8,550.7,298.4,151.2,559.5,350.9,79.1,343.9,89.3,0.6612,0.2849,0.6678,0.2677,0.6545,0.3022,Screen Recording,Screen Recording Recording54.mp4,1920,1080,0,0,960,540,Fixation,696,1165,1274,312,0.6633,0.2891,,,,,,,,,,,
