Recording timestamp,Computer timestamp,Sensor,Project name,Export date,Participant name,Recording name,Recording date,Recording date UTC,Recording start time,Recording start time UTC,Recording duration,Timeline name,Recording Fixation filter name,Recording software version,Recording resolution height,Recording resolution width,Recording monitor latency,Average calibration accuracy (mm),Average calibration precision SD (mm),Average calibration precision RMS (mm),Average calibration accuracy (degrees),Average calibration precision SD (degrees),Average calibration precision RMS (degrees),Average calibration accuracy (pixels),Average calibration precision SD (pixels),Average calibration precision RMS (pixels),Average validation accuracy (mm),Average validation precision SD (mm),Average validation precision RMS (mm),Average validation accuracy (degrees),Average validation precision SD (degrees),Average validation precision RMS (degrees),Average validation accuracy (pixels),Average validation precision SD (pixels),Average validation precision RMS (pixels),Eyetracker timestamp,Event,Event value,Gaze point X,Gaze point Y,Gaze point left X,Gaze point left Y,Gaze point right X,Gaze point right Y,Gaze direction left X,Gaze direction left Y,Gaze direction left Z,Gaze direction right X,Gaze direction right Y,Gaze direction right Z,Pupil diameter left,Pupil diameter right,Pupil diameter filtered,Eye openness left,Eye openness right,Eye openness filtered,Validity left,Validity right,Eye position left X (DACSmm),Eye position left Y (DACSmm),Eye position left Z (DACSmm),Eye position right X (DACSmm),Eye position right Y (DACSmm),Eye position right Z (DACSmm),Gaze point left X (DACSmm),Gaze point left Y (DACSmm),Gaze point right X (DACSmm),Gaze point right Y (DACSmm),Gaze point X (MCSnorm),Gaze point Y (MCSnorm),Gaze point left X (MCSnorm),Gaze point left Y (MCSnorm),Gaze point right X (MCSnorm),Gaze point right Y (MCSnorm),Presented Stimulus name,Presented Media name,Presented Media width,Presented Media height,Presented Media position X (DACSpx),Presented Media position Y (DACSpx),Original Media width,Original Media height,Eye movement type,Gaze event duration,Eye movement type index,Fixation point X,Fixation point Y,Fixation point X (MCSnorm),Fixation point Y (MCSnorm),Ungrouped,Client area position X (DACSpx),Client area position Y (DACSpx),Viewport position X,Viewport position Y,Viewport width,Viewport height,Full page width,Full page height,Mouse position X,Mouse position Y
274680590,1120607885493,Eye Tracker,LipReading,08/25/2025,Chenmingjie,Recording38,07/01/2025,07/01/2025,16:47:15.576,08:47:15.576,803474,Timeline1,Tobii I-VT (Fixation),1.241.54219,1080,1920,10.0,14.5,1.9,2.3,1.39,0.18,0.21,53,7,8,7.8,1.7,1.6,0.77,0.17,0.16,29,6,6,9683225179,,,974,711,991,696,956,726,0.09589,0.19294,-0.97651,-0.04582,0.2125,-0.97609,3.894,3.677,3.751,,,,Valid,Valid,222.2,91.5,500.8,285.2,89.9,500.1,271.3,190.4,261.7,198.8,0.5072,0.6584,0.5164,0.6443,0.4981,0.6726,Screen Recording,Screen Recording Recording38.mp4,1920,1080,0,0,960,540,Fixation,68,497,973,718,0.5067,0.665,,,,,,,,,,,
274684590,1120607889493,Eye Tracker,LipReading,08/25/2025,Chenmingjie,Recording38,07/01/2025,07/01/2025,16:47:15.576,08:47:15.576,803474,Timeline1,Tobii I-VT (Fixation),1.241.54219,1080,1920,10.0,14.5,1.9,2.3,1.39,0.18,0.21,53,7,8,7.8,1.7,1.6,0.77,0.17,0.16,29,6,6,9683229179,,,972,716,983,709,961,722,0.09113,0.19965,-0.97562,-0.04358,0.21045,-0.97663,3.855,3.645,3.746,,,,Valid,Valid,222.1,91.5,500.8,285.2,89.9,500.0,268.9,194.0,262.9,197.7,0.506,0.6625,0.5118,0.6562,0.5003,0.6688,Screen Recording,Screen Recording Recording38.mp4,1920,1080,0,0,960,540,Fixation,68,497,973,718,0.5067,0.665,,,,,,,,,,,
274688590,1120607893493,Eye Tracker,LipReading,08/25/2025,Chenmingjie,Recording38,07/01/2025,07/01/2025,16:47:15.576,08:47:15.576,803474,Timeline1,Tobii I-VT (Fixation),1.241.54219,1080,1920,10.0,14.5,1.9,2.3,1.39,0.18,0.21,53,7,8,7.8,1.7,1.6,0.77,0.17,0.16,29,6,6,9683233179,,,971,722,986,715,956,728,0.09296,0.20282,-0.97479,-0.0458,0.21341,-0.97589,3.829,3.65,3.753,,,,Valid,Valid,222.1,91.5,500.8,285.2,89.9,500.0,269.9,195.7,261.7,199.3,0.5059,0.6681,0.5136,0.6621,0.4981,0.6742,Screen Recording,Screen Recording Recording38.mp4,1920,1080,0,0,960,540,Fixation,68,497,973,718,0.5067,0.665,,,,,,,,,,,
274692590,1120607897493,Eye Tracker,LipReading,08/25/2025,Chenmingjie,Recording38,07/01/2025,07/01/2025,16:47:15.576,08:47:15.576,803474,Timeline1,Tobii I-VT (Fixation),1.241.54219,1080,1920,10.0,14.5,1.9,2.3,1.39,0.18,0.21,53,7,8,7.8,1.7,1.6,0.77,0.17,0.16,29,6,6,9683237179,,,972,727,984,716,959,737,0.09195,0.20359,-0.97473,-0.04438,0.21815,-0.97491,3.817,3.657,3.738,,,,Valid,Valid,222.1,91.5,500.8,285.2,89.9,500.0,269.4,196.1,262.4,201.8,0.506,0.6731,0.5126,0.6634,0.4994,0.6828,Screen Recording,Screen Recording Recording38.mp4,1920,1080,0,0,960,540,Fixation,68,497,973,718,0.5067,0.665,,,,,,,,,,,
274696590,1120607901493,Eye Tracker,LipReading,08/25/2025,Chenmingjie,Recording38,07/01/2025,07/01/2025,16:47:15.576,08:47:15.576,803474,Timeline1,Tobii I-VT (Fixation),1.241.54219,1080,1920,10.0,14.5,1.9,2.3,1.39,0.18,0.21,53,7,8,7.8,1.7,1.6,0.77,0.17,0.16,29,6,6,9683241179,,,978,717,998,699,958,735,0.09918,0.19457,-0.97586,-0.04459,0.21676,-0.97521,3.882,3.647,3.738,,,,Valid,Valid,222.1,91.5,500.8,285.2,89.9,500.1,273.0,191.3,262.3,201.1,0.5094,0.6638,0.5196,0.6473,0.4992,0.6803,Screen Recording,Screen Recording Recording38.mp4,1920,1080,0,0,960,540,Fixation,68,497,973,718,0.5067,0.665,,,,,,,,,,,
274700591,1120607905494,Eye Tracker,LipReading,08/25/2025,Chenmingjie,Recording38,07/01/2025,07/01/2025,16:47:15.576,08:47:15.576,803474,Timeline1,Tobii I-VT (Fixation),1.241.54219,1080,1920,10.0,14.5,1.9,2.3,1.39,0.18,0.21,53,7,8,7.8,1.7,1.6,0.77,0.17,0.16,29,6,6,9683245180,,,989,730,989,730,,,0.09414,0.21058,-0.97303,,,,3.799,,3.724,,,,Valid,Invalid,222.1,91.5,500.8,,,,270.6,199.8,,,0.5149,0.6762,0.5149,0.6762,,,Screen Recording,Screen Recording Recording38.mp4,1920,1080,0,0,960,540,Fixation,68,497,973,718,0.5067,0.665,,,,,,,,,,,
274704591,1120607909494,Eye Tracker,LipReading,08/25/2025,Chenmingjie,Recording38,07/01/2025,07/01/2025,16:47:15.576,08:47:15.576,803474,Timeline1,Tobii I-VT (Fixation),1.241.54219,1080,1920,10.0,14.5,1.9,2.3,1.39,0.18,0.21,53,7,8,7.8,1.7,1.6,0.77,0.17,0.16,29,6,6,9683249180,,,973,730,990,713,957,747,0.09486,0.20165,-0.97485,-0.04543,0.22317,-0.97372,3.837,3.609,3.714,,,,Valid,Valid,222.1,91.5,500.8,285.2,89.9,500.0,270.8,195.1,261.8,204.5,0.5069,0.676,0.5154,0.66,0.4983,0.692,Screen Recording,Screen Recording Recording38.mp4,1920,1080,0,0,960,540,Saccade,28,1329,,,,,,,,,,,,,,,
274708591,1120607913494,Eye Tracker,LipReading,08/25/2025,Chenmingjie,Recording38,07/01/2025,07/01/2025,16:47:15.576,08:47:15.576,803474,Timeline1,Tobii I-VT (Fixation),1.241.54219,1080,1920,10.0,14.5,1.9,2.3,1.39,0.18,0.21,53,7,8,7.8,1.7,1.6,0.77,0.17,0.16,29,6,6,9683253180,,,973,736,989,734,957,738,0.09435,0.21255,-0.97258,-0.04514,0.2186,-0.97477,3.782,3.631,3.702,,,,Valid,Valid,222.1,91.5,500.8,285.1,89.9,500.0,270.7,200.9,262.0,202.1,0.5069,0.6817,0.5151,0.6798,0.4986,0.6836,Screen Recording,Screen Recording Recording38.mp4,1920,1080,0,0,960,540,Saccade,28,1329,,,,,,,,,,,,,,,
274712591,1120607917494,Eye Tracker,LipReading,08/25/2025,Chenmingjie,Recording38,07/01/2025,07/01/2025,16:47:15.576,08:47:15.576,803474,Timeline1,Tobii I-VT (Fixation),1.241.54219,1080,1920,10.0,14.5,1.9,2.3,1.39,0.18,0.21,53,7,8,7.8,1.7,1.6,0.77,0.17,0.16,29,6,6,9683257180,,,973,750,989,722,956,777,0.0946,0.20649,-0.97386,-0.04548,0.23819,-0.97015,3.795,3.548,3.665,,,,Valid,Valid,222.1,91.5,500.8,285.1,89.9,500.0,270.7,197.7,261.7,212.7,0.5067,0.6942,0.5153,0.6687,0.4981,0.7196,Screen Recording,Screen Recording Recording38.mp4,1920,1080,0,0,960,540,Saccade,28,1329,,,,,,,,,,,,,,,
274716591,1120607921494,Eye Tracker,LipReading,08/25/2025,Chenmingjie,Recording38,07/01/2025,07/01/2025,16:47:15.576,08:47:15.576,803474,Timeline1,Tobii I-VT (Fixation),1.241.54219,1080,1920,10.0,14.5,1.9,2.3,1.39,0.18,0.21,53,7,8,7.8,1.7,1.6,0.77,0.17,0.16,29,6,6,9683261180,,,998,737,998,737,,,0.09893,0.21392,-0.97183,,,,3.772,,3.6,,,,Valid,Invalid,222.1,91.4,500.9,,,,273.1,201.7,,,0.5197,0.6824,0.5197,0.6824,,,Screen Recording,Screen Recording Recording38.mp4,1920,1080,0,0,960,540,Saccade,28,1329,,,,,,,,,,,,,,,
274720590,1120607925493,Eye Tracker,LipReading,08/25/2025,Chenmingjie,Recording38,07/01/2025,07/01/2025,16:47:15.576,08:47:15.576,803474,Timeline1,Tobii I-VT (Fixation),1.241.54219,1080,1920,10.0,14.5,1.9,2.3,1.39,0.18,0.21,53,7,8,7.8,1.7,1.6,0.77,0.17,0.16,29,6,6,9683265179,,,992,764,992,764,,,0.09549,0.22736,-0.96912,,,,3.715,,3.512,,,,Valid,Invalid,222.1,91.5,500.8,,,,271.4,208.9,,,0.5166,0.707,0.5166,0.707,,,Screen Recording,Screen Recording Recording38.mp4,1920,1080,0,0,960,540,Saccade,28,1329,,,,,,,,,,,,,,,
274724590,1120607929493,Eye Tracker,LipReading,08/25/2025,Chenmingjie,Recording38,07/01/2025,07/01/2025,16:47:15.576,08:47:15.576,803474,Timeline1,Tobii I-VT (Fixation),1.241.54219,1080,1920,10.0,14.5,1.9,2.3,1.39,0.18,0.21,53,7,8,7.8,1.7,1.6,0.77,0.17,0.16,29,6,6,9683269179,,,895,823,,,895,823,,,,-0.07735,0.26041,-0.96239,,3.189,3.388,,,,Invalid,Valid,,,,285.2,89.9,500.0,,,245.0,225.2,0.4662,0.7619,,,0.4662,0.7619,Screen Recording,Screen Recording Recording38.mp4,1920,1080,0,0,960,540,Saccade,28,1329,,,,,,,,,,,,,,,
274728590,1120607933493,Eye Tracker,LipReading,08/25/2025,Chenmingjie,Recording38,07/01/2025,07/01/2025,16:47:15.576,08:47:15.576,803474,Timeline1,Tobii I-VT (Fixation),1.241.54219,1080,1920,10.0,14.5,1.9,2.3,1.39,0.18,0.21,53,7,8,7.8,1.7,1.6,0.77,0.17,0.16,29,6,6,9683273179,,,1065,802,1065,802,,,0.13292,0.24549,-0.96024,,,,3.459,,3.153,,,,Valid,Invalid,222.1,91.4,500.9,,,,291.4,219.4,,,0.5546,0.7425,0.5546,0.7425,,,Screen Recording,Screen Recording Recording38.mp4,1920,1080,0,0,960,540,Saccade,28,1329,,,,,,,,,,,,,,,
274732590,1120607937493,Eye Tracker,LipReading,08/25/2025,Chenmingjie,Recording38,07/01/2025,07/01/2025,16:47:15.576,08:47:15.576,803474,Timeline1,Tobii I-VT (Fixation),1.241.54219,1080,1920,10.0,14.5,1.9,2.3,1.39,0.18,0.21,53,7,8,7.8,1.7,1.6,0.77,0.17,0.16,29,6,6,9683277179,,,,,,,,,,,,,,,,,2.809,,,,Invalid,Invalid,,,,,,,,,,,,,,,,,Screen Recording,Screen Recording Recording38.mp4,1920,1080,0,0,960,540,EyesNotFound,8,994,,,,,,,,,,,,,,,
274736592,1120607941495,Eye Tracker,LipReading,08/25/2025,Chenmingjie,Recording38,07/01/2025,07/01/2025,16:47:15.576,08:47:15.576,803474,Timeline1,Tobii I-VT (Fixation),1.241.54219,1080,1920,10.0,14.5,1.9,2.3,1.39,0.18,0.21,53,7,8,7.8,1.7,1.6,0.77,0.17,0.16,29,6,6,9683281181,,,,,,,,,,,,,,,,,2.464,,,,Invalid,Invalid,,,,,,,,,,,,,,,,,Screen Recording,Screen Recording Recording38.mp4,1920,1080,0,0,960,540,EyesNotFound,8,994,,,,,,,,,,,,,,,
274740593,1120607945496,Eye Tracker,LipReading,08/25/2025,Chenmingjie,Recording38,07/01/2025,07/01/2025,16:47:15.576,08:47:15.576,803474,Timeline1,Tobii I-VT (Fixation),1.241.54219,1080,1920,10.0,14.5,1.9,2.3,1.39,0.18,0.21,53,7,8,7.8,1.7,1.6,0.77,0.17,0.16,29,6,6,9683285182,,,900,1041,,,900,1041,,,,-0.07237,0.36283,-0.92904,,1.822,2.119,,,,Invalid,Valid,,,,285.2,89.7,500.1,,,246.2,285.0,0.4686,0.9643,,,0.4686,0.9643,Screen Recording,Screen Recording Recording38.mp4,1920,1080,0,0,960,540,Unclassified,8,1417,,,,,,,,,,,,,,,
274744592,1120607949495,Eye Tracker,LipReading,08/25/2025,Chenmingjie,Recording38,07/01/2025,07/01/2025,16:47:15.576,08:47:15.576,803474,Timeline1,Tobii I-VT (Fixation),1.241.54219,1080,1920,10.0,14.5,1.9,2.3,1.39,0.18,0.21,53,7,8,7.8,1.7,1.6,0.77,0.17,0.16,29,6,6,9683289182,,,1082,1108,1082,1108,,,0.13502,0.38609,-0.91253,,,,2.069,,2.069,,,,Valid,Invalid,222.1,91.3,500.9,,,,296.2,303.2,,,,,,,,,Screen Recording,Screen Recording Recording38.mp4,1920,1080,0,0,960,540,Unclassified,8,1417,,,,,,,,,,,,,,,
274748592,1120607953495,Eye Tracker,LipReading,08/25/2025,Chenmingjie,Recording38,07/01/2025,07/01/2025,16:47:15.576,08:47:15.576,803474,Timeline1,Tobii I-VT (Fixation),1.241.54219,1080,1920,10.0,14.5,1.9,2.3,1.39,0.18,0.21,53,7,8,7.8,1.7,1.6,0.77,0.17,0.16,29,6,6,9683293182,,,,,,,,,,,,,,,,,1.714,,,,Invalid,Invalid,,,,,,,,,,,,,,,,,Screen Recording,Screen Recording Recording38.mp4,1920,1080,0,0,960,540,EyesNotFound,4,995,,,,,,,,,,,,,,,
274752589,1120607957492,Eye Tracker,LipReading,08/25/2025,Chenmingjie,Recording38,07/01/2025,07/01/2025,16:47:15.576,08:47:15.576,803474,Timeline1,Tobii I-VT (Fixation),1.241.54219,1080,1920,10.0,14.5,1.9,2.3,1.39,0.18,0.21,53,7,8,7.8,1.7,1.6,0.77,0.17,0.16,29,6,6,9683297179,,,973,1274,973,1274,,,0.07811,0.4559,-0.8866,,,,1.358,,1.358,,,,Valid,Invalid,222.1,91.2,500.8,,,,266.2,348.7,,,,,,,,,Screen Recording,Screen Recording Recording38.mp4,1920,1080,0,0,960,540,Unclassified,4,1418,,,,,,,,,,,,,,,
274756591,1120607961494,Eye Tracker,LipReading,08/25/2025,Chenmingjie,Recording38,07/01/2025,07/01/2025,16:47:15.576,08:47:15.576,803474,Timeline1,Tobii I-VT (Fixation),1.241.54219,1080,1920,10.0,14.5,1.9,2.3,1.39,0.18,0.21,53,7,8,7.8,1.7,1.6,0.77,0.17,0.16,29,6,6,9683301181,,,,,,,,,,,,,,,,,,,,,Invalid,Invalid,,,,,,,,,,,,,,,,,Screen Recording,Screen Recording Recording38.mp4,1920,1080,0,0,960,540,EyesNotFound,108,996,,,,,,,,,,,,,,,
274760590,1120607965493,Eye Tracker,LipReading,08/25/2025,Chenmingjie,Recording38,07/01/2025,07/01/2025,16:47:15.576,08:47:15.576,803474,Timeline1,Tobii I-VT (Fixation),1.241.54219,1080,1920,10.0,14.5,1.9,2.3,1.39,0.18,0.21,53,7,8,7.8,1.7,1.6,0.77,0.17,0.16,29,6,6,9683305180,,,,,,,,,,,,,,,,,,,,,Invalid,Invalid,,,,,,,,,,,,,,,,,Screen Recording,Screen Recording Recording38.mp4,1920,1080,0,0,960,540,EyesNotFound,108,996,,,,,,,,,,,,,,,
274764590,1120607969493,Eye Tracker,LipReading,08/25/2025,Chenmingjie,Recording38,07/01/2025,07/01/2025,16:47:15.576,08:47:15.576,803474,Timeline1,Tobii I-VT (Fixation),1.241.54219,1080,1920,10.0,14.5,1.9,2.3,1.39,0.18,0.21,53,7,8,7.8,1.7,1.6,0.77,0.17,0.16,29,6,6,9683309180,,,,,,,,,,,,,,,,,,,,,Invalid,Invalid,,,,,,,,,,,,,,,,,Screen Recording,Screen Recording Recording38.mp4,1920,1080,0,0,960,540,EyesNotFound,108,996,,,,,,,,,,,,,,,
274768590,1120607973493,Eye Tracker,LipReading,08/25/2025,Chenmingjie,Recording38,07/01/2025,07/01/2025,16:47:15.576,08:47:15.576,803474,Timeline1,Tobii I-VT (Fixation),1.241.54219,1080,1920,10.0,14.5,1.9,2.3,1.39,0.18,0.21,53,7,8,7.8,1.7,1.6,0.77,0.17,0.16,29,6,6,9683313180,,,,,,,,,,,,,,,,,,,,,Invalid,Invalid,,,,,,,,,,,,,,,,,Screen Recording,Screen Recording Recording38.mp4,1920,1080,0,0,960,540,EyesNotFound,108,996,,,,,,,,,,,,,,,
274772589,1120607977492,Eye Tracker,LipReading,08/25/2025,Chenmingjie,Recording38,07/01/2025,07/01/2025,16:47:15.576,08:47:15.576,803474,Timeline1,Tobii I-VT (Fixation),1.241.54219,1080,1920,10.0,14.5,1.9,2.3,1.39,0.18,0.21,53,7,8,7.8,1.7,1.6,0.77,0.17,0.16,29,6,6,9683317179,,,,,,,,,,,,,,,,,,,,,Invalid,Invalid,,,,,,,,,,,,,,,,,Screen Recording,Screen Recording Recording38.mp4,1920,1080,0,0,960,540,EyesNotFound,108,996,,,,,,,,,,,,,,,
274776590,1120607981493,Eye Tracker,LipReading,08/25/2025,Chenmingjie,Recording38,07/01/2025,07/01/2025,16:47:15.576,08:47:15.576,803474,Timeline1,Tobii I-VT (Fixation),1.241.54219,1080,1920,10.0,14.5,1.9,2.3,1.39,0.18,0.21,53,7,8,7.8,1.7,1.6,0.77,0.17,0.16,29,6,6,9683321180,,,,,,,,,,,,,,,,,,,,,Invalid,Invalid,,,,,,,,,,,,,,,,,Screen Recording,Screen Recording Recording38.mp4,1920,1080,0,0,960,540,EyesNotFound,108,996,,,,,,,,,,,,,,,
274780589,1120607985492,Eye Tracker,LipReading,08/25/2025,Chenmingjie,Recording38,07/01/2025,07/01/2025,16:47:15.576,08:47:15.576,803474,Timeline1,Tobii I-VT (Fixation),1.241.54219,1080,1920,10.0,14.5,1.9,2.3,1.39,0.18,0.21,53,7,8,7.8,1.7,1.6,0.77,0.17,0.16,29,6,6,9683325179,,,,,,,,,,,,,,,,,,,,,Invalid,Invalid,,,,,,,,,,,,,,,,,Screen Recording,Screen Recording Recording38.mp4,1920,1080,0,0,960,540,EyesNotFound,108,996,,,,,,,,,,,,,,,
274784587,1120607989490,Eye Tracker,LipReading,08/25/2025,Chenmingjie,Recording38,07/01/2025,07/01/2025,16:47:15.576,08:47:15.576,803474,Timeline1,Tobii I-VT (Fixation),1.241.54219,1080,1920,10.0,14.5,1.9,2.3,1.39,0.18,0.21,53,7,8,7.8,1.7,1.6,0.77,0.17,0.16,29,6,6,9683329177,,,,,,,,,,,,,,,,,,,,,Invalid,Invalid,,,,,,,,,,,,,,,,,Screen Recording,Screen Recording Recording38.mp4,1920,1080,0,0,960,540,EyesNotFound,108,996,,,,,,,,,,,,,,,
274788587,1120607993490,Eye Tracker,LipReading,08/25/2025,Chenmingjie,Recording38,07/01/2025,07/01/2025,16:47:15.576,08:47:15.576,803474,Timeline1,Tobii I-VT (Fixation),1.241.54219,1080,1920,10.0,14.5,1.9,2.3,1.39,0.18,0.21,53,7,8,7.8,1.7,1.6,0.77,0.17,0.16,29,6,6,9683333177,,,,,,,,,,,,,,,,,,,,,Invalid,Invalid,,,,,,,,,,,,,,,,,Screen Recording,Screen Recording Recording38.mp4,1920,1080,0,0,960,540,EyesNotFound,108,996,,,,,,,,,,,,,,,
274792588,1120607997491,Eye Tracker,LipReading,08/25/2025,Chenmingjie,Recording38,07/01/2025,07/01/2025,16:47:15.576,08:47:15.576,803474,Timeline1,Tobii I-VT (Fixation),1.241.54219,1080,1920,10.0,14.5,1.9,2.3,1.39,0.18,0.21,53,7,8,7.8,1.7,1.6,0.77,0.17,0.16,29,6,6,9683337178,,,,,,,,,,,,,,,,,,,,,Invalid,Invalid,,,,,,,,,,,,,,,,,Screen Recording,Screen Recording Recording38.mp4,1920,1080,0,0,960,540,EyesNotFound,108,996,,,,,,,,,,,,,,,
274796587,1120608001490,Eye Tracker,LipReading,08/25/2025,Chenmingjie,Recording38,07/01/2025,07/01/2025,16:47:15.576,08:47:15.576,803474,Timeline1,Tobii I-VT (Fixation),1.241.54219,1080,1920,10.0,14.5,1.9,2.3,1.39,0.18,0.21,53,7,8,7.8,1.7,1.6,0.77,0.17,0.16,29,6,6,9683341177,,,,,,,,,,,,,,,,,,,,,Invalid,Invalid,,,,,,,,,,,,,,,,,Screen Recording,Screen Recording Recording38.mp4,1920,1080,0,0,960,540,EyesNotFound,108,996,,,,,,,,,,,,,,,
274800588,1120608005491,Eye Tracker,LipReading,08/25/2025,Chenmingjie,Recording38,07/01/2025,07/01/2025,16:47:15.576,08:47:15.576,803474,Timeline1,Tobii I-VT (Fixation),1.241.54219,1080,1920,10.0,14.5,1.9,2.3,1.39,0.18,0.21,53,7,8,7.8,1.7,1.6,0.77,0.17,0.16,29,6,6,9683345178,,,,,,,,,,,,,,,,,,,,,Invalid,Invalid,,,,,,,,,,,,,,,,,Screen Recording,Screen Recording Recording38.mp4,1920,1080,0,0,960,540,EyesNotFound,108,996,,,,,,,,,,,,,,,
274804588,1120608009491,Eye Tracker,LipReading,08/25/2025,Chenmingjie,Recording38,07/01/2025,07/01/2025,16:47:15.576,08:47:15.576,803474,Timeline1,Tobii I-VT (Fixation),1.241.54219,1080,1920,10.0,14.5,1.9,2.3,1.39,0.18,0.21,53,7,8,7.8,1.7,1.6,0.77,0.17,0.16,29,6,6,9683349178,,,,,,,,,,,,,,,,,,,,,Invalid,Invalid,,,,,,,,,,,,,,,,,Screen Recording,Screen Recording Recording38.mp4,1920,1080,0,0,960,540,EyesNotFound,108,996,,,,,,,,,,,,,,,
274808588,1120608013491,Eye Tracker,LipReading,08/25/2025,Chenmingjie,Recording38,07/01/2025,07/01/2025,16:47:15.576,08:47:15.576,803474,Timeline1,Tobii I-VT (Fixation),1.241.54219,1080,1920,10.0,14.5,1.9,2.3,1.39,0.18,0.21,53,7,8,7.8,1.7,1.6,0.77,0.17,0.16,29,6,6,9683353178,,,,,,,,,,,,,,,,,,,,,Invalid,Invalid,,,,,,,,,,,,,,,,,Screen Recording,Screen Recording Recording38.mp4,1920,1080,0,0,960,540,EyesNotFound,108,996,,,,,,,,,,,,,,,
274812587,1120608017490,Eye Tracker,LipReading,08/25/2025,Chenmingjie,Recording38,07/01/2025,07/01/2025,16:47:15.576,08:47:15.576,803474,Timeline1,Tobii I-VT (Fixation),1.241.54219,1080,1920,10.0,14.5,1.9,2.3,1.39,0.18,0.21,53,7,8,7.8,1.7,1.6,0.77,0.17,0.16,29,6,6,9683357177,,,,,,,,,,,,,,,,,,,,,Invalid,Invalid,,,,,,,,,,,,,,,,,Screen Recording,Screen Recording Recording38.mp4,1920,1080,0,0,960,540,EyesNotFound,108,996,,,,,,,,,,,,,,,
274816588,1120608021491,Eye Tracker,LipReading,08/25/2025,Chenmingjie,Recording38,07/01/2025,07/01/2025,16:47:15.576,08:47:15.576,803474,Timeline1,Tobii I-VT (Fixation),1.241.54219,1080,1920,10.0,14.5,1.9,2.3,1.39,0.18,0.21,53,7,8,7.8,1.7,1.6,0.77,0.17,0.16,29,6,6,9683361178,,,,,,,,,,,,,,,,,,,,,Invalid,Invalid,,,,,,,,,,,,,,,,,Screen Recording,Screen Recording Recording38.mp4,1920,1080,0,0,960,540,EyesNotFound,108,996,,,,,,,,,,,,,,,
274820587,1120608025490,Eye Tracker,LipReading,08/25/2025,Chenmingjie,Recording38,07/01/2025,07/01/2025,16:47:15.576,08:47:15.576,803474,Timeline1,Tobii I-VT (Fixation),1.241.54219,1080,1920,10.0,14.5,1.9,2.3,1.39,0.18,0.21,53,7,8,7.8,1.7,1.6,0.77,0.17,0.16,29,6,6,9683365177,,,,,,,,,,,,,,,,,,,,,Invalid,Invalid,,,,,,,,,,,,,,,,,Screen Recording,Screen Recording Recording38.mp4,1920,1080,0,0,960,540,EyesNotFound,108,996,,,,,,,,,,,,,,,
274824587,1120608029490,Eye Tracker,LipReading,08/25/2025,Chenmingjie,Recording38,07/01/2025,07/01/2025,16:47:15.576,08:47:15.576,803474,Timeline1,Tobii I-VT (Fixation),1.241.54219,1080,1920,10.0,14.5,1.9,2.3,1.39,0.18,0.21,53,7,8,7.8,1.7,1.6,0.77,0.17,0.16,29,6,6,9683369177,,,,,,,,,,,,,,,,,,,,,Invalid,Invalid,,,,,,,,,,,,,,,,,Screen Recording,Screen Recording Recording38.mp4,1920,1080,0,0,960,540,EyesNotFound,108,996,,,,,,,,,,,,,,,
274828587,1120608033490,Eye Tracker,LipReading,08/25/2025,Chenmingjie,Recording38,07/01/2025,07/01/2025,16:47:15.576,08:47:15.576,803474,Timeline1,Tobii I-VT (Fixation),1.241.54219,1080,1920,10.0,14.5,1.9,2.3,1.39,0.18,0.21,53,7,8,7.8,1.7,1.6,0.77,0.17,0.16,29,6,6,9683373177,,,,,,,,,,,,,,,,,,,,,Invalid,Invalid,,,,,,,,,,,,,,,,,Screen Recording,Screen Recording Recording38.mp4,1920,1080,0,0,960,540,EyesNotFound,108,996,,,,,,,,,,,,,,,
274832588,1120608037491,Eye Tracker,LipReading,08/25/2025,Chenmingjie,Recording38,07/01/2025,07/01/2025,16:47:15.576,08:47:15.576,803474,Timeline1,Tobii I-VT (Fixation),1.241.54219,1080,1920,10.0,14.5,1.9,2.3,1.39,0.18,0.21,53,7,8,7.8,1.7,1.6,0.77,0.17,0.16,29,6,6,9683377178,,,,,,,,,,,,,,,,,,,,,Invalid,Invalid,,,,,,,,,,,,,,,,,Screen Recording,Screen Recording Recording38.mp4,1920,1080,0,0,960,540,EyesNotFound,108,996,,,,,,,,,,,,,,,
274836586,1120608041489,Eye Tracker,LipReading,08/25/2025,Chenmingjie,Recording38,07/01/2025,07/01/2025,16:47:15.576,08:47:15.576,803474,Timeline1,Tobii I-VT (Fixation),1.241.54219,1080,1920,10.0,14.5,1.9,2.3,1.39,0.18,0.21,53,7,8,7.8,1.7,1.6,0.77,0.17,0.16,29,6,6,9683381177,,,,,,,,,,,,,,,,,,,,,Invalid,Invalid,,,,,,,,,,,,,,,,,Screen Recording,Screen Recording Recording38.mp4,1920,1080,0,0,960,540,EyesNotFound,108,996,,,,,,,,,,,,,,,
274840587,1120608045490,Eye Tracker,LipReading,08/25/2025,Chenmingjie,Recording38,07/01/2025,07/01/2025,16:47:15.576,08:47:15.576,803474,Timeline1,Tobii I-VT (Fixation),1.241.54219,1080,1920,10.0,14.5,1.9,2.3,1.39,0.18,0.21,53,7,8,7.8,1.7,1.6,0.77,0.17,0.16,29,6,6,9683385178,,,,,,,,,,,,,,,,,,,,,Invalid,Invalid,,,,,,,,,,,,,,,,,Screen Recording,Screen Recording Recording38.mp4,1920,1080,0,0,960,540,EyesNotFound,108,996,,,,,,,,,,,,,,,
274844587,1120608049490,Eye Tracker,LipReading,08/25/2025,Chenmingjie,Recording38,07/01/2025,07/01/2025,16:47:15.576,08:47:15.576,803474,Timeline1,Tobii I-VT (Fixation),1.241.54219,1080,1920,10.0,14.5,1.9,2.3,1.39,0.18,0.21,53,7,8,7.8,1.7,1.6,0.77,0.17,0.16,29,6,6,9683389178,,,,,,,,,,,,,,,,,,,,,Invalid,Invalid,,,,,,,,,,,,,,,,,Screen Recording,Screen Recording Recording38.mp4,1920,1080,0,0,960,540,EyesNotFound,108,996,,,,,,,,,,,,,,,
274848589,1120608053492,Eye Tracker,LipReading,08/25/2025,Chenmingjie,Recording38,07/01/2025,07/01/2025,16:47:15.576,08:47:15.576,803474,Timeline1,Tobii I-VT (Fixation),1.241.54219,1080,1920,10.0,14.5,1.9,2.3,1.39,0.18,0.21,53,7,8,7.8,1.7,1.6,0.77,0.17,0.16,29,6,6,9683393180,,,,,,,,,,,,,,,,,,,,,Invalid,Invalid,,,,,,,,,,,,,,,,,Screen Recording,Screen Recording Recording38.mp4,1920,1080,0,0,960,540,EyesNotFound,108,996,,,,,,,,,,,,,,,
274852588,1120608057491,Eye Tracker,LipReading,08/25/2025,Chenmingjie,Recording38,07/01/2025,07/01/2025,16:47:15.576,08:47:15.576,803474,Timeline1,Tobii I-VT (Fixation),1.241.54219,1080,1920,10.0,14.5,1.9,2.3,1.39,0.18,0.21,53,7,8,7.8,1.7,1.6,0.77,0.17,0.16,29,6,6,9683397179,,,,,,,,,,,,,,,,,,,,,Invalid,Invalid,,,,,,,,,,,,,,,,,Screen Recording,Screen Recording Recording38.mp4,1920,1080,0,0,960,540,EyesNotFound,108,996,,,,,,,,,,,,,,,
274856589,1120608061492,Eye Tracker,LipReading,08/25/2025,Chenmingjie,Recording38,07/01/2025,07/01/2025,16:47:15.576,08:47:15.576,803474,Timeline1,Tobii I-VT (Fixation),1.241.54219,1080,1920,10.0,14.5,1.9,2.3,1.39,0.18,0.21,53,7,8,7.8,1.7,1.6,0.77,0.17,0.16,29,6,6,9683401180,,,,,,,,,,,,,,,,,,,,,Invalid,Invalid,,,,,,,,,,,,,,,,,Screen Recording,Screen Recording Recording38.mp4,1920,1080,0,0,960,540,EyesNotFound,108,996,,,,,,,,,,,,,,,
274860588,1120608065491,Eye Tracker,LipReading,08/25/2025,Chenmingjie,Recording38,07/01/2025,07/01/2025,16:47:15.576,08:47:15.576,803474,Timeline1,Tobii I-VT (Fixation),1.241.54219,1080,1920,10.0,14.5,1.9,2.3,1.39,0.18,0.21,53,7,8,7.8,1.7,1.6,0.77,0.17,0.16,29,6,6,9683405179,,,,,,,,,,,,,,,,,,,,,Invalid,Invalid,,,,,,,,,,,,,,,,,Screen Recording,Screen Recording Recording38.mp4,1920,1080,0,0,960,540,EyesNotFound,108,996,,,,,,,,,,,,,,,
274864587,1120608069490,Eye Tracker,LipReading,08/25/2025,Chenmingjie,Recording38,07/01/2025,07/01/2025,16:47:15.576,08:47:15.576,803474,Timeline1,Tobii I-VT (Fixation),1.241.54219,1080,1920,10.0,14.5,1.9,2.3,1.39,0.18,0.21,53,7,8,7.8,1.7,1.6,0.77,0.17,0.16,29,6,6,9683409179,,,944,1268,951,1251,936,1286,0.06827,0.44707,-0.89189,-0.05129,0.46383,-0.88444,1.564,1.359,1.462,,,,Valid,Valid,222.0,91.3,500.9,285.0,89.8,499.7,260.4,342.4,256.1,351.9,,,,,,,Screen Recording,Screen Recording Recording38.mp4,1920,1080,0,0,960,540,Saccade,36,1330,,,,,,,,,,,,,,,
274868587,1120608073490,Eye Tracker,LipReading,08/25/2025,Chenmingjie,Recording38,07/01/2025,07/01/2025,16:47:15.576,08:47:15.576,803474,Timeline1,Tobii I-VT (Fixation),1.241.54219,1080,1920,10.0,14.5,1.9,2.3,1.39,0.18,0.21,53,7,8,7.8,1.7,1.6,0.77,0.17,0.16,29,6,6,9683413179,,,913,1162,,,913,1162,,,,-0.06409,0.41467,-0.90771,,1.296,1.478,,,,Invalid,Valid,,,,285.1,89.7,500.0,,,249.8,318.1,,,,,,,Screen Recording,Screen Recording Recording38.mp4,1920,1080,0,0,960,540,Saccade,36,1330,,,,,,,,,,,,,,,
274872586,1120608077489,Eye Tracker,LipReading,08/25/2025,Chenmingjie,Recording38,07/01/2025,07/01/2025,16:47:15.576,08:47:15.576,803474,Timeline1,Tobii I-VT (Fixation),1.241.54219,1080,1920,10.0,14.5,1.9,2.3,1.39,0.18,0.21,53,7,8,7.8,1.7,1.6,0.77,0.17,0.16,29,6,6,9683417178,,,1088,1197,1139,1172,1037,1222,0.161,0.411,-0.89731,-0.00218,0.43964,-0.89817,1.673,1.337,1.516,,,,Valid,Valid,221.9,91.2,501.1,285.0,89.9,499.5,311.8,320.7,283.8,334.4,,,,,,,Screen Recording,Screen Recording Recording38.mp4,1920,1080,0,0,960,540,Saccade,36,1330,,,,,,,,,,,,,,,
274876585,1120608081488,Eye Tracker,LipReading,08/25/2025,Chenmingjie,Recording38,07/01/2025,07/01/2025,16:47:15.576,08:47:15.576,803474,Timeline1,Tobii I-VT (Fixation),1.241.54219,1080,1920,10.0,14.5,1.9,2.3,1.39,0.18,0.21,53,7,8,7.8,1.7,1.6,0.77,0.17,0.16,29,6,6,9683421177,,,979,1165,,,979,1165,,,,-0.03096,0.41639,-0.90866,,1.535,1.635,,,,Invalid,Valid,,,,285.0,89.8,499.8,,,268.0,318.8,,,,,,,Screen Recording,Screen Recording Recording38.mp4,1920,1080,0,0,960,540,Saccade,36,1330,,,,,,,,,,,,,,,
274880586,1120608085489,Eye Tracker,LipReading,08/25/2025,Chenmingjie,Recording38,07/01/2025,07/01/2025,16:47:15.576,08:47:15.576,803474,Timeline1,Tobii I-VT (Fixation),1.241.54219,1080,1920,10.0,14.5,1.9,2.3,1.39,0.18,0.21,53,7,8,7.8,1.7,1.6,0.77,0.17,0.16,29,6,6,9683425178,,,995,1154,,,995,1154,,,,-0.02314,0.41195,-0.91091,,1.524,1.676,,,,Invalid,Valid,,,,285.1,89.7,500.0,,,272.4,315.9,,,,,,,Screen Recording,Screen Recording Recording38.mp4,1920,1080,0,0,960,540,Saccade,36,1330,,,,,,,,,,,,,,,
274884586,1120608089489,Eye Tracker,LipReading,08/25/2025,Chenmingjie,Recording38,07/01/2025,07/01/2025,16:47:15.576,08:47:15.576,803474,Timeline1,Tobii I-VT (Fixation),1.241.54219,1080,1920,10.0,14.5,1.9,2.3,1.39,0.18,0.21,53,7,8,7.8,1.7,1.6,0.77,0.17,0.16,29,6,6,9683429178,,,943,1115,,,943,1115,,,,-0.04952,0.39509,-0.91731,,1.618,1.753,,,,Invalid,Valid,,,,285.1,89.9,499.6,,,258.1,305.1,,,,,,,Screen Recording,Screen Recording Recording38.mp4,1920,1080,0,0,960,540,Saccade,36,1330,,,,,,,,,,,,,,,
274888586,1120608093489,Eye Tracker,LipReading,08/25/2025,Chenmingjie,Recording38,07/01/2025,07/01/2025,16:47:15.576,08:47:15.576,803474,Timeline1,Tobii I-VT (Fixation),1.241.54219,1080,1920,10.0,14.5,1.9,2.3,1.39,0.18,0.21,53,7,8,7.8,1.7,1.6,0.77,0.17,0.16,29,6,6,9683433178,,,936,1086,,,936,1086,,,,-0.05331,0.38251,-0.92241,,1.705,1.833,,,,Invalid,Valid,,,,285.1,89.8,499.8,,,256.2,297.1,,,,,,,Screen Recording,Screen Recording Recording38.mp4,1920,1080,0,0,960,540,Saccade,36,1330,,,,,,,,,,,,,,,
274892586,1120608097489,Eye Tracker,LipReading,08/25/2025,Chenmingjie,Recording38,07/01/2025,07/01/2025,16:47:15.576,08:47:15.576,803474,Timeline1,Tobii I-VT (Fixation),1.241.54219,1080,1920,10.0,14.5,1.9,2.3,1.39,0.18,0.21,53,7,8,7.8,1.7,1.6,0.77,0.17,0.16,29,6,6,9683437178,,,975,1107,1019,1088,931,1126,0.10431,0.37891,-0.91954,-0.05524,0.3996,-0.91502,2.032,1.713,1.873,,,,Valid,Valid,222.0,91.5,500.5,285.1,89.9,499.7,278.8,297.7,254.9,308.1,,,,,,,Screen Recording,Screen Recording Recording38.mp4,1920,1080,0,0,960,540,Saccade,36,1330,,,,,,,,,,,,,,,
274896586,1120608101489,Eye Tracker,LipReading,08/25/2025,Chenmingjie,Recording38,07/01/2025,07/01/2025,16:47:15.576,08:47:15.576,803474,Timeline1,Tobii I-VT (Fixation),1.241.54219,1080,1920,10.0,14.5,1.9,2.3,1.39,0.18,0.21,53,7,8,7.8,1.7,1.6,0.77,0.17,0.16,29,6,6,9683441178,,,987,1033,,,987,1033,,,,-0.02801,0.36003,-0.93252,,1.735,1.912,,,,Invalid,Valid,,,,285.1,89.8,499.8,,,270.0,282.8,0.5139,0.9569,,,0.5139,0.9569,Screen Recording,Screen Recording Recording38.mp4,1920,1080,0,0,960,540,Saccade,36,1330,,,,,,,,,,,,,,,
274900585,1120608105488,Eye Tracker,LipReading,08/25/2025,Chenmingjie,Recording38,07/01/2025,07/01/2025,16:47:15.576,08:47:15.576,803474,Timeline1,Tobii I-VT (Fixation),1.241.54219,1080,1920,10.0,14.5,1.9,2.3,1.39,0.18,0.21,53,7,8,7.8,1.7,1.6,0.77,0.17,0.16,29,6,6,9683445177,,,,,,,,,,,,,,,,,1.981,,,,Invalid,Invalid,,,,,,,,,,,,,,,,,Screen Recording,Screen Recording Recording38.mp4,1920,1080,0,0,960,540,EyesNotFound,12,997,,,,,,,,,,,,,,,
274904586,1120608109489,Eye Tracker,LipReading,08/25/2025,Chenmingjie,Recording38,07/01/2025,07/01/2025,16:47:15.576,08:47:15.576,803474,Timeline1,Tobii I-VT (Fixation),1.241.54219,1080,1920,10.0,14.5,1.9,2.3,1.39,0.18,0.21,53,7,8,7.8,1.7,1.6,0.77,0.17,0.16,29,6,6,9683449178,,,,,,,,,,,,,,,,,2.05,,,,Invalid,Invalid,,,,,,,,,,,,,,,,,Screen Recording,Screen Recording Recording38.mp4,1920,1080,0,0,960,540,EyesNotFound,12,997,,,,,,,,,,,,,,,
274908585,1120608113488,Eye Tracker,LipReading,08/25/2025,Chenmingjie,Recording38,07/01/2025,07/01/2025,16:47:15.576,08:47:15.576,803474,Timeline1,Tobii I-VT (Fixation),1.241.54219,1080,1920,10.0,14.5,1.9,2.3,1.39,0.18,0.21,53,7,8,7.8,1.7,1.6,0.77,0.17,0.16,29,6,6,9683453177,,,,,,,,,,,,,,,,,2.118,,,,Invalid,Invalid,,,,,,,,,,,,,,,,,Screen Recording,Screen Recording Recording38.mp4,1920,1080,0,0,960,540,EyesNotFound,12,997,,,,,,,,,,,,,,,
274912585,1120608117488,Eye Tracker,LipReading,08/25/2025,Chenmingjie,Recording38,07/01/2025,07/01/2025,16:47:15.576,08:47:15.576,803474,Timeline1,Tobii I-VT (Fixation),1.241.54219,1080,1920,10.0,14.5,1.9,2.3,1.39,0.18,0.21,53,7,8,7.8,1.7,1.6,0.77,0.17,0.16,29,6,6,9683457177,,,936,995,,,936,995,,,,-0.05412,0.34242,-0.93799,,2.058,2.187,,,,Invalid,Valid,,,,285.1,89.9,499.7,,,256.3,272.3,0.4877,0.9214,,,0.4877,0.9214,Screen Recording,Screen Recording Recording38.mp4,1920,1080,0,0,960,540,Unclassified,4,1419,,,,,,,,,,,,,,,
274916584,1120608121487,Eye Tracker,LipReading,08/25/2025,Chenmingjie,Recording38,07/01/2025,07/01/2025,16:47:15.576,08:47:15.576,803474,Timeline1,Tobii I-VT (Fixation),1.241.54219,1080,1920,10.0,14.5,1.9,2.3,1.39,0.18,0.21,53,7,8,7.8,1.7,1.6,0.77,0.17,0.16,29,6,6,9683461176,,,,,,,,,,,,,,,,,2.252,,,,Invalid,Invalid,,,,,,,,,,,,,,,,,Screen Recording,Screen Recording Recording38.mp4,1920,1080,0,0,960,540,EyesNotFound,48,998,,,,,,,,,,,,,,,
274920584,1120608125487,Eye Tracker,LipReading,08/25/2025,Chenmingjie,Recording38,07/01/2025,07/01/2025,16:47:15.576,08:47:15.576,803474,Timeline1,Tobii I-VT (Fixation),1.241.54219,1080,1920,10.0,14.5,1.9,2.3,1.39,0.18,0.21,53,7,8,7.8,1.7,1.6,0.77,0.17,0.16,29,6,6,9683465176,,,,,,,,,,,,,,,,,2.317,,,,Invalid,Invalid,,,,,,,,,,,,,,,,,Screen Recording,Screen Recording Recording38.mp4,1920,1080,0,0,960,540,EyesNotFound,48,998,,,,,,,,,,,,,,,
274924585,1120608129488,Eye Tracker,LipReading,08/25/2025,Chenmingjie,Recording38,07/01/2025,07/01/2025,16:47:15.576,08:47:15.576,803474,Timeline1,Tobii I-VT (Fixation),1.241.54219,1080,1920,10.0,14.5,1.9,2.3,1.39,0.18,0.21,53,7,8,7.8,1.7,1.6,0.77,0.17,0.16,29,6,6,9683469177,,,,,,,,,,,,,,,,,2.382,,,,Invalid,Invalid,,,,,,,,,,,,,,,,,Screen Recording,Screen Recording Recording38.mp4,1920,1080,0,0,960,540,EyesNotFound,48,998,,,,,,,,,,,,,,,
274928584,1120608133487,Eye Tracker,LipReading,08/25/2025,Chenmingjie,Recording38,07/01/2025,07/01/2025,16:47:15.576,08:47:15.576,803474,Timeline1,Tobii I-VT (Fixation),1.241.54219,1080,1920,10.0,14.5,1.9,2.3,1.39,0.18,0.21,53,7,8,7.8,1.7,1.6,0.77,0.17,0.16,29,6,6,9683473176,,,,,,,,,,,,,,,,,2.447,,,,Invalid,Invalid,,,,,,,,,,,,,,,,,Screen Recording,Screen Recording Recording38.mp4,1920,1080,0,0,960,540,EyesNotFound,48,998,,,,,,,,,,,,,,,
274932585,1120608137488,Eye Tracker,LipReading,08/25/2025,Chenmingjie,Recording38,07/01/2025,07/01/2025,16:47:15.576,08:47:15.576,803474,Timeline1,Tobii I-VT (Fixation),1.241.54219,1080,1920,10.0,14.5,1.9,2.3,1.39,0.18,0.21,53,7,8,7.8,1.7,1.6,0.77,0.17,0.16,29,6,6,9683477177,,,,,,,,,,,,,,,,,2.512,,,,Invalid,Invalid,,,,,,,,,,,,,,,,,Screen Recording,Screen Recording Recording38.mp4,1920,1080,0,0,960,540,EyesNotFound,48,998,,,,,,,,,,,,,,,
274936585,1120608141488,Eye Tracker,LipReading,08/25/2025,Chenmingjie,Recording38,07/01/2025,07/01/2025,16:47:15.576,08:47:15.576,803474,Timeline1,Tobii I-VT (Fixation),1.241.54219,1080,1920,10.0,14.5,1.9,2.3,1.39,0.18,0.21,53,7,8,7.8,1.7,1.6,0.77,0.17,0.16,29,6,6,9683481177,,,,,,,,,,,,,,,,,2.576,,,,Invalid,Invalid,,,,,,,,,,,,,,,,,Screen Recording,Screen Recording Recording38.mp4,1920,1080,0,0,960,540,EyesNotFound,48,998,,,,,,,,,,,,,,,
274940585,1120608145488,Eye Tracker,LipReading,08/25/2025,Chenmingjie,Recording38,07/01/2025,07/01/2025,16:47:15.576,08:47:15.576,803474,Timeline1,Tobii I-VT (Fixation),1.241.54219,1080,1920,10.0,14.5,1.9,2.3,1.39,0.18,0.21,53,7,8,7.8,1.7,1.6,0.77,0.17,0.16,29,6,6,9683485177,,,,,,,,,,,,,,,,,2.641,,,,Invalid,Invalid,,,,,,,,,,,,,,,,,Screen Recording,Screen Recording Recording38.mp4,1920,1080,0,0,960,540,EyesNotFound,48,998,,,,,,,,,,,,,,,
274944585,1120608149488,Eye Tracker,LipReading,08/25/2025,Chenmingjie,Recording38,07/01/2025,07/01/2025,16:47:15.576,08:47:15.576,803474,Timeline1,Tobii I-VT (Fixation),1.241.54219,1080,1920,10.0,14.5,1.9,2.3,1.39,0.18,0.21,53,7,8,7.8,1.7,1.6,0.77,0.17,0.16,29,6,6,9683489177,,,,,,,,,,,,,,,,,2.706,,,,Invalid,Invalid,,,,,,,,,,,,,,,,,Screen Recording,Screen Recording Recording38.mp4,1920,1080,0,0,960,540,EyesNotFound,48,998,,,,,,,,,,,,,,,
274948585,1120608153488,Eye Tracker,LipReading,08/25/2025,Chenmingjie,Recording38,07/01/2025,07/01/2025,16:47:15.576,08:47:15.576,803474,Timeline1,Tobii I-VT (Fixation),1.241.54219,1080,1920,10.0,14.5,1.9,2.3,1.39,0.18,0.21,53,7,8,7.8,1.7,1.6,0.77,0.17,0.16,29,6,6,9683493177,,,,,,,,,,,,,,,,,2.771,,,,Invalid,Invalid,,,,,,,,,,,,,,,,,Screen Recording,Screen Recording Recording38.mp4,1920,1080,0,0,960,540,EyesNotFound,48,998,,,,,,,,,,,,,,,
274952584,1120608157487,Eye Tracker,LipReading,08/25/2025,Chenmingjie,Recording38,07/01/2025,07/01/2025,16:47:15.576,08:47:15.576,803474,Timeline1,Tobii I-VT (Fixation),1.241.54219,1080,1920,10.0,14.5,1.9,2.3,1.39,0.18,0.21,53,7,8,7.8,1.7,1.6,0.77,0.17,0.16,29,6,6,9683497176,,,,,,,,,,,,,,,,,2.836,,,,Invalid,Invalid,,,,,,,,,,,,,,,,,Screen Recording,Screen Recording Recording38.mp4,1920,1080,0,0,960,540,EyesNotFound,48,998,,,,,,,,,,,,,,,
274956583,1120608161486,Eye Tracker,LipReading,08/25/2025,Chenmingjie,Recording38,07/01/2025,07/01/2025,16:47:15.576,08:47:15.576,803474,Timeline1,Tobii I-VT (Fixation),1.241.54219,1080,1920,10.0,14.5,1.9,2.3,1.39,0.18,0.21,53,7,8,7.8,1.7,1.6,0.77,0.17,0.16,29,6,6,9683501176,,,,,,,,,,,,,,,,,2.901,,,,Invalid,Invalid,,,,,,,,,,,,,,,,,Screen Recording,Screen Recording Recording38.mp4,1920,1080,0,0,960,540,EyesNotFound,48,998,,,,,,,,,,,,,,,
274960583,1120608165486,Eye Tracker,LipReading,08/25/2025,Chenmingjie,Recording38,07/01/2025,07/01/2025,16:47:15.576,08:47:15.576,803474,Timeline1,Tobii I-VT (Fixation),1.241.54219,1080,1920,10.0,14.5,1.9,2.3,1.39,0.18,0.21,53,7,8,7.8,1.7,1.6,0.77,0.17,0.16,29,6,6,9683505176,,,,,,,,,,,,,,,,,2.966,,,,Invalid,Invalid,,,,,,,,,,,,,,,,,Screen Recording,Screen Recording Recording38.mp4,1920,1080,0,0,960,540,EyesNotFound,48,998,,,,,,,,,,,,,,,
274964584,1120608169487,Eye Tracker,LipReading,08/25/2025,Chenmingjie,Recording38,07/01/2025,07/01/2025,16:47:15.576,08:47:15.576,803474,Timeline1,Tobii I-VT (Fixation),1.241.54219,1080,1920,10.0,14.5,1.9,2.3,1.39,0.18,0.21,53,7,8,7.8,1.7,1.6,0.77,0.17,0.16,29,6,6,9683509177,,,1116,860,1116,860,,,0.15777,0.27291,-0.94901,,,,3.056,,3.03,,,,Valid,Invalid,222.2,91.4,500.6,,,,305.4,235.4,,,0.5812,0.7964,0.5812,0.7964,,,Screen Recording,Screen Recording Recording38.mp4,1920,1080,0,0,960,540,Unclassified,4,1420,,,,,,,,,,,,,,,
274968583,1120608173486,Eye Tracker,LipReading,08/25/2025,Chenmingjie,Recording38,07/01/2025,07/01/2025,16:47:15.576,08:47:15.576,803474,Timeline1,Tobii I-VT (Fixation),1.241.54219,1080,1920,10.0,14.5,1.9,2.3,1.39,0.18,0.21,53,7,8,7.8,1.7,1.6,0.77,0.17,0.16,29,6,6,9683513176,,,,,,,,,,,,,,,,,3.105,,,,Invalid,Invalid,,,,,,,,,,,,,,,,,Screen Recording,Screen Recording Recording38.mp4,1920,1080,0,0,960,540,EyesNotFound,4,999,,,,,,,,,,,,,,,
274972583,1120608177486,Eye Tracker,LipReading,08/25/2025,Chenmingjie,Recording38,07/01/2025,07/01/2025,16:47:15.576,08:47:15.576,803474,Timeline1,Tobii I-VT (Fixation),1.241.54219,1080,1920,10.0,14.5,1.9,2.3,1.39,0.18,0.21,53,7,8,7.8,1.7,1.6,0.77,0.17,0.16,29,6,6,9683517176,,,1076,839,1076,839,,,0.13797,0.26369,-0.95469,,,,3.208,,3.179,,,,Valid,Invalid,222.2,91.5,500.5,,,,294.5,229.7,,,0.5606,0.7772,0.5606,0.7772,,,Screen Recording,Screen Recording Recording38.mp4,1920,1080,0,0,960,540,Unclassified,4,1421,,,,,,,,,,,,,,,
274976584,1120608181487,Eye Tracker,LipReading,08/25/2025,Chenmingjie,Recording38,07/01/2025,07/01/2025,16:47:15.576,08:47:15.576,803474,Timeline1,Tobii I-VT (Fixation),1.241.54219,1080,1920,10.0,14.5,1.9,2.3,1.39,0.18,0.21,53,7,8,7.8,1.7,1.6,0.77,0.17,0.16,29,6,6,9683521177,,,,,,,,,,,,,,,,,3.247,,,,Invalid,Invalid,,,,,,,,,,,,,,,,,Screen Recording,Screen Recording Recording38.mp4,1920,1080,0,0,960,540,EyesNotFound,12,1000,,,,,,,,,,,,,,,
274980584,1120608185487,Eye Tracker,LipReading,08/25/2025,Chenmingjie,Recording38,07/01/2025,07/01/2025,16:47:15.576,08:47:15.576,803474,Timeline1,Tobii I-VT (Fixation),1.241.54219,1080,1920,10.0,14.5,1.9,2.3,1.39,0.18,0.21,53,7,8,7.8,1.7,1.6,0.77,0.17,0.16,29,6,6,9683525177,,,,,,,,,,,,,,,,,3.316,,,,Invalid,Invalid,,,,,,,,,,,,,,,,,Screen Recording,Screen Recording Recording38.mp4,1920,1080,0,0,960,540,EyesNotFound,12,1000,,,,,,,,,,,,,,,
274984584,1120608189487,Eye Tracker,LipReading,08/25/2025,Chenmingjie,Recording38,07/01/2025,07/01/2025,16:47:15.576,08:47:15.576,803474,Timeline1,Tobii I-VT (Fixation),1.241.54219,1080,1920,10.0,14.5,1.9,2.3,1.39,0.18,0.21,53,7,8,7.8,1.7,1.6,0.77,0.17,0.16,29,6,6,9683529177,,,,,,,,,,,,,,,,,3.372,,,,Invalid,Invalid,,,,,,,,,,,,,,,,,Screen Recording,Screen Recording Recording38.mp4,1920,1080,0,0,960,540,EyesNotFound,12,1000,,,,,,,,,,,,,,,
274988584,1120608193487,Eye Tracker,LipReading,08/25/2025,Chenmingjie,Recording38,07/01/2025,07/01/2025,16:47:15.576,08:47:15.576,803474,Timeline1,Tobii I-VT (Fixation),1.241.54219,1080,1920,10.0,14.5,1.9,2.3,1.39,0.18,0.21,53,7,8,7.8,1.7,1.6,0.77,0.17,0.16,29,6,6,9683533177,,,938,815,,,938,815,,,,-0.05502,0.25704,-0.96483,,3.442,3.404,,,,Invalid,Valid,,,,285.3,89.9,499.8,,,256.8,223.1,0.4888,0.7547,,,0.4888,0.7547,Screen Recording,Screen Recording Recording38.mp4,1920,1080,0,0,960,540,Unclassified,4,1422,,,,,,,,,,,,,,,
274992584,1120608197487,Eye Tracker,LipReading,08/25/2025,Chenmingjie,Recording38,07/01/2025,07/01/2025,16:47:15.576,08:47:15.576,803474,Timeline1,Tobii I-VT (Fixation),1.241.54219,1080,1920,10.0,14.5,1.9,2.3,1.39,0.18,0.21,53,7,8,7.8,1.7,1.6,0.77,0.17,0.16,29,6,6,9683537177,,,,,,,,,,,,,,,,,3.416,,,,Invalid,Invalid,,,,,,,,,,,,,,,,,Screen Recording,Screen Recording Recording38.mp4,1920,1080,0,0,960,540,EyesNotFound,4,1001,,,,,,,,,,,,,,,
274996583,1120608201486,Eye Tracker,LipReading,08/25/2025,Chenmingjie,Recording38,07/01/2025,07/01/2025,16:47:15.576,08:47:15.576,803474,Timeline1,Tobii I-VT (Fixation),1.241.54219,1080,1920,10.0,14.5,1.9,2.3,1.39,0.18,0.21,53,7,8,7.8,1.7,1.6,0.77,0.17,0.16,29,6,6,9683541176,,,919,823,990,820,849,826,0.09345,0.25574,-0.96222,-0.10202,0.26152,-0.95979,3.591,3.248,3.404,,,,Valid,Valid,222.3,91.4,500.6,285.3,89.9,499.8,270.9,224.5,232.2,226.1,0.4787,0.7623,0.5155,0.7595,0.442,0.765,Screen Recording,Screen Recording Recording38.mp4,1920,1080,0,0,960,540,Saccade,36,1331,,,,,,,,,,,,,,,
275000583,1120608205486,Eye Tracker,LipReading,08/25/2025,Chenmingjie,Recording38,07/01/2025,07/01/2025,16:47:15.576,08:47:15.576,803474,Timeline1,Tobii I-VT (Fixation),1.241.54219,1080,1920,10.0,14.5,1.9,2.3,1.39,0.18,0.21,53,7,8,7.8,1.7,1.6,0.77,0.17,0.16,29,6,6,9683545176,,,976,811,1049,820,904,802,0.12404,0.25469,-0.95904,-0.07344,0.25023,-0.9654,3.319,3.379,3.419,,,,Valid,Valid,222.3,91.4,500.6,285.4,89.9,499.8,287.0,224.4,247.3,219.5,0.5085,0.7509,0.5462,0.7591,0.4707,0.7426,Screen Recording,Screen Recording Recording38.mp4,1920,1080,0,0,960,540,Saccade,36,1331,,,,,,,,,,,,,,,
275004583,1120608209486,Eye Tracker,LipReading,08/25/2025,Chenmingjie,Recording38,07/01/2025,07/01/2025,16:47:15.576,08:47:15.576,803474,Timeline1,Tobii I-VT (Fixation),1.241.54219,1080,1920,10.0,14.5,1.9,2.3,1.39,0.18,0.21,53,7,8,7.8,1.7,1.6,0.77,0.17,0.16,29,6,6,9683549176,,,906,805,,,906,805,,,,-0.07248,0.2516,-0.96512,,3.338,3.436,,,,Invalid,Valid,,,,285.4,90.0,499.8,,,247.8,220.2,0.4716,0.7451,,,0.4716,0.7451,Screen Recording,Screen Recording Recording38.mp4,1920,1080,0,0,960,540,Saccade,36,1331,,,,,,,,,,,,,,,
275008585,1120608213488,Eye Tracker,LipReading,08/25/2025,Chenmingjie,Recording38,07/01/2025,07/01/2025,16:47:15.576,08:47:15.576,803474,Timeline1,Tobii I-VT (Fixation),1.241.54219,1080,1920,10.0,14.5,1.9,2.3,1.39,0.18,0.21,53,7,8,7.8,1.7,1.6,0.77,0.17,0.16,29,6,6,9683553178,,,979,803,1023,801,934,805,0.11123,0.24557,-0.96298,-0.05745,0.25193,-0.96604,3.494,3.473,3.483,,,,Valid,Valid,222.3,91.5,500.5,285.4,89.9,499.8,280.1,219.1,255.6,220.3,0.5098,0.7433,0.5331,0.7413,0.4865,0.7453,Screen Recording,Screen Recording Recording38.mp4,1920,1080,0,0,960,540,Saccade,36,1331,,,,,,,,,,,,,,,
275012583,1120608217486,Eye Tracker,LipReading,08/25/2025,Chenmingjie,Recording38,07/01/2025,07/01/2025,16:47:15.576,08:47:15.576,803474,Timeline1,Tobii I-VT (Fixation),1.241.54219,1080,1920,10.0,14.5,1.9,2.3,1.39,0.18,0.21,53,7,8,7.8,1.7,1.6,0.77,0.17,0.16,29,6,6,9683557176,,,938,797,,,938,797,,,,-0.05564,0.2478,-0.96721,,3.506,3.504,,,,Invalid,Valid,,,,285.4,90.0,499.8,,,256.6,218.0,0.4884,0.7376,,,0.4884,0.7376,Screen Recording,Screen Recording Recording38.mp4,1920,1080,0,0,960,540,Saccade,36,1331,,,,,,,,,,,,,,,
275016583,1120608221486,Eye Tracker,LipReading,08/25/2025,Chenmingjie,Recording38,07/01/2025,07/01/2025,16:47:15.576,08:47:15.576,803474,Timeline1,Tobii I-VT (Fixation),1.241.54219,1080,1920,10.0,14.5,1.9,2.3,1.39,0.18,0.21,53,7,8,7.8,1.7,1.6,0.77,0.17,0.16,29,6,6,9683561176,,,931,788,,,931,788,,,,-0.05921,0.24355,-0.96808,,3.524,3.518,,,,Invalid,Valid,,,,285.4,90.0,499.8,,,254.8,215.7,0.4849,0.7298,,,0.4849,0.7298,Screen Recording,Screen Recording Recording38.mp4,1920,1080,0,0,960,540,Saccade,36,1331,,,,,,,,,,,,,,,
275020584,1120608225487,Eye Tracker,LipReading,08/25/2025,Chenmingjie,Recording38,07/01/2025,07/01/2025,16:47:15.576,08:47:15.576,803474,Timeline1,Tobii I-VT (Fixation),1.241.54219,1080,1920,10.0,14.5,1.9,2.3,1.39,0.18,0.21,53,7,8,7.8,1.7,1.6,0.77,0.17,0.16,29,6,6,9683565177,,,1018,799,1018,799,,,0.10853,0.245,-0.96343,,,,3.52,,3.529,,,,Valid,Invalid,222.3,91.5,500.5,,,,278.7,218.8,,,0.5304,0.7402,0.5304,0.7402,,,Screen Recording,Screen Recording Recording38.mp4,1920,1080,0,0,960,540,Saccade,36,1331,,,,,,,,,,,,,,,
275024584,1120608229487,Eye Tracker,LipReading,08/25/2025,Chenmingjie,Recording38,07/01/2025,07/01/2025,16:47:15.576,08:47:15.576,803474,Timeline1,Tobii I-VT (Fixation),1.241.54219,1080,1920,10.0,14.5,1.9,2.3,1.39,0.18,0.21,53,7,8,7.8,1.7,1.6,0.77,0.17,0.16,29,6,6,9683569177,,,972,779,1005,781,939,776,0.1017,0.23584,-0.96646,-0.05491,0.23772,-0.96978,3.572,3.556,3.555,,,,Valid,Valid,222.3,91.5,500.5,285.4,90.0,499.8,275.0,213.6,257.1,212.5,0.5063,0.7209,0.5233,0.7228,0.4892,0.719,Screen Recording,Screen Recording Recording38.mp4,1920,1080,0,0,960,540,Saccade,36,1331,,,,,,,,,,,,,,,
275028583,1120608233486,Eye Tracker,LipReading,08/25/2025,Chenmingjie,Recording38,07/01/2025,07/01/2025,16:47:15.576,08:47:15.576,803474,Timeline1,Tobii I-VT (Fixation),1.241.54219,1080,1920,10.0,14.5,1.9,2.3,1.39,0.18,0.21,53,7,8,7.8,1.7,1.6,0.77,0.17,0.16,29,6,6,9683573177,,,976,790,976,790,,,0.08627,0.24101,-0.96668,,,,3.68,,3.555,,,,Valid,Invalid,222.3,91.5,500.6,,,,267.0,216.3,,,0.5081,0.7318,0.5081,0.7318,,,Screen Recording,Screen Recording Recording38.mp4,1920,1080,0,0,960,540,Saccade,36,1331,,,,,,,,,,,,,,,
275032583,1120608237486,Eye Tracker,LipReading,08/25/2025,Chenmingjie,Recording38,07/01/2025,07/01/2025,16:47:15.576,08:47:15.576,803474,Timeline1,Tobii I-VT (Fixation),1.241.54219,1080,1920,10.0,14.5,1.9,2.3,1.39,0.18,0.21,53,7,8,7.8,1.7,1.6,0.77,0.17,0.16,29,6,6,9683577177,,,958,784,977,786,938,782,0.08728,0.23872,-0.96716,-0.05537,0.2404,-0.96909,3.68,3.52,3.609,,,,Valid,Valid,222.3,91.5,500.5,285.4,90.0,499.8,267.5,215.0,256.8,214.0,0.4989,0.7258,0.509,0.7276,0.4888,0.724,Screen Recording,Screen Recording Recording38.mp4,1920,1080,0,0,960,540,Unclassified,20,1423,,,,,,,,,,,,,,,
275036583,1120608241486,Eye Tracker,LipReading,08/25/2025,Chenmingjie,Recording38,07/01/2025,07/01/2025,16:47:15.576,08:47:15.576,803474,Timeline1,Tobii I-VT (Fixation),1.241.54219,1080,1920,10.0,14.5,1.9,2.3,1.39,0.18,0.21,53,7,8,7.8,1.7,1.6,0.77,0.17,0.16,29,6,6,9683581177,,,1022,788,1022,788,,,0.11046,0.2394,-0.96462,,,,3.543,,3.609,,,,Valid,Invalid,222.3,91.5,500.5,,,,279.6,215.7,,,0.5322,0.7299,0.5322,0.7299,,,Screen Recording,Screen Recording Recording38.mp4,1920,1080,0,0,960,540,Unclassified,20,1423,,,,,,,,,,,,,,,
275040582,1120608245485,Eye Tracker,LipReading,08/25/2025,Chenmingjie,Recording38,07/01/2025,07/01/2025,16:47:15.576,08:47:15.576,803474,Timeline1,Tobii I-VT (Fixation),1.241.54219,1080,1920,10.0,14.5,1.9,2.3,1.39,0.18,0.21,53,7,8,7.8,1.7,1.6,0.77,0.17,0.16,29,6,6,9683585176,,,975,778,975,778,,,0.08631,0.23486,-0.96819,,,,3.7,,3.593,,,,Valid,Invalid,222.3,91.5,500.5,,,,266.9,212.9,,,0.508,0.7205,0.508,0.7205,,,Screen Recording,Screen Recording Recording38.mp4,1920,1080,0,0,960,540,Unclassified,20,1423,,,,,,,,,,,,,,,
275044581,1120608249484,Eye Tracker,LipReading,08/25/2025,Chenmingjie,Recording38,07/01/2025,07/01/2025,16:47:15.576,08:47:15.576,803474,Timeline1,Tobii I-VT (Fixation),1.241.54219,1080,1920,10.0,14.5,1.9,2.3,1.39,0.18,0.21,53,7,8,7.8,1.7,1.6,0.77,0.17,0.16,29,6,6,9683589175,,,975,783,1014,784,936,783,0.10648,0.23732,-0.96558,-0.05653,0.24071,-0.96895,3.557,3.577,3.6,,,,Valid,Valid,222.3,91.5,500.5,285.4,90.0,499.8,277.5,214.6,256.2,214.2,0.5079,0.7253,0.5281,0.7259,0.4876,0.7246,Screen Recording,Screen Recording Recording38.mp4,1920,1080,0,0,960,540,Unclassified,20,1423,,,,,,,,,,,,,,,
275048581,1120608253484,Eye Tracker,LipReading,08/25/2025,Chenmingjie,Recording38,07/01/2025,07/01/2025,16:47:15.576,08:47:15.576,803474,Timeline1,Tobii I-VT (Fixation),1.241.54219,1080,1920,10.0,14.5,1.9,2.3,1.39,0.18,0.21,53,7,8,7.8,1.7,1.6,0.77,0.17,0.16,29,6,6,9683593175,,,935,781,,,935,781,,,,-0.05714,0.23964,-0.96918,,3.579,3.634,,,,Invalid,Valid,,,,285.4,90.0,499.8,,,255.9,213.6,0.487,0.7227,,,0.487,0.7227,Screen Recording,Screen Recording Recording38.mp4,1920,1080,0,0,960,540,Unclassified,20,1423,,,,,,,,,,,,,,,
275052581,1120608257484,Eye Tracker,LipReading,08/25/2025,Chenmingjie,Recording38,07/01/2025,07/01/2025,16:47:15.576,08:47:15.576,803474,Timeline1,Tobii I-VT (Fixation),1.241.54219,1080,1920,10.0,14.5,1.9,2.3,1.39,0.18,0.21,53,7,8,7.8,1.7,1.6,0.77,0.17,0.16,29,6,6,9683597175,,,954,772,973,776,936,769,0.08487,0.23396,-0.96853,-0.05668,0.23364,-0.97067,3.697,3.572,3.635,,,,Valid,Valid,222.3,91.6,500.5,285.4,90.0,499.8,266.2,212.5,256.2,210.3,0.4971,0.7152,0.5065,0.7189,0.4876,0.7116,Screen Recording,Screen Recording Recording38.mp4,1920,1080,0,0,960,540,Saccade,12,1332,,,,,,,,,,,,,,,
275056581,1120608261484,Eye Tracker,LipReading,08/25/2025,Chenmingjie,Recording38,07/01/2025,07/01/2025,16:47:15.576,08:47:15.576,803474,Timeline1,Tobii I-VT (Fixation),1.241.54219,1080,1920,10.0,14.5,1.9,2.3,1.39,0.18,0.21,53,7,8,7.8,1.7,1.6,0.77,0.17,0.16,29,6,6,9683601175,,,954,764,968,765,940,764,0.08267,0.22821,-0.9701,-0.05483,0.23145,-0.9713,3.724,3.571,3.638,,,,Valid,Valid,222.3,91.6,500.5,285.4,90.0,499.8,265.0,209.3,257.2,209.1,0.4968,0.7079,0.5043,0.7082,0.4894,0.7076,Screen Recording,Screen Recording Recording38.mp4,1920,1080,0,0,960,540,Saccade,12,1332,,,,,,,,,,,,,,,
275060582,1120608265485,Eye Tracker,LipReading,08/25/2025,Chenmingjie,Recording38,07/01/2025,07/01/2025,16:47:15.576,08:47:15.576,803474,Timeline1,Tobii I-VT (Fixation),1.241.54219,1080,1920,10.0,14.5,1.9,2.3,1.39,0.18,0.21,53,7,8,7.8,1.7,1.6,0.77,0.17,0.16,29,6,6,9683605176,,,958,767,976,767,940,768,0.08694,0.22934,-0.96946,-0.05441,0.23322,-0.9709,3.692,3.592,3.651,,,,Valid,Valid,222.3,91.6,500.5,285.4,90.0,499.8,267.2,210.0,257.4,210.1,0.4991,0.7106,0.5085,0.7104,0.4898,0.7109,Screen Recording,Screen Recording Recording38.mp4,1920,1080,0,0,960,540,Saccade,12,1332,,,,,,,,,,,,,,,
275064582,1120608269485,Eye Tracker,LipReading,08/25/2025,Chenmingjie,Recording38,07/01/2025,07/01/2025,16:47:15.576,08:47:15.576,803474,Timeline1,Tobii I-VT (Fixation),1.241.54219,1080,1920,10.0,14.5,1.9,2.3,1.39,0.18,0.21,53,7,8,7.8,1.7,1.6,0.77,0.17,0.16,29,6,6,9683609176,,,938,775,,,938,775,,,,-0.05547,0.23676,-0.96998,,3.59,3.657,,,,Invalid,Valid,,,,285.4,90.1,499.8,,,256.8,212.1,0.4887,0.7175,,,0.4887,0.7175,Screen Recording,Screen Recording Recording38.mp4,1920,1080,0,0,960,540,Fixation,1112,498,954,735,0.4971,0.6808,,,,,,,,,,,
275068582,1120608273485,Eye Tracker,LipReading,08/25/2025,Chenmingjie,Recording38,07/01/2025,07/01/2025,16:47:15.576,08:47:15.576,803474,Timeline1,Tobii I-VT (Fixation),1.241.54219,1080,1920,10.0,14.5,1.9,2.3,1.39,0.18,0.21,53,7,8,7.8,1.7,1.6,0.77,0.17,0.16,29,6,6,9683613176,,,933,767,,,933,767,,,,-0.05846,0.23288,-0.97075,,3.606,3.656,,,,Invalid,Valid,,,,285.4,90.1,499.8,,,255.3,210.0,0.4858,0.7104,,,0.4858,0.7104,Screen Recording,Screen Recording Recording38.mp4,1920,1080,0,0,960,540,Fixation,1112,498,954,735,0.4971,0.6808,,,,,,,,,,,
275072582,1120608277485,Eye Tracker,LipReading,08/25/2025,Chenmingjie,Recording38,07/01/2025,07/01/2025,16:47:15.576,08:47:15.576,803474,Timeline1,Tobii I-VT (Fixation),1.241.54219,1080,1920,10.0,14.5,1.9,2.3,1.39,0.18,0.21,53,7,8,7.8,1.7,1.6,0.77,0.17,0.16,29,6,6,9683617176,,,956,759,975,752,936,765,0.08659,0.22186,-0.97123,-0.05675,0.23197,-0.97107,3.752,3.59,3.664,,,,Valid,Valid,222.3,91.6,500.5,285.4,90.1,499.8,266.9,205.9,256.2,209.5,0.4977,0.7027,0.508,0.6967,0.4875,0.7087,Screen Recording,Screen Recording Recording38.mp4,1920,1080,0,0,960,540,Fixation,1112,498,954,735,0.4971,0.6808,,,,,,,,,,,
275076582,1120608281485,Eye Tracker,LipReading,08/25/2025,Chenmingjie,Recording38,07/01/2025,07/01/2025,16:47:15.576,08:47:15.576,803474,Timeline1,Tobii I-VT (Fixation),1.241.54219,1080,1920,10.0,14.5,1.9,2.3,1.39,0.18,0.21,53,7,8,7.8,1.7,1.6,0.77,0.17,0.16,29,6,6,9683621176,,,979,753,979,753,,,0.0884,0.22187,-0.97106,,,,3.719,,3.669,,,,Valid,Invalid,222.3,91.6,500.5,,,,267.8,206.0,,,0.5098,0.6969,0.5098,0.6969,,,Screen Recording,Screen Recording Recording38.mp4,1920,1080,0,0,960,540,Fixation,1112,498,954,735,0.4971,0.6808,,,,,,,,,,,
275080581,1120608285484,Eye Tracker,LipReading,08/25/2025,Chenmingjie,Recording38,07/01/2025,07/01/2025,16:47:15.576,08:47:15.576,803474,Timeline1,Tobii I-VT (Fixation),1.241.54219,1080,1920,10.0,14.5,1.9,2.3,1.39,0.18,0.21,53,7,8,7.8,1.7,1.6,0.77,0.17,0.16,29,6,6,9683625175,,,955,761,977,763,934,760,0.08716,0.22726,-0.96993,-0.05766,0.22908,-0.9717,3.722,3.64,3.679,,,,Valid,Valid,222.3,91.6,500.6,285.4,90.1,499.8,267.3,208.9,255.7,207.9,0.4976,0.7051,0.5086,0.7067,0.4866,0.7035,Screen Recording,Screen Recording Recording38.mp4,1920,1080,0,0,960,540,Fixation,1112,498,954,735,0.4971,0.6808,,,,,,,,,,,
275084581,1120608289484,Eye Tracker,LipReading,08/25/2025,Chenmingjie,Recording38,07/01/2025,07/01/2025,16:47:15.576,08:47:15.576,803474,Timeline1,Tobii I-VT (Fixation),1.241.54219,1080,1920,10.0,14.5,1.9,2.3,1.39,0.18,0.21,53,7,8,7.8,1.7,1.6,0.77,0.17,0.16,29,6,6,9683629175,,,956,758,974,754,939,762,0.08565,0.22267,-0.97112,-0.05524,0.23005,-0.97161,3.743,3.603,3.679,,,,Valid,Valid,222.3,91.6,500.6,285.4,90.1,499.8,266.4,206.3,256.9,208.5,0.498,0.7017,0.507,0.6982,0.489,0.7053,Screen Recording,Screen Recording Recording38.mp4,1920,1080,0,0,960,540,Fixation,1112,498,954,735,0.4971,0.6808,,,,,,,,,,,
275088581,1120608293484,Eye Tracker,LipReading,08/25/2025,Chenmingjie,Recording38,07/01/2025,07/01/2025,16:47:15.576,08:47:15.576,803474,Timeline1,Tobii I-VT (Fixation),1.241.54219,1080,1920,10.0,14.5,1.9,2.3,1.39,0.18,0.21,53,7,8,7.8,1.7,1.6,0.77,0.17,0.16,29,6,6,9683633175,,,956,750,971,745,941,756,0.08423,0.21797,-0.97231,-0.0539,0.22723,-0.97235,3.768,3.648,3.697,,,,Valid,Valid,222.3,91.5,500.7,285.3,90.1,499.8,265.6,203.8,257.6,206.9,0.4979,0.6948,0.5055,0.6895,0.4903,0.7001,Screen Recording,Screen Recording Recording38.mp4,1920,1080,0,0,960,540,Fixation,1112,498,954,735,0.4971,0.6808,,,,,,,,,,,
275092581,1120608297484,Eye Tracker,LipReading,08/25/2025,Chenmingjie,Recording38,07/01/2025,07/01/2025,16:47:15.576,08:47:15.576,803474,Timeline1,Tobii I-VT (Fixation),1.241.54219,1080,1920,10.0,14.5,1.9,2.3,1.39,0.18,0.21,53,7,8,7.8,1.7,1.6,0.77,0.17,0.16,29,6,6,9683637175,,,957,746,971,739,942,753,0.08462,0.21502,-0.97294,-0.05366,0.2259,-0.97267,3.78,3.601,3.697,,,,Valid,Valid,222.3,91.6,500.6,285.3,90.1,499.8,265.8,202.2,257.8,206.2,0.4982,0.6909,0.5059,0.6842,0.4906,0.6977,Screen Recording,Screen Recording Recording38.mp4,1920,1080,0,0,960,540,Fixation,1112,498,954,735,0.4971,0.6808,,,,,,,,,,,
275096581,1120608301484,Eye Tracker,LipReading,08/25/2025,Chenmingjie,Recording38,07/01/2025,07/01/2025,16:47:15.576,08:47:15.576,803474,Timeline1,Tobii I-VT (Fixation),1.241.54219,1080,1920,10.0,14.5,1.9,2.3,1.39,0.18,0.21,53,7,8,7.8,1.7,1.6,0.77,0.17,0.16,29,6,6,9683641175,,,958,747,976,743,940,750,0.08694,0.217,-0.97229,-0.05469,0.22432,-0.97298,3.776,3.627,3.697,,,,Valid,Valid,222.3,91.6,500.6,285.3,90.1,499.8,267.0,203.3,257.2,205.4,0.4989,0.6914,0.5082,0.6879,0.4896,0.6948,Screen Recording,Screen Recording Recording38.mp4,1920,1080,0,0,960,540,Fixation,1112,498,954,735,0.4971,0.6808,,,,,,,,,,,
275100582,1120608305485,Eye Tracker,LipReading,08/25/2025,Chenmingjie,Recording38,07/01/2025,07/01/2025,16:47:15.576,08:47:15.576,803474,Timeline1,Tobii I-VT (Fixation),1.241.54219,1080,1920,10.0,14.5,1.9,2.3,1.39,0.18,0.21,53,7,8,7.8,1.7,1.6,0.77,0.17,0.16,29,6,6,9683645176,,,957,747,975,749,940,744,0.0864,0.22014,-0.97164,-0.05492,0.2211,-0.9737,3.751,3.632,3.697,,,,Valid,Valid,222.2,91.6,500.7,285.3,90.1,499.9,266.8,205.0,257.1,203.6,0.4985,0.6912,0.5077,0.6936,0.4894,0.6889,Screen Recording,Screen Recording Recording38.mp4,1920,1080,0,0,960,540,Fixation,1112,498,954,735,0.4971,0.6808,,,,,,,,,,,
275104582,1120608309485,Eye Tracker,LipReading,08/25/2025,Chenmingjie,Recording38,07/01/2025,07/01/2025,16:47:15.576,08:47:15.576,803474,Timeline1,Tobii I-VT (Fixation),1.241.54219,1080,1920,10.0,14.5,1.9,2.3,1.39,0.18,0.21,53,7,8,7.8,1.7,1.6,0.77,0.17,0.16,29,6,6,9683649176,,,956,759,971,766,941,752,0.08426,0.22889,-0.9698,-0.0541,0.22516,-0.97282,3.721,3.616,3.693,,,,Valid,Valid,222.2,91.5,500.7,285.3,90.1,499.8,265.7,209.7,257.5,205.8,0.4979,0.703,0.5058,0.7096,0.4901,0.6964,Screen Recording,Screen Recording Recording38.mp4,1920,1080,0,0,960,540,Fixation,1112,498,954,735,0.4971,0.6808,,,,,,,,,,,
275108581,1120608313484,Eye Tracker,LipReading,08/25/2025,Chenmingjie,Recording38,07/01/2025,07/01/2025,16:47:15.576,08:47:15.576,803474,Timeline1,Tobii I-VT (Fixation),1.241.54219,1080,1920,10.0,14.5,1.9,2.3,1.39,0.18,0.21,53,7,8,7.8,1.7,1.6,0.77,0.17,0.16,29,6,6,9683653176,,,958,751,975,753,940,749,0.08653,0.22206,-0.97119,-0.05446,0.22372,-0.97313,3.769,3.625,3.695,,,,Valid,Valid,222.2,91.5,500.7,285.3,90.1,499.9,266.9,206.0,257.4,205.0,0.4988,0.6954,0.5079,0.6971,0.4898,0.6938,Screen Recording,Screen Recording Recording38.mp4,1920,1080,0,0,960,540,Fixation,1112,498,954,735,0.4971,0.6808,,,,,,,,,,,
275112581,1120608317484,Eye Tracker,LipReading,08/25/2025,Chenmingjie,Recording38,07/01/2025,07/01/2025,16:47:15.576,08:47:15.576,803474,Timeline1,Tobii I-VT (Fixation),1.241.54219,1080,1920,10.0,14.5,1.9,2.3,1.39,0.18,0.21,53,7,8,7.8,1.7,1.6,0.77,0.17,0.16,29,6,6,9683657176,,,956,746,972,745,940,747,0.08512,0.21814,-0.9722,-0.05455,0.22274,-0.97335,3.759,3.636,3.702,,,,Valid,Valid,222.2,91.6,500.6,285.3,90.2,499.8,266.1,203.9,257.3,204.5,0.4981,0.691,0.5064,0.6899,0.4897,0.692,Screen Recording,Screen Recording Recording38.mp4,1920,1080,0,0,960,540,Fixation,1112,498,954,735,0.4971,0.6808,,,,,,,,,,,
275116581,1120608321484,Eye Tracker,LipReading,08/25/2025,Chenmingjie,Recording38,07/01/2025,07/01/2025,16:47:15.576,08:47:15.576,803474,Timeline1,Tobii I-VT (Fixation),1.241.54219,1080,1920,10.0,14.5,1.9,2.3,1.39,0.18,0.21,53,7,8,7.8,1.7,1.6,0.77,0.17,0.16,29,6,6,9683661176,,,955,744,970,747,940,742,0.08395,0.21902,-0.9721,-0.05491,0.21996,-0.97396,3.784,3.647,3.708,,,,Valid,Valid,222.2,91.6,500.7,285.3,90.1,499.9,265.5,204.4,257.1,203.0,0.4973,0.6892,0.5053,0.6915,0.4894,0.687,Screen Recording,Screen Recording Recording38.mp4,1920,1080,0,0,960,540,Fixation,1112,498,954,735,0.4971,0.6808,,,,,,,,,,,
275120580,1120608325483,Eye Tracker,LipReading,08/25/2025,Chenmingjie,Recording38,07/01/2025,07/01/2025,16:47:15.576,08:47:15.576,803474,Timeline1,Tobii I-VT (Fixation),1.241.54219,1080,1920,10.0,14.5,1.9,2.3,1.39,0.18,0.21,53,7,8,7.8,1.7,1.6,0.77,0.17,0.16,29,6,6,9683665175,,,956,745,977,750,935,740,0.08735,0.22054,-0.97146,-0.05721,0.21897,-0.97405,3.779,3.658,3.718,,,,Valid,Valid,222.2,91.5,500.7,285.3,90.1,499.9,267.3,205.2,256.0,202.5,0.4979,0.6898,0.5086,0.6943,0.4871,0.6852,Screen Recording,Screen Recording Recording38.mp4,1920,1080,0,0,960,540,Fixation,1112,498,954,735,0.4971,0.6808,,,,,,,,,,,
275124580,1120608329483,Eye Tracker,LipReading,08/25/2025,Chenmingjie,Recording38,07/01/2025,07/01/2025,16:47:15.576,08:47:15.576,803474,Timeline1,Tobii I-VT (Fixation),1.241.54219,1080,1920,10.0,14.5,1.9,2.3,1.39,0.18,0.21,53,7,8,7.8,1.7,1.6,0.77,0.17,0.16,29,6,6,9683669175,,,955,742,973,751,937,734,0.08523,0.22091,-0.97156,-0.05624,0.2161,-0.97475,3.77,3.668,3.721,,,,Valid,Valid,222.2,91.6,500.7,285.3,90.1,499.9,266.2,205.4,256.5,201.0,0.4973,0.6874,0.5065,0.695,0.4881,0.6799,Screen Recording,Screen Recording Recording38.mp4,1920,1080,0,0,960,540,Fixation,1112,498,954,735,0.4971,0.6808,,,,,,,,,,,
275128580,1120608333483,Eye Tracker,LipReading,08/25/2025,Chenmingjie,Recording38,07/01/2025,07/01/2025,16:47:15.576,08:47:15.576,803474,Timeline1,Tobii I-VT (Fixation),1.241.54219,1080,1920,10.0,14.5,1.9,2.3,1.39,0.18,0.21,53,7,8,7.8,1.7,1.6,0.77,0.17,0.16,29,6,6,9683673175,,,956,740,971,736,941,745,0.08433,0.2134,-0.97332,-0.05414,0.22154,-0.97365,3.812,3.659,3.738,,,,Valid,Valid,222.2,91.5,500.7,285.3,90.1,499.9,265.6,201.3,257.5,203.9,0.4978,0.6855,0.5055,0.6812,0.4901,0.6898,Screen Recording,Screen Recording Recording38.mp4,1920,1080,0,0,960,540,Fixation,1112,498,954,735,0.4971,0.6808,,,,,,,,,,,
275132580,1120608337483,Eye Tracker,LipReading,08/25/2025,Chenmingjie,Recording38,07/01/2025,07/01/2025,16:47:15.576,08:47:15.576,803474,Timeline1,Tobii I-VT (Fixation),1.241.54219,1080,1920,10.0,14.5,1.9,2.3,1.39,0.18,0.21,53,7,8,7.8,1.7,1.6,0.77,0.17,0.16,29,6,6,9683677175,,,954,733,971,731,937,736,0.08436,0.21099,-0.97384,-0.05609,0.21676,-0.97461,3.811,3.665,3.738,,,,Valid,Valid,222.2,91.6,500.7,285.3,90.1,499.9,265.6,200.1,256.5,201.3,0.4969,0.679,0.5055,0.6769,0.4882,0.6811,Screen Recording,Screen Recording Recording38.mp4,1920,1080,0,0,960,540,Fixation,1112,498,954,735,0.4971,0.6808,,,,,,,,,,,
275136580,1120608341483,Eye Tracker,LipReading,08/25/2025,Chenmingjie,Recording38,07/01/2025,07/01/2025,16:47:15.576,08:47:15.576,803474,Timeline1,Tobii I-VT (Fixation),1.241.54219,1080,1920,10.0,14.5,1.9,2.3,1.39,0.18,0.21,53,7,8,7.8,1.7,1.6,0.77,0.17,0.16,29,6,6,9683681175,,,958,737,976,732,939,742,0.08719,0.21142,-0.9735,-0.05514,0.2198,-0.97399,3.813,3.664,3.738,,,,Valid,Valid,222.2,91.6,500.6,285.3,90.1,499.9,267.1,200.3,257.0,202.9,0.4987,0.6822,0.5083,0.6778,0.4891,0.6866,Screen Recording,Screen Recording Recording38.mp4,1920,1080,0,0,960,540,Fixation,1112,498,954,735,0.4971,0.6808,,,,,,,,,,,
275140581,1120608345484,Eye Tracker,LipReading,08/25/2025,Chenmingjie,Recording38,07/01/2025,07/01/2025,16:47:15.576,08:47:15.576,803474,Timeline1,Tobii I-VT (Fixation),1.241.54219,1080,1920,10.0,14.5,1.9,2.3,1.39,0.18,0.21,53,7,8,7.8,1.7,1.6,0.77,0.17,0.16,29,6,6,9683685176,,,955,737,971,746,939,728,0.08465,0.21864,-0.97213,-0.05522,0.21274,-0.97555,3.78,3.695,3.722,,,,Valid,Valid,222.2,91.5,500.7,285.3,90.1,499.9,265.8,204.2,257.0,199.1,0.4975,0.6823,0.5059,0.6908,0.4891,0.6738,Screen Recording,Screen Recording Recording38.mp4,1920,1080,0,0,960,540,Fixation,1112,498,954,735,0.4971,0.6808,,,,,,,,,,,
275144581,1120608349484,Eye Tracker,LipReading,08/25/2025,Chenmingjie,Recording38,07/01/2025,07/01/2025,16:47:15.576,08:47:15.576,803474,Timeline1,Tobii I-VT (Fixation),1.241.54219,1080,1920,10.0,14.5,1.9,2.3,1.39,0.18,0.21,53,7,8,7.8,1.7,1.6,0.77,0.17,0.16,29,6,6,9683689176,,,957,743,973,748,941,739,0.0855,0.21944,-0.97187,-0.05436,0.21835,-0.97435,3.777,3.662,3.727,,,,Valid,Valid,222.2,91.5,500.7,285.3,90.1,499.9,266.3,204.6,257.4,202.1,0.4983,0.6881,0.5068,0.6923,0.4899,0.6839,Screen Recording,Screen Recording Recording38.mp4,1920,1080,0,0,960,540,Fixation,1112,498,954,735,0.4971,0.6808,,,,,,,,,,,
275148581,1120608353484,Eye Tracker,LipReading,08/25/2025,Chenmingjie,Recording38,07/01/2025,07/01/2025,16:47:15.576,08:47:15.576,803474,Timeline1,Tobii I-VT (Fixation),1.241.54219,1080,1920,10.0,14.5,1.9,2.3,1.39,0.18,0.21,53,7,8,7.8,1.7,1.6,0.77,0.17,0.16,29,6,6,9683693176,,,961,744,980,747,942,741,0.08919,0.21894,-0.97165,-0.05345,0.21964,-0.97412,3.775,3.677,3.728,,,,Valid,Valid,222.2,91.5,500.7,285.3,90.1,499.9,268.2,204.4,257.9,202.8,0.5006,0.6889,0.5104,0.6915,0.4908,0.6863,Screen Recording,Screen Recording Recording38.mp4,1920,1080,0,0,960,540,Fixation,1112,498,954,735,0.4971,0.6808,,,,,,,,,,,
275152581,1120608357484,Eye Tracker,LipReading,08/25/2025,Chenmingjie,Recording38,07/01/2025,07/01/2025,16:47:15.576,08:47:15.576,803474,Timeline1,Tobii I-VT (Fixation),1.241.54219,1080,1920,10.0,14.5,1.9,2.3,1.39,0.18,0.21,53,7,8,7.8,1.7,1.6,0.77,0.17,0.16,29,6,6,9683697176,,,961,737,975,743,946,731,0.08667,0.21698,-0.97232,-0.05141,0.21468,-0.97533,3.802,3.674,3.735,,,,Valid,Valid,222.2,91.6,500.6,285.3,90.1,499.9,266.9,203.3,259.0,200.1,0.5004,0.6825,0.5079,0.6879,0.4928,0.6772,Screen Recording,Screen Recording Recording38.mp4,1920,1080,0,0,960,540,Fixation,1112,498,954,735,0.4971,0.6808,,,,,,,,,,,
275156581,1120608361484,Eye Tracker,LipReading,08/25/2025,Chenmingjie,Recording38,07/01/2025,07/01/2025,16:47:15.576,08:47:15.576,803474,Timeline1,Tobii I-VT (Fixation),1.241.54219,1080,1920,10.0,14.5,1.9,2.3,1.39,0.18,0.21,53,7,8,7.8,1.7,1.6,0.77,0.17,0.16,29,6,6,9683701176,,,954,743,971,748,938,737,0.08442,0.21983,-0.97188,-0.05575,0.21763,-0.97444,3.793,3.69,3.746,,,,Valid,Valid,222.2,91.6,500.7,285.3,90.1,499.9,265.7,204.8,256.7,201.8,0.4971,0.6878,0.5057,0.693,0.4885,0.6826,Screen Recording,Screen Recording Recording38.mp4,1920,1080,0,0,960,540,Fixation,1112,498,954,735,0.4971,0.6808,,,,,,,,,,,
275160580,1120608365483,Eye Tracker,LipReading,08/25/2025,Chenmingjie,Recording38,07/01/2025,07/01/2025,16:47:15.576,08:47:15.576,803474,Timeline1,Tobii I-VT (Fixation),1.241.54219,1080,1920,10.0,14.5,1.9,2.3,1.39,0.18,0.21,53,7,8,7.8,1.7,1.6,0.77,0.17,0.16,29,6,6,9683705175,,,958,742,975,745,941,738,0.08664,0.21824,-0.97204,-0.05432,0.21796,-0.97445,3.805,3.69,3.747,,,,Valid,Valid,222.2,91.6,500.7,285.3,90.1,500.0,266.9,204.0,257.4,201.9,0.4989,0.6866,0.5079,0.6901,0.4899,0.6832,Screen Recording,Screen Recording Recording38.mp4,1920,1080,0,0,960,540,Fixation,1112,498,954,735,0.4971,0.6808,,,,,,,,,,,
275164580,1120608369483,Eye Tracker,LipReading,08/25/2025,Chenmingjie,Recording38,07/01/2025,07/01/2025,16:47:15.576,08:47:15.576,803474,Timeline1,Tobii I-VT (Fixation),1.241.54219,1080,1920,10.0,14.5,1.9,2.3,1.39,0.18,0.21,53,7,8,7.8,1.7,1.6,0.77,0.17,0.16,29,6,6,9683709175,,,958,734,974,734,943,733,0.08629,0.21265,-0.97331,-0.05328,0.21565,-0.97502,3.833,3.701,3.747,,,,Valid,Valid,222.2,91.6,500.7,285.3,90.1,500.0,266.6,201.0,258.0,200.7,0.4992,0.6794,0.5074,0.6799,0.491,0.6789,Screen Recording,Screen Recording Recording38.mp4,1920,1080,0,0,960,540,Fixation,1112,498,954,735,0.4971,0.6808,,,,,,,,,,,
275168580,1120608373483,Eye Tracker,LipReading,08/25/2025,Chenmingjie,Recording38,07/01/2025,07/01/2025,16:47:15.576,08:47:15.576,803474,Timeline1,Tobii I-VT (Fixation),1.241.54219,1080,1920,10.0,14.5,1.9,2.3,1.39,0.18,0.21,53,7,8,7.8,1.7,1.6,0.77,0.17,0.16,29,6,6,9683713175,,,957,738,975,742,938,735,0.08681,0.21653,-0.97241,-0.05591,0.21639,-0.9747,3.82,3.688,3.755,,,,Valid,Valid,222.2,91.6,500.7,285.3,90.1,500.0,266.9,203.1,256.6,201.1,0.4982,0.6837,0.508,0.687,0.4884,0.6803,Screen Recording,Screen Recording Recording38.mp4,1920,1080,0,0,960,540,Fixation,1112,498,954,735,0.4971,0.6808,,,,,,,,,,,
275172580,1120608377483,Eye Tracker,LipReading,08/25/2025,Chenmingjie,Recording38,07/01/2025,07/01/2025,16:47:15.576,08:47:15.576,803474,Timeline1,Tobii I-VT (Fixation),1.241.54219,1080,1920,10.0,14.5,1.9,2.3,1.39,0.18,0.21,53,7,8,7.8,1.7,1.6,0.77,0.17,0.16,29,6,6,9683717175,,,955,740,965,746,944,735,0.08154,0.21842,-0.97244,-0.05244,0.21672,-0.97482,3.786,3.685,3.76,,,,Valid,Valid,222.2,91.6,500.7,285.3,90.1,499.9,264.2,204.0,258.4,201.2,0.4973,0.6856,0.5028,0.6903,0.4918,0.6809,Screen Recording,Screen Recording Recording38.mp4,1920,1080,0,0,960,540,Fixation,1112,498,954,735,0.4971,0.6808,,,,,,,,,,,
275176579,1120608381482,Eye Tracker,LipReading,08/25/2025,Chenmingjie,Recording38,07/01/2025,07/01/2025,16:47:15.576,08:47:15.576,803474,Timeline1,Tobii I-VT (Fixation),1.241.54219,1080,1920,10.0,14.5,1.9,2.3,1.39,0.18,0.21,53,7,8,7.8,1.7,1.6,0.77,0.17,0.16,29,6,6,9683721175,,,958,731,973,741,944,721,0.08563,0.21619,-0.97259,-0.05287,0.20955,-0.97637,3.824,3.705,3.758,,,,Valid,Valid,222.2,91.6,500.7,285.3,90.1,500.0,266.3,202.9,258.2,197.4,0.4991,0.6771,0.5068,0.6864,0.4914,0.6678,Screen Recording,Screen Recording Recording38.mp4,1920,1080,0,0,960,540,Fixation,1112,498,954,735,0.4971,0.6808,,,,,,,,,,,
275180580,1120608385483,Eye Tracker,LipReading,08/25/2025,Chenmingjie,Recording38,07/01/2025,07/01/2025,16:47:15.576,08:47:15.576,803474,Timeline1,Tobii I-VT (Fixation),1.241.54219,1080,1920,10.0,14.5,1.9,2.3,1.39,0.18,0.21,53,7,8,7.8,1.7,1.6,0.77,0.17,0.16,29,6,6,9683725176,,,958,743,975,748,941,738,0.08671,0.21963,-0.97172,-0.05434,0.21789,-0.97446,3.808,3.72,3.764,,,,Valid,Valid,222.2,91.6,500.7,285.3,90.1,499.9,266.9,204.7,257.4,201.9,0.4989,0.6879,0.508,0.6927,0.4899,0.683,Screen Recording,Screen Recording Recording38.mp4,1920,1080,0,0,960,540,Fixation,1112,498,954,735,0.4971,0.6808,,,,,,,,,,,
275184580,1120608389483,Eye Tracker,LipReading,08/25/2025,Chenmingjie,Recording38,07/01/2025,07/01/2025,16:47:15.576,08:47:15.576,803474,Timeline1,Tobii I-VT (Fixation),1.241.54219,1080,1920,10.0,14.5,1.9,2.3,1.39,0.18,0.21,53,7,8,7.8,1.7,1.6,0.77,0.17,0.16,29,6,6,9683729176,,,958,733,972,729,944,737,0.08505,0.21018,-0.97396,-0.05245,0.21774,-0.9746,3.85,3.696,3.77,,,,Valid,Valid,222.2,91.6,500.7,285.3,90.1,500.0,266.0,199.6,258.4,201.8,0.4989,0.679,0.5061,0.6754,0.4917,0.6827,Screen Recording,Screen Recording Recording38.mp4,1920,1080,0,0,960,540,Fixation,1112,498,954,735,0.4971,0.6808,,,,,,,,,,,
275188580,1120608393483,Eye Tracker,LipReading,08/25/2025,Chenmingjie,Recording38,07/01/2025,07/01/2025,16:47:15.576,08:47:15.576,803474,Timeline1,Tobii I-VT (Fixation),1.241.54219,1080,1920,10.0,14.5,1.9,2.3,1.39,0.18,0.21,53,7,8,7.8,1.7,1.6,0.77,0.17,0.16,29,6,6,9683733176,,,955,734,970,734,940,734,0.08402,0.21245,-0.97355,-0.05446,0.2161,-0.97485,3.835,3.704,3.77,,,,Valid,Valid,222.2,91.6,500.7,285.3,90.1,500.0,265.4,200.8,257.4,200.9,0.4975,0.6796,0.5052,0.6795,0.4898,0.6797,Screen Recording,Screen Recording Recording38.mp4,1920,1080,0,0,960,540,Fixation,1112,498,954,735,0.4971,0.6808,,,,,,,,,,,
275192580,1120608397483,Eye Tracker,LipReading,08/25/2025,Chenmingjie,Recording38,07/01/2025,07/01/2025,16:47:15.576,08:47:15.576,803474,Timeline1,Tobii I-VT (Fixation),1.241.54219,1080,1920,10.0,14.5,1.9,2.3,1.39,0.18,0.21,53,7,8,7.8,1.7,1.6,0.77,0.17,0.16,29,6,6,9683737176,,,956,730,973,727,939,733,0.08567,0.20886,-0.97419,-0.05532,0.21562,-0.97491,3.844,3.71,3.77,,,,Valid,Valid,222.2,91.6,500.8,285.3,90.1,500.0,266.3,198.9,256.9,200.6,0.4978,0.6759,0.5067,0.673,0.4889,0.6789,Screen Recording,Screen Recording Recording38.mp4,1920,1080,0,0,960,540,Fixation,1112,498,954,735,0.4971,0.6808,,,,,,,,,,,
275196580,1120608401483,Eye Tracker,LipReading,08/25/2025,Chenmingjie,Recording38,07/01/2025,07/01/2025,16:47:15.576,08:47:15.576,803474,Timeline1,Tobii I-VT (Fixation),1.241.54219,1080,1920,10.0,14.5,1.9,2.3,1.39,0.18,0.21,53,7,8,7.8,1.7,1.6,0.77,0.17,0.16,29,6,6,9683741176,,,957,735,972,736,942,735,0.08507,0.21353,-0.97323,-0.05353,0.21645,-0.97482,3.825,3.689,3.767,,,,Valid,Valid,222.2,91.5,500.8,285.3,90.1,500.0,266.0,201.4,257.8,201.1,0.4984,0.6809,0.5062,0.6815,0.4907,0.6803,Screen Recording,Screen Recording Recording38.mp4,1920,1080,0,0,960,540,Fixation,1112,498,954,735,0.4971,0.6808,,,,,,,,,,,
275200579,1120608405482,Eye Tracker,LipReading,08/25/2025,Chenmingjie,Recording38,07/01/2025,07/01/2025,16:47:15.576,08:47:15.576,803474,Timeline1,Tobii I-VT (Fixation),1.241.54219,1080,1920,10.0,14.5,1.9,2.3,1.39,0.18,0.21,53,7,8,7.8,1.7,1.6,0.77,0.17,0.16,29,6,6,9683745175,,,954,736,970,741,939,731,0.08398,0.21622,-0.97273,-0.05521,0.21444,-0.97517,3.83,3.72,3.763,,,,Valid,Valid,222.2,91.6,500.8,285.3,90.1,500.0,265.5,202.9,257.0,200.0,0.4971,0.6815,0.5052,0.6864,0.4891,0.6767,Screen Recording,Screen Recording Recording38.mp4,1920,1080,0,0,960,540,Fixation,1112,498,954,735,0.4971,0.6808,,,,,,,,,,,
275204579,1120608409482,Eye Tracker,LipReading,08/25/2025,Chenmingjie,Recording38,07/01/2025,07/01/2025,16:47:15.576,08:47:15.576,803474,Timeline1,Tobii I-VT (Fixation),1.241.54219,1080,1920,10.0,14.5,1.9,2.3,1.39,0.18,0.21,53,7,8,7.8,1.7,1.6,0.77,0.17,0.16,29,6,6,9683749175,,,957,734,967,737,947,731,0.08247,0.21418,-0.97331,-0.05099,0.21481,-0.97532,3.827,3.672,3.763,,,,Valid,Valid,222.2,91.6,500.7,285.3,90.0,500.0,264.7,201.8,259.1,200.2,0.4984,0.6799,0.5037,0.6826,0.4932,0.6773,Screen Recording,Screen Recording Recording38.mp4,1920,1080,0,0,960,540,Fixation,1112,498,954,735,0.4971,0.6808,,,,,,,,,,,
275208579,1120608413482,Eye Tracker,LipReading,08/25/2025,Chenmingjie,Recording38,07/01/2025,07/01/2025,16:47:15.576,08:47:15.576,803474,Timeline1,Tobii I-VT (Fixation),1.241.54219,1080,1920,10.0,14.5,1.9,2.3,1.39,0.18,0.21,53,7,8,7.8,1.7,1.6,0.77,0.17,0.16,29,6,6,9683753175,,,952,730,966,730,938,730,0.08217,0.21071,-0.97409,-0.05563,0.2138,-0.97529,3.852,3.696,3.773,,,,Valid,Valid,222.2,91.6,500.8,285.3,90.1,500.0,264.5,199.9,256.8,199.7,0.496,0.6759,0.5033,0.6763,0.4886,0.6755,Screen Recording,Screen Recording Recording38.mp4,1920,1080,0,0,960,540,Fixation,1112,498,954,735,0.4971,0.6808,,,,,,,,,,,
275212579,1120608417482,Eye Tracker,LipReading,08/25/2025,Chenmingjie,Recording38,07/01/2025,07/01/2025,16:47:15.576,08:47:15.576,803474,Timeline1,Tobii I-VT (Fixation),1.241.54219,1080,1920,10.0,14.5,1.9,2.3,1.39,0.18,0.21,53,7,8,7.8,1.7,1.6,0.77,0.17,0.16,29,6,6,9683757175,,,954,735,969,739,939,731,0.08328,0.21531,-0.97299,-0.05508,0.21446,-0.97518,3.83,3.716,3.771,,,,Valid,Valid,222.2,91.5,500.8,285.3,90.1,500.0,265.1,202.4,257.0,200.0,0.4968,0.6807,0.5045,0.6847,0.4892,0.6767,Screen Recording,Screen Recording Recording38.mp4,1920,1080,0,0,960,540,Fixation,1112,498,954,735,0.4971,0.6808,,,,,,,,,,,
275216579,1120608421482,Eye Tracker,LipReading,08/25/2025,Chenmingjie,Recording38,07/01/2025,07/01/2025,16:47:15.576,08:47:15.576,803474,Timeline1,Tobii I-VT (Fixation),1.241.54219,1080,1920,10.0,14.5,1.9,2.3,1.39,0.18,0.21,53,7,8,7.8,1.7,1.6,0.77,0.17,0.16,29,6,6,9683761175,,,953,731,970,733,937,729,0.08413,0.21216,-0.97361,-0.05642,0.21339,-0.97534,3.859,3.728,3.783,,,,Valid,Valid,222.2,91.5,500.8,285.3,90.0,500.0,265.5,200.7,256.3,199.4,0.4966,0.6769,0.5053,0.6789,0.4878,0.6748,Screen Recording,Screen Recording Recording38.mp4,1920,1080,0,0,960,540,Fixation,1112,498,954,735,0.4971,0.6808,,,,,,,,,,,
275220580,1120608425483,Eye Tracker,LipReading,08/25/2025,Chenmingjie,Recording38,07/01/2025,07/01/2025,16:47:15.576,08:47:15.576,803474,Timeline1,Tobii I-VT (Fixation),1.241.54219,1080,1920,10.0,14.5,1.9,2.3,1.39,0.18,0.21,53,7,8,7.8,1.7,1.6,0.77,0.17,0.16,29,6,6,9683765176,,,956,734,968,740,944,727,0.08313,0.21565,-0.97293,-0.05228,0.21279,-0.9757,3.83,3.712,3.787,,,,Valid,Valid,222.2,91.5,500.8,285.3,90.0,500.1,265.0,202.5,258.5,199.1,0.4981,0.6794,0.5043,0.6853,0.4919,0.6736,Screen Recording,Screen Recording Recording38.mp4,1920,1080,0,0,960,540,Fixation,1112,498,954,735,0.4971,0.6808,,,,,,,,,,,
275224580,1120608429483,Eye Tracker,LipReading,08/25/2025,Chenmingjie,Recording38,07/01/2025,07/01/2025,16:47:15.576,08:47:15.576,803474,Timeline1,Tobii I-VT (Fixation),1.241.54219,1080,1920,10.0,14.5,1.9,2.3,1.39,0.18,0.21,53,7,8,7.8,1.7,1.6,0.77,0.17,0.16,29,6,6,9683769176,,,956,732,972,735,940,730,0.0852,0.21288,-0.97336,-0.0547,0.21387,-0.97533,3.849,3.73,3.793,,,,Valid,Valid,222.2,91.5,500.8,285.3,90.0,500.1,266.0,201.1,257.2,199.7,0.4979,0.6779,0.5063,0.6803,0.4895,0.6756,Screen Recording,Screen Recording Recording38.mp4,1920,1080,0,0,960,540,Fixation,1112,498,954,735,0.4971,0.6808,,,,,,,,,,,
275228580,1120608433483,Eye Tracker,LipReading,08/25/2025,Chenmingjie,Recording38,07/01/2025,07/01/2025,16:47:15.576,08:47:15.576,803474,Timeline1,Tobii I-VT (Fixation),1.241.54219,1080,1920,10.0,14.5,1.9,2.3,1.39,0.18,0.21,53,7,8,7.8,1.7,1.6,0.77,0.17,0.16,29,6,6,9683773176,,,953,728,967,728,939,728,0.0826,0.20927,-0.97436,-0.05495,0.21309,-0.97549,3.858,3.725,3.788,,,,Valid,Valid,222.2,91.6,500.8,285.3,90.0,500.1,264.7,199.1,257.1,199.3,0.4965,0.6739,0.5037,0.6737,0.4893,0.6742,Screen Recording,Screen Recording Recording38.mp4,1920,1080,0,0,960,540,Fixation,1112,498,954,735,0.4971,0.6808,,,,,,,,,,,
275232579,1120608437482,Eye Tracker,LipReading,08/25/2025,Chenmingjie,Recording38,07/01/2025,07/01/2025,16:47:15.576,08:47:15.576,803474,Timeline1,Tobii I-VT (Fixation),1.241.54219,1080,1920,10.0,14.5,1.9,2.3,1.39,0.18,0.21,53,7,8,7.8,1.7,1.6,0.77,0.17,0.16,29,6,6,9683777176,,,953,727,967,730,939,724,0.08238,0.21082,-0.97405,-0.05529,0.21121,-0.97588,3.861,3.728,3.792,,,,Valid,Valid,222.2,91.5,500.9,285.3,90.0,500.1,264.6,199.9,256.9,198.2,0.4962,0.6736,0.5035,0.6764,0.489,0.6708,Screen Recording,Screen Recording Recording38.mp4,1920,1080,0,0,960,540,Fixation,1112,498,954,735,0.4971,0.6808,,,,,,,,,,,
275236579,1120608441482,Eye Tracker,LipReading,08/25/2025,Chenmingjie,Recording38,07/01/2025,07/01/2025,16:47:15.576,08:47:15.576,803474,Timeline1,Tobii I-VT (Fixation),1.241.54219,1080,1920,10.0,14.5,1.9,2.3,1.39,0.18,0.21,53,7,8,7.8,1.7,1.6,0.77,0.17,0.16,29,6,6,9683781176,,,952,731,966,734,938,727,0.08193,0.21288,-0.97364,-0.05576,0.21234,-0.9756,3.848,3.726,3.792,,,,Valid,Valid,222.2,91.5,500.9,285.2,90.0,500.1,264.3,201.0,256.7,198.8,0.4958,0.6764,0.5031,0.6801,0.4885,0.6728,Screen Recording,Screen Recording Recording38.mp4,1920,1080,0,0,960,540,Fixation,1112,498,954,735,0.4971,0.6808,,,,,,,,,,,
275240578,1120608445481,Eye Tracker,LipReading,08/25/2025,Chenmingjie,Recording38,07/01/2025,07/01/2025,16:47:15.576,08:47:15.576,803474,Timeline1,Tobii I-VT (Fixation),1.241.54219,1080,1920,10.0,14.5,1.9,2.3,1.39,0.18,0.21,53,7,8,7.8,1.7,1.6,0.77,0.17,0.16,29,6,6,9683785175,,,956,729,967,730,945,728,0.08241,0.21057,-0.9741,-0.05189,0.21319,-0.97563,3.868,3.721,3.792,,,,Valid,Valid,222.2,91.5,500.8,285.2,90.0,500.1,264.6,199.8,258.6,199.3,0.4979,0.6751,0.5035,0.676,0.4922,0.6742,Screen Recording,Screen Recording Recording38.mp4,1920,1080,0,0,960,540,Fixation,1112,498,954,735,0.4971,0.6808,,,,,,,,,,,
275244578,1120608449481,Eye Tracker,LipReading,08/25/2025,Chenmingjie,Recording38,07/01/2025,07/01/2025,16:47:15.576,08:47:15.576,803474,Timeline1,Tobii I-VT (Fixation),1.241.54219,1080,1920,10.0,14.5,1.9,2.3,1.39,0.18,0.21,53,7,8,7.8,1.7,1.6,0.77,0.17,0.16,29,6,6,9683789175,,,951,731,963,734,940,727,0.08032,0.21268,-0.97381,-0.05459,0.21281,-0.97557,3.844,3.725,3.787,,,,Valid,Valid,222.2,91.5,500.8,285.2,90.0,500.1,263.5,200.9,257.3,199.1,0.4955,0.6767,0.5015,0.6798,0.4896,0.6736,Screen Recording,Screen Recording Recording38.mp4,1920,1080,0,0,960,540,Fixation,1112,498,954,735,0.4971,0.6808,,,,,,,,,,,
275248578,1120608453481,Eye Tracker,LipReading,08/25/2025,Chenmingjie,Recording38,07/01/2025,07/01/2025,16:47:15.576,08:47:15.576,803474,Timeline1,Tobii I-VT (Fixation),1.241.54219,1080,1920,10.0,14.5,1.9,2.3,1.39,0.18,0.21,53,7,8,7.8,1.7,1.6,0.77,0.17,0.16,29,6,6,9683793175,,,954,726,967,731,940,722,0.08276,0.21087,-0.974,-0.05476,0.2099,-0.97619,3.857,3.736,3.795,,,,Valid,Valid,222.2,91.6,500.8,285.2,90.0,500.1,264.7,200.0,257.2,197.5,0.4966,0.6724,0.5038,0.6766,0.4894,0.6683,Screen Recording,Screen Recording Recording38.mp4,1920,1080,0,0,960,540,Fixation,1112,498,954,735,0.4971,0.6808,,,,,,,,,,,
275252578,1120608457481,Eye Tracker,LipReading,08/25/2025,Chenmingjie,Recording38,07/01/2025,07/01/2025,16:47:15.576,08:47:15.576,803474,Timeline1,Tobii I-VT (Fixation),1.241.54219,1080,1920,10.0,14.5,1.9,2.3,1.39,0.18,0.21,53,7,8,7.8,1.7,1.6,0.77,0.17,0.16,29,6,6,9683797175,,,952,729,966,732,937,726,0.08217,0.2114,-0.97394,-0.05614,0.21224,-0.9756,3.841,3.739,3.796,,,,Valid,Valid,222.2,91.5,500.9,285.2,90.0,500.2,264.4,200.2,256.4,198.8,0.4957,0.6749,0.5033,0.6774,0.488,0.6725,Screen Recording,Screen Recording Recording38.mp4,1920,1080,0,0,960,540,Fixation,1112,498,954,735,0.4971,0.6808,,,,,,,,,,,
275256578,1120608461481,Eye Tracker,LipReading,08/25/2025,Chenmingjie,Recording38,07/01/2025,07/01/2025,16:47:15.576,08:47:15.576,803474,Timeline1,Tobii I-VT (Fixation),1.241.54219,1080,1920,10.0,14.5,1.9,2.3,1.39,0.18,0.21,53,7,8,7.8,1.7,1.6,0.77,0.17,0.16,29,6,6,9683801175,,,952,728,966,731,938,724,0.08201,0.21124,-0.97399,-0.05562,0.21128,-0.97584,3.861,3.733,3.798,,,,Valid,Valid,222.2,91.5,500.9,285.2,90.0,500.2,264.3,200.1,256.7,198.2,0.4958,0.6739,0.5031,0.6771,0.4886,0.6707,Screen Recording,Screen Recording Recording38.mp4,1920,1080,0,0,960,540,Fixation,1112,498,954,735,0.4971,0.6808,,,,,,,,,,,
275260579,1120608465482,Eye Tracker,LipReading,08/25/2025,Chenmingjie,Recording38,07/01/2025,07/01/2025,16:47:15.576,08:47:15.576,803474,Timeline1,Tobii I-VT (Fixation),1.241.54219,1080,1920,10.0,14.5,1.9,2.3,1.39,0.18,0.21,53,7,8,7.8,1.7,1.6,0.77,0.17,0.16,29,6,6,9683805176,,,950,732,962,739,937,724,0.0797,0.21521,-0.97331,-0.05591,0.21111,-0.97586,3.855,3.741,3.8,,,,Valid,Valid,222.2,91.5,500.8,285.2,90.0,500.2,263.2,202.3,256.6,198.2,0.4946,0.6774,0.5009,0.6843,0.4883,0.6704,Screen Recording,Screen Recording Recording38.mp4,1920,1080,0,0,960,540,Fixation,1112,498,954,735,0.4971,0.6808,,,,,,,,,,,
275264579,1120608469482,Eye Tracker,LipReading,08/25/2025,Chenmingjie,Recording38,07/01/2025,07/01/2025,16:47:15.576,08:47:15.576,803474,Timeline1,Tobii I-VT (Fixation),1.241.54219,1080,1920,10.0,14.5,1.9,2.3,1.39,0.18,0.21,53,7,8,7.8,1.7,1.6,0.77,0.17,0.16,29,6,6,9683809176,,,952,727,965,727,939,726,0.08169,0.2091,-0.97448,-0.05494,0.21205,-0.97571,3.867,3.751,3.802,,,,Valid,Valid,222.2,91.5,500.8,285.2,90.0,500.1,264.1,199.0,257.0,198.7,0.496,0.6727,0.5027,0.6732,0.4892,0.6721,Screen Recording,Screen Recording Recording38.mp4,1920,1080,0,0,960,540,Fixation,1112,498,954,735,0.4971,0.6808,,,,,,,,,,,
275268579,1120608473482,Eye Tracker,LipReading,08/25/2025,Chenmingjie,Recording38,07/01/2025,07/01/2025,16:47:15.576,08:47:15.576,803474,Timeline1,Tobii I-VT (Fixation),1.241.54219,1080,1920,10.0,14.5,1.9,2.3,1.39,0.18,0.21,53,7,8,7.8,1.7,1.6,0.77,0.17,0.16,29,6,6,9683813176,,,950,726,964,726,937,726,0.08118,0.20876,-0.97459,-0.05628,0.21232,-0.97558,3.883,3.736,3.802,,,,Valid,Valid,222.2,91.5,500.8,285.2,90.0,500.1,263.9,198.8,256.3,198.8,0.495,0.6726,0.5022,0.6726,0.4879,0.6726,Screen Recording,Screen Recording Recording38.mp4,1920,1080,0,0,960,540,Fixation,1112,498,954,735,0.4971,0.6808,,,,,,,,,,,
275272579,1120608477482,Eye Tracker,LipReading,08/25/2025,Chenmingjie,Recording38,07/01/2025,07/01/2025,16:47:15.576,08:47:15.576,803474,Timeline1,Tobii I-VT (Fixation),1.241.54219,1080,1920,10.0,14.5,1.9,2.3,1.39,0.18,0.21,53,7,8,7.8,1.7,1.6,0.77,0.17,0.16,29,6,6,9683817176,,,953,728,968,730,938,726,0.08291,0.21071,-0.97403,-0.05548,0.21226,-0.97564,3.874,3.737,3.805,,,,Valid,Valid,222.1,91.5,500.9,285.2,90.0,500.1,264.8,199.8,256.8,198.8,0.4963,0.6743,0.5039,0.6761,0.4886,0.6725,Screen Recording,Screen Recording Recording38.mp4,1920,1080,0,0,960,540,Fixation,1112,498,954,735,0.4971,0.6808,,,,,,,,,,,
275276579,1120608481482,Eye Tracker,LipReading,08/25/2025,Chenmingjie,Recording38,07/01/2025,07/01/2025,16:47:15.576,08:47:15.576,803474,Timeline1,Tobii I-VT (Fixation),1.241.54219,1080,1920,10.0,14.5,1.9,2.3,1.39,0.18,0.21,53,7,8,7.8,1.7,1.6,0.77,0.17,0.16,29,6,6,9683821176,,,953,730,966,734,939,727,0.08207,0.21249,-0.97371,-0.0549,0.21268,-0.97558,3.867,3.734,3.809,,,,Valid,Valid,222.1,91.5,500.9,285.2,89.9,500.1,264.4,200.8,257.0,199.0,0.4962,0.6763,0.5031,0.6794,0.4892,0.6732,Screen Recording,Screen Recording Recording38.mp4,1920,1080,0,0,960,540,Fixation,1112,498,954,735,0.4971,0.6808,,,,,,,,,,,
275280578,1120608485481,Eye Tracker,LipReading,08/25/2025,Chenmingjie,Recording38,07/01/2025,07/01/2025,16:47:15.576,08:47:15.576,803474,Timeline1,Tobii I-VT (Fixation),1.241.54219,1080,1920,10.0,14.5,1.9,2.3,1.39,0.18,0.21,53,7,8,7.8,1.7,1.6,0.77,0.17,0.16,29,6,6,9683825175,,,952,726,966,729,937,723,0.08239,0.21023,-0.97417,-0.05604,0.2107,-0.97594,3.881,3.748,3.809,,,,Valid,Valid,222.1,91.5,500.9,285.2,89.9,500.2,264.5,199.6,256.5,197.9,0.4957,0.6724,0.5034,0.6753,0.4881,0.6696,Screen Recording,Screen Recording Recording38.mp4,1920,1080,0,0,960,540,Fixation,1112,498,954,735,0.4971,0.6808,,,,,,,,,,,
275284578,1120608489481,Eye Tracker,LipReading,08/25/2025,Chenmingjie,Recording38,07/01/2025,07/01/2025,16:47:15.576,08:47:15.576,803474,Timeline1,Tobii I-VT (Fixation),1.241.54219,1080,1920,10.0,14.5,1.9,2.3,1.39,0.18,0.21,53,7,8,7.8,1.7,1.6,0.77,0.17,0.16,29,6,6,9683829175,,,953,727,966,727,939,727,0.08234,0.20912,-0.97442,-0.05499,0.21267,-0.97558,3.898,3.737,3.809,,,,Valid,Valid,222.1,91.5,500.9,285.2,89.9,500.2,264.5,199.0,257.0,199.0,0.4962,0.6732,0.5033,0.6733,0.4891,0.6732,Screen Recording,Screen Recording Recording38.mp4,1920,1080,0,0,960,540,Fixation,1112,498,954,735,0.4971,0.6808,,,,,,,,,,,
275288578,1120608493481,Eye Tracker,LipReading,08/25/2025,Chenmingjie,Recording38,07/01/2025,07/01/2025,16:47:15.576,08:47:15.576,803474,Timeline1,Tobii I-VT (Fixation),1.241.54219,1080,1920,10.0,14.5,1.9,2.3,1.39,0.18,0.21,53,7,8,7.8,1.7,1.6,0.77,0.17,0.16,29,6,6,9683833175,,,953,728,965,725,940,731,0.08191,0.20789,-0.97472,-0.0547,0.21461,-0.97517,3.898,3.728,3.812,,,,Valid,Valid,222.1,91.5,500.9,285.2,89.9,500.2,264.2,198.3,257.1,200.0,0.4961,0.6738,0.5029,0.671,0.4893,0.6767,Screen Recording,Screen Recording Recording38.mp4,1920,1080,0,0,960,540,Fixation,1112,498,954,735,0.4971,0.6808,,,,,,,,,,,
275292578,1120608497481,Eye Tracker,LipReading,08/25/2025,Chenmingjie,Recording38,07/01/2025,07/01/2025,16:47:15.576,08:47:15.576,803474,Timeline1,Tobii I-VT (Fixation),1.241.54219,1080,1920,10.0,14.5,1.9,2.3,1.39,0.18,0.21,53,7,8,7.8,1.7,1.6,0.77,0.17,0.16,29,6,6,9683837175,,,953,733,966,739,940,728,0.082,0.21512,-0.97314,-0.05453,0.21308,-0.97551,3.859,3.743,3.815,,,,Valid,Valid,222.1,91.5,500.9,285.2,89.9,500.2,264.3,202.2,257.2,199.2,0.4963,0.679,0.5031,0.6842,0.4895,0.6739,Screen Recording,Screen Recording Recording38.mp4,1920,1080,0,0,960,540,Fixation,1112,498,954,735,0.4971,0.6808,,,,,,,,,,,
275296578,1120608501481,Eye Tracker,LipReading,08/25/2025,Chenmingjie,Recording38,07/01/2025,07/01/2025,16:47:15.576,08:47:15.576,803474,Timeline1,Tobii I-VT (Fixation),1.241.54219,1080,1920,10.0,14.5,1.9,2.3,1.39,0.18,0.21,53,7,8,7.8,1.7,1.6,0.77,0.17,0.16,29,6,6,9683841175,,,952,732,966,736,937,727,0.08214,0.21369,-0.97344,-0.05593,0.21263,-0.97553,3.868,3.763,3.812,,,,Valid,Valid,222.1,91.5,500.9,285.2,89.9,500.1,264.4,201.4,256.5,199.0,0.4957,0.6774,0.5032,0.6816,0.4882,0.6732,Screen Recording,Screen Recording Recording38.mp4,1920,1080,0,0,960,540,Fixation,1112,498,954,735,0.4971,0.6808,,,,,,,,,,,
275300579,1120608505482,Eye Tracker,LipReading,08/25/2025,Chenmingjie,Recording38,07/01/2025,07/01/2025,16:47:15.576,08:47:15.576,803474,Timeline1,Tobii I-VT (Fixation),1.241.54219,1080,1920,10.0,14.5,1.9,2.3,1.39,0.18,0.21,53,7,8,7.8,1.7,1.6,0.77,0.17,0.16,29,6,6,9683845176,,,951,729,965,731,936,727,0.08165,0.21099,-0.97407,-0.05656,0.21241,-0.97554,3.886,3.744,3.815,,,,Valid,Valid,222.1,91.5,500.9,285.2,89.9,500.2,264.1,200.0,256.2,198.8,0.4951,0.6747,0.5026,0.6766,0.4875,0.6727,Screen Recording,Screen Recording Recording38.mp4,1920,1080,0,0,960,540,Fixation,1112,498,954,735,0.4971,0.6808,,,,,,,,,,,
275304579,1120608509482,Eye Tracker,LipReading,08/25/2025,Chenmingjie,Recording38,07/01/2025,07/01/2025,16:47:15.576,08:47:15.576,803474,Timeline1,Tobii I-VT (Fixation),1.241.54219,1080,1920,10.0,14.5,1.9,2.3,1.39,0.18,0.21,53,7,8,7.8,1.7,1.6,0.77,0.17,0.16,29,6,6,9683849176,,,958,733,958,733,,,0.07792,0.21205,-0.97415,,,,3.88,,3.816,,,,Valid,Invalid,222.1,91.5,500.9,,,,262.2,200.5,,,0.499,0.6784,0.499,0.6784,,,Screen Recording,Screen Recording Recording38.mp4,1920,1080,0,0,960,540,Fixation,1112,498,954,735,0.4971,0.6808,,,,,,,,,,,
275308578,1120608513481,Eye Tracker,LipReading,08/25/2025,Chenmingjie,Recording38,07/01/2025,07/01/2025,16:47:15.576,08:47:15.576,803474,Timeline1,Tobii I-VT (Fixation),1.241.54219,1080,1920,10.0,14.5,1.9,2.3,1.39,0.18,0.21,53,7,8,7.8,1.7,1.6,0.77,0.17,0.16,29,6,6,9683853175,,,950,724,963,721,937,726,0.08086,0.20626,-0.97515,-0.05611,0.21212,-0.97563,3.896,3.755,3.818,,,,Valid,Valid,222.1,91.5,500.9,285.2,89.9,500.2,263.7,197.4,256.4,198.7,0.4949,0.6701,0.5018,0.668,0.488,0.6722,Screen Recording,Screen Recording Recording38.mp4,1920,1080,0,0,960,540,Fixation,1112,498,954,735,0.4971,0.6808,,,,,,,,,,,
275312578,1120608517481,Eye Tracker,LipReading,08/25/2025,Chenmingjie,Recording38,07/01/2025,07/01/2025,16:47:15.576,08:47:15.576,803474,Timeline1,Tobii I-VT (Fixation),1.241.54219,1080,1920,10.0,14.5,1.9,2.3,1.39,0.18,0.21,53,7,8,7.8,1.7,1.6,0.77,0.17,0.16,29,6,6,9683857175,,,951,725,963,724,939,725,0.08035,0.20763,-0.9749,-0.05518,0.21177,-0.97576,3.883,3.745,3.826,,,,Valid,Valid,222.1,91.5,500.9,285.2,89.9,500.1,263.4,198.2,256.9,198.5,0.4951,0.671,0.5013,0.6705,0.4889,0.6716,Screen Recording,Screen Recording Recording38.mp4,1920,1080,0,0,960,540,Fixation,1112,498,954,735,0.4971,0.6808,,,,,,,,,,,
275316578,1120608521481,Eye Tracker,LipReading,08/25/2025,Chenmingjie,Recording38,07/01/2025,07/01/2025,16:47:15.576,08:47:15.576,803474,Timeline1,Tobii I-VT (Fixation),1.241.54219,1080,1920,10.0,14.5,1.9,2.3,1.39,0.18,0.21,53,7,8,7.8,1.7,1.6,0.77,0.17,0.16,29,6,6,9683861175,,,949,722,963,724,935,721,0.08057,0.20743,-0.97493,-0.05707,0.20943,-0.97616,3.899,3.775,3.826,,,,Valid,Valid,222.1,91.5,500.9,285.2,89.9,500.1,263.5,198.0,255.9,197.2,0.4943,0.6687,0.5015,0.67,0.4871,0.6674,Screen Recording,Screen Recording Recording38.mp4,1920,1080,0,0,960,540,Fixation,1112,498,954,735,0.4971,0.6808,,,,,,,,,,,
275320577,1120608525480,Eye Tracker,LipReading,08/25/2025,Chenmingjie,Recording38,07/01/2025,07/01/2025,16:47:15.576,08:47:15.576,803474,Timeline1,Tobii I-VT (Fixation),1.241.54219,1080,1920,10.0,14.5,1.9,2.3,1.39,0.18,0.21,53,7,8,7.8,1.7,1.6,0.77,0.17,0.16,29,6,6,9683865174,,,948,721,959,719,937,723,0.07854,0.20487,-0.97563,-0.05625,0.21081,-0.97591,3.917,3.76,3.822,,,,Valid,Valid,222.1,91.5,500.9,285.2,89.9,500.2,262.5,196.7,256.4,198.0,0.4937,0.6676,0.4995,0.6654,0.4879,0.6698,Screen Recording,Screen Recording Recording38.mp4,1920,1080,0,0,960,540,Fixation,1112,498,954,735,0.4971,0.6808,,,,,,,,,,,
275324576,1120608529479,Eye Tracker,LipReading,08/25/2025,Chenmingjie,Recording38,07/01/2025,07/01/2025,16:47:15.576,08:47:15.576,803474,Timeline1,Tobii I-VT (Fixation),1.241.54219,1080,1920,10.0,14.5,1.9,2.3,1.39,0.18,0.21,53,7,8,7.8,1.7,1.6,0.77,0.17,0.16,29,6,6,9683869174,,,950,729,964,729,937,729,0.08081,0.21039,-0.97427,-0.0562,0.21349,-0.97533,3.875,3.755,3.822,,,,Valid,Valid,222.2,91.5,500.9,285.2,89.9,500.1,263.7,199.6,256.4,199.4,0.4949,0.6751,0.5019,0.6755,0.4879,0.6747,Screen Recording,Screen Recording Recording38.mp4,1920,1080,0,0,960,540,Fixation,1112,498,954,735,0.4971,0.6808,,,,,,,,,,,
275328576,1120608533479,Eye Tracker,LipReading,08/25/2025,Chenmingjie,Recording38,07/01/2025,07/01/2025,16:47:15.576,08:47:15.576,803474,Timeline1,Tobii I-VT (Fixation),1.241.54219,1080,1920,10.0,14.5,1.9,2.3,1.39,0.18,0.21,53,7,8,7.8,1.7,1.6,0.77,0.17,0.16,29,6,6,9683873174,,,950,725,964,722,937,729,0.08109,0.2067,-0.97504,-0.05627,0.21349,-0.97532,3.89,3.747,3.816,,,,Valid,Valid,222.2,91.5,500.9,285.2,89.9,500.1,263.8,197.7,256.3,199.4,0.495,0.6717,0.5021,0.6687,0.4878,0.6747,Screen Recording,Screen Recording Recording38.mp4,1920,1080,0,0,960,540,Fixation,1112,498,954,735,0.4971,0.6808,,,,,,,,,,,
275332576,1120608537479,Eye Tracker,LipReading,08/25/2025,Chenmingjie,Recording38,07/01/2025,07/01/2025,16:47:15.576,08:47:15.576,803474,Timeline1,Tobii I-VT (Fixation),1.241.54219,1080,1920,10.0,14.5,1.9,2.3,1.39,0.18,0.21,53,7,8,7.8,1.7,1.6,0.77,0.17,0.16,29,6,6,9683877174,,,953,730,968,732,939,728,0.08312,0.21156,-0.97382,-0.05521,0.21315,-0.97546,3.864,3.732,3.814,,,,Valid,Valid,222.2,91.5,500.9,285.2,89.9,500.2,264.9,200.3,256.9,199.2,0.4965,0.6758,0.5042,0.6776,0.4889,0.6741,Screen Recording,Screen Recording Recording38.mp4,1920,1080,0,0,960,540,Fixation,1112,498,954,735,0.4971,0.6808,,,,,,,,,,,
275336576,1120608541479,Eye Tracker,LipReading,08/25/2025,Chenmingjie,Recording38,07/01/2025,07/01/2025,16:47:15.576,08:47:15.576,803474,Timeline1,Tobii I-VT (Fixation),1.241.54219,1080,1920,10.0,14.5,1.9,2.3,1.39,0.18,0.21,53,7,8,7.8,1.7,1.6,0.77,0.17,0.16,29,6,6,9683881174,,,950,732,968,735,933,729,0.08304,0.21328,-0.97346,-0.05834,0.21357,-0.97518,3.878,3.763,3.814,,,,Valid,Valid,222.2,91.5,500.9,285.2,89.9,500.2,264.9,201.2,255.3,199.5,0.495,0.6778,0.5041,0.6808,0.4859,0.6749,Screen Recording,Screen Recording Recording38.mp4,1920,1080,0,0,960,540,Fixation,1112,498,954,735,0.4971,0.6808,,,,,,,,,,,
275340577,1120608545480,Eye Tracker,LipReading,08/25/2025,Chenmingjie,Recording38,07/01/2025,07/01/2025,16:47:15.576,08:47:15.576,803474,Timeline1,Tobii I-VT (Fixation),1.241.54219,1080,1920,10.0,14.5,1.9,2.3,1.39,0.18,0.21,53,7,8,7.8,1.7,1.6,0.77,0.17,0.16,29,6,6,9683885175,,,951,726,964,724,938,728,0.08096,0.2075,-0.97488,-0.05545,0.21314,-0.97545,3.877,3.751,3.815,,,,Valid,Valid,222.2,91.5,500.9,285.2,89.9,500.2,263.8,198.1,256.8,199.2,0.4954,0.6721,0.502,0.6702,0.4887,0.674,Screen Recording,Screen Recording Recording38.mp4,1920,1080,0,0,960,540,Fixation,1112,498,954,735,0.4971,0.6808,,,,,,,,,,,
275344577,1120608549480,Eye Tracker,LipReading,08/25/2025,Chenmingjie,Recording38,07/01/2025,07/01/2025,16:47:15.576,08:47:15.576,803474,Timeline1,Tobii I-VT (Fixation),1.241.54219,1080,1920,10.0,14.5,1.9,2.3,1.39,0.18,0.21,53,7,8,7.8,1.7,1.6,0.77,0.17,0.16,29,6,6,9683889175,,,951,726,966,727,937,725,0.08199,0.2091,-0.97445,-0.05633,0.21158,-0.97574,3.873,3.753,3.815,,,,Valid,Valid,222.2,91.5,500.9,285.2,89.9,500.2,264.3,198.9,256.4,198.4,0.4955,0.6722,0.5031,0.6731,0.4879,0.6712,Screen Recording,Screen Recording Recording38.mp4,1920,1080,0,0,960,540,Fixation,1112,498,954,735,0.4971,0.6808,,,,,,,,,,,
275348577,1120608553480,Eye Tracker,LipReading,08/25/2025,Chenmingjie,Recording38,07/01/2025,07/01/2025,16:47:15.576,08:47:15.576,803474,Timeline1,Tobii I-VT (Fixation),1.241.54219,1080,1920,10.0,14.5,1.9,2.3,1.39,0.18,0.21,53,7,8,7.8,1.7,1.6,0.77,0.17,0.16,29,6,6,9683893175,,,955,726,971,724,939,728,0.08458,0.2077,-0.97453,-0.05516,0.21327,-0.97543,3.888,3.755,3.813,,,,Valid,Valid,222.2,91.5,500.9,285.2,89.9,500.1,265.7,198.2,257.0,199.3,0.4973,0.6725,0.5056,0.6707,0.489,0.6743,Screen Recording,Screen Recording Recording38.mp4,1920,1080,0,0,960,540,Fixation,1112,498,954,735,0.4971,0.6808,,,,,,,,,,,
275352577,1120608557480,Eye Tracker,LipReading,08/25/2025,Chenmingjie,Recording38,07/01/2025,07/01/2025,16:47:15.576,08:47:15.576,803474,Timeline1,Tobii I-VT (Fixation),1.241.54219,1080,1920,10.0,14.5,1.9,2.3,1.39,0.18,0.21,53,7,8,7.8,1.7,1.6,0.77,0.17,0.16,29,6,6,9683897175,,,955,732,969,733,941,731,0.08328,0.21206,-0.9737,-0.05422,0.21466,-0.97518,3.865,3.739,3.81,,,,Valid,Valid,222.2,91.5,500.9,285.3,90.0,500.1,265.1,200.5,257.4,200.0,0.4972,0.6777,0.5044,0.6785,0.49,0.6768,Screen Recording,Screen Recording Recording38.mp4,1920,1080,0,0,960,540,Fixation,1112,498,954,735,0.4971,0.6808,,,,,,,,,,,
275356577,1120608561480,Eye Tracker,LipReading,08/25/2025,Chenmingjie,Recording38,07/01/2025,07/01/2025,16:47:15.576,08:47:15.576,803474,Timeline1,Tobii I-VT (Fixation),1.241.54219,1080,1920,10.0,14.5,1.9,2.3,1.39,0.18,0.21,53,7,8,7.8,1.7,1.6,0.77,0.17,0.16,29,6,6,9683901175,,,953,736,967,738,938,734,0.08263,0.21457,-0.97321,-0.05569,0.21624,-0.97475,3.853,3.76,3.807,,,,Valid,Valid,222.2,91.5,500.8,285.3,89.9,500.1,264.8,201.9,256.7,200.9,0.4962,0.6814,0.5039,0.6831,0.4885,0.6797,Screen Recording,Screen Recording Recording38.mp4,1920,1080,0,0,960,540,Fixation,1112,498,954,735,0.4971,0.6808,,,,,,,,,,,
275360576,1120608565479,Eye Tracker,LipReading,08/25/2025,Chenmingjie,Recording38,07/01/2025,07/01/2025,16:47:15.576,08:47:15.576,803474,Timeline1,Tobii I-VT (Fixation),1.241.54219,1080,1920,10.0,14.5,1.9,2.3,1.39,0.18,0.21,53,7,8,7.8,1.7,1.6,0.77,0.17,0.16,29,6,6,9683905174,,,952,729,966,727,938,731,0.08168,0.20931,-0.97443,-0.05558,0.21478,-0.97508,3.867,3.747,3.806,,,,Valid,Valid,222.2,91.5,500.9,285.3,89.9,500.2,264.2,199.0,256.8,200.1,0.4958,0.6753,0.5029,0.6735,0.4887,0.6771,Screen Recording,Screen Recording Recording38.mp4,1920,1080,0,0,960,540,Fixation,1112,498,954,735,0.4971,0.6808,,,,,,,,,,,
275364576,1120608569479,Eye Tracker,LipReading,08/25/2025,Chenmingjie,Recording38,07/01/2025,07/01/2025,16:47:15.576,08:47:15.576,803474,Timeline1,Tobii I-VT (Fixation),1.241.54219,1080,1920,10.0,14.5,1.9,2.3,1.39,0.18,0.21,53,7,8,7.8,1.7,1.6,0.77,0.17,0.16,29,6,6,9683909174,,,954,731,969,729,938,734,0.08358,0.2099,-0.97414,-0.05583,0.21593,-0.97481,3.905,3.745,3.807,,,,Valid,Valid,222.3,91.4,500.9,285.3,90.0,500.1,265.2,199.4,256.7,200.7,0.4966,0.6769,0.5048,0.6746,0.4885,0.6792,Screen Recording,Screen Recording Recording38.mp4,1920,1080,0,0,960,540,Fixation,1112,498,954,735,0.4971,0.6808,,,,,,,,,,,
275368576,1120608573479,Eye Tracker,LipReading,08/25/2025,Chenmingjie,Recording38,07/01/2025,07/01/2025,16:47:15.576,08:47:15.576,803474,Timeline1,Tobii I-VT (Fixation),1.241.54219,1080,1920,10.0,14.5,1.9,2.3,1.39,0.18,0.21,53,7,8,7.8,1.7,1.6,0.77,0.17,0.16,29,6,6,9683913174,,,951,731,966,732,937,729,0.08158,0.21163,-0.97394,-0.05608,0.21376,-0.97528,3.885,3.746,3.815,,,,Valid,Valid,222.3,91.4,500.9,285.3,89.9,500.2,264.2,200.3,256.6,199.6,0.4956,0.6764,0.5029,0.6776,0.4883,0.6752,Screen Recording,Screen Recording Recording38.mp4,1920,1080,0,0,960,540,Fixation,1112,498,954,735,0.4971,0.6808,,,,,,,,,,,
275372576,1120608577479,Eye Tracker,LipReading,08/25/2025,Chenmingjie,Recording38,07/01/2025,07/01/2025,16:47:15.576,08:47:15.576,803474,Timeline1,Tobii I-VT (Fixation),1.241.54219,1080,1920,10.0,14.5,1.9,2.3,1.39,0.18,0.21,53,7,8,7.8,1.7,1.6,0.77,0.17,0.16,29,6,6,9683917174,,,953,735,970,735,937,736,0.08371,0.21322,-0.97341,-0.05614,0.21699,-0.97456,3.854,3.751,3.815,,,,Valid,Valid,222.3,91.5,500.9,285.3,89.9,500.2,265.4,201.2,256.5,201.3,0.4966,0.6809,0.505,0.6807,0.4882,0.6811,Screen Recording,Screen Recording Recording38.mp4,1920,1080,0,0,960,540,Fixation,1112,498,954,735,0.4971,0.6808,,,,,,,,,,,
275376576,1120608581479,Eye Tracker,LipReading,08/25/2025,Chenmingjie,Recording38,07/01/2025,07/01/2025,16:47:15.576,08:47:15.576,803474,Timeline1,Tobii I-VT (Fixation),1.241.54219,1080,1920,10.0,14.5,1.9,2.3,1.39,0.18,0.21,53,7,8,7.8,1.7,1.6,0.77,0.17,0.16,29,6,6,9683921174,,,954,727,971,724,938,731,0.08428,0.20763,-0.97457,-0.05573,0.21453,-0.97513,3.892,3.735,3.815,,,,Valid,Valid,222.3,91.4,500.9,285.3,90.0,500.2,265.6,198.2,256.8,200.0,0.4971,0.6736,0.5055,0.6705,0.4886,0.6766,Screen Recording,Screen Recording Recording38.mp4,1920,1080,0,0,960,540,Fixation,1112,498,954,735,0.4971,0.6808,,,,,,,,,,,
275380576,1120608585479,Eye Tracker,LipReading,08/25/2025,Chenmingjie,Recording38,07/01/2025,07/01/2025,16:47:15.576,08:47:15.576,803474,Timeline1,Tobii I-VT (Fixation),1.241.54219,1080,1920,10.0,14.5,1.9,2.3,1.39,0.18,0.21,53,7,8,7.8,1.7,1.6,0.77,0.17,0.16,29,6,6,9683925175,,,951,728,969,728,934,727,0.08346,0.20982,-0.97417,-0.05822,0.21285,-0.97535,3.88,3.746,3.816,,,,Valid,Valid,222.3,91.5,500.9,285.4,89.9,500.2,265.2,199.3,255.5,199.1,0.4955,0.674,0.5048,0.6744,0.4863,0.6736,Screen Recording,Screen Recording Recording38.mp4,1920,1080,0,0,960,540,Fixation,1112,498,954,735,0.4971,0.6808,,,,,,,,,,,
275384576,1120608589479,Eye Tracker,LipReading,08/25/2025,Chenmingjie,Recording38,07/01/2025,07/01/2025,16:47:15.576,08:47:15.576,803474,Timeline1,Tobii I-VT (Fixation),1.241.54219,1080,1920,10.0,14.5,1.9,2.3,1.39,0.18,0.21,53,7,8,7.8,1.7,1.6,0.77,0.17,0.16,29,6,6,9683929175,,,951,728,967,729,935,727,0.08221,0.21034,-0.97417,-0.05764,0.2128,-0.97539,3.887,3.741,3.816,,,,Valid,Valid,222.3,91.5,500.9,285.4,90.0,500.2,264.6,199.6,255.8,199.1,0.4952,0.6744,0.5036,0.6753,0.4868,0.6736,Screen Recording,Screen Recording Recording38.mp4,1920,1080,0,0,960,540,Fixation,1112,498,954,735,0.4971,0.6808,,,,,,,,,,,
275388576,1120608593479,Eye Tracker,LipReading,08/25/2025,Chenmingjie,Recording38,07/01/2025,07/01/2025,16:47:15.576,08:47:15.576,803474,Timeline1,Tobii I-VT (Fixation),1.241.54219,1080,1920,10.0,14.5,1.9,2.3,1.39,0.18,0.21,53,7,8,7.8,1.7,1.6,0.77,0.17,0.16,29,6,6,9683933175,,,952,731,965,732,938,730,0.08133,0.21183,-0.97392,-0.05602,0.21405,-0.97522,3.886,3.753,3.818,,,,Valid,Valid,222.4,91.5,500.9,285.4,90.0,500.1,264.2,200.4,256.6,199.7,0.4956,0.6769,0.5028,0.678,0.4884,0.6758,Screen Recording,Screen Recording Recording38.mp4,1920,1080,0,0,960,540,Fixation,1112,498,954,735,0.4971,0.6808,,,,,,,,,,,
275392576,1120608597479,Eye Tracker,LipReading,08/25/2025,Chenmingjie,Recording38,07/01/2025,07/01/2025,16:47:15.576,08:47:15.576,803474,Timeline1,Tobii I-VT (Fixation),1.241.54219,1080,1920,10.0,14.5,1.9,2.3,1.39,0.18,0.21,53,7,8,7.8,1.7,1.6,0.77,0.17,0.16,29,6,6,9683937175,,,955,721,971,727,940,716,0.08444,0.20887,-0.97429,-0.05521,0.20681,-0.97682,3.89,3.75,3.818,,,,Valid,Valid,222.4,91.4,500.9,285.4,89.9,500.2,265.8,198.8,257.1,195.8,0.4976,0.6677,0.5058,0.6727,0.4894,0.6626,Screen Recording,Screen Recording Recording38.mp4,1920,1080,0,0,960,540,Fixation,1112,498,954,735,0.4971,0.6808,,,,,,,,,,,
275396576,1120608601479,Eye Tracker,LipReading,08/25/2025,Chenmingjie,Recording38,07/01/2025,07/01/2025,16:47:15.576,08:47:15.576,803474,Timeline1,Tobii I-VT (Fixation),1.241.54219,1080,1920,10.0,14.5,1.9,2.3,1.39,0.18,0.21,53,7,8,7.8,1.7,1.6,0.77,0.17,0.16,29,6,6,9683941175,,,949,734,966,740,932,729,0.08138,0.21576,-0.97305,-0.05912,0.21353,-0.97515,3.874,3.752,3.812,,,,Valid,Valid,222.4,91.4,500.9,285.4,90.0,500.2,264.3,202.5,255.1,199.5,0.4942,0.68,0.5029,0.6852,0.4855,0.6749,Screen Recording,Screen Recording Recording38.mp4,1920,1080,0,0,960,540,Fixation,1112,498,954,735,0.4971,0.6808,,,,,,,,,,,
275400575,1120608605478,Eye Tracker,LipReading,08/25/2025,Chenmingjie,Recording38,07/01/2025,07/01/2025,16:47:15.576,08:47:15.576,803474,Timeline1,Tobii I-VT (Fixation),1.241.54219,1080,1920,10.0,14.5,1.9,2.3,1.39,0.18,0.21,53,7,8,7.8,1.7,1.6,0.77,0.17,0.16,29,6,6,9683945174,,,952,734,968,735,936,732,0.08285,0.21341,-0.97344,-0.05691,0.21528,-0.97489,3.864,3.748,3.806,,,,Valid,Valid,222.4,91.5,500.9,285.4,90.0,500.2,265.0,201.3,256.2,200.4,0.496,0.6795,0.5044,0.6809,0.4876,0.678,Screen Recording,Screen Recording Recording38.mp4,1920,1080,0,0,960,540,Fixation,1112,498,954,735,0.4971,0.6808,,,,,,,,,,,
275404575,1120608609478,Eye Tracker,LipReading,08/25/2025,Chenmingjie,Recording38,07/01/2025,07/01/2025,16:47:15.576,08:47:15.576,803474,Timeline1,Tobii I-VT (Fixation),1.241.54219,1080,1920,10.0,14.5,1.9,2.3,1.39,0.18,0.21,53,7,8,7.8,1.7,1.6,0.77,0.17,0.16,29,6,6,9683949174,,,953,737,966,745,940,728,0.08169,0.21835,-0.97245,-0.05503,0.2133,-0.97544,3.854,3.734,3.804,,,,Valid,Valid,222.4,91.4,500.9,285.4,90.0,500.2,264.5,203.9,257.2,199.3,0.4964,0.6821,0.5033,0.6899,0.4895,0.6744,Screen Recording,Screen Recording Recording38.mp4,1920,1080,0,0,960,540,Fixation,1112,498,954,735,0.4971,0.6808,,,,,,,,,,,
275408575,1120608613478,Eye Tracker,LipReading,08/25/2025,Chenmingjie,Recording38,07/01/2025,07/01/2025,16:47:15.576,08:47:15.576,803474,Timeline1,Tobii I-VT (Fixation),1.241.54219,1080,1920,10.0,14.5,1.9,2.3,1.39,0.18,0.21,53,7,8,7.8,1.7,1.6,0.77,0.17,0.16,29,6,6,9683953174,,,955,733,970,738,939,729,0.08358,0.21453,-0.97313,-0.05535,0.21377,-0.97531,3.862,3.746,3.798,,,,Valid,Valid,222.4,91.5,500.9,285.4,89.9,500.2,265.4,201.9,257.0,199.6,0.4972,0.6791,0.5051,0.683,0.4892,0.6752,Screen Recording,Screen Recording Recording38.mp4,1920,1080,0,0,960,540,Fixation,1112,498,954,735,0.4971,0.6808,,,,,,,,,,,
275412575,1120608617478,Eye Tracker,LipReading,08/25/2025,Chenmingjie,Recording38,07/01/2025,07/01/2025,16:47:15.576,08:47:15.576,803474,Timeline1,Tobii I-VT (Fixation),1.241.54219,1080,1920,10.0,14.5,1.9,2.3,1.39,0.18,0.21,53,7,8,7.8,1.7,1.6,0.77,0.17,0.16,29,6,6,9683957174,,,951,736,965,738,937,733,0.08082,0.21463,-0.97335,-0.05641,0.21586,-0.97479,3.859,3.731,3.796,,,,Valid,Valid,222.4,91.5,500.8,285.4,90.0,500.1,264.0,201.9,256.5,200.7,0.4953,0.6811,0.5024,0.6831,0.4882,0.6791,Screen Recording,Screen Recording Recording38.mp4,1920,1080,0,0,960,540,Fixation,1112,498,954,735,0.4971,0.6808,,,,,,,,,,,
275416575,1120608621478,Eye Tracker,LipReading,08/25/2025,Chenmingjie,Recording38,07/01/2025,07/01/2025,16:47:15.576,08:47:15.576,803474,Timeline1,Tobii I-VT (Fixation),1.241.54219,1080,1920,10.0,14.5,1.9,2.3,1.39,0.18,0.21,53,7,8,7.8,1.7,1.6,0.77,0.17,0.16,29,6,6,9683961174,,,951,734,966,737,937,732,0.08142,0.21441,-0.97335,-0.05653,0.21495,-0.97499,3.865,3.722,3.796,,,,Valid,Valid,222.4,91.5,500.8,285.4,90.0,500.1,264.3,201.8,256.5,200.2,0.4956,0.6801,0.503,0.6827,0.4881,0.6775,Screen Recording,Screen Recording Recording38.mp4,1920,1080,0,0,960,540,Fixation,1112,498,954,735,0.4971,0.6808,,,,,,,,,,,
275420576,1120608625479,Eye Tracker,LipReading,08/25/2025,Chenmingjie,Recording38,07/01/2025,07/01/2025,16:47:15.576,08:47:15.576,803474,Timeline1,Tobii I-VT (Fixation),1.241.54219,1080,1920,10.0,14.5,1.9,2.3,1.39,0.18,0.21,53,7,8,7.8,1.7,1.6,0.77,0.17,0.16,29,6,6,9683965175,,,952,732,965,733,940,730,0.08079,0.21232,-0.97386,-0.05517,0.2142,-0.97523,3.87,3.714,3.798,,,,Valid,Valid,222.4,91.4,500.9,285.5,90.0,500.1,264.0,200.6,257.2,199.8,0.4959,0.6775,0.5024,0.6788,0.4894,0.6761,Screen Recording,Screen Recording Recording38.mp4,1920,1080,0,0,960,540,Fixation,1112,498,954,735,0.4971,0.6808,,,,,,,,,,,
275424576,1120608629479,Eye Tracker,LipReading,08/25/2025,Chenmingjie,Recording38,07/01/2025,07/01/2025,16:47:15.576,08:47:15.576,803474,Timeline1,Tobii I-VT (Fixation),1.241.54219,1080,1920,10.0,14.5,1.9,2.3,1.39,0.18,0.21,53,7,8,7.8,1.7,1.6,0.77,0.17,0.16,29,6,6,9683969175,,,953,733,964,735,942,730,0.08047,0.21341,-0.97364,-0.05387,0.2142,-0.9753,3.878,3.726,3.798,,,,Valid,Valid,222.4,91.4,500.8,285.5,90.0,500.1,263.8,201.2,257.8,199.8,0.4964,0.6784,0.5021,0.6808,0.4907,0.6761,Screen Recording,Screen Recording Recording38.mp4,1920,1080,0,0,960,540,Fixation,1112,498,954,735,0.4971,0.6808,,,,,,,,,,,
275428576,1120608633479,Eye Tracker,LipReading,08/25/2025,Chenmingjie,Recording38,07/01/2025,07/01/2025,16:47:15.576,08:47:15.576,803474,Timeline1,Tobii I-VT (Fixation),1.241.54219,1080,1920,10.0,14.5,1.9,2.3,1.39,0.18,0.21,53,7,8,7.8,1.7,1.6,0.77,0.17,0.16,29,6,6,9683973175,,,953,732,969,731,937,732,0.08327,0.2111,-0.97391,-0.05663,0.21533,-0.9749,3.891,3.737,3.798,,,,Valid,Valid,222.4,91.4,500.9,285.5,90.0,500.1,265.3,200.0,256.4,200.4,0.4964,0.6774,0.5048,0.6766,0.488,0.6782,Screen Recording,Screen Recording Recording38.mp4,1920,1080,0,0,960,540,Fixation,1112,498,954,735,0.4971,0.6808,,,,,,,,,,,
275432576,1120608637479,Eye Tracker,LipReading,08/25/2025,Chenmingjie,Recording38,07/01/2025,07/01/2025,16:47:15.576,08:47:15.576,803474,Timeline1,Tobii I-VT (Fixation),1.241.54219,1080,1920,10.0,14.5,1.9,2.3,1.39,0.18,0.21,53,7,8,7.8,1.7,1.6,0.77,0.17,0.16,29,6,6,9683977175,,,951,734,966,737,935,730,0.08162,0.2145,-0.97331,-0.05744,0.21424,-0.97509,3.847,3.748,3.803,,,,Valid,Valid,222.4,91.4,500.8,285.5,90.0,500.2,264.4,201.8,256.0,199.8,0.4953,0.6795,0.5033,0.6828,0.4872,0.6762,Screen Recording,Screen Recording Recording38.mp4,1920,1080,0,0,960,540,Fixation,1112,498,954,735,0.4971,0.6808,,,,,,,,,,,
275436575,1120608641478,Eye Tracker,LipReading,08/25/2025,Chenmingjie,Recording38,07/01/2025,07/01/2025,16:47:15.576,08:47:15.576,803474,Timeline1,Tobii I-VT (Fixation),1.241.54219,1080,1920,10.0,14.5,1.9,2.3,1.39,0.18,0.21,53,7,8,7.8,1.7,1.6,0.77,0.17,0.16,29,6,6,9683981174,,,951,733,965,740,937,727,0.08095,0.21573,-0.97309,-0.0564,0.21243,-0.97555,3.865,3.719,3.801,,,,Valid,Valid,222.5,91.4,500.8,285.5,89.9,500.2,264.1,202.5,256.6,198.9,0.4955,0.6789,0.5026,0.685,0.4883,0.6728,Screen Recording,Screen Recording Recording38.mp4,1920,1080,0,0,960,540,Fixation,1112,498,954,735,0.4971,0.6808,,,,,,,,,,,
275440574,1120608645477,Eye Tracker,LipReading,08/25/2025,Chenmingjie,Recording38,07/01/2025,07/01/2025,16:47:15.576,08:47:15.576,803474,Timeline1,Tobii I-VT (Fixation),1.241.54219,1080,1920,10.0,14.5,1.9,2.3,1.39,0.18,0.21,53,7,8,7.8,1.7,1.6,0.77,0.17,0.16,29,6,6,9683985173,,,954,732,969,733,938,732,0.08305,0.2121,-0.97371,-0.05594,0.21507,-0.975,3.886,3.728,3.804,,,,Valid,Valid,222.5,91.4,500.8,285.5,90.0,500.1,265.2,200.5,256.8,200.3,0.4967,0.678,0.5047,0.6785,0.4887,0.6776,Screen Recording,Screen Recording Recording38.mp4,1920,1080,0,0,960,540,Fixation,1112,498,954,735,0.4971,0.6808,,,,,,,,,,,
275444574,1120608649477,Eye Tracker,LipReading,08/25/2025,Chenmingjie,Recording38,07/01/2025,07/01/2025,16:47:15.576,08:47:15.576,803474,Timeline1,Tobii I-VT (Fixation),1.241.54219,1080,1920,10.0,14.5,1.9,2.3,1.39,0.18,0.21,53,7,8,7.8,1.7,1.6,0.77,0.17,0.16,29,6,6,9683989173,,,955,734,973,742,937,726,0.08491,0.2167,-0.97254,-0.05681,0.21207,-0.9756,3.86,3.743,3.8,,,,Valid,Valid,222.5,91.4,500.8,285.5,90.0,500.1,266.2,203.0,256.4,198.7,0.4972,0.6795,0.5066,0.6869,0.4879,0.6722,Screen Recording,Screen Recording Recording38.mp4,1920,1080,0,0,960,540,Fixation,1112,498,954,735,0.4971,0.6808,,,,,,,,,,,
275448574,1120608653477,Eye Tracker,LipReading,08/25/2025,Chenmingjie,Recording38,07/01/2025,07/01/2025,16:47:15.576,08:47:15.576,803474,Timeline1,Tobii I-VT (Fixation),1.241.54219,1080,1920,10.0,14.5,1.9,2.3,1.39,0.18,0.21,53,7,8,7.8,1.7,1.6,0.77,0.17,0.16,29,6,6,9683993173,,,955,736,971,734,939,738,0.08398,0.2126,-0.97352,-0.05559,0.21833,-0.97429,3.879,3.754,3.8,,,,Valid,Valid,222.5,91.4,500.8,285.5,90.0,500.1,265.7,200.8,256.9,202.0,0.4973,0.6814,0.5056,0.6793,0.489,0.6835,Screen Recording,Screen Recording Recording38.mp4,1920,1080,0,0,960,540,Fixation,1112,498,954,735,0.4971,0.6808,,,,,,,,,,,
275452574,1120608657477,Eye Tracker,LipReading,08/25/2025,Chenmingjie,Recording38,07/01/2025,07/01/2025,16:47:15.576,08:47:15.576,803474,Timeline1,Tobii I-VT (Fixation),1.241.54219,1080,1920,10.0,14.5,1.9,2.3,1.39,0.18,0.21,53,7,8,7.8,1.7,1.6,0.77,0.17,0.16,29,6,6,9683997173,,,956,738,967,739,945,738,0.0818,0.21544,-0.97309,-0.05256,0.21803,-0.97453,3.872,3.717,3.804,,,,Valid,Valid,222.5,91.4,500.8,285.5,89.9,500.1,264.6,202.3,258.5,201.8,0.4977,0.6837,0.5035,0.6845,0.492,0.6829,Screen Recording,Screen Recording Recording38.mp4,1920,1080,0,0,960,540,Fixation,1112,498,954,735,0.4971,0.6808,,,,,,,,,,,
275456574,1120608661477,Eye Tracker,LipReading,08/25/2025,Chenmingjie,Recording38,07/01/2025,07/01/2025,16:47:15.576,08:47:15.576,803474,Timeline1,Tobii I-VT (Fixation),1.241.54219,1080,1920,10.0,14.5,1.9,2.3,1.39,0.18,0.21,53,7,8,7.8,1.7,1.6,0.77,0.17,0.16,29,6,6,9684001173,,,952,734,966,740,938,729,0.08143,0.21592,-0.97301,-0.05618,0.21348,-0.97533,3.863,3.72,3.804,,,,Valid,Valid,222.5,91.4,500.8,285.5,89.9,500.2,264.4,202.6,256.7,199.4,0.4958,0.68,0.5031,0.6853,0.4885,0.6747,Screen Recording,Screen Recording Recording38.mp4,1920,1080,0,0,960,540,Fixation,1112,498,954,735,0.4971,0.6808,,,,,,,,,,,
275460575,1120608665478,Eye Tracker,LipReading,08/25/2025,Chenmingjie,Recording38,07/01/2025,07/01/2025,16:47:15.576,08:47:15.576,803474,Timeline1,Tobii I-VT (Fixation),1.241.54219,1080,1920,10.0,14.5,1.9,2.3,1.39,0.18,0.21,53,7,8,7.8,1.7,1.6,0.77,0.17,0.16,29,6,6,9684005174,,,952,726,967,724,937,728,0.08229,0.20751,-0.97476,-0.05669,0.21312,-0.97538,3.913,3.735,3.804,,,,Valid,Valid,222.5,91.4,500.8,285.5,89.9,500.1,264.7,198.0,256.4,199.2,0.4959,0.672,0.5038,0.67,0.488,0.674,Screen Recording,Screen Recording Recording38.mp4,1920,1080,0,0,960,540,Fixation,1112,498,954,735,0.4971,0.6808,,,,,,,,,,,
275464575,1120608669478,Eye Tracker,LipReading,08/25/2025,Chenmingjie,Recording38,07/01/2025,07/01/2025,16:47:15.576,08:47:15.576,803474,Timeline1,Tobii I-VT (Fixation),1.241.54219,1080,1920,10.0,14.5,1.9,2.3,1.39,0.18,0.21,53,7,8,7.8,1.7,1.6,0.77,0.17,0.16,29,6,6,9684009174,,,953,738,967,743,939,732,0.08172,0.21745,-0.97264,-0.05575,0.21534,-0.97495,3.867,3.736,3.808,,,,Valid,Valid,222.4,91.4,500.8,285.5,89.9,500.1,264.5,203.4,256.9,200.4,0.4961,0.6831,0.5034,0.6881,0.4889,0.678,Screen Recording,Screen Recording Recording38.mp4,1920,1080,0,0,960,540,Fixation,1112,498,954,735,0.4971,0.6808,,,,,,,,,,,
275468575,1120608673478,Eye Tracker,LipReading,08/25/2025,Chenmingjie,Recording38,07/01/2025,07/01/2025,16:47:15.576,08:47:15.576,803474,Timeline1,Tobii I-VT (Fixation),1.241.54219,1080,1920,10.0,14.5,1.9,2.3,1.39,0.18,0.21,53,7,8,7.8,1.7,1.6,0.77,0.17,0.16,29,6,6,9684013174,,,955,737,973,738,938,736,0.08499,0.21493,-0.97292,-0.05617,0.21699,-0.97456,3.88,3.737,3.808,,,,Valid,Valid,222.4,91.4,500.8,285.5,89.9,500.1,266.2,202.0,256.6,201.3,0.4975,0.6823,0.5066,0.6835,0.4884,0.6811,Screen Recording,Screen Recording Recording38.mp4,1920,1080,0,0,960,540,Fixation,1112,498,954,735,0.4971,0.6808,,,,,,,,,,,
275472574,1120608677477,Eye Tracker,LipReading,08/25/2025,Chenmingjie,Recording38,07/01/2025,07/01/2025,16:47:15.576,08:47:15.576,803474,Timeline1,Tobii I-VT (Fixation),1.241.54219,1080,1920,10.0,14.5,1.9,2.3,1.39,0.18,0.21,53,7,8,7.8,1.7,1.6,0.77,0.17,0.16,29,6,6,9684017174,,,959,730,979,730,939,730,0.0883,0.21073,-0.97355,-0.05576,0.21421,-0.9752,3.889,3.721,3.805,,,,Valid,Valid,222.4,91.4,500.8,285.5,89.9,500.1,267.9,199.8,256.9,199.8,0.4993,0.676,0.5098,0.676,0.4888,0.6759,Screen Recording,Screen Recording Recording38.mp4,1920,1080,0,0,960,540,Fixation,1112,498,954,735,0.4971,0.6808,,,,,,,,,,,
275476574,1120608681477,Eye Tracker,LipReading,08/25/2025,Chenmingjie,Recording38,07/01/2025,07/01/2025,16:47:15.576,08:47:15.576,803474,Timeline1,Tobii I-VT (Fixation),1.241.54219,1080,1920,10.0,14.5,1.9,2.3,1.39,0.18,0.21,53,7,8,7.8,1.7,1.6,0.77,0.17,0.16,29,6,6,9684021174,,,955,734,970,735,940,733,0.0838,0.21348,-0.97335,-0.05514,0.2158,-0.97488,3.874,3.71,3.801,,,,Valid,Valid,222.4,91.4,500.8,285.4,89.9,500.1,265.5,201.2,257.2,200.6,0.4974,0.6798,0.5054,0.6808,0.4894,0.6788,Screen Recording,Screen Recording Recording38.mp4,1920,1080,0,0,960,540,Fixation,1112,498,954,735,0.4971,0.6808,,,,,,,,,,,
275480573,1120608685476,Eye Tracker,LipReading,08/25/2025,Chenmingjie,Recording38,07/01/2025,07/01/2025,16:47:15.576,08:47:15.576,803474,Timeline1,Tobii I-VT (Fixation),1.241.54219,1080,1920,10.0,14.5,1.9,2.3,1.39,0.18,0.21,53,7,8,7.8,1.7,1.6,0.77,0.17,0.16,29,6,6,9684025173,,,953,732,967,734,940,729,0.0819,0.21306,-0.9736,-0.05489,0.21376,-0.97534,3.87,3.736,3.793,,,,Valid,Valid,222.4,91.4,500.8,285.4,89.9,500.1,264.6,201.0,257.3,199.5,0.4966,0.6775,0.5035,0.68,0.4897,0.6751,Screen Recording,Screen Recording Recording38.mp4,1920,1080,0,0,960,540,Fixation,1112,498,954,735,0.4971,0.6808,,,,,,,,,,,
275484573,1120608689476,Eye Tracker,LipReading,08/25/2025,Chenmingjie,Recording38,07/01/2025,07/01/2025,16:47:15.576,08:47:15.576,803474,Timeline1,Tobii I-VT (Fixation),1.241.54219,1080,1920,10.0,14.5,1.9,2.3,1.39,0.18,0.21,53,7,8,7.8,1.7,1.6,0.77,0.17,0.16,29,6,6,9684029173,,,955,729,971,725,940,734,0.08423,0.20813,-0.97447,-0.05498,0.21635,-0.97477,3.904,3.701,3.79,,,,Valid,Valid,222.4,91.4,500.8,285.4,89.9,500.0,265.7,198.3,257.2,200.9,0.4976,0.6754,0.5057,0.6711,0.4895,0.6798,Screen Recording,Screen Recording Recording38.mp4,1920,1080,0,0,960,540,Fixation,1112,498,954,735,0.4971,0.6808,,,,,,,,,,,
275488573,1120608693476,Eye Tracker,LipReading,08/25/2025,Chenmingjie,Recording38,07/01/2025,07/01/2025,16:47:15.576,08:47:15.576,803474,Timeline1,Tobii I-VT (Fixation),1.241.54219,1080,1920,10.0,14.5,1.9,2.3,1.39,0.18,0.21,53,7,8,7.8,1.7,1.6,0.77,0.17,0.16,29,6,6,9684033173,,,954,736,968,738,940,733,0.08241,0.2149,-0.97315,-0.0552,0.21593,-0.97485,3.86,3.712,3.782,,,,Valid,Valid,222.4,91.4,500.8,285.4,89.9,500.0,264.8,202.0,257.1,200.7,0.4967,0.6812,0.504,0.6833,0.4893,0.679,Screen Recording,Screen Recording Recording38.mp4,1920,1080,0,0,960,540,Fixation,1112,498,954,735,0.4971,0.6808,,,,,,,,,,,
275492573,1120608697476,Eye Tracker,LipReading,08/25/2025,Chenmingjie,Recording38,07/01/2025,07/01/2025,16:47:15.576,08:47:15.576,803474,Timeline1,Tobii I-VT (Fixation),1.241.54219,1080,1920,10.0,14.5,1.9,2.3,1.39,0.18,0.21,53,7,8,7.8,1.7,1.6,0.77,0.17,0.16,29,6,6,9684037173,,,955,734,971,734,939,734,0.08444,0.21266,-0.97347,-0.05518,0.21649,-0.97472,3.862,3.701,3.781,,,,Valid,Valid,222.4,91.4,500.8,285.4,89.9,500.0,265.8,200.8,257.1,201.0,0.4976,0.6797,0.5059,0.6793,0.4893,0.6801,Screen Recording,Screen Recording Recording38.mp4,1920,1080,0,0,960,540,Fixation,1112,498,954,735,0.4971,0.6808,,,,,,,,,,,
275496573,1120608701476,Eye Tracker,LipReading,08/25/2025,Chenmingjie,Recording38,07/01/2025,07/01/2025,16:47:15.576,08:47:15.576,803474,Timeline1,Tobii I-VT (Fixation),1.241.54219,1080,1920,10.0,14.5,1.9,2.3,1.39,0.18,0.21,53,7,8,7.8,1.7,1.6,0.77,0.17,0.16,29,6,6,9684041173,,,955,732,972,730,939,733,0.08457,0.21085,-0.97385,-0.05566,0.21575,-0.97486,3.856,3.701,3.782,,,,Valid,Valid,222.4,91.4,500.8,285.4,89.9,500.0,265.9,199.8,256.9,200.6,0.4974,0.6773,0.506,0.676,0.4888,0.6787,Screen Recording,Screen Recording Recording38.mp4,1920,1080,0,0,960,540,Fixation,1112,498,954,735,0.4971,0.6808,,,,,,,,,,,
275500574,1120608705477,Eye Tracker,LipReading,08/25/2025,Chenmingjie,Recording38,07/01/2025,07/01/2025,16:47:15.576,08:47:15.576,803474,Timeline1,Tobii I-VT (Fixation),1.241.54219,1080,1920,10.0,14.5,1.9,2.3,1.39,0.18,0.21,53,7,8,7.8,1.7,1.6,0.77,0.17,0.16,29,6,6,9684045174,,,953,735,966,736,940,733,0.0815,0.21416,-0.97339,-0.05495,0.21563,-0.97493,3.853,3.71,3.781,,,,Valid,Valid,222.4,91.4,500.8,285.4,89.9,500.0,264.3,201.5,257.2,200.5,0.4963,0.6802,0.503,0.6819,0.4895,0.6785,Screen Recording,Screen Recording Recording38.mp4,1920,1080,0,0,960,540,Fixation,1112,498,954,735,0.4971,0.6808,,,,,,,,,,,
275504574,1120608709477,Eye Tracker,LipReading,08/25/2025,Chenmingjie,Recording38,07/01/2025,07/01/2025,16:47:15.576,08:47:15.576,803474,Timeline1,Tobii I-VT (Fixation),1.241.54219,1080,1920,10.0,14.5,1.9,2.3,1.39,0.18,0.21,53,7,8,7.8,1.7,1.6,0.77,0.17,0.16,29,6,6,9684049174,,,953,732,964,731,942,732,0.08054,0.21142,-0.97407,-0.05373,0.21542,-0.97504,3.872,3.705,3.78,,,,Valid,Valid,222.4,91.4,500.8,285.4,89.9,500.0,263.8,200.1,257.8,200.4,0.4964,0.6774,0.502,0.6769,0.4907,0.678,Screen Recording,Screen Recording Recording38.mp4,1920,1080,0,0,960,540,Fixation,1112,498,954,735,0.4971,0.6808,,,,,,,,,,,
275508574,1120608713477,Eye Tracker,LipReading,08/25/2025,Chenmingjie,Recording38,07/01/2025,07/01/2025,16:47:15.576,08:47:15.576,803474,Timeline1,Tobii I-VT (Fixation),1.241.54219,1080,1920,10.0,14.5,1.9,2.3,1.39,0.18,0.21,53,7,8,7.8,1.7,1.6,0.77,0.17,0.16,29,6,6,9684053174,,,955,735,971,736,938,734,0.08445,0.21374,-0.97323,-0.0557,0.21613,-0.97477,3.858,3.713,3.781,,,,Valid,Valid,222.4,91.4,500.8,285.4,89.9,500.1,265.8,201.3,256.8,200.8,0.4973,0.6803,0.5059,0.6812,0.4888,0.6793,Screen Recording,Screen Recording Recording38.mp4,1920,1080,0,0,960,540,Fixation,1112,498,954,735,0.4971,0.6808,,,,,,,,,,,
275512573,1120608717476,Eye Tracker,LipReading,08/25/2025,Chenmingjie,Recording38,07/01/2025,07/01/2025,16:47:15.576,08:47:15.576,803474,Timeline1,Tobii I-VT (Fixation),1.241.54219,1080,1920,10.0,14.5,1.9,2.3,1.39,0.18,0.21,53,7,8,7.8,1.7,1.6,0.77,0.17,0.16,29,6,6,9684057174,,,957,736,973,738,940,733,0.08527,0.21504,-0.97288,-0.05461,0.21568,-0.97494,3.844,3.703,3.78,,,,Valid,Valid,222.4,91.3,500.8,285.4,89.9,500.1,266.3,202.0,257.4,200.5,0.4983,0.681,0.5067,0.6836,0.4898,0.6785,Screen Recording,Screen Recording Recording38.mp4,1920,1080,0,0,960,540,Fixation,1112,498,954,735,0.4971,0.6808,,,,,,,,,,,
275516573,1120608721476,Eye Tracker,LipReading,08/25/2025,Chenmingjie,Recording38,07/01/2025,07/01/2025,16:47:15.576,08:47:15.576,803474,Timeline1,Tobii I-VT (Fixation),1.241.54219,1080,1920,10.0,14.5,1.9,2.3,1.39,0.18,0.21,53,7,8,7.8,1.7,1.6,0.77,0.17,0.16,29,6,6,9684061174,,,954,733,970,739,938,727,0.0838,0.21557,-0.97289,-0.05572,0.21261,-0.97555,3.837,3.715,3.78,,,,Valid,Valid,222.4,91.3,500.8,285.4,89.9,500.1,265.5,202.3,256.8,198.9,0.497,0.6787,0.5053,0.6845,0.4888,0.6729,Screen Recording,Screen Recording Recording38.mp4,1920,1080,0,0,960,540,Fixation,1112,498,954,735,0.4971,0.6808,,,,,,,,,,,
275520572,1120608725475,Eye Tracker,LipReading,08/25/2025,Chenmingjie,Recording38,07/01/2025,07/01/2025,16:47:15.576,08:47:15.576,803474,Timeline1,Tobii I-VT (Fixation),1.241.54219,1080,1920,10.0,14.5,1.9,2.3,1.39,0.18,0.21,53,7,8,7.8,1.7,1.6,0.77,0.17,0.16,29,6,6,9684065173,,,952,731,966,738,938,724,0.08167,0.21511,-0.97317,-0.05581,0.2113,-0.97583,3.846,3.729,3.774,,,,Valid,Valid,222.4,91.4,500.8,285.4,89.9,500.1,264.4,202.1,256.8,198.2,0.4959,0.6771,0.5032,0.6836,0.4887,0.6705,Screen Recording,Screen Recording Recording38.mp4,1920,1080,0,0,960,540,Fixation,1112,498,954,735,0.4971,0.6808,,,,,,,,,,,
275524572,1120608729475,Eye Tracker,LipReading,08/25/2025,Chenmingjie,Recording38,07/01/2025,07/01/2025,16:47:15.576,08:47:15.576,803474,Timeline1,Tobii I-VT (Fixation),1.241.54219,1080,1920,10.0,14.5,1.9,2.3,1.39,0.18,0.21,53,7,8,7.8,1.7,1.6,0.77,0.17,0.16,29,6,6,9684069173,,,955,736,970,737,940,735,0.08358,0.2144,-0.97316,-0.05506,0.21698,-0.97462,3.85,3.699,3.777,,,,Valid,Valid,222.3,91.4,500.7,285.4,89.9,500.1,265.3,201.7,257.1,201.2,0.4972,0.6816,0.505,0.6824,0.4893,0.6808,Screen Recording,Screen Recording Recording38.mp4,1920,1080,0,0,960,540,Fixation,1112,498,954,735,0.4971,0.6808,,,,,,,,,,,
275528572,1120608733475,Eye Tracker,LipReading,08/25/2025,Chenmingjie,Recording38,07/01/2025,07/01/2025,16:47:15.576,08:47:15.576,803474,Timeline1,Tobii I-VT (Fixation),1.241.54219,1080,1920,10.0,14.5,1.9,2.3,1.39,0.18,0.21,53,7,8,7.8,1.7,1.6,0.77,0.17,0.16,29,6,6,9684073173,,,953,729,967,727,940,731,0.08207,0.20958,-0.97434,-0.05475,0.21471,-0.97514,3.864,3.7,3.775,,,,Valid,Valid,222.3,91.4,500.7,285.4,89.9,500.1,264.5,199.1,257.3,200.0,0.4965,0.6751,0.5034,0.6736,0.4897,0.6767,Screen Recording,Screen Recording Recording38.mp4,1920,1080,0,0,960,540,Fixation,1112,498,954,735,0.4971,0.6808,,,,,,,,,,,
275532572,1120608737475,Eye Tracker,LipReading,08/25/2025,Chenmingjie,Recording38,07/01/2025,07/01/2025,16:47:15.576,08:47:15.576,803474,Timeline1,Tobii I-VT (Fixation),1.241.54219,1080,1920,10.0,14.5,1.9,2.3,1.39,0.18,0.21,53,7,8,7.8,1.7,1.6,0.77,0.17,0.16,29,6,6,9684077173,,,957,730,972,734,942,726,0.08478,0.21289,-0.97339,-0.05358,0.21222,-0.97575,3.839,3.709,3.777,,,,Valid,Valid,222.3,91.4,500.8,285.3,89.9,500.1,265.9,200.9,257.9,198.6,0.4985,0.6759,0.5061,0.6796,0.4908,0.6721,Screen Recording,Screen Recording Recording38.mp4,1920,1080,0,0,960,540,Fixation,1112,498,954,735,0.4971,0.6808,,,,,,,,,,,
275536572,1120608741475,Eye Tracker,LipReading,08/25/2025,Chenmingjie,Recording38,07/01/2025,07/01/2025,16:47:15.576,08:47:15.576,803474,Timeline1,Tobii I-VT (Fixation),1.241.54219,1080,1920,10.0,14.5,1.9,2.3,1.39,0.18,0.21,53,7,8,7.8,1.7,1.6,0.77,0.17,0.16,29,6,6,9684081173,,,956,730,970,733,942,727,0.08389,0.21227,-0.9736,-0.05362,0.21292,-0.9756,3.855,3.685,3.772,,,,Valid,Valid,222.3,91.4,500.8,285.3,89.9,500.1,265.5,200.5,257.9,199.0,0.498,0.6759,0.5052,0.6785,0.4907,0.6734,Screen Recording,Screen Recording Recording38.mp4,1920,1080,0,0,960,540,Fixation,1112,498,954,735,0.4971,0.6808,,,,,,,,,,,
275540573,1120608745476,Eye Tracker,LipReading,08/25/2025,Chenmingjie,Recording38,07/01/2025,07/01/2025,16:47:15.576,08:47:15.576,803474,Timeline1,Tobii I-VT (Fixation),1.241.54219,1080,1920,10.0,14.5,1.9,2.3,1.39,0.18,0.21,53,7,8,7.8,1.7,1.6,0.77,0.17,0.16,29,6,6,9684085174,,,950,731,965,734,936,728,0.08126,0.21292,-0.97368,-0.05702,0.21326,-0.97533,3.871,3.689,3.764,,,,Valid,Valid,222.3,91.4,500.7,285.3,89.9,500.1,264.1,200.9,256.1,199.2,0.495,0.6769,0.5026,0.6796,0.4874,0.6741,Screen Recording,Screen Recording Recording38.mp4,1920,1080,0,0,960,540,Fixation,1112,498,954,735,0.4971,0.6808,,,,,,,,,,,
275544573,1120608749476,Eye Tracker,LipReading,08/25/2025,Chenmingjie,Recording38,07/01/2025,07/01/2025,16:47:15.576,08:47:15.576,803474,Timeline1,Tobii I-VT (Fixation),1.241.54219,1080,1920,10.0,14.5,1.9,2.3,1.39,0.18,0.21,53,7,8,7.8,1.7,1.6,0.77,0.17,0.16,29,6,6,9684089174,,,955,731,968,732,941,730,0.08285,0.21194,-0.97376,-0.05427,0.21423,-0.97527,3.835,3.689,3.765,,,,Valid,Valid,222.3,91.4,500.7,285.3,89.9,500.1,264.9,200.4,257.5,199.7,0.4971,0.6769,0.5042,0.6779,0.4901,0.6758,Screen Recording,Screen Recording Recording38.mp4,1920,1080,0,0,960,540,Fixation,1112,498,954,735,0.4971,0.6808,,,,,,,,,,,
275548573,1120608753476,Eye Tracker,LipReading,08/25/2025,Chenmingjie,Recording38,07/01/2025,07/01/2025,16:47:15.576,08:47:15.576,803474,Timeline1,Tobii I-VT (Fixation),1.241.54219,1080,1920,10.0,14.5,1.9,2.3,1.39,0.18,0.21,53,7,8,7.8,1.7,1.6,0.77,0.17,0.16,29,6,6,9684093174,,,951,732,965,740,938,725,0.08111,0.21591,-0.97304,-0.05587,0.21152,-0.97578,3.837,3.689,3.763,,,,Valid,Valid,222.3,91.4,500.7,285.3,89.9,500.1,264.1,202.5,256.7,198.3,0.4955,0.678,0.5025,0.6851,0.4885,0.6709,Screen Recording,Screen Recording Recording38.mp4,1920,1080,0,0,960,540,Fixation,1112,498,954,735,0.4971,0.6808,,,,,,,,,,,
275552573,1120608757476,Eye Tracker,LipReading,08/25/2025,Chenmingjie,Recording38,07/01/2025,07/01/2025,16:47:15.576,08:47:15.576,803474,Timeline1,Tobii I-VT (Fixation),1.241.54219,1080,1920,10.0,14.5,1.9,2.3,1.39,0.18,0.21,53,7,8,7.8,1.7,1.6,0.77,0.17,0.16,29,6,6,9684097174,,,954,734,963,738,945,730,0.08037,0.21486,-0.97333,-0.05221,0.21413,-0.97541,3.84,3.705,3.762,,,,Valid,Valid,222.3,91.4,500.7,285.3,89.9,500.0,263.7,201.9,258.6,199.7,0.4969,0.6794,0.5018,0.6832,0.4921,0.6756,Screen Recording,Screen Recording Recording38.mp4,1920,1080,0,0,960,540,Fixation,1112,498,954,735,0.4971,0.6808,,,,,,,,,,,
275556573,1120608761476,Eye Tracker,LipReading,08/25/2025,Chenmingjie,Recording38,07/01/2025,07/01/2025,16:47:15.576,08:47:15.576,803474,Timeline1,Tobii I-VT (Fixation),1.241.54219,1080,1920,10.0,14.5,1.9,2.3,1.39,0.18,0.21,53,7,8,7.8,1.7,1.6,0.77,0.17,0.16,29,6,6,9684101174,,,954,733,965,736,942,730,0.08132,0.21409,-0.97342,-0.05345,0.21421,-0.97532,3.82,3.684,3.76,,,,Valid,Valid,222.3,91.4,500.7,285.3,89.9,500.0,264.1,201.5,257.9,199.7,0.4968,0.6788,0.5027,0.6818,0.4908,0.6758,Screen Recording,Screen Recording Recording38.mp4,1920,1080,0,0,960,540,Fixation,1112,498,954,735,0.4971,0.6808,,,,,,,,,,,
275560572,1120608765475,Eye Tracker,LipReading,08/25/2025,Chenmingjie,Recording38,07/01/2025,07/01/2025,16:47:15.576,08:47:15.576,803474,Timeline1,Tobii I-VT (Fixation),1.241.54219,1080,1920,10.0,14.5,1.9,2.3,1.39,0.18,0.21,53,7,8,7.8,1.7,1.6,0.77,0.17,0.16,29,6,6,9684105173,,,953,733,967,742,940,724,0.082,0.21713,-0.97269,-0.05467,0.21139,-0.97587,3.821,3.678,3.762,,,,Valid,Valid,222.3,91.4,500.7,285.3,89.9,500.1,264.5,203.2,257.3,198.2,0.4966,0.679,0.5034,0.6874,0.4897,0.6706,Screen Recording,Screen Recording Recording38.mp4,1920,1080,0,0,960,540,Fixation,1112,498,954,735,0.4971,0.6808,,,,,,,,,,,
275564572,1120608769475,Eye Tracker,LipReading,08/25/2025,Chenmingjie,Recording38,07/01/2025,07/01/2025,16:47:15.576,08:47:15.576,803474,Timeline1,Tobii I-VT (Fixation),1.241.54219,1080,1920,10.0,14.5,1.9,2.3,1.39,0.18,0.21,53,7,8,7.8,1.7,1.6,0.77,0.17,0.16,29,6,6,9684109173,,,952,729,966,732,939,725,0.08185,0.21178,-0.97388,-0.05554,0.21183,-0.97573,3.852,3.683,3.76,,,,Valid,Valid,222.3,91.4,500.7,285.3,89.9,500.0,264.4,200.3,256.9,198.5,0.496,0.6746,0.5032,0.6777,0.4888,0.6715,Screen Recording,Screen Recording Recording38.mp4,1920,1080,0,0,960,540,Fixation,1112,498,954,735,0.4971,0.6808,,,,,,,,,,,
275568574,1120608773477,Eye Tracker,LipReading,08/25/2025,Chenmingjie,Recording38,07/01/2025,07/01/2025,16:47:15.576,08:47:15.576,803474,Timeline1,Tobii I-VT (Fixation),1.241.54219,1080,1920,10.0,14.5,1.9,2.3,1.39,0.18,0.21,53,7,8,7.8,1.7,1.6,0.77,0.17,0.16,29,6,6,9684113175,,,953,727,968,731,939,724,0.08295,0.21114,-0.97393,-0.05554,0.21122,-0.97586,3.853,3.669,3.758,,,,Valid,Valid,222.3,91.4,500.7,285.3,89.9,500.0,264.9,200.0,256.9,198.1,0.4965,0.6734,0.5042,0.6765,0.4888,0.6704,Screen Recording,Screen Recording Recording38.mp4,1920,1080,0,0,960,540,Fixation,1112,498,954,735,0.4971,0.6808,,,,,,,,,,,
275572574,1120608777477,Eye Tracker,LipReading,08/25/2025,Chenmingjie,Recording38,07/01/2025,07/01/2025,16:47:15.576,08:47:15.576,803474,Timeline1,Tobii I-VT (Fixation),1.241.54219,1080,1920,10.0,14.5,1.9,2.3,1.39,0.18,0.21,53,7,8,7.8,1.7,1.6,0.77,0.17,0.16,29,6,6,9684117175,,,951,731,960,730,941,731,0.07877,0.21098,-0.97431,-0.0542,0.21492,-0.97513,3.843,3.673,3.756,,,,Valid,Valid,222.3,91.4,500.7,285.3,89.9,500.0,262.8,199.8,257.5,200.1,0.4951,0.6766,0.5001,0.6761,0.4901,0.6771,Screen Recording,Screen Recording Recording38.mp4,1920,1080,0,0,960,540,Fixation,1112,498,954,735,0.4971,0.6808,,,,,,,,,,,
275576574,1120608781477,Eye Tracker,LipReading,08/25/2025,Chenmingjie,Recording38,07/01/2025,07/01/2025,16:47:15.576,08:47:15.576,803474,Timeline1,Tobii I-VT (Fixation),1.241.54219,1080,1920,10.0,14.5,1.9,2.3,1.39,0.18,0.21,53,7,8,7.8,1.7,1.6,0.77,0.17,0.16,29,6,6,9684121175,,,956,732,965,737,947,727,0.08123,0.21453,-0.97333,-0.05077,0.21257,-0.97583,3.825,3.665,3.754,,,,Valid,Valid,222.3,91.4,500.7,285.3,89.9,500.0,264.1,201.8,259.3,198.8,0.498,0.6777,0.5026,0.6827,0.4935,0.6727,Screen Recording,Screen Recording Recording38.mp4,1920,1080,0,0,960,540,Fixation,1112,498,954,735,0.4971,0.6808,,,,,,,,,,,
275580575,1120608785478,Eye Tracker,LipReading,08/25/2025,Chenmingjie,Recording38,07/01/2025,07/01/2025,16:47:15.576,08:47:15.576,803474,Timeline1,Tobii I-VT (Fixation),1.241.54219,1080,1920,10.0,14.5,1.9,2.3,1.39,0.18,0.21,53,7,8,7.8,1.7,1.6,0.77,0.17,0.16,29,6,6,9684125176,,,953,728,965,733,940,723,0.08144,0.21257,-0.97375,-0.05486,0.21071,-0.97601,3.839,3.668,3.751,,,,Valid,Valid,222.3,91.4,500.7,285.3,89.9,500.0,264.2,200.7,257.2,197.9,0.4961,0.6743,0.5028,0.6791,0.4895,0.6695,Screen Recording,Screen Recording Recording38.mp4,1920,1080,0,0,960,540,Fixation,1112,498,954,735,0.4971,0.6808,,,,,,,,,,,
275584575,1120608789478,Eye Tracker,LipReading,08/25/2025,Chenmingjie,Recording38,07/01/2025,07/01/2025,16:47:15.576,08:47:15.576,803474,Timeline1,Tobii I-VT (Fixation),1.241.54219,1080,1920,10.0,14.5,1.9,2.3,1.39,0.18,0.21,53,7,8,7.8,1.7,1.6,0.77,0.17,0.16,29,6,6,9684129176,,,956,728,970,734,942,721,0.08385,0.21275,-0.9735,-0.05374,0.20981,-0.97626,3.831,3.658,3.745,,,,Valid,Valid,222.3,91.4,500.7,285.3,89.9,500.0,265.4,200.8,257.8,197.4,0.4979,0.6737,0.5051,0.6795,0.4906,0.6678,Screen Recording,Screen Recording Recording38.mp4,1920,1080,0,0,960,540,Fixation,1112,498,954,735,0.4971,0.6808,,,,,,,,,,,
275588575,1120608793478,Eye Tracker,LipReading,08/25/2025,Chenmingjie,Recording38,07/01/2025,07/01/2025,16:47:15.576,08:47:15.576,803474,Timeline1,Tobii I-VT (Fixation),1.241.54219,1080,1920,10.0,14.5,1.9,2.3,1.39,0.18,0.21,53,7,8,7.8,1.7,1.6,0.77,0.17,0.16,29,6,6,9684133176,,,954,724,965,730,942,719,0.08158,0.2106,-0.97416,-0.05392,0.20885,-0.97646,3.836,3.653,3.744,,,,Valid,Valid,222.3,91.4,500.7,285.3,89.9,500.0,264.2,199.7,257.7,196.9,0.4966,0.6708,0.5029,0.6755,0.4904,0.6661,Screen Recording,Screen Recording Recording38.mp4,1920,1080,0,0,960,540,Fixation,1112,498,954,735,0.4971,0.6808,,,,,,,,,,,
275592575,1120608797478,Eye Tracker,LipReading,08/25/2025,Chenmingjie,Recording38,07/01/2025,07/01/2025,16:47:15.576,08:47:15.576,803474,Timeline1,Tobii I-VT (Fixation),1.241.54219,1080,1920,10.0,14.5,1.9,2.3,1.39,0.18,0.21,53,7,8,7.8,1.7,1.6,0.77,0.17,0.16,29,6,6,9684137176,,,952,729,963,730,941,728,0.0803,0.21085,-0.97421,-0.05408,0.21315,-0.97552,3.827,3.649,3.741,,,,Valid,Valid,222.3,91.4,500.7,285.3,89.9,500.0,263.6,199.8,257.6,199.2,0.4959,0.6749,0.5016,0.676,0.4902,0.6739,Screen Recording,Screen Recording Recording38.mp4,1920,1080,0,0,960,540,Fixation,1112,498,954,735,0.4971,0.6808,,,,,,,,,,,
275596575,1120608801478,Eye Tracker,LipReading,08/25/2025,Chenmingjie,Recording38,07/01/2025,07/01/2025,16:47:15.576,08:47:15.576,803474,Timeline1,Tobii I-VT (Fixation),1.241.54219,1080,1920,10.0,14.5,1.9,2.3,1.39,0.18,0.21,53,7,8,7.8,1.7,1.6,0.77,0.17,0.16,29,6,6,9684141176,,,957,728,969,730,944,727,0.08359,0.21064,-0.97398,-0.05268,0.21269,-0.9757,3.837,3.644,3.742,,,,Valid,Valid,222.3,91.4,500.7,285.3,89.9,500.0,265.3,199.7,258.3,198.9,0.4982,0.6744,0.5048,0.6757,0.4916,0.673,Screen Recording,Screen Recording Recording38.mp4,1920,1080,0,0,960,540,Fixation,1112,498,954,735,0.4971,0.6808,,,,,,,,,,,
275600574,1120608805477,Eye Tracker,LipReading,08/25/2025,Chenmingjie,Recording38,07/01/2025,07/01/2025,16:47:15.576,08:47:15.576,803474,Timeline1,Tobii I-VT (Fixation),1.241.54219,1080,1920,10.0,14.5,1.9,2.3,1.39,0.18,0.21,53,7,8,7.8,1.7,1.6,0.77,0.17,0.16,29,6,6,9684145175,,,951,726,963,727,939,724,0.08055,0.20935,-0.97452,-0.05503,0.21141,-0.97585,3.828,3.652,3.742,,,,Valid,Valid,222.3,91.4,500.7,285.3,90.0,500.0,263.7,199.0,257.1,198.3,0.4955,0.672,0.5018,0.6733,0.4893,0.6708,Screen Recording,Screen Recording Recording38.mp4,1920,1080,0,0,960,540,Fixation,1112,498,954,735,0.4971,0.6808,,,,,,,,,,,
275604573,1120608809476,Eye Tracker,LipReading,08/25/2025,Chenmingjie,Recording38,07/01/2025,07/01/2025,16:47:15.576,08:47:15.576,803474,Timeline1,Tobii I-VT (Fixation),1.241.54219,1080,1920,10.0,14.5,1.9,2.3,1.39,0.18,0.21,53,7,8,7.8,1.7,1.6,0.77,0.17,0.16,29,6,6,9684149175,,,952,728,966,729,939,727,0.08167,0.21042,-0.97419,-0.05545,0.21271,-0.97554,3.834,3.65,3.742,,,,Valid,Valid,222.3,91.4,500.7,285.3,90.0,499.9,264.3,199.6,256.9,199.0,0.4959,0.6742,0.5029,0.6752,0.4888,0.6732,Screen Recording,Screen Recording Recording38.mp4,1920,1080,0,0,960,540,Fixation,1112,498,954,735,0.4971,0.6808,,,,,,,,,,,
275608573,1120608813476,Eye Tracker,LipReading,08/25/2025,Chenmingjie,Recording38,07/01/2025,07/01/2025,16:47:15.576,08:47:15.576,803474,Timeline1,Tobii I-VT (Fixation),1.241.54219,1080,1920,10.0,14.5,1.9,2.3,1.39,0.18,0.21,53,7,8,7.8,1.7,1.6,0.77,0.17,0.16,29,6,6,9684153175,,,954,725,966,730,942,719,0.08195,0.21104,-0.97404,-0.05387,0.20846,-0.97655,3.84,3.657,3.739,,,,Valid,Valid,222.3,91.4,500.8,285.3,90.0,499.9,264.4,199.9,257.7,196.7,0.4968,0.6709,0.5032,0.6764,0.4904,0.6655,Screen Recording,Screen Recording Recording38.mp4,1920,1080,0,0,960,540,Fixation,1112,498,954,735,0.4971,0.6808,,,,,,,,,,,
275612573,1120608817476,Eye Tracker,LipReading,08/25/2025,Chenmingjie,Recording38,07/01/2025,07/01/2025,16:47:15.576,08:47:15.576,803474,Timeline1,Tobii I-VT (Fixation),1.241.54219,1080,1920,10.0,14.5,1.9,2.3,1.39,0.18,0.21,53,7,8,7.8,1.7,1.6,0.77,0.17,0.16,29,6,6,9684157175,,,952,729,962,733,943,725,0.07982,0.2121,-0.97398,-0.05335,0.2117,-0.97588,3.82,3.648,3.737,,,,Valid,Valid,222.3,91.4,500.7,285.3,89.9,500.0,263.3,200.5,257.9,198.4,0.496,0.6747,0.5011,0.6782,0.4909,0.6713,Screen Recording,Screen Recording Recording38.mp4,1920,1080,0,0,960,540,Fixation,1112,498,954,735,0.4971,0.6808,,,,,,,,,,,
275616573,1120608821476,Eye Tracker,LipReading,08/25/2025,Chenmingjie,Recording38,07/01/2025,07/01/2025,16:47:15.576,08:47:15.576,803474,Timeline1,Tobii I-VT (Fixation),1.241.54219,1080,1920,10.0,14.5,1.9,2.3,1.39,0.18,0.21,53,7,8,7.8,1.7,1.6,0.77,0.17,0.16,29,6,6,9684161175,,,951,728,966,729,935,726,0.08179,0.2104,-0.97419,-0.05719,0.21227,-0.97554,3.82,3.649,3.736,,,,Valid,Valid,222.3,91.4,500.7,285.3,89.9,500.0,264.3,199.6,256.0,198.7,0.4951,0.6738,0.503,0.6752,0.4871,0.6724,Screen Recording,Screen Recording Recording38.mp4,1920,1080,0,0,960,540,Fixation,1112,498,954,735,0.4971,0.6808,,,,,,,,,,,
275620574,1120608825477,Eye Tracker,LipReading,08/25/2025,Chenmingjie,Recording38,07/01/2025,07/01/2025,16:47:15.576,08:47:15.576,803474,Timeline1,Tobii I-VT (Fixation),1.241.54219,1080,1920,10.0,14.5,1.9,2.3,1.39,0.18,0.21,53,7,8,7.8,1.7,1.6,0.77,0.17,0.16,29,6,6,9684165176,,,955,730,970,734,940,726,0.08398,0.21273,-0.9735,-0.05478,0.21202,-0.97573,3.825,3.642,3.736,,,,Valid,Valid,222.3,91.4,500.7,285.3,90.0,499.9,265.5,200.8,257.2,198.6,0.4973,0.6757,0.5052,0.6795,0.4895,0.6719,Screen Recording,Screen Recording Recording38.mp4,1920,1080,0,0,960,540,Fixation,1112,498,954,735,0.4971,0.6808,,,,,,,,,,,
275624574,1120608829477,Eye Tracker,LipReading,08/25/2025,Chenmingjie,Recording38,07/01/2025,07/01/2025,16:47:15.576,08:47:15.576,803474,Timeline1,Tobii I-VT (Fixation),1.241.54219,1080,1920,10.0,14.5,1.9,2.3,1.39,0.18,0.21,53,7,8,7.8,1.7,1.6,0.77,0.17,0.16,29,6,6,9684169176,,,955,727,971,730,939,724,0.08459,0.21062,-0.9739,-0.05498,0.21095,-0.97595,3.832,3.646,3.736,,,,Valid,Valid,222.3,91.4,500.8,285.3,90.0,499.8,265.8,199.7,257.1,198.0,0.4975,0.6729,0.5058,0.6757,0.4893,0.67,Screen Recording,Screen Recording Recording38.mp4,1920,1080,0,0,960,540,Fixation,1112,498,954,735,0.4971,0.6808,,,,,,,,,,,
275628574,1120608833477,Eye Tracker,LipReading,08/25/2025,Chenmingjie,Recording38,07/01/2025,07/01/2025,16:47:15.576,08:47:15.576,803474,Timeline1,Tobii I-VT (Fixation),1.241.54219,1080,1920,10.0,14.5,1.9,2.3,1.39,0.18,0.21,53,7,8,7.8,1.7,1.6,0.77,0.17,0.16,29,6,6,9684173176,,,952,725,962,727,943,723,0.07971,0.20943,-0.97457,-0.0533,0.21068,-0.9761,3.84,3.652,3.733,,,,Valid,Valid,222.3,91.4,500.8,285.2,90.0,499.9,263.2,199.0,258.0,197.9,0.4959,0.6714,0.5009,0.6734,0.4909,0.6695,Screen Recording,Screen Recording Recording38.mp4,1920,1080,0,0,960,540,Fixation,1112,498,954,735,0.4971,0.6808,,,,,,,,,,,
275632574,1120608837477,Eye Tracker,LipReading,08/25/2025,Chenmingjie,Recording38,07/01/2025,07/01/2025,16:47:15.576,08:47:15.576,803474,Timeline1,Tobii I-VT (Fixation),1.241.54219,1080,1920,10.0,14.5,1.9,2.3,1.39,0.18,0.21,53,7,8,7.8,1.7,1.6,0.77,0.17,0.16,29,6,6,9684177176,,,952,727,965,736,938,719,0.08131,0.21399,-0.97344,-0.05552,0.20844,-0.97646,3.795,3.641,3.725,,,,Valid,Valid,222.3,91.4,500.7,285.2,89.9,500.0,264.1,201.5,256.8,196.7,0.4957,0.6736,0.5026,0.6818,0.4888,0.6654,Screen Recording,Screen Recording Recording38.mp4,1920,1080,0,0,960,540,Fixation,1112,498,954,735,0.4971,0.6808,,,,,,,,,,,
275636574,1120608841477,Eye Tracker,LipReading,08/25/2025,Chenmingjie,Recording38,07/01/2025,07/01/2025,16:47:15.576,08:47:15.576,803474,Timeline1,Tobii I-VT (Fixation),1.241.54219,1080,1920,10.0,14.5,1.9,2.3,1.39,0.18,0.21,53,7,8,7.8,1.7,1.6,0.77,0.17,0.16,29,6,6,9684181176,,,952,731,964,738,939,725,0.0807,0.21477,-0.97332,-0.05493,0.21156,-0.97582,3.809,3.619,3.725,,,,Valid,Valid,222.2,91.4,500.7,285.2,89.9,500.0,263.8,201.9,257.1,198.3,0.4956,0.6771,0.502,0.6832,0.4893,0.6711,Screen Recording,Screen Recording Recording38.mp4,1920,1080,0,0,960,540,Fixation,1112,498,954,735,0.4971,0.6808,,,,,,,,,,,
275640573,1120608845476,Eye Tracker,LipReading,08/25/2025,Chenmingjie,Recording38,07/01/2025,07/01/2025,16:47:15.576,08:47:15.576,803474,Timeline1,Tobii I-VT (Fixation),1.241.54219,1080,1920,10.0,14.5,1.9,2.3,1.39,0.18,0.21,53,7,8,7.8,1.7,1.6,0.77,0.17,0.16,29,6,6,9684185175,,,954,728,965,735,944,720,0.08125,0.21348,-0.97356,-0.05261,0.20927,-0.97644,3.808,3.628,3.724,,,,Valid,Valid,222.2,91.4,500.8,285.2,90.0,499.9,264.0,201.2,258.3,197.1,0.497,0.6739,0.5025,0.6808,0.4916,0.6669,Screen Recording,Screen Recording Recording38.mp4,1920,1080,0,0,960,540,Fixation,1112,498,954,735,0.4971,0.6808,,,,,,,,,,,
275644573,1120608849476,Eye Tracker,LipReading,08/25/2025,Chenmingjie,Recording38,07/01/2025,07/01/2025,16:47:15.576,08:47:15.576,803474,Timeline1,Tobii I-VT (Fixation),1.241.54219,1080,1920,10.0,14.5,1.9,2.3,1.39,0.18,0.21,53,7,8,7.8,1.7,1.6,0.77,0.17,0.16,29,6,6,9684189175,,,953,726,964,727,943,726,0.08076,0.20907,-0.97456,-0.05324,0.21197,-0.97583,3.83,3.647,3.719,,,,Valid,Valid,222.2,91.4,500.8,285.2,90.0,499.9,263.7,198.9,258.0,198.6,0.4964,0.6723,0.5019,0.6728,0.4909,0.6718,Screen Recording,Screen Recording Recording38.mp4,1920,1080,0,0,960,540,Fixation,1112,498,954,735,0.4971,0.6808,,,,,,,,,,,
275648573,1120608853476,Eye Tracker,LipReading,08/25/2025,Chenmingjie,Recording38,07/01/2025,07/01/2025,16:47:15.576,08:47:15.576,803474,Timeline1,Tobii I-VT (Fixation),1.241.54219,1080,1920,10.0,14.5,1.9,2.3,1.39,0.18,0.21,53,7,8,7.8,1.7,1.6,0.77,0.17,0.16,29,6,6,9684193175,,,954,726,964,727,944,726,0.08073,0.20913,-0.97455,-0.05226,0.21197,-0.97588,3.842,3.638,3.723,,,,Valid,Valid,222.2,91.4,500.8,285.2,90.0,499.9,263.7,198.9,258.5,198.6,0.4969,0.6723,0.5019,0.6729,0.4919,0.6718,Screen Recording,Screen Recording Recording38.mp4,1920,1080,0,0,960,540,Fixation,1112,498,954,735,0.4971,0.6808,,,,,,,,,,,
275652572,1120608857475,Eye Tracker,LipReading,08/25/2025,Chenmingjie,Recording38,07/01/2025,07/01/2025,16:47:15.576,08:47:15.576,803474,Timeline1,Tobii I-VT (Fixation),1.241.54219,1080,1920,10.0,14.5,1.9,2.3,1.39,0.18,0.21,53,7,8,7.8,1.7,1.6,0.77,0.17,0.16,29,6,6,9684197175,,,953,731,968,736,938,726,0.0829,0.2139,-0.97333,-0.05577,0.21219,-0.97564,3.802,3.619,3.723,,,,Valid,Valid,222.2,91.4,500.7,285.2,89.9,500.0,264.9,201.5,256.6,198.7,0.4963,0.6769,0.5041,0.6817,0.4884,0.6722,Screen Recording,Screen Recording Recording38.mp4,1920,1080,0,0,960,540,Fixation,1112,498,954,735,0.4971,0.6808,,,,,,,,,,,
275656572,1120608861475,Eye Tracker,LipReading,08/25/2025,Chenmingjie,Recording38,07/01/2025,07/01/2025,16:47:15.576,08:47:15.576,803474,Timeline1,Tobii I-VT (Fixation),1.241.54219,1080,1920,10.0,14.5,1.9,2.3,1.39,0.18,0.21,53,7,8,7.8,1.7,1.6,0.77,0.17,0.16,29,6,6,9684201175,,,955,730,967,735,942,725,0.08257,0.21332,-0.97349,-0.0536,0.21174,-0.97585,3.811,3.635,3.718,,,,Valid,Valid,222.2,91.4,500.7,285.2,89.9,500.0,264.7,201.2,257.8,198.4,0.4972,0.676,0.5038,0.6806,0.4905,0.6714,Screen Recording,Screen Recording Recording38.mp4,1920,1080,0,0,960,540,Fixation,1112,498,954,735,0.4971,0.6808,,,,,,,,,,,
275660573,1120608865476,Eye Tracker,LipReading,08/25/2025,Chenmingjie,Recording38,07/01/2025,07/01/2025,16:47:15.576,08:47:15.576,803474,Timeline1,Tobii I-VT (Fixation),1.241.54219,1080,1920,10.0,14.5,1.9,2.3,1.39,0.18,0.21,53,7,8,7.8,1.7,1.6,0.77,0.17,0.16,29,6,6,9684205176,,,955,727,964,734,945,720,0.08106,0.21303,-0.97368,-0.05174,0.20914,-0.97652,3.809,3.626,3.718,,,,Valid,Valid,222.2,91.4,500.8,285.2,90.0,499.9,263.9,201.0,258.7,197.0,0.4973,0.6733,0.5023,0.68,0.4924,0.6666,Screen Recording,Screen Recording Recording38.mp4,1920,1080,0,0,960,540,Fixation,1112,498,954,735,0.4971,0.6808,,,,,,,,,,,
275664573,1120608869476,Eye Tracker,LipReading,08/25/2025,Chenmingjie,Recording38,07/01/2025,07/01/2025,16:47:15.576,08:47:15.576,803474,Timeline1,Tobii I-VT (Fixation),1.241.54219,1080,1920,10.0,14.5,1.9,2.3,1.39,0.18,0.21,53,7,8,7.8,1.7,1.6,0.77,0.17,0.16,29,6,6,9684209176,,,953,725,964,730,942,721,0.08073,0.21063,-0.97423,-0.05343,0.20963,-0.97632,3.821,3.626,3.72,,,,Valid,Valid,222.2,91.4,500.8,285.2,90.0,499.9,263.7,199.7,257.8,197.3,0.4963,0.6716,0.5019,0.6756,0.4907,0.6675,Screen Recording,Screen Recording Recording38.mp4,1920,1080,0,0,960,540,Fixation,1112,498,954,735,0.4971,0.6808,,,,,,,,,,,
275668573,1120608873476,Eye Tracker,LipReading,08/25/2025,Chenmingjie,Recording38,07/01/2025,07/01/2025,16:47:15.576,08:47:15.576,803474,Timeline1,Tobii I-VT (Fixation),1.241.54219,1080,1920,10.0,14.5,1.9,2.3,1.39,0.18,0.21,53,7,8,7.8,1.7,1.6,0.77,0.17,0.16,29,6,6,9684213176,,,955,727,965,730,945,724,0.08144,0.21086,-0.97412,-0.05201,0.2113,-0.97604,3.836,3.618,3.72,,,,Valid,Valid,222.2,91.4,500.8,285.2,89.9,500.0,264.1,199.8,258.6,198.2,0.4973,0.6733,0.5026,0.6761,0.4921,0.6705,Screen Recording,Screen Recording Recording38.mp4,1920,1080,0,0,960,540,Fixation,1112,498,954,735,0.4971,0.6808,,,,,,,,,,,
275672573,1120608877476,Eye Tracker,LipReading,08/25/2025,Chenmingjie,Recording38,07/01/2025,07/01/2025,16:47:15.576,08:47:15.576,803474,Timeline1,Tobii I-VT (Fixation),1.241.54219,1080,1920,10.0,14.5,1.9,2.3,1.39,0.18,0.21,53,7,8,7.8,1.7,1.6,0.77,0.17,0.16,29,6,6,9684217176,,,954,725,968,728,941,722,0.08294,0.20994,-0.97419,-0.05426,0.21022,-0.97615,3.814,3.628,3.716,,,,Valid,Valid,222.2,91.4,500.7,285.2,90.0,499.9,264.8,199.3,257.4,197.6,0.497,0.6715,0.504,0.6745,0.4899,0.6686,Screen Recording,Screen Recording Recording38.mp4,1920,1080,0,0,960,540,Fixation,1112,498,954,735,0.4971,0.6808,,,,,,,,,,,
275676573,1120608881476,Eye Tracker,LipReading,08/25/2025,Chenmingjie,Recording38,07/01/2025,07/01/2025,16:47:15.576,08:47:15.576,803474,Timeline1,Tobii I-VT (Fixation),1.241.54219,1080,1920,10.0,14.5,1.9,2.3,1.39,0.18,0.21,53,7,8,7.8,1.7,1.6,0.77,0.17,0.16,29,6,6,9684221176,,,954,723,969,727,939,719,0.08366,0.209,-0.97433,-0.05519,0.20855,-0.97645,3.813,3.606,3.716,,,,Valid,Valid,222.2,91.4,500.8,285.2,90.0,500.0,265.2,198.8,256.9,196.7,0.4969,0.6692,0.5047,0.6728,0.489,0.6656,Screen Recording,Screen Recording Recording38.mp4,1920,1080,0,0,960,540,Fixation,1112,498,954,735,0.4971,0.6808,,,,,,,,,,,
275680572,1120608885475,Eye Tracker,LipReading,08/25/2025,Chenmingjie,Recording38,07/01/2025,07/01/2025,16:47:15.576,08:47:15.576,803474,Timeline1,Tobii I-VT (Fixation),1.241.54219,1080,1920,10.0,14.5,1.9,2.3,1.39,0.18,0.21,53,7,8,7.8,1.7,1.6,0.77,0.17,0.16,29,6,6,9684225175,,,956,726,968,730,944,722,0.08286,0.21059,-0.97406,-0.05248,0.20997,-0.9763,3.808,3.618,3.716,,,,Valid,Valid,222.2,91.4,500.8,285.2,89.9,500.0,264.8,199.7,258.3,197.5,0.4978,0.6719,0.504,0.6756,0.4916,0.6681,Screen Recording,Screen Recording Recording38.mp4,1920,1080,0,0,960,540,Fixation,1112,498,954,735,0.4971,0.6808,,,,,,,,,,,
275684572,1120608889475,Eye Tracker,LipReading,08/25/2025,Chenmingjie,Recording38,07/01/2025,07/01/2025,16:47:15.576,08:47:15.576,803474,Timeline1,Tobii I-VT (Fixation),1.241.54219,1080,1920,10.0,14.5,1.9,2.3,1.39,0.18,0.21,53,7,8,7.8,1.7,1.6,0.77,0.17,0.16,29,6,6,9684229175,,,955,729,970,731,941,726,0.08406,0.21136,-0.97379,-0.05413,0.21223,-0.97572,3.835,3.606,3.713,,,,Valid,Valid,222.2,91.4,500.8,285.2,89.9,500.0,265.4,200.1,257.5,198.7,0.4976,0.6746,0.5052,0.677,0.49,0.6722,Screen Recording,Screen Recording Recording38.mp4,1920,1080,0,0,960,540,Fixation,1112,498,954,735,0.4971,0.6808,,,,,,,,,,,
275688572,1120608893475,Eye Tracker,LipReading,08/25/2025,Chenmingjie,Recording38,07/01/2025,07/01/2025,16:47:15.576,08:47:15.576,803474,Timeline1,Tobii I-VT (Fixation),1.241.54219,1080,1920,10.0,14.5,1.9,2.3,1.39,0.18,0.21,53,7,8,7.8,1.7,1.6,0.77,0.17,0.16,29,6,6,9684233175,,,955,728,969,732,941,724,0.08351,0.21183,-0.97373,-0.05382,0.21139,-0.97592,3.808,3.621,3.713,,,,Valid,Valid,222.2,91.4,500.8,285.2,89.9,500.0,265.2,200.4,257.6,198.2,0.4975,0.6743,0.5046,0.6779,0.4903,0.6707,Screen Recording,Screen Recording Recording38.mp4,1920,1080,0,0,960,540,Fixation,1112,498,954,735,0.4971,0.6808,,,,,,,,,,,
275692572,1120608897475,Eye Tracker,LipReading,08/25/2025,Chenmingjie,Recording38,07/01/2025,07/01/2025,16:47:15.576,08:47:15.576,803474,Timeline1,Tobii I-VT (Fixation),1.241.54219,1080,1920,10.0,14.5,1.9,2.3,1.39,0.18,0.21,53,7,8,7.8,1.7,1.6,0.77,0.17,0.16,29,6,6,9684237175,,,955,729,971,732,940,725,0.08445,0.21157,-0.97371,-0.05436,0.21189,-0.97578,3.808,3.619,3.714,,,,Valid,Valid,222.2,91.4,500.8,285.2,89.9,500.0,265.6,200.2,257.3,198.5,0.4976,0.6746,0.5055,0.6775,0.4898,0.6716,Screen Recording,Screen Recording Recording38.mp4,1920,1080,0,0,960,540,Fixation,1112,498,954,735,0.4971,0.6808,,,,,,,,,,,
275696572,1120608901475,Eye Tracker,LipReading,08/25/2025,Chenmingjie,Recording38,07/01/2025,07/01/2025,16:47:15.576,08:47:15.576,803474,Timeline1,Tobii I-VT (Fixation),1.241.54219,1080,1920,10.0,14.5,1.9,2.3,1.39,0.18,0.21,53,7,8,7.8,1.7,1.6,0.77,0.17,0.16,29,6,6,9684241175,,,953,729,967,735,939,723,0.08227,0.2132,-0.97354,-0.05488,0.2109,-0.97597,3.794,3.603,3.714,,,,Valid,Valid,222.2,91.4,500.8,285.2,89.9,500.0,264.5,201.1,257.1,198.0,0.4963,0.6751,0.5034,0.6804,0.4893,0.6699,Screen Recording,Screen Recording Recording38.mp4,1920,1080,0,0,960,540,Fixation,1112,498,954,735,0.4971,0.6808,,,,,,,,,,,
275700570,1120608905473,Eye Tracker,LipReading,08/25/2025,Chenmingjie,Recording38,07/01/2025,07/01/2025,16:47:15.576,08:47:15.576,803474,Timeline1,Tobii I-VT (Fixation),1.241.54219,1080,1920,10.0,14.5,1.9,2.3,1.39,0.18,0.21,53,7,8,7.8,1.7,1.6,0.77,0.17,0.16,29,6,6,9684245173,,,956,722,970,722,941,723,0.0844,0.20687,-0.97472,-0.05396,0.21046,-0.97611,3.831,3.622,3.718,,,,Valid,Valid,222.2,91.4,500.8,285.2,89.9,500.0,265.6,197.7,257.6,197.7,0.4978,0.6689,0.5054,0.6688,0.4902,0.669,Screen Recording,Screen Recording Recording38.mp4,1920,1080,0,0,960,540,Fixation,1112,498,954,735,0.4971,0.6808,,,,,,,,,,,
275704570,1120608909473,Eye Tracker,LipReading,08/25/2025,Chenmingjie,Recording38,07/01/2025,07/01/2025,16:47:15.576,08:47:15.576,803474,Timeline1,Tobii I-VT (Fixation),1.241.54219,1080,1920,10.0,14.5,1.9,2.3,1.39,0.18,0.21,53,7,8,7.8,1.7,1.6,0.77,0.17,0.16,29,6,6,9684249173,,,954,725,967,729,941,722,0.08268,0.21032,-0.97413,-0.05413,0.21008,-0.97618,3.828,3.609,3.713,,,,Valid,Valid,222.2,91.4,500.8,285.2,89.9,500.0,264.7,199.5,257.5,197.5,0.4969,0.6717,0.5038,0.6751,0.49,0.6683,Screen Recording,Screen Recording Recording38.mp4,1920,1080,0,0,960,540,Fixation,1112,498,954,735,0.4971,0.6808,,,,,,,,,,,
275708570,1120608913473,Eye Tracker,LipReading,08/25/2025,Chenmingjie,Recording38,07/01/2025,07/01/2025,16:47:15.576,08:47:15.576,803474,Timeline1,Tobii I-VT (Fixation),1.241.54219,1080,1920,10.0,14.5,1.9,2.3,1.39,0.18,0.21,53,7,8,7.8,1.7,1.6,0.77,0.17,0.16,29,6,6,9684253173,,,953,731,966,735,940,727,0.08215,0.21331,-0.97352,-0.05442,0.21252,-0.97564,3.817,3.627,3.716,,,,Valid,Valid,222.2,91.4,500.8,285.2,89.9,500.0,264.5,201.1,257.3,198.8,0.4965,0.6766,0.5033,0.6805,0.4897,0.6728,Screen Recording,Screen Recording Recording38.mp4,1920,1080,0,0,960,540,Fixation,1112,498,954,735,0.4971,0.6808,,,,,,,,,,,
275712570,1120608917473,Eye Tracker,LipReading,08/25/2025,Chenmingjie,Recording38,07/01/2025,07/01/2025,16:47:15.576,08:47:15.576,803474,Timeline1,Tobii I-VT (Fixation),1.241.54219,1080,1920,10.0,14.5,1.9,2.3,1.39,0.18,0.21,53,7,8,7.8,1.7,1.6,0.77,0.17,0.16,29,6,6,9684257173,,,955,729,968,735,942,723,0.08294,0.21348,-0.97342,-0.05324,0.21091,-0.97606,3.801,3.599,3.713,,,,Valid,Valid,222.2,91.4,500.8,285.2,89.9,500.0,264.9,201.2,257.9,198.0,0.4975,0.6753,0.5041,0.6808,0.4909,0.6698,Screen Recording,Screen Recording Recording38.mp4,1920,1080,0,0,960,540,Fixation,1112,498,954,735,0.4971,0.6808,,,,,,,,,,,
275716570,1120608921473,Eye Tracker,LipReading,08/25/2025,Chenmingjie,Recording38,07/01/2025,07/01/2025,16:47:15.576,08:47:15.576,803474,Timeline1,Tobii I-VT (Fixation),1.241.54219,1080,1920,10.0,14.5,1.9,2.3,1.39,0.18,0.21,53,7,8,7.8,1.7,1.6,0.77,0.17,0.16,29,6,6,9684261173,,,954,728,970,731,938,725,0.0839,0.21131,-0.97381,-0.05587,0.2115,-0.97578,3.807,3.616,3.713,,,,Valid,Valid,222.2,91.4,500.8,285.2,89.9,500.0,265.4,200.1,256.6,198.3,0.4967,0.6739,0.505,0.6769,0.4883,0.6709,Screen Recording,Screen Recording Recording38.mp4,1920,1080,0,0,960,540,Fixation,1112,498,954,735,0.4971,0.6808,,,,,,,,,,,
275720569,1120608925472,Eye Tracker,LipReading,08/25/2025,Chenmingjie,Recording38,07/01/2025,07/01/2025,16:47:15.576,08:47:15.576,803474,Timeline1,Tobii I-VT (Fixation),1.241.54219,1080,1920,10.0,14.5,1.9,2.3,1.39,0.18,0.21,53,7,8,7.8,1.7,1.6,0.77,0.17,0.16,29,6,6,9684265172,,,952,728,964,732,939,725,0.08105,0.21165,-0.97398,-0.05505,0.21169,-0.97578,3.809,3.63,3.709,,,,Valid,Valid,222.2,91.4,500.9,285.2,89.9,500.0,263.9,200.2,257.0,198.4,0.4957,0.6743,0.5022,0.6774,0.4891,0.6713,Screen Recording,Screen Recording Recording38.mp4,1920,1080,0,0,960,540,Fixation,1112,498,954,735,0.4971,0.6808,,,,,,,,,,,
275724569,1120608929472,Eye Tracker,LipReading,08/25/2025,Chenmingjie,Recording38,07/01/2025,07/01/2025,16:47:15.576,08:47:15.576,803474,Timeline1,Tobii I-VT (Fixation),1.241.54219,1080,1920,10.0,14.5,1.9,2.3,1.39,0.18,0.21,53,7,8,7.8,1.7,1.6,0.77,0.17,0.16,29,6,6,9684269172,,,956,725,971,725,941,725,0.08481,0.2084,-0.97436,-0.05417,0.21151,-0.97587,3.826,3.609,3.709,,,,Valid,Valid,222.2,91.4,500.9,285.2,89.9,500.0,265.8,198.5,257.5,198.3,0.4979,0.6713,0.5059,0.6716,0.49,0.6709,Screen Recording,Screen Recording Recording38.mp4,1920,1080,0,0,960,540,Fixation,1112,498,954,735,0.4971,0.6808,,,,,,,,,,,
275728569,1120608933472,Eye Tracker,LipReading,08/25/2025,Chenmingjie,Recording38,07/01/2025,07/01/2025,16:47:15.576,08:47:15.576,803474,Timeline1,Tobii I-VT (Fixation),1.241.54219,1080,1920,10.0,14.5,1.9,2.3,1.39,0.18,0.21,53,7,8,7.8,1.7,1.6,0.77,0.17,0.16,29,6,6,9684273172,,,955,733,967,741,942,725,0.08236,0.21617,-0.97288,-0.05349,0.21166,-0.97588,3.793,3.61,3.705,,,,Valid,Valid,222.2,91.4,500.9,285.2,89.9,500.0,264.6,202.7,257.8,198.4,0.4971,0.6784,0.5036,0.6857,0.4906,0.6712,Screen Recording,Screen Recording Recording38.mp4,1920,1080,0,0,960,540,Fixation,1112,498,954,735,0.4971,0.6808,,,,,,,,,,,
275732569,1120608937472,Eye Tracker,LipReading,08/25/2025,Chenmingjie,Recording38,07/01/2025,07/01/2025,16:47:15.576,08:47:15.576,803474,Timeline1,Tobii I-VT (Fixation),1.241.54219,1080,1920,10.0,14.5,1.9,2.3,1.39,0.18,0.21,53,7,8,7.8,1.7,1.6,0.77,0.17,0.16,29,6,6,9684277172,,,953,730,965,734,941,725,0.08135,0.21295,-0.97367,-0.05425,0.21171,-0.97583,3.8,3.609,3.704,,,,Valid,Valid,222.2,91.4,500.9,285.2,89.9,500.1,264.1,200.9,257.4,198.4,0.4962,0.6755,0.5026,0.6798,0.4899,0.6713,Screen Recording,Screen Recording Recording38.mp4,1920,1080,0,0,960,540,Fixation,1112,498,954,735,0.4971,0.6808,,,,,,,,,,,
275736569,1120608941472,Eye Tracker,LipReading,08/25/2025,Chenmingjie,Recording38,07/01/2025,07/01/2025,16:47:15.576,08:47:15.576,803474,Timeline1,Tobii I-VT (Fixation),1.241.54219,1080,1920,10.0,14.5,1.9,2.3,1.39,0.18,0.21,53,7,8,7.8,1.7,1.6,0.77,0.17,0.16,29,6,6,9684281172,,,953,733,967,737,939,728,0.08226,0.21445,-0.97327,-0.05526,0.21324,-0.97544,3.78,3.594,3.703,,,,Valid,Valid,222.2,91.4,500.8,285.2,89.9,500.0,264.6,201.7,256.9,199.2,0.4962,0.6783,0.5035,0.6826,0.4889,0.6741,Screen Recording,Screen Recording Recording38.mp4,1920,1080,0,0,960,540,Fixation,1112,498,954,735,0.4971,0.6808,,,,,,,,,,,
275740570,1120608945473,Eye Tracker,LipReading,08/25/2025,Chenmingjie,Recording38,07/01/2025,07/01/2025,16:47:15.576,08:47:15.576,803474,Timeline1,Tobii I-VT (Fixation),1.241.54219,1080,1920,10.0,14.5,1.9,2.3,1.39,0.18,0.21,53,7,8,7.8,1.7,1.6,0.77,0.17,0.16,29,6,6,9684285173,,,955,729,970,725,940,732,0.08418,0.20826,-0.97444,-0.05474,0.21522,-0.97503,3.819,3.606,3.703,,,,Valid,Valid,222.2,91.4,500.8,285.2,89.9,500.0,265.5,198.4,257.2,200.3,0.4974,0.6746,0.5053,0.6714,0.4894,0.6777,Screen Recording,Screen Recording Recording38.mp4,1920,1080,0,0,960,540,Fixation,1112,498,954,735,0.4971,0.6808,,,,,,,,,,,
275744569,1120608949472,Eye Tracker,LipReading,08/25/2025,Chenmingjie,Recording38,07/01/2025,07/01/2025,16:47:15.576,08:47:15.576,803474,Timeline1,Tobii I-VT (Fixation),1.241.54219,1080,1920,10.0,14.5,1.9,2.3,1.39,0.18,0.21,53,7,8,7.8,1.7,1.6,0.77,0.17,0.16,29,6,6,9684289173,,,954,730,970,735,938,726,0.08378,0.2131,-0.97343,-0.05542,0.21232,-0.97563,3.801,3.59,3.701,,,,Valid,Valid,222.3,91.4,500.9,285.2,90.0,500.0,265.4,201.0,256.8,198.8,0.4969,0.6763,0.505,0.6802,0.4888,0.6725,Screen Recording,Screen Recording Recording38.mp4,1920,1080,0,0,960,540,Fixation,1112,498,954,735,0.4971,0.6808,,,,,,,,,,,
275748569,1120608953472,Eye Tracker,LipReading,08/25/2025,Chenmingjie,Recording38,07/01/2025,07/01/2025,16:47:15.576,08:47:15.576,803474,Timeline1,Tobii I-VT (Fixation),1.241.54219,1080,1920,10.0,14.5,1.9,2.3,1.39,0.18,0.21,53,7,8,7.8,1.7,1.6,0.77,0.17,0.16,29,6,6,9684293173,,,956,727,970,729,942,725,0.08417,0.21005,-0.97406,-0.05331,0.21183,-0.97585,3.811,3.604,3.703,,,,Valid,Valid,222.3,91.4,500.9,285.2,89.9,500.0,265.5,199.4,257.9,198.5,0.4981,0.6731,0.5054,0.6746,0.4909,0.6715,Screen Recording,Screen Recording Recording38.mp4,1920,1080,0,0,960,540,Fixation,1112,498,954,735,0.4971,0.6808,,,,,,,,,,,
275752569,1120608957472,Eye Tracker,LipReading,08/25/2025,Chenmingjie,Recording38,07/01/2025,07/01/2025,16:47:15.576,08:47:15.576,803474,Timeline1,Tobii I-VT (Fixation),1.241.54219,1080,1920,10.0,14.5,1.9,2.3,1.39,0.18,0.21,53,7,8,7.8,1.7,1.6,0.77,0.17,0.16,29,6,6,9684297173,,,953,730,967,735,939,725,0.08261,0.21339,-0.97347,-0.0549,0.21195,-0.97574,3.793,3.601,3.702,,,,Valid,Valid,222.3,91.4,500.9,285.2,89.9,500.1,264.8,201.2,257.1,198.5,0.4966,0.6762,0.5039,0.6807,0.4893,0.6717,Screen Recording,Screen Recording Recording38.mp4,1920,1080,0,0,960,540,Fixation,1112,498,954,735,0.4971,0.6808,,,,,,,,,,,
275756569,1120608961472,Eye Tracker,LipReading,08/25/2025,Chenmingjie,Recording38,07/01/2025,07/01/2025,16:47:15.576,08:47:15.576,803474,Timeline1,Tobii I-VT (Fixation),1.241.54219,1080,1920,10.0,14.5,1.9,2.3,1.39,0.18,0.21,53,7,8,7.8,1.7,1.6,0.77,0.17,0.16,29,6,6,9684301173,,,955,731,968,734,941,727,0.08286,0.21291,-0.97355,-0.05401,0.21278,-0.97561,3.783,3.619,3.705,,,,Valid,Valid,222.3,91.4,500.9,285.2,89.9,500.1,264.9,200.9,257.6,199.0,0.4972,0.6765,0.5041,0.6798,0.4902,0.6732,Screen Recording,Screen Recording Recording38.mp4,1920,1080,0,0,960,540,Fixation,1112,498,954,735,0.4971,0.6808,,,,,,,,,,,
275760568,1120608965471,Eye Tracker,LipReading,08/25/2025,Chenmingjie,Recording38,07/01/2025,07/01/2025,16:47:15.576,08:47:15.576,803474,Timeline1,Tobii I-VT (Fixation),1.241.54219,1080,1920,10.0,14.5,1.9,2.3,1.39,0.18,0.21,53,7,8,7.8,1.7,1.6,0.77,0.17,0.16,29,6,6,9684305172,,,956,731,971,734,941,728,0.08447,0.21285,-0.97343,-0.05431,0.21328,-0.97548,3.82,3.604,3.706,,,,Valid,Valid,222.3,91.4,500.9,285.2,89.9,500.0,265.7,200.9,257.4,199.3,0.4978,0.677,0.5057,0.6798,0.4899,0.6742,Screen Recording,Screen Recording Recording38.mp4,1920,1080,0,0,960,540,Fixation,1112,498,954,735,0.4971,0.6808,,,,,,,,,,,
275764568,1120608969471,Eye Tracker,LipReading,08/25/2025,Chenmingjie,Recording38,07/01/2025,07/01/2025,16:47:15.576,08:47:15.576,803474,Timeline1,Tobii I-VT (Fixation),1.241.54219,1080,1920,10.0,14.5,1.9,2.3,1.39,0.18,0.21,53,7,8,7.8,1.7,1.6,0.77,0.17,0.16,29,6,6,9684309172,,,954,732,970,734,938,731,0.08367,0.21274,-0.97352,-0.05565,0.21467,-0.9751,3.806,3.607,3.706,,,,Valid,Valid,222.3,91.4,500.9,285.3,89.9,500.0,265.3,200.8,256.7,200.0,0.4968,0.6781,0.505,0.6795,0.4886,0.6767,Screen Recording,Screen Recording Recording38.mp4,1920,1080,0,0,960,540,Fixation,1112,498,954,735,0.4971,0.6808,,,,,,,,,,,
275768568,1120608973471,Eye Tracker,LipReading,08/25/2025,Chenmingjie,Recording38,07/01/2025,07/01/2025,16:47:15.576,08:47:15.576,803474,Timeline1,Tobii I-VT (Fixation),1.241.54219,1080,1920,10.0,14.5,1.9,2.3,1.39,0.18,0.21,53,7,8,7.8,1.7,1.6,0.77,0.17,0.16,29,6,6,9684313172,,,953,731,965,734,942,727,0.08106,0.21293,-0.9737,-0.0537,0.21294,-0.97559,3.814,3.608,3.709,,,,Valid,Valid,222.3,91.4,500.9,285.3,89.9,500.1,264.0,200.9,257.7,199.1,0.4965,0.6767,0.5024,0.6798,0.4905,0.6735,Screen Recording,Screen Recording Recording38.mp4,1920,1080,0,0,960,540,Fixation,1112,498,954,735,0.4971,0.6808,,,,,,,,,,,
275772569,1120608977472,Eye Tracker,LipReading,08/25/2025,Chenmingjie,Recording38,07/01/2025,07/01/2025,16:47:15.576,08:47:15.576,803474,Timeline1,Tobii I-VT (Fixation),1.241.54219,1080,1920,10.0,14.5,1.9,2.3,1.39,0.18,0.21,53,7,8,7.8,1.7,1.6,0.77,0.17,0.16,29,6,6,9684317173,,,955,732,969,736,941,729,0.08328,0.2136,-0.97337,-0.05396,0.21359,-0.97543,3.794,3.603,3.709,,,,Valid,Valid,222.3,91.4,500.9,285.3,89.9,500.1,265.2,201.3,257.6,199.4,0.4974,0.6779,0.5046,0.6811,0.4903,0.6747,Screen Recording,Screen Recording Recording38.mp4,1920,1080,0,0,960,540,Fixation,1112,498,954,735,0.4971,0.6808,,,,,,,,,,,
275776569,1120608981472,Eye Tracker,LipReading,08/25/2025,Chenmingjie,Recording38,07/01/2025,07/01/2025,16:47:15.576,08:47:15.576,803474,Timeline1,Tobii I-VT (Fixation),1.241.54219,1080,1920,10.0,14.5,1.9,2.3,1.39,0.18,0.21,53,7,8,7.8,1.7,1.6,0.77,0.17,0.16,29,6,6,9684321173,,,953,730,966,732,940,729,0.08201,0.21168,-0.97389,-0.05465,0.21354,-0.9754,3.818,3.597,3.71,,,,Valid,Valid,222.3,91.4,500.9,285.3,89.9,500.2,264.5,200.2,257.3,199.4,0.4965,0.676,0.5033,0.6775,0.4896,0.6746,Screen Recording,Screen Recording Recording38.mp4,1920,1080,0,0,960,540,Fixation,1112,498,954,735,0.4971,0.6808,,,,,,,,,,,
275780569,1120608985472,Eye Tracker,LipReading,08/25/2025,Chenmingjie,Recording38,07/01/2025,07/01/2025,16:47:15.576,08:47:15.576,803474,Timeline1,Tobii I-VT (Fixation),1.241.54219,1080,1920,10.0,14.5,1.9,2.3,1.39,0.18,0.21,53,7,8,7.8,1.7,1.6,0.77,0.17,0.16,29,6,6,9684325173,,,953,730,968,731,938,728,0.08297,0.21141,-0.97387,-0.05563,0.21348,-0.97536,3.811,3.609,3.707,,,,Valid,Valid,222.3,91.4,500.9,285.3,89.9,500.1,265.0,200.1,256.8,199.3,0.4965,0.6758,0.5043,0.6771,0.4887,0.6745,Screen Recording,Screen Recording Recording38.mp4,1920,1080,0,0,960,540,Fixation,1112,498,954,735,0.4971,0.6808,,,,,,,,,,,
275784569,1120608989472,Eye Tracker,LipReading,08/25/2025,Chenmingjie,Recording38,07/01/2025,07/01/2025,16:47:15.576,08:47:15.576,803474,Timeline1,Tobii I-VT (Fixation),1.241.54219,1080,1920,10.0,14.5,1.9,2.3,1.39,0.18,0.21,53,7,8,7.8,1.7,1.6,0.77,0.17,0.16,29,6,6,9684329173,,,956,731,971,733,941,729,0.08442,0.21243,-0.97352,-0.05444,0.21364,-0.97539,3.811,3.63,3.709,,,,Valid,Valid,222.3,91.4,500.9,285.3,89.9,500.1,265.8,200.7,257.4,199.4,0.4978,0.6768,0.5058,0.6789,0.4898,0.6747,Screen Recording,Screen Recording Recording38.mp4,1920,1080,0,0,960,540,Fixation,1112,498,954,735,0.4971,0.6808,,,,,,,,,,,
275788569,1120608993472,Eye Tracker,LipReading,08/25/2025,Chenmingjie,Recording38,07/01/2025,07/01/2025,16:47:15.576,08:47:15.576,803474,Timeline1,Tobii I-VT (Fixation),1.241.54219,1080,1920,10.0,14.5,1.9,2.3,1.39,0.18,0.21,53,7,8,7.8,1.7,1.6,0.77,0.17,0.16,29,6,6,9684333173,,,954,731,969,731,940,732,0.0834,0.21132,-0.97385,-0.05497,0.21507,-0.97505,3.819,3.599,3.71,,,,Valid,Valid,222.3,91.4,500.9,285.3,89.9,500.1,265.2,200.1,257.1,200.2,0.497,0.6771,0.5047,0.6769,0.4893,0.6773,Screen Recording,Screen Recording Recording38.mp4,1920,1080,0,0,960,540,Fixation,1112,498,954,735,0.4971,0.6808,,,,,,,,,,,
275792569,1120608997472,Eye Tracker,LipReading,08/25/2025,Chenmingjie,Recording38,07/01/2025,07/01/2025,16:47:15.576,08:47:15.576,803474,Timeline1,Tobii I-VT (Fixation),1.241.54219,1080,1920,10.0,14.5,1.9,2.3,1.39,0.18,0.21,53,7,8,7.8,1.7,1.6,0.77,0.17,0.16,29,6,6,9684337173,,,959,729,974,730,945,727,0.08574,0.21089,-0.97374,-0.05225,0.21298,-0.97566,3.794,3.607,3.715,,,,Valid,Valid,222.3,91.4,500.9,285.3,89.9,500.1,266.4,199.8,258.5,199.1,0.4995,0.6748,0.5071,0.6762,0.492,0.6735,Screen Recording,Screen Recording Recording38.mp4,1920,1080,0,0,960,540,Fixation,1112,498,954,735,0.4971,0.6808,,,,,,,,,,,
275796569,1120609001472,Eye Tracker,LipReading,08/25/2025,Chenmingjie,Recording38,07/01/2025,07/01/2025,16:47:15.576,08:47:15.576,803474,Timeline1,Tobii I-VT (Fixation),1.241.54219,1080,1920,10.0,14.5,1.9,2.3,1.39,0.18,0.21,53,7,8,7.8,1.7,1.6,0.77,0.17,0.16,29,6,6,9684341173,,,957,729,973,732,941,726,0.08558,0.21156,-0.97361,-0.05434,0.21228,-0.9757,3.811,3.619,3.715,,,,Valid,Valid,222.3,91.3,500.9,285.3,89.9,500.1,266.4,200.2,257.5,198.7,0.4985,0.6748,0.5069,0.6773,0.49,0.6722,Screen Recording,Screen Recording Recording38.mp4,1920,1080,0,0,960,540,Fixation,1112,498,954,735,0.4971,0.6808,,,,,,,,,,,
275800567,1120609005470,Eye Tracker,LipReading,08/25/2025,Chenmingjie,Recording38,07/01/2025,07/01/2025,16:47:15.576,08:47:15.576,803474,Timeline1,Tobii I-VT (Fixation),1.241.54219,1080,1920,10.0,14.5,1.9,2.3,1.39,0.18,0.21,53,7,8,7.8,1.7,1.6,0.77,0.17,0.16,29,6,6,9684345172,,,954,734,970,738,937,730,0.08393,0.21498,-0.97301,-0.05618,0.21412,-0.97519,3.814,3.619,3.716,,,,Valid,Valid,222.3,91.3,500.9,285.3,89.9,500.2,265.6,202.0,256.5,199.7,0.4968,0.6795,0.5054,0.6834,0.4882,0.6756,Screen Recording,Screen Recording Recording38.mp4,1920,1080,0,0,960,540,Fixation,1112,498,954,735,0.4971,0.6808,,,,,,,,,,,
275804567,1120609009470,Eye Tracker,LipReading,08/25/2025,Chenmingjie,Recording38,07/01/2025,07/01/2025,16:47:15.576,08:47:15.576,803474,Timeline1,Tobii I-VT (Fixation),1.241.54219,1080,1920,10.0,14.5,1.9,2.3,1.39,0.18,0.21,53,7,8,7.8,1.7,1.6,0.77,0.17,0.16,29,6,6,9684349172,,,959,731,976,734,941,728,0.0869,0.21265,-0.97326,-0.05417,0.21309,-0.97553,3.814,3.617,3.717,,,,Valid,Valid,222.3,91.3,501.0,285.3,89.8,500.2,267.1,200.8,257.6,199.1,0.4992,0.6764,0.5083,0.6792,0.4902,0.6737,Screen Recording,Screen Recording Recording38.mp4,1920,1080,0,0,960,540,Fixation,1112,498,954,735,0.4971,0.6808,,,,,,,,,,,
275808567,1120609013470,Eye Tracker,LipReading,08/25/2025,Chenmingjie,Recording38,07/01/2025,07/01/2025,16:47:15.576,08:47:15.576,803474,Timeline1,Tobii I-VT (Fixation),1.241.54219,1080,1920,10.0,14.5,1.9,2.3,1.39,0.18,0.21,53,7,8,7.8,1.7,1.6,0.77,0.17,0.16,29,6,6,9684353172,,,960,728,979,733,941,723,0.08847,0.21235,-0.97318,-0.05449,0.21099,-0.97597,3.818,3.624,3.717,,,,Valid,Valid,222.4,91.3,500.9,285.3,89.8,500.2,267.9,200.6,257.4,198.0,0.4999,0.6743,0.5098,0.6788,0.4899,0.6698,Screen Recording,Screen Recording Recording38.mp4,1920,1080,0,0,960,540,Fixation,1112,498,954,735,0.4971,0.6808,,,,,,,,,,,
275812568,1120609017471,Eye Tracker,LipReading,08/25/2025,Chenmingjie,Recording38,07/01/2025,07/01/2025,16:47:15.576,08:47:15.576,803474,Timeline1,Tobii I-VT (Fixation),1.241.54219,1080,1920,10.0,14.5,1.9,2.3,1.39,0.18,0.21,53,7,8,7.8,1.7,1.6,0.77,0.17,0.16,29,6,6,9684357173,,,953,729,965,731,940,727,0.08133,0.21156,-0.97397,-0.05469,0.21303,-0.97551,3.806,3.621,3.717,,,,Valid,Valid,222.4,91.3,501.0,285.3,89.9,500.2,264.2,200.1,257.3,199.1,0.4962,0.6753,0.5028,0.6771,0.4897,0.6736,Screen Recording,Screen Recording Recording38.mp4,1920,1080,0,0,960,540,Fixation,1112,498,954,735,0.4971,0.6808,,,,,,,,,,,
275816568,1120609021471,Eye Tracker,LipReading,08/25/2025,Chenmingjie,Recording38,07/01/2025,07/01/2025,16:47:15.576,08:47:15.576,803474,Timeline1,Tobii I-VT (Fixation),1.241.54219,1080,1920,10.0,14.5,1.9,2.3,1.39,0.18,0.21,53,7,8,7.8,1.7,1.6,0.77,0.17,0.16,29,6,6,9684361173,,,953,729,969,735,937,723,0.08329,0.21359,-0.97337,-0.05619,0.21073,-0.97593,3.799,3.632,3.721,,,,Valid,Valid,222.4,91.3,501.0,285.3,89.9,500.1,265.2,201.2,256.5,197.9,0.4965,0.6751,0.5048,0.6808,0.4883,0.6694,Screen Recording,Screen Recording Recording38.mp4,1920,1080,0,0,960,540,Fixation,1112,498,954,735,0.4971,0.6808,,,,,,,,,,,
275820568,1120609025471,Eye Tracker,LipReading,08/25/2025,Chenmingjie,Recording38,07/01/2025,07/01/2025,16:47:15.576,08:47:15.576,803474,Timeline1,Tobii I-VT (Fixation),1.241.54219,1080,1920,10.0,14.5,1.9,2.3,1.39,0.18,0.21,53,7,8,7.8,1.7,1.6,0.77,0.17,0.16,29,6,6,9684365173,,,958,726,975,729,942,724,0.0863,0.21047,-0.97378,-0.0539,0.2111,-0.97598,3.825,3.619,3.716,,,,Valid,Valid,222.4,91.3,501.0,285.4,89.8,500.2,266.8,199.6,257.7,198.0,0.4991,0.6726,0.5077,0.6752,0.4905,0.67,Screen Recording,Screen Recording Recording38.mp4,1920,1080,0,0,960,540,Fixation,1112,498,954,735,0.4971,0.6808,,,,,,,,,,,
275824568,1120609029471,Eye Tracker,LipReading,08/25/2025,Chenmingjie,Recording38,07/01/2025,07/01/2025,16:47:15.576,08:47:15.576,803474,Timeline1,Tobii I-VT (Fixation),1.241.54219,1080,1920,10.0,14.5,1.9,2.3,1.39,0.18,0.21,53,7,8,7.8,1.7,1.6,0.77,0.17,0.16,29,6,6,9684369173,,,953,724,969,725,938,724,0.08332,0.20817,-0.97454,-0.05614,0.21134,-0.9758,3.824,3.632,3.721,,,,Valid,Valid,222.4,91.3,501.0,285.4,89.8,500.2,265.2,198.3,256.6,198.2,0.4965,0.6707,0.5047,0.6709,0.4883,0.6705,Screen Recording,Screen Recording Recording38.mp4,1920,1080,0,0,960,540,Fixation,1112,498,954,735,0.4971,0.6808,,,,,,,,,,,
275828568,1120609033471,Eye Tracker,LipReading,08/25/2025,Chenmingjie,Recording38,07/01/2025,07/01/2025,16:47:15.576,08:47:15.576,803474,Timeline1,Tobii I-VT (Fixation),1.241.54219,1080,1920,10.0,14.5,1.9,2.3,1.39,0.18,0.21,53,7,8,7.8,1.7,1.6,0.77,0.17,0.16,29,6,6,9684373173,,,957,732,971,738,943,726,0.08405,0.21483,-0.97303,-0.05333,0.21243,-0.97572,3.811,3.62,3.722,,,,Valid,Valid,222.4,91.3,500.9,285.4,89.8,500.2,265.6,201.9,258.0,198.7,0.4983,0.6777,0.5056,0.6831,0.4911,0.6724,Screen Recording,Screen Recording Recording38.mp4,1920,1080,0,0,960,540,Fixation,1112,498,954,735,0.4971,0.6808,,,,,,,,,,,
275832569,1120609037472,Eye Tracker,LipReading,08/25/2025,Chenmingjie,Recording38,07/01/2025,07/01/2025,16:47:15.576,08:47:15.576,803474,Timeline1,Tobii I-VT (Fixation),1.241.54219,1080,1920,10.0,14.5,1.9,2.3,1.39,0.18,0.21,53,7,8,7.8,1.7,1.6,0.77,0.17,0.16,29,6,6,9684377174,,,957,734,970,738,943,731,0.08388,0.21489,-0.97303,-0.05324,0.21471,-0.97523,3.799,3.631,3.721,,,,Valid,Valid,222.4,91.3,501.0,285.4,89.8,500.2,265.5,201.9,258.0,200.0,0.4982,0.6799,0.5054,0.6832,0.4911,0.6766,Screen Recording,Screen Recording Recording38.mp4,1920,1080,0,0,960,540,Fixation,1112,498,954,735,0.4971,0.6808,,,,,,,,,,,
275836569,1120609041472,Eye Tracker,LipReading,08/25/2025,Chenmingjie,Recording38,07/01/2025,07/01/2025,16:47:15.576,08:47:15.576,803474,Timeline1,Tobii I-VT (Fixation),1.241.54219,1080,1920,10.0,14.5,1.9,2.3,1.39,0.18,0.21,53,7,8,7.8,1.7,1.6,0.77,0.17,0.16,29,6,6,9684381174,,,957,731,975,734,940,729,0.08627,0.21281,-0.97328,-0.05499,0.2136,-0.97537,3.827,3.613,3.719,,,,Valid,Valid,222.4,91.3,500.9,285.4,89.8,500.2,266.8,200.8,257.2,199.4,0.4985,0.677,0.5077,0.6795,0.4894,0.6746,Screen Recording,Screen Recording Recording38.mp4,1920,1080,0,0,960,540,Fixation,1112,498,954,735,0.4971,0.6808,,,,,,,,,,,
275840568,1120609045471,Eye Tracker,LipReading,08/25/2025,Chenmingjie,Recording38,07/01/2025,07/01/2025,16:47:15.576,08:47:15.576,803474,Timeline1,Tobii I-VT (Fixation),1.241.54219,1080,1920,10.0,14.5,1.9,2.3,1.39,0.18,0.21,53,7,8,7.8,1.7,1.6,0.77,0.17,0.16,29,6,6,9684385173,,,956,727,971,731,940,723,0.08448,0.21129,-0.97377,-0.05463,0.21067,-0.97603,3.821,3.614,3.726,,,,Valid,Valid,222.4,91.3,501.0,285.4,89.8,500.2,265.8,200.0,257.4,197.8,0.4978,0.6729,0.5059,0.6766,0.4898,0.6692,Screen Recording,Screen Recording Recording38.mp4,1920,1080,0,0,960,540,Fixation,1112,498,954,735,0.4971,0.6808,,,,,,,,,,,
275844568,1120609049471,Eye Tracker,LipReading,08/25/2025,Chenmingjie,Recording38,07/01/2025,07/01/2025,16:47:15.576,08:47:15.576,803474,Timeline1,Tobii I-VT (Fixation),1.241.54219,1080,1920,10.0,14.5,1.9,2.3,1.39,0.18,0.21,53,7,8,7.8,1.7,1.6,0.77,0.17,0.16,29,6,6,9684389173,,,958,731,976,734,939,727,0.08686,0.21296,-0.97319,-0.05525,0.21306,-0.97548,3.818,3.635,3.72,,,,Valid,Valid,222.4,91.3,501.0,285.3,89.8,500.2,267.1,200.9,257.0,199.1,0.4987,0.6766,0.5083,0.6797,0.4891,0.6736,Screen Recording,Screen Recording Recording38.mp4,1920,1080,0,0,960,540,Fixation,1112,498,954,735,0.4971,0.6808,,,,,,,,,,,
275848568,1120609053471,Eye Tracker,LipReading,08/25/2025,Chenmingjie,Recording38,07/01/2025,07/01/2025,16:47:15.576,08:47:15.576,803474,Timeline1,Tobii I-VT (Fixation),1.241.54219,1080,1920,10.0,14.5,1.9,2.3,1.39,0.18,0.21,53,7,8,7.8,1.7,1.6,0.77,0.17,0.16,29,6,6,9684393173,,,957,725,972,729,941,721,0.08474,0.21037,-0.97394,-0.05416,0.20993,-0.97622,3.839,3.652,3.725,,,,Valid,Valid,222.4,91.3,501.0,285.3,89.8,500.2,265.9,199.5,257.6,197.4,0.4982,0.6714,0.5061,0.6749,0.4903,0.6679,Screen Recording,Screen Recording Recording38.mp4,1920,1080,0,0,960,540,Fixation,1112,498,954,735,0.4971,0.6808,,,,,,,,,,,
275852569,1120609057472,Eye Tracker,LipReading,08/25/2025,Chenmingjie,Recording38,07/01/2025,07/01/2025,16:47:15.576,08:47:15.576,803474,Timeline1,Tobii I-VT (Fixation),1.241.54219,1080,1920,10.0,14.5,1.9,2.3,1.39,0.18,0.21,53,7,8,7.8,1.7,1.6,0.77,0.17,0.16,29,6,6,9684397174,,,960,730,976,732,943,727,0.08721,0.21173,-0.97343,-0.05322,0.21304,-0.97559,3.824,3.617,3.728,,,,Valid,Valid,222.3,91.3,500.9,285.3,89.9,500.2,267.2,200.3,258.1,199.1,0.4998,0.6755,0.5086,0.6776,0.4911,0.6735,Screen Recording,Screen Recording Recording38.mp4,1920,1080,0,0,960,540,Fixation,1112,498,954,735,0.4971,0.6808,,,,,,,,,,,
275856569,1120609061472,Eye Tracker,LipReading,08/25/2025,Chenmingjie,Recording38,07/01/2025,07/01/2025,16:47:15.576,08:47:15.576,803474,Timeline1,Tobii I-VT (Fixation),1.241.54219,1080,1920,10.0,14.5,1.9,2.3,1.39,0.18,0.21,53,7,8,7.8,1.7,1.6,0.77,0.17,0.16,29,6,6,9684401174,,,959,732,975,735,942,730,0.08655,0.21346,-0.97311,-0.05377,0.2141,-0.97533,3.818,3.629,3.728,,,,Valid,Valid,222.3,91.3,500.9,285.3,89.9,500.2,266.9,201.2,257.8,199.6,0.4993,0.6781,0.5079,0.6807,0.4906,0.6755,Screen Recording,Screen Recording Recording38.mp4,1920,1080,0,0,960,540,Fixation,1112,498,954,735,0.4971,0.6808,,,,,,,,,,,
275860569,1120609065472,Eye Tracker,LipReading,08/25/2025,Chenmingjie,Recording38,07/01/2025,07/01/2025,16:47:15.576,08:47:15.576,803474,Timeline1,Tobii I-VT (Fixation),1.241.54219,1080,1920,10.0,14.5,1.9,2.3,1.39,0.18,0.21,53,7,8,7.8,1.7,1.6,0.77,0.17,0.16,29,6,6,9684405174,,,958,730,975,738,941,722,0.08657,0.21472,-0.97283,-0.05453,0.21048,-0.97608,3.824,3.632,3.727,,,,Valid,Valid,222.3,91.3,501.0,285.3,89.8,500.2,266.9,201.9,257.4,197.7,0.4989,0.6759,0.508,0.683,0.4899,0.6689,Screen Recording,Screen Recording Recording38.mp4,1920,1080,0,0,960,540,Fixation,1112,498,954,735,0.4971,0.6808,,,,,,,,,,,
275864569,1120609069472,Eye Tracker,LipReading,08/25/2025,Chenmingjie,Recording38,07/01/2025,07/01/2025,16:47:15.576,08:47:15.576,803474,Timeline1,Tobii I-VT (Fixation),1.241.54219,1080,1920,10.0,14.5,1.9,2.3,1.39,0.18,0.21,53,7,8,7.8,1.7,1.6,0.77,0.17,0.16,29,6,6,9684409174,,,957,731,974,734,940,728,0.08581,0.21281,-0.97332,-0.05474,0.21332,-0.97545,3.838,3.635,3.729,,,,Valid,Valid,222.3,91.3,501.0,285.3,89.8,500.2,266.5,200.8,257.3,199.2,0.4984,0.6768,0.5072,0.6795,0.4896,0.6741,Screen Recording,Screen Recording Recording38.mp4,1920,1080,0,0,960,540,Fixation,1112,498,954,735,0.4971,0.6808,,,,,,,,,,,
275868569,1120609073472,Eye Tracker,LipReading,08/25/2025,Chenmingjie,Recording38,07/01/2025,07/01/2025,16:47:15.576,08:47:15.576,803474,Timeline1,Tobii I-VT (Fixation),1.241.54219,1080,1920,10.0,14.5,1.9,2.3,1.39,0.18,0.21,53,7,8,7.8,1.7,1.6,0.77,0.17,0.16,29,6,6,9684413174,,,955,736,974,741,937,732,0.08599,0.21623,-0.97255,-0.05652,0.21527,-0.97492,3.838,3.63,3.736,,,,Valid,Valid,222.3,91.3,500.9,285.3,89.8,500.2,266.6,202.7,256.3,200.3,0.4976,0.6817,0.5074,0.6858,0.4878,0.6777,Screen Recording,Screen Recording Recording38.mp4,1920,1080,0,0,960,540,Fixation,1112,498,954,735,0.4971,0.6808,,,,,,,,,,,
275872569,1120609077472,Eye Tracker,LipReading,08/25/2025,Chenmingjie,Recording38,07/01/2025,07/01/2025,16:47:15.576,08:47:15.576,803474,Timeline1,Tobii I-VT (Fixation),1.241.54219,1080,1920,10.0,14.5,1.9,2.3,1.39,0.18,0.21,53,7,8,7.8,1.7,1.6,0.77,0.17,0.16,29,6,6,9684417174,,,955,733,970,734,939,733,0.08381,0.21267,-0.97352,-0.05516,0.21584,-0.97487,3.826,3.633,3.736,,,,Valid,Valid,222.3,91.3,501.0,285.3,89.9,500.2,265.4,200.8,257.0,200.6,0.4972,0.679,0.5052,0.6792,0.4891,0.6787,Screen Recording,Screen Recording Recording38.mp4,1920,1080,0,0,960,540,Fixation,1112,498,954,735,0.4971,0.6808,,,,,,,,,,,
275876569,1120609081472,Eye Tracker,LipReading,08/25/2025,Chenmingjie,Recording38,07/01/2025,07/01/2025,16:47:15.576,08:47:15.576,803474,Timeline1,Tobii I-VT (Fixation),1.241.54219,1080,1920,10.0,14.5,1.9,2.3,1.39,0.18,0.21,53,7,8,7.8,1.7,1.6,0.77,0.17,0.16,29,6,6,9684421174,,,955,730,969,730,940,730,0.08357,0.21075,-0.97396,-0.05464,0.21444,-0.97521,3.846,3.636,3.736,,,,Valid,Valid,222.3,91.3,500.9,285.3,89.8,500.2,265.3,199.7,257.3,199.8,0.4973,0.6759,0.5049,0.6758,0.4896,0.6761,Screen Recording,Screen Recording Recording38.mp4,1920,1080,0,0,960,540,Fixation,1112,498,954,735,0.4971,0.6808,,,,,,,,,,,
275880567,1120609085470,Eye Tracker,LipReading,08/25/2025,Chenmingjie,Recording38,07/01/2025,07/01/2025,16:47:15.576,08:47:15.576,803474,Timeline1,Tobii I-VT (Fixation),1.241.54219,1080,1920,10.0,14.5,1.9,2.3,1.39,0.18,0.21,53,7,8,7.8,1.7,1.6,0.77,0.17,0.16,29,6,6,9684425173,,,956,732,973,730,938,734,0.08548,0.21071,-0.9738,-0.05548,0.21618,-0.97478,3.844,3.631,3.736,,,,Valid,Valid,222.3,91.3,500.9,285.3,89.9,500.2,266.3,199.7,256.8,200.8,0.4978,0.6775,0.5068,0.6757,0.4888,0.6793,Screen Recording,Screen Recording Recording38.mp4,1920,1080,0,0,960,540,Fixation,1112,498,954,735,0.4971,0.6808,,,,,,,,,,,
275884567,1120609089470,Eye Tracker,LipReading,08/25/2025,Chenmingjie,Recording38,07/01/2025,07/01/2025,16:47:15.576,08:47:15.576,803474,Timeline1,Tobii I-VT (Fixation),1.241.54219,1080,1920,10.0,14.5,1.9,2.3,1.39,0.18,0.21,53,7,8,7.8,1.7,1.6,0.77,0.17,0.16,29,6,6,9684429173,,,957,736,975,737,939,735,0.08668,0.21434,-0.97291,-0.05534,0.21662,-0.97469,3.837,3.64,3.737,,,,Valid,Valid,222.3,91.3,500.9,285.3,89.9,500.2,266.9,201.7,256.9,201.0,0.4985,0.6813,0.508,0.6824,0.4889,0.6802,Screen Recording,Screen Recording Recording38.mp4,1920,1080,0,0,960,540,Fixation,1112,498,954,735,0.4971,0.6808,,,,,,,,,,,
275888567,1120609093470,Eye Tracker,LipReading,08/25/2025,Chenmingjie,Recording38,07/01/2025,07/01/2025,16:47:15.576,08:47:15.576,803474,Timeline1,Tobii I-VT (Fixation),1.241.54219,1080,1920,10.0,14.5,1.9,2.3,1.39,0.18,0.21,53,7,8,7.8,1.7,1.6,0.77,0.17,0.16,29,6,6,9684433173,,,954,736,973,738,934,733,0.08564,0.21492,-0.97287,-0.05762,0.21592,-0.97471,3.806,3.635,3.736,,,,Valid,Valid,222.3,91.3,501.0,285.3,89.9,500.2,266.4,202.0,255.7,200.7,0.4968,0.6812,0.507,0.6835,0.4867,0.679,Screen Recording,Screen Recording Recording38.mp4,1920,1080,0,0,960,540,Fixation,1112,498,954,735,0.4971,0.6808,,,,,,,,,,,
275892568,1120609097471,Eye Tracker,LipReading,08/25/2025,Chenmingjie,Recording38,07/01/2025,07/01/2025,16:47:15.576,08:47:15.576,803474,Timeline1,Tobii I-VT (Fixation),1.241.54219,1080,1920,10.0,14.5,1.9,2.3,1.39,0.18,0.21,53,7,8,7.8,1.7,1.6,0.77,0.17,0.16,29,6,6,9684437174,,,952,735,969,740,935,730,0.08326,0.21612,-0.97281,-0.05709,0.21412,-0.97514,3.817,3.644,3.738,,,,Valid,Valid,222.3,91.3,501.0,285.3,89.9,500.2,265.2,202.6,256.0,199.7,0.4959,0.6807,0.5047,0.6856,0.4872,0.6757,Screen Recording,Screen Recording Recording38.mp4,1920,1080,0,0,960,540,Fixation,1112,498,954,735,0.4971,0.6808,,,,,,,,,,,
275896568,1120609101471,Eye Tracker,LipReading,08/25/2025,Chenmingjie,Recording38,07/01/2025,07/01/2025,16:47:15.576,08:47:15.576,803474,Timeline1,Tobii I-VT (Fixation),1.241.54219,1080,1920,10.0,14.5,1.9,2.3,1.39,0.18,0.21,53,7,8,7.8,1.7,1.6,0.77,0.17,0.16,29,6,6,9684441174,,,957,735,978,736,936,734,0.08816,0.21377,-0.9729,-0.05696,0.21618,-0.97469,3.832,3.655,3.738,,,,Valid,Valid,222.3,91.3,501.0,285.3,89.9,500.2,267.7,201.4,256.0,200.8,0.4984,0.6805,0.5095,0.6815,0.4873,0.6795,Screen Recording,Screen Recording Recording38.mp4,1920,1080,0,0,960,540,Fixation,1112,498,954,735,0.4971,0.6808,,,,,,,,,,,
275900568,1120609105471,Eye Tracker,LipReading,08/25/2025,Chenmingjie,Recording38,07/01/2025,07/01/2025,16:47:15.576,08:47:15.576,803474,Timeline1,Tobii I-VT (Fixation),1.241.54219,1080,1920,10.0,14.5,1.9,2.3,1.39,0.18,0.21,53,7,8,7.8,1.7,1.6,0.77,0.17,0.16,29,6,6,9684445174,,,952,732,970,736,934,729,0.08384,0.21365,-0.97331,-0.05802,0.21381,-0.97515,3.852,3.664,3.751,,,,Valid,Valid,222.3,91.4,501.0,285.3,89.9,500.2,265.4,201.3,255.5,199.6,0.4957,0.6782,0.5052,0.6812,0.4863,0.6752,Screen Recording,Screen Recording Recording38.mp4,1920,1080,0,0,960,540,Fixation,1112,498,954,735,0.4971,0.6808,,,,,,,,,,,
275904568,1120609109471,Eye Tracker,LipReading,08/25/2025,Chenmingjie,Recording38,07/01/2025,07/01/2025,16:47:15.576,08:47:15.576,803474,Timeline1,Tobii I-VT (Fixation),1.241.54219,1080,1920,10.0,14.5,1.9,2.3,1.39,0.18,0.21,53,7,8,7.8,1.7,1.6,0.77,0.17,0.16,29,6,6,9684449174,,,955,731,975,729,935,733,0.0864,0.21001,-0.97387,-0.05737,0.21552,-0.97481,3.875,3.642,3.756,,,,Valid,Valid,222.3,91.4,501.0,285.3,89.9,500.1,266.7,199.4,255.8,200.5,0.4972,0.6765,0.5076,0.6746,0.4869,0.6784,Screen Recording,Screen Recording Recording38.mp4,1920,1080,0,0,960,540,Fixation,1112,498,954,735,0.4971,0.6808,,,,,,,,,,,
275908568,1120609113471,Eye Tracker,LipReading,08/25/2025,Chenmingjie,Recording38,07/01/2025,07/01/2025,16:47:15.576,08:47:15.576,803474,Timeline1,Tobii I-VT (Fixation),1.241.54219,1080,1920,10.0,14.5,1.9,2.3,1.39,0.18,0.21,53,7,8,7.8,1.7,1.6,0.77,0.17,0.16,29,6,6,9684453174,,,959,727,978,723,940,732,0.08805,0.20709,-0.97435,-0.0547,0.21504,-0.97507,3.866,3.65,3.755,,,,Valid,Valid,222.3,91.4,501.0,285.3,89.9,500.2,267.5,197.9,257.2,200.2,0.4993,0.6734,0.5092,0.6694,0.4895,0.6775,Screen Recording,Screen Recording Recording38.mp4,1920,1080,0,0,960,540,Fixation,1112,498,954,735,0.4971,0.6808,,,,,,,,,,,
275912568,1120609117471,Eye Tracker,LipReading,08/25/2025,Chenmingjie,Recording38,07/01/2025,07/01/2025,16:47:15.576,08:47:15.576,803474,Timeline1,Tobii I-VT (Fixation),1.241.54219,1080,1920,10.0,14.5,1.9,2.3,1.39,0.18,0.21,53,7,8,7.8,1.7,1.6,0.77,0.17,0.16,29,6,6,9684457174,,,957,727,978,729,936,725,0.08838,0.21025,-0.97364,-0.05667,0.21159,-0.97571,3.861,3.652,3.755,,,,Valid,Valid,222.3,91.4,501.0,285.2,89.9,500.2,267.7,199.6,256.2,198.4,0.4986,0.6732,0.5096,0.6752,0.4876,0.6712,Screen Recording,Screen Recording Recording38.mp4,1920,1080,0,0,960,540,Fixation,1112,498,954,735,0.4971,0.6808,,,,,,,,,,,
275916568,1120609121471,Eye Tracker,LipReading,08/25/2025,Chenmingjie,Recording38,07/01/2025,07/01/2025,16:47:15.576,08:47:15.576,803474,Timeline1,Tobii I-VT (Fixation),1.241.54219,1080,1920,10.0,14.5,1.9,2.3,1.39,0.18,0.21,53,7,8,7.8,1.7,1.6,0.77,0.17,0.16,29,6,6,9684461174,,,954,731,971,734,937,728,0.08467,0.2127,-0.97344,-0.0562,0.21298,-0.97544,3.825,3.647,3.753,,,,Valid,Valid,222.3,91.4,501.0,285.2,89.9,500.2,265.8,200.9,256.4,199.1,0.497,0.6767,0.5059,0.6796,0.488,0.6738,Screen Recording,Screen Recording Recording38.mp4,1920,1080,0,0,960,540,Fixation,1112,498,954,735,0.4971,0.6808,,,,,,,,,,,
275920567,1120609125470,Eye Tracker,LipReading,08/25/2025,Chenmingjie,Recording38,07/01/2025,07/01/2025,16:47:15.576,08:47:15.576,803474,Timeline1,Tobii I-VT (Fixation),1.241.54219,1080,1920,10.0,14.5,1.9,2.3,1.39,0.18,0.21,53,7,8,7.8,1.7,1.6,0.77,0.17,0.16,29,6,6,9684465173,,,954,732,970,736,938,728,0.0841,0.21393,-0.97322,-0.05571,0.21332,-0.97539,3.856,3.661,3.754,,,,Valid,Valid,222.3,91.4,501.0,285.2,90.0,500.1,265.5,201.5,256.7,199.3,0.4969,0.6781,0.5054,0.6818,0.4885,0.6745,Screen Recording,Screen Recording Recording38.mp4,1920,1080,0,0,960,540,Fixation,1112,498,954,735,0.4971,0.6808,,,,,,,,,,,
275924567,1120609129470,Eye Tracker,LipReading,08/25/2025,Chenmingjie,Recording38,07/01/2025,07/01/2025,16:47:15.576,08:47:15.576,803474,Timeline1,Tobii I-VT (Fixation),1.241.54219,1080,1920,10.0,14.5,1.9,2.3,1.39,0.18,0.21,53,7,8,7.8,1.7,1.6,0.77,0.17,0.16,29,6,6,9684469173,,,956,732,975,739,937,725,0.08636,0.21501,-0.97278,-0.05637,0.21172,-0.9757,3.846,3.641,3.746,,,,Valid,Valid,222.3,91.4,501.0,285.2,90.0,500.2,266.7,202.1,256.3,198.5,0.4977,0.6777,0.5076,0.6839,0.4879,0.6716,Screen Recording,Screen Recording Recording38.mp4,1920,1080,0,0,960,540,Fixation,1112,498,954,735,0.4971,0.6808,,,,,,,,,,,
275928566,1120609133469,Eye Tracker,LipReading,08/25/2025,Chenmingjie,Recording38,07/01/2025,07/01/2025,16:47:15.576,08:47:15.576,803474,Timeline1,Tobii I-VT (Fixation),1.241.54219,1080,1920,10.0,14.5,1.9,2.3,1.39,0.18,0.21,53,7,8,7.8,1.7,1.6,0.77,0.17,0.16,29,6,6,9684473173,,,957,729,976,733,937,724,0.08736,0.21221,-0.97331,-0.05639,0.21128,-0.9758,3.872,3.663,3.754,,,,Valid,Valid,222.2,91.4,500.9,285.2,90.0,500.2,267.2,200.6,256.3,198.3,0.4982,0.6748,0.5085,0.6789,0.4878,0.6708,Screen Recording,Screen Recording Recording38.mp4,1920,1080,0,0,960,540,Fixation,1112,498,954,735,0.4971,0.6808,,,,,,,,,,,
275932567,1120609137470,Eye Tracker,LipReading,08/25/2025,Chenmingjie,Recording38,07/01/2025,07/01/2025,16:47:15.576,08:47:15.576,803474,Timeline1,Tobii I-VT (Fixation),1.241.54219,1080,1920,10.0,14.5,1.9,2.3,1.39,0.18,0.21,53,7,8,7.8,1.7,1.6,0.77,0.17,0.16,29,6,6,9684477174,,,955,731,975,739,934,724,0.08681,0.21499,-0.97275,-0.05769,0.21095,-0.97579,3.826,3.644,3.752,,,,Valid,Valid,222.2,91.4,500.9,285.2,89.9,500.2,266.9,202.1,255.7,198.1,0.4973,0.6771,0.508,0.6839,0.4865,0.6702,Screen Recording,Screen Recording Recording38.mp4,1920,1080,0,0,960,540,Fixation,1112,498,954,735,0.4971,0.6808,,,,,,,,,,,
275936567,1120609141470,Eye Tracker,LipReading,08/25/2025,Chenmingjie,Recording38,07/01/2025,07/01/2025,16:47:15.576,08:47:15.576,803474,Timeline1,Tobii I-VT (Fixation),1.241.54219,1080,1920,10.0,14.5,1.9,2.3,1.39,0.18,0.21,53,7,8,7.8,1.7,1.6,0.77,0.17,0.16,29,6,6,9684481174,,,954,732,973,738,934,725,0.08567,0.2149,-0.97287,-0.05782,0.21178,-0.97561,3.841,3.666,3.752,,,,Valid,Valid,222.2,91.4,500.9,285.2,89.9,500.2,266.3,202.1,255.6,198.5,0.4966,0.6777,0.5069,0.6837,0.4864,0.6717,Screen Recording,Screen Recording Recording38.mp4,1920,1080,0,0,960,540,Fixation,1112,498,954,735,0.4971,0.6808,,,,,,,,,,,
275940567,1120609145470,Eye Tracker,LipReading,08/25/2025,Chenmingjie,Recording38,07/01/2025,07/01/2025,16:47:15.576,08:47:15.576,803474,Timeline1,Tobii I-VT (Fixation),1.241.54219,1080,1920,10.0,14.5,1.9,2.3,1.39,0.18,0.21,53,7,8,7.8,1.7,1.6,0.77,0.17,0.16,29,6,6,9684485174,,,954,733,972,740,937,725,0.08499,0.21575,-0.97274,-0.05626,0.21172,-0.97571,3.843,3.66,3.752,,,,Valid,Valid,222.2,91.4,501.0,285.2,90.0,500.2,266.0,202.5,256.4,198.5,0.4971,0.6784,0.5062,0.6853,0.4879,0.6716,Screen Recording,Screen Recording Recording38.mp4,1920,1080,0,0,960,540,Fixation,1112,498,954,735,0.4971,0.6808,,,,,,,,,,,
275944567,1120609149470,Eye Tracker,LipReading,08/25/2025,Chenmingjie,Recording38,07/01/2025,07/01/2025,16:47:15.576,08:47:15.576,803474,Timeline1,Tobii I-VT (Fixation),1.241.54219,1080,1920,10.0,14.5,1.9,2.3,1.39,0.18,0.21,53,7,8,7.8,1.7,1.6,0.77,0.17,0.16,29,6,6,9684489174,,,953,734,970,737,935,730,0.08396,0.21444,-0.97312,-0.05698,0.21413,-0.97514,3.859,3.659,3.759,,,,Valid,Valid,222.2,91.4,500.9,285.2,89.9,500.3,265.4,201.8,256.0,199.8,0.4962,0.6794,0.5052,0.6829,0.4872,0.676,Screen Recording,Screen Recording Recording38.mp4,1920,1080,0,0,960,540,Fixation,1112,498,954,735,0.4971,0.6808,,,,,,,,,,,
275948567,1120609153470,Eye Tracker,LipReading,08/25/2025,Chenmingjie,Recording38,07/01/2025,07/01/2025,16:47:15.576,08:47:15.576,803474,Timeline1,Tobii I-VT (Fixation),1.241.54219,1080,1920,10.0,14.5,1.9,2.3,1.39,0.18,0.21,53,7,8,7.8,1.7,1.6,0.77,0.17,0.16,29,6,6,9684493174,,,956,729,975,731,937,728,0.08681,0.21086,-0.97365,-0.05586,0.21286,-0.97548,3.877,3.668,3.759,,,,Valid,Valid,222.2,91.4,501.0,285.2,89.9,500.3,266.9,199.9,256.6,199.1,0.4981,0.675,0.5079,0.6764,0.4883,0.6737,Screen Recording,Screen Recording Recording38.mp4,1920,1080,0,0,960,540,Fixation,1112,498,954,735,0.4971,0.6808,,,,,,,,,,,
275952567,1120609157470,Eye Tracker,LipReading,08/25/2025,Chenmingjie,Recording38,07/01/2025,07/01/2025,16:47:15.576,08:47:15.576,803474,Timeline1,Tobii I-VT (Fixation),1.241.54219,1080,1920,10.0,14.5,1.9,2.3,1.39,0.18,0.21,53,7,8,7.8,1.7,1.6,0.77,0.17,0.16,29,6,6,9684497174,,,952,733,970,736,935,730,0.08392,0.21348,-0.97334,-0.05736,0.21408,-0.97513,3.853,3.666,3.763,,,,Valid,Valid,222.2,91.4,501.0,285.2,90.0,500.2,265.4,201.3,255.8,199.8,0.4959,0.6785,0.5051,0.6811,0.4868,0.6759,Screen Recording,Screen Recording Recording38.mp4,1920,1080,0,0,960,540,Fixation,1112,498,954,735,0.4971,0.6808,,,,,,,,,,,
275956567,1120609161470,Eye Tracker,LipReading,08/25/2025,Chenmingjie,Recording38,07/01/2025,07/01/2025,16:47:15.576,08:47:15.576,803474,Timeline1,Tobii I-VT (Fixation),1.241.54219,1080,1920,10.0,14.5,1.9,2.3,1.39,0.18,0.21,53,7,8,7.8,1.7,1.6,0.77,0.17,0.16,29,6,6,9684501174,,,957,734,979,740,935,728,0.0888,0.21539,-0.97248,-0.05704,0.21294,-0.9754,3.84,3.673,3.771,,,,Valid,Valid,222.2,91.5,500.9,285.2,90.0,500.2,267.9,202.4,255.9,199.2,0.4985,0.6793,0.5099,0.6848,0.4871,0.6739,Screen Recording,Screen Recording Recording38.mp4,1920,1080,0,0,960,540,Fixation,1112,498,954,735,0.4971,0.6808,,,,,,,,,,,
275960566,1120609165469,Eye Tracker,LipReading,08/25/2025,Chenmingjie,Recording38,07/01/2025,07/01/2025,16:47:15.576,08:47:15.576,803474,Timeline1,Tobii I-VT (Fixation),1.241.54219,1080,1920,10.0,14.5,1.9,2.3,1.39,0.18,0.21,53,7,8,7.8,1.7,1.6,0.77,0.17,0.16,29,6,6,9684505173,,,957,730,977,731,936,730,0.08789,0.2109,-0.97355,-0.05636,0.21404,-0.9752,3.878,3.676,3.77,,,,Valid,Valid,222.2,91.4,501.0,285.2,90.0,500.2,267.4,200.0,256.3,199.8,0.4983,0.6762,0.509,0.6766,0.4877,0.6759,Screen Recording,Screen Recording Recording38.mp4,1920,1080,0,0,960,540,Fixation,1112,498,954,735,0.4971,0.6808,,,,,,,,,,,
275964564,1120609169467,Eye Tracker,LipReading,08/25/2025,Chenmingjie,Recording38,07/01/2025,07/01/2025,16:47:15.576,08:47:15.576,803474,Timeline1,Tobii I-VT (Fixation),1.241.54219,1080,1920,10.0,14.5,1.9,2.3,1.39,0.18,0.21,53,7,8,7.8,1.7,1.6,0.77,0.17,0.16,29,6,6,9684509171,,,954,731,973,734,934,727,0.0859,0.21287,-0.9733,-0.05749,0.21273,-0.97542,3.875,3.658,3.769,,,,Valid,Valid,222.2,91.4,501.0,285.2,90.0,500.2,266.4,201.0,255.7,199.1,0.4968,0.6768,0.507,0.6801,0.4866,0.6735,Screen Recording,Screen Recording Recording38.mp4,1920,1080,0,0,960,540,Fixation,1112,498,954,735,0.4971,0.6808,,,,,,,,,,,
275968564,1120609173467,Eye Tracker,LipReading,08/25/2025,Chenmingjie,Recording38,07/01/2025,07/01/2025,16:47:15.576,08:47:15.576,803474,Timeline1,Tobii I-VT (Fixation),1.241.54219,1080,1920,10.0,14.5,1.9,2.3,1.39,0.18,0.21,53,7,8,7.8,1.7,1.6,0.77,0.17,0.16,29,6,6,9684513171,,,956,725,975,725,936,725,0.08698,0.2081,-0.97423,-0.05643,0.21145,-0.97576,3.902,3.664,3.769,,,,Valid,Valid,222.2,91.4,501.0,285.2,90.0,500.2,266.9,198.5,256.2,198.4,0.4978,0.6713,0.508,0.6714,0.4877,0.6712,Screen Recording,Screen Recording Recording38.mp4,1920,1080,0,0,960,540,Fixation,1112,498,954,735,0.4971,0.6808,,,,,,,,,,,
275972565,1120609177468,Eye Tracker,LipReading,08/25/2025,Chenmingjie,Recording38,07/01/2025,07/01/2025,16:47:15.576,08:47:15.576,803474,Timeline1,Tobii I-VT (Fixation),1.241.54219,1080,1920,10.0,14.5,1.9,2.3,1.39,0.18,0.21,53,7,8,7.8,1.7,1.6,0.77,0.17,0.16,29,6,6,9684517172,,,959,731,979,736,940,726,0.08864,0.21365,-0.97288,-0.05441,0.21193,-0.97577,3.866,3.654,3.769,,,,Valid,Valid,222.2,91.5,500.9,285.2,90.0,500.2,267.8,201.5,257.3,198.6,0.4997,0.6768,0.5097,0.6816,0.4896,0.672,Screen Recording,Screen Recording Recording38.mp4,1920,1080,0,0,960,540,Fixation,1112,498,954,735,0.4971,0.6808,,,,,,,,,,,
275976565,1120609181468,Eye Tracker,LipReading,08/25/2025,Chenmingjie,Recording38,07/01/2025,07/01/2025,16:47:15.576,08:47:15.576,803474,Timeline1,Tobii I-VT (Fixation),1.241.54219,1080,1920,10.0,14.5,1.9,2.3,1.39,0.18,0.21,53,7,8,7.8,1.7,1.6,0.77,0.17,0.16,29,6,6,9684521172,,,956,737,977,746,935,729,0.08762,0.21841,-0.97191,-0.05712,0.21364,-0.97524,3.857,3.664,3.771,,,,Valid,Valid,222.2,91.4,501.0,285.2,90.0,500.2,267.3,204.0,255.9,199.6,0.4979,0.6827,0.5088,0.6903,0.4869,0.6752,Screen Recording,Screen Recording Recording38.mp4,1920,1080,0,0,960,540,Fixation,1112,498,954,735,0.4971,0.6808,,,,,,,,,,,
275980565,1120609185468,Eye Tracker,LipReading,08/25/2025,Chenmingjie,Recording38,07/01/2025,07/01/2025,16:47:15.576,08:47:15.576,803474,Timeline1,Tobii I-VT (Fixation),1.241.54219,1080,1920,10.0,14.5,1.9,2.3,1.39,0.18,0.21,53,7,8,7.8,1.7,1.6,0.77,0.17,0.16,29,6,6,9684525172,,,955,732,976,734,935,731,0.08705,0.21236,-0.97331,-0.05694,0.21434,-0.9751,3.891,3.676,3.775,,,,Valid,Valid,222.2,91.4,501.0,285.2,90.0,500.2,267.0,200.7,255.9,199.9,0.4976,0.6778,0.5081,0.6792,0.4871,0.6764,Screen Recording,Screen Recording Recording38.mp4,1920,1080,0,0,960,540,Fixation,1112,498,954,735,0.4971,0.6808,,,,,,,,,,,
275984565,1120609189468,Eye Tracker,LipReading,08/25/2025,Chenmingjie,Recording38,07/01/2025,07/01/2025,16:47:15.576,08:47:15.576,803474,Timeline1,Tobii I-VT (Fixation),1.241.54219,1080,1920,10.0,14.5,1.9,2.3,1.39,0.18,0.21,53,7,8,7.8,1.7,1.6,0.77,0.17,0.16,29,6,6,9684529172,,,955,728,976,738,934,719,0.08719,0.21456,-0.97281,-0.05747,0.20827,-0.97638,3.878,3.697,3.777,,,,Valid,Valid,222.2,91.4,501.0,285.1,90.0,500.2,267.1,201.9,255.7,196.7,0.4974,0.6743,0.5083,0.6832,0.4866,0.6654,Screen Recording,Screen Recording Recording38.mp4,1920,1080,0,0,960,540,Fixation,1112,498,954,735,0.4971,0.6808,,,,,,,,,,,
275988565,1120609193468,Eye Tracker,LipReading,08/25/2025,Chenmingjie,Recording38,07/01/2025,07/01/2025,16:47:15.576,08:47:15.576,803474,Timeline1,Tobii I-VT (Fixation),1.241.54219,1080,1920,10.0,14.5,1.9,2.3,1.39,0.18,0.21,53,7,8,7.8,1.7,1.6,0.77,0.17,0.16,29,6,6,9684533172,,,954,735,975,740,933,731,0.08659,0.21554,-0.97265,-0.05794,0.2144,-0.97503,3.878,3.673,3.78,,,,Valid,Valid,222.2,91.4,501.0,285.1,90.0,500.2,266.7,202.5,255.4,200.0,0.4969,0.6808,0.5077,0.685,0.4861,0.6766,Screen Recording,Screen Recording Recording38.mp4,1920,1080,0,0,960,540,Fixation,1112,498,954,735,0.4971,0.6808,,,,,,,,,,,
275992565,1120609197468,Eye Tracker,LipReading,08/25/2025,Chenmingjie,Recording38,07/01/2025,07/01/2025,16:47:15.576,08:47:15.576,803474,Timeline1,Tobii I-VT (Fixation),1.241.54219,1080,1920,10.0,14.5,1.9,2.3,1.39,0.18,0.21,53,7,8,7.8,1.7,1.6,0.77,0.17,0.16,29,6,6,9684537172,,,959,732,981,735,938,728,0.08991,0.21312,-0.97288,-0.05564,0.21308,-0.97545,3.87,3.691,3.776,,,,Valid,Valid,222.1,91.4,501.0,285.1,90.0,500.2,268.4,201.2,256.6,199.2,0.4996,0.6774,0.5109,0.6807,0.4883,0.6741,Screen Recording,Screen Recording Recording38.mp4,1920,1080,0,0,960,540,Fixation,1112,498,954,735,0.4971,0.6808,,,,,,,,,,,
275996565,1120609201468,Eye Tracker,LipReading,08/25/2025,Chenmingjie,Recording38,07/01/2025,07/01/2025,16:47:15.576,08:47:15.576,803474,Timeline1,Tobii I-VT (Fixation),1.241.54219,1080,1920,10.0,14.5,1.9,2.3,1.39,0.18,0.21,53,7,8,7.8,1.7,1.6,0.77,0.17,0.16,29,6,6,9684541172,,,953,733,974,743,933,723,0.08622,0.21711,-0.97233,-0.05832,0.21055,-0.97584,3.868,3.682,3.775,,,,Valid,Valid,222.1,91.4,501.0,285.1,90.0,500.2,266.6,203.3,255.2,197.9,0.4965,0.6787,0.5073,0.6879,0.4857,0.6696,Screen Recording,Screen Recording Recording38.mp4,1920,1080,0,0,960,540,Fixation,1112,498,954,735,0.4971,0.6808,,,,,,,,,,,
276000564,1120609205467,Eye Tracker,LipReading,08/25/2025,Chenmingjie,Recording38,07/01/2025,07/01/2025,16:47:15.576,08:47:15.576,803474,Timeline1,Tobii I-VT (Fixation),1.241.54219,1080,1920,10.0,14.5,1.9,2.3,1.39,0.18,0.21,53,7,8,7.8,1.7,1.6,0.77,0.17,0.16,29,6,6,9684545171,,,955,735,972,747,937,724,0.08539,0.21924,-0.97193,-0.05588,0.21086,-0.97592,3.864,3.679,3.776,,,,Valid,Valid,222.1,91.5,500.9,285.1,90.0,500.2,266.1,204.5,256.5,198.0,0.4973,0.6809,0.5065,0.6917,0.4881,0.6701,Screen Recording,Screen Recording Recording38.mp4,1920,1080,0,0,960,540,Fixation,1112,498,954,735,0.4971,0.6808,,,,,,,,,,,
276004564,1120609209467,Eye Tracker,LipReading,08/25/2025,Chenmingjie,Recording38,07/01/2025,07/01/2025,16:47:15.576,08:47:15.576,803474,Timeline1,Tobii I-VT (Fixation),1.241.54219,1080,1920,10.0,14.5,1.9,2.3,1.39,0.18,0.21,53,7,8,7.8,1.7,1.6,0.77,0.17,0.16,29,6,6,9684549171,,,952,739,969,748,934,730,0.08343,0.21949,-0.97204,-0.05725,0.21401,-0.97515,3.862,3.692,3.776,,,,Valid,Valid,222.1,91.4,501.0,285.1,90.0,500.1,265.1,204.6,255.7,199.7,0.4956,0.684,0.5046,0.6921,0.4867,0.6758,Screen Recording,Screen Recording Recording38.mp4,1920,1080,0,0,960,540,Fixation,1112,498,954,735,0.4971,0.6808,,,,,,,,,,,
276008564,1120609213467,Eye Tracker,LipReading,08/25/2025,Chenmingjie,Recording38,07/01/2025,07/01/2025,16:47:15.576,08:47:15.576,803474,Timeline1,Tobii I-VT (Fixation),1.241.54219,1080,1920,10.0,14.5,1.9,2.3,1.39,0.18,0.21,53,7,8,7.8,1.7,1.6,0.77,0.17,0.16,29,6,6,9684553171,,,954,733,975,741,933,725,0.0867,0.21591,-0.97255,-0.05824,0.21173,-0.97559,3.916,3.684,3.777,,,,Valid,Valid,222.1,91.5,500.9,285.1,90.0,500.1,266.8,202.7,255.2,198.5,0.4967,0.6787,0.5077,0.6857,0.4857,0.6717,Screen Recording,Screen Recording Recording38.mp4,1920,1080,0,0,960,540,Fixation,1112,498,954,735,0.4971,0.6808,,,,,,,,,,,
276012565,1120609217468,Eye Tracker,LipReading,08/25/2025,Chenmingjie,Recording38,07/01/2025,07/01/2025,16:47:15.576,08:47:15.576,803474,Timeline1,Tobii I-VT (Fixation),1.241.54219,1080,1920,10.0,14.5,1.9,2.3,1.39,0.18,0.21,53,7,8,7.8,1.7,1.6,0.77,0.17,0.16,29,6,6,9684557172,,,957,738,979,745,935,732,0.08878,0.21791,-0.97192,-0.05694,0.21511,-0.97493,3.883,3.689,3.787,,,,Valid,Valid,222.1,91.5,500.9,285.1,90.0,500.1,267.9,203.8,255.9,200.3,0.4984,0.6836,0.5098,0.6894,0.487,0.6778,Screen Recording,Screen Recording Recording38.mp4,1920,1080,0,0,960,540,Fixation,1112,498,954,735,0.4971,0.6808,,,,,,,,,,,
276016565,1120609221468,Eye Tracker,LipReading,08/25/2025,Chenmingjie,Recording38,07/01/2025,07/01/2025,16:47:15.576,08:47:15.576,803474,Timeline1,Tobii I-VT (Fixation),1.241.54219,1080,1920,10.0,14.5,1.9,2.3,1.39,0.18,0.21,53,7,8,7.8,1.7,1.6,0.77,0.17,0.16,29,6,6,9684561172,,,952,735,968,742,935,727,0.08328,0.21692,-0.97263,-0.05706,0.21254,-0.97549,3.865,3.696,3.798,,,,Valid,Valid,222.1,91.5,500.9,285.1,90.0,500.1,265.0,203.2,255.8,198.9,0.4956,0.6803,0.5043,0.6875,0.4869,0.6731,Screen Recording,Screen Recording Recording38.mp4,1920,1080,0,0,960,540,Fixation,1112,498,954,735,0.4971,0.6808,,,,,,,,,,,
276020564,1120609225467,Eye Tracker,LipReading,08/25/2025,Chenmingjie,Recording38,07/01/2025,07/01/2025,16:47:15.576,08:47:15.576,803474,Timeline1,Tobii I-VT (Fixation),1.241.54219,1080,1920,10.0,14.5,1.9,2.3,1.39,0.18,0.21,53,7,8,7.8,1.7,1.6,0.77,0.17,0.16,29,6,6,9684565172,,,955,736,976,730,933,741,0.08731,0.21074,-0.97364,-0.05768,0.21949,-0.97391,3.924,3.701,3.801,,,,Valid,Valid,222.1,91.5,500.9,285.1,90.0,500.1,267.0,199.9,255.4,202.7,0.4972,0.6811,0.5082,0.6763,0.4861,0.6858,Screen Recording,Screen Recording Recording38.mp4,1920,1080,0,0,960,540,Fixation,1112,498,954,735,0.4971,0.6808,,,,,,,,,,,
276024564,1120609229467,Eye Tracker,LipReading,08/25/2025,Chenmingjie,Recording38,07/01/2025,07/01/2025,16:47:15.576,08:47:15.576,803474,Timeline1,Tobii I-VT (Fixation),1.241.54219,1080,1920,10.0,14.5,1.9,2.3,1.39,0.18,0.21,53,7,8,7.8,1.7,1.6,0.77,0.17,0.16,29,6,6,9684569172,,,955,736,977,739,932,733,0.08787,0.21529,-0.97259,-0.05839,0.21587,-0.97467,3.901,3.708,3.801,,,,Valid,Valid,222.1,91.5,500.9,285.1,90.0,500.1,267.3,202.4,255.1,200.7,0.4971,0.6819,0.5088,0.6847,0.4855,0.6792,Screen Recording,Screen Recording Recording38.mp4,1920,1080,0,0,960,540,Fixation,1112,498,954,735,0.4971,0.6808,,,,,,,,,,,
276028564,1120609233467,Eye Tracker,LipReading,08/25/2025,Chenmingjie,Recording38,07/01/2025,07/01/2025,16:47:15.576,08:47:15.576,803474,Timeline1,Tobii I-VT (Fixation),1.241.54219,1080,1920,10.0,14.5,1.9,2.3,1.39,0.18,0.21,53,7,8,7.8,1.7,1.6,0.77,0.17,0.16,29,6,6,9684573172,,,956,742,977,749,934,735,0.08808,0.2201,-0.97149,-0.05715,0.21653,-0.9746,3.915,3.704,3.801,,,,Valid,Valid,222.1,91.5,500.9,285.1,90.0,500.1,267.5,205.0,255.7,201.1,0.4979,0.6869,0.5091,0.6935,0.4867,0.6803,Screen Recording,Screen Recording Recording38.mp4,1920,1080,0,0,960,540,Fixation,1112,498,954,735,0.4971,0.6808,,,,,,,,,,,
276032564,1120609237467,Eye Tracker,LipReading,08/25/2025,Chenmingjie,Recording38,07/01/2025,07/01/2025,16:47:15.576,08:47:15.576,803474,Timeline1,Tobii I-VT (Fixation),1.241.54219,1080,1920,10.0,14.5,1.9,2.3,1.39,0.18,0.21,53,7,8,7.8,1.7,1.6,0.77,0.17,0.16,29,6,6,9684577172,,,952,742,974,750,930,734,0.08621,0.22081,-0.9715,-0.05934,0.2162,-0.97454,3.87,3.7,3.8,,,,Valid,Valid,222.1,91.5,500.9,285.1,90.0,500.1,266.5,205.3,254.6,200.9,0.4959,0.6872,0.5073,0.6947,0.4845,0.6798,Screen Recording,Screen Recording Recording38.mp4,1920,1080,0,0,960,540,Fixation,1112,498,954,735,0.4971,0.6808,,,,,,,,,,,
276036563,1120609241466,Eye Tracker,LipReading,08/25/2025,Chenmingjie,Recording38,07/01/2025,07/01/2025,16:47:15.576,08:47:15.576,803474,Timeline1,Tobii I-VT (Fixation),1.241.54219,1080,1920,10.0,14.5,1.9,2.3,1.39,0.18,0.21,53,7,8,7.8,1.7,1.6,0.77,0.17,0.16,29,6,6,9684581171,,,953,741,971,748,934,735,0.08465,0.21961,-0.97191,-0.05726,0.21646,-0.97461,3.872,3.685,3.785,,,,Valid,Valid,222.1,91.5,501.0,285.0,89.9,500.2,265.7,204.7,255.7,201.0,0.4961,0.6863,0.5057,0.6924,0.4866,0.6802,Screen Recording,Screen Recording Recording38.mp4,1920,1080,0,0,960,540,Fixation,1112,498,954,735,0.4971,0.6808,,,,,,,,,,,
276040563,1120609245466,Eye Tracker,LipReading,08/25/2025,Chenmingjie,Recording38,07/01/2025,07/01/2025,16:47:15.576,08:47:15.576,803474,Timeline1,Tobii I-VT (Fixation),1.241.54219,1080,1920,10.0,14.5,1.9,2.3,1.39,0.18,0.21,53,7,8,7.8,1.7,1.6,0.77,0.17,0.16,29,6,6,9684585171,,,954,739,975,740,933,737,0.08665,0.21544,-0.97266,-0.05782,0.21789,-0.97426,3.918,3.685,3.785,,,,Valid,Valid,222.1,91.5,500.9,285.0,90.0,500.1,266.7,202.4,255.4,201.8,0.4968,0.6838,0.5076,0.6849,0.486,0.6828,Screen Recording,Screen Recording Recording38.mp4,1920,1080,0,0,960,540,Fixation,1112,498,954,735,0.4971,0.6808,,,,,,,,,,,
276044563,1120609249466,Eye Tracker,LipReading,08/25/2025,Chenmingjie,Recording38,07/01/2025,07/01/2025,16:47:15.576,08:47:15.576,803474,Timeline1,Tobii I-VT (Fixation),1.241.54219,1080,1920,10.0,14.5,1.9,2.3,1.39,0.18,0.21,53,7,8,7.8,1.7,1.6,0.77,0.17,0.16,29,6,6,9684589171,,,958,744,981,754,936,735,0.0898,0.22241,-0.97081,-0.05642,0.2169,-0.97456,3.885,3.679,3.788,,,,Valid,Valid,222.1,91.5,501.0,285.0,90.0,500.1,268.4,206.2,256.1,201.3,0.4991,0.6893,0.5108,0.6977,0.4874,0.681,Screen Recording,Screen Recording Recording38.mp4,1920,1080,0,0,960,540,Fixation,1112,498,954,735,0.4971,0.6808,,,,,,,,,,,
276048563,1120609253466,Eye Tracker,LipReading,08/25/2025,Chenmingjie,Recording38,07/01/2025,07/01/2025,16:47:15.576,08:47:15.576,803474,Timeline1,Tobii I-VT (Fixation),1.241.54219,1080,1920,10.0,14.5,1.9,2.3,1.39,0.18,0.21,53,7,8,7.8,1.7,1.6,0.77,0.17,0.16,29,6,6,9684593171,,,956,738,977,738,936,739,0.08777,0.21464,-0.97274,-0.05647,0.21853,-0.97419,3.914,3.687,3.789,,,,Valid,Valid,222.1,91.5,500.9,285.0,90.0,500.1,267.3,202.0,256.0,202.1,0.498,0.6837,0.5086,0.6834,0.4873,0.6839,Screen Recording,Screen Recording Recording38.mp4,1920,1080,0,0,960,540,Fixation,1112,498,954,735,0.4971,0.6808,,,,,,,,,,,
276052564,1120609257467,Eye Tracker,LipReading,08/25/2025,Chenmingjie,Recording38,07/01/2025,07/01/2025,16:47:15.576,08:47:15.576,803474,Timeline1,Tobii I-VT (Fixation),1.241.54219,1080,1920,10.0,14.5,1.9,2.3,1.39,0.18,0.21,53,7,8,7.8,1.7,1.6,0.77,0.17,0.16,29,6,6,9684597172,,,954,739,975,742,932,737,0.08711,0.21642,-0.97241,-0.05845,0.21776,-0.97425,3.891,3.702,3.786,,,,Valid,Valid,222.1,91.4,501.0,285.0,89.9,500.1,266.9,202.9,255.0,201.7,0.4967,0.6846,0.508,0.6866,0.4854,0.6825,Screen Recording,Screen Recording Recording38.mp4,1920,1080,0,0,960,540,Fixation,1112,498,954,735,0.4971,0.6808,,,,,,,,,,,
276056563,1120609261466,Eye Tracker,LipReading,08/25/2025,Chenmingjie,Recording38,07/01/2025,07/01/2025,16:47:15.576,08:47:15.576,803474,Timeline1,Tobii I-VT (Fixation),1.241.54219,1080,1920,10.0,14.5,1.9,2.3,1.39,0.18,0.21,53,7,8,7.8,1.7,1.6,0.77,0.17,0.16,29,6,6,9684601171,,,953,751,977,758,930,743,0.08772,0.22471,-0.97047,-0.05944,0.22078,-0.97351,3.861,3.698,3.786,,,,Valid,Valid,222.1,91.4,501.0,285.0,89.9,500.1,267.3,207.4,254.5,203.4,0.4966,0.695,0.5088,0.7019,0.4843,0.6881,Screen Recording,Screen Recording Recording38.mp4,1920,1080,0,0,960,540,Fixation,1112,498,954,735,0.4971,0.6808,,,,,,,,,,,
276060564,1120609265467,Eye Tracker,LipReading,08/25/2025,Chenmingjie,Recording38,07/01/2025,07/01/2025,16:47:15.576,08:47:15.576,803474,Timeline1,Tobii I-VT (Fixation),1.241.54219,1080,1920,10.0,14.5,1.9,2.3,1.39,0.18,0.21,53,7,8,7.8,1.7,1.6,0.77,0.17,0.16,29,6,6,9684605172,,,954,751,977,754,931,748,0.08798,0.22268,-0.97091,-0.05868,0.22343,-0.97295,3.885,3.677,3.787,,,,Valid,Valid,222.1,91.4,501.0,285.0,89.9,500.1,267.4,206.3,254.9,204.8,0.497,0.6955,0.509,0.6981,0.4851,0.6929,Screen Recording,Screen Recording Recording38.mp4,1920,1080,0,0,960,540,Fixation,1112,498,954,735,0.4971,0.6808,,,,,,,,,,,
276064564,1120609269467,Eye Tracker,LipReading,08/25/2025,Chenmingjie,Recording38,07/01/2025,07/01/2025,16:47:15.576,08:47:15.576,803474,Timeline1,Tobii I-VT (Fixation),1.241.54219,1080,1920,10.0,14.5,1.9,2.3,1.39,0.18,0.21,53,7,8,7.8,1.7,1.6,0.77,0.17,0.16,29,6,6,9684609172,,,958,751,983,756,932,747,0.09116,0.22358,-0.97041,-0.05841,0.22277,-0.97312,3.864,3.667,3.782,,,,Valid,Valid,222.1,91.4,501.0,285.0,89.9,500.1,269.1,206.9,255.0,204.4,0.4987,0.6958,0.5122,0.6999,0.4853,0.6917,Screen Recording,Screen Recording Recording38.mp4,1920,1080,0,0,960,540,Fixation,1112,498,954,735,0.4971,0.6808,,,,,,,,,,,
276068564,1120609273467,Eye Tracker,LipReading,08/25/2025,Chenmingjie,Recording38,07/01/2025,07/01/2025,16:47:15.576,08:47:15.576,803474,Timeline1,Tobii I-VT (Fixation),1.241.54219,1080,1920,10.0,14.5,1.9,2.3,1.39,0.18,0.21,53,7,8,7.8,1.7,1.6,0.77,0.17,0.16,29,6,6,9684613172,,,959,744,984,738,935,751,0.0915,0.21452,-0.97243,-0.0568,0.22476,-0.97276,3.926,3.689,3.778,,,,Valid,Valid,222.0,91.4,501.0,285.0,89.9,500.2,269.2,201.9,255.8,205.5,0.4996,0.6892,0.5123,0.6833,0.4869,0.6952,Screen Recording,Screen Recording Recording38.mp4,1920,1080,0,0,960,540,Fixation,1112,498,954,735,0.4971,0.6808,,,,,,,,,,,
276072564,1120609277467,Eye Tracker,LipReading,08/25/2025,Chenmingjie,Recording38,07/01/2025,07/01/2025,16:47:15.576,08:47:15.576,803474,Timeline1,Tobii I-VT (Fixation),1.241.54219,1080,1920,10.0,14.5,1.9,2.3,1.39,0.18,0.21,53,7,8,7.8,1.7,1.6,0.77,0.17,0.16,29,6,6,9684617172,,,958,749,984,761,932,737,0.0914,0.22615,-0.96979,-0.05828,0.21796,-0.97422,3.875,3.718,3.779,,,,Valid,Valid,222.0,91.4,501.0,285.0,89.9,500.1,269.3,208.3,255.1,201.8,0.499,0.6937,0.5124,0.7046,0.4855,0.6829,Screen Recording,Screen Recording Recording38.mp4,1920,1080,0,0,960,540,Fixation,1112,498,954,735,0.4971,0.6808,,,,,,,,,,,
276076563,1120609281466,Eye Tracker,LipReading,08/25/2025,Chenmingjie,Recording38,07/01/2025,07/01/2025,16:47:15.576,08:47:15.576,803474,Timeline1,Tobii I-VT (Fixation),1.241.54219,1080,1920,10.0,14.5,1.9,2.3,1.39,0.18,0.21,53,7,8,7.8,1.7,1.6,0.77,0.17,0.16,29,6,6,9684621171,,,961,750,984,754,939,745,0.09136,0.22268,-0.9706,-0.05457,0.22198,-0.97352,3.863,3.681,3.779,,,,Valid,Valid,222.0,91.4,501.0,285.0,89.9,500.1,269.2,206.4,257.0,204.0,0.5007,0.6941,0.5123,0.6982,0.4891,0.6901,Screen Recording,Screen Recording Recording38.mp4,1920,1080,0,0,960,540,Fixation,1112,498,954,735,0.4971,0.6808,,,,,,,,,,,
276080563,1120609285466,Eye Tracker,LipReading,08/25/2025,Chenmingjie,Recording38,07/01/2025,07/01/2025,16:47:15.576,08:47:15.576,803474,Timeline1,Tobii I-VT (Fixation),1.241.54219,1080,1920,10.0,14.5,1.9,2.3,1.39,0.18,0.21,53,7,8,7.8,1.7,1.6,0.77,0.17,0.16,29,6,6,9684625171,,,958,749,981,751,935,748,0.08992,0.22098,-0.97112,-0.05645,0.22342,-0.97309,3.885,3.684,3.779,,,,Valid,Valid,222.0,91.4,501.0,285.0,89.9,500.1,268.4,205.4,256.0,204.8,0.499,0.6939,0.5108,0.695,0.4872,0.6928,Screen Recording,Screen Recording Recording38.mp4,1920,1080,0,0,960,540,Fixation,1112,498,954,735,0.4971,0.6808,,,,,,,,,,,
276084563,1120609289466,Eye Tracker,LipReading,08/25/2025,Chenmingjie,Recording38,07/01/2025,07/01/2025,16:47:15.576,08:47:15.576,803474,Timeline1,Tobii I-VT (Fixation),1.241.54219,1080,1920,10.0,14.5,1.9,2.3,1.39,0.18,0.21,53,7,8,7.8,1.7,1.6,0.77,0.17,0.16,29,6,6,9684629171,,,956,752,976,759,937,745,0.08705,0.22545,-0.97036,-0.05576,0.22174,-0.97351,3.859,3.683,3.78,,,,Valid,Valid,222.0,91.4,501.0,285.0,89.9,500.1,267.0,207.8,256.4,203.8,0.498,0.6964,0.5081,0.7031,0.4879,0.6896,Screen Recording,Screen Recording Recording38.mp4,1920,1080,0,0,960,540,Fixation,1112,498,954,735,0.4971,0.6808,,,,,,,,,,,
276088563,1120609293466,Eye Tracker,LipReading,08/25/2025,Chenmingjie,Recording38,07/01/2025,07/01/2025,16:47:15.576,08:47:15.576,803474,Timeline1,Tobii I-VT (Fixation),1.241.54219,1080,1920,10.0,14.5,1.9,2.3,1.39,0.18,0.21,53,7,8,7.8,1.7,1.6,0.77,0.17,0.16,29,6,6,9684633171,,,957,755,981,767,934,742,0.08966,0.22945,-0.96918,-0.0571,0.22033,-0.97375,3.877,3.713,3.781,,,,Valid,Valid,222.0,91.4,501.0,285.0,89.9,500.1,268.4,210.0,255.7,203.1,0.4987,0.6989,0.5107,0.7106,0.4866,0.6871,Screen Recording,Screen Recording Recording38.mp4,1920,1080,0,0,960,540,Fixation,1112,498,954,735,0.4971,0.6808,,,,,,,,,,,
276092566,1120609297469,Eye Tracker,LipReading,08/25/2025,Chenmingjie,Recording38,07/01/2025,07/01/2025,16:47:15.576,08:47:15.576,803474,Timeline1,Tobii I-VT (Fixation),1.241.54219,1080,1920,10.0,14.5,1.9,2.3,1.39,0.18,0.21,53,7,8,7.8,1.7,1.6,0.77,0.17,0.16,29,6,6,9684637174,,,958,764,976,770,940,759,0.08745,0.23071,-0.96909,-0.05367,0.22871,-0.97201,3.879,3.661,3.781,,,,Valid,Valid,222.0,91.4,501.0,285.0,89.9,500.1,267.2,210.7,257.4,207.6,0.4992,0.7076,0.5086,0.7128,0.4898,0.7024,Screen Recording,Screen Recording Recording38.mp4,1920,1080,0,0,960,540,Fixation,1112,498,954,735,0.4971,0.6808,,,,,,,,,,,
276096565,1120609301468,Eye Tracker,LipReading,08/25/2025,Chenmingjie,Recording38,07/01/2025,07/01/2025,16:47:15.576,08:47:15.576,803474,Timeline1,Tobii I-VT (Fixation),1.241.54219,1080,1920,10.0,14.5,1.9,2.3,1.39,0.18,0.21,53,7,8,7.8,1.7,1.6,0.77,0.17,0.16,29,6,6,9684641173,,,960,753,985,753,935,753,0.09192,0.22215,-0.97067,-0.0566,0.22582,-0.97252,3.897,3.675,3.78,,,,Valid,Valid,222.0,91.4,501.0,285.0,89.9,500.1,269.4,206.1,255.9,206.1,0.4999,0.6972,0.5128,0.6972,0.487,0.6971,Screen Recording,Screen Recording Recording38.mp4,1920,1080,0,0,960,540,Fixation,1112,498,954,735,0.4971,0.6808,,,,,,,,,,,
276100566,1120609305469,Eye Tracker,LipReading,08/25/2025,Chenmingjie,Recording38,07/01/2025,07/01/2025,16:47:15.576,08:47:15.576,803474,Timeline1,Tobii I-VT (Fixation),1.241.54219,1080,1920,10.0,14.5,1.9,2.3,1.39,0.18,0.21,53,7,8,7.8,1.7,1.6,0.77,0.17,0.16,29,6,6,9684645174,,,959,761,984,763,934,759,0.09166,0.22705,-0.96956,-0.05685,0.22902,-0.97176,3.879,3.698,3.785,,,,Valid,Valid,222.0,91.4,501.0,285.0,89.9,500.1,269.4,208.7,255.7,207.8,0.4996,0.7046,0.5126,0.7062,0.4867,0.703,Screen Recording,Screen Recording Recording38.mp4,1920,1080,0,0,960,540,Fixation,1112,498,954,735,0.4971,0.6808,,,,,,,,,,,
276104566,1120609309469,Eye Tracker,LipReading,08/25/2025,Chenmingjie,Recording38,07/01/2025,07/01/2025,16:47:15.576,08:47:15.576,803474,Timeline1,Tobii I-VT (Fixation),1.241.54219,1080,1920,10.0,14.5,1.9,2.3,1.39,0.18,0.21,53,7,8,7.8,1.7,1.6,0.77,0.17,0.16,29,6,6,9684649174,,,957,755,982,758,932,752,0.09035,0.22485,-0.9702,-0.05843,0.22529,-0.97254,3.889,3.682,3.788,,,,Valid,Valid,222.0,91.4,501.0,285.0,89.9,500.1,268.6,207.5,254.9,205.8,0.4982,0.6992,0.5113,0.7021,0.4852,0.6962,Screen Recording,Screen Recording Recording38.mp4,1920,1080,0,0,960,540,Fixation,1112,498,954,735,0.4971,0.6808,,,,,,,,,,,
276108565,1120609313468,Eye Tracker,LipReading,08/25/2025,Chenmingjie,Recording38,07/01/2025,07/01/2025,16:47:15.576,08:47:15.576,803474,Timeline1,Tobii I-VT (Fixation),1.241.54219,1080,1920,10.0,14.5,1.9,2.3,1.39,0.18,0.21,53,7,8,7.8,1.7,1.6,0.77,0.17,0.16,29,6,6,9684653174,,,955,750,977,741,933,759,0.0883,0.21623,-0.97234,-0.05768,0.22876,-0.97177,3.939,3.687,3.79,,,,Valid,Valid,222.0,91.4,500.9,285.0,89.9,500.1,267.5,202.8,255.3,207.6,0.4974,0.6944,0.509,0.6863,0.4858,0.7025,Screen Recording,Screen Recording Recording38.mp4,1920,1080,0,0,960,540,Fixation,1112,498,954,735,0.4971,0.6808,,,,,,,,,,,
276112565,1120609317468,Eye Tracker,LipReading,08/25/2025,Chenmingjie,Recording38,07/01/2025,07/01/2025,16:47:15.576,08:47:15.576,803474,Timeline1,Tobii I-VT (Fixation),1.241.54219,1080,1920,10.0,14.5,1.9,2.3,1.39,0.18,0.21,53,7,8,7.8,1.7,1.6,0.77,0.17,0.16,29,6,6,9684657174,,,957,757,980,759,933,754,0.08949,0.22532,-0.97017,-0.05737,0.22645,-0.97233,3.888,3.692,3.79,,,,Valid,Valid,222.0,91.4,500.9,284.9,89.9,500.1,268.2,207.8,255.4,206.4,0.4983,0.7006,0.5104,0.703,0.4861,0.6983,Screen Recording,Screen Recording Recording38.mp4,1920,1080,0,0,960,540,Fixation,1112,498,954,735,0.4971,0.6808,,,,,,,,,,,
276116564,1120609321467,Eye Tracker,LipReading,08/25/2025,Chenmingjie,Recording38,07/01/2025,07/01/2025,16:47:15.576,08:47:15.576,803474,Timeline1,Tobii I-VT (Fixation),1.241.54219,1080,1920,10.0,14.5,1.9,2.3,1.39,0.18,0.21,53,7,8,7.8,1.7,1.6,0.77,0.17,0.16,29,6,6,9684661173,,,954,762,977,768,931,757,0.08788,0.22967,-0.96929,-0.05879,0.22764,-0.97197,3.879,3.698,3.793,,,,Valid,Valid,222.0,91.4,500.9,284.9,89.9,500.1,267.4,210.1,254.7,207.0,0.4968,0.7057,0.5089,0.711,0.4847,0.7005,Screen Recording,Screen Recording Recording38.mp4,1920,1080,0,0,960,540,Fixation,1112,498,954,735,0.4971,0.6808,,,,,,,,,,,
276120564,1120609325467,Eye Tracker,LipReading,08/25/2025,Chenmingjie,Recording38,07/01/2025,07/01/2025,16:47:15.576,08:47:15.576,803474,Timeline1,Tobii I-VT (Fixation),1.241.54219,1080,1920,10.0,14.5,1.9,2.3,1.39,0.18,0.21,53,7,8,7.8,1.7,1.6,0.77,0.17,0.16,29,6,6,9684665173,,,958,764,983,768,934,759,0.0908,0.22966,-0.96903,-0.05723,0.22899,-0.97175,3.867,3.708,3.793,,,,Valid,Valid,222.0,91.4,500.9,284.9,89.9,500.1,268.9,210.2,255.5,207.8,0.499,0.707,0.5117,0.7111,0.4862,0.7029,Screen Recording,Screen Recording Recording38.mp4,1920,1080,0,0,960,540,Fixation,1112,498,954,735,0.4971,0.6808,,,,,,,,,,,
276124564,1120609329467,Eye Tracker,LipReading,08/25/2025,Chenmingjie,Recording38,07/01/2025,07/01/2025,16:47:15.576,08:47:15.576,803474,Timeline1,Tobii I-VT (Fixation),1.241.54219,1080,1920,10.0,14.5,1.9,2.3,1.39,0.18,0.21,53,7,8,7.8,1.7,1.6,0.77,0.17,0.16,29,6,6,9684669173,,,957,757,982,761,931,754,0.09067,0.22634,-0.96982,-0.05837,0.22618,-0.97234,3.9,3.712,3.804,,,,Valid,Valid,221.9,91.4,500.9,284.9,89.9,500.1,268.8,208.3,254.9,206.2,0.4983,0.7013,0.5115,0.7049,0.4851,0.6978,Screen Recording,Screen Recording Recording38.mp4,1920,1080,0,0,960,540,Fixation,1112,498,954,735,0.4971,0.6808,,,,,,,,,,,
276128564,1120609333467,Eye Tracker,LipReading,08/25/2025,Chenmingjie,Recording38,07/01/2025,07/01/2025,16:47:15.576,08:47:15.576,803474,Timeline1,Tobii I-VT (Fixation),1.241.54219,1080,1920,10.0,14.5,1.9,2.3,1.39,0.18,0.21,53,7,8,7.8,1.7,1.6,0.77,0.17,0.16,29,6,6,9684673173,,,961,758,985,747,936,768,0.09245,0.21929,-0.97127,-0.05591,0.23357,-0.97073,3.933,3.677,3.806,,,,Valid,Valid,221.9,91.4,500.9,284.9,89.9,500.0,269.6,204.5,256.1,210.2,0.5003,0.7017,0.5131,0.692,0.4874,0.7113,Screen Recording,Screen Recording Recording38.mp4,1920,1080,0,0,960,540,Fixation,1112,498,954,735,0.4971,0.6808,,,,,,,,,,,
276132565,1120609337468,Eye Tracker,LipReading,08/25/2025,Chenmingjie,Recording38,07/01/2025,07/01/2025,16:47:15.576,08:47:15.576,803474,Timeline1,Tobii I-VT (Fixation),1.241.54219,1080,1920,10.0,14.5,1.9,2.3,1.39,0.18,0.21,53,7,8,7.8,1.7,1.6,0.77,0.17,0.16,29,6,6,9684677174,,,954,759,977,760,930,758,0.08826,0.22594,-0.97014,-0.05901,0.22851,-0.97175,3.9,3.718,3.806,,,,Valid,Valid,221.9,91.4,500.9,284.9,89.9,500.1,267.5,208.1,254.5,207.5,0.4968,0.7031,0.5091,0.7041,0.4844,0.7021,Screen Recording,Screen Recording Recording38.mp4,1920,1080,0,0,960,540,Fixation,1112,498,954,735,0.4971,0.6808,,,,,,,,,,,
276136564,1120609341467,Eye Tracker,LipReading,08/25/2025,Chenmingjie,Recording38,07/01/2025,07/01/2025,16:47:15.576,08:47:15.576,803474,Timeline1,Tobii I-VT (Fixation),1.241.54219,1080,1920,10.0,14.5,1.9,2.3,1.39,0.18,0.21,53,7,8,7.8,1.7,1.6,0.77,0.17,0.16,29,6,6,9684681173,,,957,753,977,755,937,751,0.08822,0.22345,-0.97071,-0.05523,0.22506,-0.97278,3.901,3.714,3.807,,,,Valid,Valid,221.9,91.4,500.9,284.9,89.9,500.0,267.5,206.7,256.5,205.6,0.4986,0.6976,0.509,0.6995,0.4882,0.6956,Screen Recording,Screen Recording Recording38.mp4,1920,1080,0,0,960,540,Fixation,1112,498,954,735,0.4971,0.6808,,,,,,,,,,,
276140565,1120609345468,Eye Tracker,LipReading,08/25/2025,Chenmingjie,Recording38,07/01/2025,07/01/2025,16:47:15.576,08:47:15.576,803474,Timeline1,Tobii I-VT (Fixation),1.241.54219,1080,1920,10.0,14.5,1.9,2.3,1.39,0.18,0.21,53,7,8,7.8,1.7,1.6,0.77,0.17,0.16,29,6,6,9684685174,,,955,755,975,757,935,754,0.08722,0.22403,-0.97067,-0.05667,0.22648,-0.97237,3.939,3.702,3.807,,,,Valid,Valid,221.9,91.5,500.9,284.9,89.9,500.0,266.9,207.1,255.7,206.4,0.4974,0.6994,0.508,0.7005,0.4867,0.6983,Screen Recording,Screen Recording Recording38.mp4,1920,1080,0,0,960,540,Fixation,1112,498,954,735,0.4971,0.6808,,,,,,,,,,,
276144565,1120609349468,Eye Tracker,LipReading,08/25/2025,Chenmingjie,Recording38,07/01/2025,07/01/2025,16:47:15.576,08:47:15.576,803474,Timeline1,Tobii I-VT (Fixation),1.241.54219,1080,1920,10.0,14.5,1.9,2.3,1.39,0.18,0.21,53,7,8,7.8,1.7,1.6,0.77,0.17,0.16,29,6,6,9684689174,,,956,766,982,769,931,763,0.09039,0.23043,-0.96888,-0.05849,0.23117,-0.97115,3.9,3.718,3.807,,,,Valid,Valid,221.9,91.4,500.9,284.9,89.9,500.0,268.7,210.6,254.8,208.9,0.4981,0.7097,0.5113,0.7124,0.4849,0.7069,Screen Recording,Screen Recording Recording38.mp4,1920,1080,0,0,960,540,Fixation,1112,498,954,735,0.4971,0.6808,,,,,,,,,,,
276148565,1120609353468,Eye Tracker,LipReading,08/25/2025,Chenmingjie,Recording38,07/01/2025,07/01/2025,16:47:15.576,08:47:15.576,803474,Timeline1,Tobii I-VT (Fixation),1.241.54219,1080,1920,10.0,14.5,1.9,2.3,1.39,0.18,0.21,53,7,8,7.8,1.7,1.6,0.77,0.17,0.16,29,6,6,9684693174,,,955,753,979,751,931,756,0.08937,0.22101,-0.97117,-0.05846,0.22744,-0.97204,3.965,3.714,3.809,,,,Valid,Valid,221.9,91.4,500.9,284.9,89.9,500.0,268.0,205.4,254.8,206.9,0.4975,0.6976,0.5101,0.6951,0.485,0.7001,Screen Recording,Screen Recording Recording38.mp4,1920,1080,0,0,960,540,Fixation,1112,498,954,735,0.4971,0.6808,,,,,,,,,,,
276152565,1120609357468,Eye Tracker,LipReading,08/25/2025,Chenmingjie,Recording38,07/01/2025,07/01/2025,16:47:15.576,08:47:15.576,803474,Timeline1,Tobii I-VT (Fixation),1.241.54219,1080,1920,10.0,14.5,1.9,2.3,1.39,0.18,0.21,53,7,8,7.8,1.7,1.6,0.77,0.17,0.16,29,6,6,9684697174,,,961,762,988,763,934,761,0.09381,0.22736,-0.96928,-0.05702,0.22971,-0.97159,3.892,3.728,3.811,,,,Valid,Valid,221.9,91.4,500.9,284.9,89.9,500.0,270.4,208.9,255.5,208.1,0.5005,0.7056,0.5146,0.7069,0.4863,0.7042,Screen Recording,Screen Recording Recording38.mp4,1920,1080,0,0,960,540,Fixation,1112,498,954,735,0.4971,0.6808,,,,,,,,,,,
276156564,1120609361467,Eye Tracker,LipReading,08/25/2025,Chenmingjie,Recording38,07/01/2025,07/01/2025,16:47:15.576,08:47:15.576,803474,Timeline1,Tobii I-VT (Fixation),1.241.54219,1080,1920,10.0,14.5,1.9,2.3,1.39,0.18,0.21,53,7,8,7.8,1.7,1.6,0.77,0.17,0.16,29,6,6,9684701173,,,951,763,977,767,926,758,0.08777,0.2294,-0.96937,-0.06106,0.22858,-0.97161,3.905,3.713,3.817,,,,Valid,Valid,221.9,91.4,500.9,284.9,89.9,500.0,267.3,210.0,253.5,207.6,0.4955,0.7063,0.5087,0.7104,0.4824,0.7023,Screen Recording,Screen Recording Recording38.mp4,1920,1080,0,0,960,540,Fixation,1112,498,954,735,0.4971,0.6808,,,,,,,,,,,
276160563,1120609365466,Eye Tracker,LipReading,08/25/2025,Chenmingjie,Recording38,07/01/2025,07/01/2025,16:47:15.576,08:47:15.576,803474,Timeline1,Tobii I-VT (Fixation),1.241.54219,1080,1920,10.0,14.5,1.9,2.3,1.39,0.18,0.21,53,7,8,7.8,1.7,1.6,0.77,0.17,0.16,29,6,6,9684705173,,,956,758,982,758,931,757,0.09044,0.22454,-0.97026,-0.05858,0.22812,-0.97187,3.922,3.717,3.811,,,,Valid,Valid,221.9,91.4,500.9,284.9,89.9,500.0,268.6,207.4,254.8,207.3,0.498,0.7014,0.5112,0.7016,0.4848,0.7013,Screen Recording,Screen Recording Recording38.mp4,1920,1080,0,0,960,540,Fixation,1112,498,954,735,0.4971,0.6808,,,,,,,,,,,
276164563,1120609369466,Eye Tracker,LipReading,08/25/2025,Chenmingjie,Recording38,07/01/2025,07/01/2025,16:47:15.576,08:47:15.576,803474,Timeline1,Tobii I-VT (Fixation),1.241.54219,1080,1920,10.0,14.5,1.9,2.3,1.39,0.18,0.21,53,7,8,7.8,1.7,1.6,0.77,0.17,0.16,29,6,6,9684709173,,,954,760,979,764,929,755,0.08925,0.22767,-0.96964,-0.05954,0.22711,-0.97205,3.92,3.7,3.817,,,,Valid,Valid,221.9,91.4,500.9,284.9,89.9,500.0,268.0,209.0,254.3,206.8,0.497,0.7034,0.5101,0.7073,0.4839,0.6995,Screen Recording,Screen Recording Recording38.mp4,1920,1080,0,0,960,540,Fixation,1112,498,954,735,0.4971,0.6808,,,,,,,,,,,
276168563,1120609373466,Eye Tracker,LipReading,08/25/2025,Chenmingjie,Recording38,07/01/2025,07/01/2025,16:47:15.576,08:47:15.576,803474,Timeline1,Tobii I-VT (Fixation),1.241.54219,1080,1920,10.0,14.5,1.9,2.3,1.39,0.18,0.21,53,7,8,7.8,1.7,1.6,0.77,0.17,0.16,29,6,6,9684713173,,,956,759,982,772,930,746,0.09035,0.23178,-0.96856,-0.05889,0.22237,-0.97318,3.885,3.747,3.818,,,,Valid,Valid,221.9,91.4,500.9,284.9,89.9,500.0,268.7,211.3,254.6,204.2,0.498,0.7029,0.5113,0.7149,0.4846,0.6908,Screen Recording,Screen Recording Recording38.mp4,1920,1080,0,0,960,540,Fixation,1112,498,954,735,0.4971,0.6808,,,,,,,,,,,
276172564,1120609377467,Eye Tracker,LipReading,08/25/2025,Chenmingjie,Recording38,07/01/2025,07/01/2025,16:47:15.576,08:47:15.576,803474,Timeline1,Tobii I-VT (Fixation),1.241.54219,1080,1920,10.0,14.5,1.9,2.3,1.39,0.18,0.21,53,7,8,7.8,1.7,1.6,0.77,0.17,0.16,29,6,6,9684717174,,,955,757,979,750,932,764,0.0891,0.22096,-0.9712,-0.0582,0.23147,-0.9711,3.972,3.712,3.816,,,,Valid,Valid,221.9,91.4,500.9,284.9,89.9,500.0,267.9,205.4,254.9,209.1,0.4975,0.7012,0.5098,0.6949,0.4852,0.7075,Screen Recording,Screen Recording Recording38.mp4,1920,1080,0,0,960,540,Fixation,1112,498,954,735,0.4971,0.6808,,,,,,,,,,,
276176563,1120609381466,Eye Tracker,LipReading,08/25/2025,Chenmingjie,Recording38,07/01/2025,07/01/2025,16:47:15.576,08:47:15.576,803474,Timeline1,Tobii I-VT (Fixation),1.241.54219,1080,1920,10.0,14.5,1.9,2.3,1.39,0.18,0.21,53,7,8,7.8,1.7,1.6,0.77,0.17,0.16,29,6,6,9684721173,,,963,760,989,770,938,751,0.09425,0.23046,-0.96851,-0.05505,0.2249,-0.97282,3.895,3.717,3.832,,,,Valid,Valid,222.0,91.4,500.8,284.9,89.9,500.1,270.7,210.6,256.6,205.5,0.5018,0.704,0.5152,0.7126,0.4884,0.6953,Screen Recording,Screen Recording Recording38.mp4,1920,1080,0,0,960,540,Saccade,16,1333,,,,,,,,,,,,,,,
276180564,1120609385467,Eye Tracker,LipReading,08/25/2025,Chenmingjie,Recording38,07/01/2025,07/01/2025,16:47:15.576,08:47:15.576,803474,Timeline1,Tobii I-VT (Fixation),1.241.54219,1080,1920,10.0,14.5,1.9,2.3,1.39,0.18,0.21,53,7,8,7.8,1.7,1.6,0.77,0.17,0.16,29,6,6,9684725174,,,969,762,1000,765,937,758,0.09991,0.22797,-0.96853,-0.05525,0.22862,-0.97195,3.952,3.697,3.825,,,,Valid,Valid,222.0,91.4,500.9,285.0,89.9,500.1,273.7,209.3,256.5,207.5,0.5045,0.7052,0.5208,0.7082,0.4882,0.7022,Screen Recording,Screen Recording Recording38.mp4,1920,1080,0,0,960,540,Saccade,16,1333,,,,,,,,,,,,,,,
276184564,1120609389467,Eye Tracker,LipReading,08/25/2025,Chenmingjie,Recording38,07/01/2025,07/01/2025,16:47:15.576,08:47:15.576,803474,Timeline1,Tobii I-VT (Fixation),1.241.54219,1080,1920,10.0,14.5,1.9,2.3,1.39,0.18,0.21,53,7,8,7.8,1.7,1.6,0.77,0.17,0.16,29,6,6,9684729174,,,980,759,1005,761,955,758,0.10275,0.22591,-0.96871,-0.04615,0.22831,-0.97249,3.963,3.692,3.821,,,,Valid,Valid,222.0,91.4,500.9,285.0,89.9,500.1,275.2,208.2,261.3,207.3,0.5104,0.703,0.5237,0.7046,0.4972,0.7015,Screen Recording,Screen Recording Recording38.mp4,1920,1080,0,0,960,540,Saccade,16,1333,,,,,,,,,,,,,,,
276188564,1120609393467,Eye Tracker,LipReading,08/25/2025,Chenmingjie,Recording38,07/01/2025,07/01/2025,16:47:15.576,08:47:15.576,803474,Timeline1,Tobii I-VT (Fixation),1.241.54219,1080,1920,10.0,14.5,1.9,2.3,1.39,0.18,0.21,53,7,8,7.8,1.7,1.6,0.77,0.17,0.16,29,6,6,9684733174,,,987,764,1015,762,958,765,0.10794,0.22624,-0.96807,-0.04427,0.23221,-0.97166,3.95,3.683,3.818,,,,Valid,Valid,222.1,91.5,500.8,285.0,89.9,500.1,277.9,208.5,262.2,209.4,0.514,0.707,0.5289,0.7054,0.499,0.7086,Screen Recording,Screen Recording Recording38.mp4,1920,1080,0,0,960,540,Saccade,16,1333,,,,,,,,,,,,,,,
276192564,1120609397467,Eye Tracker,LipReading,08/25/2025,Chenmingjie,Recording38,07/01/2025,07/01/2025,16:47:15.576,08:47:15.576,803474,Timeline1,Tobii I-VT (Fixation),1.241.54219,1080,1920,10.0,14.5,1.9,2.3,1.39,0.18,0.21,53,7,8,7.8,1.7,1.6,0.77,0.17,0.16,29,6,6,9684737174,,,987,770,1014,774,961,766,0.10689,0.23239,-0.96673,-0.0428,0.23281,-0.97158,3.942,3.686,3.813,,,,Valid,Valid,222.1,91.5,500.8,285.0,89.9,500.1,277.5,211.9,263.0,209.8,0.5143,0.7133,0.528,0.7168,0.5005,0.7097,Screen Recording,Screen Recording Recording38.mp4,1920,1080,0,0,960,540,Fixation,64,499,983,779,0.512,0.7214,,,,,,,,,,,
276196563,1120609401466,Eye Tracker,LipReading,08/25/2025,Chenmingjie,Recording38,07/01/2025,07/01/2025,16:47:15.576,08:47:15.576,803474,Timeline1,Tobii I-VT (Fixation),1.241.54219,1080,1920,10.0,14.5,1.9,2.3,1.39,0.18,0.21,53,7,8,7.8,1.7,1.6,0.77,0.17,0.16,29,6,6,9684741173,,,981,782,1011,784,951,781,0.1051,0.23735,-0.96572,-0.04805,0.23983,-0.96962,3.927,3.682,3.811,,,,Valid,Valid,222.1,91.5,500.8,285.0,89.9,500.1,276.6,214.6,260.2,213.6,0.5109,0.7243,0.5264,0.7259,0.4953,0.7228,Screen Recording,Screen Recording Recording38.mp4,1920,1080,0,0,960,540,Fixation,64,499,983,779,0.512,0.7214,,,,,,,,,,,
276200564,1120609405467,Eye Tracker,LipReading,08/25/2025,Chenmingjie,Recording38,07/01/2025,07/01/2025,16:47:15.576,08:47:15.576,803474,Timeline1,Tobii I-VT (Fixation),1.241.54219,1080,1920,10.0,14.5,1.9,2.3,1.39,0.18,0.21,53,7,8,7.8,1.7,1.6,0.77,0.17,0.16,29,6,6,9684745174,,,983,774,1012,774,953,773,0.10611,0.23253,-0.96678,-0.0473,0.23597,-0.97061,3.928,3.655,3.801,,,,Valid,Valid,222.1,91.5,500.8,285.0,90.0,500.0,277.1,211.9,260.7,211.5,0.5117,0.7163,0.5273,0.717,0.4961,0.7157,Screen Recording,Screen Recording Recording38.mp4,1920,1080,0,0,960,540,Fixation,64,499,983,779,0.512,0.7214,,,,,,,,,,,
276204562,1120609409465,Eye Tracker,LipReading,08/25/2025,Chenmingjie,Recording38,07/01/2025,07/01/2025,16:47:15.576,08:47:15.576,803474,Timeline1,Tobii I-VT (Fixation),1.241.54219,1080,1920,10.0,14.5,1.9,2.3,1.39,0.18,0.21,53,7,8,7.8,1.7,1.6,0.77,0.17,0.16,29,6,6,9684749173,,,982,772,1013,765,952,779,0.1063,0.22793,-0.96786,-0.04752,0.23899,-0.96986,3.941,3.662,3.795,,,,Valid,Valid,222.1,91.4,500.9,285.1,90.0,500.0,277.1,209.4,260.6,213.2,0.5117,0.7149,0.5274,0.7085,0.4959,0.7213,Screen Recording,Screen Recording Recording38.mp4,1920,1080,0,0,960,540,Fixation,64,499,983,779,0.512,0.7214,,,,,,,,,,,
276208562,1120609413465,Eye Tracker,LipReading,08/25/2025,Chenmingjie,Recording38,07/01/2025,07/01/2025,16:47:15.576,08:47:15.576,803474,Timeline1,Tobii I-VT (Fixation),1.241.54219,1080,1920,10.0,14.5,1.9,2.3,1.39,0.18,0.21,53,7,8,7.8,1.7,1.6,0.77,0.17,0.16,29,6,6,9684753173,,,980,779,1007,785,953,774,0.10315,0.2379,-0.9658,-0.04696,0.23639,-0.97052,3.927,3.674,3.795,,,,Valid,Valid,222.1,91.4,500.8,285.1,90.0,500.0,275.6,214.8,260.9,211.8,0.5105,0.7216,0.5246,0.7268,0.4965,0.7165,Screen Recording,Screen Recording Recording38.mp4,1920,1080,0,0,960,540,Fixation,64,499,983,779,0.512,0.7214,,,,,,,,,,,
276212563,1120609417466,Eye Tracker,LipReading,08/25/2025,Chenmingjie,Recording38,07/01/2025,07/01/2025,16:47:15.576,08:47:15.576,803474,Timeline1,Tobii I-VT (Fixation),1.241.54219,1080,1920,10.0,14.5,1.9,2.3,1.39,0.18,0.21,53,7,8,7.8,1.7,1.6,0.77,0.17,0.16,29,6,6,9684757174,,,985,781,1010,796,959,766,0.10472,0.24319,-0.96431,-0.04399,0.23277,-0.97154,3.891,3.662,3.794,,,,Valid,Valid,222.2,91.4,500.9,285.1,90.0,500.0,276.5,217.7,262.5,209.8,0.5129,0.7232,0.5263,0.7367,0.4995,0.7097,Screen Recording,Screen Recording Recording38.mp4,1920,1080,0,0,960,540,Fixation,64,499,983,779,0.512,0.7214,,,,,,,,,,,
276216562,1120609421465,Eye Tracker,LipReading,08/25/2025,Chenmingjie,Recording38,07/01/2025,07/01/2025,16:47:15.576,08:47:15.576,803474,Timeline1,Tobii I-VT (Fixation),1.241.54219,1080,1920,10.0,14.5,1.9,2.3,1.39,0.18,0.21,53,7,8,7.8,1.7,1.6,0.77,0.17,0.16,29,6,6,9684761173,,,984,771,1003,774,965,768,0.10107,0.23265,-0.9673,-0.04104,0.23356,-0.97148,3.942,3.652,3.781,,,,Valid,Valid,222.2,91.4,500.8,285.1,90.0,500.0,274.5,211.9,264.0,210.2,0.5124,0.714,0.5224,0.717,0.5024,0.7111,Screen Recording,Screen Recording Recording38.mp4,1920,1080,0,0,960,540,Fixation,64,499,983,779,0.512,0.7214,,,,,,,,,,,
276220563,1120609425466,Eye Tracker,LipReading,08/25/2025,Chenmingjie,Recording38,07/01/2025,07/01/2025,16:47:15.576,08:47:15.576,803474,Timeline1,Tobii I-VT (Fixation),1.241.54219,1080,1920,10.0,14.5,1.9,2.3,1.39,0.18,0.21,53,7,8,7.8,1.7,1.6,0.77,0.17,0.16,29,6,6,9684765174,,,981,783,1008,796,953,771,0.10358,0.24327,-0.96441,-0.04737,0.23477,-0.9709,3.893,3.655,3.781,,,,Valid,Valid,222.2,91.5,500.8,285.1,90.0,500.0,276.0,217.8,260.7,210.9,0.5107,0.7252,0.5252,0.7369,0.4962,0.7135,Screen Recording,Screen Recording Recording38.mp4,1920,1080,0,0,960,540,Fixation,64,499,983,779,0.512,0.7214,,,,,,,,,,,
276224558,1120609429461,Eye Tracker,LipReading,08/25/2025,Chenmingjie,Recording38,07/01/2025,07/01/2025,16:47:15.576,08:47:15.576,803474,Timeline1,Tobii I-VT (Fixation),1.241.54219,1080,1920,10.0,14.5,1.9,2.3,1.39,0.18,0.21,53,7,8,7.8,1.7,1.6,0.77,0.17,0.16,29,6,6,9684769169,,,979,782,1014,789,944,774,0.10679,0.23983,-0.96492,-0.05195,0.23644,-0.97026,3.907,3.611,3.797,,,,Valid,Valid,222.2,91.5,500.8,285.2,90.0,500.0,277.6,215.9,258.4,211.8,0.51,0.7236,0.5284,0.7306,0.4917,0.7167,Screen Recording,Screen Recording Recording38.mp4,1920,1080,0,0,960,540,Fixation,64,499,983,779,0.512,0.7214,,,,,,,,,,,
276228559,1120609433462,Eye Tracker,LipReading,08/25/2025,Chenmingjie,Recording38,07/01/2025,07/01/2025,16:47:15.576,08:47:15.576,803474,Timeline1,Tobii I-VT (Fixation),1.241.54219,1080,1920,10.0,14.5,1.9,2.3,1.39,0.18,0.21,53,7,8,7.8,1.7,1.6,0.77,0.17,0.16,29,6,6,9684773170,,,985,774,1016,775,955,772,0.10767,0.23287,-0.96653,-0.04639,0.23547,-0.97077,3.963,3.659,3.779,,,,Valid,Valid,222.2,91.5,500.8,285.2,90.0,500.0,278.0,212.1,261.3,211.3,0.5132,0.7162,0.5291,0.7177,0.4972,0.7148,Screen Recording,Screen Recording Recording38.mp4,1920,1080,0,0,960,540,Fixation,64,499,983,779,0.512,0.7214,,,,,,,,,,,
276232559,1120609437462,Eye Tracker,LipReading,08/25/2025,Chenmingjie,Recording38,07/01/2025,07/01/2025,16:47:15.576,08:47:15.576,803474,Timeline1,Tobii I-VT (Fixation),1.241.54219,1080,1920,10.0,14.5,1.9,2.3,1.39,0.18,0.21,53,7,8,7.8,1.7,1.6,0.77,0.17,0.16,29,6,6,9684777170,,,984,775,1015,781,954,769,0.10695,0.2357,-0.96592,-0.04696,0.23395,-0.97111,3.944,3.651,3.782,,,,Valid,Valid,222.2,91.5,500.8,285.2,90.0,500.0,277.7,213.7,261.0,210.4,0.5126,0.7175,0.5285,0.723,0.4967,0.712,Screen Recording,Screen Recording Recording38.mp4,1920,1080,0,0,960,540,Fixation,64,499,983,779,0.512,0.7214,,,,,,,,,,,
276236558,1120609441461,Eye Tracker,LipReading,08/25/2025,Chenmingjie,Recording38,07/01/2025,07/01/2025,16:47:15.576,08:47:15.576,803474,Timeline1,Tobii I-VT (Fixation),1.241.54219,1080,1920,10.0,14.5,1.9,2.3,1.39,0.18,0.21,53,7,8,7.8,1.7,1.6,0.77,0.17,0.16,29,6,6,9684781169,,,980,785,1009,791,952,779,0.10363,0.24106,-0.96496,-0.04798,0.23905,-0.96982,3.886,3.648,3.783,,,,Valid,Valid,222.2,91.5,500.8,285.2,90.0,500.0,276.0,216.6,260.5,213.2,0.5105,0.7271,0.5253,0.7328,0.4957,0.7214,Screen Recording,Screen Recording Recording38.mp4,1920,1080,0,0,960,540,Fixation,64,499,983,779,0.512,0.7214,,,,,,,,,,,
276240559,1120609445462,Eye Tracker,LipReading,08/25/2025,Chenmingjie,Recording38,07/01/2025,07/01/2025,16:47:15.576,08:47:15.576,803474,Timeline1,Tobii I-VT (Fixation),1.241.54219,1080,1920,10.0,14.5,1.9,2.3,1.39,0.18,0.21,53,7,8,7.8,1.7,1.6,0.77,0.17,0.16,29,6,6,9684785170,,,981,787,1011,792,951,783,0.10506,0.24111,-0.96479,-0.04829,0.24076,-0.96938,3.916,3.641,3.781,,,,Valid,Valid,222.3,91.5,500.7,285.2,90.0,500.0,276.8,216.6,260.3,214.2,0.5111,0.7288,0.5268,0.7329,0.4954,0.7246,Screen Recording,Screen Recording Recording38.mp4,1920,1080,0,0,960,540,Fixation,64,499,983,779,0.512,0.7214,,,,,,,,,,,
276244558,1120609449461,Eye Tracker,LipReading,08/25/2025,Chenmingjie,Recording38,07/01/2025,07/01/2025,16:47:15.576,08:47:15.576,803474,Timeline1,Tobii I-VT (Fixation),1.241.54219,1080,1920,10.0,14.5,1.9,2.3,1.39,0.18,0.21,53,7,8,7.8,1.7,1.6,0.77,0.17,0.16,29,6,6,9684789169,,,982,780,1012,790,952,770,0.10555,0.24011,-0.96499,-0.04801,0.23468,-0.97089,3.919,3.644,3.779,,,,Valid,Valid,222.3,91.5,500.8,285.2,90.0,500.0,277.0,216.1,260.5,210.8,0.5115,0.7222,0.5273,0.7311,0.4958,0.7133,Screen Recording,Screen Recording Recording38.mp4,1920,1080,0,0,960,540,Fixation,64,499,983,779,0.512,0.7214,,,,,,,,,,,
276248558,1120609453461,Eye Tracker,LipReading,08/25/2025,Chenmingjie,Recording38,07/01/2025,07/01/2025,16:47:15.576,08:47:15.576,803474,Timeline1,Tobii I-VT (Fixation),1.241.54219,1080,1920,10.0,14.5,1.9,2.3,1.39,0.18,0.21,53,7,8,7.8,1.7,1.6,0.77,0.17,0.16,29,6,6,9684793169,,,985,782,1007,780,963,784,0.10305,0.23541,-0.96642,-0.04231,0.24163,-0.96944,3.96,3.612,3.765,,,,Valid,Valid,222.3,91.5,500.8,285.2,90.0,500.0,275.7,213.5,263.4,214.6,0.513,0.7241,0.5247,0.7222,0.5013,0.7261,Screen Recording,Screen Recording Recording38.mp4,1920,1080,0,0,960,540,Fixation,64,499,983,779,0.512,0.7214,,,,,,,,,,,
276252559,1120609457462,Eye Tracker,LipReading,08/25/2025,Chenmingjie,Recording38,07/01/2025,07/01/2025,16:47:15.576,08:47:15.576,803474,Timeline1,Tobii I-VT (Fixation),1.241.54219,1080,1920,10.0,14.5,1.9,2.3,1.39,0.18,0.21,53,7,8,7.8,1.7,1.6,0.77,0.17,0.16,29,6,6,9684797170,,,986,792,1012,795,960,790,0.10541,0.24273,-0.96435,-0.04337,0.24448,-0.96868,3.899,3.598,3.758,,,,Valid,Valid,222.3,91.5,500.8,285.2,90.0,500.0,277.0,217.5,262.9,216.2,0.5137,0.7337,0.5272,0.7359,0.5003,0.7314,Screen Recording,Screen Recording Recording38.mp4,1920,1080,0,0,960,540,Fixation,64,499,983,779,0.512,0.7214,,,,,,,,,,,
276256558,1120609461461,Eye Tracker,LipReading,08/25/2025,Chenmingjie,Recording38,07/01/2025,07/01/2025,16:47:15.576,08:47:15.576,803474,Timeline1,Tobii I-VT (Fixation),1.241.54219,1080,1920,10.0,14.5,1.9,2.3,1.39,0.18,0.21,53,7,8,7.8,1.7,1.6,0.77,0.17,0.16,29,6,6,9684801169,,,987,787,1015,777,959,797,0.10709,0.2338,-0.96637,-0.04389,0.24808,-0.96774,3.945,3.585,3.742,,,,Valid,Valid,222.3,91.4,500.8,285.3,90.0,500.0,277.8,212.6,262.6,218.2,0.5142,0.7287,0.5287,0.7193,0.4997,0.7381,Screen Recording,Screen Recording Recording38.mp4,1920,1080,0,0,960,540,Saccade,44,1334,,,,,,,,,,,,,,,
276260559,1120609465462,Eye Tracker,LipReading,08/25/2025,Chenmingjie,Recording38,07/01/2025,07/01/2025,16:47:15.576,08:47:15.576,803474,Timeline1,Tobii I-VT (Fixation),1.241.54219,1080,1920,10.0,14.5,1.9,2.3,1.39,0.18,0.21,53,7,8,7.8,1.7,1.6,0.77,0.17,0.16,29,6,6,9684805170,,,988,800,1013,802,963,799,0.10581,0.24611,-0.96345,-0.04207,0.24909,-0.96757,3.899,3.551,3.725,,,,Valid,Valid,222.3,91.4,500.8,285.3,90.0,500.0,277.3,219.4,263.5,218.7,0.5146,0.741,0.5278,0.7422,0.5015,0.7399,Screen Recording,Screen Recording Recording38.mp4,1920,1080,0,0,960,540,Saccade,44,1334,,,,,,,,,,,,,,,
276264558,1120609469461,Eye Tracker,LipReading,08/25/2025,Chenmingjie,Recording38,07/01/2025,07/01/2025,16:47:15.576,08:47:15.576,803474,Timeline1,Tobii I-VT (Fixation),1.241.54219,1080,1920,10.0,14.5,1.9,2.3,1.39,0.18,0.21,53,7,8,7.8,1.7,1.6,0.77,0.17,0.16,29,6,6,9684809169,,,980,825,1007,834,954,815,0.10209,0.26237,-0.95955,-0.04694,0.25682,-0.96532,3.831,3.483,3.657,,,,Valid,Valid,222.3,91.5,500.7,285.3,89.9,500.0,275.6,228.4,261.0,223.0,0.5106,0.7635,0.5245,0.7727,0.4967,0.7544,Screen Recording,Screen Recording Recording38.mp4,1920,1080,0,0,960,540,Saccade,44,1334,,,,,,,,,,,,,,,
276268561,1120609473464,Eye Tracker,LipReading,08/25/2025,Chenmingjie,Recording38,07/01/2025,07/01/2025,16:47:15.576,08:47:15.576,803474,Timeline1,Tobii I-VT (Fixation),1.241.54219,1080,1920,10.0,14.5,1.9,2.3,1.39,0.18,0.21,53,7,8,7.8,1.7,1.6,0.77,0.17,0.16,29,6,6,9684813172,,,1004,837,1069,833,938,841,0.13418,0.26077,-0.95603,-0.05489,0.2697,-0.96138,3.621,3.367,3.494,,,,Valid,Valid,222.3,91.4,500.8,285.3,89.9,500.0,292.6,228.0,256.7,230.2,0.5227,0.7752,0.5569,0.7715,0.4886,0.7789,Screen Recording,Screen Recording Recording38.mp4,1920,1080,0,0,960,540,Saccade,44,1334,,,,,,,,,,,,,,,
276272559,1120609477462,Eye Tracker,LipReading,08/25/2025,Chenmingjie,Recording38,07/01/2025,07/01/2025,16:47:15.576,08:47:15.576,803474,Timeline1,Tobii I-VT (Fixation),1.241.54219,1080,1920,10.0,14.5,1.9,2.3,1.39,0.18,0.21,53,7,8,7.8,1.7,1.6,0.77,0.17,0.16,29,6,6,9684817170,,,1021,865,1108,876,934,854,0.15311,0.28042,-0.94759,-0.05687,0.27595,-0.95949,3.426,3.336,3.381,,,,Valid,Valid,222.3,91.4,500.8,285.3,89.9,500.1,303.2,239.6,255.7,233.7,0.5318,0.8007,0.5771,0.8106,0.4866,0.7908,Screen Recording,Screen Recording Recording38.mp4,1920,1080,0,0,960,540,Saccade,44,1334,,,,,,,,,,,,,,,
276276558,1120609481461,Eye Tracker,LipReading,08/25/2025,Chenmingjie,Recording38,07/01/2025,07/01/2025,16:47:15.576,08:47:15.576,803474,Timeline1,Tobii I-VT (Fixation),1.241.54219,1080,1920,10.0,14.5,1.9,2.3,1.39,0.18,0.21,53,7,8,7.8,1.7,1.6,0.77,0.17,0.16,29,6,6,9684821169,,,1049,912,1115,915,983,908,0.15557,0.299,-0.94149,-0.03122,0.30219,-0.95274,3.352,2.772,3.062,,,,Valid,Valid,222.3,91.4,500.8,285.3,89.9,500.0,305.1,250.4,268.9,248.5,0.5462,0.8441,0.5806,0.8473,0.5118,0.8408,Screen Recording,Screen Recording Recording38.mp4,1920,1080,0,0,960,540,Saccade,44,1334,,,,,,,,,,,,,,,
276280559,1120609485462,Eye Tracker,LipReading,08/25/2025,Chenmingjie,Recording38,07/01/2025,07/01/2025,16:47:15.576,08:47:15.576,803474,Timeline1,Tobii I-VT (Fixation),1.241.54219,1080,1920,10.0,14.5,1.9,2.3,1.39,0.18,0.21,53,7,8,7.8,1.7,1.6,0.77,0.17,0.16,29,6,6,9684825170,,,1042,966,1101,981,983,951,0.1472,0.32991,-0.93246,-0.03109,0.32227,-0.94614,3.106,2.563,2.834,,,,Valid,Valid,222.3,91.4,500.7,285.3,89.9,500.0,301.4,268.5,268.9,260.2,0.5426,0.8945,0.5735,0.9086,0.5117,0.8804,Screen Recording,Screen Recording Recording38.mp4,1920,1080,0,0,960,540,Saccade,44,1334,,,,,,,,,,,,,,,
276284558,1120609489461,Eye Tracker,LipReading,08/25/2025,Chenmingjie,Recording38,07/01/2025,07/01/2025,16:47:15.576,08:47:15.576,803474,Timeline1,Tobii I-VT (Fixation),1.241.54219,1080,1920,10.0,14.5,1.9,2.3,1.39,0.18,0.21,53,7,8,7.8,1.7,1.6,0.77,0.17,0.16,29,6,6,9684829169,,,964,1009,,,964,1009,,,,-0.04001,0.34897,-0.93628,,2.26,2.497,,,,Invalid,Valid,,,,285.3,89.9,500.0,,,264.0,276.2,0.5023,0.9346,,,0.5023,0.9346,Screen Recording,Screen Recording Recording38.mp4,1920,1080,0,0,960,540,Saccade,44,1334,,,,,,,,,,,,,,,
276288559,1120609493462,Eye Tracker,LipReading,08/25/2025,Chenmingjie,Recording38,07/01/2025,07/01/2025,16:47:15.576,08:47:15.576,803474,Timeline1,Tobii I-VT (Fixation),1.241.54219,1080,1920,10.0,14.5,1.9,2.3,1.39,0.18,0.21,53,7,8,7.8,1.7,1.6,0.77,0.17,0.16,29,6,6,9684833170,,,918,1045,,,918,1045,,,,-0.06319,0.36444,-0.92908,,1.875,2.119,,,,Invalid,Valid,,,,285.3,89.8,500.0,,,251.3,285.9,0.4783,0.9675,,,0.4783,0.9675,Screen Recording,Screen Recording Recording38.mp4,1920,1080,0,0,960,540,Saccade,44,1334,,,,,,,,,,,,,,,
276292558,1120609497461,Eye Tracker,LipReading,08/25/2025,Chenmingjie,Recording38,07/01/2025,07/01/2025,16:47:15.576,08:47:15.576,803474,Timeline1,Tobii I-VT (Fixation),1.241.54219,1080,1920,10.0,14.5,1.9,2.3,1.39,0.18,0.21,53,7,8,7.8,1.7,1.6,0.77,0.17,0.16,29,6,6,9684837170,,,934,1119,,,934,1119,,,,-0.05463,0.39666,-0.91634,,1.601,1.796,,,,Invalid,Valid,,,,285.3,89.7,500.1,,,255.5,306.2,,,,,,,Screen Recording,Screen Recording Recording38.mp4,1920,1080,0,0,960,540,Saccade,44,1334,,,,,,,,,,,,,,,
276296557,1120609501460,Eye Tracker,LipReading,08/25/2025,Chenmingjie,Recording38,07/01/2025,07/01/2025,16:47:15.576,08:47:15.576,803474,Timeline1,Tobii I-VT (Fixation),1.241.54219,1080,1920,10.0,14.5,1.9,2.3,1.39,0.18,0.21,53,7,8,7.8,1.7,1.6,0.77,0.17,0.16,29,6,6,9684841169,,,971,1266,957,1284,985,1249,0.07006,0.45997,-0.88517,-0.02817,0.44993,-0.89262,1.62,1.258,1.439,,,,Valid,Valid,222.3,91.3,500.5,285.3,89.7,500.1,261.9,351.4,269.6,341.8,,,,,,,Screen Recording,Screen Recording Recording38.mp4,1920,1080,0,0,960,540,Saccade,44,1334,,,,,,,,,,,,,,,
276300558,1120609505461,Eye Tracker,LipReading,08/25/2025,Chenmingjie,Recording38,07/01/2025,07/01/2025,16:47:15.576,08:47:15.576,803474,Timeline1,Tobii I-VT (Fixation),1.241.54219,1080,1920,10.0,14.5,1.9,2.3,1.39,0.18,0.21,53,7,8,7.8,1.7,1.6,0.77,0.17,0.16,29,6,6,9684845170,,,,,,,,,,,,,,,,,,,,,Invalid,Invalid,,,,,,,,,,,,,,,,,Screen Recording,Screen Recording Recording38.mp4,1920,1080,0,0,960,540,EyesNotFound,112,1002,,,,,,,,,,,,,,,
276304559,1120609509462,Eye Tracker,LipReading,08/25/2025,Chenmingjie,Recording38,07/01/2025,07/01/2025,16:47:15.576,08:47:15.576,803474,Timeline1,Tobii I-VT (Fixation),1.241.54219,1080,1920,10.0,14.5,1.9,2.3,1.39,0.18,0.21,53,7,8,7.8,1.7,1.6,0.77,0.17,0.16,29,6,6,9684849171,,,,,,,,,,,,,,,,,,,,,Invalid,Invalid,,,,,,,,,,,,,,,,,Screen Recording,Screen Recording Recording38.mp4,1920,1080,0,0,960,540,EyesNotFound,112,1002,,,,,,,,,,,,,,,
276308560,1120609513463,Eye Tracker,LipReading,08/25/2025,Chenmingjie,Recording38,07/01/2025,07/01/2025,16:47:15.576,08:47:15.576,803474,Timeline1,Tobii I-VT (Fixation),1.241.54219,1080,1920,10.0,14.5,1.9,2.3,1.39,0.18,0.21,53,7,8,7.8,1.7,1.6,0.77,0.17,0.16,29,6,6,9684853172,,,,,,,,,,,,,,,,,,,,,Invalid,Invalid,,,,,,,,,,,,,,,,,Screen Recording,Screen Recording Recording38.mp4,1920,1080,0,0,960,540,EyesNotFound,112,1002,,,,,,,,,,,,,,,
276312560,1120609517463,Eye Tracker,LipReading,08/25/2025,Chenmingjie,Recording38,07/01/2025,07/01/2025,16:47:15.576,08:47:15.576,803474,Timeline1,Tobii I-VT (Fixation),1.241.54219,1080,1920,10.0,14.5,1.9,2.3,1.39,0.18,0.21,53,7,8,7.8,1.7,1.6,0.77,0.17,0.16,29,6,6,9684857172,,,,,,,,,,,,,,,,,,,,,Invalid,Invalid,,,,,,,,,,,,,,,,,Screen Recording,Screen Recording Recording38.mp4,1920,1080,0,0,960,540,EyesNotFound,112,1002,,,,,,,,,,,,,,,
276316560,1120609521463,Eye Tracker,LipReading,08/25/2025,Chenmingjie,Recording38,07/01/2025,07/01/2025,16:47:15.576,08:47:15.576,803474,Timeline1,Tobii I-VT (Fixation),1.241.54219,1080,1920,10.0,14.5,1.9,2.3,1.39,0.18,0.21,53,7,8,7.8,1.7,1.6,0.77,0.17,0.16,29,6,6,9684861172,,,,,,,,,,,,,,,,,,,,,Invalid,Invalid,,,,,,,,,,,,,,,,,Screen Recording,Screen Recording Recording38.mp4,1920,1080,0,0,960,540,EyesNotFound,112,1002,,,,,,,,,,,,,,,
276320559,1120609525462,Eye Tracker,LipReading,08/25/2025,Chenmingjie,Recording38,07/01/2025,07/01/2025,16:47:15.576,08:47:15.576,803474,Timeline1,Tobii I-VT (Fixation),1.241.54219,1080,1920,10.0,14.5,1.9,2.3,1.39,0.18,0.21,53,7,8,7.8,1.7,1.6,0.77,0.17,0.16,29,6,6,9684865171,,,,,,,,,,,,,,,,,,,,,Invalid,Invalid,,,,,,,,,,,,,,,,,Screen Recording,Screen Recording Recording38.mp4,1920,1080,0,0,960,540,EyesNotFound,112,1002,,,,,,,,,,,,,,,
276324560,1120609529463,Eye Tracker,LipReading,08/25/2025,Chenmingjie,Recording38,07/01/2025,07/01/2025,16:47:15.576,08:47:15.576,803474,Timeline1,Tobii I-VT (Fixation),1.241.54219,1080,1920,10.0,14.5,1.9,2.3,1.39,0.18,0.21,53,7,8,7.8,1.7,1.6,0.77,0.17,0.16,29,6,6,9684869172,,,,,,,,,,,,,,,,,,,,,Invalid,Invalid,,,,,,,,,,,,,,,,,Screen Recording,Screen Recording Recording38.mp4,1920,1080,0,0,960,540,EyesNotFound,112,1002,,,,,,,,,,,,,,,
276328559,1120609533462,Eye Tracker,LipReading,08/25/2025,Chenmingjie,Recording38,07/01/2025,07/01/2025,16:47:15.576,08:47:15.576,803474,Timeline1,Tobii I-VT (Fixation),1.241.54219,1080,1920,10.0,14.5,1.9,2.3,1.39,0.18,0.21,53,7,8,7.8,1.7,1.6,0.77,0.17,0.16,29,6,6,9684873171,,,,,,,,,,,,,,,,,,,,,Invalid,Invalid,,,,,,,,,,,,,,,,,Screen Recording,Screen Recording Recording38.mp4,1920,1080,0,0,960,540,EyesNotFound,112,1002,,,,,,,,,,,,,,,
276332559,1120609537462,Eye Tracker,LipReading,08/25/2025,Chenmingjie,Recording38,07/01/2025,07/01/2025,16:47:15.576,08:47:15.576,803474,Timeline1,Tobii I-VT (Fixation),1.241.54219,1080,1920,10.0,14.5,1.9,2.3,1.39,0.18,0.21,53,7,8,7.8,1.7,1.6,0.77,0.17,0.16,29,6,6,9684877171,,,,,,,,,,,,,,,,,,,,,Invalid,Invalid,,,,,,,,,,,,,,,,,Screen Recording,Screen Recording Recording38.mp4,1920,1080,0,0,960,540,EyesNotFound,112,1002,,,,,,,,,,,,,,,
276336559,1120609541462,Eye Tracker,LipReading,08/25/2025,Chenmingjie,Recording38,07/01/2025,07/01/2025,16:47:15.576,08:47:15.576,803474,Timeline1,Tobii I-VT (Fixation),1.241.54219,1080,1920,10.0,14.5,1.9,2.3,1.39,0.18,0.21,53,7,8,7.8,1.7,1.6,0.77,0.17,0.16,29,6,6,9684881171,,,,,,,,,,,,,,,,,,,,,Invalid,Invalid,,,,,,,,,,,,,,,,,Screen Recording,Screen Recording Recording38.mp4,1920,1080,0,0,960,540,EyesNotFound,112,1002,,,,,,,,,,,,,,,
276340560,1120609545463,Eye Tracker,LipReading,08/25/2025,Chenmingjie,Recording38,07/01/2025,07/01/2025,16:47:15.576,08:47:15.576,803474,Timeline1,Tobii I-VT (Fixation),1.241.54219,1080,1920,10.0,14.5,1.9,2.3,1.39,0.18,0.21,53,7,8,7.8,1.7,1.6,0.77,0.17,0.16,29,6,6,9684885172,,,,,,,,,,,,,,,,,,,,,Invalid,Invalid,,,,,,,,,,,,,,,,,Screen Recording,Screen Recording Recording38.mp4,1920,1080,0,0,960,540,EyesNotFound,112,1002,,,,,,,,,,,,,,,
276344559,1120609549462,Eye Tracker,LipReading,08/25/2025,Chenmingjie,Recording38,07/01/2025,07/01/2025,16:47:15.576,08:47:15.576,803474,Timeline1,Tobii I-VT (Fixation),1.241.54219,1080,1920,10.0,14.5,1.9,2.3,1.39,0.18,0.21,53,7,8,7.8,1.7,1.6,0.77,0.17,0.16,29,6,6,9684889171,,,,,,,,,,,,,,,,,,,,,Invalid,Invalid,,,,,,,,,,,,,,,,,Screen Recording,Screen Recording Recording38.mp4,1920,1080,0,0,960,540,EyesNotFound,112,1002,,,,,,,,,,,,,,,
276348560,1120609553463,Eye Tracker,LipReading,08/25/2025,Chenmingjie,Recording38,07/01/2025,07/01/2025,16:47:15.576,08:47:15.576,803474,Timeline1,Tobii I-VT (Fixation),1.241.54219,1080,1920,10.0,14.5,1.9,2.3,1.39,0.18,0.21,53,7,8,7.8,1.7,1.6,0.77,0.17,0.16,29,6,6,9684893172,,,,,,,,,,,,,,,,,,,,,Invalid,Invalid,,,,,,,,,,,,,,,,,Screen Recording,Screen Recording Recording38.mp4,1920,1080,0,0,960,540,EyesNotFound,112,1002,,,,,,,,,,,,,,,
276352560,1120609557463,Eye Tracker,LipReading,08/25/2025,Chenmingjie,Recording38,07/01/2025,07/01/2025,16:47:15.576,08:47:15.576,803474,Timeline1,Tobii I-VT (Fixation),1.241.54219,1080,1920,10.0,14.5,1.9,2.3,1.39,0.18,0.21,53,7,8,7.8,1.7,1.6,0.77,0.17,0.16,29,6,6,9684897172,,,,,,,,,,,,,,,,,,,,,Invalid,Invalid,,,,,,,,,,,,,,,,,Screen Recording,Screen Recording Recording38.mp4,1920,1080,0,0,960,540,EyesNotFound,112,1002,,,,,,,,,,,,,,,
276356561,1120609561464,Eye Tracker,LipReading,08/25/2025,Chenmingjie,Recording38,07/01/2025,07/01/2025,16:47:15.576,08:47:15.576,803474,Timeline1,Tobii I-VT (Fixation),1.241.54219,1080,1920,10.0,14.5,1.9,2.3,1.39,0.18,0.21,53,7,8,7.8,1.7,1.6,0.77,0.17,0.16,29,6,6,9684901173,,,,,,,,,,,,,,,,,,,,,Invalid,Invalid,,,,,,,,,,,,,,,,,Screen Recording,Screen Recording Recording38.mp4,1920,1080,0,0,960,540,EyesNotFound,112,1002,,,,,,,,,,,,,,,
276360560,1120609565463,Eye Tracker,LipReading,08/25/2025,Chenmingjie,Recording38,07/01/2025,07/01/2025,16:47:15.576,08:47:15.576,803474,Timeline1,Tobii I-VT (Fixation),1.241.54219,1080,1920,10.0,14.5,1.9,2.3,1.39,0.18,0.21,53,7,8,7.8,1.7,1.6,0.77,0.17,0.16,29,6,6,9684905172,,,,,,,,,,,,,,,,,,,,,Invalid,Invalid,,,,,,,,,,,,,,,,,Screen Recording,Screen Recording Recording38.mp4,1920,1080,0,0,960,540,EyesNotFound,112,1002,,,,,,,,,,,,,,,
276364561,1120609569464,Eye Tracker,LipReading,08/25/2025,Chenmingjie,Recording38,07/01/2025,07/01/2025,16:47:15.576,08:47:15.576,803474,Timeline1,Tobii I-VT (Fixation),1.241.54219,1080,1920,10.0,14.5,1.9,2.3,1.39,0.18,0.21,53,7,8,7.8,1.7,1.6,0.77,0.17,0.16,29,6,6,9684909173,,,,,,,,,,,,,,,,,,,,,Invalid,Invalid,,,,,,,,,,,,,,,,,Screen Recording,Screen Recording Recording38.mp4,1920,1080,0,0,960,540,EyesNotFound,112,1002,,,,,,,,,,,,,,,
276368560,1120609573463,Eye Tracker,LipReading,08/25/2025,Chenmingjie,Recording38,07/01/2025,07/01/2025,16:47:15.576,08:47:15.576,803474,Timeline1,Tobii I-VT (Fixation),1.241.54219,1080,1920,10.0,14.5,1.9,2.3,1.39,0.18,0.21,53,7,8,7.8,1.7,1.6,0.77,0.17,0.16,29,6,6,9684913172,,,,,,,,,,,,,,,,,,,,,Invalid,Invalid,,,,,,,,,,,,,,,,,Screen Recording,Screen Recording Recording38.mp4,1920,1080,0,0,960,540,EyesNotFound,112,1002,,,,,,,,,,,,,,,
276372560,1120609577463,Eye Tracker,LipReading,08/25/2025,Chenmingjie,Recording38,07/01/2025,07/01/2025,16:47:15.576,08:47:15.576,803474,Timeline1,Tobii I-VT (Fixation),1.241.54219,1080,1920,10.0,14.5,1.9,2.3,1.39,0.18,0.21,53,7,8,7.8,1.7,1.6,0.77,0.17,0.16,29,6,6,9684917172,,,,,,,,,,,,,,,,,,,,,Invalid,Invalid,,,,,,,,,,,,,,,,,Screen Recording,Screen Recording Recording38.mp4,1920,1080,0,0,960,540,EyesNotFound,112,1002,,,,,,,,,,,,,,,
276376560,1120609581463,Eye Tracker,LipReading,08/25/2025,Chenmingjie,Recording38,07/01/2025,07/01/2025,16:47:15.576,08:47:15.576,803474,Timeline1,Tobii I-VT (Fixation),1.241.54219,1080,1920,10.0,14.5,1.9,2.3,1.39,0.18,0.21,53,7,8,7.8,1.7,1.6,0.77,0.17,0.16,29,6,6,9684921172,,,,,,,,,,,,,,,,,,,,,Invalid,Invalid,,,,,,,,,,,,,,,,,Screen Recording,Screen Recording Recording38.mp4,1920,1080,0,0,960,540,EyesNotFound,112,1002,,,,,,,,,,,,,,,
276380561,1120609585464,Eye Tracker,LipReading,08/25/2025,Chenmingjie,Recording38,07/01/2025,07/01/2025,16:47:15.576,08:47:15.576,803474,Timeline1,Tobii I-VT (Fixation),1.241.54219,1080,1920,10.0,14.5,1.9,2.3,1.39,0.18,0.21,53,7,8,7.8,1.7,1.6,0.77,0.17,0.16,29,6,6,9684925173,,,,,,,,,,,,,,,,,,,,,Invalid,Invalid,,,,,,,,,,,,,,,,,Screen Recording,Screen Recording Recording38.mp4,1920,1080,0,0,960,540,EyesNotFound,112,1002,,,,,,,,,,,,,,,
276384559,1120609589462,Eye Tracker,LipReading,08/25/2025,Chenmingjie,Recording38,07/01/2025,07/01/2025,16:47:15.576,08:47:15.576,803474,Timeline1,Tobii I-VT (Fixation),1.241.54219,1080,1920,10.0,14.5,1.9,2.3,1.39,0.18,0.21,53,7,8,7.8,1.7,1.6,0.77,0.17,0.16,29,6,6,9684929172,,,,,,,,,,,,,,,,,,,,,Invalid,Invalid,,,,,,,,,,,,,,,,,Screen Recording,Screen Recording Recording38.mp4,1920,1080,0,0,960,540,EyesNotFound,112,1002,,,,,,,,,,,,,,,
276388560,1120609593463,Eye Tracker,LipReading,08/25/2025,Chenmingjie,Recording38,07/01/2025,07/01/2025,16:47:15.576,08:47:15.576,803474,Timeline1,Tobii I-VT (Fixation),1.241.54219,1080,1920,10.0,14.5,1.9,2.3,1.39,0.18,0.21,53,7,8,7.8,1.7,1.6,0.77,0.17,0.16,29,6,6,9684933173,,,,,,,,,,,,,,,,,,,,,Invalid,Invalid,,,,,,,,,,,,,,,,,Screen Recording,Screen Recording Recording38.mp4,1920,1080,0,0,960,540,EyesNotFound,112,1002,,,,,,,,,,,,,,,
276392560,1120609597463,Eye Tracker,LipReading,08/25/2025,Chenmingjie,Recording38,07/01/2025,07/01/2025,16:47:15.576,08:47:15.576,803474,Timeline1,Tobii I-VT (Fixation),1.241.54219,1080,1920,10.0,14.5,1.9,2.3,1.39,0.18,0.21,53,7,8,7.8,1.7,1.6,0.77,0.17,0.16,29,6,6,9684937173,,,,,,,,,,,,,,,,,,,,,Invalid,Invalid,,,,,,,,,,,,,,,,,Screen Recording,Screen Recording Recording38.mp4,1920,1080,0,0,960,540,EyesNotFound,112,1002,,,,,,,,,,,,,,,
276396560,1120609601463,Eye Tracker,LipReading,08/25/2025,Chenmingjie,Recording38,07/01/2025,07/01/2025,16:47:15.576,08:47:15.576,803474,Timeline1,Tobii I-VT (Fixation),1.241.54219,1080,1920,10.0,14.5,1.9,2.3,1.39,0.18,0.21,53,7,8,7.8,1.7,1.6,0.77,0.17,0.16,29,6,6,9684941173,,,,,,,,,,,,,,,,,,,,,Invalid,Invalid,,,,,,,,,,,,,,,,,Screen Recording,Screen Recording Recording38.mp4,1920,1080,0,0,960,540,EyesNotFound,112,1002,,,,,,,,,,,,,,,
276400559,1120609605462,Eye Tracker,LipReading,08/25/2025,Chenmingjie,Recording38,07/01/2025,07/01/2025,16:47:15.576,08:47:15.576,803474,Timeline1,Tobii I-VT (Fixation),1.241.54219,1080,1920,10.0,14.5,1.9,2.3,1.39,0.18,0.21,53,7,8,7.8,1.7,1.6,0.77,0.17,0.16,29,6,6,9684945172,,,,,,,,,,,,,,,,,,,,,Invalid,Invalid,,,,,,,,,,,,,,,,,Screen Recording,Screen Recording Recording38.mp4,1920,1080,0,0,960,540,EyesNotFound,112,1002,,,,,,,,,,,,,,,
276404560,1120609609463,Eye Tracker,LipReading,08/25/2025,Chenmingjie,Recording38,07/01/2025,07/01/2025,16:47:15.576,08:47:15.576,803474,Timeline1,Tobii I-VT (Fixation),1.241.54219,1080,1920,10.0,14.5,1.9,2.3,1.39,0.18,0.21,53,7,8,7.8,1.7,1.6,0.77,0.17,0.16,29,6,6,9684949173,,,,,,,,,,,,,,,,,,,,,Invalid,Invalid,,,,,,,,,,,,,,,,,Screen Recording,Screen Recording Recording38.mp4,1920,1080,0,0,960,540,EyesNotFound,112,1002,,,,,,,,,,,,,,,
276408559,1120609613462,Eye Tracker,LipReading,08/25/2025,Chenmingjie,Recording38,07/01/2025,07/01/2025,16:47:15.576,08:47:15.576,803474,Timeline1,Tobii I-VT (Fixation),1.241.54219,1080,1920,10.0,14.5,1.9,2.3,1.39,0.18,0.21,53,7,8,7.8,1.7,1.6,0.77,0.17,0.16,29,6,6,9684953172,,,,,,,,,,,,,,,,,,,,,Invalid,Invalid,,,,,,,,,,,,,,,,,Screen Recording,Screen Recording Recording38.mp4,1920,1080,0,0,960,540,EyesNotFound,112,1002,,,,,,,,,,,,,,,
276412559,1120609617462,Eye Tracker,LipReading,08/25/2025,Chenmingjie,Recording38,07/01/2025,07/01/2025,16:47:15.576,08:47:15.576,803474,Timeline1,Tobii I-VT (Fixation),1.241.54219,1080,1920,10.0,14.5,1.9,2.3,1.39,0.18,0.21,53,7,8,7.8,1.7,1.6,0.77,0.17,0.16,29,6,6,9684957172,,,961,1235,,,961,1235,,,,-0.04005,0.44434,-0.89496,,1.23,1.23,,,,Invalid,Valid,,,,285.3,89.8,500.0,,,262.9,338.0,,,,,,,Screen Recording,Screen Recording Recording38.mp4,1920,1080,0,0,960,540,Saccade,28,1335,,,,,,,,,,,,,,,
276416559,1120609621462,Eye Tracker,LipReading,08/25/2025,Chenmingjie,Recording38,07/01/2025,07/01/2025,16:47:15.576,08:47:15.576,803474,Timeline1,Tobii I-VT (Fixation),1.241.54219,1080,1920,10.0,14.5,1.9,2.3,1.39,0.18,0.21,53,7,8,7.8,1.7,1.6,0.77,0.17,0.16,29,6,6,9684961172,,,985,1261,980,1310,990,1212,0.08064,0.4692,-0.8794,-0.02602,0.4355,-0.89981,1.534,1.37,1.452,,,,Valid,Valid,222.3,91.4,500.6,285.3,89.7,500.2,268.2,358.5,270.8,331.8,,,,,,,Screen Recording,Screen Recording Recording38.mp4,1920,1080,0,0,960,540,Saccade,28,1335,,,,,,,,,,,,,,,
276420558,1120609625461,Eye Tracker,LipReading,08/25/2025,Chenmingjie,Recording38,07/01/2025,07/01/2025,16:47:15.576,08:47:15.576,803474,Timeline1,Tobii I-VT (Fixation),1.241.54219,1080,1920,10.0,14.5,1.9,2.3,1.39,0.18,0.21,53,7,8,7.8,1.7,1.6,0.77,0.17,0.16,29,6,6,9684965171,,,963,1180,,,963,1180,,,,-0.03952,0.42237,-0.90556,,1.472,1.756,,,,Invalid,Valid,,,,285.3,89.8,500.1,,,263.5,323.0,,,,,,,Screen Recording,Screen Recording Recording38.mp4,1920,1080,0,0,960,540,Saccade,28,1335,,,,,,,,,,,,,,,
276424557,1120609629460,Eye Tracker,LipReading,08/25/2025,Chenmingjie,Recording38,07/01/2025,07/01/2025,16:47:15.576,08:47:15.576,803474,Timeline1,Tobii I-VT (Fixation),1.241.54219,1080,1920,10.0,14.5,1.9,2.3,1.39,0.18,0.21,53,7,8,7.8,1.7,1.6,0.77,0.17,0.16,29,6,6,9684969170,,,1108,1101,1235,1041,981,1161,0.21091,0.35247,-0.91175,-0.03046,0.41455,-0.90951,2.549,1.61,1.826,,,,Valid,Valid,222.2,91.2,500.9,285.3,89.9,499.7,338.1,284.9,268.6,317.7,,,0.6434,0.9638,,,Screen Recording,Screen Recording Recording38.mp4,1920,1080,0,0,960,540,Saccade,28,1335,,,,,,,,,,,,,,,
276428558,1120609633461,Eye Tracker,LipReading,08/25/2025,Chenmingjie,Recording38,07/01/2025,07/01/2025,16:47:15.576,08:47:15.576,803474,Timeline1,Tobii I-VT (Fixation),1.241.54219,1080,1920,10.0,14.5,1.9,2.3,1.39,0.18,0.21,53,7,8,7.8,1.7,1.6,0.77,0.17,0.16,29,6,6,9684973171,,,1142,1194,1302,1219,982,1169,0.23455,0.42336,-0.87507,-0.03009,0.41798,-0.90796,2.031,1.614,1.827,,,,Valid,Valid,222.1,91.5,500.2,285.3,89.8,500.0,356.2,333.5,268.7,320.0,,,,,,,Screen Recording,Screen Recording Recording38.mp4,1920,1080,0,0,960,540,Saccade,28,1335,,,,,,,,,,,,,,,
276432558,1120609637461,Eye Tracker,LipReading,08/25/2025,Chenmingjie,Recording38,07/01/2025,07/01/2025,16:47:15.576,08:47:15.576,803474,Timeline1,Tobii I-VT (Fixation),1.241.54219,1080,1920,10.0,14.5,1.9,2.3,1.39,0.18,0.21,53,7,8,7.8,1.7,1.6,0.77,0.17,0.16,29,6,6,9684977171,,,981,1155,1080,1222,883,1088,0.13048,0.43301,-0.8919,-0.08057,0.38255,-0.92041,2.114,1.618,1.866,,,,Valid,Valid,222.2,91.4,500.6,285.3,89.9,499.9,295.5,334.4,241.5,297.7,,,,,,,Screen Recording,Screen Recording Recording38.mp4,1920,1080,0,0,960,540,Saccade,28,1335,,,,,,,,,,,,,,,
276436557,1120609641460,Eye Tracker,LipReading,08/25/2025,Chenmingjie,Recording38,07/01/2025,07/01/2025,16:47:15.576,08:47:15.576,803474,Timeline1,Tobii I-VT (Fixation),1.241.54219,1080,1920,10.0,14.5,1.9,2.3,1.39,0.18,0.21,53,7,8,7.8,1.7,1.6,0.77,0.17,0.16,29,6,6,9684981171,,,1017,1129,1130,1186,905,1072,0.15562,0.4169,-0.89553,-0.06969,0.37614,-0.92394,2.013,1.705,1.909,,,,Valid,Valid,222.2,91.4,500.6,285.3,89.9,499.9,309.2,324.5,247.6,293.4,,,,,0.4712,0.9927,Screen Recording,Screen Recording Recording38.mp4,1920,1080,0,0,960,540,Saccade,28,1335,,,,,,,,,,,,,,,
276440556,1120609645459,Eye Tracker,LipReading,08/25/2025,Chenmingjie,Recording38,07/01/2025,07/01/2025,16:47:15.576,08:47:15.576,803474,Timeline1,Tobii I-VT (Fixation),1.241.54219,1080,1920,10.0,14.5,1.9,2.3,1.39,0.18,0.21,53,7,8,7.8,1.7,1.6,0.77,0.17,0.16,29,6,6,9684985170,,,,,,,,,,,,,,,,,1.961,,,,Invalid,Invalid,,,,,,,,,,,,,,,,,Screen Recording,Screen Recording Recording38.mp4,1920,1080,0,0,960,540,EyesNotFound,4,1003,,,,,,,,,,,,,,,
276444557,1120609649460,Eye Tracker,LipReading,08/25/2025,Chenmingjie,Recording38,07/01/2025,07/01/2025,16:47:15.576,08:47:15.576,803474,Timeline1,Tobii I-VT (Fixation),1.241.54219,1080,1920,10.0,14.5,1.9,2.3,1.39,0.18,0.21,53,7,8,7.8,1.7,1.6,0.77,0.17,0.16,29,6,6,9684989171,,,914,1063,,,914,1063,,,,-0.06496,0.3722,-0.92588,,1.837,2.063,,,,Invalid,Valid,,,,285.3,89.9,499.8,,,250.2,290.9,0.4762,0.9841,,,0.4762,0.9841,Screen Recording,Screen Recording Recording38.mp4,1920,1080,0,0,960,540,Unclassified,16,1424,,,,,,,,,,,,,,,
276448557,1120609653460,Eye Tracker,LipReading,08/25/2025,Chenmingjie,Recording38,07/01/2025,07/01/2025,16:47:15.576,08:47:15.576,803474,Timeline1,Tobii I-VT (Fixation),1.241.54219,1080,1920,10.0,14.5,1.9,2.3,1.39,0.18,0.21,53,7,8,7.8,1.7,1.6,0.77,0.17,0.16,29,6,6,9684993171,,,1049,1096,1166,1125,933,1067,0.17464,0.3906,-0.90384,-0.05531,0.37429,-0.92566,2.426,1.931,2.179,,,,Valid,Valid,222.3,91.4,500.7,285.3,89.9,499.9,319.0,307.8,255.4,292.0,,,,,0.4861,0.9881,Screen Recording,Screen Recording Recording38.mp4,1920,1080,0,0,960,540,Unclassified,16,1424,,,,,,,,,,,,,,,
276452557,1120609657460,Eye Tracker,LipReading,08/25/2025,Chenmingjie,Recording38,07/01/2025,07/01/2025,16:47:15.576,08:47:15.576,803474,Timeline1,Tobii I-VT (Fixation),1.241.54219,1080,1920,10.0,14.5,1.9,2.3,1.39,0.18,0.21,53,7,8,7.8,1.7,1.6,0.77,0.17,0.16,29,6,6,9684997171,,,1033,1099,1103,1147,962,1051,0.14377,0.40207,-0.90425,-0.04081,0.36765,-0.92907,2.571,2.007,2.289,,,,Valid,Valid,222.2,91.3,500.9,285.3,90.0,499.8,301.9,314.0,263.3,287.7,,,,,0.5011,0.9735,Screen Recording,Screen Recording Recording38.mp4,1920,1080,0,0,960,540,Unclassified,16,1424,,,,,,,,,,,,,,,
276456557,1120609661460,Eye Tracker,LipReading,08/25/2025,Chenmingjie,Recording38,07/01/2025,07/01/2025,16:47:15.576,08:47:15.576,803474,Timeline1,Tobii I-VT (Fixation),1.241.54219,1080,1920,10.0,14.5,1.9,2.3,1.39,0.18,0.21,53,7,8,7.8,1.7,1.6,0.77,0.17,0.16,29,6,6,9685001171,,,957,1025,,,957,1025,,,,-0.0436,0.35606,-0.93344,,2.057,2.325,,,,Invalid,Valid,,,,285.3,89.9,499.8,,,261.9,280.6,0.4985,0.9494,,,0.4985,0.9494,Screen Recording,Screen Recording Recording38.mp4,1920,1080,0,0,960,540,Unclassified,16,1424,,,,,,,,,,,,,,,
276460557,1120609665460,Eye Tracker,LipReading,08/25/2025,Chenmingjie,Recording38,07/01/2025,07/01/2025,16:47:15.576,08:47:15.576,803474,Timeline1,Tobii I-VT (Fixation),1.241.54219,1080,1920,10.0,14.5,1.9,2.3,1.39,0.18,0.21,53,7,8,7.8,1.7,1.6,0.77,0.17,0.16,29,6,6,9685005171,,,,,,,,,,,,,,,,,2.37,,,,Invalid,Invalid,,,,,,,,,,,,,,,,,Screen Recording,Screen Recording Recording38.mp4,1920,1080,0,0,960,540,EyesNotFound,8,1004,,,,,,,,,,,,,,,
276464557,1120609669460,Eye Tracker,LipReading,08/25/2025,Chenmingjie,Recording38,07/01/2025,07/01/2025,16:47:15.576,08:47:15.576,803474,Timeline1,Tobii I-VT (Fixation),1.241.54219,1080,1920,10.0,14.5,1.9,2.3,1.39,0.18,0.21,53,7,8,7.8,1.7,1.6,0.77,0.17,0.16,29,6,6,9685009171,,,,,,,,,,,,,,,,,2.415,,,,Invalid,Invalid,,,,,,,,,,,,,,,,,Screen Recording,Screen Recording Recording38.mp4,1920,1080,0,0,960,540,EyesNotFound,8,1004,,,,,,,,,,,,,,,
276468557,1120609673460,Eye Tracker,LipReading,08/25/2025,Chenmingjie,Recording38,07/01/2025,07/01/2025,16:47:15.576,08:47:15.576,803474,Timeline1,Tobii I-VT (Fixation),1.241.54219,1080,1920,10.0,14.5,1.9,2.3,1.39,0.18,0.21,53,7,8,7.8,1.7,1.6,0.77,0.17,0.16,29,6,6,9685013171,,,992,1041,1043,1087,941,996,0.11601,0.37786,-0.91857,-0.05206,0.34282,-0.93796,2.66,2.262,2.461,,,,Valid,Valid,222.2,91.5,500.5,285.2,90.0,499.8,285.4,297.4,257.5,272.7,0.5167,0.9643,,,0.4901,0.9225,Screen Recording,Screen Recording Recording38.mp4,1920,1080,0,0,960,540,Unclassified,4,1425,,,,,,,,,,,,,,,
276472557,1120609677460,Eye Tracker,LipReading,08/25/2025,Chenmingjie,Recording38,07/01/2025,07/01/2025,16:47:15.576,08:47:15.576,803474,Timeline1,Tobii I-VT (Fixation),1.241.54219,1080,1920,10.0,14.5,1.9,2.3,1.39,0.18,0.21,53,7,8,7.8,1.7,1.6,0.77,0.17,0.16,29,6,6,9685017171,,,,,,,,,,,,,,,,,2.309,,,,Invalid,Invalid,,,,,,,,,,,,,,,,,Screen Recording,Screen Recording Recording38.mp4,1920,1080,0,0,960,540,EyesNotFound,60,1005,,,,,,,,,,,,,,,
276476557,1120609681460,Eye Tracker,LipReading,08/25/2025,Chenmingjie,Recording38,07/01/2025,07/01/2025,16:47:15.576,08:47:15.576,803474,Timeline1,Tobii I-VT (Fixation),1.241.54219,1080,1920,10.0,14.5,1.9,2.3,1.39,0.18,0.21,53,7,8,7.8,1.7,1.6,0.77,0.17,0.16,29,6,6,9685021171,,,,,,,,,,,,,,,,,2.357,,,,Invalid,Invalid,,,,,,,,,,,,,,,,,Screen Recording,Screen Recording Recording38.mp4,1920,1080,0,0,960,540,EyesNotFound,60,1005,,,,,,,,,,,,,,,
276480557,1120609685460,Eye Tracker,LipReading,08/25/2025,Chenmingjie,Recording38,07/01/2025,07/01/2025,16:47:15.576,08:47:15.576,803474,Timeline1,Tobii I-VT (Fixation),1.241.54219,1080,1920,10.0,14.5,1.9,2.3,1.39,0.18,0.21,53,7,8,7.8,1.7,1.6,0.77,0.17,0.16,29,6,6,9685025171,,,,,,,,,,,,,,,,,2.405,,,,Invalid,Invalid,,,,,,,,,,,,,,,,,Screen Recording,Screen Recording Recording38.mp4,1920,1080,0,0,960,540,EyesNotFound,60,1005,,,,,,,,,,,,,,,
276484556,1120609689459,Eye Tracker,LipReading,08/25/2025,Chenmingjie,Recording38,07/01/2025,07/01/2025,16:47:15.576,08:47:15.576,803474,Timeline1,Tobii I-VT (Fixation),1.241.54219,1080,1920,10.0,14.5,1.9,2.3,1.39,0.18,0.21,53,7,8,7.8,1.7,1.6,0.77,0.17,0.16,29,6,6,9685029170,,,,,,,,,,,,,,,,,2.453,,,,Invalid,Invalid,,,,,,,,,,,,,,,,,Screen Recording,Screen Recording Recording38.mp4,1920,1080,0,0,960,540,EyesNotFound,60,1005,,,,,,,,,,,,,,,
276488553,1120609693456,Eye Tracker,LipReading,08/25/2025,Chenmingjie,Recording38,07/01/2025,07/01/2025,16:47:15.576,08:47:15.576,803474,Timeline1,Tobii I-VT (Fixation),1.241.54219,1080,1920,10.0,14.5,1.9,2.3,1.39,0.18,0.21,53,7,8,7.8,1.7,1.6,0.77,0.17,0.16,29,6,6,9685033167,,,,,,,,,,,,,,,,,2.5,,,,Invalid,Invalid,,,,,,,,,,,,,,,,,Screen Recording,Screen Recording Recording38.mp4,1920,1080,0,0,960,540,EyesNotFound,60,1005,,,,,,,,,,,,,,,
276492552,1120609697455,Eye Tracker,LipReading,08/25/2025,Chenmingjie,Recording38,07/01/2025,07/01/2025,16:47:15.576,08:47:15.576,803474,Timeline1,Tobii I-VT (Fixation),1.241.54219,1080,1920,10.0,14.5,1.9,2.3,1.39,0.18,0.21,53,7,8,7.8,1.7,1.6,0.77,0.17,0.16,29,6,6,9685037166,,,,,,,,,,,,,,,,,2.548,,,,Invalid,Invalid,,,,,,,,,,,,,,,,,Screen Recording,Screen Recording Recording38.mp4,1920,1080,0,0,960,540,EyesNotFound,60,1005,,,,,,,,,,,,,,,
276496552,1120609701455,Eye Tracker,LipReading,08/25/2025,Chenmingjie,Recording38,07/01/2025,07/01/2025,16:47:15.576,08:47:15.576,803474,Timeline1,Tobii I-VT (Fixation),1.241.54219,1080,1920,10.0,14.5,1.9,2.3,1.39,0.18,0.21,53,7,8,7.8,1.7,1.6,0.77,0.17,0.16,29,6,6,9685041166,,,,,,,,,,,,,,,,,2.596,,,,Invalid,Invalid,,,,,,,,,,,,,,,,,Screen Recording,Screen Recording Recording38.mp4,1920,1080,0,0,960,540,EyesNotFound,60,1005,,,,,,,,,,,,,,,
276500551,1120609705454,Eye Tracker,LipReading,08/25/2025,Chenmingjie,Recording38,07/01/2025,07/01/2025,16:47:15.576,08:47:15.576,803474,Timeline1,Tobii I-VT (Fixation),1.241.54219,1080,1920,10.0,14.5,1.9,2.3,1.39,0.18,0.21,53,7,8,7.8,1.7,1.6,0.77,0.17,0.16,29,6,6,9685045166,,,,,,,,,,,,,,,,,2.644,,,,Invalid,Invalid,,,,,,,,,,,,,,,,,Screen Recording,Screen Recording Recording38.mp4,1920,1080,0,0,960,540,EyesNotFound,60,1005,,,,,,,,,,,,,,,
276504551,1120609709454,Eye Tracker,LipReading,08/25/2025,Chenmingjie,Recording38,07/01/2025,07/01/2025,16:47:15.576,08:47:15.576,803474,Timeline1,Tobii I-VT (Fixation),1.241.54219,1080,1920,10.0,14.5,1.9,2.3,1.39,0.18,0.21,53,7,8,7.8,1.7,1.6,0.77,0.17,0.16,29,6,6,9685049166,,,,,,,,,,,,,,,,,2.691,,,,Invalid,Invalid,,,,,,,,,,,,,,,,,Screen Recording,Screen Recording Recording38.mp4,1920,1080,0,0,960,540,EyesNotFound,60,1005,,,,,,,,,,,,,,,
276508552,1120609713455,Eye Tracker,LipReading,08/25/2025,Chenmingjie,Recording38,07/01/2025,07/01/2025,16:47:15.576,08:47:15.576,803474,Timeline1,Tobii I-VT (Fixation),1.241.54219,1080,1920,10.0,14.5,1.9,2.3,1.39,0.18,0.21,53,7,8,7.8,1.7,1.6,0.77,0.17,0.16,29,6,6,9685053167,,,,,,,,,,,,,,,,,2.739,,,,Invalid,Invalid,,,,,,,,,,,,,,,,,Screen Recording,Screen Recording Recording38.mp4,1920,1080,0,0,960,540,EyesNotFound,60,1005,,,,,,,,,,,,,,,
276512552,1120609717455,Eye Tracker,LipReading,08/25/2025,Chenmingjie,Recording38,07/01/2025,07/01/2025,16:47:15.576,08:47:15.576,803474,Timeline1,Tobii I-VT (Fixation),1.241.54219,1080,1920,10.0,14.5,1.9,2.3,1.39,0.18,0.21,53,7,8,7.8,1.7,1.6,0.77,0.17,0.16,29,6,6,9685057167,,,,,,,,,,,,,,,,,2.787,,,,Invalid,Invalid,,,,,,,,,,,,,,,,,Screen Recording,Screen Recording Recording38.mp4,1920,1080,0,0,960,540,EyesNotFound,60,1005,,,,,,,,,,,,,,,
276516552,1120609721455,Eye Tracker,LipReading,08/25/2025,Chenmingjie,Recording38,07/01/2025,07/01/2025,16:47:15.576,08:47:15.576,803474,Timeline1,Tobii I-VT (Fixation),1.241.54219,1080,1920,10.0,14.5,1.9,2.3,1.39,0.18,0.21,53,7,8,7.8,1.7,1.6,0.77,0.17,0.16,29,6,6,9685061167,,,,,,,,,,,,,,,,,2.835,,,,Invalid,Invalid,,,,,,,,,,,,,,,,,Screen Recording,Screen Recording Recording38.mp4,1920,1080,0,0,960,540,EyesNotFound,60,1005,,,,,,,,,,,,,,,
276520552,1120609725455,Eye Tracker,LipReading,08/25/2025,Chenmingjie,Recording38,07/01/2025,07/01/2025,16:47:15.576,08:47:15.576,803474,Timeline1,Tobii I-VT (Fixation),1.241.54219,1080,1920,10.0,14.5,1.9,2.3,1.39,0.18,0.21,53,7,8,7.8,1.7,1.6,0.77,0.17,0.16,29,6,6,9685065167,,,,,,,,,,,,,,,,,2.882,,,,Invalid,Invalid,,,,,,,,,,,,,,,,,Screen Recording,Screen Recording Recording38.mp4,1920,1080,0,0,960,540,EyesNotFound,60,1005,,,,,,,,,,,,,,,
276524552,1120609729455,Eye Tracker,LipReading,08/25/2025,Chenmingjie,Recording38,07/01/2025,07/01/2025,16:47:15.576,08:47:15.576,803474,Timeline1,Tobii I-VT (Fixation),1.241.54219,1080,1920,10.0,14.5,1.9,2.3,1.39,0.18,0.21,53,7,8,7.8,1.7,1.6,0.77,0.17,0.16,29,6,6,9685069167,,,,,,,,,,,,,,,,,2.93,,,,Invalid,Invalid,,,,,,,,,,,,,,,,,Screen Recording,Screen Recording Recording38.mp4,1920,1080,0,0,960,540,EyesNotFound,60,1005,,,,,,,,,,,,,,,
276528551,1120609733454,Eye Tracker,LipReading,08/25/2025,Chenmingjie,Recording38,07/01/2025,07/01/2025,16:47:15.576,08:47:15.576,803474,Timeline1,Tobii I-VT (Fixation),1.241.54219,1080,1920,10.0,14.5,1.9,2.3,1.39,0.18,0.21,53,7,8,7.8,1.7,1.6,0.77,0.17,0.16,29,6,6,9685073166,,,,,,,,,,,,,,,,,2.978,,,,Invalid,Invalid,,,,,,,,,,,,,,,,,Screen Recording,Screen Recording Recording38.mp4,1920,1080,0,0,960,540,EyesNotFound,60,1005,,,,,,,,,,,,,,,
276532552,1120609737455,Eye Tracker,LipReading,08/25/2025,Chenmingjie,Recording38,07/01/2025,07/01/2025,16:47:15.576,08:47:15.576,803474,Timeline1,Tobii I-VT (Fixation),1.241.54219,1080,1920,10.0,14.5,1.9,2.3,1.39,0.18,0.21,53,7,8,7.8,1.7,1.6,0.77,0.17,0.16,29,6,6,9685077167,,,850,880,,,850,880,,,,-0.09999,0.28765,-0.9525,,3.026,3.026,,,,Invalid,Valid,,,,285.1,90.0,499.9,,,232.6,240.9,0.4427,0.8152,,,0.4427,0.8152,Screen Recording,Screen Recording Recording38.mp4,1920,1080,0,0,960,540,Unclassified,8,1426,,,,,,,,,,,,,,,
276536551,1120609741454,Eye Tracker,LipReading,08/25/2025,Chenmingjie,Recording38,07/01/2025,07/01/2025,16:47:15.576,08:47:15.576,803474,Timeline1,Tobii I-VT (Fixation),1.241.54219,1080,1920,10.0,14.5,1.9,2.3,1.39,0.18,0.21,53,7,8,7.8,1.7,1.6,0.77,0.17,0.16,29,6,6,9685081166,,,867,875,,,867,875,,,,-0.09143,0.2853,-0.95407,,3.1,3.1,,,,Invalid,Valid,,,,285.1,90.0,499.9,,,237.2,239.5,0.4514,0.8102,,,0.4514,0.8102,Screen Recording,Screen Recording Recording38.mp4,1920,1080,0,0,960,540,Unclassified,8,1426,,,,,,,,,,,,,,,
276540552,1120609745455,Eye Tracker,LipReading,08/25/2025,Chenmingjie,Recording38,07/01/2025,07/01/2025,16:47:15.576,08:47:15.576,803474,Timeline1,Tobii I-VT (Fixation),1.241.54219,1080,1920,10.0,14.5,1.9,2.3,1.39,0.18,0.21,53,7,8,7.8,1.7,1.6,0.77,0.17,0.16,29,6,6,9685085167,,,,,,,,,,,,,,,,,3.18,,,,Invalid,Invalid,,,,,,,,,,,,,,,,,Screen Recording,Screen Recording Recording38.mp4,1920,1080,0,0,960,540,EyesNotFound,12,1006,,,,,,,,,,,,,,,
276544551,1120609749454,Eye Tracker,LipReading,08/25/2025,Chenmingjie,Recording38,07/01/2025,07/01/2025,16:47:15.576,08:47:15.576,803474,Timeline1,Tobii I-VT (Fixation),1.241.54219,1080,1920,10.0,14.5,1.9,2.3,1.39,0.18,0.21,53,7,8,7.8,1.7,1.6,0.77,0.17,0.16,29,6,6,9685089166,,,,,,,,,,,,,,,,,3.261,,,,Invalid,Invalid,,,,,,,,,,,,,,,,,Screen Recording,Screen Recording Recording38.mp4,1920,1080,0,0,960,540,EyesNotFound,12,1006,,,,,,,,,,,,,,,
276548552,1120609753455,Eye Tracker,LipReading,08/25/2025,Chenmingjie,Recording38,07/01/2025,07/01/2025,16:47:15.576,08:47:15.576,803474,Timeline1,Tobii I-VT (Fixation),1.241.54219,1080,1920,10.0,14.5,1.9,2.3,1.39,0.18,0.21,53,7,8,7.8,1.7,1.6,0.77,0.17,0.16,29,6,6,9685093167,,,,,,,,,,,,,,,,,3.342,,,,Invalid,Invalid,,,,,,,,,,,,,,,,,Screen Recording,Screen Recording Recording38.mp4,1920,1080,0,0,960,540,EyesNotFound,12,1006,,,,,,,,,,,,,,,
276552552,1120609757455,Eye Tracker,LipReading,08/25/2025,Chenmingjie,Recording38,07/01/2025,07/01/2025,16:47:15.576,08:47:15.576,803474,Timeline1,Tobii I-VT (Fixation),1.241.54219,1080,1920,10.0,14.5,1.9,2.3,1.39,0.18,0.21,53,7,8,7.8,1.7,1.6,0.77,0.17,0.16,29,6,6,9685097167,,,957,850,,,957,850,,,,-0.04444,0.27392,-0.96073,,3.422,3.422,,,,Invalid,Valid,,,,285.1,90.0,499.9,,,262.0,232.5,0.4985,0.7867,,,0.4985,0.7867,Screen Recording,Screen Recording Recording38.mp4,1920,1080,0,0,960,540,Unclassified,4,1427,,,,,,,,,,,,,,,
276556552,1120609761455,Eye Tracker,LipReading,08/25/2025,Chenmingjie,Recording38,07/01/2025,07/01/2025,16:47:15.576,08:47:15.576,803474,Timeline1,Tobii I-VT (Fixation),1.241.54219,1080,1920,10.0,14.5,1.9,2.3,1.39,0.18,0.21,53,7,8,7.8,1.7,1.6,0.77,0.17,0.16,29,6,6,9685101167,,,,,,,,,,,,,,,,,3.465,,,,Invalid,Invalid,,,,,,,,,,,,,,,,,Screen Recording,Screen Recording Recording38.mp4,1920,1080,0,0,960,540,EyesNotFound,4,1007,,,,,,,,,,,,,,,
276560552,1120609765455,Eye Tracker,LipReading,08/25/2025,Chenmingjie,Recording38,07/01/2025,07/01/2025,16:47:15.576,08:47:15.576,803474,Timeline1,Tobii I-VT (Fixation),1.241.54219,1080,1920,10.0,14.5,1.9,2.3,1.39,0.18,0.21,53,7,8,7.8,1.7,1.6,0.77,0.17,0.16,29,6,6,9685105167,,,959,842,,,959,842,,,,-0.04336,0.27044,-0.96176,,3.509,3.509,,,,Invalid,Valid,,,,285.1,90.0,499.9,,,262.6,230.6,0.4997,0.7801,,,0.4997,0.7801,Screen Recording,Screen Recording Recording38.mp4,1920,1080,0,0,960,540,Saccade,36,1336,,,,,,,,,,,,,,,
276564551,1120609769454,Eye Tracker,LipReading,08/25/2025,Chenmingjie,Recording38,07/01/2025,07/01/2025,16:47:15.576,08:47:15.576,803474,Timeline1,Tobii I-VT (Fixation),1.241.54219,1080,1920,10.0,14.5,1.9,2.3,1.39,0.18,0.21,53,7,8,7.8,1.7,1.6,0.77,0.17,0.16,29,6,6,9685109167,,,959,826,,,959,826,,,,-0.04355,0.26245,-0.96396,,3.553,3.517,,,,Invalid,Valid,,,,285.1,90.0,499.9,,,262.5,226.1,0.4996,0.765,,,0.4996,0.765,Screen Recording,Screen Recording Recording38.mp4,1920,1080,0,0,960,540,Saccade,36,1336,,,,,,,,,,,,,,,
276568551,1120609773454,Eye Tracker,LipReading,08/25/2025,Chenmingjie,Recording38,07/01/2025,07/01/2025,16:47:15.576,08:47:15.576,803474,Timeline1,Tobii I-VT (Fixation),1.241.54219,1080,1920,10.0,14.5,1.9,2.3,1.39,0.18,0.21,53,7,8,7.8,1.7,1.6,0.77,0.17,0.16,29,6,6,9685113167,,,1066,856,1066,856,,,0.13275,0.27166,-0.95319,,,,3.693,,3.605,,,,Valid,Invalid,222.1,91.5,500.7,,,,291.8,234.2,,,0.5554,0.7924,0.5554,0.7924,,,Screen Recording,Screen Recording Recording38.mp4,1920,1080,0,0,960,540,Saccade,36,1336,,,,,,,,,,,,,,,
276572550,1120609777453,Eye Tracker,LipReading,08/25/2025,Chenmingjie,Recording38,07/01/2025,07/01/2025,16:47:15.576,08:47:15.576,803474,Timeline1,Tobii I-VT (Fixation),1.241.54219,1080,1920,10.0,14.5,1.9,2.3,1.39,0.18,0.21,53,7,8,7.8,1.7,1.6,0.77,0.17,0.16,29,6,6,9685117166,,,1083,819,1083,819,,,0.14212,0.25333,-0.95688,,,,3.745,,3.621,,,,Valid,Invalid,222.1,91.5,500.7,,,,296.5,224.1,,,0.5643,0.7581,0.5643,0.7581,,,Screen Recording,Screen Recording Recording38.mp4,1920,1080,0,0,960,540,Saccade,36,1336,,,,,,,,,,,,,,,
276576550,1120609781453,Eye Tracker,LipReading,08/25/2025,Chenmingjie,Recording38,07/01/2025,07/01/2025,16:47:15.576,08:47:15.576,803474,Timeline1,Tobii I-VT (Fixation),1.241.54219,1080,1920,10.0,14.5,1.9,2.3,1.39,0.18,0.21,53,7,8,7.8,1.7,1.6,0.77,0.17,0.16,29,6,6,9685121166,,,1016,831,1082,830,951,831,0.14124,0.25901,-0.95549,-0.04806,0.2646,-0.96316,3.71,3.499,3.621,,,,Valid,Valid,222.1,91.5,500.7,285.1,90.0,499.9,296.1,227.2,260.2,227.3,0.5294,0.769,0.5636,0.7688,0.4952,0.7691,Screen Recording,Screen Recording Recording38.mp4,1920,1080,0,0,960,540,Saccade,36,1336,,,,,,,,,,,,,,,
276580550,1120609785453,Eye Tracker,LipReading,08/25/2025,Chenmingjie,Recording38,07/01/2025,07/01/2025,16:47:15.576,08:47:15.576,803474,Timeline1,Tobii I-VT (Fixation),1.241.54219,1080,1920,10.0,14.5,1.9,2.3,1.39,0.18,0.21,53,7,8,7.8,1.7,1.6,0.77,0.17,0.16,29,6,6,9685125166,,,1078,842,1078,842,,,0.13876,0.26497,-0.95422,,,,3.692,,3.639,,,,Valid,Invalid,222.2,91.5,500.7,,,,295.0,230.5,,,0.5614,0.78,0.5614,0.78,,,Screen Recording,Screen Recording Recording38.mp4,1920,1080,0,0,960,540,Saccade,36,1336,,,,,,,,,,,,,,,
276584550,1120609789453,Eye Tracker,LipReading,08/25/2025,Chenmingjie,Recording38,07/01/2025,07/01/2025,16:47:15.576,08:47:15.576,803474,Timeline1,Tobii I-VT (Fixation),1.241.54219,1080,1920,10.0,14.5,1.9,2.3,1.39,0.18,0.21,53,7,8,7.8,1.7,1.6,0.77,0.17,0.16,29,6,6,9685129166,,,1024,808,1024,808,,,0.1118,0.24924,-0.96197,,,,3.947,,3.668,,,,Valid,Invalid,222.2,91.5,500.8,,,,280.4,221.2,,,0.5336,0.7485,0.5336,0.7485,,,Screen Recording,Screen Recording Recording38.mp4,1920,1080,0,0,960,540,Saccade,36,1336,,,,,,,,,,,,,,,
276588551,1120609793454,Eye Tracker,LipReading,08/25/2025,Chenmingjie,Recording38,07/01/2025,07/01/2025,16:47:15.576,08:47:15.576,803474,Timeline1,Tobii I-VT (Fixation),1.241.54219,1080,1920,10.0,14.5,1.9,2.3,1.39,0.18,0.21,53,7,8,7.8,1.7,1.6,0.77,0.17,0.16,29,6,6,9685133167,,,994,813,1025,806,963,819,0.11201,0.24816,-0.96222,-0.04165,0.25901,-0.96498,3.958,3.6,3.755,,,,Valid,Valid,222.2,91.5,500.8,285.2,90.0,500.0,280.5,220.6,263.6,224.2,0.5177,0.7525,0.5338,0.7465,0.5017,0.7584,Screen Recording,Screen Recording Recording38.mp4,1920,1080,0,0,960,540,Saccade,36,1336,,,,,,,,,,,,,,,
276592550,1120609797453,Eye Tracker,LipReading,08/25/2025,Chenmingjie,Recording38,07/01/2025,07/01/2025,16:47:15.576,08:47:15.576,803474,Timeline1,Tobii I-VT (Fixation),1.241.54219,1080,1920,10.0,14.5,1.9,2.3,1.39,0.18,0.21,53,7,8,7.8,1.7,1.6,0.77,0.17,0.16,29,6,6,9685137166,,,1028,821,1091,826,964,816,0.14578,0.25698,-0.95536,-0.0412,0.25748,-0.9654,3.769,3.59,3.76,,,,Valid,Valid,222.2,91.5,500.8,285.2,89.9,500.0,298.6,226.2,263.9,223.3,0.5352,0.7604,0.5683,0.7652,0.5022,0.7555,Screen Recording,Screen Recording Recording38.mp4,1920,1080,0,0,960,540,Saccade,36,1336,,,,,,,,,,,,,,,
276596551,1120609801454,Eye Tracker,LipReading,08/25/2025,Chenmingjie,Recording38,07/01/2025,07/01/2025,16:47:15.576,08:47:15.576,803474,Timeline1,Tobii I-VT (Fixation),1.241.54219,1080,1920,10.0,14.5,1.9,2.3,1.39,0.18,0.21,53,7,8,7.8,1.7,1.6,0.77,0.17,0.16,29,6,6,9685141167,,,1024,826,1024,826,,,0.11111,0.25779,-0.95979,,,,3.921,,3.753,,,,Valid,Invalid,222.2,91.5,500.8,,,,280.2,226.0,,,0.5332,0.7646,0.5332,0.7646,,,Screen Recording,Screen Recording Recording38.mp4,1920,1080,0,0,960,540,Unclassified,8,1428,,,,,,,,,,,,,,,
276600551,1120609805454,Eye Tracker,LipReading,08/25/2025,Chenmingjie,Recording38,07/01/2025,07/01/2025,16:47:15.576,08:47:15.576,803474,Timeline1,Tobii I-VT (Fixation),1.241.54219,1080,1920,10.0,14.5,1.9,2.3,1.39,0.18,0.21,53,7,8,7.8,1.7,1.6,0.77,0.17,0.16,29,6,6,9685145167,,,1046,810,1046,810,,,0.1227,0.24984,-0.96048,,,,3.885,,3.752,,,,Valid,Invalid,222.2,91.5,500.8,,,,286.2,221.7,,,0.5447,0.7502,0.5447,0.7502,,,Screen Recording,Screen Recording Recording38.mp4,1920,1080,0,0,960,540,Unclassified,8,1428,,,,,,,,,,,,,,,
276604551,1120609809454,Eye Tracker,LipReading,08/25/2025,Chenmingjie,Recording38,07/01/2025,07/01/2025,16:47:15.576,08:47:15.576,803474,Timeline1,Tobii I-VT (Fixation),1.241.54219,1080,1920,10.0,14.5,1.9,2.3,1.39,0.18,0.21,53,7,8,7.8,1.7,1.6,0.77,0.17,0.16,29,6,6,9685149167,,,1037,816,1037,816,,,0.1183,0.25297,-0.96022,,,,3.902,,3.766,,,,Valid,Invalid,222.2,91.5,500.8,,,,283.9,223.4,,,0.5403,0.7559,0.5403,0.7559,,,Screen Recording,Screen Recording Recording38.mp4,1920,1080,0,0,960,540,Saccade,16,1337,,,,,,,,,,,,,,,
276608550,1120609813453,Eye Tracker,LipReading,08/25/2025,Chenmingjie,Recording38,07/01/2025,07/01/2025,16:47:15.576,08:47:15.576,803474,Timeline1,Tobii I-VT (Fixation),1.241.54219,1080,1920,10.0,14.5,1.9,2.3,1.39,0.18,0.21,53,7,8,7.8,1.7,1.6,0.77,0.17,0.16,29,6,6,9685153166,,,1025,815,1079,822,970,808,0.13966,0.25523,-0.95674,-0.03831,0.25361,-0.96655,3.77,3.646,3.767,,,,Valid,Valid,222.2,91.5,500.8,285.2,90.0,500.0,295.3,225.1,265.4,221.2,0.5336,0.7549,0.5621,0.7615,0.5051,0.7483,Screen Recording,Screen Recording Recording38.mp4,1920,1080,0,0,960,540,Saccade,16,1337,,,,,,,,,,,,,,,
276612551,1120609817454,Eye Tracker,LipReading,08/25/2025,Chenmingjie,Recording38,07/01/2025,07/01/2025,16:47:15.576,08:47:15.576,803474,Timeline1,Tobii I-VT (Fixation),1.241.54219,1080,1920,10.0,14.5,1.9,2.3,1.39,0.18,0.21,53,7,8,7.8,1.7,1.6,0.77,0.17,0.16,29,6,6,9685157167,,,997,800,1030,789,965,811,0.11469,0.23941,-0.96412,-0.04085,0.25482,-0.96613,4.008,3.63,3.822,,,,Valid,Valid,222.3,91.5,500.8,285.2,90.0,500.0,281.8,215.8,264.1,221.9,0.5195,0.7405,0.5364,0.7303,0.5026,0.7506,Screen Recording,Screen Recording Recording38.mp4,1920,1080,0,0,960,540,Saccade,16,1337,,,,,,,,,,,,,,,
276616553,1120609821456,Eye Tracker,LipReading,08/25/2025,Chenmingjie,Recording38,07/01/2025,07/01/2025,16:47:15.576,08:47:15.576,803474,Timeline1,Tobii I-VT (Fixation),1.241.54219,1080,1920,10.0,14.5,1.9,2.3,1.39,0.18,0.21,53,7,8,7.8,1.7,1.6,0.77,0.17,0.16,29,6,6,9685161169,,,1000,794,1029,788,971,799,0.11441,0.23928,-0.96419,-0.03773,0.2492,-0.96772,4.028,3.65,3.827,,,,Valid,Valid,222.3,91.5,500.8,285.3,90.0,500.0,281.7,215.8,265.8,218.7,0.5209,0.7351,0.5361,0.7301,0.5058,0.7401,Screen Recording,Screen Recording Recording38.mp4,1920,1080,0,0,960,540,Saccade,16,1337,,,,,,,,,,,,,,,
276620553,1120609825456,Eye Tracker,LipReading,08/25/2025,Chenmingjie,Recording38,07/01/2025,07/01/2025,16:47:15.576,08:47:15.576,803474,Timeline1,Tobii I-VT (Fixation),1.241.54219,1080,1920,10.0,14.5,1.9,2.3,1.39,0.18,0.21,53,7,8,7.8,1.7,1.6,0.77,0.17,0.16,29,6,6,9685165169,,,999,797,1026,799,973,794,0.11231,0.24466,-0.96308,-0.03698,0.24677,-0.96837,3.998,3.674,3.832,,,,Valid,Valid,222.3,91.5,500.8,285.3,90.0,500.0,280.7,218.7,266.2,217.4,0.5204,0.7377,0.5342,0.74,0.5066,0.7355,Screen Recording,Screen Recording Recording38.mp4,1920,1080,0,0,960,540,Fixation,240,500,995,774,0.5182,0.7165,,,,,,,,,,,
276624555,1120609829458,Eye Tracker,LipReading,08/25/2025,Chenmingjie,Recording38,07/01/2025,07/01/2025,16:47:15.576,08:47:15.576,803474,Timeline1,Tobii I-VT (Fixation),1.241.54219,1080,1920,10.0,14.5,1.9,2.3,1.39,0.18,0.21,53,7,8,7.8,1.7,1.6,0.77,0.17,0.16,29,6,6,9685169171,,,992,797,1016,792,968,802,0.10762,0.24102,-0.96454,-0.0396,0.25056,-0.96729,4.022,3.646,3.832,,,,Valid,Valid,222.3,91.5,500.8,285.3,90.0,500.0,278.2,216.6,264.8,219.5,0.5167,0.7378,0.5294,0.7329,0.504,0.7426,Screen Recording,Screen Recording Recording38.mp4,1920,1080,0,0,960,540,Fixation,240,500,995,774,0.5182,0.7165,,,,,,,,,,,
276628554,1120609833457,Eye Tracker,LipReading,08/25/2025,Chenmingjie,Recording38,07/01/2025,07/01/2025,16:47:15.576,08:47:15.576,803474,Timeline1,Tobii I-VT (Fixation),1.241.54219,1080,1920,10.0,14.5,1.9,2.3,1.39,0.18,0.21,53,7,8,7.8,1.7,1.6,0.77,0.17,0.16,29,6,6,9685173170,,,1001,798,1031,794,971,801,0.11495,0.24213,-0.96341,-0.03784,0.25007,-0.96749,4.014,3.67,3.841,,,,Valid,Valid,222.3,91.5,500.8,285.3,90.0,500.0,282.0,217.3,265.7,219.2,0.5213,0.7385,0.5368,0.7354,0.5057,0.7417,Screen Recording,Screen Recording Recording38.mp4,1920,1080,0,0,960,540,Fixation,240,500,995,774,0.5182,0.7165,,,,,,,,,,,
276632553,1120609837456,Eye Tracker,LipReading,08/25/2025,Chenmingjie,Recording38,07/01/2025,07/01/2025,16:47:15.576,08:47:15.576,803474,Timeline1,Tobii I-VT (Fixation),1.241.54219,1080,1920,10.0,14.5,1.9,2.3,1.39,0.18,0.21,53,7,8,7.8,1.7,1.6,0.77,0.17,0.16,29,6,6,9685177169,,,995,801,1018,802,972,800,0.10839,0.24626,-0.96312,-0.03744,0.2495,-0.96765,4.005,3.636,3.841,,,,Valid,Valid,222.3,91.5,500.8,285.3,90.0,500.0,278.7,219.5,265.9,218.9,0.5182,0.7417,0.5303,0.7428,0.5061,0.7406,Screen Recording,Screen Recording Recording38.mp4,1920,1080,0,0,960,540,Fixation,240,500,995,774,0.5182,0.7165,,,,,,,,,,,
276636556,1120609841459,Eye Tracker,LipReading,08/25/2025,Chenmingjie,Recording38,07/01/2025,07/01/2025,16:47:15.576,08:47:15.576,803474,Timeline1,Tobii I-VT (Fixation),1.241.54219,1080,1920,10.0,14.5,1.9,2.3,1.39,0.18,0.21,53,7,8,7.8,1.7,1.6,0.77,0.17,0.16,29,6,6,9685181172,,,995,788,1026,777,964,800,0.11293,0.2335,-0.96578,-0.04178,0.24964,-0.96744,4.056,3.667,3.837,,,,Valid,Valid,222.3,91.5,500.8,285.3,90.0,499.9,280.9,212.6,263.7,219.0,0.5182,0.7301,0.5345,0.7192,0.5019,0.741,Screen Recording,Screen Recording Recording38.mp4,1920,1080,0,0,960,540,Fixation,240,500,995,774,0.5182,0.7165,,,,,,,,,,,
276640554,1120609845457,Eye Tracker,LipReading,08/25/2025,Chenmingjie,Recording38,07/01/2025,07/01/2025,16:47:15.576,08:47:15.576,803474,Timeline1,Tobii I-VT (Fixation),1.241.54219,1080,1920,10.0,14.5,1.9,2.3,1.39,0.18,0.21,53,7,8,7.8,1.7,1.6,0.77,0.17,0.16,29,6,6,9685185170,,,1006,802,1045,804,966,800,0.12236,0.2467,-0.96134,-0.04057,0.24931,-0.96757,3.919,3.701,3.841,,,,Valid,Valid,222.3,91.5,500.8,285.3,90.0,499.9,286.1,220.0,264.3,218.8,0.5237,0.7423,0.5444,0.7443,0.5031,0.7403,Screen Recording,Screen Recording Recording38.mp4,1920,1080,0,0,960,540,Fixation,240,500,995,774,0.5182,0.7165,,,,,,,,,,,
276644554,1120609849457,Eye Tracker,LipReading,08/25/2025,Chenmingjie,Recording38,07/01/2025,07/01/2025,16:47:15.576,08:47:15.576,803474,Timeline1,Tobii I-VT (Fixation),1.241.54219,1080,1920,10.0,14.5,1.9,2.3,1.39,0.18,0.21,53,7,8,7.8,1.7,1.6,0.77,0.17,0.16,29,6,6,9685189170,,,994,803,1022,806,965,799,0.11035,0.24809,-0.96243,-0.04088,0.24919,-0.96759,3.983,3.678,3.863,,,,Valid,Valid,222.3,91.4,500.9,285.3,90.0,500.0,279.7,220.6,264.2,218.7,0.5176,0.7431,0.5324,0.7462,0.5028,0.7401,Screen Recording,Screen Recording Recording38.mp4,1920,1080,0,0,960,540,Fixation,240,500,995,774,0.5182,0.7165,,,,,,,,,,,
276648553,1120609853456,Eye Tracker,LipReading,08/25/2025,Chenmingjie,Recording38,07/01/2025,07/01/2025,16:47:15.576,08:47:15.576,803474,Timeline1,Tobii I-VT (Fixation),1.241.54219,1080,1920,10.0,14.5,1.9,2.3,1.39,0.18,0.21,53,7,8,7.8,1.7,1.6,0.77,0.17,0.16,29,6,6,9685193169,,,994,780,1019,790,968,770,0.10902,0.24027,-0.96456,-0.03956,0.23474,-0.97125,4.039,3.757,3.87,,,,Valid,Valid,222.3,91.4,500.9,285.3,90.0,500.0,278.9,216.2,264.9,210.8,0.5175,0.7224,0.5308,0.7315,0.5042,0.7132,Screen Recording,Screen Recording Recording38.mp4,1920,1080,0,0,960,540,Fixation,240,500,995,774,0.5182,0.7165,,,,,,,,,,,
276652554,1120609857457,Eye Tracker,LipReading,08/25/2025,Chenmingjie,Recording38,07/01/2025,07/01/2025,16:47:15.576,08:47:15.576,803474,Timeline1,Tobii I-VT (Fixation),1.241.54219,1080,1920,10.0,14.5,1.9,2.3,1.39,0.18,0.21,53,7,8,7.8,1.7,1.6,0.77,0.17,0.16,29,6,6,9685197170,,,1000,792,1027,791,973,792,0.11334,0.24087,-0.96392,-0.03704,0.24573,-0.96863,4.045,3.687,3.873,,,,Valid,Valid,222.3,91.4,500.8,285.3,90.0,500.0,281.2,216.6,266.2,216.8,0.5209,0.7332,0.5352,0.7328,0.5066,0.7335,Screen Recording,Screen Recording Recording38.mp4,1920,1080,0,0,960,540,Fixation,240,500,995,774,0.5182,0.7165,,,,,,,,,,,
276656554,1120609861457,Eye Tracker,LipReading,08/25/2025,Chenmingjie,Recording38,07/01/2025,07/01/2025,16:47:15.576,08:47:15.576,803474,Timeline1,Tobii I-VT (Fixation),1.241.54219,1080,1920,10.0,14.5,1.9,2.3,1.39,0.18,0.21,53,7,8,7.8,1.7,1.6,0.77,0.17,0.16,29,6,6,9685201171,,,997,783,1026,780,968,787,0.1129,0.23511,-0.96539,-0.03972,0.24286,-0.96925,4.068,3.701,3.879,,,,Valid,Valid,222.3,91.5,500.8,285.3,90.0,500.0,280.9,213.4,264.8,215.2,0.5193,0.7252,0.5346,0.7221,0.504,0.7283,Screen Recording,Screen Recording Recording38.mp4,1920,1080,0,0,960,540,Fixation,240,500,995,774,0.5182,0.7165,,,,,,,,,,,
276660552,1120609865455,Eye Tracker,LipReading,08/25/2025,Chenmingjie,Recording38,07/01/2025,07/01/2025,16:47:15.576,08:47:15.576,803474,Timeline1,Tobii I-VT (Fixation),1.241.54219,1080,1920,10.0,14.5,1.9,2.3,1.39,0.18,0.21,53,7,8,7.8,1.7,1.6,0.77,0.17,0.16,29,6,6,9685205169,,,994,788,1024,783,964,794,0.11146,0.2367,-0.96517,-0.04157,0.24632,-0.9683,4.07,3.712,3.879,,,,Valid,Valid,222.3,91.4,500.8,285.3,90.0,500.0,280.1,214.3,263.8,217.2,0.5176,0.7298,0.5332,0.7249,0.5021,0.7347,Screen Recording,Screen Recording Recording38.mp4,1920,1080,0,0,960,540,Fixation,240,500,995,774,0.5182,0.7165,,,,,,,,,,,
276664552,1120609869455,Eye Tracker,LipReading,08/25/2025,Chenmingjie,Recording38,07/01/2025,07/01/2025,16:47:15.576,08:47:15.576,803474,Timeline1,Tobii I-VT (Fixation),1.241.54219,1080,1920,10.0,14.5,1.9,2.3,1.39,0.18,0.21,53,7,8,7.8,1.7,1.6,0.77,0.17,0.16,29,6,6,9685209169,,,995,794,1025,795,964,793,0.11212,0.24249,-0.96365,-0.04168,0.24599,-0.96838,4.034,3.725,3.876,,,,Valid,Valid,222.3,91.4,500.8,285.3,90.0,499.9,280.6,217.5,263.8,217.0,0.518,0.735,0.534,0.7358,0.502,0.7342,Screen Recording,Screen Recording Recording38.mp4,1920,1080,0,0,960,540,Fixation,240,500,995,774,0.5182,0.7165,,,,,,,,,,,
276668553,1120609873456,Eye Tracker,LipReading,08/25/2025,Chenmingjie,Recording38,07/01/2025,07/01/2025,16:47:15.576,08:47:15.576,803474,Timeline1,Tobii I-VT (Fixation),1.241.54219,1080,1920,10.0,14.5,1.9,2.3,1.39,0.18,0.21,53,7,8,7.8,1.7,1.6,0.77,0.17,0.16,29,6,6,9685213170,,,993,792,1016,795,969,789,0.10738,0.24274,-0.96413,-0.03878,0.24429,-0.96893,4.04,3.713,3.876,,,,Valid,Valid,222.3,91.4,500.8,285.3,90.0,500.0,278.1,217.5,265.3,216.0,0.5171,0.7335,0.5292,0.736,0.5049,0.7309,Screen Recording,Screen Recording Recording38.mp4,1920,1080,0,0,960,540,Fixation,240,500,995,774,0.5182,0.7165,,,,,,,,,,,
276672552,1120609877455,Eye Tracker,LipReading,08/25/2025,Chenmingjie,Recording38,07/01/2025,07/01/2025,16:47:15.576,08:47:15.576,803474,Timeline1,Tobii I-VT (Fixation),1.241.54219,1080,1920,10.0,14.5,1.9,2.3,1.39,0.18,0.21,53,7,8,7.8,1.7,1.6,0.77,0.17,0.16,29,6,6,9685217169,,,998,794,1027,802,968,787,0.11306,0.24588,-0.96268,-0.0393,0.24306,-0.96922,4.022,3.713,3.882,,,,Valid,Valid,222.3,91.4,500.8,285.3,90.0,500.0,281.1,219.4,265.0,215.4,0.5197,0.7354,0.535,0.7422,0.5044,0.7286,Screen Recording,Screen Recording Recording38.mp4,1920,1080,0,0,960,540,Fixation,240,500,995,774,0.5182,0.7165,,,,,,,,,,,
276676553,1120609881456,Eye Tracker,LipReading,08/25/2025,Chenmingjie,Recording38,07/01/2025,07/01/2025,16:47:15.576,08:47:15.576,803474,Timeline1,Tobii I-VT (Fixation),1.241.54219,1080,1920,10.0,14.5,1.9,2.3,1.39,0.18,0.21,53,7,8,7.8,1.7,1.6,0.77,0.17,0.16,29,6,6,9685221170,,,993,789,1026,785,959,794,0.11285,0.23752,-0.9648,-0.04398,0.24645,-0.96816,4.057,3.73,3.893,,,,Valid,Valid,222.3,91.4,500.8,285.3,90.0,500.0,280.9,214.7,262.6,217.3,0.5171,0.7308,0.5345,0.7265,0.4997,0.735,Screen Recording,Screen Recording Recording38.mp4,1920,1080,0,0,960,540,Fixation,240,500,995,774,0.5182,0.7165,,,,,,,,,,,
276680553,1120609885456,Eye Tracker,LipReading,08/25/2025,Chenmingjie,Recording38,07/01/2025,07/01/2025,16:47:15.576,08:47:15.576,803474,Timeline1,Tobii I-VT (Fixation),1.241.54219,1080,1920,10.0,14.5,1.9,2.3,1.39,0.18,0.21,53,7,8,7.8,1.7,1.6,0.77,0.17,0.16,29,6,6,9685225170,,,998,789,1030,786,965,792,0.11499,0.23798,-0.96444,-0.04095,0.24572,-0.96848,4.057,3.746,3.896,,,,Valid,Valid,222.3,91.4,500.8,285.3,90.0,500.0,282.0,215.0,264.1,216.8,0.5197,0.7306,0.5367,0.7275,0.5027,0.7336,Screen Recording,Screen Recording Recording38.mp4,1920,1080,0,0,960,540,Fixation,240,500,995,774,0.5182,0.7165,,,,,,,,,,,
276684553,1120609889456,Eye Tracker,LipReading,08/25/2025,Chenmingjie,Recording38,07/01/2025,07/01/2025,16:47:15.576,08:47:15.576,803474,Timeline1,Tobii I-VT (Fixation),1.241.54219,1080,1920,10.0,14.5,1.9,2.3,1.39,0.18,0.21,53,7,8,7.8,1.7,1.6,0.77,0.17,0.16,29,6,6,9685229170,,,1000,787,1029,784,972,791,0.11425,0.23718,-0.96472,-0.03755,0.245,-0.9688,4.075,3.735,3.903,,,,Valid,Valid,222.3,91.5,500.8,285.3,90.0,500.0,281.6,214.6,265.9,216.4,0.521,0.7291,0.5359,0.726,0.5061,0.7323,Screen Recording,Screen Recording Recording38.mp4,1920,1080,0,0,960,540,Fixation,240,500,995,774,0.5182,0.7165,,,,,,,,,,,
276688552,1120609893455,Eye Tracker,LipReading,08/25/2025,Chenmingjie,Recording38,07/01/2025,07/01/2025,16:47:15.576,08:47:15.576,803474,Timeline1,Tobii I-VT (Fixation),1.241.54219,1080,1920,10.0,14.5,1.9,2.3,1.39,0.18,0.21,53,7,8,7.8,1.7,1.6,0.77,0.17,0.16,29,6,6,9685233169,,,996,778,1027,775,964,781,0.11356,0.23293,-0.96584,-0.04179,0.24026,-0.96981,4.093,3.754,3.905,,,,Valid,Valid,222.3,91.4,500.8,285.3,90.0,500.0,281.2,212.2,263.7,213.8,0.5185,0.7208,0.5351,0.718,0.5019,0.7235,Screen Recording,Screen Recording Recording38.mp4,1920,1080,0,0,960,540,Fixation,240,500,995,774,0.5182,0.7165,,,,,,,,,,,
276692553,1120609897456,Eye Tracker,LipReading,08/25/2025,Chenmingjie,Recording38,07/01/2025,07/01/2025,16:47:15.576,08:47:15.576,803474,Timeline1,Tobii I-VT (Fixation),1.241.54219,1080,1920,10.0,14.5,1.9,2.3,1.39,0.18,0.21,53,7,8,7.8,1.7,1.6,0.77,0.17,0.16,29,6,6,9685237170,,,998,782,1030,781,966,783,0.11511,0.23543,-0.96505,-0.0403,0.2413,-0.96961,4.071,3.73,3.906,,,,Valid,Valid,222.3,91.5,500.8,285.3,90.0,500.0,282.0,213.6,264.5,214.4,0.52,0.7241,0.5367,0.7228,0.5034,0.7254,Screen Recording,Screen Recording Recording38.mp4,1920,1080,0,0,960,540,Fixation,240,500,995,774,0.5182,0.7165,,,,,,,,,,,
276696552,1120609901455,Eye Tracker,LipReading,08/25/2025,Chenmingjie,Recording38,07/01/2025,07/01/2025,16:47:15.576,08:47:15.576,803474,Timeline1,Tobii I-VT (Fixation),1.241.54219,1080,1920,10.0,14.5,1.9,2.3,1.39,0.18,0.21,53,7,8,7.8,1.7,1.6,0.77,0.17,0.16,29,6,6,9685241169,,,996,782,1025,782,967,782,0.11213,0.23597,-0.96527,-0.04004,0.24081,-0.96975,4.074,3.737,3.924,,,,Valid,Valid,222.3,91.5,500.8,285.3,90.0,500.0,280.4,213.9,264.6,214.1,0.5187,0.7241,0.5337,0.7237,0.5036,0.7245,Screen Recording,Screen Recording Recording38.mp4,1920,1080,0,0,960,540,Fixation,240,500,995,774,0.5182,0.7165,,,,,,,,,,,
276700552,1120609905455,Eye Tracker,LipReading,08/25/2025,Chenmingjie,Recording38,07/01/2025,07/01/2025,16:47:15.576,08:47:15.576,803474,Timeline1,Tobii I-VT (Fixation),1.241.54219,1080,1920,10.0,14.5,1.9,2.3,1.39,0.18,0.21,53,7,8,7.8,1.7,1.6,0.77,0.17,0.16,29,6,6,9685245169,,,994,773,1021,765,968,781,0.11019,0.22793,-0.96742,-0.0395,0.23994,-0.96998,4.142,3.777,3.947,,,,Valid,Valid,222.3,91.5,500.8,285.3,90.0,500.0,279.3,209.5,264.9,213.7,0.5178,0.7158,0.5315,0.7087,0.5041,0.7229,Screen Recording,Screen Recording Recording38.mp4,1920,1080,0,0,960,540,Fixation,240,500,995,774,0.5182,0.7165,,,,,,,,,,,
276704552,1120609909455,Eye Tracker,LipReading,08/25/2025,Chenmingjie,Recording38,07/01/2025,07/01/2025,16:47:15.576,08:47:15.576,803474,Timeline1,Tobii I-VT (Fixation),1.241.54219,1080,1920,10.0,14.5,1.9,2.3,1.39,0.18,0.21,53,7,8,7.8,1.7,1.6,0.77,0.17,0.16,29,6,6,9685249169,,,999,767,1029,754,970,781,0.11462,0.22196,-0.9683,-0.03842,0.23994,-0.97003,4.162,3.767,3.949,,,,Valid,Valid,222.3,91.5,500.8,285.2,90.0,500.0,281.5,206.3,265.4,213.6,0.5205,0.7104,0.5358,0.6979,0.5052,0.7229,Screen Recording,Screen Recording Recording38.mp4,1920,1080,0,0,960,540,Fixation,240,500,995,774,0.5182,0.7165,,,,,,,,,,,
276708553,1120609913456,Eye Tracker,LipReading,08/25/2025,Chenmingjie,Recording38,07/01/2025,07/01/2025,16:47:15.576,08:47:15.576,803474,Timeline1,Tobii I-VT (Fixation),1.241.54219,1080,1920,10.0,14.5,1.9,2.3,1.39,0.18,0.21,53,7,8,7.8,1.7,1.6,0.77,0.17,0.16,29,6,6,9685253170,,,998,771,1023,759,974,782,0.11172,0.22481,-0.96798,-0.0365,0.24051,-0.96996,4.131,3.764,3.949,,,,Valid,Valid,222.2,91.5,500.8,285.2,90.0,500.0,280.0,207.8,266.4,214.0,0.52,0.7134,0.533,0.703,0.507,0.7239,Screen Recording,Screen Recording Recording38.mp4,1920,1080,0,0,960,540,Fixation,240,500,995,774,0.5182,0.7165,,,,,,,,,,,
276712552,1120609917455,Eye Tracker,LipReading,08/25/2025,Chenmingjie,Recording38,07/01/2025,07/01/2025,16:47:15.576,08:47:15.576,803474,Timeline1,Tobii I-VT (Fixation),1.241.54219,1080,1920,10.0,14.5,1.9,2.3,1.39,0.18,0.21,53,7,8,7.8,1.7,1.6,0.77,0.17,0.16,29,6,6,9685257169,,,993,782,1020,784,967,780,0.10944,0.23729,-0.96526,-0.03983,0.23942,-0.9701,4.075,3.785,3.949,,,,Valid,Valid,222.2,91.5,500.8,285.2,90.0,500.0,279.0,214.6,264.7,213.4,0.5174,0.724,0.531,0.726,0.5038,0.722,Screen Recording,Screen Recording Recording38.mp4,1920,1080,0,0,960,540,Fixation,240,500,995,774,0.5182,0.7165,,,,,,,,,,,
276716553,1120609921456,Eye Tracker,LipReading,08/25/2025,Chenmingjie,Recording38,07/01/2025,07/01/2025,16:47:15.576,08:47:15.576,803474,Timeline1,Tobii I-VT (Fixation),1.241.54219,1080,1920,10.0,14.5,1.9,2.3,1.39,0.18,0.21,53,7,8,7.8,1.7,1.6,0.77,0.17,0.16,29,6,6,9685261170,,,992,783,1014,789,970,778,0.1065,0.23962,-0.96501,-0.03826,0.23841,-0.97041,4.077,3.765,3.926,,,,Valid,Valid,222.2,91.5,500.8,285.2,90.0,500.0,277.5,215.8,265.5,212.8,0.5167,0.7252,0.5281,0.7302,0.5053,0.7201,Screen Recording,Screen Recording Recording38.mp4,1920,1080,0,0,960,540,Fixation,240,500,995,774,0.5182,0.7165,,,,,,,,,,,
276720553,1120609925456,Eye Tracker,LipReading,08/25/2025,Chenmingjie,Recording38,07/01/2025,07/01/2025,16:47:15.576,08:47:15.576,803474,Timeline1,Tobii I-VT (Fixation),1.241.54219,1080,1920,10.0,14.5,1.9,2.3,1.39,0.18,0.21,53,7,8,7.8,1.7,1.6,0.77,0.17,0.16,29,6,6,9685265170,,,998,762,1029,750,967,774,0.11482,0.2199,-0.96874,-0.0399,0.2368,-0.97074,4.15,3.775,3.927,,,,Valid,Valid,222.2,91.5,500.8,285.2,90.0,500.0,281.6,205.2,264.7,212.0,0.5198,0.7056,0.5359,0.6941,0.5037,0.7171,Screen Recording,Screen Recording Recording38.mp4,1920,1080,0,0,960,540,Fixation,240,500,995,774,0.5182,0.7165,,,,,,,,,,,
276724553,1120609929456,Eye Tracker,LipReading,08/25/2025,Chenmingjie,Recording38,07/01/2025,07/01/2025,16:47:15.576,08:47:15.576,803474,Timeline1,Tobii I-VT (Fixation),1.241.54219,1080,1920,10.0,14.5,1.9,2.3,1.39,0.18,0.21,53,7,8,7.8,1.7,1.6,0.77,0.17,0.16,29,6,6,9685269170,,,998,778,1022,779,974,776,0.11076,0.23493,-0.96568,-0.03646,0.23748,-0.97071,4.078,3.774,3.927,,,,Valid,Valid,222.2,91.5,500.8,285.2,90.0,500.0,279.7,213.3,266.4,212.3,0.5197,0.72,0.5322,0.7217,0.5071,0.7183,Screen Recording,Screen Recording Recording38.mp4,1920,1080,0,0,960,540,Fixation,240,500,995,774,0.5182,0.7165,,,,,,,,,,,
276728552,1120609933455,Eye Tracker,LipReading,08/25/2025,Chenmingjie,Recording38,07/01/2025,07/01/2025,16:47:15.576,08:47:15.576,803474,Timeline1,Tobii I-VT (Fixation),1.241.54219,1080,1920,10.0,14.5,1.9,2.3,1.39,0.18,0.21,53,7,8,7.8,1.7,1.6,0.77,0.17,0.16,29,6,6,9685273169,,,994,785,1014,786,974,784,0.10635,0.23834,-0.96534,-0.036,0.24175,-0.96967,4.08,3.782,3.962,,,,Valid,Valid,222.2,91.5,500.8,285.2,90.0,500.0,277.4,215.1,266.7,214.7,0.5177,0.7271,0.5279,0.7279,0.5075,0.7262,Screen Recording,Screen Recording Recording38.mp4,1920,1080,0,0,960,540,Fixation,240,500,995,774,0.5182,0.7165,,,,,,,,,,,
276732553,1120609937456,Eye Tracker,LipReading,08/25/2025,Chenmingjie,Recording38,07/01/2025,07/01/2025,16:47:15.576,08:47:15.576,803474,Timeline1,Tobii I-VT (Fixation),1.241.54219,1080,1920,10.0,14.5,1.9,2.3,1.39,0.18,0.21,53,7,8,7.8,1.7,1.6,0.77,0.17,0.16,29,6,6,9685277170,,,996,768,1023,758,968,778,0.11166,0.22418,-0.96813,-0.03934,0.23842,-0.97037,4.148,3.791,3.953,,,,Valid,Valid,222.2,91.5,500.8,285.2,90.0,500.1,280.0,207.4,265.0,212.8,0.5186,0.711,0.5329,0.7019,0.5042,0.7201,Screen Recording,Screen Recording Recording38.mp4,1920,1080,0,0,960,540,Fixation,240,500,995,774,0.5182,0.7165,,,,,,,,,,,
276736552,1120609941455,Eye Tracker,LipReading,08/25/2025,Chenmingjie,Recording38,07/01/2025,07/01/2025,16:47:15.576,08:47:15.576,803474,Timeline1,Tobii I-VT (Fixation),1.241.54219,1080,1920,10.0,14.5,1.9,2.3,1.39,0.18,0.21,53,7,8,7.8,1.7,1.6,0.77,0.17,0.16,29,6,6,9685281169,,,994,771,1021,768,967,774,0.11067,0.22919,-0.96707,-0.04018,0.23662,-0.97077,4.141,3.793,3.966,,,,Valid,Valid,222.2,91.5,500.8,285.2,90.0,500.1,279.5,210.2,264.5,211.9,0.5177,0.714,0.532,0.7111,0.5034,0.7169,Screen Recording,Screen Recording Recording38.mp4,1920,1080,0,0,960,540,Fixation,240,500,995,774,0.5182,0.7165,,,,,,,,,,,
276740551,1120609945454,Eye Tracker,LipReading,08/25/2025,Chenmingjie,Recording38,07/01/2025,07/01/2025,16:47:15.576,08:47:15.576,803474,Timeline1,Tobii I-VT (Fixation),1.241.54219,1080,1920,10.0,14.5,1.9,2.3,1.39,0.18,0.21,53,7,8,7.8,1.7,1.6,0.77,0.17,0.16,29,6,6,9685285169,,,992,776,1016,784,967,768,0.1078,0.23704,-0.9655,-0.03986,0.23329,-0.97159,4.115,3.803,3.966,,,,Valid,Valid,222.2,91.5,500.8,285.2,90.0,500.1,278.1,214.4,264.7,210.1,0.5166,0.7182,0.5293,0.7255,0.5038,0.7108,Screen Recording,Screen Recording Recording38.mp4,1920,1080,0,0,960,540,Fixation,240,500,995,774,0.5182,0.7165,,,,,,,,,,,
276744551,1120609949454,Eye Tracker,LipReading,08/25/2025,Chenmingjie,Recording38,07/01/2025,07/01/2025,16:47:15.576,08:47:15.576,803474,Timeline1,Tobii I-VT (Fixation),1.241.54219,1080,1920,10.0,14.5,1.9,2.3,1.39,0.18,0.21,53,7,8,7.8,1.7,1.6,0.77,0.17,0.16,29,6,6,9685289169,,,992,756,1014,743,969,768,0.1072,0.21684,-0.9703,-0.03898,0.23354,-0.97156,4.201,3.784,3.967,,,,Valid,Valid,222.2,91.5,500.8,285.2,90.0,500.1,277.6,203.4,265.2,210.2,0.5164,0.6997,0.5282,0.6882,0.5047,0.7112,Screen Recording,Screen Recording Recording38.mp4,1920,1080,0,0,960,540,Fixation,240,500,995,774,0.5182,0.7165,,,,,,,,,,,
276748551,1120609953454,Eye Tracker,LipReading,08/25/2025,Chenmingjie,Recording38,07/01/2025,07/01/2025,16:47:15.576,08:47:15.576,803474,Timeline1,Tobii I-VT (Fixation),1.241.54219,1080,1920,10.0,14.5,1.9,2.3,1.39,0.18,0.21,53,7,8,7.8,1.7,1.6,0.77,0.17,0.16,29,6,6,9685293169,,,996,763,1023,760,969,766,0.11151,0.22513,-0.96793,-0.03879,0.23239,-0.97185,4.135,3.789,3.962,,,,Valid,Valid,222.2,91.5,500.8,285.2,90.0,500.1,279.9,208.0,265.3,209.6,0.5188,0.7064,0.5328,0.7037,0.5049,0.7091,Screen Recording,Screen Recording Recording38.mp4,1920,1080,0,0,960,540,Fixation,240,500,995,774,0.5182,0.7165,,,,,,,,,,,
276752550,1120609957453,Eye Tracker,LipReading,08/25/2025,Chenmingjie,Recording38,07/01/2025,07/01/2025,16:47:15.576,08:47:15.576,803474,Timeline1,Tobii I-VT (Fixation),1.241.54219,1080,1920,10.0,14.5,1.9,2.3,1.39,0.18,0.21,53,7,8,7.8,1.7,1.6,0.77,0.17,0.16,29,6,6,9685297168,,,996,763,1025,759,967,767,0.11238,0.22462,-0.96794,-0.03986,0.23269,-0.97173,4.167,3.794,3.977,,,,Valid,Valid,222.2,91.5,500.8,285.2,90.0,500.1,280.4,207.7,264.7,209.8,0.5187,0.7063,0.5336,0.7028,0.5038,0.7098,Screen Recording,Screen Recording Recording38.mp4,1920,1080,0,0,960,540,Fixation,240,500,995,774,0.5182,0.7165,,,,,,,,,,,
276756551,1120609961454,Eye Tracker,LipReading,08/25/2025,Chenmingjie,Recording38,07/01/2025,07/01/2025,16:47:15.576,08:47:15.576,803474,Timeline1,Tobii I-VT (Fixation),1.241.54219,1080,1920,10.0,14.5,1.9,2.3,1.39,0.18,0.21,53,7,8,7.8,1.7,1.6,0.77,0.17,0.16,29,6,6,9685301169,,,995,768,1018,774,971,762,0.10895,0.23217,-0.96655,-0.03813,0.23046,-0.97233,4.106,3.784,3.962,,,,Valid,Valid,222.2,91.5,500.8,285.2,90.0,500.1,278.7,211.8,265.6,208.6,0.518,0.7111,0.5304,0.7166,0.5055,0.7056,Screen Recording,Screen Recording Recording38.mp4,1920,1080,0,0,960,540,Fixation,240,500,995,774,0.5182,0.7165,,,,,,,,,,,
276760551,1120609965454,Eye Tracker,LipReading,08/25/2025,Chenmingjie,Recording38,07/01/2025,07/01/2025,16:47:15.576,08:47:15.576,803474,Timeline1,Tobii I-VT (Fixation),1.241.54219,1080,1920,10.0,14.5,1.9,2.3,1.39,0.18,0.21,53,7,8,7.8,1.7,1.6,0.77,0.17,0.16,29,6,6,9685305169,,,990,759,1007,753,973,766,0.10311,0.22158,-0.96968,-0.03683,0.23237,-0.97193,4.201,3.787,3.961,,,,Valid,Valid,222.3,91.5,500.8,285.2,90.0,500.1,275.5,206.0,266.3,209.6,0.5156,0.703,0.5243,0.6968,0.5068,0.7092,Screen Recording,Screen Recording Recording38.mp4,1920,1080,0,0,960,540,Fixation,240,500,995,774,0.5182,0.7165,,,,,,,,,,,
276764553,1120609969456,Eye Tracker,LipReading,08/25/2025,Chenmingjie,Recording38,07/01/2025,07/01/2025,16:47:15.576,08:47:15.576,803474,Timeline1,Tobii I-VT (Fixation),1.241.54219,1080,1920,10.0,14.5,1.9,2.3,1.39,0.18,0.21,53,7,8,7.8,1.7,1.6,0.77,0.17,0.16,29,6,6,9685309171,,,994,771,1016,779,971,763,0.10783,0.23491,-0.96602,-0.03805,0.23086,-0.97224,4.128,3.805,3.956,,,,Valid,Valid,222.3,91.5,500.8,285.3,90.1,500.1,278.2,213.3,265.7,208.8,0.5175,0.7141,0.5294,0.7217,0.5056,0.7064,Screen Recording,Screen Recording Recording38.mp4,1920,1080,0,0,960,540,Fixation,240,500,995,774,0.5182,0.7165,,,,,,,,,,,
276768550,1120609973453,Eye Tracker,LipReading,08/25/2025,Chenmingjie,Recording38,07/01/2025,07/01/2025,16:47:15.576,08:47:15.576,803474,Timeline1,Tobii I-VT (Fixation),1.241.54219,1080,1920,10.0,14.5,1.9,2.3,1.39,0.18,0.21,53,7,8,7.8,1.7,1.6,0.77,0.17,0.16,29,6,6,9685313168,,,990,770,1014,777,967,764,0.10642,0.23358,-0.9665,-0.04024,0.23143,-0.97202,4.116,3.802,3.96,,,,Valid,Valid,222.3,91.6,500.7,285.3,90.1,500.1,277.4,212.6,264.6,209.1,0.5157,0.7134,0.5279,0.7192,0.5035,0.7075,Screen Recording,Screen Recording Recording38.mp4,1920,1080,0,0,960,540,Fixation,240,500,995,774,0.5182,0.7165,,,,,,,,,,,
276772553,1120609977456,Eye Tracker,LipReading,08/25/2025,Chenmingjie,Recording38,07/01/2025,07/01/2025,16:47:15.576,08:47:15.576,803474,Timeline1,Tobii I-VT (Fixation),1.241.54219,1080,1920,10.0,14.5,1.9,2.3,1.39,0.18,0.21,53,7,8,7.8,1.7,1.6,0.77,0.17,0.16,29,6,6,9685317171,,,995,770,1017,776,972,763,0.10811,0.23324,-0.96639,-0.03735,0.23098,-0.97224,4.105,3.797,3.962,,,,Valid,Valid,222.3,91.6,500.7,285.3,90.1,500.1,278.3,212.4,266.0,208.9,0.518,0.7127,0.5296,0.7187,0.5063,0.7067,Screen Recording,Screen Recording Recording38.mp4,1920,1080,0,0,960,540,Fixation,240,500,995,774,0.5182,0.7165,,,,,,,,,,,
276776550,1120609981453,Eye Tracker,LipReading,08/25/2025,Chenmingjie,Recording38,07/01/2025,07/01/2025,16:47:15.576,08:47:15.576,803474,Timeline1,Tobii I-VT (Fixation),1.241.54219,1080,1920,10.0,14.5,1.9,2.3,1.39,0.18,0.21,53,7,8,7.8,1.7,1.6,0.77,0.17,0.16,29,6,6,9685321168,,,997,763,1023,764,970,762,0.11137,0.22685,-0.96754,-0.03833,0.23027,-0.97237,4.123,3.794,3.961,,,,Valid,Valid,222.3,91.6,500.7,285.3,90.1,500.1,279.9,209.0,265.6,208.5,0.5191,0.7062,0.5327,0.707,0.5054,0.7054,Screen Recording,Screen Recording Recording38.mp4,1920,1080,0,0,960,540,Fixation,240,500,995,774,0.5182,0.7165,,,,,,,,,,,
276780550,1120609985453,Eye Tracker,LipReading,08/25/2025,Chenmingjie,Recording38,07/01/2025,07/01/2025,16:47:15.576,08:47:15.576,803474,Timeline1,Tobii I-VT (Fixation),1.241.54219,1080,1920,10.0,14.5,1.9,2.3,1.39,0.18,0.21,53,7,8,7.8,1.7,1.6,0.77,0.17,0.16,29,6,6,9685325168,,,998,763,1024,762,972,764,0.11214,0.22587,-0.96768,-0.03728,0.23135,-0.97216,4.137,3.811,3.969,,,,Valid,Valid,222.3,91.6,500.8,285.3,90.1,500.1,280.3,208.4,266.1,209.1,0.5199,0.7063,0.5335,0.7053,0.5064,0.7074,Screen Recording,Screen Recording Recording38.mp4,1920,1080,0,0,960,540,Fixation,240,500,995,774,0.5182,0.7165,,,,,,,,,,,
276784550,1120609989453,Eye Tracker,LipReading,08/25/2025,Chenmingjie,Recording38,07/01/2025,07/01/2025,16:47:15.576,08:47:15.576,803474,Timeline1,Tobii I-VT (Fixation),1.241.54219,1080,1920,10.0,14.5,1.9,2.3,1.39,0.18,0.21,53,7,8,7.8,1.7,1.6,0.77,0.17,0.16,29,6,6,9685329168,,,997,757,1020,752,975,761,0.1101,0.2211,-0.96902,-0.03608,0.22984,-0.97256,4.17,3.8,3.969,,,,Valid,Valid,222.3,91.6,500.8,285.3,90.1,500.1,279.2,205.8,266.7,208.3,0.5195,0.7005,0.5313,0.6964,0.5076,0.7046,Screen Recording,Screen Recording Recording38.mp4,1920,1080,0,0,960,540,Fixation,240,500,995,774,0.5182,0.7165,,,,,,,,,,,
276788553,1120609993456,Eye Tracker,LipReading,08/25/2025,Chenmingjie,Recording38,07/01/2025,07/01/2025,16:47:15.576,08:47:15.576,803474,Timeline1,Tobii I-VT (Fixation),1.241.54219,1080,1920,10.0,14.5,1.9,2.3,1.39,0.18,0.21,53,7,8,7.8,1.7,1.6,0.77,0.17,0.16,29,6,6,9685333171,,,997,759,1024,761,970,756,0.11188,0.22575,-0.96774,-0.03856,0.22742,-0.97303,4.152,3.808,3.97,,,,Valid,Valid,222.3,91.5,500.8,285.3,90.1,500.1,280.2,208.4,265.5,207.0,0.5192,0.7026,0.5332,0.705,0.5052,0.7002,Screen Recording,Screen Recording Recording38.mp4,1920,1080,0,0,960,540,Fixation,240,500,995,774,0.5182,0.7165,,,,,,,,,,,
276792549,1120609997452,Eye Tracker,LipReading,08/25/2025,Chenmingjie,Recording38,07/01/2025,07/01/2025,16:47:15.576,08:47:15.576,803474,Timeline1,Tobii I-VT (Fixation),1.241.54219,1080,1920,10.0,14.5,1.9,2.3,1.39,0.18,0.21,53,7,8,7.8,1.7,1.6,0.77,0.17,0.16,29,6,6,9685337168,,,993,772,1017,776,969,768,0.10825,0.23317,-0.96639,-0.03912,0.23317,-0.97165,4.107,3.789,3.965,,,,Valid,Valid,222.3,91.6,500.8,285.3,90.1,500.1,278.4,212.4,265.1,210.1,0.5172,0.7147,0.5298,0.7186,0.5046,0.7108,Screen Recording,Screen Recording Recording38.mp4,1920,1080,0,0,960,540,Fixation,240,500,995,774,0.5182,0.7165,,,,,,,,,,,
276796550,1120610001453,Eye Tracker,LipReading,08/25/2025,Chenmingjie,Recording38,07/01/2025,07/01/2025,16:47:15.576,08:47:15.576,803474,Timeline1,Tobii I-VT (Fixation),1.241.54219,1080,1920,10.0,14.5,1.9,2.3,1.39,0.18,0.21,53,7,8,7.8,1.7,1.6,0.77,0.17,0.16,29,6,6,9685341169,,,991,773,1015,782,967,765,0.1069,0.23599,-0.96586,-0.04039,0.23174,-0.97194,4.095,3.802,3.965,,,,Valid,Valid,222.3,91.6,500.8,285.3,90.1,500.1,277.7,213.9,264.5,209.3,0.516,0.716,0.5285,0.7238,0.5034,0.7082,Screen Recording,Screen Recording Recording38.mp4,1920,1080,0,0,960,540,Fixation,240,500,995,774,0.5182,0.7165,,,,,,,,,,,
276800550,1120610005453,Eye Tracker,LipReading,08/25/2025,Chenmingjie,Recording38,07/01/2025,07/01/2025,16:47:15.576,08:47:15.576,803474,Timeline1,Tobii I-VT (Fixation),1.241.54219,1080,1920,10.0,14.5,1.9,2.3,1.39,0.18,0.21,53,7,8,7.8,1.7,1.6,0.77,0.17,0.16,29,6,6,9685345169,,,992,766,1015,767,969,765,0.10716,0.22882,-0.96755,-0.03921,0.2316,-0.97202,4.128,3.804,3.965,,,,Valid,Valid,222.3,91.6,500.8,285.3,90.1,500.1,277.8,210.0,265.1,209.2,0.5166,0.7092,0.5286,0.7105,0.5045,0.7079,Screen Recording,Screen Recording Recording38.mp4,1920,1080,0,0,960,540,Fixation,240,500,995,774,0.5182,0.7165,,,,,,,,,,,
276804550,1120610009453,Eye Tracker,LipReading,08/25/2025,Chenmingjie,Recording38,07/01/2025,07/01/2025,16:47:15.576,08:47:15.576,803474,Timeline1,Tobii I-VT (Fixation),1.241.54219,1080,1920,10.0,14.5,1.9,2.3,1.39,0.18,0.21,53,7,8,7.8,1.7,1.6,0.77,0.17,0.16,29,6,6,9685349169,,,992,752,1012,743,971,762,0.10584,0.21642,-0.97055,-0.03779,0.23042,-0.97236,4.2,3.786,3.966,,,,Valid,Valid,222.3,91.5,500.9,285.3,90.1,500.1,276.9,203.2,265.8,208.6,0.5165,0.6967,0.527,0.6876,0.506,0.7057,Screen Recording,Screen Recording Recording38.mp4,1920,1080,0,0,960,540,Fixation,240,500,995,774,0.5182,0.7165,,,,,,,,,,,
276808549,1120610013452,Eye Tracker,LipReading,08/25/2025,Chenmingjie,Recording38,07/01/2025,07/01/2025,16:47:15.576,08:47:15.576,803474,Timeline1,Tobii I-VT (Fixation),1.241.54219,1080,1920,10.0,14.5,1.9,2.3,1.39,0.18,0.21,53,7,8,7.8,1.7,1.6,0.77,0.17,0.16,29,6,6,9685353168,,,996,761,1022,759,970,763,0.1108,0.22436,-0.96819,-0.03867,0.23102,-0.97218,4.151,3.804,3.97,,,,Valid,Valid,222.3,91.6,500.9,285.3,90.1,500.1,279.6,207.6,265.4,208.9,0.5186,0.7046,0.5322,0.7025,0.5051,0.7068,Screen Recording,Screen Recording Recording38.mp4,1920,1080,0,0,960,540,Fixation,240,500,995,774,0.5182,0.7165,,,,,,,,,,,
276812550,1120610017453,Eye Tracker,LipReading,08/25/2025,Chenmingjie,Recording38,07/01/2025,07/01/2025,16:47:15.576,08:47:15.576,803474,Timeline1,Tobii I-VT (Fixation),1.241.54219,1080,1920,10.0,14.5,1.9,2.3,1.39,0.18,0.21,53,7,8,7.8,1.7,1.6,0.77,0.17,0.16,29,6,6,9685357169,,,997,761,1019,767,975,755,0.10934,0.22834,-0.96742,-0.03592,0.22696,-0.97324,4.114,3.816,3.969,,,,Valid,Valid,222.3,91.6,500.9,285.3,90.1,500.1,278.9,209.8,266.8,206.7,0.5193,0.7045,0.5308,0.7097,0.5078,0.6993,Screen Recording,Screen Recording Recording38.mp4,1920,1080,0,0,960,540,Fixation,240,500,995,774,0.5182,0.7165,,,,,,,,,,,
276816551,1120610021454,Eye Tracker,LipReading,08/25/2025,Chenmingjie,Recording38,07/01/2025,07/01/2025,16:47:15.576,08:47:15.576,803474,Timeline1,Tobii I-VT (Fixation),1.241.54219,1080,1920,10.0,14.5,1.9,2.3,1.39,0.18,0.21,53,7,8,7.8,1.7,1.6,0.77,0.17,0.16,29,6,6,9685361170,,,995,754,1016,752,973,756,0.10797,0.221,-0.96928,-0.03691,0.22729,-0.97313,4.137,3.8,3.961,,,,Valid,Valid,222.3,91.6,500.9,285.3,90.1,500.1,278.1,205.8,266.3,206.9,0.5181,0.698,0.5293,0.6962,0.5068,0.6999,Screen Recording,Screen Recording Recording38.mp4,1920,1080,0,0,960,540,Fixation,240,500,995,774,0.5182,0.7165,,,,,,,,,,,
276820549,1120610025452,Eye Tracker,LipReading,08/25/2025,Chenmingjie,Recording38,07/01/2025,07/01/2025,16:47:15.576,08:47:15.576,803474,Timeline1,Tobii I-VT (Fixation),1.241.54219,1080,1920,10.0,14.5,1.9,2.3,1.39,0.18,0.21,53,7,8,7.8,1.7,1.6,0.77,0.17,0.16,29,6,6,9685365168,,,992,762,1015,765,970,760,0.10724,0.22749,-0.96786,-0.03881,0.22919,-0.97261,4.101,3.79,3.959,,,,Valid,Valid,222.3,91.5,500.9,285.3,90.1,500.1,277.8,209.3,265.3,207.9,0.5168,0.7057,0.5287,0.7081,0.505,0.7034,Screen Recording,Screen Recording Recording38.mp4,1920,1080,0,0,960,540,Fixation,240,500,995,774,0.5182,0.7165,,,,,,,,,,,
276824549,1120610029452,Eye Tracker,LipReading,08/25/2025,Chenmingjie,Recording38,07/01/2025,07/01/2025,16:47:15.576,08:47:15.576,803474,Timeline1,Tobii I-VT (Fixation),1.241.54219,1080,1920,10.0,14.5,1.9,2.3,1.39,0.18,0.21,53,7,8,7.8,1.7,1.6,0.77,0.17,0.16,29,6,6,9685369168,,,990,758,1010,759,970,758,0.10467,0.2245,-0.96884,-0.03871,0.22825,-0.97283,4.121,3.789,3.959,,,,Valid,Valid,222.3,91.5,500.9,285.3,90.0,500.1,276.4,207.6,265.4,207.4,0.5156,0.7021,0.5261,0.7024,0.5051,0.7017,Screen Recording,Screen Recording Recording38.mp4,1920,1080,0,0,960,540,Fixation,240,500,995,774,0.5182,0.7165,,,,,,,,,,,
276828550,1120610033453,Eye Tracker,LipReading,08/25/2025,Chenmingjie,Recording38,07/01/2025,07/01/2025,16:47:15.576,08:47:15.576,803474,Timeline1,Tobii I-VT (Fixation),1.241.54219,1080,1920,10.0,14.5,1.9,2.3,1.39,0.18,0.21,53,7,8,7.8,1.7,1.6,0.77,0.17,0.16,29,6,6,9685373169,,,994,753,1021,750,967,756,0.11031,0.21996,-0.96925,-0.04014,0.22722,-0.97302,4.136,3.797,3.958,,,,Valid,Valid,222.3,91.5,500.9,285.3,90.0,500.1,279.3,205.2,264.6,206.8,0.5176,0.6971,0.5316,0.6943,0.5037,0.6998,Screen Recording,Screen Recording Recording38.mp4,1920,1080,0,0,960,540,Fixation,240,500,995,774,0.5182,0.7165,,,,,,,,,,,
276832549,1120610037452,Eye Tracker,LipReading,08/25/2025,Chenmingjie,Recording38,07/01/2025,07/01/2025,16:47:15.576,08:47:15.576,803474,Timeline1,Tobii I-VT (Fixation),1.241.54219,1080,1920,10.0,14.5,1.9,2.3,1.39,0.18,0.21,53,7,8,7.8,1.7,1.6,0.77,0.17,0.16,29,6,6,9685377168,,,995,751,1017,750,973,753,0.10829,0.2201,-0.96945,-0.03672,0.22566,-0.97351,4.119,3.811,3.959,,,,Valid,Valid,222.3,91.5,501.0,285.3,90.0,500.2,278.2,205.3,266.4,206.0,0.5183,0.6957,0.5296,0.6945,0.507,0.6969,Screen Recording,Screen Recording Recording38.mp4,1920,1080,0,0,960,540,Fixation,240,500,995,774,0.5182,0.7165,,,,,,,,,,,
276836549,1120610041452,Eye Tracker,LipReading,08/25/2025,Chenmingjie,Recording38,07/01/2025,07/01/2025,16:47:15.576,08:47:15.576,803474,Timeline1,Tobii I-VT (Fixation),1.241.54219,1080,1920,10.0,14.5,1.9,2.3,1.39,0.18,0.21,53,7,8,7.8,1.7,1.6,0.77,0.17,0.16,29,6,6,9685381169,,,995,763,1015,766,975,759,0.10707,0.22806,-0.96774,-0.03583,0.22905,-0.97275,4.079,3.804,3.948,,,,Valid,Valid,222.3,91.5,500.9,285.3,90.0,500.2,277.7,209.6,266.9,207.8,0.5182,0.7061,0.5285,0.7091,0.5079,0.7031,Screen Recording,Screen Recording Recording38.mp4,1920,1080,0,0,960,540,Fixation,240,500,995,774,0.5182,0.7165,,,,,,,,,,,
276840549,1120610045452,Eye Tracker,LipReading,08/25/2025,Chenmingjie,Recording38,07/01/2025,07/01/2025,16:47:15.576,08:47:15.576,803474,Timeline1,Tobii I-VT (Fixation),1.241.54219,1080,1920,10.0,14.5,1.9,2.3,1.39,0.18,0.21,53,7,8,7.8,1.7,1.6,0.77,0.17,0.16,29,6,6,9685385169,,,996,750,1017,751,975,749,0.10832,0.2206,-0.96933,-0.03578,0.22382,-0.97397,4.097,3.8,3.946,,,,Valid,Valid,222.3,91.5,501.0,285.3,90.0,500.2,278.3,205.5,266.9,205.0,0.5188,0.6944,0.5296,0.6954,0.508,0.6935,Screen Recording,Screen Recording Recording38.mp4,1920,1080,0,0,960,540,Fixation,240,500,995,774,0.5182,0.7165,,,,,,,,,,,
276844549,1120610049452,Eye Tracker,LipReading,08/25/2025,Chenmingjie,Recording38,07/01/2025,07/01/2025,16:47:15.576,08:47:15.576,803474,Timeline1,Tobii I-VT (Fixation),1.241.54219,1080,1920,10.0,14.5,1.9,2.3,1.39,0.18,0.21,53,7,8,7.8,1.7,1.6,0.77,0.17,0.16,29,6,6,9685389169,,,991,758,1014,761,969,755,0.10648,0.22584,-0.96833,-0.03911,0.22693,-0.97313,4.065,3.789,3.934,,,,Valid,Valid,222.3,91.5,501.0,285.3,90.0,500.2,277.4,208.3,265.2,206.7,0.5163,0.7021,0.5279,0.7049,0.5047,0.6993,Screen Recording,Screen Recording Recording38.mp4,1920,1080,0,0,960,540,Fixation,240,500,995,774,0.5182,0.7165,,,,,,,,,,,
276848548,1120610053451,Eye Tracker,LipReading,08/25/2025,Chenmingjie,Recording38,07/01/2025,07/01/2025,16:47:15.576,08:47:15.576,803474,Timeline1,Tobii I-VT (Fixation),1.241.54219,1080,1920,10.0,14.5,1.9,2.3,1.39,0.18,0.21,53,7,8,7.8,1.7,1.6,0.77,0.17,0.16,29,6,6,9685393168,,,995,753,1018,755,971,752,0.10907,0.22277,-0.96875,-0.03807,0.22513,-0.97359,4.092,3.783,3.941,,,,Valid,Valid,222.3,91.5,501.0,285.3,90.0,500.2,278.7,206.7,265.7,205.7,0.518,0.6977,0.5304,0.6994,0.5057,0.6959,Screen Recording,Screen Recording Recording38.mp4,1920,1080,0,0,960,540,Fixation,240,500,995,774,0.5182,0.7165,,,,,,,,,,,
276852549,1120610057452,Eye Tracker,LipReading,08/25/2025,Chenmingjie,Recording38,07/01/2025,07/01/2025,16:47:15.576,08:47:15.576,803474,Timeline1,Tobii I-VT (Fixation),1.241.54219,1080,1920,10.0,14.5,1.9,2.3,1.39,0.18,0.21,53,7,8,7.8,1.7,1.6,0.77,0.17,0.16,29,6,6,9685397169,,,994,756,1017,758,970,753,0.10842,0.22427,-0.96848,-0.03855,0.22584,-0.9734,4.077,3.787,3.932,,,,Valid,Valid,222.3,91.5,501.0,285.3,90.0,500.2,278.4,207.5,265.5,206.1,0.5175,0.6997,0.5298,0.7021,0.5052,0.6972,Screen Recording,Screen Recording Recording38.mp4,1920,1080,0,0,960,540,Fixation,240,500,995,774,0.5182,0.7165,,,,,,,,,,,
276856548,1120610061451,Eye Tracker,LipReading,08/25/2025,Chenmingjie,Recording38,07/01/2025,07/01/2025,16:47:15.576,08:47:15.576,803474,Timeline1,Tobii I-VT (Fixation),1.241.54219,1080,1920,10.0,14.5,1.9,2.3,1.39,0.18,0.21,53,7,8,7.8,1.7,1.6,0.77,0.17,0.16,29,6,6,9685401168,,,993,744,1011,749,975,739,0.10518,0.21971,-0.96988,-0.03567,0.21902,-0.97507,4.101,3.811,3.93,,,,Valid,Valid,222.3,91.5,501.0,285.3,90.0,500.2,276.6,205.0,267.0,202.4,0.5172,0.6891,0.5264,0.6936,0.5081,0.6847,Screen Recording,Screen Recording Recording38.mp4,1920,1080,0,0,960,540,Fixation,240,500,995,774,0.5182,0.7165,,,,,,,,,,,
276860548,1120610065451,Eye Tracker,LipReading,08/25/2025,Chenmingjie,Recording38,07/01/2025,07/01/2025,16:47:15.576,08:47:15.576,803474,Timeline1,Tobii I-VT (Fixation),1.241.54219,1080,1920,10.0,14.5,1.9,2.3,1.39,0.18,0.21,53,7,8,7.8,1.7,1.6,0.77,0.17,0.16,29,6,6,9685405168,,,991,751,1013,753,969,748,0.10653,0.22194,-0.96922,-0.03885,0.22314,-0.97401,4.059,3.77,3.922,,,,Valid,Valid,222.3,91.5,501.0,285.2,90.0,500.3,277.3,206.2,265.3,204.6,0.5163,0.695,0.5278,0.6977,0.5049,0.6922,Screen Recording,Screen Recording Recording38.mp4,1920,1080,0,0,960,540,Saccade,20,1338,,,,,,,,,,,,,,,
276864548,1120610069451,Eye Tracker,LipReading,08/25/2025,Chenmingjie,Recording38,07/01/2025,07/01/2025,16:47:15.576,08:47:15.576,803474,Timeline1,Tobii I-VT (Fixation),1.241.54219,1080,1920,10.0,14.5,1.9,2.3,1.39,0.18,0.21,53,7,8,7.8,1.7,1.6,0.77,0.17,0.16,29,6,6,9685409168,,,980,747,998,749,962,745,0.09832,0.22006,-0.97052,-0.04254,0.22165,-0.9742,4.073,3.758,3.914,,,,Valid,Valid,222.2,91.5,501.1,285.2,90.0,500.3,273.0,205.1,263.4,203.8,0.5104,0.6917,0.5195,0.6939,0.5012,0.6895,Screen Recording,Screen Recording Recording38.mp4,1920,1080,0,0,960,540,Saccade,20,1338,,,,,,,,,,,,,,,
276868549,1120610073452,Eye Tracker,LipReading,08/25/2025,Chenmingjie,Recording38,07/01/2025,07/01/2025,16:47:15.576,08:47:15.576,803474,Timeline1,Tobii I-VT (Fixation),1.241.54219,1080,1920,10.0,14.5,1.9,2.3,1.39,0.18,0.21,53,7,8,7.8,1.7,1.6,0.77,0.17,0.16,29,6,6,9685413169,,,969,751,987,759,951,743,0.09274,0.2251,-0.96991,-0.04839,0.22078,-0.97412,4.029,3.772,3.896,,,,Valid,Valid,222.2,91.4,501.1,285.2,90.0,500.3,270.1,207.7,260.3,203.4,0.5048,0.6955,0.5141,0.7028,0.4954,0.6881,Screen Recording,Screen Recording Recording38.mp4,1920,1080,0,0,960,540,Saccade,20,1338,,,,,,,,,,,,,,,
276872548,1120610077451,Eye Tracker,LipReading,08/25/2025,Chenmingjie,Recording38,07/01/2025,07/01/2025,16:47:15.576,08:47:15.576,803474,Timeline1,Tobii I-VT (Fixation),1.241.54219,1080,1920,10.0,14.5,1.9,2.3,1.39,0.18,0.21,53,7,8,7.8,1.7,1.6,0.77,0.17,0.16,29,6,6,9685417168,,,964,747,981,755,947,739,0.08988,0.22294,-0.97068,-0.05059,0.21846,-0.97453,4.015,3.763,3.889,,,,Valid,Valid,222.2,91.4,501.1,285.2,90.0,500.3,268.6,206.5,259.2,202.1,0.5022,0.6913,0.5112,0.6987,0.4933,0.6838,Screen Recording,Screen Recording Recording38.mp4,1920,1080,0,0,960,540,Saccade,20,1338,,,,,,,,,,,,,,,
276876549,1120610081452,Eye Tracker,LipReading,08/25/2025,Chenmingjie,Recording38,07/01/2025,07/01/2025,16:47:15.576,08:47:15.576,803474,Timeline1,Tobii I-VT (Fixation),1.241.54219,1080,1920,10.0,14.5,1.9,2.3,1.39,0.18,0.21,53,7,8,7.8,1.7,1.6,0.77,0.17,0.16,29,6,6,9685421169,,,960,745,972,752,948,738,0.08496,0.22162,-0.97143,-0.05004,0.21819,-0.97462,4.007,3.758,3.889,,,,Valid,Valid,222.2,91.4,501.2,285.1,90.0,500.3,266.0,205.7,259.4,202.0,0.5,0.6897,0.5063,0.6961,0.4938,0.6833,Screen Recording,Screen Recording Recording38.mp4,1920,1080,0,0,960,540,Saccade,20,1338,,,,,,,,,,,,,,,
276880549,1120610085452,Eye Tracker,LipReading,08/25/2025,Chenmingjie,Recording38,07/01/2025,07/01/2025,16:47:15.576,08:47:15.576,803474,Timeline1,Tobii I-VT (Fixation),1.241.54219,1080,1920,10.0,14.5,1.9,2.3,1.39,0.18,0.21,53,7,8,7.8,1.7,1.6,0.77,0.17,0.16,29,6,6,9685425169,,,967,742,981,750,952,733,0.08959,0.22042,-0.97128,-0.0478,0.21593,-0.97524,4.003,3.776,3.889,,,,Valid,Valid,222.2,91.4,501.2,285.1,89.9,500.4,268.4,205.1,260.6,200.7,0.5034,0.6866,0.5108,0.6941,0.496,0.6791,Screen Recording,Screen Recording Recording38.mp4,1920,1080,0,0,960,540,Fixation,1596,501,973,706,0.5067,0.6535,,,,,,,,,,,
276884549,1120610089452,Eye Tracker,LipReading,08/25/2025,Chenmingjie,Recording38,07/01/2025,07/01/2025,16:47:15.576,08:47:15.576,803474,Timeline1,Tobii I-VT (Fixation),1.241.54219,1080,1920,10.0,14.5,1.9,2.3,1.39,0.18,0.21,53,7,8,7.8,1.7,1.6,0.77,0.17,0.16,29,6,6,9685429169,,,971,732,987,741,956,724,0.09297,0.21588,-0.97198,-0.04605,0.21094,-0.97641,4.017,3.752,3.887,,,,Valid,Valid,222.2,91.4,501.2,285.1,89.9,500.3,270.1,202.7,261.5,198.0,0.5059,0.6779,0.5141,0.6858,0.4977,0.67,Screen Recording,Screen Recording Recording38.mp4,1920,1080,0,0,960,540,Fixation,1596,501,973,706,0.5067,0.6535,,,,,,,,,,,
276888548,1120610093451,Eye Tracker,LipReading,08/25/2025,Chenmingjie,Recording38,07/01/2025,07/01/2025,16:47:15.576,08:47:15.576,803474,Timeline1,Tobii I-VT (Fixation),1.241.54219,1080,1920,10.0,14.5,1.9,2.3,1.39,0.18,0.21,53,7,8,7.8,1.7,1.6,0.77,0.17,0.16,29,6,6,9685433168,,,967,731,985,738,950,723,0.0918,0.21472,-0.97235,-0.0492,0.21049,-0.97636,4.046,3.767,3.884,,,,Valid,Valid,222.2,91.4,501.1,285.1,89.9,500.4,269.5,202.1,259.9,197.8,0.5038,0.6765,0.5129,0.6837,0.4946,0.6692,Screen Recording,Screen Recording Recording38.mp4,1920,1080,0,0,960,540,Fixation,1596,501,973,706,0.5067,0.6535,,,,,,,,,,,
276892549,1120610097452,Eye Tracker,LipReading,08/25/2025,Chenmingjie,Recording38,07/01/2025,07/01/2025,16:47:15.576,08:47:15.576,803474,Timeline1,Tobii I-VT (Fixation),1.241.54219,1080,1920,10.0,14.5,1.9,2.3,1.39,0.18,0.21,53,7,8,7.8,1.7,1.6,0.77,0.17,0.16,29,6,6,9685437169,,,968,740,985,748,950,733,0.09182,0.21938,-0.97131,-0.04886,0.2156,-0.97526,4.018,3.743,3.885,,,,Valid,Valid,222.2,91.4,501.2,285.1,89.9,500.4,269.5,204.6,260.1,200.5,0.5039,0.6854,0.513,0.6922,0.4949,0.6785,Screen Recording,Screen Recording Recording38.mp4,1920,1080,0,0,960,540,Fixation,1596,501,973,706,0.5067,0.6535,,,,,,,,,,,
276896548,1120610101451,Eye Tracker,LipReading,08/25/2025,Chenmingjie,Recording38,07/01/2025,07/01/2025,16:47:15.576,08:47:15.576,803474,Timeline1,Tobii I-VT (Fixation),1.241.54219,1080,1920,10.0,14.5,1.9,2.3,1.39,0.18,0.21,53,7,8,7.8,1.7,1.6,0.77,0.17,0.16,29,6,6,9685441168,,,969,735,982,748,957,722,0.09037,0.21935,-0.97145,-0.04555,0.21008,-0.97662,3.989,3.744,3.881,,,,Valid,Valid,222.2,91.4,501.1,285.1,89.9,500.4,268.8,204.6,261.8,197.6,0.5049,0.6803,0.5115,0.6921,0.4982,0.6684,Screen Recording,Screen Recording Recording38.mp4,1920,1080,0,0,960,540,Fixation,1596,501,973,706,0.5067,0.6535,,,,,,,,,,,
276900548,1120610105451,Eye Tracker,LipReading,08/25/2025,Chenmingjie,Recording38,07/01/2025,07/01/2025,16:47:15.576,08:47:15.576,803474,Timeline1,Tobii I-VT (Fixation),1.241.54219,1080,1920,10.0,14.5,1.9,2.3,1.39,0.18,0.21,53,7,8,7.8,1.7,1.6,0.77,0.17,0.16,29,6,6,9685445168,,,968,732,981,739,955,725,0.08999,0.21483,-0.9725,-0.04649,0.2116,-0.97625,4.021,3.753,3.881,,,,Valid,Valid,222.2,91.4,501.2,285.1,89.9,500.4,268.5,202.1,261.3,198.4,0.5042,0.6775,0.5111,0.6838,0.4973,0.6712,Screen Recording,Screen Recording Recording38.mp4,1920,1080,0,0,960,540,Fixation,1596,501,973,706,0.5067,0.6535,,,,,,,,,,,
276904548,1120610109451,Eye Tracker,LipReading,08/25/2025,Chenmingjie,Recording38,07/01/2025,07/01/2025,16:47:15.576,08:47:15.576,803474,Timeline1,Tobii I-VT (Fixation),1.241.54219,1080,1920,10.0,14.5,1.9,2.3,1.39,0.18,0.21,53,7,8,7.8,1.7,1.6,0.77,0.17,0.16,29,6,6,9685449168,,,969,735,983,743,955,726,0.09066,0.21689,-0.97198,-0.04628,0.21239,-0.97609,3.987,3.727,3.868,,,,Valid,Valid,222.1,91.4,501.2,285.1,89.9,500.4,268.9,203.2,261.4,198.8,0.5046,0.6801,0.5118,0.6876,0.4975,0.6726,Screen Recording,Screen Recording Recording38.mp4,1920,1080,0,0,960,540,Fixation,1596,501,973,706,0.5067,0.6535,,,,,,,,,,,
276908549,1120610113452,Eye Tracker,LipReading,08/25/2025,Chenmingjie,Recording38,07/01/2025,07/01/2025,16:47:15.576,08:47:15.576,803474,Timeline1,Tobii I-VT (Fixation),1.241.54219,1080,1920,10.0,14.5,1.9,2.3,1.39,0.18,0.21,53,7,8,7.8,1.7,1.6,0.77,0.17,0.16,29,6,6,9685453169,,,970,724,983,731,957,717,0.09119,0.21111,-0.9732,-0.04546,0.20761,-0.97715,4.018,3.746,3.877,,,,Valid,Valid,222.1,91.4,501.2,285.1,89.9,500.4,269.1,200.1,261.8,196.2,0.5052,0.6705,0.5122,0.6771,0.4983,0.6639,Screen Recording,Screen Recording Recording38.mp4,1920,1080,0,0,960,540,Fixation,1596,501,973,706,0.5067,0.6535,,,,,,,,,,,
276912548,1120610117451,Eye Tracker,LipReading,08/25/2025,Chenmingjie,Recording38,07/01/2025,07/01/2025,16:47:15.576,08:47:15.576,803474,Timeline1,Tobii I-VT (Fixation),1.241.54219,1080,1920,10.0,14.5,1.9,2.3,1.39,0.18,0.21,53,7,8,7.8,1.7,1.6,0.77,0.17,0.16,29,6,6,9685457168,,,970,729,982,739,959,718,0.09023,0.2152,-0.97239,-0.04425,0.20799,-0.97713,3.991,3.735,3.867,,,,Valid,Valid,222.1,91.4,501.2,285.1,89.9,500.4,268.6,202.3,262.4,196.4,0.5054,0.6745,0.5113,0.6845,0.4995,0.6646,Screen Recording,Screen Recording Recording38.mp4,1920,1080,0,0,960,540,Fixation,1596,501,973,706,0.5067,0.6535,,,,,,,,,,,
276916549,1120610121452,Eye Tracker,LipReading,08/25/2025,Chenmingjie,Recording38,07/01/2025,07/01/2025,16:47:15.576,08:47:15.576,803474,Timeline1,Tobii I-VT (Fixation),1.241.54219,1080,1920,10.0,14.5,1.9,2.3,1.39,0.18,0.21,53,7,8,7.8,1.7,1.6,0.77,0.17,0.16,29,6,6,9685461169,,,971,728,985,740,956,717,0.0922,0.21533,-0.97218,-0.04558,0.20774,-0.97712,4.013,3.742,3.867,,,,Valid,Valid,222.1,91.4,501.2,285.1,89.9,500.4,269.7,202.4,261.8,196.3,0.5057,0.6745,0.5132,0.6848,0.4982,0.6642,Screen Recording,Screen Recording Recording38.mp4,1920,1080,0,0,960,540,Fixation,1596,501,973,706,0.5067,0.6535,,,,,,,,,,,
276920549,1120610125452,Eye Tracker,LipReading,08/25/2025,Chenmingjie,Recording38,07/01/2025,07/01/2025,16:47:15.576,08:47:15.576,803474,Timeline1,Tobii I-VT (Fixation),1.241.54219,1080,1920,10.0,14.5,1.9,2.3,1.39,0.18,0.21,53,7,8,7.8,1.7,1.6,0.77,0.17,0.16,29,6,6,9685465169,,,966,730,982,743,951,717,0.09014,0.21724,-0.97195,-0.04838,0.20751,-0.97704,3.962,3.744,3.862,,,,Valid,Valid,222.1,91.4,501.2,285.1,89.9,500.4,268.6,203.4,260.3,196.2,0.5033,0.676,0.5112,0.6882,0.4954,0.6638,Screen Recording,Screen Recording Recording38.mp4,1920,1080,0,0,960,540,Fixation,1596,501,973,706,0.5067,0.6535,,,,,,,,,,,
276924549,1120610129452,Eye Tracker,LipReading,08/25/2025,Chenmingjie,Recording38,07/01/2025,07/01/2025,16:47:15.576,08:47:15.576,803474,Timeline1,Tobii I-VT (Fixation),1.241.54219,1080,1920,10.0,14.5,1.9,2.3,1.39,0.18,0.21,53,7,8,7.8,1.7,1.6,0.77,0.17,0.16,29,6,6,9685469169,,,966,727,979,737,953,717,0.08887,0.21403,-0.97278,-0.04759,0.20747,-0.97708,3.989,3.723,3.855,,,,Valid,Valid,222.1,91.4,501.2,285.1,89.9,500.4,267.9,201.7,260.7,196.2,0.503,0.673,0.5099,0.6823,0.4962,0.6637,Screen Recording,Screen Recording Recording38.mp4,1920,1080,0,0,960,540,Fixation,1596,501,973,706,0.5067,0.6535,,,,,,,,,,,
276928547,1120610133450,Eye Tracker,LipReading,08/25/2025,Chenmingjie,Recording38,07/01/2025,07/01/2025,16:47:15.576,08:47:15.576,803474,Timeline1,Tobii I-VT (Fixation),1.241.54219,1080,1920,10.0,14.5,1.9,2.3,1.39,0.18,0.21,53,7,8,7.8,1.7,1.6,0.77,0.17,0.16,29,6,6,9685473168,,,967,723,980,734,955,713,0.0894,0.21239,-0.97309,-0.04661,0.20565,-0.97751,3.985,3.724,3.852,,,,Valid,Valid,222.1,91.4,501.2,285.1,89.9,500.5,268.2,200.8,261.2,195.2,0.5038,0.6698,0.5104,0.6793,0.4972,0.6604,Screen Recording,Screen Recording Recording38.mp4,1920,1080,0,0,960,540,Fixation,1596,501,973,706,0.5067,0.6535,,,,,,,,,,,
276932548,1120610137451,Eye Tracker,LipReading,08/25/2025,Chenmingjie,Recording38,07/01/2025,07/01/2025,16:47:15.576,08:47:15.576,803474,Timeline1,Tobii I-VT (Fixation),1.241.54219,1080,1920,10.0,14.5,1.9,2.3,1.39,0.18,0.21,53,7,8,7.8,1.7,1.6,0.77,0.17,0.16,29,6,6,9685477169,,,966,731,980,743,952,719,0.08925,0.2172,-0.97204,-0.04821,0.20855,-0.97682,3.951,3.713,3.852,,,,Valid,Valid,222.1,91.4,501.2,285.1,89.9,500.4,268.2,203.4,260.4,196.7,0.503,0.6769,0.5103,0.6881,0.4956,0.6657,Screen Recording,Screen Recording Recording38.mp4,1920,1080,0,0,960,540,Fixation,1596,501,973,706,0.5067,0.6535,,,,,,,,,,,
276936547,1120610141450,Eye Tracker,LipReading,08/25/2025,Chenmingjie,Recording38,07/01/2025,07/01/2025,16:47:15.576,08:47:15.576,803474,Timeline1,Tobii I-VT (Fixation),1.241.54219,1080,1920,10.0,14.5,1.9,2.3,1.39,0.18,0.21,53,7,8,7.8,1.7,1.6,0.77,0.17,0.16,29,6,6,9685481168,,,968,724,982,726,953,721,0.09062,0.2086,-0.97379,-0.04719,0.20982,-0.9766,3.98,3.728,3.842,,,,Valid,Valid,222.1,91.4,501.2,285.1,89.9,500.4,268.8,198.7,260.9,197.4,0.504,0.6702,0.5115,0.6724,0.4966,0.6679,Screen Recording,Screen Recording Recording38.mp4,1920,1080,0,0,960,540,Fixation,1596,501,973,706,0.5067,0.6535,,,,,,,,,,,
276940547,1120610145450,Eye Tracker,LipReading,08/25/2025,Chenmingjie,Recording38,07/01/2025,07/01/2025,16:47:15.576,08:47:15.576,803474,Timeline1,Tobii I-VT (Fixation),1.241.54219,1080,1920,10.0,14.5,1.9,2.3,1.39,0.18,0.21,53,7,8,7.8,1.7,1.6,0.77,0.17,0.16,29,6,6,9685485168,,,964,725,975,737,953,712,0.08666,0.21423,-0.97293,-0.04718,0.20524,-0.97757,3.939,3.727,3.839,,,,Valid,Valid,222.1,91.4,501.2,285.1,89.9,500.5,266.8,201.7,260.9,195.0,0.5022,0.6711,0.5077,0.6826,0.4966,0.6596,Screen Recording,Screen Recording Recording38.mp4,1920,1080,0,0,960,540,Fixation,1596,501,973,706,0.5067,0.6535,,,,,,,,,,,
276944547,1120610149450,Eye Tracker,LipReading,08/25/2025,Chenmingjie,Recording38,07/01/2025,07/01/2025,16:47:15.576,08:47:15.576,803474,Timeline1,Tobii I-VT (Fixation),1.241.54219,1080,1920,10.0,14.5,1.9,2.3,1.39,0.18,0.21,53,7,8,7.8,1.7,1.6,0.77,0.17,0.16,29,6,6,9685489168,,,967,725,982,732,951,719,0.09052,0.21151,-0.97318,-0.04831,0.20852,-0.97682,3.96,3.703,3.837,,,,Valid,Valid,222.1,91.4,501.2,285.1,89.9,500.5,268.7,200.3,260.3,196.7,0.5035,0.6717,0.5115,0.6777,0.4955,0.6656,Screen Recording,Screen Recording Recording38.mp4,1920,1080,0,0,960,540,Fixation,1596,501,973,706,0.5067,0.6535,,,,,,,,,,,
276948548,1120610153451,Eye Tracker,LipReading,08/25/2025,Chenmingjie,Recording38,07/01/2025,07/01/2025,16:47:15.576,08:47:15.576,803474,Timeline1,Tobii I-VT (Fixation),1.241.54219,1080,1920,10.0,14.5,1.9,2.3,1.39,0.18,0.21,53,7,8,7.8,1.7,1.6,0.77,0.17,0.16,29,6,6,9685493169,,,968,721,983,734,952,709,0.09109,0.21235,-0.97294,-0.04778,0.20327,-0.97796,3.942,3.727,3.835,,,,Valid,Valid,222.1,91.4,501.2,285.1,89.9,500.5,269.0,200.8,260.6,193.9,0.504,0.6677,0.512,0.6793,0.496,0.6561,Screen Recording,Screen Recording Recording38.mp4,1920,1080,0,0,960,540,Fixation,1596,501,973,706,0.5067,0.6535,,,,,,,,,,,
276952547,1120610157450,Eye Tracker,LipReading,08/25/2025,Chenmingjie,Recording38,07/01/2025,07/01/2025,16:47:15.576,08:47:15.576,803474,Timeline1,Tobii I-VT (Fixation),1.241.54219,1080,1920,10.0,14.5,1.9,2.3,1.39,0.18,0.21,53,7,8,7.8,1.7,1.6,0.77,0.17,0.16,29,6,6,9685497168,,,964,718,977,722,952,713,0.08774,0.20666,-0.97447,-0.04783,0.20561,-0.97746,3.946,3.711,3.831,,,,Valid,Valid,222.1,91.4,501.2,285.1,89.9,500.5,267.2,197.7,260.6,195.2,0.5023,0.6646,0.5086,0.6688,0.496,0.6603,Screen Recording,Screen Recording Recording38.mp4,1920,1080,0,0,960,540,Fixation,1596,501,973,706,0.5067,0.6535,,,,,,,,,,,
276956548,1120610161451,Eye Tracker,LipReading,08/25/2025,Chenmingjie,Recording38,07/01/2025,07/01/2025,16:47:15.576,08:47:15.576,803474,Timeline1,Tobii I-VT (Fixation),1.241.54219,1080,1920,10.0,14.5,1.9,2.3,1.39,0.18,0.21,53,7,8,7.8,1.7,1.6,0.77,0.17,0.16,29,6,6,9685501169,,,965,720,979,729,952,711,0.08904,0.21025,-0.97358,-0.04822,0.20461,-0.97766,3.951,3.724,3.829,,,,Valid,Valid,222.1,91.4,501.2,285.1,89.9,500.5,268.0,199.6,260.4,194.6,0.5028,0.667,0.51,0.6754,0.4956,0.6585,Screen Recording,Screen Recording Recording38.mp4,1920,1080,0,0,960,540,Fixation,1596,501,973,706,0.5067,0.6535,,,,,,,,,,,
276960548,1120610165451,Eye Tracker,LipReading,08/25/2025,Chenmingjie,Recording38,07/01/2025,07/01/2025,16:47:15.576,08:47:15.576,803474,Timeline1,Tobii I-VT (Fixation),1.241.54219,1080,1920,10.0,14.5,1.9,2.3,1.39,0.18,0.21,53,7,8,7.8,1.7,1.6,0.77,0.17,0.16,29,6,6,9685505169,,,966,717,981,726,952,709,0.08984,0.20836,-0.97392,-0.04807,0.20344,-0.97791,3.967,3.709,3.83,,,,Valid,Valid,222.1,91.4,501.2,285.1,89.9,500.5,268.4,198.6,260.5,194.0,0.5032,0.6642,0.5107,0.672,0.4957,0.6564,Screen Recording,Screen Recording Recording38.mp4,1920,1080,0,0,960,540,Fixation,1596,501,973,706,0.5067,0.6535,,,,,,,,,,,
276964548,1120610169451,Eye Tracker,LipReading,08/25/2025,Chenmingjie,Recording38,07/01/2025,07/01/2025,16:47:15.576,08:47:15.576,803474,Timeline1,Tobii I-VT (Fixation),1.241.54219,1080,1920,10.0,14.5,1.9,2.3,1.39,0.18,0.21,53,7,8,7.8,1.7,1.6,0.77,0.17,0.16,29,6,6,9685509169,,,965,716,978,728,952,704,0.08865,0.20966,-0.97375,-0.0478,0.20113,-0.9784,3.934,3.693,3.828,,,,Valid,Valid,222.1,91.4,501.3,285.1,89.9,500.5,267.7,199.3,260.6,192.8,0.5028,0.6632,0.5096,0.6743,0.496,0.6522,Screen Recording,Screen Recording Recording38.mp4,1920,1080,0,0,960,540,Fixation,1596,501,973,706,0.5067,0.6535,,,,,,,,,,,
276968547,1120610173450,Eye Tracker,LipReading,08/25/2025,Chenmingjie,Recording38,07/01/2025,07/01/2025,16:47:15.576,08:47:15.576,803474,Timeline1,Tobii I-VT (Fixation),1.241.54219,1080,1920,10.0,14.5,1.9,2.3,1.39,0.18,0.21,53,7,8,7.8,1.7,1.6,0.77,0.17,0.16,29,6,6,9685513168,,,967,717,983,726,952,707,0.09102,0.20866,-0.97374,-0.04792,0.20271,-0.97807,3.953,3.702,3.823,,,,Valid,Valid,222.1,91.4,501.3,285.1,89.9,500.5,269.0,198.8,260.6,193.6,0.5039,0.6638,0.5119,0.6726,0.4959,0.6551,Screen Recording,Screen Recording Recording38.mp4,1920,1080,0,0,960,540,Fixation,1596,501,973,706,0.5067,0.6535,,,,,,,,,,,
276972548,1120610177451,Eye Tracker,LipReading,08/25/2025,Chenmingjie,Recording38,07/01/2025,07/01/2025,16:47:15.576,08:47:15.576,803474,Timeline1,Tobii I-VT (Fixation),1.241.54219,1080,1920,10.0,14.5,1.9,2.3,1.39,0.18,0.21,53,7,8,7.8,1.7,1.6,0.77,0.17,0.16,29,6,6,9685517169,,,969,717,986,725,951,709,0.09265,0.20779,-0.97378,-0.04841,0.2037,-0.97784,3.966,3.687,3.819,,,,Valid,Valid,222.1,91.4,501.3,285.1,89.9,500.5,269.8,198.3,260.3,194.1,0.5044,0.6639,0.5135,0.671,0.4954,0.6569,Screen Recording,Screen Recording Recording38.mp4,1920,1080,0,0,960,540,Fixation,1596,501,973,706,0.5067,0.6535,,,,,,,,,,,
276976547,1120610181450,Eye Tracker,LipReading,08/25/2025,Chenmingjie,Recording38,07/01/2025,07/01/2025,16:47:15.576,08:47:15.576,803474,Timeline1,Tobii I-VT (Fixation),1.241.54219,1080,1920,10.0,14.5,1.9,2.3,1.39,0.18,0.21,53,7,8,7.8,1.7,1.6,0.77,0.17,0.16,29,6,6,9685521168,,,968,716,983,726,952,706,0.09121,0.20867,-0.97372,-0.04809,0.20197,-0.97821,3.937,3.688,3.819,,,,Valid,Valid,222.1,91.4,501.3,285.1,89.9,500.5,269.1,198.8,260.5,193.2,0.5039,0.6632,0.5121,0.6726,0.4957,0.6537,Screen Recording,Screen Recording Recording38.mp4,1920,1080,0,0,960,540,Fixation,1596,501,973,706,0.5067,0.6535,,,,,,,,,,,
276980547,1120610185450,Eye Tracker,LipReading,08/25/2025,Chenmingjie,Recording38,07/01/2025,07/01/2025,16:47:15.576,08:47:15.576,803474,Timeline1,Tobii I-VT (Fixation),1.241.54219,1080,1920,10.0,14.5,1.9,2.3,1.39,0.18,0.21,53,7,8,7.8,1.7,1.6,0.77,0.17,0.16,29,6,6,9685525168,,,968,712,981,719,955,704,0.09002,0.20506,-0.9746,-0.04621,0.20093,-0.97851,3.951,3.686,3.812,,,,Valid,Valid,222.1,91.4,501.3,285.1,89.9,500.5,268.4,196.8,261.5,192.7,0.5042,0.6589,0.5108,0.666,0.4976,0.6518,Screen Recording,Screen Recording Recording38.mp4,1920,1080,0,0,960,540,Fixation,1596,501,973,706,0.5067,0.6535,,,,,,,,,,,
276984547,1120610189450,Eye Tracker,LipReading,08/25/2025,Chenmingjie,Recording38,07/01/2025,07/01/2025,16:47:15.576,08:47:15.576,803474,Timeline1,Tobii I-VT (Fixation),1.241.54219,1080,1920,10.0,14.5,1.9,2.3,1.39,0.18,0.21,53,7,8,7.8,1.7,1.6,0.77,0.17,0.16,29,6,6,9685529168,,,966,716,980,728,952,703,0.08974,0.20971,-0.97364,-0.04787,0.20056,-0.97851,3.931,3.678,3.813,,,,Valid,Valid,222.1,91.4,501.3,285.1,89.9,500.5,268.3,199.3,260.6,192.5,0.5033,0.6628,0.5107,0.6744,0.496,0.6512,Screen Recording,Screen Recording Recording38.mp4,1920,1080,0,0,960,540,Fixation,1596,501,973,706,0.5067,0.6535,,,,,,,,,,,
276988548,1120610193451,Eye Tracker,LipReading,08/25/2025,Chenmingjie,Recording38,07/01/2025,07/01/2025,16:47:15.576,08:47:15.576,803474,Timeline1,Tobii I-VT (Fixation),1.241.54219,1080,1920,10.0,14.5,1.9,2.3,1.39,0.18,0.21,53,7,8,7.8,1.7,1.6,0.77,0.17,0.16,29,6,6,9685533169,,,966,714,979,722,953,706,0.08916,0.20637,-0.9744,-0.04755,0.20183,-0.97827,3.932,3.702,3.809,,,,Valid,Valid,222.1,91.4,501.3,285.1,89.9,500.5,268.0,197.5,260.8,193.1,0.5032,0.6609,0.51,0.6683,0.4963,0.6535,Screen Recording,Screen Recording Recording38.mp4,1920,1080,0,0,960,540,Fixation,1596,501,973,706,0.5067,0.6535,,,,,,,,,,,
276992547,1120610197450,Eye Tracker,LipReading,08/25/2025,Chenmingjie,Recording38,07/01/2025,07/01/2025,16:47:15.576,08:47:15.576,803474,Timeline1,Tobii I-VT (Fixation),1.241.54219,1080,1920,10.0,14.5,1.9,2.3,1.39,0.18,0.21,53,7,8,7.8,1.7,1.6,0.77,0.17,0.16,29,6,6,9685537168,,,968,712,983,718,953,706,0.09116,0.20438,-0.97464,-0.04749,0.20191,-0.97825,3.938,3.688,3.804,,,,Valid,Valid,222.1,91.4,501.3,285.1,89.9,500.4,269.0,196.5,260.8,193.2,0.5042,0.6592,0.512,0.6648,0.4964,0.6536,Screen Recording,Screen Recording Recording38.mp4,1920,1080,0,0,960,540,Fixation,1596,501,973,706,0.5067,0.6535,,,,,,,,,,,
276996548,1120610201451,Eye Tracker,LipReading,08/25/2025,Chenmingjie,Recording38,07/01/2025,07/01/2025,16:47:15.576,08:47:15.576,803474,Timeline1,Tobii I-VT (Fixation),1.241.54219,1080,1920,10.0,14.5,1.9,2.3,1.39,0.18,0.21,53,7,8,7.8,1.7,1.6,0.77,0.17,0.16,29,6,6,9685541169,,,966,716,979,728,954,704,0.08879,0.20957,-0.97375,-0.04687,0.20076,-0.97852,3.906,3.669,3.808,,,,Valid,Valid,222.1,91.4,501.3,285.1,89.9,500.5,267.8,199.2,261.1,192.6,0.5034,0.6628,0.5098,0.6741,0.497,0.6515,Screen Recording,Screen Recording Recording38.mp4,1920,1080,0,0,960,540,Fixation,1596,501,973,706,0.5067,0.6535,,,,,,,,,,,
277000548,1120610205451,Eye Tracker,LipReading,08/25/2025,Chenmingjie,Recording38,07/01/2025,07/01/2025,16:47:15.576,08:47:15.576,803474,Timeline1,Tobii I-VT (Fixation),1.241.54219,1080,1920,10.0,14.5,1.9,2.3,1.39,0.18,0.21,53,7,8,7.8,1.7,1.6,0.77,0.17,0.16,29,6,6,9685545169,,,970,714,983,726,957,703,0.09104,0.20845,-0.97379,-0.04542,0.20028,-0.97868,3.914,3.672,3.801,,,,Valid,Valid,222.1,91.4,501.3,285.1,89.9,500.5,269.0,198.7,261.9,192.3,0.5052,0.6614,0.512,0.6721,0.4984,0.6506,Screen Recording,Screen Recording Recording38.mp4,1920,1080,0,0,960,540,Fixation,1596,501,973,706,0.5067,0.6535,,,,,,,,,,,
277004548,1120610209451,Eye Tracker,LipReading,08/25/2025,Chenmingjie,Recording38,07/01/2025,07/01/2025,16:47:15.576,08:47:15.576,803474,Timeline1,Tobii I-VT (Fixation),1.241.54219,1080,1920,10.0,14.5,1.9,2.3,1.39,0.18,0.21,53,7,8,7.8,1.7,1.6,0.77,0.17,0.16,29,6,6,9685549169,,,967,711,981,721,953,702,0.09012,0.2061,-0.97437,-0.04771,0.19971,-0.97869,3.933,3.683,3.8,,,,Valid,Valid,222.1,91.4,501.3,285.1,89.9,500.5,268.5,197.4,260.7,192.0,0.5036,0.6587,0.511,0.6679,0.4962,0.6496,Screen Recording,Screen Recording Recording38.mp4,1920,1080,0,0,960,540,Fixation,1596,501,973,706,0.5067,0.6535,,,,,,,,,,,
277008547,1120610213450,Eye Tracker,LipReading,08/25/2025,Chenmingjie,Recording38,07/01/2025,07/01/2025,16:47:15.576,08:47:15.576,803474,Timeline1,Tobii I-VT (Fixation),1.241.54219,1080,1920,10.0,14.5,1.9,2.3,1.39,0.18,0.21,53,7,8,7.8,1.7,1.6,0.77,0.17,0.16,29,6,6,9685553168,,,969,709,984,717,954,702,0.0917,0.20381,-0.97471,-0.04715,0.19992,-0.97868,3.926,3.677,3.8,,,,Valid,Valid,222.2,91.4,501.3,285.1,89.9,500.5,269.3,196.2,261.0,192.1,0.5047,0.6569,0.5126,0.6637,0.4968,0.65,Screen Recording,Screen Recording Recording38.mp4,1920,1080,0,0,960,540,Fixation,1596,501,973,706,0.5067,0.6535,,,,,,,,,,,
277012545,1120610217448,Eye Tracker,LipReading,08/25/2025,Chenmingjie,Recording38,07/01/2025,07/01/2025,16:47:15.576,08:47:15.576,803474,Timeline1,Tobii I-VT (Fixation),1.241.54219,1080,1920,10.0,14.5,1.9,2.3,1.39,0.18,0.21,53,7,8,7.8,1.7,1.6,0.77,0.17,0.16,29,6,6,9685557166,,,969,707,982,708,955,705,0.09077,0.19955,-0.97568,-0.04635,0.20168,-0.97836,3.923,3.689,3.8,,,,Valid,Valid,222.2,91.4,501.3,285.1,89.9,500.4,268.8,193.9,261.4,193.1,0.5046,0.6546,0.5116,0.656,0.4976,0.6532,Screen Recording,Screen Recording Recording38.mp4,1920,1080,0,0,960,540,Fixation,1596,501,973,706,0.5067,0.6535,,,,,,,,,,,
277016544,1120610221447,Eye Tracker,LipReading,08/25/2025,Chenmingjie,Recording38,07/01/2025,07/01/2025,16:47:15.576,08:47:15.576,803474,Timeline1,Tobii I-VT (Fixation),1.241.54219,1080,1920,10.0,14.5,1.9,2.3,1.39,0.18,0.21,53,7,8,7.8,1.7,1.6,0.77,0.17,0.16,29,6,6,9685561165,,,971,709,985,720,957,698,0.09196,0.20542,-0.97434,-0.04538,0.1979,-0.97917,3.904,3.672,3.797,,,,Valid,Valid,222.2,91.3,501.3,285.2,89.9,500.5,269.5,197.0,262.0,191.0,0.5057,0.6565,0.5129,0.6666,0.4986,0.6464,Screen Recording,Screen Recording Recording38.mp4,1920,1080,0,0,960,540,Fixation,1596,501,973,706,0.5067,0.6535,,,,,,,,,,,
277020543,1120610225446,Eye Tracker,LipReading,08/25/2025,Chenmingjie,Recording38,07/01/2025,07/01/2025,16:47:15.576,08:47:15.576,803474,Timeline1,Tobii I-VT (Fixation),1.241.54219,1080,1920,10.0,14.5,1.9,2.3,1.39,0.18,0.21,53,7,8,7.8,1.7,1.6,0.77,0.17,0.16,29,6,6,9685565165,,,969,703,979,713,958,694,0.08924,0.20172,-0.97537,-0.04491,0.19577,-0.97962,3.922,3.665,3.794,,,,Valid,Valid,222.2,91.3,501.3,285.2,89.9,500.5,268.0,195.0,262.2,189.9,0.5046,0.6512,0.5101,0.6598,0.4991,0.6425,Screen Recording,Screen Recording Recording38.mp4,1920,1080,0,0,960,540,Fixation,1596,501,973,706,0.5067,0.6535,,,,,,,,,,,
277024543,1120610229446,Eye Tracker,LipReading,08/25/2025,Chenmingjie,Recording38,07/01/2025,07/01/2025,16:47:15.576,08:47:15.576,803474,Timeline1,Tobii I-VT (Fixation),1.241.54219,1080,1920,10.0,14.5,1.9,2.3,1.39,0.18,0.21,53,7,8,7.8,1.7,1.6,0.77,0.17,0.16,29,6,6,9685569165,,,970,707,983,717,957,697,0.09103,0.20372,-0.97479,-0.04565,0.1974,-0.97926,3.9,3.653,3.788,,,,Valid,Valid,222.2,91.4,501.3,285.2,89.9,500.5,269.0,196.1,261.9,190.8,0.5052,0.6545,0.512,0.6636,0.4984,0.6455,Screen Recording,Screen Recording Recording38.mp4,1920,1080,0,0,960,540,Fixation,1596,501,973,706,0.5067,0.6535,,,,,,,,,,,
277028544,1120610233447,Eye Tracker,LipReading,08/25/2025,Chenmingjie,Recording38,07/01/2025,07/01/2025,16:47:15.576,08:47:15.576,803474,Timeline1,Tobii I-VT (Fixation),1.241.54219,1080,1920,10.0,14.5,1.9,2.3,1.39,0.18,0.21,53,7,8,7.8,1.7,1.6,0.77,0.17,0.16,29,6,6,9685573166,,,968,700,984,704,952,697,0.09148,0.19725,-0.97608,-0.04848,0.19714,-0.97918,3.931,3.666,3.788,,,,Valid,Valid,222.2,91.4,501.2,285.2,89.9,500.5,269.2,192.7,260.4,190.6,0.504,0.6485,0.5123,0.6519,0.4956,0.645,Screen Recording,Screen Recording Recording38.mp4,1920,1080,0,0,960,540,Fixation,1596,501,973,706,0.5067,0.6535,,,,,,,,,,,
277032543,1120610237446,Eye Tracker,LipReading,08/25/2025,Chenmingjie,Recording38,07/01/2025,07/01/2025,16:47:15.576,08:47:15.576,803474,Timeline1,Tobii I-VT (Fixation),1.241.54219,1080,1920,10.0,14.5,1.9,2.3,1.39,0.18,0.21,53,7,8,7.8,1.7,1.6,0.77,0.17,0.16,29,6,6,9685577165,,,965,704,980,709,950,698,0.08972,0.20005,-0.97567,-0.04957,0.19762,-0.97903,3.911,3.656,3.784,,,,Valid,Valid,222.2,91.4,501.2,285.2,89.9,500.5,268.3,194.2,259.9,190.9,0.5026,0.6514,0.5107,0.6569,0.4946,0.6459,Screen Recording,Screen Recording Recording38.mp4,1920,1080,0,0,960,540,Fixation,1596,501,973,706,0.5067,0.6535,,,,,,,,,,,
277036544,1120610241447,Eye Tracker,LipReading,08/25/2025,Chenmingjie,Recording38,07/01/2025,07/01/2025,16:47:15.576,08:47:15.576,803474,Timeline1,Tobii I-VT (Fixation),1.241.54219,1080,1920,10.0,14.5,1.9,2.3,1.39,0.18,0.21,53,7,8,7.8,1.7,1.6,0.77,0.17,0.16,29,6,6,9685581166,,,970,704,985,712,955,695,0.09186,0.20148,-0.97518,-0.04655,0.19644,-0.97941,3.907,3.664,3.784,,,,Valid,Valid,222.3,91.4,501.2,285.2,89.9,500.5,269.5,194.9,261.4,190.3,0.5052,0.6517,0.5128,0.6596,0.4976,0.6438,Screen Recording,Screen Recording Recording38.mp4,1920,1080,0,0,960,540,Fixation,1596,501,973,706,0.5067,0.6535,,,,,,,,,,,
277040544,1120610245447,Eye Tracker,LipReading,08/25/2025,Chenmingjie,Recording38,07/01/2025,07/01/2025,16:47:15.576,08:47:15.576,803474,Timeline1,Tobii I-VT (Fixation),1.241.54219,1080,1920,10.0,14.5,1.9,2.3,1.39,0.18,0.21,53,7,8,7.8,1.7,1.6,0.77,0.17,0.16,29,6,6,9685585166,,,968,700,979,706,956,694,0.08893,0.19834,-0.97609,-0.04611,0.1959,-0.97954,3.912,3.654,3.783,,,,Valid,Valid,222.3,91.4,501.2,285.2,89.9,500.4,267.9,193.2,261.7,190.0,0.504,0.6483,0.5099,0.6538,0.498,0.6428,Screen Recording,Screen Recording Recording38.mp4,1920,1080,0,0,960,540,Fixation,1596,501,973,706,0.5067,0.6535,,,,,,,,,,,
277044544,1120610249447,Eye Tracker,LipReading,08/25/2025,Chenmingjie,Recording38,07/01/2025,07/01/2025,16:47:15.576,08:47:15.576,803474,Timeline1,Tobii I-VT (Fixation),1.241.54219,1080,1920,10.0,14.5,1.9,2.3,1.39,0.18,0.21,53,7,8,7.8,1.7,1.6,0.77,0.17,0.16,29,6,6,9685589166,,,970,699,982,708,957,689,0.09055,0.19927,-0.97575,-0.04573,0.19334,-0.98007,3.932,3.65,3.778,,,,Valid,Valid,222.3,91.4,501.2,285.2,89.9,500.4,268.8,193.7,261.9,188.6,0.505,0.6469,0.5116,0.6555,0.4984,0.6382,Screen Recording,Screen Recording Recording38.mp4,1920,1080,0,0,960,540,Fixation,1596,501,973,706,0.5067,0.6535,,,,,,,,,,,
277048543,1120610253446,Eye Tracker,LipReading,08/25/2025,Chenmingjie,Recording38,07/01/2025,07/01/2025,16:47:15.576,08:47:15.576,803474,Timeline1,Tobii I-VT (Fixation),1.241.54219,1080,1920,10.0,14.5,1.9,2.3,1.39,0.18,0.21,53,7,8,7.8,1.7,1.6,0.77,0.17,0.16,29,6,6,9685593165,,,970,700,984,710,957,691,0.09126,0.20026,-0.97548,-0.04576,0.19426,-0.97988,3.906,3.643,3.778,,,,Valid,Valid,222.3,91.4,501.2,285.3,89.9,500.4,269.2,194.3,261.9,189.1,0.5054,0.6486,0.5123,0.6573,0.4984,0.6399,Screen Recording,Screen Recording Recording38.mp4,1920,1080,0,0,960,540,Fixation,1596,501,973,706,0.5067,0.6535,,,,,,,,,,,
277052544,1120610257447,Eye Tracker,LipReading,08/25/2025,Chenmingjie,Recording38,07/01/2025,07/01/2025,16:47:15.576,08:47:15.576,803474,Timeline1,Tobii I-VT (Fixation),1.241.54219,1080,1920,10.0,14.5,1.9,2.3,1.39,0.18,0.21,53,7,8,7.8,1.7,1.6,0.77,0.17,0.16,29,6,6,9685597166,,,968,701,980,708,956,694,0.08941,0.19957,-0.9758,-0.04634,0.19554,-0.9796,3.9,3.649,3.775,,,,Valid,Valid,222.3,91.4,501.3,285.3,89.9,500.4,268.2,193.9,261.6,189.8,0.5042,0.6491,0.5105,0.656,0.4979,0.6422,Screen Recording,Screen Recording Recording38.mp4,1920,1080,0,0,960,540,Fixation,1596,501,973,706,0.5067,0.6535,,,,,,,,,,,
277056543,1120610261446,Eye Tracker,LipReading,08/25/2025,Chenmingjie,Recording38,07/01/2025,07/01/2025,16:47:15.576,08:47:15.576,803474,Timeline1,Tobii I-VT (Fixation),1.241.54219,1080,1920,10.0,14.5,1.9,2.3,1.39,0.18,0.21,53,7,8,7.8,1.7,1.6,0.77,0.17,0.16,29,6,6,9685601165,,,969,699,984,706,955,692,0.09119,0.19854,-0.97584,-0.04695,0.19478,-0.97972,3.896,3.652,3.772,,,,Valid,Valid,222.3,91.3,501.3,285.3,89.9,500.4,269.2,193.3,261.3,189.4,0.5048,0.6475,0.5123,0.6541,0.4973,0.6409,Screen Recording,Screen Recording Recording38.mp4,1920,1080,0,0,960,540,Fixation,1596,501,973,706,0.5067,0.6535,,,,,,,,,,,
277060543,1120610265446,Eye Tracker,LipReading,08/25/2025,Chenmingjie,Recording38,07/01/2025,07/01/2025,16:47:15.576,08:47:15.576,803474,Timeline1,Tobii I-VT (Fixation),1.241.54219,1080,1920,10.0,14.5,1.9,2.3,1.39,0.18,0.21,53,7,8,7.8,1.7,1.6,0.77,0.17,0.16,29,6,6,9685605165,,,969,698,979,705,958,690,0.08883,0.19807,-0.97615,-0.04516,0.19361,-0.98004,3.89,3.667,3.774,,,,Valid,Valid,222.3,91.4,501.3,285.3,89.9,500.4,268.0,193.1,262.3,188.8,0.5045,0.646,0.51,0.6532,0.4991,0.6387,Screen Recording,Screen Recording Recording38.mp4,1920,1080,0,0,960,540,Fixation,1596,501,973,706,0.5067,0.6535,,,,,,,,,,,
277064543,1120610269446,Eye Tracker,LipReading,08/25/2025,Chenmingjie,Recording38,07/01/2025,07/01/2025,16:47:15.576,08:47:15.576,803474,Timeline1,Tobii I-VT (Fixation),1.241.54219,1080,1920,10.0,14.5,1.9,2.3,1.39,0.18,0.21,53,7,8,7.8,1.7,1.6,0.77,0.17,0.16,29,6,6,9685609165,,,971,698,984,706,958,690,0.09123,0.19847,-0.97585,-0.04517,0.19395,-0.97997,3.896,3.644,3.774,,,,Valid,Valid,222.3,91.3,501.3,285.3,89.9,500.5,269.2,193.3,262.3,189.0,0.5057,0.6466,0.5123,0.654,0.4991,0.6393,Screen Recording,Screen Recording Recording38.mp4,1920,1080,0,0,960,540,Fixation,1596,501,973,706,0.5067,0.6535,,,,,,,,,,,
277068544,1120610273447,Eye Tracker,LipReading,08/25/2025,Chenmingjie,Recording38,07/01/2025,07/01/2025,16:47:15.576,08:47:15.576,803474,Timeline1,Tobii I-VT (Fixation),1.241.54219,1080,1920,10.0,14.5,1.9,2.3,1.39,0.18,0.21,53,7,8,7.8,1.7,1.6,0.77,0.17,0.16,29,6,6,9685613166,,,969,699,983,707,954,691,0.09074,0.19863,-0.97587,-0.04729,0.19407,-0.97985,3.898,3.655,3.773,,,,Valid,Valid,222.4,91.3,501.3,285.4,89.9,500.5,269.0,193.4,261.2,189.0,0.5045,0.6469,0.5119,0.6543,0.4971,0.6396,Screen Recording,Screen Recording Recording38.mp4,1920,1080,0,0,960,540,Fixation,1596,501,973,706,0.5067,0.6535,,,,,,,,,,,
277072543,1120610277446,Eye Tracker,LipReading,08/25/2025,Chenmingjie,Recording38,07/01/2025,07/01/2025,16:47:15.576,08:47:15.576,803474,Timeline1,Tobii I-VT (Fixation),1.241.54219,1080,1920,10.0,14.5,1.9,2.3,1.39,0.18,0.21,53,7,8,7.8,1.7,1.6,0.77,0.17,0.16,29,6,6,9685617165,,,966,697,980,703,953,690,0.08918,0.197,-0.97634,-0.04831,0.19371,-0.97987,3.884,3.649,3.773,,,,Valid,Valid,222.4,91.3,501.3,285.4,89.9,500.5,268.2,192.5,260.7,188.9,0.5032,0.6451,0.5104,0.6512,0.4961,0.639,Screen Recording,Screen Recording Recording38.mp4,1920,1080,0,0,960,540,Fixation,1596,501,973,706,0.5067,0.6535,,,,,,,,,,,
277076544,1120610281447,Eye Tracker,LipReading,08/25/2025,Chenmingjie,Recording38,07/01/2025,07/01/2025,16:47:15.576,08:47:15.576,803474,Timeline1,Tobii I-VT (Fixation),1.241.54219,1080,1920,10.0,14.5,1.9,2.3,1.39,0.18,0.21,53,7,8,7.8,1.7,1.6,0.77,0.17,0.16,29,6,6,9685621166,,,966,695,979,700,953,690,0.0888,0.19505,-0.97677,-0.04794,0.19352,-0.97993,3.9,3.646,3.773,,,,Valid,Valid,222.4,91.4,501.3,285.4,89.9,500.4,268.0,191.5,260.9,188.8,0.5032,0.6432,0.51,0.6478,0.4965,0.6386,Screen Recording,Screen Recording Recording38.mp4,1920,1080,0,0,960,540,Fixation,1596,501,973,706,0.5067,0.6535,,,,,,,,,,,
277080544,1120610285447,Eye Tracker,LipReading,08/25/2025,Chenmingjie,Recording38,07/01/2025,07/01/2025,16:47:15.576,08:47:15.576,803474,Timeline1,Tobii I-VT (Fixation),1.241.54219,1080,1920,10.0,14.5,1.9,2.3,1.39,0.18,0.21,53,7,8,7.8,1.7,1.6,0.77,0.17,0.16,29,6,6,9685625166,,,970,695,984,701,955,688,0.09154,0.19567,-0.97639,-0.04723,0.19273,-0.98011,3.897,3.655,3.768,,,,Valid,Valid,222.4,91.4,501.3,285.4,89.9,500.4,269.4,191.8,261.3,188.3,0.505,0.6431,0.5127,0.649,0.4972,0.6372,Screen Recording,Screen Recording Recording38.mp4,1920,1080,0,0,960,540,Fixation,1596,501,973,706,0.5067,0.6535,,,,,,,,,,,
277084543,1120610289446,Eye Tracker,LipReading,08/25/2025,Chenmingjie,Recording38,07/01/2025,07/01/2025,16:47:15.576,08:47:15.576,803474,Timeline1,Tobii I-VT (Fixation),1.241.54219,1080,1920,10.0,14.5,1.9,2.3,1.39,0.18,0.21,53,7,8,7.8,1.7,1.6,0.77,0.17,0.16,29,6,6,9685629166,,,968,696,980,704,955,689,0.08937,0.19726,-0.97627,-0.04721,0.19315,-0.98003,3.871,3.642,3.766,,,,Valid,Valid,222.4,91.4,501.3,285.4,89.9,500.4,268.3,192.6,261.3,188.6,0.5039,0.6449,0.5106,0.6518,0.4973,0.638,Screen Recording,Screen Recording Recording38.mp4,1920,1080,0,0,960,540,Fixation,1596,501,973,706,0.5067,0.6535,,,,,,,,,,,
277088542,1120610293445,Eye Tracker,LipReading,08/25/2025,Chenmingjie,Recording38,07/01/2025,07/01/2025,16:47:15.576,08:47:15.576,803474,Timeline1,Tobii I-VT (Fixation),1.241.54219,1080,1920,10.0,14.5,1.9,2.3,1.39,0.18,0.21,53,7,8,7.8,1.7,1.6,0.77,0.17,0.16,29,6,6,9685633165,,,970,691,981,696,958,686,0.09001,0.19323,-0.97702,-0.04528,0.19134,-0.98048,3.89,3.625,3.762,,,,Valid,Valid,222.4,91.4,501.2,285.4,90.0,500.4,268.6,190.5,262.3,187.6,0.5052,0.6396,0.5112,0.6445,0.4992,0.6347,Screen Recording,Screen Recording Recording38.mp4,1920,1080,0,0,960,540,Fixation,1596,501,973,706,0.5067,0.6535,,,,,,,,,,,
277092543,1120610297446,Eye Tracker,LipReading,08/25/2025,Chenmingjie,Recording38,07/01/2025,07/01/2025,16:47:15.576,08:47:15.576,803474,Timeline1,Tobii I-VT (Fixation),1.241.54219,1080,1920,10.0,14.5,1.9,2.3,1.39,0.18,0.21,53,7,8,7.8,1.7,1.6,0.77,0.17,0.16,29,6,6,9685637166,,,967,693,978,701,956,686,0.08799,0.19561,-0.97673,-0.04682,0.19156,-0.98036,3.883,3.63,3.761,,,,Valid,Valid,222.4,91.4,501.2,285.4,90.0,500.4,267.6,191.8,261.5,187.7,0.5035,0.642,0.5092,0.6488,0.4977,0.6352,Screen Recording,Screen Recording Recording38.mp4,1920,1080,0,0,960,540,Fixation,1596,501,973,706,0.5067,0.6535,,,,,,,,,,,
277096542,1120610301445,Eye Tracker,LipReading,08/25/2025,Chenmingjie,Recording38,07/01/2025,07/01/2025,16:47:15.576,08:47:15.576,803474,Timeline1,Tobii I-VT (Fixation),1.241.54219,1080,1920,10.0,14.5,1.9,2.3,1.39,0.18,0.21,53,7,8,7.8,1.7,1.6,0.77,0.17,0.16,29,6,6,9685641165,,,967,694,981,700,954,687,0.08953,0.19534,-0.97664,-0.04787,0.19228,-0.98017,3.884,3.639,3.756,,,,Valid,Valid,222.4,91.4,501.2,285.4,90.0,500.4,268.4,191.6,261.0,188.1,0.5037,0.6424,0.5108,0.6484,0.4967,0.6365,Screen Recording,Screen Recording Recording38.mp4,1920,1080,0,0,960,540,Fixation,1596,501,973,706,0.5067,0.6535,,,,,,,,,,,
277100542,1120610305445,Eye Tracker,LipReading,08/25/2025,Chenmingjie,Recording38,07/01/2025,07/01/2025,16:47:15.576,08:47:15.576,803474,Timeline1,Tobii I-VT (Fixation),1.241.54219,1080,1920,10.0,14.5,1.9,2.3,1.39,0.18,0.21,53,7,8,7.8,1.7,1.6,0.77,0.17,0.16,29,6,6,9685645165,,,967,693,981,698,953,689,0.08972,0.19399,-0.97689,-0.0482,0.19295,-0.98002,3.881,3.647,3.76,,,,Valid,Valid,222.4,91.4,501.2,285.4,90.0,500.4,268.5,190.9,260.8,188.5,0.5036,0.6418,0.5109,0.6459,0.4963,0.6377,Screen Recording,Screen Recording Recording38.mp4,1920,1080,0,0,960,540,Fixation,1596,501,973,706,0.5067,0.6535,,,,,,,,,,,
277104542,1120610309445,Eye Tracker,LipReading,08/25/2025,Chenmingjie,Recording38,07/01/2025,07/01/2025,16:47:15.576,08:47:15.576,803474,Timeline1,Tobii I-VT (Fixation),1.241.54219,1080,1920,10.0,14.5,1.9,2.3,1.39,0.18,0.21,53,7,8,7.8,1.7,1.6,0.77,0.17,0.16,29,6,6,9685649165,,,965,690,976,696,954,683,0.08695,0.19322,-0.9773,-0.04756,0.19011,-0.98061,3.879,3.627,3.759,,,,Valid,Valid,222.4,91.4,501.2,285.4,90.0,500.3,267.0,190.5,261.1,187.0,0.5026,0.6385,0.5082,0.6445,0.497,0.6326,Screen Recording,Screen Recording Recording38.mp4,1920,1080,0,0,960,540,Fixation,1596,501,973,706,0.5067,0.6535,,,,,,,,,,,
277108543,1120610313446,Eye Tracker,LipReading,08/25/2025,Chenmingjie,Recording38,07/01/2025,07/01/2025,16:47:15.576,08:47:15.576,803474,Timeline1,Tobii I-VT (Fixation),1.241.54219,1080,1920,10.0,14.5,1.9,2.3,1.39,0.18,0.21,53,7,8,7.8,1.7,1.6,0.77,0.17,0.16,29,6,6,9685653166,,,965,695,974,702,956,687,0.08617,0.19613,-0.97679,-0.04635,0.19232,-0.98024,3.872,3.642,3.755,,,,Valid,Valid,222.4,91.4,501.2,285.4,90.0,500.3,266.6,192.0,261.7,188.1,0.5028,0.6431,0.5075,0.6497,0.4981,0.6365,Screen Recording,Screen Recording Recording38.mp4,1920,1080,0,0,960,540,Fixation,1596,501,973,706,0.5067,0.6535,,,,,,,,,,,
277112541,1120610317444,Eye Tracker,LipReading,08/25/2025,Chenmingjie,Recording38,07/01/2025,07/01/2025,16:47:15.576,08:47:15.576,803474,Timeline1,Tobii I-VT (Fixation),1.241.54219,1080,1920,10.0,14.5,1.9,2.3,1.39,0.18,0.21,53,7,8,7.8,1.7,1.6,0.77,0.17,0.16,29,6,6,9685657165,,,968,689,980,695,956,683,0.0894,0.1929,-0.97714,-0.04654,0.19017,-0.98065,3.869,3.636,3.754,,,,Valid,Valid,222.4,91.4,501.2,285.4,90.0,500.4,268.3,190.3,261.7,187.0,0.5043,0.6383,0.5106,0.6439,0.498,0.6327,Screen Recording,Screen Recording Recording38.mp4,1920,1080,0,0,960,540,Fixation,1596,501,973,706,0.5067,0.6535,,,,,,,,,,,
277116542,1120610321445,Eye Tracker,LipReading,08/25/2025,Chenmingjie,Recording38,07/01/2025,07/01/2025,16:47:15.576,08:47:15.576,803474,Timeline1,Tobii I-VT (Fixation),1.241.54219,1080,1920,10.0,14.5,1.9,2.3,1.39,0.18,0.21,53,7,8,7.8,1.7,1.6,0.77,0.17,0.16,29,6,6,9685661166,,,968,691,981,698,954,685,0.08975,0.1944,-0.97681,-0.04748,0.19079,-0.98048,3.872,3.639,3.755,,,,Valid,Valid,222.4,91.4,501.2,285.4,90.0,500.4,268.5,191.1,261.2,187.3,0.504,0.6402,0.5109,0.6467,0.4971,0.6338,Screen Recording,Screen Recording Recording38.mp4,1920,1080,0,0,960,540,Fixation,1596,501,973,706,0.5067,0.6535,,,,,,,,,,,
277120542,1120610325445,Eye Tracker,LipReading,08/25/2025,Chenmingjie,Recording38,07/01/2025,07/01/2025,16:47:15.576,08:47:15.576,803474,Timeline1,Tobii I-VT (Fixation),1.241.54219,1080,1920,10.0,14.5,1.9,2.3,1.39,0.18,0.21,53,7,8,7.8,1.7,1.6,0.77,0.17,0.16,29,6,6,9685665166,,,967,690,980,696,954,684,0.08938,0.19295,-0.97713,-0.04786,0.19028,-0.98056,3.873,3.631,3.754,,,,Valid,Valid,222.4,91.4,501.2,285.4,90.0,500.3,268.3,190.4,261.0,187.1,0.5036,0.6385,0.5105,0.644,0.4967,0.6329,Screen Recording,Screen Recording Recording38.mp4,1920,1080,0,0,960,540,Fixation,1596,501,973,706,0.5067,0.6535,,,,,,,,,,,
277124542,1120610329445,Eye Tracker,LipReading,08/25/2025,Chenmingjie,Recording38,07/01/2025,07/01/2025,16:47:15.576,08:47:15.576,803474,Timeline1,Tobii I-VT (Fixation),1.241.54219,1080,1920,10.0,14.5,1.9,2.3,1.39,0.18,0.21,53,7,8,7.8,1.7,1.6,0.77,0.17,0.16,29,6,6,9685669166,,,969,685,983,689,955,682,0.09088,0.18981,-0.97761,-0.04735,0.18923,-0.98079,3.879,3.643,3.753,,,,Valid,Valid,222.4,91.4,501.2,285.4,90.0,500.3,269.0,188.7,261.2,186.5,0.5046,0.6347,0.512,0.6384,0.4972,0.631,Screen Recording,Screen Recording Recording38.mp4,1920,1080,0,0,960,540,Fixation,1596,501,973,706,0.5067,0.6535,,,,,,,,,,,
277128541,1120610333444,Eye Tracker,LipReading,08/25/2025,Chenmingjie,Recording38,07/01/2025,07/01/2025,16:47:15.576,08:47:15.576,803474,Timeline1,Tobii I-VT (Fixation),1.241.54219,1080,1920,10.0,14.5,1.9,2.3,1.39,0.18,0.21,53,7,8,7.8,1.7,1.6,0.77,0.17,0.16,29,6,6,9685673165,,,968,690,983,696,953,684,0.09085,0.19292,-0.977,-0.04806,0.19058,-0.98049,3.852,3.623,3.752,,,,Valid,Valid,222.4,91.4,501.2,285.4,90.0,500.4,269.0,190.3,260.9,187.2,0.5042,0.6387,0.512,0.644,0.4965,0.6334,Screen Recording,Screen Recording Recording38.mp4,1920,1080,0,0,960,540,Fixation,1596,501,973,706,0.5067,0.6535,,,,,,,,,,,
277132542,1120610337445,Eye Tracker,LipReading,08/25/2025,Chenmingjie,Recording38,07/01/2025,07/01/2025,16:47:15.576,08:47:15.576,803474,Timeline1,Tobii I-VT (Fixation),1.241.54219,1080,1920,10.0,14.5,1.9,2.3,1.39,0.18,0.21,53,7,8,7.8,1.7,1.6,0.77,0.17,0.16,29,6,6,9685677166,,,968,684,981,690,954,678,0.08972,0.19036,-0.97761,-0.04748,0.18767,-0.98108,3.883,3.633,3.74,,,,Valid,Valid,222.4,91.4,501.2,285.4,90.0,500.4,268.4,189.0,261.2,185.7,0.5039,0.6338,0.5108,0.6393,0.497,0.6282,Screen Recording,Screen Recording Recording38.mp4,1920,1080,0,0,960,540,Fixation,1596,501,973,706,0.5067,0.6535,,,,,,,,,,,
277136541,1120610341444,Eye Tracker,LipReading,08/25/2025,Chenmingjie,Recording38,07/01/2025,07/01/2025,16:47:15.576,08:47:15.576,803474,Timeline1,Tobii I-VT (Fixation),1.241.54219,1080,1920,10.0,14.5,1.9,2.3,1.39,0.18,0.21,53,7,8,7.8,1.7,1.6,0.77,0.17,0.16,29,6,6,9685681165,,,966,692,978,701,955,683,0.08821,0.19595,-0.97664,-0.04715,0.19026,-0.9806,3.838,3.626,3.738,,,,Valid,Valid,222.4,91.4,501.2,285.4,90.0,500.4,267.7,191.9,261.3,187.0,0.5034,0.6411,0.5094,0.6494,0.4973,0.6328,Screen Recording,Screen Recording Recording38.mp4,1920,1080,0,0,960,540,Fixation,1596,501,973,706,0.5067,0.6535,,,,,,,,,,,
277140540,1120610345443,Eye Tracker,LipReading,08/25/2025,Chenmingjie,Recording38,07/01/2025,07/01/2025,16:47:15.576,08:47:15.576,803474,Timeline1,Tobii I-VT (Fixation),1.241.54219,1080,1920,10.0,14.5,1.9,2.3,1.39,0.18,0.21,53,7,8,7.8,1.7,1.6,0.77,0.17,0.16,29,6,6,9685685164,,,969,685,983,692,954,679,0.09093,0.19094,-0.97738,-0.04748,0.18796,-0.98103,3.853,3.609,3.738,,,,Valid,Valid,222.4,91.4,501.2,285.4,89.9,500.4,269.0,189.3,261.2,185.8,0.5045,0.6345,0.512,0.6404,0.497,0.6287,Screen Recording,Screen Recording Recording38.mp4,1920,1080,0,0,960,540,Fixation,1596,501,973,706,0.5067,0.6535,,,,,,,,,,,
277144540,1120610349443,Eye Tracker,LipReading,08/25/2025,Chenmingjie,Recording38,07/01/2025,07/01/2025,16:47:15.576,08:47:15.576,803474,Timeline1,Tobii I-VT (Fixation),1.241.54219,1080,1920,10.0,14.5,1.9,2.3,1.39,0.18,0.21,53,7,8,7.8,1.7,1.6,0.77,0.17,0.16,29,6,6,9685689164,,,968,689,978,698,957,680,0.08852,0.19413,-0.97697,-0.04582,0.18871,-0.98096,3.85,3.62,3.734,,,,Valid,Valid,222.4,91.4,501.2,285.4,89.9,500.4,267.8,191.0,262.0,186.2,0.5041,0.638,0.5096,0.6461,0.4986,0.63,Screen Recording,Screen Recording Recording38.mp4,1920,1080,0,0,960,540,Fixation,1596,501,973,706,0.5067,0.6535,,,,,,,,,,,
277148541,1120610353444,Eye Tracker,LipReading,08/25/2025,Chenmingjie,Recording38,07/01/2025,07/01/2025,16:47:15.576,08:47:15.576,803474,Timeline1,Tobii I-VT (Fixation),1.241.54219,1080,1920,10.0,14.5,1.9,2.3,1.39,0.18,0.21,53,7,8,7.8,1.7,1.6,0.77,0.17,0.16,29,6,6,9685693165,,,967,687,978,693,956,682,0.08833,0.19182,-0.97745,-0.04637,0.18937,-0.98081,3.84,3.632,3.733,,,,Valid,Valid,222.4,91.3,501.3,285.4,89.9,500.4,267.7,189.7,261.7,186.6,0.5037,0.6365,0.5094,0.6419,0.4981,0.6312,Screen Recording,Screen Recording Recording38.mp4,1920,1080,0,0,960,540,Fixation,1596,501,973,706,0.5067,0.6535,,,,,,,,,,,
277152540,1120610357443,Eye Tracker,LipReading,08/25/2025,Chenmingjie,Recording38,07/01/2025,07/01/2025,16:47:15.576,08:47:15.576,803474,Timeline1,Tobii I-VT (Fixation),1.241.54219,1080,1920,10.0,14.5,1.9,2.3,1.39,0.18,0.21,53,7,8,7.8,1.7,1.6,0.77,0.17,0.16,29,6,6,9685697164,,,966,690,977,698,956,682,0.08783,0.19416,-0.97703,-0.04675,0.18936,-0.9808,3.845,3.623,3.733,,,,Valid,Valid,222.4,91.4,501.2,285.3,90.0,500.4,267.4,191.0,261.5,186.6,0.5033,0.6387,0.5089,0.6461,0.4977,0.6312,Screen Recording,Screen Recording Recording38.mp4,1920,1080,0,0,960,540,Fixation,1596,501,973,706,0.5067,0.6535,,,,,,,,,,,
277156541,1120610361444,Eye Tracker,LipReading,08/25/2025,Chenmingjie,Recording38,07/01/2025,07/01/2025,16:47:15.576,08:47:15.576,803474,Timeline1,Tobii I-VT (Fixation),1.241.54219,1080,1920,10.0,14.5,1.9,2.3,1.39,0.18,0.21,53,7,8,7.8,1.7,1.6,0.77,0.17,0.16,29,6,6,9685701165,,,970,689,979,699,960,679,0.08905,0.19498,-0.97676,-0.04415,0.18798,-0.98118,3.844,3.621,3.733,,,,Valid,Valid,222.3,91.4,501.2,285.3,89.9,500.4,268.0,191.4,262.8,185.8,0.5052,0.6382,0.5101,0.6476,0.5002,0.6287,Screen Recording,Screen Recording Recording38.mp4,1920,1080,0,0,960,540,Fixation,1596,501,973,706,0.5067,0.6535,,,,,,,,,,,
277160541,1120610365444,Eye Tracker,LipReading,08/25/2025,Chenmingjie,Recording38,07/01/2025,07/01/2025,16:47:15.576,08:47:15.576,803474,Timeline1,Tobii I-VT (Fixation),1.241.54219,1080,1920,10.0,14.5,1.9,2.3,1.39,0.18,0.21,53,7,8,7.8,1.7,1.6,0.77,0.17,0.16,29,6,6,9685705165,,,971,690,983,697,958,683,0.09116,0.19355,-0.97685,-0.04535,0.19023,-0.98069,3.85,3.618,3.731,,,,Valid,Valid,222.3,91.4,501.2,285.3,89.9,500.4,269.1,190.7,262.2,187.0,0.5056,0.6389,0.5122,0.6451,0.499,0.6327,Screen Recording,Screen Recording Recording38.mp4,1920,1080,0,0,960,540,Fixation,1596,501,973,706,0.5067,0.6535,,,,,,,,,,,
277164541,1120610369444,Eye Tracker,LipReading,08/25/2025,Chenmingjie,Recording38,07/01/2025,07/01/2025,16:47:15.576,08:47:15.576,803474,Timeline1,Tobii I-VT (Fixation),1.241.54219,1080,1920,10.0,14.5,1.9,2.3,1.39,0.18,0.21,53,7,8,7.8,1.7,1.6,0.77,0.17,0.16,29,6,6,9685709165,,,970,689,982,696,959,681,0.09047,0.19336,-0.97695,-0.04486,0.18913,-0.98093,3.841,3.602,3.726,,,,Valid,Valid,222.3,91.3,501.2,285.3,90.0,500.3,268.7,190.6,262.4,186.4,0.5055,0.6377,0.5115,0.6447,0.4995,0.6308,Screen Recording,Screen Recording Recording38.mp4,1920,1080,0,0,960,540,Fixation,1596,501,973,706,0.5067,0.6535,,,,,,,,,,,
277168540,1120610373443,Eye Tracker,LipReading,08/25/2025,Chenmingjie,Recording38,07/01/2025,07/01/2025,16:47:15.576,08:47:15.576,803474,Timeline1,Tobii I-VT (Fixation),1.241.54219,1080,1920,10.0,14.5,1.9,2.3,1.39,0.18,0.21,53,7,8,7.8,1.7,1.6,0.77,0.17,0.16,29,6,6,9685713164,,,968,689,982,696,954,682,0.0907,0.19329,-0.97694,-0.04737,0.18967,-0.9807,3.833,3.6,3.726,,,,Valid,Valid,222.3,91.4,501.2,285.3,90.0,500.3,268.9,190.5,261.1,186.7,0.5043,0.6382,0.5117,0.6446,0.497,0.6318,Screen Recording,Screen Recording Recording38.mp4,1920,1080,0,0,960,540,Fixation,1596,501,973,706,0.5067,0.6535,,,,,,,,,,,
277172541,1120610377444,Eye Tracker,LipReading,08/25/2025,Chenmingjie,Recording38,07/01/2025,07/01/2025,16:47:15.576,08:47:15.576,803474,Timeline1,Tobii I-VT (Fixation),1.241.54219,1080,1920,10.0,14.5,1.9,2.3,1.39,0.18,0.21,53,7,8,7.8,1.7,1.6,0.77,0.17,0.16,29,6,6,9685717165,,,968,687,979,693,957,680,0.08907,0.19187,-0.97737,-0.04572,0.18853,-0.981,3.836,3.61,3.722,,,,Valid,Valid,222.3,91.4,501.2,285.3,90.0,500.3,268.0,189.8,262.0,186.1,0.5043,0.6359,0.51,0.642,0.4986,0.6297,Screen Recording,Screen Recording Recording38.mp4,1920,1080,0,0,960,540,Fixation,1596,501,973,706,0.5067,0.6535,,,,,,,,,,,
277176540,1120610381443,Eye Tracker,LipReading,08/25/2025,Chenmingjie,Recording38,07/01/2025,07/01/2025,16:47:15.576,08:47:15.576,803474,Timeline1,Tobii I-VT (Fixation),1.241.54219,1080,1920,10.0,14.5,1.9,2.3,1.39,0.18,0.21,53,7,8,7.8,1.7,1.6,0.77,0.17,0.16,29,6,6,9685721164,,,971,686,983,694,959,678,0.09086,0.19197,-0.97719,-0.04458,0.18742,-0.98127,3.848,3.619,3.723,,,,Valid,Valid,222.3,91.4,501.2,285.3,90.0,500.3,268.9,189.8,262.6,185.5,0.5057,0.635,0.5118,0.6422,0.4997,0.6277,Screen Recording,Screen Recording Recording38.mp4,1920,1080,0,0,960,540,Fixation,1596,501,973,706,0.5067,0.6535,,,,,,,,,,,
277180540,1120610385443,Eye Tracker,LipReading,08/25/2025,Chenmingjie,Recording38,07/01/2025,07/01/2025,16:47:15.576,08:47:15.576,803474,Timeline1,Tobii I-VT (Fixation),1.241.54219,1080,1920,10.0,14.5,1.9,2.3,1.39,0.18,0.21,53,7,8,7.8,1.7,1.6,0.77,0.17,0.16,29,6,6,9685725164,,,970,690,979,700,961,679,0.089,0.19537,-0.97668,-0.04399,0.1879,-0.9812,3.809,3.609,3.733,,,,Valid,Valid,222.3,91.4,501.1,285.3,90.0,500.3,268.0,191.6,262.9,185.8,0.5051,0.6385,0.51,0.6484,0.5003,0.6286,Screen Recording,Screen Recording Recording38.mp4,1920,1080,0,0,960,540,Fixation,1596,501,973,706,0.5067,0.6535,,,,,,,,,,,
277184540,1120610389443,Eye Tracker,LipReading,08/25/2025,Chenmingjie,Recording38,07/01/2025,07/01/2025,16:47:15.576,08:47:15.576,803474,Timeline1,Tobii I-VT (Fixation),1.241.54219,1080,1920,10.0,14.5,1.9,2.3,1.39,0.18,0.21,53,7,8,7.8,1.7,1.6,0.77,0.17,0.16,29,6,6,9685729164,,,969,688,979,693,958,683,0.08915,0.19164,-0.97741,-0.04527,0.18988,-0.98076,3.848,3.619,3.733,,,,Valid,Valid,222.3,91.4,501.1,285.3,90.0,500.3,268.0,189.6,262.2,186.8,0.5045,0.6369,0.5101,0.6416,0.499,0.6321,Screen Recording,Screen Recording Recording38.mp4,1920,1080,0,0,960,540,Fixation,1596,501,973,706,0.5067,0.6535,,,,,,,,,,,
277188541,1120610393444,Eye Tracker,LipReading,08/25/2025,Chenmingjie,Recording38,07/01/2025,07/01/2025,16:47:15.576,08:47:15.576,803474,Timeline1,Tobii I-VT (Fixation),1.241.54219,1080,1920,10.0,14.5,1.9,2.3,1.39,0.18,0.21,53,7,8,7.8,1.7,1.6,0.77,0.17,0.16,29,6,6,9685733165,,,971,688,983,696,958,681,0.0912,0.193,-0.97695,-0.04538,0.18888,-0.98095,3.855,3.624,3.722,,,,Valid,Valid,222.3,91.4,501.1,285.3,90.0,500.3,269.1,190.4,262.1,186.3,0.5055,0.6373,0.5121,0.6441,0.4989,0.6304,Screen Recording,Screen Recording Recording38.mp4,1920,1080,0,0,960,540,Fixation,1596,501,973,706,0.5067,0.6535,,,,,,,,,,,
277192540,1120610397443,Eye Tracker,LipReading,08/25/2025,Chenmingjie,Recording38,07/01/2025,07/01/2025,16:47:15.576,08:47:15.576,803474,Timeline1,Tobii I-VT (Fixation),1.241.54219,1080,1920,10.0,14.5,1.9,2.3,1.39,0.18,0.21,53,7,8,7.8,1.7,1.6,0.77,0.17,0.16,29,6,6,9685737164,,,970,687,983,690,957,685,0.09116,0.19028,-0.97749,-0.04602,0.19084,-0.98054,3.83,3.611,3.722,,,,Valid,Valid,222.3,91.4,501.1,285.3,90.0,500.3,269.0,188.9,261.8,187.3,0.5051,0.6365,0.512,0.6392,0.4983,0.6339,Screen Recording,Screen Recording Recording38.mp4,1920,1080,0,0,960,540,Fixation,1596,501,973,706,0.5067,0.6535,,,,,,,,,,,
277196541,1120610401444,Eye Tracker,LipReading,08/25/2025,Chenmingjie,Recording38,07/01/2025,07/01/2025,16:47:15.576,08:47:15.576,803474,Timeline1,Tobii I-VT (Fixation),1.241.54219,1080,1920,10.0,14.5,1.9,2.3,1.39,0.18,0.21,53,7,8,7.8,1.7,1.6,0.77,0.17,0.16,29,6,6,9685741165,,,969,689,978,695,959,683,0.08847,0.19286,-0.97723,-0.04463,0.19018,-0.98073,3.812,3.613,3.721,,,,Valid,Valid,222.3,91.4,501.1,285.3,90.0,500.3,267.7,190.3,262.5,187.0,0.5045,0.6382,0.5094,0.6438,0.4996,0.6327,Screen Recording,Screen Recording Recording38.mp4,1920,1080,0,0,960,540,Fixation,1596,501,973,706,0.5067,0.6535,,,,,,,,,,,
277200540,1120610405443,Eye Tracker,LipReading,08/25/2025,Chenmingjie,Recording38,07/01/2025,07/01/2025,16:47:15.576,08:47:15.576,803474,Timeline1,Tobii I-VT (Fixation),1.241.54219,1080,1920,10.0,14.5,1.9,2.3,1.39,0.18,0.21,53,7,8,7.8,1.7,1.6,0.77,0.17,0.16,29,6,6,9685745165,,,968,691,978,698,958,684,0.08841,0.19443,-0.97692,-0.04522,0.19054,-0.98064,3.828,3.607,3.721,,,,Valid,Valid,222.3,91.4,501.1,285.3,90.0,500.3,267.7,191.1,262.2,187.2,0.5042,0.64,0.5094,0.6466,0.499,0.6333,Screen Recording,Screen Recording Recording38.mp4,1920,1080,0,0,960,540,Fixation,1596,501,973,706,0.5067,0.6535,,,,,,,,,,,
277204540,1120610409443,Eye Tracker,LipReading,08/25/2025,Chenmingjie,Recording38,07/01/2025,07/01/2025,16:47:15.576,08:47:15.576,803474,Timeline1,Tobii I-VT (Fixation),1.241.54219,1080,1920,10.0,14.5,1.9,2.3,1.39,0.18,0.21,53,7,8,7.8,1.7,1.6,0.77,0.17,0.16,29,6,6,9685749165,,,970,686,985,691,956,682,0.09204,0.19071,-0.97732,-0.04664,0.18932,-0.98081,3.831,3.608,3.72,,,,Valid,Valid,222.3,91.4,501.1,285.3,90.0,500.3,269.5,189.2,261.5,186.5,0.5053,0.6356,0.5129,0.64,0.4977,0.6312,Screen Recording,Screen Recording Recording38.mp4,1920,1080,0,0,960,540,Fixation,1596,501,973,706,0.5067,0.6535,,,,,,,,,,,
277208539,1120610413442,Eye Tracker,LipReading,08/25/2025,Chenmingjie,Recording38,07/01/2025,07/01/2025,16:47:15.576,08:47:15.576,803474,Timeline1,Tobii I-VT (Fixation),1.241.54219,1080,1920,10.0,14.5,1.9,2.3,1.39,0.18,0.21,53,7,8,7.8,1.7,1.6,0.77,0.17,0.16,29,6,6,9685753164,,,968,687,979,691,956,682,0.08899,0.19079,-0.97759,-0.04636,0.18942,-0.9808,3.835,3.621,3.72,,,,Valid,Valid,222.3,91.4,501.1,285.3,90.0,500.3,267.9,189.2,261.6,186.6,0.5039,0.6357,0.5099,0.6401,0.4979,0.6313,Screen Recording,Screen Recording Recording38.mp4,1920,1080,0,0,960,540,Fixation,1596,501,973,706,0.5067,0.6535,,,,,,,,,,,
277212540,1120610417443,Eye Tracker,LipReading,08/25/2025,Chenmingjie,Recording38,07/01/2025,07/01/2025,16:47:15.576,08:47:15.576,803474,Timeline1,Tobii I-VT (Fixation),1.241.54219,1080,1920,10.0,14.5,1.9,2.3,1.39,0.18,0.21,53,7,8,7.8,1.7,1.6,0.77,0.17,0.16,29,6,6,9685757165,,,969,690,978,701,960,680,0.0882,0.19567,-0.97669,-0.04432,0.1885,-0.98107,3.817,3.611,3.722,,,,Valid,Valid,222.3,91.4,501.1,285.3,90.0,500.2,267.6,191.8,262.7,186.1,0.5046,0.6393,0.5092,0.6489,0.4999,0.6297,Screen Recording,Screen Recording Recording38.mp4,1920,1080,0,0,960,540,Fixation,1596,501,973,706,0.5067,0.6535,,,,,,,,,,,
277216539,1120610421442,Eye Tracker,LipReading,08/25/2025,Chenmingjie,Recording38,07/01/2025,07/01/2025,16:47:15.576,08:47:15.576,803474,Timeline1,Tobii I-VT (Fixation),1.241.54219,1080,1920,10.0,14.5,1.9,2.3,1.39,0.18,0.21,53,7,8,7.8,1.7,1.6,0.77,0.17,0.16,29,6,6,9685761164,,,969,688,979,696,959,681,0.08874,0.19295,-0.97719,-0.04494,0.189,-0.98095,3.811,3.616,3.722,,,,Valid,Valid,222.3,91.4,501.1,285.3,90.0,500.2,267.8,190.3,262.4,186.4,0.5045,0.6373,0.5097,0.644,0.4993,0.6306,Screen Recording,Screen Recording Recording38.mp4,1920,1080,0,0,960,540,Fixation,1596,501,973,706,0.5067,0.6535,,,,,,,,,,,
277220539,1120610425442,Eye Tracker,LipReading,08/25/2025,Chenmingjie,Recording38,07/01/2025,07/01/2025,16:47:15.576,08:47:15.576,803474,Timeline1,Tobii I-VT (Fixation),1.241.54219,1080,1920,10.0,14.5,1.9,2.3,1.39,0.18,0.21,53,7,8,7.8,1.7,1.6,0.77,0.17,0.16,29,6,6,9685765164,,,969,686,979,694,958,679,0.08901,0.19224,-0.9773,-0.04508,0.18772,-0.98119,3.83,3.614,3.721,,,,Valid,Valid,222.3,91.4,501.0,285.3,90.0,500.2,268.0,190.0,262.3,185.7,0.5046,0.6355,0.5099,0.6427,0.4992,0.6283,Screen Recording,Screen Recording Recording38.mp4,1920,1080,0,0,960,540,Fixation,1596,501,973,706,0.5067,0.6535,,,,,,,,,,,
277224539,1120610429442,Eye Tracker,LipReading,08/25/2025,Chenmingjie,Recording38,07/01/2025,07/01/2025,16:47:15.576,08:47:15.576,803474,Timeline1,Tobii I-VT (Fixation),1.241.54219,1080,1920,10.0,14.5,1.9,2.3,1.39,0.18,0.21,53,7,8,7.8,1.7,1.6,0.77,0.17,0.16,29,6,6,9685769164,,,971,685,985,693,958,677,0.09209,0.19157,-0.97715,-0.04553,0.18666,-0.98137,3.844,3.611,3.728,,,,Valid,Valid,222.3,91.4,501.1,285.3,90.0,500.2,269.5,189.6,262.1,185.1,0.5059,0.634,0.513,0.6416,0.4988,0.6264,Screen Recording,Screen Recording Recording38.mp4,1920,1080,0,0,960,540,Fixation,1596,501,973,706,0.5067,0.6535,,,,,,,,,,,
277228540,1120610433443,Eye Tracker,LipReading,08/25/2025,Chenmingjie,Recording38,07/01/2025,07/01/2025,16:47:15.576,08:47:15.576,803474,Timeline1,Tobii I-VT (Fixation),1.241.54219,1080,1920,10.0,14.5,1.9,2.3,1.39,0.18,0.21,53,7,8,7.8,1.7,1.6,0.77,0.17,0.16,29,6,6,9685773165,,,970,684,982,693,958,675,0.09076,0.19147,-0.97729,-0.04546,0.18598,-0.9815,3.845,3.608,3.728,,,,Valid,Valid,222.3,91.4,501.1,285.3,90.0,500.2,268.9,189.6,262.1,184.8,0.5053,0.6333,0.5117,0.6414,0.4989,0.6252,Screen Recording,Screen Recording Recording38.mp4,1920,1080,0,0,960,540,Fixation,1596,501,973,706,0.5067,0.6535,,,,,,,,,,,
277232539,1120610437442,Eye Tracker,LipReading,08/25/2025,Chenmingjie,Recording38,07/01/2025,07/01/2025,16:47:15.576,08:47:15.576,803474,Timeline1,Tobii I-VT (Fixation),1.241.54219,1080,1920,10.0,14.5,1.9,2.3,1.39,0.18,0.21,53,7,8,7.8,1.7,1.6,0.77,0.17,0.16,29,6,6,9685777164,,,973,684,986,686,961,682,0.09249,0.18802,-0.9778,-0.0439,0.18932,-0.98093,3.853,3.606,3.728,,,,Valid,Valid,222.3,91.4,501.1,285.3,90.0,500.2,269.7,187.8,262.9,186.5,0.5068,0.6332,0.5133,0.6353,0.5004,0.6312,Screen Recording,Screen Recording Recording38.mp4,1920,1080,0,0,960,540,Fixation,1596,501,973,706,0.5067,0.6535,,,,,,,,,,,
277236540,1120610441443,Eye Tracker,LipReading,08/25/2025,Chenmingjie,Recording38,07/01/2025,07/01/2025,16:47:15.576,08:47:15.576,803474,Timeline1,Tobii I-VT (Fixation),1.241.54219,1080,1920,10.0,14.5,1.9,2.3,1.39,0.18,0.21,53,7,8,7.8,1.7,1.6,0.77,0.17,0.16,29,6,6,9685781165,,,970,684,980,691,960,676,0.08975,0.19083,-0.97751,-0.04424,0.18616,-0.98152,3.848,3.612,3.729,,,,Valid,Valid,222.3,91.4,501.1,285.3,90.0,500.2,268.3,189.2,262.8,184.9,0.5054,0.6329,0.5107,0.6402,0.5001,0.6255,Screen Recording,Screen Recording Recording38.mp4,1920,1080,0,0,960,540,Fixation,1596,501,973,706,0.5067,0.6535,,,,,,,,,,,
277240540,1120610445443,Eye Tracker,LipReading,08/25/2025,Chenmingjie,Recording38,07/01/2025,07/01/2025,16:47:15.576,08:47:15.576,803474,Timeline1,Tobii I-VT (Fixation),1.241.54219,1080,1920,10.0,14.5,1.9,2.3,1.39,0.18,0.21,53,7,8,7.8,1.7,1.6,0.77,0.17,0.16,29,6,6,9685785165,,,971,684,980,690,962,678,0.08942,0.19009,-0.97769,-0.04313,0.1873,-0.98136,3.832,3.618,3.73,,,,Valid,Valid,222.3,91.4,501.1,285.3,90.0,500.2,268.2,188.8,263.3,185.5,0.5057,0.6332,0.5103,0.6389,0.5012,0.6276,Screen Recording,Screen Recording Recording38.mp4,1920,1080,0,0,960,540,Fixation,1596,501,973,706,0.5067,0.6535,,,,,,,,,,,
277244540,1120610449443,Eye Tracker,LipReading,08/25/2025,Chenmingjie,Recording38,07/01/2025,07/01/2025,16:47:15.576,08:47:15.576,803474,Timeline1,Tobii I-VT (Fixation),1.241.54219,1080,1920,10.0,14.5,1.9,2.3,1.39,0.18,0.21,53,7,8,7.8,1.7,1.6,0.77,0.17,0.16,29,6,6,9685789165,,,969,686,980,692,959,680,0.08935,0.19127,-0.97746,-0.04505,0.18849,-0.98104,3.841,3.613,3.73,,,,Valid,Valid,222.3,91.4,501.1,285.3,90.0,500.2,268.1,189.4,262.3,186.1,0.5048,0.6353,0.5103,0.641,0.4993,0.6297,Screen Recording,Screen Recording Recording38.mp4,1920,1080,0,0,960,540,Fixation,1596,501,973,706,0.5067,0.6535,,,,,,,,,,,
277248539,1120610453442,Eye Tracker,LipReading,08/25/2025,Chenmingjie,Recording38,07/01/2025,07/01/2025,16:47:15.576,08:47:15.576,803474,Timeline1,Tobii I-VT (Fixation),1.241.54219,1080,1920,10.0,14.5,1.9,2.3,1.39,0.18,0.21,53,7,8,7.8,1.7,1.6,0.77,0.17,0.16,29,6,6,9685793164,,,972,685,985,692,959,679,0.09194,0.19089,-0.9773,-0.04474,0.18771,-0.98121,3.846,3.618,3.73,,,,Valid,Valid,222.3,91.4,501.1,285.3,90.0,500.2,269.5,189.3,262.5,185.7,0.5062,0.6344,0.5128,0.6404,0.4996,0.6283,Screen Recording,Screen Recording Recording38.mp4,1920,1080,0,0,960,540,Fixation,1596,501,973,706,0.5067,0.6535,,,,,,,,,,,
277252539,1120610457442,Eye Tracker,LipReading,08/25/2025,Chenmingjie,Recording38,07/01/2025,07/01/2025,16:47:15.576,08:47:15.576,803474,Timeline1,Tobii I-VT (Fixation),1.241.54219,1080,1920,10.0,14.5,1.9,2.3,1.39,0.18,0.21,53,7,8,7.8,1.7,1.6,0.77,0.17,0.16,29,6,6,9685797164,,,971,681,984,684,959,678,0.09172,0.18682,-0.9781,-0.04511,0.18761,-0.98121,3.841,3.623,3.728,,,,Valid,Valid,222.3,91.4,501.1,285.3,90.0,500.1,269.3,187.1,262.3,185.7,0.5059,0.6306,0.5126,0.6331,0.4992,0.6282,Screen Recording,Screen Recording Recording38.mp4,1920,1080,0,0,960,540,Fixation,1596,501,973,706,0.5067,0.6535,,,,,,,,,,,
277256540,1120610461443,Eye Tracker,LipReading,08/25/2025,Chenmingjie,Recording38,07/01/2025,07/01/2025,16:47:15.576,08:47:15.576,803474,Timeline1,Tobii I-VT (Fixation),1.241.54219,1080,1920,10.0,14.5,1.9,2.3,1.39,0.18,0.21,53,7,8,7.8,1.7,1.6,0.77,0.17,0.16,29,6,6,9685801165,,,971,685,981,693,961,677,0.09019,0.19136,-0.97737,-0.04391,0.18707,-0.98137,3.829,3.611,3.73,,,,Valid,Valid,222.3,91.4,501.0,285.3,90.0,500.1,268.6,189.5,262.9,185.4,0.5058,0.6342,0.5111,0.6412,0.5004,0.6272,Screen Recording,Screen Recording Recording38.mp4,1920,1080,0,0,960,540,Fixation,1596,501,973,706,0.5067,0.6535,,,,,,,,,,,
277260539,1120610465442,Eye Tracker,LipReading,08/25/2025,Chenmingjie,Recording38,07/01/2025,07/01/2025,16:47:15.576,08:47:15.576,803474,Timeline1,Tobii I-VT (Fixation),1.241.54219,1080,1920,10.0,14.5,1.9,2.3,1.39,0.18,0.21,53,7,8,7.8,1.7,1.6,0.77,0.17,0.16,29,6,6,9685805164,,,971,683,983,688,959,678,0.09126,0.18893,-0.97774,-0.04511,0.18745,-0.98124,3.858,3.615,3.731,,,,Valid,Valid,222.3,91.4,501.0,285.3,90.0,500.2,269.1,188.2,262.3,185.6,0.5057,0.6324,0.5121,0.6369,0.4992,0.6279,Screen Recording,Screen Recording Recording38.mp4,1920,1080,0,0,960,540,Fixation,1596,501,973,706,0.5067,0.6535,,,,,,,,,,,
277264539,1120610469442,Eye Tracker,LipReading,08/25/2025,Chenmingjie,Recording38,07/01/2025,07/01/2025,16:47:15.576,08:47:15.576,803474,Timeline1,Tobii I-VT (Fixation),1.241.54219,1080,1920,10.0,14.5,1.9,2.3,1.39,0.18,0.21,53,7,8,7.8,1.7,1.6,0.77,0.17,0.16,29,6,6,9685809164,,,970,687,982,696,959,678,0.09028,0.1931,-0.97702,-0.04489,0.18721,-0.98129,3.826,3.621,3.737,,,,Valid,Valid,222.3,91.4,501.0,285.3,90.0,500.1,268.6,190.5,262.4,185.4,0.5054,0.6359,0.5113,0.6444,0.4995,0.6274,Screen Recording,Screen Recording Recording38.mp4,1920,1080,0,0,960,540,Fixation,1596,501,973,706,0.5067,0.6535,,,,,,,,,,,
277268540,1120610473443,Eye Tracker,LipReading,08/25/2025,Chenmingjie,Recording38,07/01/2025,07/01/2025,16:47:15.576,08:47:15.576,803474,Timeline1,Tobii I-VT (Fixation),1.241.54219,1080,1920,10.0,14.5,1.9,2.3,1.39,0.18,0.21,53,7,8,7.8,1.7,1.6,0.77,0.17,0.16,29,6,6,9685813165,,,973,685,989,691,958,678,0.09417,0.19044,-0.97717,-0.04538,0.18756,-0.9812,3.853,3.623,3.738,,,,Valid,Valid,222.3,91.4,501.1,285.3,90.0,500.1,270.6,189.1,262.2,185.6,0.507,0.6339,0.515,0.6397,0.499,0.6281,Screen Recording,Screen Recording Recording38.mp4,1920,1080,0,0,960,540,Fixation,1596,501,973,706,0.5067,0.6535,,,,,,,,,,,
277272536,1120610477439,Eye Tracker,LipReading,08/25/2025,Chenmingjie,Recording38,07/01/2025,07/01/2025,16:47:15.576,08:47:15.576,803474,Timeline1,Tobii I-VT (Fixation),1.241.54219,1080,1920,10.0,14.5,1.9,2.3,1.39,0.18,0.21,53,7,8,7.8,1.7,1.6,0.77,0.17,0.16,29,6,6,9685817161,,,971,682,982,686,959,677,0.09061,0.18792,-0.978,-0.04468,0.18711,-0.98132,3.863,3.626,3.74,,,,Valid,Valid,222.3,91.5,501.0,285.3,90.0,500.1,268.7,187.7,262.5,185.4,0.5056,0.6312,0.5115,0.6351,0.4996,0.6273,Screen Recording,Screen Recording Recording38.mp4,1920,1080,0,0,960,540,Fixation,1596,501,973,706,0.5067,0.6535,,,,,,,,,,,
277276537,1120610481440,Eye Tracker,LipReading,08/25/2025,Chenmingjie,Recording38,07/01/2025,07/01/2025,16:47:15.576,08:47:15.576,803474,Timeline1,Tobii I-VT (Fixation),1.241.54219,1080,1920,10.0,14.5,1.9,2.3,1.39,0.18,0.21,53,7,8,7.8,1.7,1.6,0.77,0.17,0.16,29,6,6,9685821162,,,972,685,981,692,963,677,0.08999,0.19123,-0.97741,-0.04282,0.18714,-0.9814,3.853,3.635,3.744,,,,Valid,Valid,222.3,91.5,501.0,285.3,90.0,500.1,268.5,189.5,263.5,185.4,0.5062,0.6342,0.5109,0.6411,0.5014,0.6273,Screen Recording,Screen Recording Recording38.mp4,1920,1080,0,0,960,540,Fixation,1596,501,973,706,0.5067,0.6535,,,,,,,,,,,
277280537,1120610485440,Eye Tracker,LipReading,08/25/2025,Chenmingjie,Recording38,07/01/2025,07/01/2025,16:47:15.576,08:47:15.576,803474,Timeline1,Tobii I-VT (Fixation),1.241.54219,1080,1920,10.0,14.5,1.9,2.3,1.39,0.18,0.21,53,7,8,7.8,1.7,1.6,0.77,0.17,0.16,29,6,6,9685825162,,,972,687,985,694,958,679,0.09208,0.19228,-0.97701,-0.04515,0.18801,-0.98113,3.852,3.634,3.743,,,,Valid,Valid,222.3,91.4,501.0,285.3,90.1,500.1,269.5,190.1,262.3,185.9,0.5061,0.636,0.513,0.643,0.4992,0.6289,Screen Recording,Screen Recording Recording38.mp4,1920,1080,0,0,960,540,Fixation,1596,501,973,706,0.5067,0.6535,,,,,,,,,,,
277284537,1120610489440,Eye Tracker,LipReading,08/25/2025,Chenmingjie,Recording38,07/01/2025,07/01/2025,16:47:15.576,08:47:15.576,803474,Timeline1,Tobii I-VT (Fixation),1.241.54219,1080,1920,10.0,14.5,1.9,2.3,1.39,0.18,0.21,53,7,8,7.8,1.7,1.6,0.77,0.17,0.16,29,6,6,9685829162,,,972,681,984,689,960,673,0.09175,0.18948,-0.97759,-0.04436,0.18459,-0.98181,3.848,3.64,3.743,,,,Valid,Valid,222.3,91.5,501.0,285.3,90.1,500.1,269.3,188.6,262.7,184.1,0.5063,0.6304,0.5126,0.638,0.4999,0.6228,Screen Recording,Screen Recording Recording38.mp4,1920,1080,0,0,960,540,Fixation,1596,501,973,706,0.5067,0.6535,,,,,,,,,,,
277288536,1120610493439,Eye Tracker,LipReading,08/25/2025,Chenmingjie,Recording38,07/01/2025,07/01/2025,16:47:15.576,08:47:15.576,803474,Timeline1,Tobii I-VT (Fixation),1.241.54219,1080,1920,10.0,14.5,1.9,2.3,1.39,0.18,0.21,53,7,8,7.8,1.7,1.6,0.77,0.17,0.16,29,6,6,9685833161,,,968,688,982,697,955,678,0.09056,0.1938,-0.97685,-0.04711,0.18729,-0.98117,3.839,3.629,3.741,,,,Valid,Valid,222.3,91.5,500.9,285.3,90.1,500.1,268.7,190.9,261.3,185.5,0.5043,0.6367,0.5115,0.6458,0.4972,0.6277,Screen Recording,Screen Recording Recording38.mp4,1920,1080,0,0,960,540,Fixation,1596,501,973,706,0.5067,0.6535,,,,,,,,,,,
277292535,1120610497438,Eye Tracker,LipReading,08/25/2025,Chenmingjie,Recording38,07/01/2025,07/01/2025,16:47:15.576,08:47:15.576,803474,Timeline1,Tobii I-VT (Fixation),1.241.54219,1080,1920,10.0,14.5,1.9,2.3,1.39,0.18,0.21,53,7,8,7.8,1.7,1.6,0.77,0.17,0.16,29,6,6,9685837161,,,969,685,981,694,957,676,0.09027,0.19201,-0.97723,-0.04579,0.18656,-0.98138,3.857,3.625,3.74,,,,Valid,Valid,222.3,91.5,501.0,285.3,90.1,500.1,268.6,189.9,261.9,185.1,0.5048,0.6344,0.5111,0.6425,0.4985,0.6263,Screen Recording,Screen Recording Recording38.mp4,1920,1080,0,0,960,540,Fixation,1596,501,973,706,0.5067,0.6535,,,,,,,,,,,
277296536,1120610501439,Eye Tracker,LipReading,08/25/2025,Chenmingjie,Recording38,07/01/2025,07/01/2025,16:47:15.576,08:47:15.576,803474,Timeline1,Tobii I-VT (Fixation),1.241.54219,1080,1920,10.0,14.5,1.9,2.3,1.39,0.18,0.21,53,7,8,7.8,1.7,1.6,0.77,0.17,0.16,29,6,6,9685841162,,,966,685,977,693,956,677,0.08816,0.19161,-0.9775,-0.04659,0.18676,-0.9813,3.849,3.635,3.74,,,,Valid,Valid,222.3,91.5,500.9,285.3,90.1,500.1,267.5,189.7,261.5,185.2,0.5034,0.6343,0.509,0.6418,0.4977,0.6267,Screen Recording,Screen Recording Recording38.mp4,1920,1080,0,0,960,540,Fixation,1596,501,973,706,0.5067,0.6535,,,,,,,,,,,
277300535,1120610505438,Eye Tracker,LipReading,08/25/2025,Chenmingjie,Recording38,07/01/2025,07/01/2025,16:47:15.576,08:47:15.576,803474,Timeline1,Tobii I-VT (Fixation),1.241.54219,1080,1920,10.0,14.5,1.9,2.3,1.39,0.18,0.21,53,7,8,7.8,1.7,1.6,0.77,0.17,0.16,29,6,6,9685845161,,,968,688,981,695,954,682,0.09024,0.19245,-0.97715,-0.04721,0.18924,-0.9808,3.85,3.63,3.743,,,,Valid,Valid,222.3,91.5,500.9,285.2,90.0,500.1,268.5,190.2,261.2,186.5,0.504,0.6373,0.5111,0.6434,0.497,0.6311,Screen Recording,Screen Recording Recording38.mp4,1920,1080,0,0,960,540,Fixation,1596,501,973,706,0.5067,0.6535,,,,,,,,,,,
277304535,1120610509438,Eye Tracker,LipReading,08/25/2025,Chenmingjie,Recording38,07/01/2025,07/01/2025,16:47:15.576,08:47:15.576,803474,Timeline1,Tobii I-VT (Fixation),1.241.54219,1080,1920,10.0,14.5,1.9,2.3,1.39,0.18,0.21,53,7,8,7.8,1.7,1.6,0.77,0.17,0.16,29,6,6,9685849161,,,968,688,980,697,956,679,0.08954,0.19366,-0.97697,-0.04606,0.1877,-0.98115,3.863,3.636,3.743,,,,Valid,Valid,222.3,91.5,500.9,285.2,90.0,500.1,268.2,190.8,261.7,185.7,0.5042,0.6369,0.5104,0.6456,0.4981,0.6283,Screen Recording,Screen Recording Recording38.mp4,1920,1080,0,0,960,540,Fixation,1596,501,973,706,0.5067,0.6535,,,,,,,,,,,
277308536,1120610513439,Eye Tracker,LipReading,08/25/2025,Chenmingjie,Recording38,07/01/2025,07/01/2025,16:47:15.576,08:47:15.576,803474,Timeline1,Tobii I-VT (Fixation),1.241.54219,1080,1920,10.0,14.5,1.9,2.3,1.39,0.18,0.21,53,7,8,7.8,1.7,1.6,0.77,0.17,0.16,29,6,6,9685853162,,,970,686,980,691,960,680,0.08975,0.19052,-0.97757,-0.0442,0.18853,-0.98107,3.846,3.648,3.751,,,,Valid,Valid,222.2,91.5,500.9,285.2,90.1,500.1,268.2,189.1,262.7,186.2,0.5052,0.6349,0.5105,0.6399,0.4999,0.6298,Screen Recording,Screen Recording Recording38.mp4,1920,1080,0,0,960,540,Fixation,1596,501,973,706,0.5067,0.6535,,,,,,,,,,,
277312535,1120610517438,Eye Tracker,LipReading,08/25/2025,Chenmingjie,Recording38,07/01/2025,07/01/2025,16:47:15.576,08:47:15.576,803474,Timeline1,Tobii I-VT (Fixation),1.241.54219,1080,1920,10.0,14.5,1.9,2.3,1.39,0.18,0.21,53,7,8,7.8,1.7,1.6,0.77,0.17,0.16,29,6,6,9685857161,,,971,686,981,693,960,678,0.09035,0.19172,-0.97728,-0.04406,0.18756,-0.98126,3.881,3.647,3.755,,,,Valid,Valid,222.2,91.5,500.9,285.2,90.1,500.1,268.5,189.8,262.7,185.6,0.5055,0.6351,0.511,0.6421,0.5,0.6281,Screen Recording,Screen Recording Recording38.mp4,1920,1080,0,0,960,540,Fixation,1596,501,973,706,0.5067,0.6535,,,,,,,,,,,
277316536,1120610521439,Eye Tracker,LipReading,08/25/2025,Chenmingjie,Recording38,07/01/2025,07/01/2025,16:47:15.576,08:47:15.576,803474,Timeline1,Tobii I-VT (Fixation),1.241.54219,1080,1920,10.0,14.5,1.9,2.3,1.39,0.18,0.21,53,7,8,7.8,1.7,1.6,0.77,0.17,0.16,29,6,6,9685861162,,,969,690,977,703,961,677,0.08824,0.19651,-0.97652,-0.04369,0.18686,-0.98141,3.855,3.653,3.756,,,,Valid,Valid,222.2,91.5,500.9,285.2,90.1,500.0,267.5,192.3,262.9,185.3,0.5047,0.6388,0.509,0.6507,0.5003,0.6269,Screen Recording,Screen Recording Recording38.mp4,1920,1080,0,0,960,540,Fixation,1596,501,973,706,0.5067,0.6535,,,,,,,,,,,
277320536,1120610525439,Eye Tracker,LipReading,08/25/2025,Chenmingjie,Recording38,07/01/2025,07/01/2025,16:47:15.576,08:47:15.576,803474,Timeline1,Tobii I-VT (Fixation),1.241.54219,1080,1920,10.0,14.5,1.9,2.3,1.39,0.18,0.21,53,7,8,7.8,1.7,1.6,0.77,0.17,0.16,29,6,6,9685865162,,,975,687,990,693,961,681,0.09495,0.19137,-0.97691,-0.04345,0.18918,-0.98098,3.864,3.638,3.756,,,,Valid,Valid,222.2,91.5,500.9,285.1,90.1,500.0,270.9,189.6,263.0,186.5,0.508,0.6363,0.5155,0.6417,0.5005,0.631,Screen Recording,Screen Recording Recording38.mp4,1920,1080,0,0,960,540,Fixation,1596,501,973,706,0.5067,0.6535,,,,,,,,,,,
277324536,1120610529439,Eye Tracker,LipReading,08/25/2025,Chenmingjie,Recording38,07/01/2025,07/01/2025,16:47:15.576,08:47:15.576,803474,Timeline1,Tobii I-VT (Fixation),1.241.54219,1080,1920,10.0,14.5,1.9,2.3,1.39,0.18,0.21,53,7,8,7.8,1.7,1.6,0.77,0.17,0.16,29,6,6,9685869162,,,974,681,985,688,962,673,0.0927,0.18878,-0.97763,-0.04276,0.18496,-0.98182,3.872,3.641,3.755,,,,Valid,Valid,222.2,91.5,500.9,285.1,90.1,500.0,269.7,188.3,263.3,184.3,0.5072,0.6302,0.5132,0.637,0.5012,0.6235,Screen Recording,Screen Recording Recording38.mp4,1920,1080,0,0,960,540,Fixation,1596,501,973,706,0.5067,0.6535,,,,,,,,,,,
277328535,1120610533438,Eye Tracker,LipReading,08/25/2025,Chenmingjie,Recording38,07/01/2025,07/01/2025,16:47:15.576,08:47:15.576,803474,Timeline1,Tobii I-VT (Fixation),1.241.54219,1080,1920,10.0,14.5,1.9,2.3,1.39,0.18,0.21,53,7,8,7.8,1.7,1.6,0.77,0.17,0.16,29,6,6,9685873161,,,971,690,984,696,957,683,0.09197,0.19308,-0.97686,-0.0453,0.18993,-0.98075,3.86,3.668,3.756,,,,Valid,Valid,222.1,91.5,500.9,285.1,90.1,500.0,269.3,190.5,262.0,186.9,0.5056,0.6385,0.5125,0.6447,0.4986,0.6324,Screen Recording,Screen Recording Recording38.mp4,1920,1080,0,0,960,540,Fixation,1596,501,973,706,0.5067,0.6535,,,,,,,,,,,
277332535,1120610537438,Eye Tracker,LipReading,08/25/2025,Chenmingjie,Recording38,07/01/2025,07/01/2025,16:47:15.576,08:47:15.576,803474,Timeline1,Tobii I-VT (Fixation),1.241.54219,1080,1920,10.0,14.5,1.9,2.3,1.39,0.18,0.21,53,7,8,7.8,1.7,1.6,0.77,0.17,0.16,29,6,6,9685877161,,,968,686,980,693,955,678,0.09016,0.19161,-0.97732,-0.0468,0.18761,-0.98113,3.862,3.647,3.761,,,,Valid,Valid,222.1,91.5,500.9,285.1,90.1,500.0,268.3,189.7,261.2,185.7,0.5039,0.6351,0.5107,0.642,0.4971,0.6282,Screen Recording,Screen Recording Recording38.mp4,1920,1080,0,0,960,540,Fixation,1596,501,973,706,0.5067,0.6535,,,,,,,,,,,
277336536,1120610541439,Eye Tracker,LipReading,08/25/2025,Chenmingjie,Recording38,07/01/2025,07/01/2025,16:47:15.576,08:47:15.576,803474,Timeline1,Tobii I-VT (Fixation),1.241.54219,1080,1920,10.0,14.5,1.9,2.3,1.39,0.18,0.21,53,7,8,7.8,1.7,1.6,0.77,0.17,0.16,29,6,6,9685881162,,,967,688,979,696,955,680,0.08965,0.19299,-0.9771,-0.0467,0.1884,-0.98098,3.875,3.664,3.769,,,,Valid,Valid,222.1,91.5,500.9,285.1,90.1,500.0,268.1,190.5,261.3,186.1,0.5037,0.637,0.5102,0.6444,0.4972,0.6296,Screen Recording,Screen Recording Recording38.mp4,1920,1080,0,0,960,540,Fixation,1596,501,973,706,0.5067,0.6535,,,,,,,,,,,
277340536,1120610545439,Eye Tracker,LipReading,08/25/2025,Chenmingjie,Recording38,07/01/2025,07/01/2025,16:47:15.576,08:47:15.576,803474,Timeline1,Tobii I-VT (Fixation),1.241.54219,1080,1920,10.0,14.5,1.9,2.3,1.39,0.18,0.21,53,7,8,7.8,1.7,1.6,0.77,0.17,0.16,29,6,6,9685885162,,,970,682,983,685,957,679,0.09182,0.18749,-0.97796,-0.04517,0.18778,-0.98117,3.895,3.651,3.771,,,,Valid,Valid,222.1,91.5,500.9,285.0,90.1,500.1,269.1,187.6,262.0,185.8,0.5054,0.6315,0.5122,0.6346,0.4987,0.6285,Screen Recording,Screen Recording Recording38.mp4,1920,1080,0,0,960,540,Fixation,1596,501,973,706,0.5067,0.6535,,,,,,,,,,,
277344535,1120610549438,Eye Tracker,LipReading,08/25/2025,Chenmingjie,Recording38,07/01/2025,07/01/2025,16:47:15.576,08:47:15.576,803474,Timeline1,Tobii I-VT (Fixation),1.241.54219,1080,1920,10.0,14.5,1.9,2.3,1.39,0.18,0.21,53,7,8,7.8,1.7,1.6,0.77,0.17,0.16,29,6,6,9685889161,,,970,688,979,693,960,683,0.08959,0.19126,-0.97744,-0.04378,0.18972,-0.98086,3.88,3.663,3.771,,,,Valid,Valid,222.1,91.5,500.9,285.0,90.1,500.0,268.0,189.5,262.7,186.8,0.505,0.6366,0.51,0.6413,0.5,0.632,Screen Recording,Screen Recording Recording38.mp4,1920,1080,0,0,960,540,Fixation,1596,501,973,706,0.5067,0.6535,,,,,,,,,,,
277348536,1120610553439,Eye Tracker,LipReading,08/25/2025,Chenmingjie,Recording38,07/01/2025,07/01/2025,16:47:15.576,08:47:15.576,803474,Timeline1,Tobii I-VT (Fixation),1.241.54219,1080,1920,10.0,14.5,1.9,2.3,1.39,0.18,0.21,53,7,8,7.8,1.7,1.6,0.77,0.17,0.16,29,6,6,9685893162,,,974,686,986,695,961,677,0.09337,0.19218,-0.97691,-0.04294,0.18684,-0.98145,3.886,3.661,3.772,,,,Valid,Valid,222.0,91.5,500.9,285.0,90.1,500.0,269.9,190.1,263.1,185.3,0.5072,0.635,0.5137,0.6431,0.5008,0.6268,Screen Recording,Screen Recording Recording38.mp4,1920,1080,0,0,960,540,Fixation,1596,501,973,706,0.5067,0.6535,,,,,,,,,,,
277352535,1120610557438,Eye Tracker,LipReading,08/25/2025,Chenmingjie,Recording38,07/01/2025,07/01/2025,16:47:15.576,08:47:15.576,803474,Timeline1,Tobii I-VT (Fixation),1.241.54219,1080,1920,10.0,14.5,1.9,2.3,1.39,0.18,0.21,53,7,8,7.8,1.7,1.6,0.77,0.17,0.16,29,6,6,9685897161,,,972,685,983,691,962,679,0.09152,0.19051,-0.97741,-0.04264,0.18814,-0.98122,3.876,3.659,3.771,,,,Valid,Valid,222.0,91.5,500.8,285.0,90.1,500.0,268.9,189.2,263.2,186.0,0.5064,0.6346,0.5118,0.64,0.501,0.6291,Screen Recording,Screen Recording Recording38.mp4,1920,1080,0,0,960,540,Fixation,1596,501,973,706,0.5067,0.6535,,,,,,,,,,,
277356536,1120610561439,Eye Tracker,LipReading,08/25/2025,Chenmingjie,Recording38,07/01/2025,07/01/2025,16:47:15.576,08:47:15.576,803474,Timeline1,Tobii I-VT (Fixation),1.241.54219,1080,1920,10.0,14.5,1.9,2.3,1.39,0.18,0.21,53,7,8,7.8,1.7,1.6,0.77,0.17,0.16,29,6,6,9685901162,,,974,689,985,701,964,677,0.09273,0.19552,-0.97631,-0.04164,0.18701,-0.98148,3.895,3.653,3.769,,,,Valid,Valid,222.0,91.5,500.8,285.0,90.1,500.0,269.6,191.8,263.7,185.3,0.5075,0.6381,0.513,0.6491,0.502,0.6271,Screen Recording,Screen Recording Recording38.mp4,1920,1080,0,0,960,540,Fixation,1596,501,973,706,0.5067,0.6535,,,,,,,,,,,
277360535,1120610565438,Eye Tracker,LipReading,08/25/2025,Chenmingjie,Recording38,07/01/2025,07/01/2025,16:47:15.576,08:47:15.576,803474,Timeline1,Tobii I-VT (Fixation),1.241.54219,1080,1920,10.0,14.5,1.9,2.3,1.39,0.18,0.21,53,7,8,7.8,1.7,1.6,0.77,0.17,0.16,29,6,6,9685905161,,,970,687,980,695,960,679,0.09016,0.19263,-0.97712,-0.04384,0.18793,-0.9812,3.876,3.667,3.771,,,,Valid,Valid,222.0,91.5,500.8,284.9,90.1,500.0,268.2,190.3,262.6,185.8,0.5051,0.6363,0.5104,0.6438,0.4998,0.6288,Screen Recording,Screen Recording Recording38.mp4,1920,1080,0,0,960,540,Fixation,1596,501,973,706,0.5067,0.6535,,,,,,,,,,,
277364535,1120610569438,Eye Tracker,LipReading,08/25/2025,Chenmingjie,Recording38,07/01/2025,07/01/2025,16:47:15.576,08:47:15.576,803474,Timeline1,Tobii I-VT (Fixation),1.241.54219,1080,1920,10.0,14.5,1.9,2.3,1.39,0.18,0.21,53,7,8,7.8,1.7,1.6,0.77,0.17,0.16,29,6,6,9685909162,,,969,690,982,701,957,679,0.09097,0.19528,-0.97652,-0.04541,0.18773,-0.98117,3.863,3.667,3.775,,,,Valid,Valid,222.0,91.6,500.8,284.9,90.1,500.0,268.6,191.7,261.8,185.7,0.5047,0.6385,0.5113,0.6486,0.4982,0.6284,Screen Recording,Screen Recording Recording38.mp4,1920,1080,0,0,960,540,Fixation,1596,501,973,706,0.5067,0.6535,,,,,,,,,,,
277368534,1120610573437,Eye Tracker,LipReading,08/25/2025,Chenmingjie,Recording38,07/01/2025,07/01/2025,16:47:15.576,08:47:15.576,803474,Timeline1,Tobii I-VT (Fixation),1.241.54219,1080,1920,10.0,14.5,1.9,2.3,1.39,0.18,0.21,53,7,8,7.8,1.7,1.6,0.77,0.17,0.16,29,6,6,9685913161,,,970,686,984,695,957,677,0.09206,0.19255,-0.97696,-0.04515,0.18708,-0.98131,3.882,3.689,3.783,,,,Valid,Valid,222.0,91.5,500.8,284.9,90.1,500.0,269.2,190.3,261.9,185.4,0.5054,0.6355,0.5123,0.6437,0.4985,0.6272,Screen Recording,Screen Recording Recording38.mp4,1920,1080,0,0,960,540,Fixation,1596,501,973,706,0.5067,0.6535,,,,,,,,,,,
277372534,1120610577437,Eye Tracker,LipReading,08/25/2025,Chenmingjie,Recording38,07/01/2025,07/01/2025,16:47:15.576,08:47:15.576,803474,Timeline1,Tobii I-VT (Fixation),1.241.54219,1080,1920,10.0,14.5,1.9,2.3,1.39,0.18,0.21,53,7,8,7.8,1.7,1.6,0.77,0.17,0.16,29,6,6,9685917161,,,974,686,987,692,961,679,0.09375,0.19111,-0.97708,-0.04297,0.1877,-0.98129,3.892,3.685,3.789,,,,Valid,Valid,222.0,91.6,500.8,284.9,90.1,500.0,270.0,189.5,263.0,185.7,0.5072,0.6348,0.5139,0.6412,0.5006,0.6283,Screen Recording,Screen Recording Recording38.mp4,1920,1080,0,0,960,540,Fixation,1596,501,973,706,0.5067,0.6535,,,,,,,,,,,
277376535,1120610581438,Eye Tracker,LipReading,08/25/2025,Chenmingjie,Recording38,07/01/2025,07/01/2025,16:47:15.576,08:47:15.576,803474,Timeline1,Tobii I-VT (Fixation),1.241.54219,1080,1920,10.0,14.5,1.9,2.3,1.39,0.18,0.21,53,7,8,7.8,1.7,1.6,0.77,0.17,0.16,29,6,6,9685921162,,,968,687,982,696,954,679,0.09109,0.19292,-0.97698,-0.04676,0.18784,-0.98109,3.9,3.687,3.79,,,,Valid,Valid,222.0,91.6,500.8,284.9,90.1,500.0,268.6,190.5,261.1,185.8,0.5041,0.6365,0.5113,0.6444,0.4969,0.6287,Screen Recording,Screen Recording Recording38.mp4,1920,1080,0,0,960,540,Fixation,1596,501,973,706,0.5067,0.6535,,,,,,,,,,,
277380534,1120610585437,Eye Tracker,LipReading,08/25/2025,Chenmingjie,Recording38,07/01/2025,07/01/2025,16:47:15.576,08:47:15.576,803474,Timeline1,Tobii I-VT (Fixation),1.241.54219,1080,1920,10.0,14.5,1.9,2.3,1.39,0.18,0.21,53,7,8,7.8,1.7,1.6,0.77,0.17,0.16,29,6,6,9685925161,,,970,687,982,696,958,678,0.09149,0.19289,-0.97695,-0.04477,0.18736,-0.98127,3.896,3.697,3.79,,,,Valid,Valid,221.9,91.6,500.8,284.9,90.1,500.0,268.8,190.4,262.1,185.5,0.5052,0.636,0.5117,0.6443,0.4988,0.6277,Screen Recording,Screen Recording Recording38.mp4,1920,1080,0,0,960,540,Fixation,1596,501,973,706,0.5067,0.6535,,,,,,,,,,,
277384533,1120610589436,Eye Tracker,LipReading,08/25/2025,Chenmingjie,Recording38,07/01/2025,07/01/2025,16:47:15.576,08:47:15.576,803474,Timeline1,Tobii I-VT (Fixation),1.241.54219,1080,1920,10.0,14.5,1.9,2.3,1.39,0.18,0.21,53,7,8,7.8,1.7,1.6,0.77,0.17,0.16,29,6,6,9685929161,,,970,688,985,697,956,678,0.09274,0.19348,-0.97671,-0.04585,0.18754,-0.98119,3.893,3.679,3.791,,,,Valid,Valid,221.9,91.6,500.8,284.9,90.1,500.0,269.5,190.8,261.5,185.6,0.5053,0.6367,0.5129,0.6454,0.4977,0.6281,Screen Recording,Screen Recording Recording38.mp4,1920,1080,0,0,960,540,Fixation,1596,501,973,706,0.5067,0.6535,,,,,,,,,,,
277388533,1120610593436,Eye Tracker,LipReading,08/25/2025,Chenmingjie,Recording38,07/01/2025,07/01/2025,16:47:15.576,08:47:15.576,803474,Timeline1,Tobii I-VT (Fixation),1.241.54219,1080,1920,10.0,14.5,1.9,2.3,1.39,0.18,0.21,53,7,8,7.8,1.7,1.6,0.77,0.17,0.16,29,6,6,9685933161,,,970,689,983,697,956,682,0.09159,0.19325,-0.97686,-0.04537,0.18942,-0.98085,3.902,3.674,3.79,,,,Valid,Valid,221.9,91.6,500.8,284.9,90.1,500.0,268.9,190.6,261.8,186.6,0.505,0.6382,0.5118,0.645,0.4982,0.6314,Screen Recording,Screen Recording Recording38.mp4,1920,1080,0,0,960,540,Fixation,1596,501,973,706,0.5067,0.6535,,,,,,,,,,,
277392533,1120610597436,Eye Tracker,LipReading,08/25/2025,Chenmingjie,Recording38,07/01/2025,07/01/2025,16:47:15.576,08:47:15.576,803474,Timeline1,Tobii I-VT (Fixation),1.241.54219,1080,1920,10.0,14.5,1.9,2.3,1.39,0.18,0.21,53,7,8,7.8,1.7,1.6,0.77,0.17,0.16,29,6,6,9685937161,,,972,688,987,696,957,680,0.09385,0.19305,-0.97669,-0.04533,0.18848,-0.98103,3.892,3.686,3.79,,,,Valid,Valid,221.9,91.6,500.8,284.9,90.1,500.0,270.1,190.5,261.8,186.1,0.5061,0.6372,0.514,0.6447,0.4982,0.6297,Screen Recording,Screen Recording Recording38.mp4,1920,1080,0,0,960,540,Fixation,1596,501,973,706,0.5067,0.6535,,,,,,,,,,,
277396534,1120610601437,Eye Tracker,LipReading,08/25/2025,Chenmingjie,Recording38,07/01/2025,07/01/2025,16:47:15.576,08:47:15.576,803474,Timeline1,Tobii I-VT (Fixation),1.241.54219,1080,1920,10.0,14.5,1.9,2.3,1.39,0.18,0.21,53,7,8,7.8,1.7,1.6,0.77,0.17,0.16,29,6,6,9685941162,,,970,685,985,696,954,675,0.0927,0.19291,-0.97683,-0.04651,0.18569,-0.98151,3.894,3.703,3.794,,,,Valid,Valid,221.9,91.6,500.8,284.9,90.1,500.0,269.5,190.5,261.2,184.7,0.505,0.6346,0.5128,0.6444,0.4971,0.6248,Screen Recording,Screen Recording Recording38.mp4,1920,1080,0,0,960,540,Fixation,1596,501,973,706,0.5067,0.6535,,,,,,,,,,,
277400533,1120610605436,Eye Tracker,LipReading,08/25/2025,Chenmingjie,Recording38,07/01/2025,07/01/2025,16:47:15.576,08:47:15.576,803474,Timeline1,Tobii I-VT (Fixation),1.241.54219,1080,1920,10.0,14.5,1.9,2.3,1.39,0.18,0.21,53,7,8,7.8,1.7,1.6,0.77,0.17,0.16,29,6,6,9685945161,,,972,686,985,693,958,678,0.09273,0.19158,-0.97709,-0.04436,0.18742,-0.98128,3.891,3.694,3.795,,,,Valid,Valid,222.0,91.6,500.8,284.9,90.1,500.0,269.5,189.8,262.3,185.6,0.506,0.6349,0.5129,0.642,0.4992,0.6278,Screen Recording,Screen Recording Recording38.mp4,1920,1080,0,0,960,540,Fixation,1596,501,973,706,0.5067,0.6535,,,,,,,,,,,
277404535,1120610609438,Eye Tracker,LipReading,08/25/2025,Chenmingjie,Recording38,07/01/2025,07/01/2025,16:47:15.576,08:47:15.576,803474,Timeline1,Tobii I-VT (Fixation),1.241.54219,1080,1920,10.0,14.5,1.9,2.3,1.39,0.18,0.21,53,7,8,7.8,1.7,1.6,0.77,0.17,0.16,29,6,6,9685949163,,,974,687,988,694,959,680,0.09461,0.19204,-0.97682,-0.04387,0.18832,-0.98113,3.914,3.696,3.806,,,,Valid,Valid,222.0,91.6,500.8,284.9,90.1,500.0,270.5,190.0,262.5,186.0,0.5072,0.6362,0.5147,0.6429,0.4997,0.6294,Screen Recording,Screen Recording Recording38.mp4,1920,1080,0,0,960,540,Fixation,1596,501,973,706,0.5067,0.6535,,,,,,,,,,,
277408535,1120610613438,Eye Tracker,LipReading,08/25/2025,Chenmingjie,Recording38,07/01/2025,07/01/2025,16:47:15.576,08:47:15.576,803474,Timeline1,Tobii I-VT (Fixation),1.241.54219,1080,1920,10.0,14.5,1.9,2.3,1.39,0.18,0.21,53,7,8,7.8,1.7,1.6,0.77,0.17,0.16,29,6,6,9685953163,,,976,690,993,702,958,677,0.09707,0.196,-0.97579,-0.04466,0.18695,-0.98135,3.928,3.701,3.806,,,,Valid,Valid,222.0,91.5,500.9,284.9,90.1,500.0,271.8,192.1,262.2,185.3,0.5081,0.6386,0.5173,0.6501,0.4989,0.627,Screen Recording,Screen Recording Recording38.mp4,1920,1080,0,0,960,540,Fixation,1596,501,973,706,0.5067,0.6535,,,,,,,,,,,
277412535,1120610617438,Eye Tracker,LipReading,08/25/2025,Chenmingjie,Recording38,07/01/2025,07/01/2025,16:47:15.576,08:47:15.576,803474,Timeline1,Tobii I-VT (Fixation),1.241.54219,1080,1920,10.0,14.5,1.9,2.3,1.39,0.18,0.21,53,7,8,7.8,1.7,1.6,0.77,0.17,0.16,29,6,6,9685957163,,,971,686,984,693,959,679,0.09231,0.1915,-0.97714,-0.04412,0.1877,-0.98124,3.911,3.706,3.807,,,,Valid,Valid,222.0,91.6,500.8,284.9,90.1,500.0,269.3,189.7,262.4,185.7,0.506,0.6351,0.5125,0.6419,0.4995,0.6283,Screen Recording,Screen Recording Recording38.mp4,1920,1080,0,0,960,540,Fixation,1596,501,973,706,0.5067,0.6535,,,,,,,,,,,
277416536,1120610621439,Eye Tracker,LipReading,08/25/2025,Chenmingjie,Recording38,07/01/2025,07/01/2025,16:47:15.576,08:47:15.576,803474,Timeline1,Tobii I-VT (Fixation),1.241.54219,1080,1920,10.0,14.5,1.9,2.3,1.39,0.18,0.21,53,7,8,7.8,1.7,1.6,0.77,0.17,0.16,29,6,6,9685961164,,,970,689,982,697,957,682,0.09111,0.19332,-0.9769,-0.04493,0.18957,-0.98084,3.921,3.698,3.81,,,,Valid,Valid,222.0,91.6,500.8,284.9,90.1,500.0,268.7,190.7,262.0,186.7,0.505,0.6384,0.5114,0.6451,0.4987,0.6317,Screen Recording,Screen Recording Recording38.mp4,1920,1080,0,0,960,540,Fixation,1596,501,973,706,0.5067,0.6535,,,,,,,,,,,
277420535,1120610625438,Eye Tracker,LipReading,08/25/2025,Chenmingjie,Recording38,07/01/2025,07/01/2025,16:47:15.576,08:47:15.576,803474,Timeline1,Tobii I-VT (Fixation),1.241.54219,1080,1920,10.0,14.5,1.9,2.3,1.39,0.18,0.21,53,7,8,7.8,1.7,1.6,0.77,0.17,0.16,29,6,6,9685965163,,,975,690,991,700,960,681,0.09565,0.19476,-0.97618,-0.04354,0.189,-0.98101,3.912,3.709,3.809,,,,Valid,Valid,222.0,91.5,500.9,284.9,90.1,500.0,271.1,191.5,262.7,186.4,0.508,0.6392,0.5159,0.6478,0.5,0.6307,Screen Recording,Screen Recording Recording38.mp4,1920,1080,0,0,960,540,Fixation,1596,501,973,706,0.5067,0.6535,,,,,,,,,,,
277424535,1120610629438,Eye Tracker,LipReading,08/25/2025,Chenmingjie,Recording38,07/01/2025,07/01/2025,16:47:15.576,08:47:15.576,803474,Timeline1,Tobii I-VT (Fixation),1.241.54219,1080,1920,10.0,14.5,1.9,2.3,1.39,0.18,0.21,53,7,8,7.8,1.7,1.6,0.77,0.17,0.16,29,6,6,9685969163,,,974,690,987,701,962,679,0.09385,0.19574,-0.97615,-0.04269,0.18791,-0.98126,3.917,3.703,3.813,,,,Valid,Valid,222.0,91.5,500.9,285.0,90.1,500.0,270.2,192.0,263.2,185.8,0.5075,0.6391,0.5142,0.6495,0.5009,0.6287,Screen Recording,Screen Recording Recording38.mp4,1920,1080,0,0,960,540,Fixation,1596,501,973,706,0.5067,0.6535,,,,,,,,,,,
277428536,1120610633439,Eye Tracker,LipReading,08/25/2025,Chenmingjie,Recording38,07/01/2025,07/01/2025,16:47:15.576,08:47:15.576,803474,Timeline1,Tobii I-VT (Fixation),1.241.54219,1080,1920,10.0,14.5,1.9,2.3,1.39,0.18,0.21,53,7,8,7.8,1.7,1.6,0.77,0.17,0.16,29,6,6,9685973164,,,973,691,984,701,963,682,0.09197,0.19542,-0.9764,-0.04222,0.18922,-0.98103,3.903,3.716,3.815,,,,Valid,Valid,222.0,91.5,500.9,285.0,90.1,500.0,269.2,191.8,263.4,186.5,0.5069,0.64,0.5123,0.6489,0.5014,0.631,Screen Recording,Screen Recording Recording38.mp4,1920,1080,0,0,960,540,Fixation,1596,501,973,706,0.5067,0.6535,,,,,,,,,,,
277432535,1120610637438,Eye Tracker,LipReading,08/25/2025,Chenmingjie,Recording38,07/01/2025,07/01/2025,16:47:15.576,08:47:15.576,803474,Timeline1,Tobii I-VT (Fixation),1.241.54219,1080,1920,10.0,14.5,1.9,2.3,1.39,0.18,0.21,53,7,8,7.8,1.7,1.6,0.77,0.17,0.16,29,6,6,9685977163,,,975,688,987,697,963,679,0.09384,0.19334,-0.97663,-0.04205,0.18816,-0.98124,3.928,3.714,3.821,,,,Valid,Valid,222.0,91.5,500.9,285.0,90.1,500.0,270.2,190.7,263.6,186.0,0.5079,0.6371,0.5142,0.6451,0.5016,0.6291,Screen Recording,Screen Recording Recording38.mp4,1920,1080,0,0,960,540,Fixation,1596,501,973,706,0.5067,0.6535,,,,,,,,,,,
277436536,1120610641439,Eye Tracker,LipReading,08/25/2025,Chenmingjie,Recording38,07/01/2025,07/01/2025,16:47:15.576,08:47:15.576,803474,Timeline1,Tobii I-VT (Fixation),1.241.54219,1080,1920,10.0,14.5,1.9,2.3,1.39,0.18,0.21,53,7,8,7.8,1.7,1.6,0.77,0.17,0.16,29,6,6,9685981164,,,972,688,982,695,962,681,0.09107,0.1923,-0.9771,-0.04261,0.18914,-0.98103,3.926,3.728,3.825,,,,Valid,Valid,222.1,91.5,500.9,285.0,90.1,500.0,268.8,190.1,263.3,186.5,0.5063,0.637,0.5115,0.6432,0.5011,0.6309,Screen Recording,Screen Recording Recording38.mp4,1920,1080,0,0,960,540,Fixation,1596,501,973,706,0.5067,0.6535,,,,,,,,,,,
277440535,1120610645438,Eye Tracker,LipReading,08/25/2025,Chenmingjie,Recording38,07/01/2025,07/01/2025,16:47:15.576,08:47:15.576,803474,Timeline1,Tobii I-VT (Fixation),1.241.54219,1080,1920,10.0,14.5,1.9,2.3,1.39,0.18,0.21,53,7,8,7.8,1.7,1.6,0.77,0.17,0.16,29,6,6,9685985163,,,973,690,986,700,961,680,0.09295,0.19484,-0.97642,-0.04345,0.18827,-0.98116,3.942,3.722,3.828,,,,Valid,Valid,222.1,91.5,500.9,285.0,90.1,500.0,269.8,191.5,262.9,186.0,0.5068,0.6386,0.5134,0.6479,0.5003,0.6293,Screen Recording,Screen Recording Recording38.mp4,1920,1080,0,0,960,540,Fixation,1596,501,973,706,0.5067,0.6535,,,,,,,,,,,
277444535,1120610649438,Eye Tracker,LipReading,08/25/2025,Chenmingjie,Recording38,07/01/2025,07/01/2025,16:47:15.576,08:47:15.576,803474,Timeline1,Tobii I-VT (Fixation),1.241.54219,1080,1920,10.0,14.5,1.9,2.3,1.39,0.18,0.21,53,7,8,7.8,1.7,1.6,0.77,0.17,0.16,29,6,6,9685989163,,,975,686,988,697,962,676,0.09433,0.19323,-0.97661,-0.04276,0.18631,-0.98156,3.934,3.726,3.834,,,,Valid,Valid,222.1,91.5,500.9,285.0,90.0,500.1,270.5,190.6,263.2,185.0,0.5079,0.6354,0.5148,0.645,0.501,0.6258,Screen Recording,Screen Recording Recording38.mp4,1920,1080,0,0,960,540,Fixation,1596,501,973,706,0.5067,0.6535,,,,,,,,,,,
277448536,1120610653439,Eye Tracker,LipReading,08/25/2025,Chenmingjie,Recording38,07/01/2025,07/01/2025,16:47:15.576,08:47:15.576,803474,Timeline1,Tobii I-VT (Fixation),1.241.54219,1080,1920,10.0,14.5,1.9,2.3,1.39,0.18,0.21,53,7,8,7.8,1.7,1.6,0.77,0.17,0.16,29,6,6,9685993164,,,970,686,980,695,960,678,0.09012,0.1924,-0.97717,-0.0438,0.18746,-0.9813,3.943,3.714,3.835,,,,Valid,Valid,222.1,91.5,500.9,285.0,90.0,500.1,268.3,190.2,262.7,185.6,0.5053,0.6356,0.5106,0.6434,0.5,0.6279,Screen Recording,Screen Recording Recording38.mp4,1920,1080,0,0,960,540,Fixation,1596,501,973,706,0.5067,0.6535,,,,,,,,,,,
277452535,1120610657438,Eye Tracker,LipReading,08/25/2025,Chenmingjie,Recording38,07/01/2025,07/01/2025,16:47:15.576,08:47:15.576,803474,Timeline1,Tobii I-VT (Fixation),1.241.54219,1080,1920,10.0,14.5,1.9,2.3,1.39,0.18,0.21,53,7,8,7.8,1.7,1.6,0.77,0.17,0.16,29,6,6,9685997163,,,973,686,987,693,959,678,0.09345,0.1916,-0.97701,-0.04425,0.18742,-0.98128,3.944,3.743,3.836,,,,Valid,Valid,222.1,91.5,500.9,285.1,90.0,500.1,270.0,189.8,262.5,185.5,0.5068,0.6349,0.5139,0.642,0.4996,0.6278,Screen Recording,Screen Recording Recording38.mp4,1920,1080,0,0,960,540,Fixation,1596,501,973,706,0.5067,0.6535,,,,,,,,,,,
277456536,1120610661439,Eye Tracker,LipReading,08/25/2025,Chenmingjie,Recording38,07/01/2025,07/01/2025,16:47:15.576,08:47:15.576,803474,Timeline1,Tobii I-VT (Fixation),1.241.54219,1080,1920,10.0,14.5,1.9,2.3,1.39,0.18,0.21,53,7,8,7.8,1.7,1.6,0.77,0.17,0.16,29,6,6,9686001164,,,974,687,987,697,960,678,0.09378,0.19321,-0.97666,-0.04383,0.18718,-0.98135,3.958,3.741,3.842,,,,Valid,Valid,222.1,91.5,500.9,285.1,90.1,500.0,270.2,190.6,262.7,185.4,0.5072,0.6362,0.5143,0.6449,0.5,0.6274,Screen Recording,Screen Recording Recording38.mp4,1920,1080,0,0,960,540,Fixation,1596,501,973,706,0.5067,0.6535,,,,,,,,,,,
277460535,1120610665438,Eye Tracker,LipReading,08/25/2025,Chenmingjie,Recording38,07/01/2025,07/01/2025,16:47:15.576,08:47:15.576,803474,Timeline1,Tobii I-VT (Fixation),1.241.54219,1080,1920,10.0,14.5,1.9,2.3,1.39,0.18,0.21,53,7,8,7.8,1.7,1.6,0.77,0.17,0.16,29,6,6,9686005163,,,975,684,987,691,962,677,0.09371,0.19034,-0.97724,-0.04292,0.18667,-0.98149,3.98,3.727,3.848,,,,Valid,Valid,222.2,91.5,500.9,285.1,90.1,500.0,270.2,189.1,263.2,185.2,0.5076,0.6331,0.5142,0.6398,0.5009,0.6265,Screen Recording,Screen Recording Recording38.mp4,1920,1080,0,0,960,540,Fixation,1596,501,973,706,0.5067,0.6535,,,,,,,,,,,
277464536,1120610669439,Eye Tracker,LipReading,08/25/2025,Chenmingjie,Recording38,07/01/2025,07/01/2025,16:47:15.576,08:47:15.576,803474,Timeline1,Tobii I-VT (Fixation),1.241.54219,1080,1920,10.0,14.5,1.9,2.3,1.39,0.18,0.21,53,7,8,7.8,1.7,1.6,0.77,0.17,0.16,29,6,6,9686009164,,,975,685,988,693,962,677,0.09399,0.19157,-0.97697,-0.04292,0.18675,-0.98147,3.949,3.736,3.849,,,,Valid,Valid,222.2,91.5,500.9,285.1,90.1,500.0,270.4,189.7,263.2,185.2,0.5077,0.6343,0.5145,0.642,0.501,0.6266,Screen Recording,Screen Recording Recording38.mp4,1920,1080,0,0,960,540,Fixation,1596,501,973,706,0.5067,0.6535,,,,,,,,,,,
277468536,1120610673439,Eye Tracker,LipReading,08/25/2025,Chenmingjie,Recording38,07/01/2025,07/01/2025,16:47:15.576,08:47:15.576,803474,Timeline1,Tobii I-VT (Fixation),1.241.54219,1080,1920,10.0,14.5,1.9,2.3,1.39,0.18,0.21,53,7,8,7.8,1.7,1.6,0.77,0.17,0.16,29,6,6,9686013164,,,973,683,984,691,961,675,0.09211,0.19045,-0.97737,-0.04332,0.18568,-0.98166,3.966,3.739,3.852,,,,Valid,Valid,222.2,91.5,500.9,285.1,90.1,500.0,269.4,189.1,263.0,184.6,0.5066,0.6323,0.5127,0.6399,0.5006,0.6247,Screen Recording,Screen Recording Recording38.mp4,1920,1080,0,0,960,540,Fixation,1596,501,973,706,0.5067,0.6535,,,,,,,,,,,
277472535,1120610677438,Eye Tracker,LipReading,08/25/2025,Chenmingjie,Recording38,07/01/2025,07/01/2025,16:47:15.576,08:47:15.576,803474,Timeline1,Tobii I-VT (Fixation),1.241.54219,1080,1920,10.0,14.5,1.9,2.3,1.39,0.18,0.21,53,7,8,7.8,1.7,1.6,0.77,0.17,0.16,29,6,6,9686017163,,,973,683,984,689,962,676,0.09193,0.18939,-0.97759,-0.04281,0.18646,-0.98153,3.96,3.746,3.856,,,,Valid,Valid,222.2,91.5,500.9,285.1,90.1,500.0,269.3,188.6,263.3,185.0,0.5068,0.632,0.5125,0.638,0.5011,0.6261,Screen Recording,Screen Recording Recording38.mp4,1920,1080,0,0,960,540,Fixation,1596,501,973,706,0.5067,0.6535,,,,,,,,,,,
277476535,1120610681438,Eye Tracker,LipReading,08/25/2025,Chenmingjie,Recording38,07/01/2025,07/01/2025,16:47:15.576,08:47:15.576,803474,Timeline1,Tobii I-VT (Fixation),1.241.54219,1080,1920,10.0,14.5,1.9,2.3,1.39,0.18,0.21,53,7,8,7.8,1.7,1.6,0.77,0.17,0.16,29,6,6,9686021164,,,973,685,986,692,960,678,0.09298,0.19094,-0.97719,-0.04395,0.18731,-0.98132,3.982,3.76,3.868,,,,Valid,Valid,222.2,91.5,500.9,285.1,90.0,500.1,269.9,189.4,262.7,185.5,0.5068,0.6342,0.5136,0.6408,0.5,0.6276,Screen Recording,Screen Recording Recording38.mp4,1920,1080,0,0,960,540,Fixation,1596,501,973,706,0.5067,0.6535,,,,,,,,,,,
277480534,1120610685437,Eye Tracker,LipReading,08/25/2025,Chenmingjie,Recording38,07/01/2025,07/01/2025,16:47:15.576,08:47:15.576,803474,Timeline1,Tobii I-VT (Fixation),1.241.54219,1080,1920,10.0,14.5,1.9,2.3,1.39,0.18,0.21,53,7,8,7.8,1.7,1.6,0.77,0.17,0.16,29,6,6,9686025163,,,974,687,987,699,961,676,0.09331,0.19428,-0.9765,-0.04346,0.18619,-0.98155,3.978,3.758,3.869,,,,Valid,Valid,222.2,91.5,500.9,285.1,90.1,500.1,270.1,191.2,263.0,184.9,0.5073,0.6362,0.514,0.6468,0.5005,0.6256,Screen Recording,Screen Recording Recording38.mp4,1920,1080,0,0,960,540,Fixation,1596,501,973,706,0.5067,0.6535,,,,,,,,,,,
277484535,1120610689438,Eye Tracker,LipReading,08/25/2025,Chenmingjie,Recording38,07/01/2025,07/01/2025,16:47:15.576,08:47:15.576,803474,Timeline1,Tobii I-VT (Fixation),1.241.54219,1080,1920,10.0,14.5,1.9,2.3,1.39,0.18,0.21,53,7,8,7.8,1.7,1.6,0.77,0.17,0.16,29,6,6,9686029164,,,975,687,987,696,963,679,0.09363,0.19274,-0.97677,-0.04245,0.18774,-0.9813,3.984,3.764,3.87,,,,Valid,Valid,222.2,91.5,500.9,285.1,90.0,500.1,270.2,190.3,263.5,185.7,0.5079,0.6362,0.5143,0.644,0.5015,0.6283,Screen Recording,Screen Recording Recording38.mp4,1920,1080,0,0,960,540,Fixation,1596,501,973,706,0.5067,0.6535,,,,,,,,,,,
277488535,1120610693438,Eye Tracker,LipReading,08/25/2025,Chenmingjie,Recording38,07/01/2025,07/01/2025,16:47:15.576,08:47:15.576,803474,Timeline1,Tobii I-VT (Fixation),1.241.54219,1080,1920,10.0,14.5,1.9,2.3,1.39,0.18,0.21,53,7,8,7.8,1.7,1.6,0.77,0.17,0.16,29,6,6,9686033164,,,973,688,983,695,963,681,0.09118,0.19267,-0.97702,-0.04246,0.18897,-0.98106,3.971,3.765,3.867,,,,Valid,Valid,222.2,91.5,500.9,285.1,90.1,500.0,269.0,190.3,263.5,186.4,0.5067,0.6372,0.5119,0.6438,0.5015,0.6306,Screen Recording,Screen Recording Recording38.mp4,1920,1080,0,0,960,540,Fixation,1596,501,973,706,0.5067,0.6535,,,,,,,,,,,
277492534,1120610697437,Eye Tracker,LipReading,08/25/2025,Chenmingjie,Recording38,07/01/2025,07/01/2025,16:47:15.576,08:47:15.576,803474,Timeline1,Tobii I-VT (Fixation),1.241.54219,1080,1920,10.0,14.5,1.9,2.3,1.39,0.18,0.21,53,7,8,7.8,1.7,1.6,0.77,0.17,0.16,29,6,6,9686037163,,,975,688,988,695,962,681,0.09399,0.19239,-0.97681,-0.04287,0.18918,-0.98101,3.964,3.762,3.868,,,,Valid,Valid,222.2,91.5,500.9,285.1,90.0,500.1,270.4,190.2,263.3,186.5,0.5079,0.6372,0.5147,0.6434,0.5011,0.6309,Screen Recording,Screen Recording Recording38.mp4,1920,1080,0,0,960,540,Fixation,1596,501,973,706,0.5067,0.6535,,,,,,,,,,,
277496535,1120610701438,Eye Tracker,LipReading,08/25/2025,Chenmingjie,Recording38,07/01/2025,07/01/2025,16:47:15.576,08:47:15.576,803474,Timeline1,Tobii I-VT (Fixation),1.241.54219,1080,1920,10.0,14.5,1.9,2.3,1.39,0.18,0.21,53,7,8,7.8,1.7,1.6,0.77,0.17,0.16,29,6,6,9686041164,,,973,689,983,698,963,679,0.09149,0.19424,-0.97668,-0.04216,0.18788,-0.98129,3.96,3.763,3.868,,,,Valid,Valid,222.2,91.5,500.9,285.1,90.1,500.1,269.1,191.1,263.7,185.8,0.507,0.6376,0.5122,0.6467,0.5018,0.6286,Screen Recording,Screen Recording Recording38.mp4,1920,1080,0,0,960,540,Fixation,1596,501,973,706,0.5067,0.6535,,,,,,,,,,,
277500534,1120610705437,Eye Tracker,LipReading,08/25/2025,Chenmingjie,Recording38,07/01/2025,07/01/2025,16:47:15.576,08:47:15.576,803474,Timeline1,Tobii I-VT (Fixation),1.241.54219,1080,1920,10.0,14.5,1.9,2.3,1.39,0.18,0.21,53,7,8,7.8,1.7,1.6,0.77,0.17,0.16,29,6,6,9686045163,,,974,684,987,688,962,680,0.09326,0.18886,-0.97756,-0.04317,0.1883,-0.98116,3.985,3.775,3.877,,,,Valid,Valid,222.2,91.5,500.9,285.1,90.1,500.1,270.0,188.3,263.1,186.0,0.5073,0.6332,0.5139,0.637,0.5008,0.6294,Screen Recording,Screen Recording Recording38.mp4,1920,1080,0,0,960,540,Fixation,1596,501,973,706,0.5067,0.6535,,,,,,,,,,,
277504535,1120610709438,Eye Tracker,LipReading,08/25/2025,Chenmingjie,Recording38,07/01/2025,07/01/2025,16:47:15.576,08:47:15.576,803474,Timeline1,Tobii I-VT (Fixation),1.241.54219,1080,1920,10.0,14.5,1.9,2.3,1.39,0.18,0.21,53,7,8,7.8,1.7,1.6,0.77,0.17,0.16,29,6,6,9686049164,,,975,687,988,692,963,681,0.09373,0.19104,-0.9771,-0.04258,0.18922,-0.98101,3.988,3.768,3.881,,,,Valid,Valid,222.2,91.5,500.9,285.1,90.0,500.1,270.3,189.4,263.4,186.5,0.5079,0.636,0.5144,0.641,0.5014,0.631,Screen Recording,Screen Recording Recording38.mp4,1920,1080,0,0,960,540,Fixation,1596,501,973,706,0.5067,0.6535,,,,,,,,,,,
277508535,1120610713438,Eye Tracker,LipReading,08/25/2025,Chenmingjie,Recording38,07/01/2025,07/01/2025,16:47:15.576,08:47:15.576,803474,Timeline1,Tobii I-VT (Fixation),1.241.54219,1080,1920,10.0,14.5,1.9,2.3,1.39,0.18,0.21,53,7,8,7.8,1.7,1.6,0.77,0.17,0.16,29,6,6,9686053164,,,977,686,991,693,964,680,0.09532,0.19118,-0.97691,-0.04205,0.18828,-0.98121,3.988,3.781,3.884,,,,Valid,Valid,222.2,91.5,500.9,285.1,90.1,500.1,271.1,189.5,263.7,186.0,0.5089,0.6353,0.5159,0.6413,0.5019,0.6294,Screen Recording,Screen Recording Recording38.mp4,1920,1080,0,0,960,540,Fixation,1596,501,973,706,0.5067,0.6535,,,,,,,,,,,
277512534,1120610717437,Eye Tracker,LipReading,08/25/2025,Chenmingjie,Recording38,07/01/2025,07/01/2025,16:47:15.576,08:47:15.576,803474,Timeline1,Tobii I-VT (Fixation),1.241.54219,1080,1920,10.0,14.5,1.9,2.3,1.39,0.18,0.21,53,7,8,7.8,1.7,1.6,0.77,0.17,0.16,29,6,6,9686057163,,,973,687,984,691,962,684,0.09179,0.1903,-0.97742,-0.04282,0.19056,-0.98074,3.99,3.78,3.884,,,,Valid,Valid,222.2,91.5,500.9,285.1,90.1,500.1,269.3,189.0,263.3,187.2,0.5068,0.6365,0.5124,0.6396,0.5011,0.6334,Screen Recording,Screen Recording Recording38.mp4,1920,1080,0,0,960,540,Fixation,1596,501,973,706,0.5067,0.6535,,,,,,,,,,,
277516535,1120610721438,Eye Tracker,LipReading,08/25/2025,Chenmingjie,Recording38,07/01/2025,07/01/2025,16:47:15.576,08:47:15.576,803474,Timeline1,Tobii I-VT (Fixation),1.241.54219,1080,1920,10.0,14.5,1.9,2.3,1.39,0.18,0.21,53,7,8,7.8,1.7,1.6,0.77,0.17,0.16,29,6,6,9686061164,,,974,690,987,700,960,679,0.09329,0.19515,-0.97633,-0.04367,0.18812,-0.98117,3.985,3.782,3.884,,,,Valid,Valid,222.2,91.5,500.9,285.1,90.1,500.0,270.1,191.6,262.9,185.9,0.5071,0.6388,0.514,0.6484,0.5003,0.6291,Screen Recording,Screen Recording Recording38.mp4,1920,1080,0,0,960,540,Fixation,1596,501,973,706,0.5067,0.6535,,,,,,,,,,,
277520534,1120610725437,Eye Tracker,LipReading,08/25/2025,Chenmingjie,Recording38,07/01/2025,07/01/2025,16:47:15.576,08:47:15.576,803474,Timeline1,Tobii I-VT (Fixation),1.241.54219,1080,1920,10.0,14.5,1.9,2.3,1.39,0.18,0.21,53,7,8,7.8,1.7,1.6,0.77,0.17,0.16,29,6,6,9686065163,,,975,688,988,694,963,682,0.09388,0.19173,-0.97695,-0.04224,0.18964,-0.98094,3.985,3.785,3.884,,,,Valid,Valid,222.2,91.5,500.9,285.1,90.1,500.1,270.3,189.8,263.6,186.7,0.508,0.637,0.5145,0.6422,0.5016,0.6318,Screen Recording,Screen Recording Recording38.mp4,1920,1080,0,0,960,540,Fixation,1596,501,973,706,0.5067,0.6535,,,,,,,,,,,
277524535,1120610729438,Eye Tracker,LipReading,08/25/2025,Chenmingjie,Recording38,07/01/2025,07/01/2025,16:47:15.576,08:47:15.576,803474,Timeline1,Tobii I-VT (Fixation),1.241.54219,1080,1920,10.0,14.5,1.9,2.3,1.39,0.18,0.21,53,7,8,7.8,1.7,1.6,0.77,0.17,0.16,29,6,6,9686069164,,,975,688,986,697,964,679,0.09268,0.19356,-0.9767,-0.04195,0.18797,-0.98128,3.983,3.782,3.885,,,,Valid,Valid,222.2,91.5,500.9,285.1,90.1,500.1,269.7,190.8,263.7,185.8,0.5076,0.6371,0.5133,0.6455,0.5019,0.6288,Screen Recording,Screen Recording Recording38.mp4,1920,1080,0,0,960,540,Fixation,1596,501,973,706,0.5067,0.6535,,,,,,,,,,,
277528535,1120610733438,Eye Tracker,LipReading,08/25/2025,Chenmingjie,Recording38,07/01/2025,07/01/2025,16:47:15.576,08:47:15.576,803474,Timeline1,Tobii I-VT (Fixation),1.241.54219,1080,1920,10.0,14.5,1.9,2.3,1.39,0.18,0.21,53,7,8,7.8,1.7,1.6,0.77,0.17,0.16,29,6,6,9686073164,,,973,688,985,695,961,681,0.09259,0.19252,-0.97692,-0.04317,0.189,-0.98103,3.991,3.791,3.889,,,,Valid,Valid,222.2,91.5,500.9,285.1,90.0,500.1,269.7,190.2,263.1,186.4,0.5069,0.6371,0.5132,0.6436,0.5007,0.6306,Screen Recording,Screen Recording Recording38.mp4,1920,1080,0,0,960,540,Fixation,1596,501,973,706,0.5067,0.6535,,,,,,,,,,,
277532534,1120610737437,Eye Tracker,LipReading,08/25/2025,Chenmingjie,Recording38,07/01/2025,07/01/2025,16:47:15.576,08:47:15.576,803474,Timeline1,Tobii I-VT (Fixation),1.241.54219,1080,1920,10.0,14.5,1.9,2.3,1.39,0.18,0.21,53,7,8,7.8,1.7,1.6,0.77,0.17,0.16,29,6,6,9686077163,,,974,690,986,695,961,684,0.09319,0.19255,-0.97685,-0.04329,0.19043,-0.98074,3.997,3.787,3.892,,,,Valid,Valid,222.2,91.5,500.9,285.1,90.0,500.1,270.0,190.3,263.0,187.1,0.5071,0.6385,0.5138,0.6437,0.5005,0.6332,Screen Recording,Screen Recording Recording38.mp4,1920,1080,0,0,960,540,Fixation,1596,501,973,706,0.5067,0.6535,,,,,,,,,,,
277536534,1120610741437,Eye Tracker,LipReading,08/25/2025,Chenmingjie,Recording38,07/01/2025,07/01/2025,16:47:15.576,08:47:15.576,803474,Timeline1,Tobii I-VT (Fixation),1.241.54219,1080,1920,10.0,14.5,1.9,2.3,1.39,0.18,0.21,53,7,8,7.8,1.7,1.6,0.77,0.17,0.16,29,6,6,9686081163,,,974,689,988,698,961,681,0.09392,0.19375,-0.97654,-0.04338,0.18891,-0.98104,4.009,3.787,3.894,,,,Valid,Valid,222.2,91.5,500.9,285.1,90.0,500.1,270.3,190.9,263.0,186.3,0.5075,0.6382,0.5145,0.6459,0.5004,0.6304,Screen Recording,Screen Recording Recording38.mp4,1920,1080,0,0,960,540,Fixation,1596,501,973,706,0.5067,0.6535,,,,,,,,,,,
277540533,1120610745436,Eye Tracker,LipReading,08/25/2025,Chenmingjie,Recording38,07/01/2025,07/01/2025,16:47:15.576,08:47:15.576,803474,Timeline1,Tobii I-VT (Fixation),1.241.54219,1080,1920,10.0,14.5,1.9,2.3,1.39,0.18,0.21,53,7,8,7.8,1.7,1.6,0.77,0.17,0.16,29,6,6,9686085162,,,973,688,986,695,961,682,0.09301,0.19249,-0.97688,-0.04354,0.18926,-0.98096,3.998,3.803,3.902,,,,Valid,Valid,222.2,91.5,500.9,285.1,90.0,500.1,269.8,190.2,262.9,186.5,0.5069,0.6373,0.5136,0.6436,0.5003,0.6311,Screen Recording,Screen Recording Recording38.mp4,1920,1080,0,0,960,540,Fixation,1596,501,973,706,0.5067,0.6535,,,,,,,,,,,
277544534,1120610749437,Eye Tracker,LipReading,08/25/2025,Chenmingjie,Recording38,07/01/2025,07/01/2025,16:47:15.576,08:47:15.576,803474,Timeline1,Tobii I-VT (Fixation),1.241.54219,1080,1920,10.0,14.5,1.9,2.3,1.39,0.18,0.21,53,7,8,7.8,1.7,1.6,0.77,0.17,0.16,29,6,6,9686089163,,,975,685,986,695,963,676,0.09325,0.19226,-0.9769,-0.04217,0.18635,-0.98158,4.016,3.796,3.909,,,,Valid,Valid,222.1,91.5,500.9,285.1,90.0,500.1,270.0,190.1,263.6,185.0,0.5077,0.6345,0.5138,0.6432,0.5016,0.6259,Screen Recording,Screen Recording Recording38.mp4,1920,1080,0,0,960,540,Fixation,1596,501,973,706,0.5067,0.6535,,,,,,,,,,,
277548534,1120610753437,Eye Tracker,LipReading,08/25/2025,Chenmingjie,Recording38,07/01/2025,07/01/2025,16:47:15.576,08:47:15.576,803474,Timeline1,Tobii I-VT (Fixation),1.241.54219,1080,1920,10.0,14.5,1.9,2.3,1.39,0.18,0.21,53,7,8,7.8,1.7,1.6,0.77,0.17,0.16,29,6,6,9686093163,,,974,684,988,684,960,685,0.09429,0.18694,-0.97784,-0.04374,0.19079,-0.98066,4.023,3.809,3.913,,,,Valid,Valid,222.1,91.5,500.9,285.0,90.0,500.1,270.4,187.3,262.7,187.3,0.5074,0.6337,0.5147,0.6337,0.5,0.6338,Screen Recording,Screen Recording Recording38.mp4,1920,1080,0,0,960,540,Fixation,1596,501,973,706,0.5067,0.6535,,,,,,,,,,,
277552533,1120610757436,Eye Tracker,LipReading,08/25/2025,Chenmingjie,Recording38,07/01/2025,07/01/2025,16:47:15.576,08:47:15.576,803474,Timeline1,Tobii I-VT (Fixation),1.241.54219,1080,1920,10.0,14.5,1.9,2.3,1.39,0.18,0.21,53,7,8,7.8,1.7,1.6,0.77,0.17,0.16,29,6,6,9686097162,,,972,689,984,694,960,685,0.09192,0.19182,-0.97712,-0.04386,0.19087,-0.98064,4.016,3.816,3.913,,,,Valid,Valid,222.1,91.5,500.9,285.0,90.0,500.1,269.3,189.9,262.7,187.4,0.5062,0.6382,0.5124,0.6424,0.4999,0.634,Screen Recording,Screen Recording Recording38.mp4,1920,1080,0,0,960,540,Fixation,1596,501,973,706,0.5067,0.6535,,,,,,,,,,,
277556534,1120610761437,Eye Tracker,LipReading,08/25/2025,Chenmingjie,Recording38,07/01/2025,07/01/2025,16:47:15.576,08:47:15.576,803474,Timeline1,Tobii I-VT (Fixation),1.241.54219,1080,1920,10.0,14.5,1.9,2.3,1.39,0.18,0.21,53,7,8,7.8,1.7,1.6,0.77,0.17,0.16,29,6,6,9686101163,,,973,685,983,690,962,679,0.09168,0.1901,-0.97747,-0.04244,0.18816,-0.98122,4.017,3.812,3.917,,,,Valid,Valid,222.1,91.5,500.9,285.0,90.0,500.2,269.1,188.9,263.4,185.9,0.5067,0.6341,0.5122,0.6392,0.5013,0.6291,Screen Recording,Screen Recording Recording38.mp4,1920,1080,0,0,960,540,Fixation,1596,501,973,706,0.5067,0.6535,,,,,,,,,,,
277560534,1120610765437,Eye Tracker,LipReading,08/25/2025,Chenmingjie,Recording38,07/01/2025,07/01/2025,16:47:15.576,08:47:15.576,803474,Timeline1,Tobii I-VT (Fixation),1.241.54219,1080,1920,10.0,14.5,1.9,2.3,1.39,0.18,0.21,53,7,8,7.8,1.7,1.6,0.77,0.17,0.16,29,6,6,9686105163,,,975,684,987,692,963,677,0.09357,0.1907,-0.97718,-0.04234,0.18698,-0.98145,4.024,3.804,3.917,,,,Valid,Valid,222.1,91.5,500.9,285.0,90.0,500.2,270.1,189.3,263.5,185.3,0.5077,0.6337,0.514,0.6404,0.5014,0.627,Screen Recording,Screen Recording Recording38.mp4,1920,1080,0,0,960,540,Fixation,1596,501,973,706,0.5067,0.6535,,,,,,,,,,,
277564533,1120610769436,Eye Tracker,LipReading,08/25/2025,Chenmingjie,Recording38,07/01/2025,07/01/2025,16:47:15.576,08:47:15.576,803474,Timeline1,Tobii I-VT (Fixation),1.241.54219,1080,1920,10.0,14.5,1.9,2.3,1.39,0.18,0.21,53,7,8,7.8,1.7,1.6,0.77,0.17,0.16,29,6,6,9686109163,,,973,686,984,692,962,680,0.09227,0.19102,-0.97724,-0.04291,0.18834,-0.98117,4.023,3.816,3.917,,,,Valid,Valid,222.1,91.5,500.9,285.0,90.0,500.1,269.4,189.4,263.2,186.0,0.5068,0.6351,0.5127,0.6409,0.5008,0.6294,Screen Recording,Screen Recording Recording38.mp4,1920,1080,0,0,960,540,Fixation,1596,501,973,706,0.5067,0.6535,,,,,,,,,,,
277568533,1120610773436,Eye Tracker,LipReading,08/25/2025,Chenmingjie,Recording38,07/01/2025,07/01/2025,16:47:15.576,08:47:15.576,803474,Timeline1,Tobii I-VT (Fixation),1.241.54219,1080,1920,10.0,14.5,1.9,2.3,1.39,0.18,0.21,53,7,8,7.8,1.7,1.6,0.77,0.17,0.16,29,6,6,9686113163,,,977,684,990,688,964,679,0.0952,0.189,-0.97735,-0.04187,0.18816,-0.98125,4.031,3.8,3.919,,,,Valid,Valid,222.1,91.5,500.9,285.0,90.0,500.1,270.9,188.4,263.7,185.9,0.5087,0.6332,0.5156,0.6373,0.5018,0.6291,Screen Recording,Screen Recording Recording38.mp4,1920,1080,0,0,960,540,Fixation,1596,501,973,706,0.5067,0.6535,,,,,,,,,,,
277572532,1120610777435,Eye Tracker,LipReading,08/25/2025,Chenmingjie,Recording38,07/01/2025,07/01/2025,16:47:15.576,08:47:15.576,803474,Timeline1,Tobii I-VT (Fixation),1.241.54219,1080,1920,10.0,14.5,1.9,2.3,1.39,0.18,0.21,53,7,8,7.8,1.7,1.6,0.77,0.17,0.16,29,6,6,9686117162,,,974,683,985,689,963,678,0.09242,0.18916,-0.97759,-0.04232,0.18738,-0.98137,4.022,3.818,3.919,,,,Valid,Valid,222.1,91.5,500.9,285.0,90.0,500.2,269.5,188.4,263.5,185.5,0.5071,0.6326,0.5128,0.6375,0.5014,0.6277,Screen Recording,Screen Recording Recording38.mp4,1920,1080,0,0,960,540,Fixation,1596,501,973,706,0.5067,0.6535,,,,,,,,,,,
277576533,1120610781436,Eye Tracker,LipReading,08/25/2025,Chenmingjie,Recording38,07/01/2025,07/01/2025,16:47:15.576,08:47:15.576,803474,Timeline1,Tobii I-VT (Fixation),1.241.54219,1080,1920,10.0,14.5,1.9,2.3,1.39,0.18,0.21,53,7,8,7.8,1.7,1.6,0.77,0.17,0.16,29,6,6,9686121163,,,972,686,985,691,960,681,0.09253,0.19067,-0.97728,-0.04393,0.18894,-0.98101,4.023,3.818,3.921,,,,Valid,Valid,222.1,91.5,500.9,285.0,90.0,500.1,269.5,189.2,262.6,186.3,0.5064,0.6354,0.513,0.6402,0.4998,0.6305,Screen Recording,Screen Recording Recording38.mp4,1920,1080,0,0,960,540,Fixation,1596,501,973,706,0.5067,0.6535,,,,,,,,,,,
277580532,1120610785435,Eye Tracker,LipReading,08/25/2025,Chenmingjie,Recording38,07/01/2025,07/01/2025,16:47:15.576,08:47:15.576,803474,Timeline1,Tobii I-VT (Fixation),1.241.54219,1080,1920,10.0,14.5,1.9,2.3,1.39,0.18,0.21,53,7,8,7.8,1.7,1.6,0.77,0.17,0.16,29,6,6,9686125162,,,976,684,988,690,965,678,0.09418,0.19011,-0.97724,-0.04129,0.18762,-0.98137,4.048,3.811,3.921,,,,Valid,Valid,222.1,91.5,500.9,285.0,90.0,500.1,270.4,188.9,264.0,185.6,0.5085,0.6337,0.5146,0.6393,0.5024,0.6281,Screen Recording,Screen Recording Recording38.mp4,1920,1080,0,0,960,540,Fixation,1596,501,973,706,0.5067,0.6535,,,,,,,,,,,
277584533,1120610789436,Eye Tracker,LipReading,08/25/2025,Chenmingjie,Recording38,07/01/2025,07/01/2025,16:47:15.576,08:47:15.576,803474,Timeline1,Tobii I-VT (Fixation),1.241.54219,1080,1920,10.0,14.5,1.9,2.3,1.39,0.18,0.21,53,7,8,7.8,1.7,1.6,0.77,0.17,0.16,29,6,6,9686129163,,,974,688,986,691,962,685,0.09308,0.19031,-0.9773,-0.04277,0.19085,-0.98069,4.038,3.808,3.921,,,,Valid,Valid,222.1,91.5,500.9,285.0,90.0,500.2,269.8,189.0,263.2,187.3,0.5072,0.6367,0.5135,0.6396,0.501,0.6339,Screen Recording,Screen Recording Recording38.mp4,1920,1080,0,0,960,540,Fixation,1596,501,973,706,0.5067,0.6535,,,,,,,,,,,
277588533,1120610793436,Eye Tracker,LipReading,08/25/2025,Chenmingjie,Recording38,07/01/2025,07/01/2025,16:47:15.576,08:47:15.576,803474,Timeline1,Tobii I-VT (Fixation),1.241.54219,1080,1920,10.0,14.5,1.9,2.3,1.39,0.18,0.21,53,7,8,7.8,1.7,1.6,0.77,0.17,0.16,29,6,6,9686133163,,,973,693,986,701,960,685,0.09287,0.1956,-0.97628,-0.04362,0.19114,-0.98059,4.024,3.83,3.929,,,,Valid,Valid,222.1,91.5,500.9,285.0,90.0,500.1,269.8,191.8,262.8,187.5,0.5068,0.6418,0.5134,0.6491,0.5001,0.6344,Screen Recording,Screen Recording Recording38.mp4,1920,1080,0,0,960,540,Fixation,1596,501,973,706,0.5067,0.6535,,,,,,,,,,,
277592532,1120610797435,Eye Tracker,LipReading,08/25/2025,Chenmingjie,Recording38,07/01/2025,07/01/2025,16:47:15.576,08:47:15.576,803474,Timeline1,Tobii I-VT (Fixation),1.241.54219,1080,1920,10.0,14.5,1.9,2.3,1.39,0.18,0.21,53,7,8,7.8,1.7,1.6,0.77,0.17,0.16,29,6,6,9686137162,,,974,690,984,693,964,686,0.09187,0.19148,-0.97719,-0.04188,0.19168,-0.98056,4.016,3.82,3.929,,,,Valid,Valid,222.1,91.5,500.9,285.0,90.0,500.1,269.2,189.6,263.7,187.8,0.5071,0.6385,0.5124,0.6416,0.5018,0.6354,Screen Recording,Screen Recording Recording38.mp4,1920,1080,0,0,960,540,Fixation,1596,501,973,706,0.5067,0.6535,,,,,,,,,,,
277596533,1120610801436,Eye Tracker,LipReading,08/25/2025,Chenmingjie,Recording38,07/01/2025,07/01/2025,16:47:15.576,08:47:15.576,803474,Timeline1,Tobii I-VT (Fixation),1.241.54219,1080,1920,10.0,14.5,1.9,2.3,1.39,0.18,0.21,53,7,8,7.8,1.7,1.6,0.77,0.17,0.16,29,6,6,9686141163,,,974,681,988,679,961,683,0.09436,0.18449,-0.97829,-0.04339,0.18996,-0.98083,4.048,3.826,3.932,,,,Valid,Valid,222.1,91.5,500.9,285.1,90.0,500.2,270.5,186.0,262.9,186.9,0.5075,0.6307,0.5147,0.6291,0.5004,0.6323,Screen Recording,Screen Recording Recording38.mp4,1920,1080,0,0,960,540,Fixation,1596,501,973,706,0.5067,0.6535,,,,,,,,,,,
277600532,1120610805435,Eye Tracker,LipReading,08/25/2025,Chenmingjie,Recording38,07/01/2025,07/01/2025,16:47:15.576,08:47:15.576,803474,Timeline1,Tobii I-VT (Fixation),1.241.54219,1080,1920,10.0,14.5,1.9,2.3,1.39,0.18,0.21,53,7,8,7.8,1.7,1.6,0.77,0.17,0.16,29,6,6,9686145162,,,971,689,985,691,958,687,0.0925,0.1906,-0.9773,-0.04489,0.19216,-0.98034,4.038,3.812,3.932,,,,Valid,Valid,222.1,91.5,500.9,285.1,90.0,500.2,269.6,189.2,262.2,188.1,0.506,0.6382,0.513,0.6401,0.4989,0.6363,Screen Recording,Screen Recording Recording38.mp4,1920,1080,0,0,960,540,Fixation,1596,501,973,706,0.5067,0.6535,,,,,,,,,,,
277604533,1120610809436,Eye Tracker,LipReading,08/25/2025,Chenmingjie,Recording38,07/01/2025,07/01/2025,16:47:15.576,08:47:15.576,803474,Timeline1,Tobii I-VT (Fixation),1.241.54219,1080,1920,10.0,14.5,1.9,2.3,1.39,0.18,0.21,53,7,8,7.8,1.7,1.6,0.77,0.17,0.16,29,6,6,9686149163,,,976,684,990,693,962,676,0.09518,0.19133,-0.9769,-0.04294,0.18618,-0.98158,4.041,3.831,3.936,,,,Valid,Valid,222.2,91.5,500.9,285.1,90.0,500.1,271.0,189.6,263.2,184.9,0.5083,0.6335,0.5157,0.6415,0.5009,0.6255,Screen Recording,Screen Recording Recording38.mp4,1920,1080,0,0,960,540,Fixation,1596,501,973,706,0.5067,0.6535,,,,,,,,,,,
277608532,1120610813435,Eye Tracker,LipReading,08/25/2025,Chenmingjie,Recording38,07/01/2025,07/01/2025,16:47:15.576,08:47:15.576,803474,Timeline1,Tobii I-VT (Fixation),1.241.54219,1080,1920,10.0,14.5,1.9,2.3,1.39,0.18,0.21,53,7,8,7.8,1.7,1.6,0.77,0.17,0.16,29,6,6,9686153162,,,976,686,989,690,962,681,0.09476,0.19001,-0.9772,-0.04276,0.18924,-0.981,4.038,3.831,3.936,,,,Valid,Valid,222.2,91.5,500.9,285.1,90.0,500.1,270.7,188.9,263.3,186.5,0.5081,0.6351,0.5152,0.6391,0.5011,0.631,Screen Recording,Screen Recording Recording38.mp4,1920,1080,0,0,960,540,Fixation,1596,501,973,706,0.5067,0.6535,,,,,,,,,,,
277612532,1120610817435,Eye Tracker,LipReading,08/25/2025,Chenmingjie,Recording38,07/01/2025,07/01/2025,16:47:15.576,08:47:15.576,803474,Timeline1,Tobii I-VT (Fixation),1.241.54219,1080,1920,10.0,14.5,1.9,2.3,1.39,0.18,0.21,53,7,8,7.8,1.7,1.6,0.77,0.17,0.16,29,6,6,9686157162,,,972,690,986,696,957,683,0.09311,0.1929,-0.97679,-0.04541,0.1901,-0.98071,4.043,3.832,3.936,,,,Valid,Valid,222.2,91.5,500.9,285.1,90.0,500.1,269.9,190.4,261.9,187.0,0.5061,0.6384,0.5137,0.6443,0.4985,0.6326,Screen Recording,Screen Recording Recording38.mp4,1920,1080,0,0,960,540,Fixation,1596,501,973,706,0.5067,0.6535,,,,,,,,,,,
277616533,1120610821436,Eye Tracker,LipReading,08/25/2025,Chenmingjie,Recording38,07/01/2025,07/01/2025,16:47:15.576,08:47:15.576,803474,Timeline1,Tobii I-VT (Fixation),1.241.54219,1080,1920,10.0,14.5,1.9,2.3,1.39,0.18,0.21,53,7,8,7.8,1.7,1.6,0.77,0.17,0.16,29,6,6,9686161163,,,973,688,985,693,960,684,0.09267,0.1912,-0.97717,-0.04384,0.1907,-0.98067,4.053,3.843,3.94,,,,Valid,Valid,222.2,91.5,500.9,285.1,90.0,500.1,269.7,189.5,262.7,187.3,0.5066,0.6374,0.5132,0.6412,0.5,0.6337,Screen Recording,Screen Recording Recording38.mp4,1920,1080,0,0,960,540,Fixation,1596,501,973,706,0.5067,0.6535,,,,,,,,,,,
277620532,1120610825435,Eye Tracker,LipReading,08/25/2025,Chenmingjie,Recording38,07/01/2025,07/01/2025,16:47:15.576,08:47:15.576,803474,Timeline1,Tobii I-VT (Fixation),1.241.54219,1080,1920,10.0,14.5,1.9,2.3,1.39,0.18,0.21,53,7,8,7.8,1.7,1.6,0.77,0.17,0.16,29,6,6,9686165162,,,975,690,989,701,961,678,0.09446,0.19546,-0.97615,-0.04357,0.18759,-0.98128,4.041,3.843,3.946,,,,Valid,Valid,222.2,91.5,500.9,285.1,90.0,500.1,270.7,191.8,262.9,185.6,0.5077,0.6385,0.5151,0.6489,0.5003,0.6281,Screen Recording,Screen Recording Recording38.mp4,1920,1080,0,0,960,540,Fixation,1596,501,973,706,0.5067,0.6535,,,,,,,,,,,
277624532,1120610829435,Eye Tracker,LipReading,08/25/2025,Chenmingjie,Recording38,07/01/2025,07/01/2025,16:47:15.576,08:47:15.576,803474,Timeline1,Tobii I-VT (Fixation),1.241.54219,1080,1920,10.0,14.5,1.9,2.3,1.39,0.18,0.21,53,7,8,7.8,1.7,1.6,0.77,0.17,0.16,29,6,6,9686169162,,,974,687,984,694,964,681,0.09165,0.19179,-0.97715,-0.042,0.18894,-0.98109,4.05,3.836,3.948,,,,Valid,Valid,222.2,91.5,500.9,285.1,90.0,500.1,269.2,189.8,263.7,186.4,0.5071,0.6364,0.5123,0.6422,0.5019,0.6305,Screen Recording,Screen Recording Recording38.mp4,1920,1080,0,0,960,540,Fixation,1596,501,973,706,0.5067,0.6535,,,,,,,,,,,
277628532,1120610833435,Eye Tracker,LipReading,08/25/2025,Chenmingjie,Recording38,07/01/2025,07/01/2025,16:47:15.576,08:47:15.576,803474,Timeline1,Tobii I-VT (Fixation),1.241.54219,1080,1920,10.0,14.5,1.9,2.3,1.39,0.18,0.21,53,7,8,7.8,1.7,1.6,0.77,0.17,0.16,29,6,6,9686173162,,,977,685,988,691,965,679,0.09417,0.1902,-0.97722,-0.04126,0.18792,-0.98132,4.055,3.848,3.948,,,,Valid,Valid,222.2,91.5,500.9,285.1,90.0,500.1,270.5,189.0,264.1,185.8,0.5087,0.6341,0.5148,0.6394,0.5026,0.6287,Screen Recording,Screen Recording Recording38.mp4,1920,1080,0,0,960,540,Fixation,1596,501,973,706,0.5067,0.6535,,,,,,,,,,,
277632532,1120610837435,Eye Tracker,LipReading,08/25/2025,Chenmingjie,Recording38,07/01/2025,07/01/2025,16:47:15.576,08:47:15.576,803474,Timeline1,Tobii I-VT (Fixation),1.241.54219,1080,1920,10.0,14.5,1.9,2.3,1.39,0.18,0.21,53,7,8,7.8,1.7,1.6,0.77,0.17,0.16,29,6,6,9686177162,,,977,694,990,706,964,683,0.09487,0.19796,-0.97561,-0.04205,0.18979,-0.98092,4.053,3.841,3.948,,,,Valid,Valid,222.2,91.5,500.9,285.1,90.1,500.1,270.9,193.1,263.7,186.8,0.5087,0.6428,0.5156,0.6535,0.5018,0.6321,Screen Recording,Screen Recording Recording38.mp4,1920,1080,0,0,960,540,Fixation,1596,501,973,706,0.5067,0.6535,,,,,,,,,,,
277636532,1120610841435,Eye Tracker,LipReading,08/25/2025,Chenmingjie,Recording38,07/01/2025,07/01/2025,16:47:15.576,08:47:15.576,803474,Timeline1,Tobii I-VT (Fixation),1.241.54219,1080,1920,10.0,14.5,1.9,2.3,1.39,0.18,0.21,53,7,8,7.8,1.7,1.6,0.77,0.17,0.16,29,6,6,9686181162,,,976,688,988,688,963,688,0.09392,0.18893,-0.97749,-0.04227,0.19236,-0.98041,4.07,3.859,3.951,,,,Valid,Valid,222.2,91.5,500.9,285.1,90.1,500.1,270.4,188.3,263.6,188.2,0.5081,0.6369,0.5145,0.6372,0.5016,0.6366,Screen Recording,Screen Recording Recording38.mp4,1920,1080,0,0,960,540,Fixation,1596,501,973,706,0.5067,0.6535,,,,,,,,,,,
277640532,1120610845435,Eye Tracker,LipReading,08/25/2025,Chenmingjie,Recording38,07/01/2025,07/01/2025,16:47:15.576,08:47:15.576,803474,Timeline1,Tobii I-VT (Fixation),1.241.54219,1080,1920,10.0,14.5,1.9,2.3,1.39,0.18,0.21,53,7,8,7.8,1.7,1.6,0.77,0.17,0.16,29,6,6,9686185162,,,977,689,992,692,962,687,0.09615,0.19063,-0.97694,-0.043,0.19182,-0.98049,4.043,3.844,3.948,,,,Valid,Valid,222.2,91.5,500.9,285.1,90.0,500.1,271.5,189.2,263.2,187.9,0.5089,0.638,0.5168,0.6403,0.5009,0.6357,Screen Recording,Screen Recording Recording38.mp4,1920,1080,0,0,960,540,Fixation,1596,501,973,706,0.5067,0.6535,,,,,,,,,,,
277644532,1120610849435,Eye Tracker,LipReading,08/25/2025,Chenmingjie,Recording38,07/01/2025,07/01/2025,16:47:15.576,08:47:15.576,803474,Timeline1,Tobii I-VT (Fixation),1.241.54219,1080,1920,10.0,14.5,1.9,2.3,1.39,0.18,0.21,53,7,8,7.8,1.7,1.6,0.77,0.17,0.16,29,6,6,9686189162,,,975,690,987,697,962,682,0.09318,0.19366,-0.97663,-0.04278,0.18951,-0.98095,4.043,3.849,3.957,,,,Valid,Valid,222.2,91.5,500.9,285.2,90.0,500.1,270.0,190.8,263.4,186.7,0.5076,0.6386,0.5139,0.6457,0.5012,0.6315,Screen Recording,Screen Recording Recording38.mp4,1920,1080,0,0,960,540,Fixation,1596,501,973,706,0.5067,0.6535,,,,,,,,,,,
277648532,1120610853435,Eye Tracker,LipReading,08/25/2025,Chenmingjie,Recording38,07/01/2025,07/01/2025,16:47:15.576,08:47:15.576,803474,Timeline1,Tobii I-VT (Fixation),1.241.54219,1080,1920,10.0,14.5,1.9,2.3,1.39,0.18,0.21,53,7,8,7.8,1.7,1.6,0.77,0.17,0.16,29,6,6,9686193162,,,974,683,986,682,963,684,0.09289,0.1856,-0.97822,-0.04243,0.19072,-0.98073,4.069,3.84,3.948,,,,Valid,Valid,222.3,91.5,500.9,285.2,90.0,500.1,269.8,186.6,263.5,187.3,0.5075,0.6324,0.5135,0.6312,0.5015,0.6337,Screen Recording,Screen Recording Recording38.mp4,1920,1080,0,0,960,540,Fixation,1596,501,973,706,0.5067,0.6535,,,,,,,,,,,
277652532,1120610857435,Eye Tracker,LipReading,08/25/2025,Chenmingjie,Recording38,07/01/2025,07/01/2025,16:47:15.576,08:47:15.576,803474,Timeline1,Tobii I-VT (Fixation),1.241.54219,1080,1920,10.0,14.5,1.9,2.3,1.39,0.18,0.21,53,7,8,7.8,1.7,1.6,0.77,0.17,0.16,29,6,6,9686197162,,,974,686,986,690,962,683,0.09261,0.18976,-0.97745,-0.04308,0.18989,-0.98086,4.078,3.84,3.955,,,,Valid,Valid,222.3,91.5,500.9,285.2,90.0,500.1,269.7,188.8,263.2,186.9,0.5071,0.6354,0.5133,0.6386,0.5009,0.6322,Screen Recording,Screen Recording Recording38.mp4,1920,1080,0,0,960,540,Fixation,1596,501,973,706,0.5067,0.6535,,,,,,,,,,,
277656531,1120610861434,Eye Tracker,LipReading,08/25/2025,Chenmingjie,Recording38,07/01/2025,07/01/2025,16:47:15.576,08:47:15.576,803474,Timeline1,Tobii I-VT (Fixation),1.241.54219,1080,1920,10.0,14.5,1.9,2.3,1.39,0.18,0.21,53,7,8,7.8,1.7,1.6,0.77,0.17,0.16,29,6,6,9686201162,,,977,693,993,699,962,687,0.09623,0.1945,-0.97617,-0.04317,0.1921,-0.98042,4.055,3.84,3.957,,,,Valid,Valid,222.3,91.5,500.9,285.2,90.0,500.1,271.6,191.3,263.2,188.0,0.5089,0.6418,0.517,0.6473,0.5008,0.6362,Screen Recording,Screen Recording Recording38.mp4,1920,1080,0,0,960,540,Fixation,1596,501,973,706,0.5067,0.6535,,,,,,,,,,,
277660531,1120610865434,Eye Tracker,LipReading,08/25/2025,Chenmingjie,Recording38,07/01/2025,07/01/2025,16:47:15.576,08:47:15.576,803474,Timeline1,Tobii I-VT (Fixation),1.241.54219,1080,1920,10.0,14.5,1.9,2.3,1.39,0.18,0.21,53,7,8,7.8,1.7,1.6,0.77,0.17,0.16,29,6,6,9686205162,,,979,687,994,688,964,686,0.09717,0.18889,-0.97718,-0.04187,0.19147,-0.98061,4.092,3.842,3.958,,,,Valid,Valid,222.3,91.5,500.9,285.2,90.1,500.1,272.1,188.3,263.8,187.7,0.51,0.6362,0.5178,0.6372,0.5021,0.6351,Screen Recording,Screen Recording Recording38.mp4,1920,1080,0,0,960,540,Fixation,1596,501,973,706,0.5067,0.6535,,,,,,,,,,,
277664531,1120610869434,Eye Tracker,LipReading,08/25/2025,Chenmingjie,Recording38,07/01/2025,07/01/2025,16:47:15.576,08:47:15.576,803474,Timeline1,Tobii I-VT (Fixation),1.241.54219,1080,1920,10.0,14.5,1.9,2.3,1.39,0.18,0.21,53,7,8,7.8,1.7,1.6,0.77,0.17,0.16,29,6,6,9686209162,,,976,692,991,696,962,688,0.09516,0.19295,-0.97658,-0.04277,0.19253,-0.98036,4.074,3.864,3.957,,,,Valid,Valid,222.3,91.5,500.9,285.2,90.1,500.1,271.1,190.5,263.4,188.3,0.5086,0.6407,0.5159,0.6445,0.5012,0.637,Screen Recording,Screen Recording Recording38.mp4,1920,1080,0,0,960,540,Fixation,1596,501,973,706,0.5067,0.6535,,,,,,,,,,,
277668531,1120610873434,Eye Tracker,LipReading,08/25/2025,Chenmingjie,Recording38,07/01/2025,07/01/2025,16:47:15.576,08:47:15.576,803474,Timeline1,Tobii I-VT (Fixation),1.241.54219,1080,1920,10.0,14.5,1.9,2.3,1.39,0.18,0.21,53,7,8,7.8,1.7,1.6,0.77,0.17,0.16,29,6,6,9686213162,,,973,694,985,702,961,686,0.09233,0.19619,-0.97621,-0.04332,0.19143,-0.98055,4.035,3.863,3.961,,,,Valid,Valid,222.3,91.5,500.9,285.2,90.1,500.1,269.7,192.2,263.1,187.7,0.507,0.6427,0.5132,0.6503,0.5007,0.635,Screen Recording,Screen Recording Recording38.mp4,1920,1080,0,0,960,540,Fixation,1596,501,973,706,0.5067,0.6535,,,,,,,,,,,
277672531,1120610877434,Eye Tracker,LipReading,08/25/2025,Chenmingjie,Recording38,07/01/2025,07/01/2025,16:47:15.576,08:47:15.576,803474,Timeline1,Tobii I-VT (Fixation),1.241.54219,1080,1920,10.0,14.5,1.9,2.3,1.39,0.18,0.21,53,7,8,7.8,1.7,1.6,0.77,0.17,0.16,29,6,6,9686217162,,,975,695,988,698,961,692,0.09389,0.19375,-0.97655,-0.04328,0.19446,-0.97995,4.067,3.847,3.964,,,,Valid,Valid,222.3,91.5,500.9,285.2,90.1,500.1,270.4,190.9,263.1,189.3,0.5077,0.6432,0.5147,0.6459,0.5007,0.6405,Screen Recording,Screen Recording Recording38.mp4,1920,1080,0,0,960,540,Fixation,1596,501,973,706,0.5067,0.6535,,,,,,,,,,,
277676531,1120610881434,Eye Tracker,LipReading,08/25/2025,Chenmingjie,Recording38,07/01/2025,07/01/2025,16:47:15.576,08:47:15.576,803474,Timeline1,Tobii I-VT (Fixation),1.241.54219,1080,1920,10.0,14.5,1.9,2.3,1.39,0.18,0.21,53,7,8,7.8,1.7,1.6,0.77,0.17,0.16,29,6,6,9686221162,,,974,693,986,700,961,687,0.0929,0.19477,-0.97644,-0.04343,0.19187,-0.98046,4.077,3.848,3.962,,,,Valid,Valid,222.3,91.5,501.0,285.2,90.1,500.1,269.9,191.4,263.0,187.9,0.5072,0.6418,0.5137,0.6477,0.5006,0.6359,Screen Recording,Screen Recording Recording38.mp4,1920,1080,0,0,960,540,Fixation,1596,501,973,706,0.5067,0.6535,,,,,,,,,,,
277680531,1120610885434,Eye Tracker,LipReading,08/25/2025,Chenmingjie,Recording38,07/01/2025,07/01/2025,16:47:15.576,08:47:15.576,803474,Timeline1,Tobii I-VT (Fixation),1.241.54219,1080,1920,10.0,14.5,1.9,2.3,1.39,0.18,0.21,53,7,8,7.8,1.7,1.6,0.77,0.17,0.16,29,6,6,9686225162,,,976,692,989,696,964,687,0.09415,0.19311,-0.97665,-0.04175,0.19212,-0.98048,4.066,3.86,3.967,,,,Valid,Valid,222.3,91.5,501.0,285.2,90.1,500.1,270.6,190.6,263.9,188.1,0.5086,0.6405,0.5149,0.6448,0.5022,0.6363,Screen Recording,Screen Recording Recording38.mp4,1920,1080,0,0,960,540,Fixation,1596,501,973,706,0.5067,0.6535,,,,,,,,,,,
277684531,1120610889434,Eye Tracker,LipReading,08/25/2025,Chenmingjie,Recording38,07/01/2025,07/01/2025,16:47:15.576,08:47:15.576,803474,Timeline1,Tobii I-VT (Fixation),1.241.54219,1080,1920,10.0,14.5,1.9,2.3,1.39,0.18,0.21,53,7,8,7.8,1.7,1.6,0.77,0.17,0.16,29,6,6,9686229162,,,974,696,987,699,961,693,0.09302,0.19453,-0.97648,-0.04337,0.19501,-0.97984,4.078,3.856,3.967,,,,Valid,Valid,222.3,91.5,500.9,285.2,90.1,500.1,270.0,191.3,263.0,189.6,0.5072,0.6445,0.5138,0.6474,0.5006,0.6415,Screen Recording,Screen Recording Recording38.mp4,1920,1080,0,0,960,540,Fixation,1596,501,973,706,0.5067,0.6535,,,,,,,,,,,
277688531,1120610893434,Eye Tracker,LipReading,08/25/2025,Chenmingjie,Recording38,07/01/2025,07/01/2025,16:47:15.576,08:47:15.576,803474,Timeline1,Tobii I-VT (Fixation),1.241.54219,1080,1920,10.0,14.5,1.9,2.3,1.39,0.18,0.21,53,7,8,7.8,1.7,1.6,0.77,0.17,0.16,29,6,6,9686233162,,,979,691,994,693,964,689,0.0971,0.19154,-0.97667,-0.04185,0.19323,-0.98026,4.084,3.867,3.967,,,,Valid,Valid,222.3,91.5,501.0,285.2,90.1,500.0,272.1,189.8,263.8,188.7,0.5099,0.6402,0.5178,0.6421,0.5021,0.6383,Screen Recording,Screen Recording Recording38.mp4,1920,1080,0,0,960,540,Fixation,1596,501,973,706,0.5067,0.6535,,,,,,,,,,,
277692531,1120610897434,Eye Tracker,LipReading,08/25/2025,Chenmingjie,Recording38,07/01/2025,07/01/2025,16:47:15.576,08:47:15.576,803474,Timeline1,Tobii I-VT (Fixation),1.241.54219,1080,1920,10.0,14.5,1.9,2.3,1.39,0.18,0.21,53,7,8,7.8,1.7,1.6,0.77,0.17,0.16,29,6,6,9686237162,,,978,693,993,692,962,694,0.09654,0.19066,-0.9769,-0.04277,0.19542,-0.97979,4.081,3.848,3.967,,,,Valid,Valid,222.3,91.5,501.0,285.2,90.1,500.0,271.8,189.3,263.3,189.8,0.5092,0.6414,0.5172,0.6405,0.5012,0.6423,Screen Recording,Screen Recording Recording38.mp4,1920,1080,0,0,960,540,Fixation,1596,501,973,706,0.5067,0.6535,,,,,,,,,,,
277696531,1120610901434,Eye Tracker,LipReading,08/25/2025,Chenmingjie,Recording38,07/01/2025,07/01/2025,16:47:15.576,08:47:15.576,803474,Timeline1,Tobii I-VT (Fixation),1.241.54219,1080,1920,10.0,14.5,1.9,2.3,1.39,0.18,0.21,53,7,8,7.8,1.7,1.6,0.77,0.17,0.16,29,6,6,9686241162,,,977,695,991,696,962,695,0.09532,0.19261,-0.97664,-0.0427,0.19598,-0.97968,4.073,3.855,3.965,,,,Valid,Valid,222.2,91.5,501.0,285.2,90.1,500.0,271.1,190.3,263.4,190.1,0.5086,0.6437,0.516,0.644,0.5012,0.6433,Screen Recording,Screen Recording Recording38.mp4,1920,1080,0,0,960,540,Fixation,1596,501,973,706,0.5067,0.6535,,,,,,,,,,,
277700531,1120610905434,Eye Tracker,LipReading,08/25/2025,Chenmingjie,Recording38,07/01/2025,07/01/2025,16:47:15.576,08:47:15.576,803474,Timeline1,Tobii I-VT (Fixation),1.241.54219,1080,1920,10.0,14.5,1.9,2.3,1.39,0.18,0.21,53,7,8,7.8,1.7,1.6,0.77,0.17,0.16,29,6,6,9686245162,,,980,695,993,698,967,692,0.09636,0.19368,-0.97632,-0.04021,0.19438,-0.9801,4.071,3.859,3.963,,,,Valid,Valid,222.2,91.6,500.9,285.1,90.1,500.0,271.7,190.9,264.6,189.3,0.5103,0.6432,0.517,0.646,0.5036,0.6404,Screen Recording,Screen Recording Recording38.mp4,1920,1080,0,0,960,540,Fixation,1596,501,973,706,0.5067,0.6535,,,,,,,,,,,
277704531,1120610909434,Eye Tracker,LipReading,08/25/2025,Chenmingjie,Recording38,07/01/2025,07/01/2025,16:47:15.576,08:47:15.576,803474,Timeline1,Tobii I-VT (Fixation),1.241.54219,1080,1920,10.0,14.5,1.9,2.3,1.39,0.18,0.21,53,7,8,7.8,1.7,1.6,0.77,0.17,0.16,29,6,6,9686249162,,,976,696,988,698,964,693,0.09401,0.1941,-0.97647,-0.04156,0.19503,-0.97992,4.061,3.857,3.962,,,,Valid,Valid,222.2,91.6,500.9,285.1,90.1,500.0,270.5,191.1,263.9,189.6,0.5085,0.6441,0.5147,0.6467,0.5023,0.6416,Screen Recording,Screen Recording Recording38.mp4,1920,1080,0,0,960,540,Fixation,1596,501,973,706,0.5067,0.6535,,,,,,,,,,,
277708531,1120610913434,Eye Tracker,LipReading,08/25/2025,Chenmingjie,Recording38,07/01/2025,07/01/2025,16:47:15.576,08:47:15.576,803474,Timeline1,Tobii I-VT (Fixation),1.241.54219,1080,1920,10.0,14.5,1.9,2.3,1.39,0.18,0.21,53,7,8,7.8,1.7,1.6,0.77,0.17,0.16,29,6,6,9686253162,,,976,696,988,696,963,696,0.09396,0.19296,-0.9767,-0.0423,0.19669,-0.97955,4.061,3.851,3.96,,,,Valid,Valid,222.2,91.6,500.9,285.1,90.1,500.0,270.4,190.5,263.5,190.5,0.5081,0.6446,0.5146,0.6447,0.5015,0.6446,Screen Recording,Screen Recording Recording38.mp4,1920,1080,0,0,960,540,Fixation,1596,501,973,706,0.5067,0.6535,,,,,,,,,,,
277712531,1120610917434,Eye Tracker,LipReading,08/25/2025,Chenmingjie,Recording38,07/01/2025,07/01/2025,16:47:15.576,08:47:15.576,803474,Timeline1,Tobii I-VT (Fixation),1.241.54219,1080,1920,10.0,14.5,1.9,2.3,1.39,0.18,0.21,53,7,8,7.8,1.7,1.6,0.77,0.17,0.16,29,6,6,9686257162,,,976,694,991,693,961,696,0.09549,0.1914,-0.97686,-0.04324,0.19641,-0.97957,4.066,3.864,3.96,,,,Valid,Valid,222.2,91.6,500.9,285.1,90.1,500.1,271.2,189.7,263.0,190.4,0.5083,0.643,0.5161,0.6419,0.5006,0.6441,Screen Recording,Screen Recording Recording38.mp4,1920,1080,0,0,960,540,Fixation,1596,501,973,706,0.5067,0.6535,,,,,,,,,,,
277716531,1120610921434,Eye Tracker,LipReading,08/25/2025,Chenmingjie,Recording38,07/01/2025,07/01/2025,16:47:15.576,08:47:15.576,803474,Timeline1,Tobii I-VT (Fixation),1.241.54219,1080,1920,10.0,14.5,1.9,2.3,1.39,0.18,0.21,53,7,8,7.8,1.7,1.6,0.77,0.17,0.16,29,6,6,9686261162,,,975,693,987,692,964,694,0.09345,0.19087,-0.97716,-0.04168,0.19572,-0.97977,4.062,3.856,3.965,,,,Valid,Valid,222.2,91.6,500.9,285.1,90.1,500.1,270.1,189.4,263.8,190.0,0.5081,0.6419,0.514,0.6409,0.5021,0.6428,Screen Recording,Screen Recording Recording38.mp4,1920,1080,0,0,960,540,Fixation,1596,501,973,706,0.5067,0.6535,,,,,,,,,,,
277720531,1120610925434,Eye Tracker,LipReading,08/25/2025,Chenmingjie,Recording38,07/01/2025,07/01/2025,16:47:15.576,08:47:15.576,803474,Timeline1,Tobii I-VT (Fixation),1.241.54219,1080,1920,10.0,14.5,1.9,2.3,1.39,0.18,0.21,53,7,8,7.8,1.7,1.6,0.77,0.17,0.16,29,6,6,9686265162,,,977,698,993,694,961,702,0.09651,0.19187,-0.97666,-0.04298,0.19963,-0.97893,4.072,3.866,3.966,,,,Valid,Valid,222.2,91.6,501.0,285.1,90.1,500.1,271.7,190.0,263.1,192.1,0.5089,0.6463,0.517,0.6428,0.5008,0.6499,Screen Recording,Screen Recording Recording38.mp4,1920,1080,0,0,960,540,Fixation,1596,501,973,706,0.5067,0.6535,,,,,,,,,,,
277724531,1120610929434,Eye Tracker,LipReading,08/25/2025,Chenmingjie,Recording38,07/01/2025,07/01/2025,16:47:15.576,08:47:15.576,803474,Timeline1,Tobii I-VT (Fixation),1.241.54219,1080,1920,10.0,14.5,1.9,2.3,1.39,0.18,0.21,53,7,8,7.8,1.7,1.6,0.77,0.17,0.16,29,6,6,9686269162,,,975,702,988,703,961,701,0.09419,0.19617,-0.97604,-0.04305,0.1994,-0.97897,4.07,3.87,3.968,,,,Valid,Valid,222.2,91.6,500.9,285.1,90.1,500.1,270.5,192.3,263.1,192.0,0.5077,0.65,0.5148,0.6505,0.5007,0.6495,Screen Recording,Screen Recording Recording38.mp4,1920,1080,0,0,960,540,Fixation,1596,501,973,706,0.5067,0.6535,,,,,,,,,,,
277728531,1120610933434,Eye Tracker,LipReading,08/25/2025,Chenmingjie,Recording38,07/01/2025,07/01/2025,16:47:15.576,08:47:15.576,803474,Timeline1,Tobii I-VT (Fixation),1.241.54219,1080,1920,10.0,14.5,1.9,2.3,1.39,0.18,0.21,53,7,8,7.8,1.7,1.6,0.77,0.17,0.16,29,6,6,9686273162,,,971,700,984,702,958,699,0.09187,0.1958,-0.97633,-0.04467,0.19797,-0.97919,4.062,3.865,3.97,,,,Valid,Valid,222.1,91.6,501.0,285.1,90.1,500.1,269.3,192.0,262.2,191.2,0.5058,0.6483,0.5125,0.6497,0.4991,0.6469,Screen Recording,Screen Recording Recording38.mp4,1920,1080,0,0,960,540,Fixation,1596,501,973,706,0.5067,0.6535,,,,,,,,,,,
277732531,1120610937434,Eye Tracker,LipReading,08/25/2025,Chenmingjie,Recording38,07/01/2025,07/01/2025,16:47:15.576,08:47:15.576,803474,Timeline1,Tobii I-VT (Fixation),1.241.54219,1080,1920,10.0,14.5,1.9,2.3,1.39,0.18,0.21,53,7,8,7.8,1.7,1.6,0.77,0.17,0.16,29,6,6,9686277162,,,974,696,987,696,961,695,0.09368,0.19307,-0.9767,-0.04339,0.196,-0.97964,4.082,3.868,3.973,,,,Valid,Valid,222.1,91.6,500.9,285.0,90.1,500.1,270.2,190.6,262.9,190.1,0.5073,0.6441,0.5142,0.6449,0.5003,0.6433,Screen Recording,Screen Recording Recording38.mp4,1920,1080,0,0,960,540,Fixation,1596,501,973,706,0.5067,0.6535,,,,,,,,,,,
277736531,1120610941434,Eye Tracker,LipReading,08/25/2025,Chenmingjie,Recording38,07/01/2025,07/01/2025,16:47:15.576,08:47:15.576,803474,Timeline1,Tobii I-VT (Fixation),1.241.54219,1080,1920,10.0,14.5,1.9,2.3,1.39,0.18,0.21,53,7,8,7.8,1.7,1.6,0.77,0.17,0.16,29,6,6,9686281162,,,974,697,988,695,961,698,0.09406,0.19223,-0.97683,-0.04315,0.19784,-0.97928,4.08,3.87,3.973,,,,Valid,Valid,222.1,91.6,500.9,285.0,90.1,500.0,270.4,190.2,263.0,191.1,0.5075,0.645,0.5145,0.6434,0.5005,0.6467,Screen Recording,Screen Recording Recording38.mp4,1920,1080,0,0,960,540,Fixation,1596,501,973,706,0.5067,0.6535,,,,,,,,,,,
277740531,1120610945434,Eye Tracker,LipReading,08/25/2025,Chenmingjie,Recording38,07/01/2025,07/01/2025,16:47:15.576,08:47:15.576,803474,Timeline1,Tobii I-VT (Fixation),1.241.54219,1080,1920,10.0,14.5,1.9,2.3,1.39,0.18,0.21,53,7,8,7.8,1.7,1.6,0.77,0.17,0.16,29,6,6,9686285162,,,973,702,987,705,960,699,0.09359,0.1976,-0.97581,-0.04376,0.19831,-0.97916,4.076,3.881,3.973,,,,Valid,Valid,222.1,91.6,501.0,285.0,90.1,500.0,270.2,193.0,262.7,191.4,0.507,0.6503,0.5141,0.653,0.4999,0.6475,Screen Recording,Screen Recording Recording38.mp4,1920,1080,0,0,960,540,Fixation,1596,501,973,706,0.5067,0.6535,,,,,,,,,,,
277744531,1120610949434,Eye Tracker,LipReading,08/25/2025,Chenmingjie,Recording38,07/01/2025,07/01/2025,16:47:15.576,08:47:15.576,803474,Timeline1,Tobii I-VT (Fixation),1.241.54219,1080,1920,10.0,14.5,1.9,2.3,1.39,0.18,0.21,53,7,8,7.8,1.7,1.6,0.77,0.17,0.16,29,6,6,9686289162,,,974,701,988,703,960,699,0.09413,0.19659,-0.97596,-0.04357,0.19834,-0.97916,4.077,3.868,3.973,,,,Valid,Valid,222.1,91.6,500.9,285.0,90.1,500.0,270.4,192.5,262.8,191.4,0.5074,0.6494,0.5146,0.6512,0.5001,0.6476,Screen Recording,Screen Recording Recording38.mp4,1920,1080,0,0,960,540,Fixation,1596,501,973,706,0.5067,0.6535,,,,,,,,,,,
277748530,1120610953433,Eye Tracker,LipReading,08/25/2025,Chenmingjie,Recording38,07/01/2025,07/01/2025,16:47:15.576,08:47:15.576,803474,Timeline1,Tobii I-VT (Fixation),1.241.54219,1080,1920,10.0,14.5,1.9,2.3,1.39,0.18,0.21,53,7,8,7.8,1.7,1.6,0.77,0.17,0.16,29,6,6,9686293162,,,977,700,989,702,965,699,0.09439,0.19614,-0.97602,-0.04099,0.19794,-0.97936,4.078,3.857,3.972,,,,Valid,Valid,222.1,91.6,500.9,285.0,90.1,500.1,270.5,192.2,264.1,191.2,0.5087,0.6486,0.5149,0.6504,0.5026,0.6468,Screen Recording,Screen Recording Recording38.mp4,1920,1080,0,0,960,540,Fixation,1596,501,973,706,0.5067,0.6535,,,,,,,,,,,
277752530,1120610957433,Eye Tracker,LipReading,08/25/2025,Chenmingjie,Recording38,07/01/2025,07/01/2025,16:47:15.576,08:47:15.576,803474,Timeline1,Tobii I-VT (Fixation),1.241.54219,1080,1920,10.0,14.5,1.9,2.3,1.39,0.18,0.21,53,7,8,7.8,1.7,1.6,0.77,0.17,0.16,29,6,6,9686297162,,,971,700,985,704,958,696,0.09232,0.1971,-0.97603,-0.04472,0.19688,-0.97941,4.077,3.87,3.972,,,,Valid,Valid,222.1,91.6,501.0,285.0,90.1,500.1,269.5,192.7,262.2,190.6,0.5059,0.6485,0.5128,0.652,0.4989,0.6449,Screen Recording,Screen Recording Recording38.mp4,1920,1080,0,0,960,540,Fixation,1596,501,973,706,0.5067,0.6535,,,,,,,,,,,
277756530,1120610961433,Eye Tracker,LipReading,08/25/2025,Chenmingjie,Recording38,07/01/2025,07/01/2025,16:47:15.576,08:47:15.576,803474,Timeline1,Tobii I-VT (Fixation),1.241.54219,1080,1920,10.0,14.5,1.9,2.3,1.39,0.18,0.21,53,7,8,7.8,1.7,1.6,0.77,0.17,0.16,29,6,6,9686301162,,,976,699,991,701,960,698,0.09595,0.19537,-0.97603,-0.04349,0.19747,-0.97934,4.066,3.868,3.972,,,,Valid,Valid,222.1,91.6,500.9,285.0,90.1,500.1,271.3,191.8,262.8,190.9,0.5082,0.6475,0.5163,0.6491,0.5001,0.6459,Screen Recording,Screen Recording Recording38.mp4,1920,1080,0,0,960,540,Fixation,1596,501,973,706,0.5067,0.6535,,,,,,,,,,,
277760530,1120610965433,Eye Tracker,LipReading,08/25/2025,Chenmingjie,Recording38,07/01/2025,07/01/2025,16:47:15.576,08:47:15.576,803474,Timeline1,Tobii I-VT (Fixation),1.241.54219,1080,1920,10.0,14.5,1.9,2.3,1.39,0.18,0.21,53,7,8,7.8,1.7,1.6,0.77,0.17,0.16,29,6,6,9686305162,,,974,699,986,698,963,701,0.09305,0.19372,-0.97663,-0.04194,0.1993,-0.97904,4.065,3.884,3.971,,,,Valid,Valid,222.1,91.5,501.0,285.0,90.1,500.1,269.8,190.9,263.5,191.9,0.5075,0.6476,0.5134,0.646,0.5016,0.6492,Screen Recording,Screen Recording Recording38.mp4,1920,1080,0,0,960,540,Fixation,1596,501,973,706,0.5067,0.6535,,,,,,,,,,,
277764530,1120610969433,Eye Tracker,LipReading,08/25/2025,Chenmingjie,Recording38,07/01/2025,07/01/2025,16:47:15.576,08:47:15.576,803474,Timeline1,Tobii I-VT (Fixation),1.241.54219,1080,1920,10.0,14.5,1.9,2.3,1.39,0.18,0.21,53,7,8,7.8,1.7,1.6,0.77,0.17,0.16,29,6,6,9686309162,,,977,699,988,698,965,699,0.09431,0.19404,-0.97645,-0.04093,0.19826,-0.9793,4.088,3.865,3.974,,,,Valid,Valid,222.0,91.5,501.0,285.0,90.1,500.1,270.4,191.1,264.1,191.3,0.5086,0.6469,0.5147,0.6466,0.5025,0.6473,Screen Recording,Screen Recording Recording38.mp4,1920,1080,0,0,960,540,Fixation,1596,501,973,706,0.5067,0.6535,,,,,,,,,,,
277768530,1120610973433,Eye Tracker,LipReading,08/25/2025,Chenmingjie,Recording38,07/01/2025,07/01/2025,16:47:15.576,08:47:15.576,803474,Timeline1,Tobii I-VT (Fixation),1.241.54219,1080,1920,10.0,14.5,1.9,2.3,1.39,0.18,0.21,53,7,8,7.8,1.7,1.6,0.77,0.17,0.16,29,6,6,9686313162,,,977,700,991,703,963,697,0.09558,0.19659,-0.97582,-0.04211,0.19714,-0.97947,4.072,3.88,3.977,,,,Valid,Valid,222.0,91.5,501.0,285.0,90.1,500.1,271.1,192.5,263.5,190.7,0.5087,0.6482,0.516,0.6512,0.5014,0.6453,Screen Recording,Screen Recording Recording38.mp4,1920,1080,0,0,960,540,Fixation,1596,501,973,706,0.5067,0.6535,,,,,,,,,,,
277772530,1120610977433,Eye Tracker,LipReading,08/25/2025,Chenmingjie,Recording38,07/01/2025,07/01/2025,16:47:15.576,08:47:15.576,803474,Timeline1,Tobii I-VT (Fixation),1.241.54219,1080,1920,10.0,14.5,1.9,2.3,1.39,0.18,0.21,53,7,8,7.8,1.7,1.6,0.77,0.17,0.16,29,6,6,9686317162,,,976,705,990,709,962,701,0.09502,0.19953,-0.97527,-0.04223,0.19901,-0.97909,4.068,3.884,3.976,,,,Valid,Valid,222.0,91.5,501.0,285.0,90.1,500.1,270.9,194.0,263.4,191.7,0.5084,0.6526,0.5155,0.6565,0.5012,0.6487,Screen Recording,Screen Recording Recording38.mp4,1920,1080,0,0,960,540,Fixation,1596,501,973,706,0.5067,0.6535,,,,,,,,,,,
277776530,1120610981433,Eye Tracker,LipReading,08/25/2025,Chenmingjie,Recording38,07/01/2025,07/01/2025,16:47:15.576,08:47:15.576,803474,Timeline1,Tobii I-VT (Fixation),1.241.54219,1080,1920,10.0,14.5,1.9,2.3,1.39,0.18,0.21,53,7,8,7.8,1.7,1.6,0.77,0.17,0.16,29,6,6,9686321162,,,979,702,995,701,963,704,0.09781,0.19554,-0.97581,-0.04195,0.20058,-0.97878,4.079,3.881,3.975,,,,Valid,Valid,222.0,91.5,501.0,284.9,90.1,500.1,272.3,191.9,263.5,192.6,0.5098,0.6504,0.5181,0.6494,0.5015,0.6515,Screen Recording,Screen Recording Recording38.mp4,1920,1080,0,0,960,540,Fixation,1596,501,973,706,0.5067,0.6535,,,,,,,,,,,
277780530,1120610985433,Eye Tracker,LipReading,08/25/2025,Chenmingjie,Recording38,07/01/2025,07/01/2025,16:47:15.576,08:47:15.576,803474,Timeline1,Tobii I-VT (Fixation),1.241.54219,1080,1920,10.0,14.5,1.9,2.3,1.39,0.18,0.21,53,7,8,7.8,1.7,1.6,0.77,0.17,0.16,29,6,6,9686325162,,,977,703,991,703,963,703,0.09571,0.19654,-0.97581,-0.04215,0.20019,-0.97885,4.06,3.878,3.973,,,,Valid,Valid,222.0,91.5,501.0,284.9,90.1,500.1,271.2,192.4,263.4,192.3,0.5087,0.6509,0.5161,0.6511,0.5013,0.6508,Screen Recording,Screen Recording Recording38.mp4,1920,1080,0,0,960,540,Fixation,1596,501,973,706,0.5067,0.6535,,,,,,,,,,,
277784530,1120610989433,Eye Tracker,LipReading,08/25/2025,Chenmingjie,Recording38,07/01/2025,07/01/2025,16:47:15.576,08:47:15.576,803474,Timeline1,Tobii I-VT (Fixation),1.241.54219,1080,1920,10.0,14.5,1.9,2.3,1.39,0.18,0.21,53,7,8,7.8,1.7,1.6,0.77,0.17,0.16,29,6,6,9686329162,,,976,704,991,704,960,704,0.09601,0.19687,-0.97572,-0.0433,0.20092,-0.97865,4.069,3.867,3.973,,,,Valid,Valid,222.0,91.5,501.0,284.9,90.1,500.1,271.3,192.6,262.8,192.7,0.5083,0.6519,0.5164,0.6517,0.5002,0.6521,Screen Recording,Screen Recording Recording38.mp4,1920,1080,0,0,960,540,Fixation,1596,501,973,706,0.5067,0.6535,,,,,,,,,,,
277788530,1120610993433,Eye Tracker,LipReading,08/25/2025,Chenmingjie,Recording38,07/01/2025,07/01/2025,16:47:15.576,08:47:15.576,803474,Timeline1,Tobii I-VT (Fixation),1.241.54219,1080,1920,10.0,14.5,1.9,2.3,1.39,0.18,0.21,53,7,8,7.8,1.7,1.6,0.77,0.17,0.16,29,6,6,9686333162,,,976,705,990,707,962,704,0.09515,0.19852,-0.97547,-0.0426,0.20076,-0.97871,4.065,3.875,3.972,,,,Valid,Valid,222.0,91.5,501.0,284.9,90.1,500.1,270.9,193.5,263.2,192.6,0.5082,0.6532,0.5156,0.6547,0.5009,0.6518,Screen Recording,Screen Recording Recording38.mp4,1920,1080,0,0,960,540,Fixation,1596,501,973,706,0.5067,0.6535,,,,,,,,,,,
277792530,1120610997433,Eye Tracker,LipReading,08/25/2025,Chenmingjie,Recording38,07/01/2025,07/01/2025,16:47:15.576,08:47:15.576,803474,Timeline1,Tobii I-VT (Fixation),1.241.54219,1080,1920,10.0,14.5,1.9,2.3,1.39,0.18,0.21,53,7,8,7.8,1.7,1.6,0.77,0.17,0.16,29,6,6,9686337162,,,975,705,988,709,963,702,0.09415,0.19931,-0.9754,-0.04196,0.19961,-0.97898,4.069,3.897,3.97,,,,Valid,Valid,222.0,91.5,501.0,284.9,90.0,500.2,270.4,193.9,263.5,192.0,0.508,0.6529,0.5146,0.6561,0.5015,0.6497,Screen Recording,Screen Recording Recording38.mp4,1920,1080,0,0,960,540,Fixation,1596,501,973,706,0.5067,0.6535,,,,,,,,,,,
277796527,1120611001430,Eye Tracker,LipReading,08/25/2025,Chenmingjie,Recording38,07/01/2025,07/01/2025,16:47:15.576,08:47:15.576,803474,Timeline1,Tobii I-VT (Fixation),1.241.54219,1080,1920,10.0,14.5,1.9,2.3,1.39,0.18,0.21,53,7,8,7.8,1.7,1.6,0.77,0.17,0.16,29,6,6,9686341159,,,975,705,992,705,958,705,0.09646,0.19759,-0.97553,-0.04434,0.20132,-0.97852,4.097,3.87,3.971,,,,Valid,Valid,222.0,91.5,501.1,284.9,90.0,500.2,271.6,193.0,262.3,192.9,0.508,0.6529,0.5169,0.653,0.4992,0.6528,Screen Recording,Screen Recording Recording38.mp4,1920,1080,0,0,960,540,Fixation,1596,501,973,706,0.5067,0.6535,,,,,,,,,,,
277800527,1120611005430,Eye Tracker,LipReading,08/25/2025,Chenmingjie,Recording38,07/01/2025,07/01/2025,16:47:15.576,08:47:15.576,803474,Timeline1,Tobii I-VT (Fixation),1.241.54219,1080,1920,10.0,14.5,1.9,2.3,1.39,0.18,0.21,53,7,8,7.8,1.7,1.6,0.77,0.17,0.16,29,6,6,9686345159,,,977,703,993,704,962,702,0.09672,0.19697,-0.97563,-0.04259,0.20001,-0.97887,4.08,3.868,3.971,,,,Valid,Valid,222.0,91.5,501.0,284.9,90.1,500.1,271.7,192.7,263.2,192.2,0.509,0.6512,0.5171,0.6519,0.5009,0.6504,Screen Recording,Screen Recording Recording38.mp4,1920,1080,0,0,960,540,Fixation,1596,501,973,706,0.5067,0.6535,,,,,,,,,,,
277804527,1120611009430,Eye Tracker,LipReading,08/25/2025,Chenmingjie,Recording38,07/01/2025,07/01/2025,16:47:15.576,08:47:15.576,803474,Timeline1,Tobii I-VT (Fixation),1.241.54219,1080,1920,10.0,14.5,1.9,2.3,1.39,0.18,0.21,53,7,8,7.8,1.7,1.6,0.77,0.17,0.16,29,6,6,9686349159,,,976,706,989,705,963,707,0.09475,0.19768,-0.97568,-0.04184,0.20228,-0.97843,4.07,3.872,3.974,,,,Valid,Valid,222.0,91.5,501.0,285.0,90.0,500.2,270.7,193.0,263.6,193.4,0.5084,0.6538,0.5152,0.6531,0.5016,0.6545,Screen Recording,Screen Recording Recording38.mp4,1920,1080,0,0,960,540,Fixation,1596,501,973,706,0.5067,0.6535,,,,,,,,,,,
277808527,1120611013430,Eye Tracker,LipReading,08/25/2025,Chenmingjie,Recording38,07/01/2025,07/01/2025,16:47:15.576,08:47:15.576,803474,Timeline1,Tobii I-VT (Fixation),1.241.54219,1080,1920,10.0,14.5,1.9,2.3,1.39,0.18,0.21,53,7,8,7.8,1.7,1.6,0.77,0.17,0.16,29,6,6,9686353159,,,975,703,987,702,964,704,0.09345,0.19623,-0.9761,-0.04139,0.20079,-0.97876,4.068,3.876,3.971,,,,Valid,Valid,222.0,91.5,501.1,285.0,90.0,500.2,270.0,192.2,263.8,192.7,0.508,0.6511,0.5139,0.6504,0.5021,0.6518,Screen Recording,Screen Recording Recording38.mp4,1920,1080,0,0,960,540,Fixation,1596,501,973,706,0.5067,0.6535,,,,,,,,,,,
277812527,1120611017430,Eye Tracker,LipReading,08/25/2025,Chenmingjie,Recording38,07/01/2025,07/01/2025,16:47:15.576,08:47:15.576,803474,Timeline1,Tobii I-VT (Fixation),1.241.54219,1080,1920,10.0,14.5,1.9,2.3,1.39,0.18,0.21,53,7,8,7.8,1.7,1.6,0.77,0.17,0.16,29,6,6,9686357159,,,971,709,983,712,959,706,0.09151,0.20119,-0.97527,-0.04395,0.20204,-0.97839,4.075,3.888,3.972,,,,Valid,Valid,222.0,91.5,501.1,285.0,90.0,500.2,269.1,194.9,262.5,193.3,0.5058,0.6567,0.5121,0.6594,0.4996,0.6541,Screen Recording,Screen Recording Recording38.mp4,1920,1080,0,0,960,540,Fixation,1596,501,973,706,0.5067,0.6535,,,,,,,,,,,
277816527,1120611021430,Eye Tracker,LipReading,08/25/2025,Chenmingjie,Recording38,07/01/2025,07/01/2025,16:47:15.576,08:47:15.576,803474,Timeline1,Tobii I-VT (Fixation),1.241.54219,1080,1920,10.0,14.5,1.9,2.3,1.39,0.18,0.21,53,7,8,7.8,1.7,1.6,0.77,0.17,0.16,29,6,6,9686361159,,,974,704,982,707,965,702,0.09116,0.19854,-0.97584,-0.04066,0.1997,-0.97901,4.063,3.872,3.971,,,,Valid,Valid,222.1,91.5,501.1,285.0,90.0,500.2,268.9,193.5,264.2,192.1,0.5072,0.6522,0.5117,0.6545,0.5028,0.6498,Screen Recording,Screen Recording Recording38.mp4,1920,1080,0,0,960,540,Fixation,1596,501,973,706,0.5067,0.6535,,,,,,,,,,,
277820527,1120611025430,Eye Tracker,LipReading,08/25/2025,Chenmingjie,Recording38,07/01/2025,07/01/2025,16:47:15.576,08:47:15.576,803474,Timeline1,Tobii I-VT (Fixation),1.241.54219,1080,1920,10.0,14.5,1.9,2.3,1.39,0.18,0.21,53,7,8,7.8,1.7,1.6,0.77,0.17,0.16,29,6,6,9686365159,,,976,704,991,707,962,700,0.09547,0.19875,-0.97539,-0.04234,0.19873,-0.97914,4.105,3.873,3.971,,,,Valid,Valid,222.1,91.5,501.1,285.0,90.0,500.2,271.1,193.6,263.3,191.5,0.5086,0.6516,0.516,0.655,0.5012,0.6481,Screen Recording,Screen Recording Recording38.mp4,1920,1080,0,0,960,540,Fixation,1596,501,973,706,0.5067,0.6535,,,,,,,,,,,
277824527,1120611029430,Eye Tracker,LipReading,08/25/2025,Chenmingjie,Recording38,07/01/2025,07/01/2025,16:47:15.576,08:47:15.576,803474,Timeline1,Tobii I-VT (Fixation),1.241.54219,1080,1920,10.0,14.5,1.9,2.3,1.39,0.18,0.21,53,7,8,7.8,1.7,1.6,0.77,0.17,0.16,29,6,6,9686369159,,,976,705,990,703,961,706,0.09501,0.19655,-0.97588,-0.04277,0.2021,-0.97843,4.068,3.874,3.969,,,,Valid,Valid,222.1,91.5,501.1,285.0,90.0,500.2,270.8,192.4,263.1,193.3,0.5081,0.6526,0.5155,0.651,0.5007,0.6541,Screen Recording,Screen Recording Recording38.mp4,1920,1080,0,0,960,540,Fixation,1596,501,973,706,0.5067,0.6535,,,,,,,,,,,
277828527,1120611033430,Eye Tracker,LipReading,08/25/2025,Chenmingjie,Recording38,07/01/2025,07/01/2025,16:47:15.576,08:47:15.576,803474,Timeline1,Tobii I-VT (Fixation),1.241.54219,1080,1920,10.0,14.5,1.9,2.3,1.39,0.18,0.21,53,7,8,7.8,1.7,1.6,0.77,0.17,0.16,29,6,6,9686373159,,,972,707,986,709,958,706,0.09281,0.19949,-0.9755,-0.04486,0.2016,-0.97844,4.062,3.881,3.968,,,,Valid,Valid,222.1,91.5,501.1,285.0,90.0,500.2,269.7,194.0,262.1,193.1,0.506,0.6548,0.5134,0.6563,0.4987,0.6533,Screen Recording,Screen Recording Recording38.mp4,1920,1080,0,0,960,540,Fixation,1596,501,973,706,0.5067,0.6535,,,,,,,,,,,
277832527,1120611037430,Eye Tracker,LipReading,08/25/2025,Chenmingjie,Recording38,07/01/2025,07/01/2025,16:47:15.576,08:47:15.576,803474,Timeline1,Tobii I-VT (Fixation),1.241.54219,1080,1920,10.0,14.5,1.9,2.3,1.39,0.18,0.21,53,7,8,7.8,1.7,1.6,0.77,0.17,0.16,29,6,6,9686377159,,,974,709,987,713,961,704,0.09359,0.20173,-0.97496,-0.04322,0.20093,-0.97865,4.057,3.888,3.972,,,,Valid,Valid,222.1,91.5,501.0,285.0,90.0,500.2,270.2,195.2,262.9,192.7,0.5073,0.6562,0.5142,0.6604,0.5003,0.6521,Screen Recording,Screen Recording Recording38.mp4,1920,1080,0,0,960,540,Fixation,1596,501,973,706,0.5067,0.6535,,,,,,,,,,,
277836527,1120611041430,Eye Tracker,LipReading,08/25/2025,Chenmingjie,Recording38,07/01/2025,07/01/2025,16:47:15.576,08:47:15.576,803474,Timeline1,Tobii I-VT (Fixation),1.241.54219,1080,1920,10.0,14.5,1.9,2.3,1.39,0.18,0.21,53,7,8,7.8,1.7,1.6,0.77,0.17,0.16,29,6,6,9686381159,,,973,710,984,715,961,705,0.09168,0.20257,-0.97497,-0.04283,0.20116,-0.97862,4.057,3.866,3.972,,,,Valid,Valid,222.1,91.5,501.1,285.0,90.0,500.2,269.2,195.6,263.1,192.8,0.5065,0.6571,0.5123,0.6618,0.5007,0.6524,Screen Recording,Screen Recording Recording38.mp4,1920,1080,0,0,960,540,Fixation,1596,501,973,706,0.5067,0.6535,,,,,,,,,,,
277840526,1120611045429,Eye Tracker,LipReading,08/25/2025,Chenmingjie,Recording38,07/01/2025,07/01/2025,16:47:15.576,08:47:15.576,803474,Timeline1,Tobii I-VT (Fixation),1.241.54219,1080,1920,10.0,14.5,1.9,2.3,1.39,0.18,0.21,53,7,8,7.8,1.7,1.6,0.77,0.17,0.16,29,6,6,9686385159,,,975,710,991,715,960,706,0.09526,0.2024,-0.97466,-0.04353,0.20197,-0.97842,4.081,3.885,3.973,,,,Valid,Valid,222.1,91.5,501.1,285.0,90.0,500.2,271.1,195.6,262.8,193.3,0.508,0.6578,0.5159,0.6616,0.5001,0.6539,Screen Recording,Screen Recording Recording38.mp4,1920,1080,0,0,960,540,Fixation,1596,501,973,706,0.5067,0.6535,,,,,,,,,,,
277844526,1120611049429,Eye Tracker,LipReading,08/25/2025,Chenmingjie,Recording38,07/01/2025,07/01/2025,16:47:15.576,08:47:15.576,803474,Timeline1,Tobii I-VT (Fixation),1.241.54219,1080,1920,10.0,14.5,1.9,2.3,1.39,0.18,0.21,53,7,8,7.8,1.7,1.6,0.77,0.17,0.16,29,6,6,9686389159,,,976,704,989,705,963,704,0.09469,0.19744,-0.97573,-0.04183,0.2007,-0.97876,4.083,3.873,3.976,,,,Valid,Valid,222.1,91.5,501.0,285.0,90.0,500.2,270.7,192.9,263.6,192.6,0.5085,0.6521,0.5152,0.6526,0.5017,0.6516,Screen Recording,Screen Recording Recording38.mp4,1920,1080,0,0,960,540,Fixation,1596,501,973,706,0.5067,0.6535,,,,,,,,,,,
277848526,1120611053429,Eye Tracker,LipReading,08/25/2025,Chenmingjie,Recording38,07/01/2025,07/01/2025,16:47:15.576,08:47:15.576,803474,Timeline1,Tobii I-VT (Fixation),1.241.54219,1080,1920,10.0,14.5,1.9,2.3,1.39,0.18,0.21,53,7,8,7.8,1.7,1.6,0.77,0.17,0.16,29,6,6,9686393159,,,973,709,987,713,959,706,0.09356,0.20147,-0.97502,-0.04431,0.2017,-0.97845,4.072,3.874,3.976,,,,Valid,Valid,222.1,91.5,501.0,285.0,90.0,500.2,270.2,195.0,262.4,193.1,0.5068,0.6566,0.5142,0.6599,0.4993,0.6534,Screen Recording,Screen Recording Recording38.mp4,1920,1080,0,0,960,540,Fixation,1596,501,973,706,0.5067,0.6535,,,,,,,,,,,
277852526,1120611057429,Eye Tracker,LipReading,08/25/2025,Chenmingjie,Recording38,07/01/2025,07/01/2025,16:47:15.576,08:47:15.576,803474,Timeline1,Tobii I-VT (Fixation),1.241.54219,1080,1920,10.0,14.5,1.9,2.3,1.39,0.18,0.21,53,7,8,7.8,1.7,1.6,0.77,0.17,0.16,29,6,6,9686397159,,,971,713,982,717,960,709,0.0906,0.20358,-0.97486,-0.04389,0.20333,-0.97813,4.078,3.89,3.975,,,,Valid,Valid,222.1,91.5,501.0,285.0,90.0,500.2,268.7,196.1,262.6,194.0,0.5055,0.66,0.5113,0.6636,0.4997,0.6563,Screen Recording,Screen Recording Recording38.mp4,1920,1080,0,0,960,540,Fixation,1596,501,973,706,0.5067,0.6535,,,,,,,,,,,
277856526,1120611061429,Eye Tracker,LipReading,08/25/2025,Chenmingjie,Recording38,07/01/2025,07/01/2025,16:47:15.576,08:47:15.576,803474,Timeline1,Tobii I-VT (Fixation),1.241.54219,1080,1920,10.0,14.5,1.9,2.3,1.39,0.18,0.21,53,7,8,7.8,1.7,1.6,0.77,0.17,0.16,29,6,6,9686401159,,,974,712,990,718,958,706,0.09479,0.2041,-0.97435,-0.04494,0.20207,-0.97834,4.078,3.87,3.976,,,,Valid,Valid,222.1,91.5,501.0,285.0,90.0,500.2,270.9,196.5,262.1,193.3,0.5071,0.6594,0.5155,0.6647,0.4987,0.6541,Screen Recording,Screen Recording Recording38.mp4,1920,1080,0,0,960,540,Fixation,1596,501,973,706,0.5067,0.6535,,,,,,,,,,,
277860526,1120611065429,Eye Tracker,LipReading,08/25/2025,Chenmingjie,Recording38,07/01/2025,07/01/2025,16:47:15.576,08:47:15.576,803474,Timeline1,Tobii I-VT (Fixation),1.241.54219,1080,1920,10.0,14.5,1.9,2.3,1.39,0.18,0.21,53,7,8,7.8,1.7,1.6,0.77,0.17,0.16,29,6,6,9686405159,,,974,709,990,711,958,708,0.09502,0.2004,-0.9751,-0.04471,0.2029,-0.97818,4.101,3.864,3.983,,,,Valid,Valid,222.1,91.5,501.0,285.0,90.0,500.2,271.0,194.5,262.2,193.8,0.5073,0.6568,0.5157,0.658,0.499,0.6556,Screen Recording,Screen Recording Recording38.mp4,1920,1080,0,0,960,540,Fixation,1596,501,973,706,0.5067,0.6535,,,,,,,,,,,
277864526,1120611069429,Eye Tracker,LipReading,08/25/2025,Chenmingjie,Recording38,07/01/2025,07/01/2025,16:47:15.576,08:47:15.576,803474,Timeline1,Tobii I-VT (Fixation),1.241.54219,1080,1920,10.0,14.5,1.9,2.3,1.39,0.18,0.21,53,7,8,7.8,1.7,1.6,0.77,0.17,0.16,29,6,6,9686409159,,,975,708,994,709,956,707,0.09723,0.19969,-0.97502,-0.04601,0.20233,-0.97824,4.078,3.889,3.98,,,,Valid,Valid,222.1,91.5,501.0,285.0,90.0,500.2,272.1,194.1,261.5,193.5,0.5078,0.6557,0.5178,0.6568,0.4977,0.6546,Screen Recording,Screen Recording Recording38.mp4,1920,1080,0,0,960,540,Fixation,1596,501,973,706,0.5067,0.6535,,,,,,,,,,,
277868526,1120611073429,Eye Tracker,LipReading,08/25/2025,Chenmingjie,Recording38,07/01/2025,07/01/2025,16:47:15.576,08:47:15.576,803474,Timeline1,Tobii I-VT (Fixation),1.241.54219,1080,1920,10.0,14.5,1.9,2.3,1.39,0.18,0.21,53,7,8,7.8,1.7,1.6,0.77,0.17,0.16,29,6,6,9686413159,,,971,713,987,713,955,712,0.09353,0.20169,-0.97497,-0.04636,0.20493,-0.97768,4.082,3.889,3.984,,,,Valid,Valid,222.1,91.5,501.0,285.0,90.0,500.2,270.2,195.1,261.3,194.9,0.5058,0.6598,0.5142,0.6603,0.4973,0.6593,Screen Recording,Screen Recording Recording38.mp4,1920,1080,0,0,960,540,Fixation,1596,501,973,706,0.5067,0.6535,,,,,,,,,,,
277872526,1120611077429,Eye Tracker,LipReading,08/25/2025,Chenmingjie,Recording38,07/01/2025,07/01/2025,16:47:15.576,08:47:15.576,803474,Timeline1,Tobii I-VT (Fixation),1.241.54219,1080,1920,10.0,14.5,1.9,2.3,1.39,0.18,0.21,53,7,8,7.8,1.7,1.6,0.77,0.17,0.16,29,6,6,9686417159,,,974,710,991,716,957,705,0.0957,0.20312,-0.97447,-0.04529,0.20121,-0.9785,4.078,3.882,3.982,,,,Valid,Valid,222.1,91.5,501.0,285.0,90.0,500.2,271.3,195.9,261.9,192.9,0.5074,0.6578,0.5164,0.6629,0.4984,0.6526,Screen Recording,Screen Recording Recording38.mp4,1920,1080,0,0,960,540,Fixation,1596,501,973,706,0.5067,0.6535,,,,,,,,,,,
277876526,1120611081429,Eye Tracker,LipReading,08/25/2025,Chenmingjie,Recording38,07/01/2025,07/01/2025,16:47:15.576,08:47:15.576,803474,Timeline1,Tobii I-VT (Fixation),1.241.54219,1080,1920,10.0,14.5,1.9,2.3,1.39,0.18,0.21,53,7,8,7.8,1.7,1.6,0.77,0.17,0.16,29,6,6,9686421159,,,974,706,992,709,957,702,0.09584,0.19975,-0.97515,-0.04534,0.19995,-0.97876,4.09,3.886,3.984,,,,Valid,Valid,222.1,91.5,501.0,285.0,90.0,500.2,271.4,194.1,261.9,192.2,0.5074,0.6536,0.5165,0.6568,0.4984,0.6503,Screen Recording,Screen Recording Recording38.mp4,1920,1080,0,0,960,540,Fixation,1596,501,973,706,0.5067,0.6535,,,,,,,,,,,
277880526,1120611085429,Eye Tracker,LipReading,08/25/2025,Chenmingjie,Recording38,07/01/2025,07/01/2025,16:47:15.576,08:47:15.576,803474,Timeline1,Tobii I-VT (Fixation),1.241.54219,1080,1920,10.0,14.5,1.9,2.3,1.39,0.18,0.21,53,7,8,7.8,1.7,1.6,0.77,0.17,0.16,29,6,6,9686425159,,,975,710,992,714,957,706,0.09591,0.20215,-0.97465,-0.04502,0.20193,-0.97836,4.063,3.882,3.982,,,,Valid,Valid,222.1,91.5,501.0,285.1,90.0,500.2,271.4,195.4,262.0,193.3,0.5076,0.6575,0.5166,0.6612,0.4987,0.6539,Screen Recording,Screen Recording Recording38.mp4,1920,1080,0,0,960,540,Fixation,1596,501,973,706,0.5067,0.6535,,,,,,,,,,,
277884526,1120611089429,Eye Tracker,LipReading,08/25/2025,Chenmingjie,Recording38,07/01/2025,07/01/2025,16:47:15.576,08:47:15.576,803474,Timeline1,Tobii I-VT (Fixation),1.241.54219,1080,1920,10.0,14.5,1.9,2.3,1.39,0.18,0.21,53,7,8,7.8,1.7,1.6,0.77,0.17,0.16,29,6,6,9686429159,,,973,710,989,711,958,709,0.09434,0.20082,-0.97507,-0.04467,0.2035,-0.97805,4.082,3.887,3.985,,,,Valid,Valid,222.1,91.5,501.0,285.1,90.0,500.2,270.6,194.7,262.2,194.1,0.507,0.6577,0.515,0.6587,0.499,0.6567,Screen Recording,Screen Recording Recording38.mp4,1920,1080,0,0,960,540,Fixation,1596,501,973,706,0.5067,0.6535,,,,,,,,,,,
277888526,1120611093429,Eye Tracker,LipReading,08/25/2025,Chenmingjie,Recording38,07/01/2025,07/01/2025,16:47:15.576,08:47:15.576,803474,Timeline1,Tobii I-VT (Fixation),1.241.54219,1080,1920,10.0,14.5,1.9,2.3,1.39,0.18,0.21,53,7,8,7.8,1.7,1.6,0.77,0.17,0.16,29,6,6,9686433159,,,976,712,992,715,960,708,0.09577,0.20286,-0.97451,-0.04357,0.20281,-0.97825,4.072,3.902,3.985,,,,Valid,Valid,222.1,91.5,501.0,285.1,90.0,500.2,271.4,195.8,262.8,193.7,0.5083,0.6589,0.5165,0.6625,0.5001,0.6554,Screen Recording,Screen Recording Recording38.mp4,1920,1080,0,0,960,540,Fixation,1596,501,973,706,0.5067,0.6535,,,,,,,,,,,
277892526,1120611097429,Eye Tracker,LipReading,08/25/2025,Chenmingjie,Recording38,07/01/2025,07/01/2025,16:47:15.576,08:47:15.576,803474,Timeline1,Tobii I-VT (Fixation),1.241.54219,1080,1920,10.0,14.5,1.9,2.3,1.39,0.18,0.21,53,7,8,7.8,1.7,1.6,0.77,0.17,0.16,29,6,6,9686437159,,,977,709,994,715,960,704,0.09685,0.20241,-0.9745,-0.04371,0.20077,-0.97866,4.093,3.888,3.985,,,,Valid,Valid,222.1,91.5,501.0,285.1,90.0,500.2,271.9,195.6,262.7,192.6,0.5088,0.6567,0.5175,0.6617,0.5,0.6518,Screen Recording,Screen Recording Recording38.mp4,1920,1080,0,0,960,540,Fixation,1596,501,973,706,0.5067,0.6535,,,,,,,,,,,
277896526,1120611101429,Eye Tracker,LipReading,08/25/2025,Chenmingjie,Recording38,07/01/2025,07/01/2025,16:47:15.576,08:47:15.576,803474,Timeline1,Tobii I-VT (Fixation),1.241.54219,1080,1920,10.0,14.5,1.9,2.3,1.39,0.18,0.21,53,7,8,7.8,1.7,1.6,0.77,0.17,0.16,29,6,6,9686441159,,,974,712,990,712,959,712,0.09491,0.20106,-0.97497,-0.04429,0.20469,-0.97782,4.089,3.887,3.984,,,,Valid,Valid,222.1,91.5,501.0,285.1,90.0,500.2,270.9,194.8,262.4,194.7,0.5075,0.659,0.5156,0.6592,0.4994,0.6588,Screen Recording,Screen Recording Recording38.mp4,1920,1080,0,0,960,540,Fixation,1596,501,973,706,0.5067,0.6535,,,,,,,,,,,
277900526,1120611105429,Eye Tracker,LipReading,08/25/2025,Chenmingjie,Recording38,07/01/2025,07/01/2025,16:47:15.576,08:47:15.576,803474,Timeline1,Tobii I-VT (Fixation),1.241.54219,1080,1920,10.0,14.5,1.9,2.3,1.39,0.18,0.21,53,7,8,7.8,1.7,1.6,0.77,0.17,0.16,29,6,6,9686445159,,,977,709,997,712,956,705,0.09888,0.20115,-0.97456,-0.04564,0.20143,-0.97844,4.066,3.887,3.988,,,,Valid,Valid,222.1,91.5,501.0,285.1,90.0,500.1,273.0,194.9,261.7,193.0,0.5088,0.6562,0.5195,0.6595,0.4981,0.653,Screen Recording,Screen Recording Recording38.mp4,1920,1080,0,0,960,540,Fixation,1596,501,973,706,0.5067,0.6535,,,,,,,,,,,
277904526,1120611109429,Eye Tracker,LipReading,08/25/2025,Chenmingjie,Recording38,07/01/2025,07/01/2025,16:47:15.576,08:47:15.576,803474,Timeline1,Tobii I-VT (Fixation),1.241.54219,1080,1920,10.0,14.5,1.9,2.3,1.39,0.18,0.21,53,7,8,7.8,1.7,1.6,0.77,0.17,0.16,29,6,6,9686449159,,,973,713,988,718,958,709,0.09406,0.20408,-0.97442,-0.04473,0.20342,-0.97807,4.08,3.888,3.986,,,,Valid,Valid,222.1,91.5,501.0,285.1,90.0,500.1,270.5,196.4,262.2,194.1,0.5069,0.6606,0.5148,0.6646,0.499,0.6566,Screen Recording,Screen Recording Recording38.mp4,1920,1080,0,0,960,540,Fixation,1596,501,973,706,0.5067,0.6535,,,,,,,,,,,
277908526,1120611113429,Eye Tracker,LipReading,08/25/2025,Chenmingjie,Recording38,07/01/2025,07/01/2025,16:47:15.576,08:47:15.576,803474,Timeline1,Tobii I-VT (Fixation),1.241.54219,1080,1920,10.0,14.5,1.9,2.3,1.39,0.18,0.21,53,7,8,7.8,1.7,1.6,0.77,0.17,0.16,29,6,6,9686453159,,,974,713,992,713,957,713,0.09576,0.20176,-0.97474,-0.04525,0.20557,-0.9776,4.093,3.894,3.986,,,,Valid,Valid,222.1,91.5,501.0,285.1,90.0,500.1,271.4,195.2,261.9,195.2,0.5075,0.6605,0.5165,0.6605,0.4984,0.6604,Screen Recording,Screen Recording Recording38.mp4,1920,1080,0,0,960,540,Fixation,1596,501,973,706,0.5067,0.6535,,,,,,,,,,,
277912526,1120611117429,Eye Tracker,LipReading,08/25/2025,Chenmingjie,Recording38,07/01/2025,07/01/2025,16:47:15.576,08:47:15.576,803474,Timeline1,Tobii I-VT (Fixation),1.241.54219,1080,1920,10.0,14.5,1.9,2.3,1.39,0.18,0.21,53,7,8,7.8,1.7,1.6,0.77,0.17,0.16,29,6,6,9686457159,,,973,710,992,713,954,708,0.09583,0.20165,-0.97476,-0.04666,0.20271,-0.97813,4.084,3.888,3.991,,,,Valid,Valid,222.1,91.5,501.0,285.1,90.0,500.1,271.4,195.2,261.2,193.7,0.5068,0.6578,0.5165,0.6603,0.4971,0.6553,Screen Recording,Screen Recording Recording38.mp4,1920,1080,0,0,960,540,Fixation,1596,501,973,706,0.5067,0.6535,,,,,,,,,,,
277916526,1120611121429,Eye Tracker,LipReading,08/25/2025,Chenmingjie,Recording38,07/01/2025,07/01/2025,16:47:15.576,08:47:15.576,803474,Timeline1,Tobii I-VT (Fixation),1.241.54219,1080,1920,10.0,14.5,1.9,2.3,1.39,0.18,0.21,53,7,8,7.8,1.7,1.6,0.77,0.17,0.16,29,6,6,9686461159,,,976,710,995,713,957,707,0.09766,0.20142,-0.97462,-0.04544,0.20213,-0.9783,4.101,3.881,3.99,,,,Valid,Valid,222.1,91.5,501.0,285.1,90.0,500.2,272.3,195.1,261.8,193.4,0.5083,0.6571,0.5183,0.66,0.4983,0.6542,Screen Recording,Screen Recording Recording38.mp4,1920,1080,0,0,960,540,Fixation,1596,501,973,706,0.5067,0.6535,,,,,,,,,,,
277920526,1120611125429,Eye Tracker,LipReading,08/25/2025,Chenmingjie,Recording38,07/01/2025,07/01/2025,16:47:15.576,08:47:15.576,803474,Timeline1,Tobii I-VT (Fixation),1.241.54219,1080,1920,10.0,14.5,1.9,2.3,1.39,0.18,0.21,53,7,8,7.8,1.7,1.6,0.77,0.17,0.16,29,6,6,9686465159,,,973,712,989,714,958,710,0.09434,0.20214,-0.9748,-0.04474,0.20368,-0.97801,4.097,3.883,3.987,,,,Valid,Valid,222.1,91.5,501.0,285.1,90.0,500.1,270.6,195.4,262.2,194.2,0.507,0.6591,0.515,0.6612,0.499,0.657,Screen Recording,Screen Recording Recording38.mp4,1920,1080,0,0,960,540,Fixation,1596,501,973,706,0.5067,0.6535,,,,,,,,,,,
277924526,1120611129429,Eye Tracker,LipReading,08/25/2025,Chenmingjie,Recording38,07/01/2025,07/01/2025,16:47:15.576,08:47:15.576,803474,Timeline1,Tobii I-VT (Fixation),1.241.54219,1080,1920,10.0,14.5,1.9,2.3,1.39,0.18,0.21,53,7,8,7.8,1.7,1.6,0.77,0.17,0.16,29,6,6,9686469159,,,975,712,994,713,956,712,0.0972,0.20154,-0.97465,-0.04586,0.20465,-0.97776,4.088,3.886,3.987,,,,Valid,Valid,222.1,91.5,501.0,285.1,90.0,500.1,272.1,195.1,261.6,194.7,0.5079,0.6595,0.5179,0.6602,0.4979,0.6588,Screen Recording,Screen Recording Recording38.mp4,1920,1080,0,0,960,540,Fixation,1596,501,973,706,0.5067,0.6535,,,,,,,,,,,
277928527,1120611133430,Eye Tracker,LipReading,08/25/2025,Chenmingjie,Recording38,07/01/2025,07/01/2025,16:47:15.576,08:47:15.576,803474,Timeline1,Tobii I-VT (Fixation),1.241.54219,1080,1920,10.0,14.5,1.9,2.3,1.39,0.18,0.21,53,7,8,7.8,1.7,1.6,0.77,0.17,0.16,29,6,6,9686473161,,,971,712,988,717,953,708,0.09392,0.2034,-0.97458,-0.04747,0.20284,-0.97806,4.08,3.902,3.984,,,,Valid,Valid,222.2,91.6,500.9,285.1,90.0,500.1,270.4,196.1,260.8,193.8,0.5055,0.6595,0.5147,0.6635,0.4963,0.6556,Screen Recording,Screen Recording Recording38.mp4,1920,1080,0,0,960,540,Fixation,1596,501,973,706,0.5067,0.6535,,,,,,,,,,,
277932527,1120611137430,Eye Tracker,LipReading,08/25/2025,Chenmingjie,Recording38,07/01/2025,07/01/2025,16:47:15.576,08:47:15.576,803474,Timeline1,Tobii I-VT (Fixation),1.241.54219,1080,1920,10.0,14.5,1.9,2.3,1.39,0.18,0.21,53,7,8,7.8,1.7,1.6,0.77,0.17,0.16,29,6,6,9686477161,,,974,713,993,717,956,710,0.09661,0.20376,-0.97424,-0.04601,0.20366,-0.97796,4.083,3.89,3.987,,,,Valid,Valid,222.1,91.5,501.0,285.1,90.1,500.1,271.8,196.3,261.5,194.2,0.5075,0.6606,0.5173,0.6642,0.4977,0.6571,Screen Recording,Screen Recording Recording38.mp4,1920,1080,0,0,960,540,Fixation,1596,501,973,706,0.5067,0.6535,,,,,,,,,,,
277936527,1120611141430,Eye Tracker,LipReading,08/25/2025,Chenmingjie,Recording38,07/01/2025,07/01/2025,16:47:15.576,08:47:15.576,803474,Timeline1,Tobii I-VT (Fixation),1.241.54219,1080,1920,10.0,14.5,1.9,2.3,1.39,0.18,0.21,53,7,8,7.8,1.7,1.6,0.77,0.17,0.16,29,6,6,9686481161,,,975,715,993,720,958,710,0.09657,0.20511,-0.97396,-0.0449,0.20402,-0.97794,4.074,3.876,3.987,,,,Valid,Valid,222.1,91.5,501.0,285.1,90.1,500.1,271.8,197.0,262.1,194.4,0.5081,0.6622,0.5173,0.6666,0.4988,0.6577,Screen Recording,Screen Recording Recording38.mp4,1920,1080,0,0,960,540,Fixation,1596,501,973,706,0.5067,0.6535,,,,,,,,,,,
277940527,1120611145430,Eye Tracker,LipReading,08/25/2025,Chenmingjie,Recording38,07/01/2025,07/01/2025,16:47:15.576,08:47:15.576,803474,Timeline1,Tobii I-VT (Fixation),1.241.54219,1080,1920,10.0,14.5,1.9,2.3,1.39,0.18,0.21,53,7,8,7.8,1.7,1.6,0.77,0.17,0.16,29,6,6,9686485161,,,977,715,998,717,956,713,0.099,0.20333,-0.97409,-0.04561,0.20551,-0.97759,4.097,3.893,3.984,,,,Valid,Valid,222.1,91.5,500.9,285.1,90.1,500.1,273.1,196.1,261.7,195.2,0.5089,0.662,0.5197,0.6635,0.4981,0.6604,Screen Recording,Screen Recording Recording38.mp4,1920,1080,0,0,960,540,Fixation,1596,501,973,706,0.5067,0.6535,,,,,,,,,,,
277944527,1120611149430,Eye Tracker,LipReading,08/25/2025,Chenmingjie,Recording38,07/01/2025,07/01/2025,16:47:15.576,08:47:15.576,803474,Timeline1,Tobii I-VT (Fixation),1.241.54219,1080,1920,10.0,14.5,1.9,2.3,1.39,0.18,0.21,53,7,8,7.8,1.7,1.6,0.77,0.17,0.16,29,6,6,9686489161,,,977,712,993,714,961,711,0.09644,0.202,-0.97463,-0.04299,0.20425,-0.97797,4.089,3.885,3.987,,,,Valid,Valid,222.1,91.5,500.9,285.1,90.1,500.1,271.7,195.4,263.1,194.5,0.5089,0.6595,0.5171,0.661,0.5007,0.6581,Screen Recording,Screen Recording Recording38.mp4,1920,1080,0,0,960,540,Fixation,1596,501,973,706,0.5067,0.6535,,,,,,,,,,,
277948527,1120611153430,Eye Tracker,LipReading,08/25/2025,Chenmingjie,Recording38,07/01/2025,07/01/2025,16:47:15.576,08:47:15.576,803474,Timeline1,Tobii I-VT (Fixation),1.241.54219,1080,1920,10.0,14.5,1.9,2.3,1.39,0.18,0.21,53,7,8,7.8,1.7,1.6,0.77,0.17,0.16,29,6,6,9686493161,,,975,716,991,718,958,714,0.09549,0.2042,-0.97426,-0.04463,0.20582,-0.97757,4.081,3.885,3.989,,,,Valid,Valid,222.2,91.6,500.9,285.1,90.1,500.1,271.2,196.5,262.2,195.4,0.5076,0.663,0.5162,0.665,0.4991,0.661,Screen Recording,Screen Recording Recording38.mp4,1920,1080,0,0,960,540,Fixation,1596,501,973,706,0.5067,0.6535,,,,,,,,,,,
277952527,1120611157430,Eye Tracker,LipReading,08/25/2025,Chenmingjie,Recording38,07/01/2025,07/01/2025,16:47:15.576,08:47:15.576,803474,Timeline1,Tobii I-VT (Fixation),1.241.54219,1080,1920,10.0,14.5,1.9,2.3,1.39,0.18,0.21,53,7,8,7.8,1.7,1.6,0.77,0.17,0.16,29,6,6,9686497161,,,976,717,992,722,959,712,0.09616,0.20589,-0.97384,-0.04419,0.2051,-0.97774,4.092,3.874,3.988,,,,Valid,Valid,222.2,91.6,500.9,285.1,90.1,500.1,271.6,197.5,262.5,195.0,0.5082,0.6639,0.5169,0.6681,0.4995,0.6597,Screen Recording,Screen Recording Recording38.mp4,1920,1080,0,0,960,540,Fixation,1596,501,973,706,0.5067,0.6535,,,,,,,,,,,
277956527,1120611161430,Eye Tracker,LipReading,08/25/2025,Chenmingjie,Recording38,07/01/2025,07/01/2025,16:47:15.576,08:47:15.576,803474,Timeline1,Tobii I-VT (Fixation),1.241.54219,1080,1920,10.0,14.5,1.9,2.3,1.39,0.18,0.21,53,7,8,7.8,1.7,1.6,0.77,0.17,0.16,29,6,6,9686501161,,,974,714,992,715,956,713,0.09572,0.20235,-0.97462,-0.04565,0.2055,-0.97759,4.094,3.899,3.988,,,,Valid,Valid,222.2,91.6,500.9,285.1,90.1,500.1,271.3,195.6,261.7,195.2,0.5072,0.661,0.5164,0.6616,0.4981,0.6604,Screen Recording,Screen Recording Recording38.mp4,1920,1080,0,0,960,540,Fixation,1596,501,973,706,0.5067,0.6535,,,,,,,,,,,
277960527,1120611165430,Eye Tracker,LipReading,08/25/2025,Chenmingjie,Recording38,07/01/2025,07/01/2025,16:47:15.576,08:47:15.576,803474,Timeline1,Tobii I-VT (Fixation),1.241.54219,1080,1920,10.0,14.5,1.9,2.3,1.39,0.18,0.21,53,7,8,7.8,1.7,1.6,0.77,0.17,0.16,29,6,6,9686505161,,,972,720,992,723,952,717,0.09578,0.20656,-0.97373,-0.04767,0.20749,-0.97707,4.09,3.879,3.988,,,,Valid,Valid,222.2,91.6,500.9,285.1,90.1,500.1,271.4,197.8,260.7,196.3,0.5063,0.6667,0.5166,0.6693,0.4961,0.6641,Screen Recording,Screen Recording Recording38.mp4,1920,1080,0,0,960,540,Fixation,1596,501,973,706,0.5067,0.6535,,,,,,,,,,,
277964527,1120611169430,Eye Tracker,LipReading,08/25/2025,Chenmingjie,Recording38,07/01/2025,07/01/2025,16:47:15.576,08:47:15.576,803474,Timeline1,Tobii I-VT (Fixation),1.241.54219,1080,1920,10.0,14.5,1.9,2.3,1.39,0.18,0.21,53,7,8,7.8,1.7,1.6,0.77,0.17,0.16,29,6,6,9686509161,,,972,719,987,723,957,716,0.09345,0.20658,-0.97396,-0.04546,0.20681,-0.97732,4.085,3.891,3.987,,,,Valid,Valid,222.2,91.6,500.9,285.1,90.1,500.1,270.2,197.8,261.8,195.9,0.5063,0.666,0.5143,0.6693,0.4982,0.6628,Screen Recording,Screen Recording Recording38.mp4,1920,1080,0,0,960,540,Fixation,1596,501,973,706,0.5067,0.6535,,,,,,,,,,,
277968527,1120611173430,Eye Tracker,LipReading,08/25/2025,Chenmingjie,Recording38,07/01/2025,07/01/2025,16:47:15.576,08:47:15.576,803474,Timeline1,Tobii I-VT (Fixation),1.241.54219,1080,1920,10.0,14.5,1.9,2.3,1.39,0.18,0.21,53,7,8,7.8,1.7,1.6,0.77,0.17,0.16,29,6,6,9686513161,,,973,717,987,721,959,713,0.09344,0.20571,-0.97414,-0.04427,0.20556,-0.97764,4.103,3.883,3.987,,,,Valid,Valid,222.2,91.6,500.9,285.1,90.1,500.1,270.2,197.3,262.4,195.2,0.5068,0.6641,0.5142,0.6677,0.4994,0.6605,Screen Recording,Screen Recording Recording38.mp4,1920,1080,0,0,960,540,Fixation,1596,501,973,706,0.5067,0.6535,,,,,,,,,,,
277972527,1120611177430,Eye Tracker,LipReading,08/25/2025,Chenmingjie,Recording38,07/01/2025,07/01/2025,16:47:15.576,08:47:15.576,803474,Timeline1,Tobii I-VT (Fixation),1.241.54219,1080,1920,10.0,14.5,1.9,2.3,1.39,0.18,0.21,53,7,8,7.8,1.7,1.6,0.77,0.17,0.16,29,6,6,9686517161,,,974,713,988,713,959,713,0.09407,0.20155,-0.97495,-0.0444,0.20518,-0.97772,4.083,3.874,3.986,,,,Valid,Valid,222.2,91.6,500.9,285.1,90.1,500.1,270.5,195.1,262.4,195.0,0.507,0.66,0.5148,0.6601,0.4993,0.6598,Screen Recording,Screen Recording Recording38.mp4,1920,1080,0,0,960,540,Fixation,1596,501,973,706,0.5067,0.6535,,,,,,,,,,,
277976527,1120611181430,Eye Tracker,LipReading,08/25/2025,Chenmingjie,Recording38,07/01/2025,07/01/2025,16:47:15.576,08:47:15.576,803474,Timeline1,Tobii I-VT (Fixation),1.241.54219,1080,1920,10.0,14.5,1.9,2.3,1.39,0.18,0.21,53,7,8,7.8,1.7,1.6,0.77,0.17,0.16,29,6,6,9686521161,,,976,716,993,716,958,716,0.09672,0.20299,-0.97439,-0.04498,0.20679,-0.97735,4.094,3.887,3.985,,,,Valid,Valid,222.2,91.6,500.9,285.1,90.1,500.1,271.9,195.9,262.1,195.9,0.5081,0.6628,0.5174,0.6629,0.4987,0.6628,Screen Recording,Screen Recording Recording38.mp4,1920,1080,0,0,960,540,Fixation,1596,501,973,706,0.5067,0.6535,,,,,,,,,,,
277980527,1120611185430,Eye Tracker,LipReading,08/25/2025,Chenmingjie,Recording38,07/01/2025,07/01/2025,16:47:15.576,08:47:15.576,803474,Timeline1,Tobii I-VT (Fixation),1.241.54219,1080,1920,10.0,14.5,1.9,2.3,1.39,0.18,0.21,53,7,8,7.8,1.7,1.6,0.77,0.17,0.16,29,6,6,9686525161,,,973,717,990,718,957,715,0.09492,0.20409,-0.97434,-0.04554,0.20656,-0.97737,4.078,3.89,3.985,,,,Valid,Valid,222.2,91.6,500.9,285.1,90.1,500.1,271.0,196.5,261.8,195.8,0.5069,0.6636,0.5157,0.6648,0.4982,0.6624,Screen Recording,Screen Recording Recording38.mp4,1920,1080,0,0,960,540,Fixation,1596,501,973,706,0.5067,0.6535,,,,,,,,,,,
277984527,1120611189430,Eye Tracker,LipReading,08/25/2025,Chenmingjie,Recording38,07/01/2025,07/01/2025,16:47:15.576,08:47:15.576,803474,Timeline1,Tobii I-VT (Fixation),1.241.54219,1080,1920,10.0,14.5,1.9,2.3,1.39,0.18,0.21,53,7,8,7.8,1.7,1.6,0.77,0.17,0.16,29,6,6,9686529161,,,974,718,990,720,957,716,0.09507,0.20524,-0.97408,-0.0453,0.20686,-0.97732,4.084,3.899,3.988,,,,Valid,Valid,222.2,91.6,500.9,285.1,90.1,500.1,271.1,197.1,261.9,195.9,0.5071,0.6649,0.5159,0.6669,0.4984,0.6629,Screen Recording,Screen Recording Recording38.mp4,1920,1080,0,0,960,540,Fixation,1596,501,973,706,0.5067,0.6535,,,,,,,,,,,
277988527,1120611193430,Eye Tracker,LipReading,08/25/2025,Chenmingjie,Recording38,07/01/2025,07/01/2025,16:47:15.576,08:47:15.576,803474,Timeline1,Tobii I-VT (Fixation),1.241.54219,1080,1920,10.0,14.5,1.9,2.3,1.39,0.18,0.21,53,7,8,7.8,1.7,1.6,0.77,0.17,0.16,29,6,6,9686533161,,,976,714,990,715,962,713,0.09472,0.20265,-0.97466,-0.0425,0.2053,-0.97778,4.096,3.883,3.987,,,,Valid,Valid,222.2,91.6,500.9,285.1,90.1,500.1,270.8,195.7,263.3,195.1,0.5083,0.6611,0.5155,0.6622,0.5012,0.6601,Screen Recording,Screen Recording Recording38.mp4,1920,1080,0,0,960,540,Fixation,1596,501,973,706,0.5067,0.6535,,,,,,,,,,,
277992527,1120611197430,Eye Tracker,LipReading,08/25/2025,Chenmingjie,Recording38,07/01/2025,07/01/2025,16:47:15.576,08:47:15.576,803474,Timeline1,Tobii I-VT (Fixation),1.241.54219,1080,1920,10.0,14.5,1.9,2.3,1.39,0.18,0.21,53,7,8,7.8,1.7,1.6,0.77,0.17,0.16,29,6,6,9686537161,,,976,720,991,723,961,716,0.09557,0.20677,-0.97371,-0.04308,0.20697,-0.9774,4.088,3.886,3.99,,,,Valid,Valid,222.2,91.6,500.8,285.1,90.1,500.1,271.3,197.9,263.0,196.0,0.5085,0.6664,0.5164,0.6697,0.5006,0.6631,Screen Recording,Screen Recording Recording38.mp4,1920,1080,0,0,960,540,Fixation,1596,501,973,706,0.5067,0.6535,,,,,,,,,,,
277996527,1120611201430,Eye Tracker,LipReading,08/25/2025,Chenmingjie,Recording38,07/01/2025,07/01/2025,16:47:15.576,08:47:15.576,803474,Timeline1,Tobii I-VT (Fixation),1.241.54219,1080,1920,10.0,14.5,1.9,2.3,1.39,0.18,0.21,53,7,8,7.8,1.7,1.6,0.77,0.17,0.16,29,6,6,9686541161,,,975,721,991,725,959,717,0.09507,0.2076,-0.97358,-0.0441,0.20719,-0.9773,4.076,3.894,3.989,,,,Valid,Valid,222.2,91.6,500.9,285.1,90.1,500.1,271.1,198.4,262.5,196.1,0.5078,0.6673,0.5159,0.6712,0.4996,0.6635,Screen Recording,Screen Recording Recording38.mp4,1920,1080,0,0,960,540,Fixation,1596,501,973,706,0.5067,0.6535,,,,,,,,,,,
278000527,1120611205430,Eye Tracker,LipReading,08/25/2025,Chenmingjie,Recording38,07/01/2025,07/01/2025,16:47:15.576,08:47:15.576,803474,Timeline1,Tobii I-VT (Fixation),1.241.54219,1080,1920,10.0,14.5,1.9,2.3,1.39,0.18,0.21,53,7,8,7.8,1.7,1.6,0.77,0.17,0.16,29,6,6,9686545161,,,976,717,995,719,958,716,0.09725,0.20431,-0.97406,-0.04496,0.2069,-0.97733,4.088,3.893,3.99,,,,Valid,Valid,222.2,91.6,500.8,285.1,90.1,500.0,272.2,196.6,262.1,196.0,0.5084,0.6641,0.518,0.6653,0.4988,0.663,Screen Recording,Screen Recording Recording38.mp4,1920,1080,0,0,960,540,Fixation,1596,501,973,706,0.5067,0.6535,,,,,,,,,,,
278004527,1120611209430,Eye Tracker,LipReading,08/25/2025,Chenmingjie,Recording38,07/01/2025,07/01/2025,16:47:15.576,08:47:15.576,803474,Timeline1,Tobii I-VT (Fixation),1.241.54219,1080,1920,10.0,14.5,1.9,2.3,1.39,0.18,0.21,53,7,8,7.8,1.7,1.6,0.77,0.17,0.16,29,6,6,9686549161,,,976,716,992,717,960,716,0.09577,0.20348,-0.97438,-0.04381,0.20677,-0.97741,4.093,3.889,3.993,,,,Valid,Valid,222.2,91.6,500.9,285.1,90.1,500.0,271.4,196.2,262.7,195.9,0.5082,0.6632,0.5165,0.6637,0.4999,0.6628,Screen Recording,Screen Recording Recording38.mp4,1920,1080,0,0,960,540,Fixation,1596,501,973,706,0.5067,0.6535,,,,,,,,,,,
278008527,1120611213430,Eye Tracker,LipReading,08/25/2025,Chenmingjie,Recording38,07/01/2025,07/01/2025,16:47:15.576,08:47:15.576,803474,Timeline1,Tobii I-VT (Fixation),1.241.54219,1080,1920,10.0,14.5,1.9,2.3,1.39,0.18,0.21,53,7,8,7.8,1.7,1.6,0.77,0.17,0.16,29,6,6,9686553161,,,975,715,990,714,961,715,0.09477,0.20206,-0.97478,-0.04338,0.20647,-0.97749,4.099,3.892,3.995,,,,Valid,Valid,222.2,91.6,500.8,285.1,90.1,500.1,270.9,195.4,262.9,195.7,0.5079,0.6616,0.5155,0.6611,0.5003,0.6622,Screen Recording,Screen Recording Recording38.mp4,1920,1080,0,0,960,540,Fixation,1596,501,973,706,0.5067,0.6535,,,,,,,,,,,
278012527,1120611217430,Eye Tracker,LipReading,08/25/2025,Chenmingjie,Recording38,07/01/2025,07/01/2025,16:47:15.576,08:47:15.576,803474,Timeline1,Tobii I-VT (Fixation),1.241.54219,1080,1920,10.0,14.5,1.9,2.3,1.39,0.18,0.21,53,7,8,7.8,1.7,1.6,0.77,0.17,0.16,29,6,6,9686557161,,,977,718,994,719,960,716,0.097,0.20453,-0.97404,-0.04354,0.207,-0.97737,4.108,3.888,3.997,,,,Valid,Valid,222.2,91.6,500.8,285.1,90.1,500.0,272.1,196.7,262.8,196.0,0.509,0.6644,0.5178,0.6657,0.5002,0.6632,Screen Recording,Screen Recording Recording38.mp4,1920,1080,0,0,960,540,Fixation,1596,501,973,706,0.5067,0.6535,,,,,,,,,,,
278016527,1120611221430,Eye Tracker,LipReading,08/25/2025,Chenmingjie,Recording38,07/01/2025,07/01/2025,16:47:15.576,08:47:15.576,803474,Timeline1,Tobii I-VT (Fixation),1.241.54219,1080,1920,10.0,14.5,1.9,2.3,1.39,0.18,0.21,53,7,8,7.8,1.7,1.6,0.77,0.17,0.16,29,6,6,9686561161,,,976,717,994,718,959,716,0.09687,0.20412,-0.97414,-0.04433,0.20662,-0.97742,4.114,3.905,4.003,,,,Valid,Valid,222.2,91.6,500.8,285.1,90.1,500.0,272.0,196.5,262.4,195.8,0.5085,0.6637,0.5177,0.6649,0.4994,0.6625,Screen Recording,Screen Recording Recording38.mp4,1920,1080,0,0,960,540,Fixation,1596,501,973,706,0.5067,0.6535,,,,,,,,,,,
278020526,1120611225429,Eye Tracker,LipReading,08/25/2025,Chenmingjie,Recording38,07/01/2025,07/01/2025,16:47:15.576,08:47:15.576,803474,Timeline1,Tobii I-VT (Fixation),1.241.54219,1080,1920,10.0,14.5,1.9,2.3,1.39,0.18,0.21,53,7,8,7.8,1.7,1.6,0.77,0.17,0.16,29,6,6,9686565161,,,975,719,993,722,957,717,0.09658,0.20589,-0.9738,-0.04516,0.20741,-0.97721,4.103,3.907,4.003,,,,Valid,Valid,222.2,91.6,500.8,285.1,90.1,500.0,271.9,197.5,262.0,196.2,0.508,0.666,0.5174,0.6681,0.4986,0.6639,Screen Recording,Screen Recording Recording38.mp4,1920,1080,0,0,960,540,Fixation,1596,501,973,706,0.5067,0.6535,,,,,,,,,,,
278024526,1120611229429,Eye Tracker,LipReading,08/25/2025,Chenmingjie,Recording38,07/01/2025,07/01/2025,16:47:15.576,08:47:15.576,803474,Timeline1,Tobii I-VT (Fixation),1.241.54219,1080,1920,10.0,14.5,1.9,2.3,1.39,0.18,0.21,53,7,8,7.8,1.7,1.6,0.77,0.17,0.16,29,6,6,9686569161,,,975,716,993,718,958,715,0.09623,0.20426,-0.97418,-0.0451,0.20613,-0.97749,4.099,3.902,4.004,,,,Valid,Valid,222.2,91.6,500.8,285.1,90.1,500.0,271.7,196.6,262.0,195.5,0.5079,0.6634,0.5171,0.6651,0.4987,0.6616,Screen Recording,Screen Recording Recording38.mp4,1920,1080,0,0,960,540,Fixation,1596,501,973,706,0.5067,0.6535,,,,,,,,,,,
278028526,1120611233429,Eye Tracker,LipReading,08/25/2025,Chenmingjie,Recording38,07/01/2025,07/01/2025,16:47:15.576,08:47:15.576,803474,Timeline1,Tobii I-VT (Fixation),1.241.54219,1080,1920,10.0,14.5,1.9,2.3,1.39,0.18,0.21,53,7,8,7.8,1.7,1.6,0.77,0.17,0.16,29,6,6,9686573161,,,977,720,995,723,959,717,0.09724,0.20646,-0.97361,-0.04444,0.20722,-0.97728,4.102,3.894,4.004,,,,Valid,Valid,222.2,91.6,500.8,285.1,90.1,500.0,272.2,197.8,262.4,196.1,0.5087,0.6664,0.5181,0.6692,0.4994,0.6636,Screen Recording,Screen Recording Recording38.mp4,1920,1080,0,0,960,540,Fixation,1596,501,973,706,0.5067,0.6535,,,,,,,,,,,
278032526,1120611237429,Eye Tracker,LipReading,08/25/2025,Chenmingjie,Recording38,07/01/2025,07/01/2025,16:47:15.576,08:47:15.576,803474,Timeline1,Tobii I-VT (Fixation),1.241.54219,1080,1920,10.0,14.5,1.9,2.3,1.39,0.18,0.21,53,7,8,7.8,1.7,1.6,0.77,0.17,0.16,29,6,6,9686577161,,,976,720,991,724,961,716,0.095,0.20714,-0.97369,-0.04342,0.20688,-0.9774,4.091,3.906,4.002,,,,Valid,Valid,222.2,91.6,500.8,285.1,90.1,500.0,271.1,198.1,262.9,195.9,0.5081,0.6666,0.5159,0.6703,0.5004,0.663,Screen Recording,Screen Recording Recording38.mp4,1920,1080,0,0,960,540,Fixation,1596,501,973,706,0.5067,0.6535,,,,,,,,,,,
278036526,1120611241429,Eye Tracker,LipReading,08/25/2025,Chenmingjie,Recording38,07/01/2025,07/01/2025,16:47:15.576,08:47:15.576,803474,Timeline1,Tobii I-VT (Fixation),1.241.54219,1080,1920,10.0,14.5,1.9,2.3,1.39,0.18,0.21,53,7,8,7.8,1.7,1.6,0.77,0.17,0.16,29,6,6,9686581161,,,976,717,993,722,959,712,0.09643,0.20604,-0.97378,-0.0445,0.20478,-0.9778,4.113,3.913,4.002,,,,Valid,Valid,222.2,91.6,500.8,285.1,90.1,500.0,271.8,197.5,262.4,194.8,0.5083,0.6638,0.5173,0.6683,0.4993,0.6592,Screen Recording,Screen Recording Recording38.mp4,1920,1080,0,0,960,540,Fixation,1596,501,973,706,0.5067,0.6535,,,,,,,,,,,
278040526,1120611245429,Eye Tracker,LipReading,08/25/2025,Chenmingjie,Recording38,07/01/2025,07/01/2025,16:47:15.576,08:47:15.576,803474,Timeline1,Tobii I-VT (Fixation),1.241.54219,1080,1920,10.0,14.5,1.9,2.3,1.39,0.18,0.21,53,7,8,7.8,1.7,1.6,0.77,0.17,0.16,29,6,6,9686585161,,,977,719,994,724,960,713,0.09691,0.20705,-0.97352,-0.04361,0.20549,-0.97769,4.102,3.902,4.009,,,,Valid,Valid,222.2,91.6,500.8,285.1,90.1,500.0,272.1,198.1,262.8,195.2,0.509,0.6653,0.5178,0.6702,0.5002,0.6605,Screen Recording,Screen Recording Recording38.mp4,1920,1080,0,0,960,540,Fixation,1596,501,973,706,0.5067,0.6535,,,,,,,,,,,
278044526,1120611249429,Eye Tracker,LipReading,08/25/2025,Chenmingjie,Recording38,07/01/2025,07/01/2025,16:47:15.576,08:47:15.576,803474,Timeline1,Tobii I-VT (Fixation),1.241.54219,1080,1920,10.0,14.5,1.9,2.3,1.39,0.18,0.21,53,7,8,7.8,1.7,1.6,0.77,0.17,0.16,29,6,6,9686589161,,,976,719,990,722,962,716,0.09475,0.20617,-0.97392,-0.04255,0.2067,-0.97748,4.115,3.897,4.011,,,,Valid,Valid,222.2,91.6,500.8,285.1,90.1,499.9,271.0,197.6,263.4,195.8,0.5085,0.6656,0.5157,0.6685,0.5013,0.6626,Screen Recording,Screen Recording Recording38.mp4,1920,1080,0,0,960,540,Fixation,1596,501,973,706,0.5067,0.6535,,,,,,,,,,,
278048526,1120611253429,Eye Tracker,LipReading,08/25/2025,Chenmingjie,Recording38,07/01/2025,07/01/2025,16:47:15.576,08:47:15.576,803474,Timeline1,Tobii I-VT (Fixation),1.241.54219,1080,1920,10.0,14.5,1.9,2.3,1.39,0.18,0.21,53,7,8,7.8,1.7,1.6,0.77,0.17,0.16,29,6,6,9686593161,,,975,716,990,718,959,714,0.0947,0.20398,-0.97438,-0.04436,0.20561,-0.97763,4.118,3.909,4.012,,,,Valid,Valid,222.3,91.6,500.8,285.1,90.1,500.0,270.9,196.4,262.5,195.3,0.5076,0.6626,0.5156,0.6645,0.4995,0.6607,Screen Recording,Screen Recording Recording38.mp4,1920,1080,0,0,960,540,Fixation,1596,501,973,706,0.5067,0.6535,,,,,,,,,,,
278052526,1120611257429,Eye Tracker,LipReading,08/25/2025,Chenmingjie,Recording38,07/01/2025,07/01/2025,16:47:15.576,08:47:15.576,803474,Timeline1,Tobii I-VT (Fixation),1.241.54219,1080,1920,10.0,14.5,1.9,2.3,1.39,0.18,0.21,53,7,8,7.8,1.7,1.6,0.77,0.17,0.16,29,6,6,9686597161,,,974,720,989,725,959,714,0.09435,0.2077,-0.97363,-0.04422,0.20611,-0.97753,4.092,3.912,4.013,,,,Valid,Valid,222.3,91.6,500.8,285.2,90.1,500.0,270.8,198.4,262.5,195.5,0.5075,0.6664,0.5154,0.6713,0.4997,0.6616,Screen Recording,Screen Recording Recording38.mp4,1920,1080,0,0,960,540,Fixation,1596,501,973,706,0.5067,0.6535,,,,,,,,,,,
278056526,1120611261429,Eye Tracker,LipReading,08/25/2025,Chenmingjie,Recording38,07/01/2025,07/01/2025,16:47:15.576,08:47:15.576,803474,Timeline1,Tobii I-VT (Fixation),1.241.54219,1080,1920,10.0,14.5,1.9,2.3,1.39,0.18,0.21,53,7,8,7.8,1.7,1.6,0.77,0.17,0.16,29,6,6,9686601161,,,975,716,993,718,956,714,0.09628,0.20434,-0.97415,-0.04576,0.20575,-0.97753,4.123,3.908,4.014,,,,Valid,Valid,222.3,91.6,500.8,285.2,90.1,500.0,271.8,196.6,261.8,195.3,0.5077,0.6631,0.5172,0.6652,0.4982,0.6609,Screen Recording,Screen Recording Recording38.mp4,1920,1080,0,0,960,540,Fixation,1596,501,973,706,0.5067,0.6535,,,,,,,,,,,
278060524,1120611265427,Eye Tracker,LipReading,08/25/2025,Chenmingjie,Recording38,07/01/2025,07/01/2025,16:47:15.576,08:47:15.576,803474,Timeline1,Tobii I-VT (Fixation),1.241.54219,1080,1920,10.0,14.5,1.9,2.3,1.39,0.18,0.21,53,7,8,7.8,1.7,1.6,0.77,0.17,0.16,29,6,6,9686605159,,,975,717,990,724,961,710,0.09459,0.20731,-0.97369,-0.04352,0.20404,-0.97799,4.117,3.907,4.016,,,,Valid,Valid,222.3,91.6,500.8,285.2,90.1,500.0,270.9,198.2,262.9,194.4,0.508,0.6642,0.5156,0.6706,0.5004,0.6578,Screen Recording,Screen Recording Recording38.mp4,1920,1080,0,0,960,540,Fixation,1596,501,973,706,0.5067,0.6535,,,,,,,,,,,
278064524,1120611269427,Eye Tracker,LipReading,08/25/2025,Chenmingjie,Recording38,07/01/2025,07/01/2025,16:47:15.576,08:47:15.576,803474,Timeline1,Tobii I-VT (Fixation),1.241.54219,1080,1920,10.0,14.5,1.9,2.3,1.39,0.18,0.21,53,7,8,7.8,1.7,1.6,0.77,0.17,0.16,29,6,6,9686609159,,,977,715,994,717,961,713,0.09672,0.20345,-0.9743,-0.04335,0.20544,-0.97771,4.134,3.917,4.018,,,,Valid,Valid,222.3,91.6,500.8,285.2,90.1,500.0,272.0,196.1,263.0,195.2,0.5091,0.662,0.5176,0.6636,0.5005,0.6603,Screen Recording,Screen Recording Recording38.mp4,1920,1080,0,0,960,540,Fixation,1596,501,973,706,0.5067,0.6535,,,,,,,,,,,
278068524,1120611273427,Eye Tracker,LipReading,08/25/2025,Chenmingjie,Recording38,07/01/2025,07/01/2025,16:47:15.576,08:47:15.576,803474,Timeline1,Tobii I-VT (Fixation),1.241.54219,1080,1920,10.0,14.5,1.9,2.3,1.39,0.18,0.21,53,7,8,7.8,1.7,1.6,0.77,0.17,0.16,29,6,6,9686613159,,,974,716,989,720,959,711,0.09406,0.20539,-0.97415,-0.04436,0.20448,-0.97787,4.126,3.91,4.019,,,,Valid,Valid,222.3,91.6,500.7,285.2,90.1,500.0,270.6,197.2,262.5,194.7,0.5073,0.6628,0.5151,0.6671,0.4996,0.6586,Screen Recording,Screen Recording Recording38.mp4,1920,1080,0,0,960,540,Fixation,1596,501,973,706,0.5067,0.6535,,,,,,,,,,,
278072524,1120611277427,Eye Tracker,LipReading,08/25/2025,Chenmingjie,Recording38,07/01/2025,07/01/2025,16:47:15.576,08:47:15.576,803474,Timeline1,Tobii I-VT (Fixation),1.241.54219,1080,1920,10.0,14.5,1.9,2.3,1.39,0.18,0.21,53,7,8,7.8,1.7,1.6,0.77,0.17,0.16,29,6,6,9686617159,,,977,717,993,723,961,711,0.09626,0.20644,-0.97371,-0.04338,0.20417,-0.97797,4.13,3.914,4.019,,,,Valid,Valid,222.3,91.6,500.7,285.2,90.1,500.0,271.8,197.7,263.0,194.5,0.5089,0.6635,0.5173,0.6691,0.5006,0.658,Screen Recording,Screen Recording Recording38.mp4,1920,1080,0,0,960,540,Fixation,1596,501,973,706,0.5067,0.6535,,,,,,,,,,,
278076524,1120611281427,Eye Tracker,LipReading,08/25/2025,Chenmingjie,Recording38,07/01/2025,07/01/2025,16:47:15.576,08:47:15.576,803474,Timeline1,Tobii I-VT (Fixation),1.241.54219,1080,1920,10.0,14.5,1.9,2.3,1.39,0.18,0.21,53,7,8,7.8,1.7,1.6,0.77,0.17,0.16,29,6,6,9686621159,,,978,711,999,712,957,710,0.09925,0.2012,-0.97451,-0.04536,0.20371,-0.97798,4.129,3.906,4.019,,,,Valid,Valid,222.3,91.6,500.8,285.2,90.1,500.0,273.3,195.0,262.0,194.3,0.5094,0.6584,0.5201,0.6596,0.4986,0.6572,Screen Recording,Screen Recording Recording38.mp4,1920,1080,0,0,960,540,Fixation,1596,501,973,706,0.5067,0.6535,,,,,,,,,,,
278080524,1120611285427,Eye Tracker,LipReading,08/25/2025,Chenmingjie,Recording38,07/01/2025,07/01/2025,16:47:15.576,08:47:15.576,803474,Timeline1,Tobii I-VT (Fixation),1.241.54219,1080,1920,10.0,14.5,1.9,2.3,1.39,0.18,0.21,53,7,8,7.8,1.7,1.6,0.77,0.17,0.16,29,6,6,9686625159,,,977,717,995,721,959,712,0.09739,0.20566,-0.97377,-0.04445,0.20509,-0.97773,4.116,3.909,4.02,,,,Valid,Valid,222.3,91.6,500.8,285.2,90.1,500.0,272.4,197.3,262.5,195.0,0.5089,0.6637,0.5184,0.6677,0.4995,0.6597,Screen Recording,Screen Recording Recording38.mp4,1920,1080,0,0,960,540,Fixation,1596,501,973,706,0.5067,0.6535,,,,,,,,,,,
278084524,1120611289427,Eye Tracker,LipReading,08/25/2025,Chenmingjie,Recording38,07/01/2025,07/01/2025,16:47:15.576,08:47:15.576,803474,Timeline1,Tobii I-VT (Fixation),1.241.54219,1080,1920,10.0,14.5,1.9,2.3,1.39,0.18,0.21,53,7,8,7.8,1.7,1.6,0.77,0.17,0.16,29,6,6,9686629159,,,976,717,993,723,958,711,0.09643,0.2065,-0.97368,-0.04518,0.20421,-0.97788,4.143,3.909,4.019,,,,Valid,Valid,222.3,91.6,500.7,285.2,90.1,500.0,271.9,197.8,262.1,194.5,0.5081,0.6636,0.5174,0.6691,0.4988,0.6581,Screen Recording,Screen Recording Recording38.mp4,1920,1080,0,0,960,540,Fixation,1596,501,973,706,0.5067,0.6535,,,,,,,,,,,
278088524,1120611293427,Eye Tracker,LipReading,08/25/2025,Chenmingjie,Recording38,07/01/2025,07/01/2025,16:47:15.576,08:47:15.576,803474,Timeline1,Tobii I-VT (Fixation),1.241.54219,1080,1920,10.0,14.5,1.9,2.3,1.39,0.18,0.21,53,7,8,7.8,1.7,1.6,0.77,0.17,0.16,29,6,6,9686633159,,,975,716,991,721,958,710,0.09504,0.20566,-0.974,-0.04478,0.20385,-0.97798,4.135,3.914,4.021,,,,Valid,Valid,222.3,91.6,500.7,285.2,90.1,500.0,271.2,197.3,262.3,194.3,0.5076,0.6625,0.5161,0.6676,0.4992,0.6574,Screen Recording,Screen Recording Recording38.mp4,1920,1080,0,0,960,540,Fixation,1596,501,973,706,0.5067,0.6535,,,,,,,,,,,
278092524,1120611297427,Eye Tracker,LipReading,08/25/2025,Chenmingjie,Recording38,07/01/2025,07/01/2025,16:47:15.576,08:47:15.576,803474,Timeline1,Tobii I-VT (Fixation),1.241.54219,1080,1920,10.0,14.5,1.9,2.3,1.39,0.18,0.21,53,7,8,7.8,1.7,1.6,0.77,0.17,0.16,29,6,6,9686637159,,,977,714,994,718,959,710,0.09668,0.20402,-0.97418,-0.04426,0.20361,-0.97805,4.119,3.912,4.023,,,,Valid,Valid,222.3,91.6,500.8,285.2,90.1,500.0,272.0,196.4,262.6,194.2,0.5087,0.6608,0.5176,0.6646,0.4997,0.657,Screen Recording,Screen Recording Recording38.mp4,1920,1080,0,0,960,540,Fixation,1596,501,973,706,0.5067,0.6535,,,,,,,,,,,
278096524,1120611301427,Eye Tracker,LipReading,08/25/2025,Chenmingjie,Recording38,07/01/2025,07/01/2025,16:47:15.576,08:47:15.576,803474,Timeline1,Tobii I-VT (Fixation),1.241.54219,1080,1920,10.0,14.5,1.9,2.3,1.39,0.18,0.21,53,7,8,7.8,1.7,1.6,0.77,0.17,0.16,29,6,6,9686641159,,,976,714,991,723,962,706,0.09509,0.20671,-0.97377,-0.04304,0.20154,-0.97853,4.131,3.911,4.024,,,,Valid,Valid,222.3,91.6,500.7,285.2,90.1,500.0,271.2,197.9,263.2,193.1,0.5085,0.6614,0.5161,0.6695,0.5009,0.6533,Screen Recording,Screen Recording Recording38.mp4,1920,1080,0,0,960,540,Fixation,1596,501,973,706,0.5067,0.6535,,,,,,,,,,,
278100524,1120611305427,Eye Tracker,LipReading,08/25/2025,Chenmingjie,Recording38,07/01/2025,07/01/2025,16:47:15.576,08:47:15.576,803474,Timeline1,Tobii I-VT (Fixation),1.241.54219,1080,1920,10.0,14.5,1.9,2.3,1.39,0.18,0.21,53,7,8,7.8,1.7,1.6,0.77,0.17,0.16,29,6,6,9686645159,,,975,714,990,717,960,712,0.0949,0.2036,-0.97444,-0.04411,0.20477,-0.97782,4.154,3.904,4.024,,,,Valid,Valid,222.3,91.6,500.7,285.2,90.1,500.0,271.1,196.2,262.6,194.8,0.5079,0.6614,0.5159,0.6638,0.4998,0.6591,Screen Recording,Screen Recording Recording38.mp4,1920,1080,0,0,960,540,Fixation,1596,501,973,706,0.5067,0.6535,,,,,,,,,,,
278104524,1120611309427,Eye Tracker,LipReading,08/25/2025,Chenmingjie,Recording38,07/01/2025,07/01/2025,16:47:15.576,08:47:15.576,803474,Timeline1,Tobii I-VT (Fixation),1.241.54219,1080,1920,10.0,14.5,1.9,2.3,1.39,0.18,0.21,53,7,8,7.8,1.7,1.6,0.77,0.17,0.16,29,6,6,9686649159,,,972,717,992,718,952,715,0.09576,0.20438,-0.9742,-0.0481,0.20618,-0.97733,4.135,3.917,4.033,,,,Valid,Valid,222.3,91.6,500.7,285.2,90.1,500.0,271.5,196.6,260.6,195.6,0.5063,0.6635,0.5167,0.6653,0.4959,0.6617,Screen Recording,Screen Recording Recording38.mp4,1920,1080,0,0,960,540,Fixation,1596,501,973,706,0.5067,0.6535,,,,,,,,,,,
278108524,1120611313427,Eye Tracker,LipReading,08/25/2025,Chenmingjie,Recording38,07/01/2025,07/01/2025,16:47:15.576,08:47:15.576,803474,Timeline1,Tobii I-VT (Fixation),1.241.54219,1080,1920,10.0,14.5,1.9,2.3,1.39,0.18,0.21,53,7,8,7.8,1.7,1.6,0.77,0.17,0.16,29,6,6,9686653159,,,975,715,995,718,955,711,0.09754,0.20433,-0.97403,-0.04674,0.20428,-0.9778,4.149,3.921,4.035,,,,Valid,Valid,222.3,91.6,500.7,285.2,90.1,500.0,272.4,196.6,261.3,194.6,0.5079,0.6617,0.5185,0.6652,0.4973,0.6583,Screen Recording,Screen Recording Recording38.mp4,1920,1080,0,0,960,540,Fixation,1596,501,973,706,0.5067,0.6535,,,,,,,,,,,
278112523,1120611317426,Eye Tracker,LipReading,08/25/2025,Chenmingjie,Recording38,07/01/2025,07/01/2025,16:47:15.576,08:47:15.576,803474,Timeline1,Tobii I-VT (Fixation),1.241.54219,1080,1920,10.0,14.5,1.9,2.3,1.39,0.18,0.21,53,7,8,7.8,1.7,1.6,0.77,0.17,0.16,29,6,6,9686657159,,,977,716,994,721,959,711,0.09682,0.20583,-0.97379,-0.04426,0.20434,-0.9779,4.163,3.925,4.035,,,,Valid,Valid,222.3,91.6,500.7,285.2,90.1,500.0,272.1,197.4,262.6,194.6,0.5087,0.6631,0.5178,0.6679,0.4997,0.6583,Screen Recording,Screen Recording Recording38.mp4,1920,1080,0,0,960,540,Fixation,1596,501,973,706,0.5067,0.6535,,,,,,,,,,,
278116523,1120611321426,Eye Tracker,LipReading,08/25/2025,Chenmingjie,Recording38,07/01/2025,07/01/2025,16:47:15.576,08:47:15.576,803474,Timeline1,Tobii I-VT (Fixation),1.241.54219,1080,1920,10.0,14.5,1.9,2.3,1.39,0.18,0.21,53,7,8,7.8,1.7,1.6,0.77,0.17,0.16,29,6,6,9686661159,,,975,718,992,727,957,708,0.09587,0.20861,-0.97329,-0.04552,0.20297,-0.97813,4.146,3.922,4.036,,,,Valid,Valid,222.3,91.6,500.7,285.2,90.1,500.0,271.6,198.9,261.9,193.9,0.5077,0.6644,0.5169,0.673,0.4984,0.6559,Screen Recording,Screen Recording Recording38.mp4,1920,1080,0,0,960,540,Fixation,1596,501,973,706,0.5067,0.6535,,,,,,,,,,,
278120523,1120611325426,Eye Tracker,LipReading,08/25/2025,Chenmingjie,Recording38,07/01/2025,07/01/2025,16:47:15.576,08:47:15.576,803474,Timeline1,Tobii I-VT (Fixation),1.241.54219,1080,1920,10.0,14.5,1.9,2.3,1.39,0.18,0.21,53,7,8,7.8,1.7,1.6,0.77,0.17,0.16,29,6,6,9686665159,,,975,714,992,718,957,709,0.09559,0.20437,-0.97422,-0.04532,0.20356,-0.97801,4.154,3.919,4.035,,,,Valid,Valid,222.3,91.6,500.7,285.2,90.1,500.0,271.4,196.6,262.0,194.2,0.5076,0.6611,0.5165,0.6652,0.4986,0.6569,Screen Recording,Screen Recording Recording38.mp4,1920,1080,0,0,960,540,Fixation,1596,501,973,706,0.5067,0.6535,,,,,,,,,,,
278124523,1120611329426,Eye Tracker,LipReading,08/25/2025,Chenmingjie,Recording38,07/01/2025,07/01/2025,16:47:15.576,08:47:15.576,803474,Timeline1,Tobii I-VT (Fixation),1.241.54219,1080,1920,10.0,14.5,1.9,2.3,1.39,0.18,0.21,53,7,8,7.8,1.7,1.6,0.77,0.17,0.16,29,6,6,9686669159,,,974,712,991,720,958,704,0.0951,0.20497,-0.97414,-0.04512,0.20057,-0.97864,4.144,3.933,4.039,,,,Valid,Valid,222.3,91.6,500.7,285.2,90.1,499.9,271.1,196.9,262.1,192.6,0.5074,0.6589,0.516,0.6663,0.4988,0.6516,Screen Recording,Screen Recording Recording38.mp4,1920,1080,0,0,960,540,Fixation,1596,501,973,706,0.5067,0.6535,,,,,,,,,,,
278128523,1120611333426,Eye Tracker,LipReading,08/25/2025,Chenmingjie,Recording38,07/01/2025,07/01/2025,16:47:15.576,08:47:15.576,803474,Timeline1,Tobii I-VT (Fixation),1.241.54219,1080,1920,10.0,14.5,1.9,2.3,1.39,0.18,0.21,53,7,8,7.8,1.7,1.6,0.77,0.17,0.16,29,6,6,9686673159,,,976,718,990,727,962,709,0.09473,0.20865,-0.97339,-0.04278,0.20335,-0.97817,4.143,3.933,4.043,,,,Valid,Valid,222.3,91.6,500.7,285.2,90.1,499.9,271.0,198.9,263.3,194.0,0.5084,0.6648,0.5157,0.673,0.5011,0.6565,Screen Recording,Screen Recording Recording38.mp4,1920,1080,0,0,960,540,Fixation,1596,501,973,706,0.5067,0.6535,,,,,,,,,,,
278132523,1120611337426,Eye Tracker,LipReading,08/25/2025,Chenmingjie,Recording38,07/01/2025,07/01/2025,16:47:15.576,08:47:15.576,803474,Timeline1,Tobii I-VT (Fixation),1.241.54219,1080,1920,10.0,14.5,1.9,2.3,1.39,0.18,0.21,53,7,8,7.8,1.7,1.6,0.77,0.17,0.16,29,6,6,9686677159,,,975,717,992,722,958,711,0.0958,0.20619,-0.97381,-0.04494,0.20455,-0.97782,4.158,3.941,4.038,,,,Valid,Valid,222.2,91.6,500.7,285.1,90.1,499.9,271.5,197.6,262.2,194.7,0.5078,0.6636,0.5167,0.6686,0.4989,0.6587,Screen Recording,Screen Recording Recording38.mp4,1920,1080,0,0,960,540,Fixation,1596,501,973,706,0.5067,0.6535,,,,,,,,,,,
278136523,1120611341426,Eye Tracker,LipReading,08/25/2025,Chenmingjie,Recording38,07/01/2025,07/01/2025,16:47:15.576,08:47:15.576,803474,Timeline1,Tobii I-VT (Fixation),1.241.54219,1080,1920,10.0,14.5,1.9,2.3,1.39,0.18,0.21,53,7,8,7.8,1.7,1.6,0.77,0.17,0.16,29,6,6,9686681159,,,977,718,993,725,961,711,0.09603,0.20785,-0.97344,-0.04336,0.20419,-0.97797,4.159,3.927,4.045,,,,Valid,Valid,222.2,91.6,500.7,285.1,90.1,499.9,271.6,198.5,263.0,194.5,0.5087,0.6648,0.517,0.6716,0.5005,0.6581,Screen Recording,Screen Recording Recording38.mp4,1920,1080,0,0,960,540,Fixation,1596,501,973,706,0.5067,0.6535,,,,,,,,,,,
278140523,1120611345426,Eye Tracker,LipReading,08/25/2025,Chenmingjie,Recording38,07/01/2025,07/01/2025,16:47:15.576,08:47:15.576,803474,Timeline1,Tobii I-VT (Fixation),1.241.54219,1080,1920,10.0,14.5,1.9,2.3,1.39,0.18,0.21,53,7,8,7.8,1.7,1.6,0.77,0.17,0.16,29,6,6,9686685159,,,975,716,991,719,959,713,0.09552,0.20455,-0.97418,-0.04415,0.20551,-0.97766,4.141,3.928,4.047,,,,Valid,Valid,222.2,91.6,500.7,285.1,90.1,499.9,271.3,196.7,262.5,195.2,0.508,0.663,0.5164,0.6656,0.4997,0.6605,Screen Recording,Screen Recording Recording38.mp4,1920,1080,0,0,960,540,Fixation,1596,501,973,706,0.5067,0.6535,,,,,,,,,,,
278144523,1120611349426,Eye Tracker,LipReading,08/25/2025,Chenmingjie,Recording38,07/01/2025,07/01/2025,16:47:15.576,08:47:15.576,803474,Timeline1,Tobii I-VT (Fixation),1.241.54219,1080,1920,10.0,14.5,1.9,2.3,1.39,0.18,0.21,53,7,8,7.8,1.7,1.6,0.77,0.17,0.16,29,6,6,9686689159,,,976,718,995,726,958,709,0.09732,0.20825,-0.97322,-0.04499,0.20322,-0.9781,4.159,3.936,4.044,,,,Valid,Valid,222.2,91.6,500.7,285.1,90.1,499.9,272.3,198.7,262.1,194.0,0.5085,0.6644,0.5182,0.6724,0.4989,0.6563,Screen Recording,Screen Recording Recording38.mp4,1920,1080,0,0,960,540,Fixation,1596,501,973,706,0.5067,0.6535,,,,,,,,,,,
278148523,1120611353426,Eye Tracker,LipReading,08/25/2025,Chenmingjie,Recording38,07/01/2025,07/01/2025,16:47:15.576,08:47:15.576,803474,Timeline1,Tobii I-VT (Fixation),1.241.54219,1080,1920,10.0,14.5,1.9,2.3,1.39,0.18,0.21,53,7,8,7.8,1.7,1.6,0.77,0.17,0.16,29,6,6,9686693159,,,975,716,991,724,959,709,0.09511,0.20735,-0.97363,-0.04419,0.20307,-0.97817,4.155,3.959,4.048,,,,Valid,Valid,222.2,91.6,500.7,285.1,90.1,499.9,271.1,198.2,262.5,193.9,0.5078,0.6633,0.516,0.6706,0.4996,0.656,Screen Recording,Screen Recording Recording38.mp4,1920,1080,0,0,960,540,Fixation,1596,501,973,706,0.5067,0.6535,,,,,,,,,,,
278152523,1120611357426,Eye Tracker,LipReading,08/25/2025,Chenmingjie,Recording38,07/01/2025,07/01/2025,16:47:15.576,08:47:15.576,803474,Timeline1,Tobii I-VT (Fixation),1.241.54219,1080,1920,10.0,14.5,1.9,2.3,1.39,0.18,0.21,53,7,8,7.8,1.7,1.6,0.77,0.17,0.16,29,6,6,9686697159,,,973,718,991,724,955,711,0.09547,0.20726,-0.97362,-0.0463,0.20451,-0.97777,4.162,3.928,4.053,,,,Valid,Valid,222.2,91.6,500.7,285.1,90.1,499.9,271.3,198.2,261.4,194.7,0.5069,0.6646,0.5163,0.6705,0.4975,0.6587,Screen Recording,Screen Recording Recording38.mp4,1920,1080,0,0,960,540,Fixation,1596,501,973,706,0.5067,0.6535,,,,,,,,,,,
278156523,1120611361426,Eye Tracker,LipReading,08/25/2025,Chenmingjie,Recording38,07/01/2025,07/01/2025,16:47:15.576,08:47:15.576,803474,Timeline1,Tobii I-VT (Fixation),1.241.54219,1080,1920,10.0,14.5,1.9,2.3,1.39,0.18,0.21,53,7,8,7.8,1.7,1.6,0.77,0.17,0.16,29,6,6,9686701159,,,975,718,992,722,958,714,0.09602,0.20628,-0.97377,-0.04483,0.20583,-0.97756,4.18,3.943,4.056,,,,Valid,Valid,222.2,91.6,500.7,285.1,90.1,499.9,271.6,197.7,262.2,195.4,0.5079,0.6649,0.5168,0.6688,0.4989,0.661,Screen Recording,Screen Recording Recording38.mp4,1920,1080,0,0,960,540,Fixation,1596,501,973,706,0.5067,0.6535,,,,,,,,,,,
278160523,1120611365426,Eye Tracker,LipReading,08/25/2025,Chenmingjie,Recording38,07/01/2025,07/01/2025,16:47:15.576,08:47:15.576,803474,Timeline1,Tobii I-VT (Fixation),1.241.54219,1080,1920,10.0,14.5,1.9,2.3,1.39,0.18,0.21,53,7,8,7.8,1.7,1.6,0.77,0.17,0.16,29,6,6,9686705159,,,972,713,994,716,951,710,0.09694,0.20303,-0.97436,-0.04878,0.20365,-0.97783,4.169,3.972,4.056,,,,Valid,Valid,222.2,91.6,500.7,285.1,90.1,500.0,272.0,195.9,260.1,194.2,0.5064,0.66,0.5176,0.6629,0.4951,0.6571,Screen Recording,Screen Recording Recording38.mp4,1920,1080,0,0,960,540,Fixation,1596,501,973,706,0.5067,0.6535,,,,,,,,,,,
278164523,1120611369426,Eye Tracker,LipReading,08/25/2025,Chenmingjie,Recording38,07/01/2025,07/01/2025,16:47:15.576,08:47:15.576,803474,Timeline1,Tobii I-VT (Fixation),1.241.54219,1080,1920,10.0,14.5,1.9,2.3,1.39,0.18,0.21,53,7,8,7.8,1.7,1.6,0.77,0.17,0.16,29,6,6,9686709159,,,975,718,993,726,958,710,0.09629,0.20822,-0.97333,-0.04475,0.20379,-0.97799,4.175,3.942,4.058,,,,Valid,Valid,222.2,91.6,500.7,285.1,90.1,499.9,271.7,198.7,262.2,194.3,0.508,0.6648,0.5171,0.6723,0.499,0.6573,Screen Recording,Screen Recording Recording38.mp4,1920,1080,0,0,960,540,Fixation,1596,501,973,706,0.5067,0.6535,,,,,,,,,,,
278168523,1120611373426,Eye Tracker,LipReading,08/25/2025,Chenmingjie,Recording38,07/01/2025,07/01/2025,16:47:15.576,08:47:15.576,803474,Timeline1,Tobii I-VT (Fixation),1.241.54219,1080,1920,10.0,14.5,1.9,2.3,1.39,0.18,0.21,53,7,8,7.8,1.7,1.6,0.77,0.17,0.16,29,6,6,9686713159,,,975,722,992,729,958,715,0.0958,0.20958,-0.97309,-0.04486,0.20628,-0.97746,4.168,3.945,4.057,,,,Valid,Valid,222.2,91.6,500.7,285.1,90.1,499.9,271.4,199.4,262.1,195.6,0.5077,0.6683,0.5166,0.6748,0.4988,0.6618,Screen Recording,Screen Recording Recording38.mp4,1920,1080,0,0,960,540,Fixation,1596,501,973,706,0.5067,0.6535,,,,,,,,,,,
278172523,1120611377426,Eye Tracker,LipReading,08/25/2025,Chenmingjie,Recording38,07/01/2025,07/01/2025,16:47:15.576,08:47:15.576,803474,Timeline1,Tobii I-VT (Fixation),1.241.54219,1080,1920,10.0,14.5,1.9,2.3,1.39,0.18,0.21,53,7,8,7.8,1.7,1.6,0.77,0.17,0.16,29,6,6,9686717159,,,973,715,991,719,955,711,0.09548,0.20446,-0.97421,-0.04633,0.20412,-0.97785,4.171,3.953,4.058,,,,Valid,Valid,222.1,91.6,500.7,285.0,90.1,499.9,271.2,196.7,261.4,194.5,0.5068,0.6617,0.5162,0.6654,0.4974,0.658,Screen Recording,Screen Recording Recording38.mp4,1920,1080,0,0,960,540,Fixation,1596,501,973,706,0.5067,0.6535,,,,,,,,,,,
278176523,1120611381426,Eye Tracker,LipReading,08/25/2025,Chenmingjie,Recording38,07/01/2025,07/01/2025,16:47:15.576,08:47:15.576,803474,Timeline1,Tobii I-VT (Fixation),1.241.54219,1080,1920,10.0,14.5,1.9,2.3,1.39,0.18,0.21,53,7,8,7.8,1.7,1.6,0.77,0.17,0.16,29,6,6,9686721159,,,975,719,992,723,957,715,0.09616,0.20658,-0.97369,-0.0453,0.20653,-0.97739,4.166,3.94,4.061,,,,Valid,Valid,222.1,91.6,500.7,285.0,90.1,499.9,271.6,197.8,261.9,195.8,0.5076,0.6658,0.5169,0.6693,0.4984,0.6623,Screen Recording,Screen Recording Recording38.mp4,1920,1080,0,0,960,540,Fixation,1596,501,973,706,0.5067,0.6535,,,,,,,,,,,
278180523,1120611385426,Eye Tracker,LipReading,08/25/2025,Chenmingjie,Recording38,07/01/2025,07/01/2025,16:47:15.576,08:47:15.576,803474,Timeline1,Tobii I-VT (Fixation),1.241.54219,1080,1920,10.0,14.5,1.9,2.3,1.39,0.18,0.21,53,7,8,7.8,1.7,1.6,0.77,0.17,0.16,29,6,6,9686725159,,,973,719,992,724,954,713,0.0957,0.20707,-0.97364,-0.04678,0.20553,-0.97753,4.194,3.952,4.065,,,,Valid,Valid,222.1,91.6,500.7,285.0,90.1,499.9,271.3,198.1,261.1,195.2,0.5067,0.6653,0.5164,0.6702,0.4969,0.6605,Screen Recording,Screen Recording Recording38.mp4,1920,1080,0,0,960,540,Fixation,1596,501,973,706,0.5067,0.6535,,,,,,,,,,,
278184523,1120611389426,Eye Tracker,LipReading,08/25/2025,Chenmingjie,Recording38,07/01/2025,07/01/2025,16:47:15.576,08:47:15.576,803474,Timeline1,Tobii I-VT (Fixation),1.241.54219,1080,1920,10.0,14.5,1.9,2.3,1.39,0.18,0.21,53,7,8,7.8,1.7,1.6,0.77,0.17,0.16,29,6,6,9686729159,,,976,715,996,723,957,707,0.09811,0.20645,-0.97353,-0.04539,0.20226,-0.97828,4.189,3.959,4.065,,,,Valid,Valid,222.1,91.6,500.7,285.0,90.1,499.9,272.6,197.8,261.8,193.5,0.5085,0.6619,0.5188,0.6691,0.4983,0.6546,Screen Recording,Screen Recording Recording38.mp4,1920,1080,0,0,960,540,Fixation,1596,501,973,706,0.5067,0.6535,,,,,,,,,,,
278188523,1120611393426,Eye Tracker,LipReading,08/25/2025,Chenmingjie,Recording38,07/01/2025,07/01/2025,16:47:15.576,08:47:15.576,803474,Timeline1,Tobii I-VT (Fixation),1.241.54219,1080,1920,10.0,14.5,1.9,2.3,1.39,0.18,0.21,53,7,8,7.8,1.7,1.6,0.77,0.17,0.16,29,6,6,9686733159,,,978,720,995,726,961,713,0.09734,0.20811,-0.97325,-0.04312,0.2056,-0.97769,4.178,3.943,4.065,,,,Valid,Valid,222.1,91.6,500.7,285.0,90.1,499.9,272.2,198.7,263.0,195.3,0.5092,0.6664,0.518,0.6721,0.5005,0.6606,Screen Recording,Screen Recording Recording38.mp4,1920,1080,0,0,960,540,Fixation,1596,501,973,706,0.5067,0.6535,,,,,,,,,,,
278192523,1120611397426,Eye Tracker,LipReading,08/25/2025,Chenmingjie,Recording38,07/01/2025,07/01/2025,16:47:15.576,08:47:15.576,803474,Timeline1,Tobii I-VT (Fixation),1.241.54219,1080,1920,10.0,14.5,1.9,2.3,1.39,0.18,0.21,53,7,8,7.8,1.7,1.6,0.77,0.17,0.16,29,6,6,9686737159,,,974,718,990,727,957,710,0.09496,0.20861,-0.97338,-0.04512,0.20376,-0.97798,4.18,3.95,4.065,,,,Valid,Valid,222.1,91.6,500.8,285.0,90.1,499.9,271.0,198.9,261.9,194.3,0.5071,0.6651,0.5157,0.6729,0.4985,0.6573,Screen Recording,Screen Recording Recording38.mp4,1920,1080,0,0,960,540,Fixation,1596,501,973,706,0.5067,0.6535,,,,,,,,,,,
278196523,1120611401426,Eye Tracker,LipReading,08/25/2025,Chenmingjie,Recording38,07/01/2025,07/01/2025,16:47:15.576,08:47:15.576,803474,Timeline1,Tobii I-VT (Fixation),1.241.54219,1080,1920,10.0,14.5,1.9,2.3,1.39,0.18,0.21,53,7,8,7.8,1.7,1.6,0.77,0.17,0.16,29,6,6,9686741159,,,974,719,993,725,956,713,0.09639,0.20793,-0.97338,-0.04594,0.20511,-0.97766,4.17,3.946,4.065,,,,Valid,Valid,222.1,91.6,500.7,285.0,90.1,499.9,271.7,198.5,261.5,195.0,0.5074,0.6657,0.5171,0.6717,0.4977,0.6597,Screen Recording,Screen Recording Recording38.mp4,1920,1080,0,0,960,540,Fixation,1596,501,973,706,0.5067,0.6535,,,,,,,,,,,
278200523,1120611405426,Eye Tracker,LipReading,08/25/2025,Chenmingjie,Recording38,07/01/2025,07/01/2025,16:47:15.576,08:47:15.576,803474,Timeline1,Tobii I-VT (Fixation),1.241.54219,1080,1920,10.0,14.5,1.9,2.3,1.39,0.18,0.21,53,7,8,7.8,1.7,1.6,0.77,0.17,0.16,29,6,6,9686745159,,,977,714,993,716,961,711,0.09669,0.20308,-0.97438,-0.04319,0.20452,-0.97791,4.194,3.958,4.071,,,,Valid,Valid,222.1,91.6,500.7,285.0,90.1,499.9,271.8,195.9,262.9,194.7,0.5088,0.6608,0.5173,0.663,0.5004,0.6586,Screen Recording,Screen Recording Recording38.mp4,1920,1080,0,0,960,540,Fixation,1596,501,973,706,0.5067,0.6535,,,,,,,,,,,
278204522,1120611409425,Eye Tracker,LipReading,08/25/2025,Chenmingjie,Recording38,07/01/2025,07/01/2025,16:47:15.576,08:47:15.576,803474,Timeline1,Tobii I-VT (Fixation),1.241.54219,1080,1920,10.0,14.5,1.9,2.3,1.39,0.18,0.21,53,7,8,7.8,1.7,1.6,0.77,0.17,0.16,29,6,6,9686749159,,,974,718,988,725,959,710,0.09389,0.20757,-0.9737,-0.04406,0.20408,-0.97796,4.186,3.968,4.072,,,,Valid,Valid,222.1,91.6,500.7,285.0,90.1,499.9,270.4,198.3,262.5,194.4,0.507,0.6644,0.5146,0.671,0.4995,0.6578,Screen Recording,Screen Recording Recording38.mp4,1920,1080,0,0,960,540,Fixation,1596,501,973,706,0.5067,0.6535,,,,,,,,,,,
278208522,1120611413425,Eye Tracker,LipReading,08/25/2025,Chenmingjie,Recording38,07/01/2025,07/01/2025,16:47:15.576,08:47:15.576,803474,Timeline1,Tobii I-VT (Fixation),1.241.54219,1080,1920,10.0,14.5,1.9,2.3,1.39,0.18,0.21,53,7,8,7.8,1.7,1.6,0.77,0.17,0.16,29,6,6,9686753159,,,976,715,991,722,962,709,0.09541,0.20593,-0.9739,-0.04246,0.20348,-0.97816,4.188,3.957,4.078,,,,Valid,Valid,222.1,91.6,500.7,285.0,90.1,499.9,271.1,197.5,263.3,194.1,0.5085,0.6624,0.516,0.6681,0.5011,0.6567,Screen Recording,Screen Recording Recording38.mp4,1920,1080,0,0,960,540,Fixation,1596,501,973,706,0.5067,0.6535,,,,,,,,,,,
278212522,1120611417425,Eye Tracker,LipReading,08/25/2025,Chenmingjie,Recording38,07/01/2025,07/01/2025,16:47:15.576,08:47:15.576,803474,Timeline1,Tobii I-VT (Fixation),1.241.54219,1080,1920,10.0,14.5,1.9,2.3,1.39,0.18,0.21,53,7,8,7.8,1.7,1.6,0.77,0.17,0.16,29,6,6,9686757159,,,975,717,992,726,959,708,0.09602,0.20823,-0.97335,-0.04417,0.20276,-0.97823,4.175,3.969,4.078,,,,Valid,Valid,222.1,91.6,500.8,285.0,90.1,499.9,271.5,198.7,262.4,193.7,0.508,0.6639,0.5167,0.6722,0.4994,0.6555,Screen Recording,Screen Recording Recording38.mp4,1920,1080,0,0,960,540,Fixation,1596,501,973,706,0.5067,0.6535,,,,,,,,,,,
278216522,1120611421425,Eye Tracker,LipReading,08/25/2025,Chenmingjie,Recording38,07/01/2025,07/01/2025,16:47:15.576,08:47:15.576,803474,Timeline1,Tobii I-VT (Fixation),1.241.54219,1080,1920,10.0,14.5,1.9,2.3,1.39,0.18,0.21,53,7,8,7.8,1.7,1.6,0.77,0.17,0.16,29,6,6,9686761159,,,977,717,993,725,962,708,0.09671,0.2076,-0.97342,-0.04265,0.20297,-0.97826,4.197,3.978,4.083,,,,Valid,Valid,222.1,91.6,500.7,285.0,90.1,499.9,271.8,198.4,263.2,193.8,0.5091,0.6635,0.5173,0.6711,0.5009,0.6558,Screen Recording,Screen Recording Recording38.mp4,1920,1080,0,0,960,540,Fixation,1596,501,973,706,0.5067,0.6535,,,,,,,,,,,
278220522,1120611425425,Eye Tracker,LipReading,08/25/2025,Chenmingjie,Recording38,07/01/2025,07/01/2025,16:47:15.576,08:47:15.576,803474,Timeline1,Tobii I-VT (Fixation),1.241.54219,1080,1920,10.0,14.5,1.9,2.3,1.39,0.18,0.21,53,7,8,7.8,1.7,1.6,0.77,0.17,0.16,29,6,6,9686765159,,,975,718,990,725,959,711,0.09517,0.20768,-0.97355,-0.04388,0.20427,-0.97793,4.189,3.976,4.086,,,,Valid,Valid,222.1,91.6,500.7,285.0,90.1,499.9,271.0,198.4,262.5,194.5,0.5077,0.6647,0.5158,0.6712,0.4997,0.6582,Screen Recording,Screen Recording Recording38.mp4,1920,1080,0,0,960,540,Fixation,1596,501,973,706,0.5067,0.6535,,,,,,,,,,,
278224522,1120611429425,Eye Tracker,LipReading,08/25/2025,Chenmingjie,Recording38,07/01/2025,07/01/2025,16:47:15.576,08:47:15.576,803474,Timeline1,Tobii I-VT (Fixation),1.241.54219,1080,1920,10.0,14.5,1.9,2.3,1.39,0.18,0.21,53,7,8,7.8,1.7,1.6,0.77,0.17,0.16,29,6,6,9686769159,,,974,719,990,725,959,714,0.09496,0.20768,-0.97358,-0.04427,0.20584,-0.97758,4.213,3.978,4.086,,,,Valid,Valid,222.1,91.6,500.7,285.0,90.1,499.9,270.9,198.4,262.3,195.4,0.5074,0.6661,0.5156,0.6712,0.4993,0.661,Screen Recording,Screen Recording Recording38.mp4,1920,1080,0,0,960,540,Fixation,1596,501,973,706,0.5067,0.6535,,,,,,,,,,,
278228522,1120611433425,Eye Tracker,LipReading,08/25/2025,Chenmingjie,Recording38,07/01/2025,07/01/2025,16:47:15.576,08:47:15.576,803474,Timeline1,Tobii I-VT (Fixation),1.241.54219,1080,1920,10.0,14.5,1.9,2.3,1.39,0.18,0.21,53,7,8,7.8,1.7,1.6,0.77,0.17,0.16,29,6,6,9686773159,,,976,719,991,728,961,710,0.09562,0.20932,-0.97316,-0.04275,0.20372,-0.97809,4.209,3.966,4.086,,,,Valid,Valid,222.1,91.6,500.7,285.0,90.1,499.9,271.3,199.3,263.1,194.2,0.5085,0.6657,0.5163,0.6743,0.5008,0.6572,Screen Recording,Screen Recording Recording38.mp4,1920,1080,0,0,960,540,Fixation,1596,501,973,706,0.5067,0.6535,,,,,,,,,,,
278232522,1120611437425,Eye Tracker,LipReading,08/25/2025,Chenmingjie,Recording38,07/01/2025,07/01/2025,16:47:15.576,08:47:15.576,803474,Timeline1,Tobii I-VT (Fixation),1.241.54219,1080,1920,10.0,14.5,1.9,2.3,1.39,0.18,0.21,53,7,8,7.8,1.7,1.6,0.77,0.17,0.16,29,6,6,9686777159,,,975,725,988,732,963,717,0.09388,0.21131,-0.9729,-0.04205,0.20754,-0.97732,4.185,3.969,4.093,,,,Valid,Valid,222.1,91.6,500.7,285.0,90.1,499.9,270.4,200.3,263.5,196.3,0.508,0.6709,0.5146,0.6778,0.5014,0.664,Screen Recording,Screen Recording Recording38.mp4,1920,1080,0,0,960,540,Fixation,1596,501,973,706,0.5067,0.6535,,,,,,,,,,,
278236522,1120611441425,Eye Tracker,LipReading,08/25/2025,Chenmingjie,Recording38,07/01/2025,07/01/2025,16:47:15.576,08:47:15.576,803474,Timeline1,Tobii I-VT (Fixation),1.241.54219,1080,1920,10.0,14.5,1.9,2.3,1.39,0.18,0.21,53,7,8,7.8,1.7,1.6,0.77,0.17,0.16,29,6,6,9686781159,,,976,718,994,724,958,713,0.09716,0.20697,-0.97351,-0.04482,0.20512,-0.97771,4.196,3.977,4.092,,,,Valid,Valid,222.1,91.6,500.7,285.0,90.1,499.9,272.1,198.0,262.1,195.0,0.5083,0.6649,0.5178,0.67,0.4987,0.6597,Screen Recording,Screen Recording Recording38.mp4,1920,1080,0,0,960,540,Fixation,1596,501,973,706,0.5067,0.6535,,,,,,,,,,,
278240522,1120611445425,Eye Tracker,LipReading,08/25/2025,Chenmingjie,Recording38,07/01/2025,07/01/2025,16:47:15.576,08:47:15.576,803474,Timeline1,Tobii I-VT (Fixation),1.241.54219,1080,1920,10.0,14.5,1.9,2.3,1.39,0.18,0.21,53,7,8,7.8,1.7,1.6,0.77,0.17,0.16,29,6,6,9686785159,,,974,720,991,725,957,714,0.09543,0.20768,-0.97353,-0.04533,0.20604,-0.97749,4.226,3.983,4.089,,,,Valid,Valid,222.1,91.6,500.7,285.0,90.1,499.9,271.2,198.4,261.8,195.5,0.5072,0.6663,0.5161,0.6712,0.4982,0.6614,Screen Recording,Screen Recording Recording38.mp4,1920,1080,0,0,960,540,Fixation,1596,501,973,706,0.5067,0.6535,,,,,,,,,,,
278244522,1120611449425,Eye Tracker,LipReading,08/25/2025,Chenmingjie,Recording38,07/01/2025,07/01/2025,16:47:15.576,08:47:15.576,803474,Timeline1,Tobii I-VT (Fixation),1.241.54219,1080,1920,10.0,14.5,1.9,2.3,1.39,0.18,0.21,53,7,8,7.8,1.7,1.6,0.77,0.17,0.16,29,6,6,9686789159,,,974,724,988,733,960,716,0.09387,0.21192,-0.97277,-0.04348,0.20681,-0.97741,4.206,3.982,4.092,,,,Valid,Valid,222.1,91.6,500.7,285.0,90.1,499.9,270.4,200.7,262.7,195.9,0.5073,0.6708,0.5146,0.6789,0.5,0.6628,Screen Recording,Screen Recording Recording38.mp4,1920,1080,0,0,960,540,Fixation,1596,501,973,706,0.5067,0.6535,,,,,,,,,,,
278248522,1120611453425,Eye Tracker,LipReading,08/25/2025,Chenmingjie,Recording38,07/01/2025,07/01/2025,16:47:15.576,08:47:15.576,803474,Timeline1,Tobii I-VT (Fixation),1.241.54219,1080,1920,10.0,14.5,1.9,2.3,1.39,0.18,0.21,53,7,8,7.8,1.7,1.6,0.77,0.17,0.16,29,6,6,9686793159,,,977,721,991,726,962,716,0.09546,0.20805,-0.97345,-0.04236,0.20686,-0.97745,4.188,4.007,4.095,,,,Valid,Valid,222.1,91.6,500.7,285.0,90.1,499.9,271.2,198.6,263.3,195.9,0.5086,0.6674,0.5161,0.6719,0.5011,0.6628,Screen Recording,Screen Recording Recording38.mp4,1920,1080,0,0,960,540,Fixation,1596,501,973,706,0.5067,0.6535,,,,,,,,,,,
278252522,1120611457425,Eye Tracker,LipReading,08/25/2025,Chenmingjie,Recording38,07/01/2025,07/01/2025,16:47:15.576,08:47:15.576,803474,Timeline1,Tobii I-VT (Fixation),1.241.54219,1080,1920,10.0,14.5,1.9,2.3,1.39,0.18,0.21,53,7,8,7.8,1.7,1.6,0.77,0.17,0.16,29,6,6,9686797159,,,977,718,995,725,959,711,0.09776,0.20767,-0.9733,-0.04391,0.20412,-0.97796,4.202,3.987,4.097,,,,Valid,Valid,222.1,91.6,500.8,285.0,90.1,499.9,272.4,198.4,262.5,194.4,0.509,0.6646,0.5184,0.6713,0.4996,0.6579,Screen Recording,Screen Recording Recording38.mp4,1920,1080,0,0,960,540,Fixation,1596,501,973,706,0.5067,0.6535,,,,,,,,,,,
278256522,1120611461425,Eye Tracker,LipReading,08/25/2025,Chenmingjie,Recording38,07/01/2025,07/01/2025,16:47:15.576,08:47:15.576,803474,Timeline1,Tobii I-VT (Fixation),1.241.54219,1080,1920,10.0,14.5,1.9,2.3,1.39,0.18,0.21,53,7,8,7.8,1.7,1.6,0.77,0.17,0.16,29,6,6,9686801159,,,975,717,991,723,960,712,0.0953,0.20668,-0.97376,-0.04357,0.20469,-0.97786,4.227,3.979,4.097,,,,Valid,Valid,222.1,91.6,500.8,285.0,90.1,499.9,271.1,197.9,262.7,194.8,0.508,0.6642,0.5159,0.6694,0.5,0.6589,Screen Recording,Screen Recording Recording38.mp4,1920,1080,0,0,960,540,Fixation,1596,501,973,706,0.5067,0.6535,,,,,,,,,,,
278260522,1120611465425,Eye Tracker,LipReading,08/25/2025,Chenmingjie,Recording38,07/01/2025,07/01/2025,16:47:15.576,08:47:15.576,803474,Timeline1,Tobii I-VT (Fixation),1.241.54219,1080,1920,10.0,14.5,1.9,2.3,1.39,0.18,0.21,53,7,8,7.8,1.7,1.6,0.77,0.17,0.16,29,6,6,9686805159,,,975,721,989,730,961,713,0.09416,0.21038,-0.97308,-0.04313,0.20519,-0.97777,4.207,3.987,4.096,,,,Valid,Valid,222.1,91.6,500.8,285.0,90.1,499.9,270.5,199.8,262.9,195.0,0.5077,0.668,0.5149,0.6761,0.5004,0.6598,Screen Recording,Screen Recording Recording38.mp4,1920,1080,0,0,960,540,Fixation,1596,501,973,706,0.5067,0.6535,,,,,,,,,,,
278264522,1120611469425,Eye Tracker,LipReading,08/25/2025,Chenmingjie,Recording38,07/01/2025,07/01/2025,16:47:15.576,08:47:15.576,803474,Timeline1,Tobii I-VT (Fixation),1.241.54219,1080,1920,10.0,14.5,1.9,2.3,1.39,0.18,0.21,53,7,8,7.8,1.7,1.6,0.77,0.17,0.16,29,6,6,9686809159,,,976,721,993,728,960,714,0.09625,0.20921,-0.97312,-0.0434,0.2057,-0.97765,4.213,3.986,4.1,,,,Valid,Valid,222.1,91.6,500.8,285.0,90.1,499.9,271.6,199.2,262.8,195.3,0.5085,0.6674,0.5169,0.6741,0.5001,0.6607,Screen Recording,Screen Recording Recording38.mp4,1920,1080,0,0,960,540,Fixation,1596,501,973,706,0.5067,0.6535,,,,,,,,,,,
278268522,1120611473425,Eye Tracker,LipReading,08/25/2025,Chenmingjie,Recording38,07/01/2025,07/01/2025,16:47:15.576,08:47:15.576,803474,Timeline1,Tobii I-VT (Fixation),1.241.54219,1080,1920,10.0,14.5,1.9,2.3,1.39,0.18,0.21,53,7,8,7.8,1.7,1.6,0.77,0.17,0.16,29,6,6,9686813159,,,975,721,989,732,961,711,0.09427,0.21106,-0.97292,-0.04283,0.20419,-0.97799,4.194,3.985,4.098,,,,Valid,Valid,222.1,91.6,500.8,285.0,90.1,499.9,270.6,200.2,263.1,194.5,0.5079,0.6677,0.515,0.6774,0.5007,0.658,Screen Recording,Screen Recording Recording38.mp4,1920,1080,0,0,960,540,Fixation,1596,501,973,706,0.5067,0.6535,,,,,,,,,,,
278272522,1120611477425,Eye Tracker,LipReading,08/25/2025,Chenmingjie,Recording38,07/01/2025,07/01/2025,16:47:15.576,08:47:15.576,803474,Timeline1,Tobii I-VT (Fixation),1.241.54219,1080,1920,10.0,14.5,1.9,2.3,1.39,0.18,0.21,53,7,8,7.8,1.7,1.6,0.77,0.17,0.16,29,6,6,9686817159,,,975,722,992,728,957,715,0.09605,0.20933,-0.97312,-0.04507,0.20633,-0.97744,4.219,4.004,4.108,,,,Valid,Valid,222.1,91.6,500.8,285.0,90.1,499.9,271.5,199.3,261.9,195.6,0.5076,0.6681,0.5168,0.6743,0.4985,0.6619,Screen Recording,Screen Recording Recording38.mp4,1920,1080,0,0,960,540,Fixation,1596,501,973,706,0.5067,0.6535,,,,,,,,,,,
278276522,1120611481425,Eye Tracker,LipReading,08/25/2025,Chenmingjie,Recording38,07/01/2025,07/01/2025,16:47:15.576,08:47:15.576,803474,Timeline1,Tobii I-VT (Fixation),1.241.54219,1080,1920,10.0,14.5,1.9,2.3,1.39,0.18,0.21,53,7,8,7.8,1.7,1.6,0.77,0.17,0.16,29,6,6,9686821159,,,977,721,992,727,961,714,0.09611,0.20878,-0.97323,-0.04288,0.20615,-0.97758,4.21,4.006,4.106,,,,Valid,Valid,222.1,91.6,500.8,285.0,90.1,499.9,271.6,199.0,263.1,195.5,0.5087,0.6674,0.5168,0.6733,0.5007,0.6615,Screen Recording,Screen Recording Recording38.mp4,1920,1080,0,0,960,540,Fixation,1596,501,973,706,0.5067,0.6535,,,,,,,,,,,
278280522,1120611485425,Eye Tracker,LipReading,08/25/2025,Chenmingjie,Recording38,07/01/2025,07/01/2025,16:47:15.576,08:47:15.576,803474,Timeline1,Tobii I-VT (Fixation),1.241.54219,1080,1920,10.0,14.5,1.9,2.3,1.39,0.18,0.21,53,7,8,7.8,1.7,1.6,0.77,0.17,0.16,29,6,6,9686825159,,,975,723,989,730,961,715,0.09457,0.2101,-0.97309,-0.04305,0.20662,-0.97747,4.213,4.003,4.108,,,,Valid,Valid,222.1,91.6,500.8,285.0,90.1,499.9,270.8,199.7,263.0,195.8,0.5079,0.669,0.5153,0.6756,0.5005,0.6623,Screen Recording,Screen Recording Recording38.mp4,1920,1080,0,0,960,540,Fixation,1596,501,973,706,0.5067,0.6535,,,,,,,,,,,
278284522,1120611489425,Eye Tracker,LipReading,08/25/2025,Chenmingjie,Recording38,07/01/2025,07/01/2025,16:47:15.576,08:47:15.576,803474,Timeline1,Tobii I-VT (Fixation),1.241.54219,1080,1920,10.0,14.5,1.9,2.3,1.39,0.18,0.21,53,7,8,7.8,1.7,1.6,0.77,0.17,0.16,29,6,6,9686829159,,,974,726,991,734,957,717,0.09532,0.21235,-0.97253,-0.04509,0.20766,-0.97716,4.203,4.0,4.108,,,,Valid,Valid,222.1,91.6,500.8,285.0,90.1,499.9,271.2,200.9,261.9,196.3,0.5073,0.672,0.5161,0.6798,0.4985,0.6642,Screen Recording,Screen Recording Recording38.mp4,1920,1080,0,0,960,540,Fixation,1596,501,973,706,0.5067,0.6535,,,,,,,,,,,
278288522,1120611493425,Eye Tracker,LipReading,08/25/2025,Chenmingjie,Recording38,07/01/2025,07/01/2025,16:47:15.576,08:47:15.576,803474,Timeline1,Tobii I-VT (Fixation),1.241.54219,1080,1920,10.0,14.5,1.9,2.3,1.39,0.18,0.21,53,7,8,7.8,1.7,1.6,0.77,0.17,0.16,29,6,6,9686833159,,,973,724,987,730,958,718,0.09311,0.21052,-0.97315,-0.04444,0.20791,-0.97714,4.219,4.005,4.108,,,,Valid,Valid,222.1,91.6,500.8,285.0,90.1,499.9,270.0,199.9,262.3,196.5,0.5065,0.6705,0.5139,0.6763,0.4991,0.6647,Screen Recording,Screen Recording Recording38.mp4,1920,1080,0,0,960,540,Fixation,1596,501,973,706,0.5067,0.6535,,,,,,,,,,,
278292521,1120611497424,Eye Tracker,LipReading,08/25/2025,Chenmingjie,Recording38,07/01/2025,07/01/2025,16:47:15.576,08:47:15.576,803474,Timeline1,Tobii I-VT (Fixation),1.241.54219,1080,1920,10.0,14.5,1.9,2.3,1.39,0.18,0.21,53,7,8,7.8,1.7,1.6,0.77,0.17,0.16,29,6,6,9686837159,,,975,724,990,734,960,714,0.09476,0.21253,-0.97255,-0.04375,0.20613,-0.97755,4.218,3.99,4.111,,,,Valid,Valid,222.1,91.6,500.8,285.0,90.1,499.9,270.9,201.0,262.6,195.5,0.5077,0.6708,0.5156,0.6801,0.4998,0.6614,Screen Recording,Screen Recording Recording38.mp4,1920,1080,0,0,960,540,Fixation,1596,501,973,706,0.5067,0.6535,,,,,,,,,,,
278296521,1120611501424,Eye Tracker,LipReading,08/25/2025,Chenmingjie,Recording38,07/01/2025,07/01/2025,16:47:15.576,08:47:15.576,803474,Timeline1,Tobii I-VT (Fixation),1.241.54219,1080,1920,10.0,14.5,1.9,2.3,1.39,0.18,0.21,53,7,8,7.8,1.7,1.6,0.77,0.17,0.16,29,6,6,9686841159,,,972,723,988,734,957,712,0.0935,0.21229,-0.97272,-0.04509,0.20488,-0.97775,4.202,4.018,4.113,,,,Valid,Valid,222.1,91.6,500.8,285.0,90.1,500.0,270.3,200.9,262.0,194.8,0.5064,0.6694,0.5143,0.6796,0.4985,0.6592,Screen Recording,Screen Recording Recording38.mp4,1920,1080,0,0,960,540,Fixation,1596,501,973,706,0.5067,0.6535,,,,,,,,,,,
278300521,1120611505424,Eye Tracker,LipReading,08/25/2025,Chenmingjie,Recording38,07/01/2025,07/01/2025,16:47:15.576,08:47:15.576,803474,Timeline1,Tobii I-VT (Fixation),1.241.54219,1080,1920,10.0,14.5,1.9,2.3,1.39,0.18,0.21,53,7,8,7.8,1.7,1.6,0.77,0.17,0.16,29,6,6,9686845159,,,975,720,990,726,960,715,0.09485,0.20811,-0.9735,-0.04344,0.20657,-0.97747,4.232,4.013,4.119,,,,Valid,Valid,222.1,91.6,500.8,285.0,90.1,500.0,270.9,198.6,262.8,195.7,0.5079,0.6671,0.5156,0.672,0.5001,0.6622,Screen Recording,Screen Recording Recording38.mp4,1920,1080,0,0,960,540,Fixation,1596,501,973,706,0.5067,0.6535,,,,,,,,,,,
278304521,1120611509424,Eye Tracker,LipReading,08/25/2025,Chenmingjie,Recording38,07/01/2025,07/01/2025,16:47:15.576,08:47:15.576,803474,Timeline1,Tobii I-VT (Fixation),1.241.54219,1080,1920,10.0,14.5,1.9,2.3,1.39,0.18,0.21,53,7,8,7.8,1.7,1.6,0.77,0.17,0.16,29,6,6,9686849159,,,976,728,992,734,961,722,0.09595,0.21249,-0.97244,-0.04326,0.21023,-0.9767,4.231,4.007,4.122,,,,Valid,Valid,222.1,91.6,500.8,285.0,90.1,500.0,271.5,201.0,262.9,197.7,0.5085,0.6744,0.5168,0.68,0.5003,0.6688,Screen Recording,Screen Recording Recording38.mp4,1920,1080,0,0,960,540,Fixation,1596,501,973,706,0.5067,0.6535,,,,,,,,,,,
278308521,1120611513424,Eye Tracker,LipReading,08/25/2025,Chenmingjie,Recording38,07/01/2025,07/01/2025,16:47:15.576,08:47:15.576,803474,Timeline1,Tobii I-VT (Fixation),1.241.54219,1080,1920,10.0,14.5,1.9,2.3,1.39,0.18,0.21,53,7,8,7.8,1.7,1.6,0.77,0.17,0.16,29,6,6,9686853159,,,976,724,995,728,957,721,0.09768,0.20905,-0.97301,-0.04528,0.20945,-0.97677,4.238,4.008,4.126,,,,Valid,Valid,222.1,91.6,500.8,285.0,90.1,500.0,272.4,199.2,261.8,197.3,0.5084,0.6706,0.5184,0.6738,0.4983,0.6675,Screen Recording,Screen Recording Recording38.mp4,1920,1080,0,0,960,540,Fixation,1596,501,973,706,0.5067,0.6535,,,,,,,,,,,
278312521,1120611517424,Eye Tracker,LipReading,08/25/2025,Chenmingjie,Recording38,07/01/2025,07/01/2025,16:47:15.576,08:47:15.576,803474,Timeline1,Tobii I-VT (Fixation),1.241.54219,1080,1920,10.0,14.5,1.9,2.3,1.39,0.18,0.21,53,7,8,7.8,1.7,1.6,0.77,0.17,0.16,29,6,6,9686857159,,,975,722,995,726,955,718,0.09775,0.20814,-0.9732,-0.04623,0.20792,-0.97705,4.239,4.02,4.126,,,,Valid,Valid,222.1,91.6,500.8,285.0,90.1,500.0,272.4,198.7,261.4,196.5,0.5079,0.6684,0.5185,0.6722,0.4974,0.6647,Screen Recording,Screen Recording Recording38.mp4,1920,1080,0,0,960,540,Fixation,1596,501,973,706,0.5067,0.6535,,,,,,,,,,,
278316521,1120611521424,Eye Tracker,LipReading,08/25/2025,Chenmingjie,Recording38,07/01/2025,07/01/2025,16:47:15.576,08:47:15.576,803474,Timeline1,Tobii I-VT (Fixation),1.241.54219,1080,1920,10.0,14.5,1.9,2.3,1.39,0.18,0.21,53,7,8,7.8,1.7,1.6,0.77,0.17,0.16,29,6,6,9686861159,,,975,724,991,728,958,720,0.09551,0.20937,-0.97316,-0.04439,0.20881,-0.97695,4.248,4.014,4.126,,,,Valid,Valid,222.1,91.6,500.8,285.0,90.1,500.0,271.3,199.3,262.3,196.9,0.5077,0.6703,0.5163,0.6743,0.4992,0.6663,Screen Recording,Screen Recording Recording38.mp4,1920,1080,0,0,960,540,Fixation,1596,501,973,706,0.5067,0.6535,,,,,,,,,,,
278320521,1120611525424,Eye Tracker,LipReading,08/25/2025,Chenmingjie,Recording38,07/01/2025,07/01/2025,16:47:15.576,08:47:15.576,803474,Timeline1,Tobii I-VT (Fixation),1.241.54219,1080,1920,10.0,14.5,1.9,2.3,1.39,0.18,0.21,53,7,8,7.8,1.7,1.6,0.77,0.17,0.16,29,6,6,9686865159,,,974,726,988,730,960,722,0.09403,0.21027,-0.97311,-0.04334,0.21025,-0.97669,4.224,4.023,4.127,,,,Valid,Valid,222.1,91.6,500.8,285.0,90.1,500.0,270.5,199.8,262.8,197.7,0.5075,0.6724,0.5148,0.6759,0.5002,0.6689,Screen Recording,Screen Recording Recording38.mp4,1920,1080,0,0,960,540,Fixation,1596,501,973,706,0.5067,0.6535,,,,,,,,,,,
278324521,1120611529424,Eye Tracker,LipReading,08/25/2025,Chenmingjie,Recording38,07/01/2025,07/01/2025,16:47:15.576,08:47:15.576,803474,Timeline1,Tobii I-VT (Fixation),1.241.54219,1080,1920,10.0,14.5,1.9,2.3,1.39,0.18,0.21,53,7,8,7.8,1.7,1.6,0.77,0.17,0.16,29,6,6,9686869159,,,975,725,993,729,956,721,0.09622,0.20975,-0.97301,-0.04545,0.20951,-0.97675,4.237,4.013,4.131,,,,Valid,Valid,222.1,91.5,500.8,285.0,90.1,500.0,271.6,199.5,261.7,197.3,0.5076,0.6713,0.517,0.675,0.4981,0.6676,Screen Recording,Screen Recording Recording38.mp4,1920,1080,0,0,960,540,Fixation,1596,501,973,706,0.5067,0.6535,,,,,,,,,,,
278328521,1120611533424,Eye Tracker,LipReading,08/25/2025,Chenmingjie,Recording38,07/01/2025,07/01/2025,16:47:15.576,08:47:15.576,803474,Timeline1,Tobii I-VT (Fixation),1.241.54219,1080,1920,10.0,14.5,1.9,2.3,1.39,0.18,0.21,53,7,8,7.8,1.7,1.6,0.77,0.17,0.16,29,6,6,9686873159,,,973,724,991,730,956,718,0.09515,0.21022,-0.97301,-0.0459,0.20803,-0.97704,4.252,4.015,4.126,,,,Valid,Valid,222.1,91.5,500.8,285.0,90.0,500.0,271.1,199.8,261.5,196.5,0.5068,0.6704,0.5159,0.6758,0.4977,0.6649,Screen Recording,Screen Recording Recording38.mp4,1920,1080,0,0,960,540,Fixation,1596,501,973,706,0.5067,0.6535,,,,,,,,,,,
278332521,1120611537424,Eye Tracker,LipReading,08/25/2025,Chenmingjie,Recording38,07/01/2025,07/01/2025,16:47:15.576,08:47:15.576,803474,Timeline1,Tobii I-VT (Fixation),1.241.54219,1080,1920,10.0,14.5,1.9,2.3,1.39,0.18,0.21,53,7,8,7.8,1.7,1.6,0.77,0.17,0.16,29,6,6,9686877159,,,973,726,987,736,959,717,0.09342,0.21353,-0.97246,-0.04392,0.20729,-0.97729,4.256,4.014,4.133,,,,Valid,Valid,222.1,91.5,500.8,285.0,90.0,500.0,270.2,201.5,262.5,196.1,0.507,0.6726,0.5143,0.6818,0.4997,0.6635,Screen Recording,Screen Recording Recording38.mp4,1920,1080,0,0,960,540,Fixation,1596,501,973,706,0.5067,0.6535,,,,,,,,,,,
278336521,1120611541424,Eye Tracker,LipReading,08/25/2025,Chenmingjie,Recording38,07/01/2025,07/01/2025,16:47:15.576,08:47:15.576,803474,Timeline1,Tobii I-VT (Fixation),1.241.54219,1080,1920,10.0,14.5,1.9,2.3,1.39,0.18,0.21,53,7,8,7.8,1.7,1.6,0.77,0.17,0.16,29,6,6,9686881159,,,975,725,991,732,960,718,0.0952,0.21121,-0.97279,-0.04362,0.20793,-0.97717,4.229,4.022,4.133,,,,Valid,Valid,222.1,91.5,500.8,285.0,90.0,500.0,271.1,200.3,262.7,196.4,0.508,0.6711,0.516,0.6776,0.4999,0.6647,Screen Recording,Screen Recording Recording38.mp4,1920,1080,0,0,960,540,Fixation,1596,501,973,706,0.5067,0.6535,,,,,,,,,,,
278340521,1120611545424,Eye Tracker,LipReading,08/25/2025,Chenmingjie,Recording38,07/01/2025,07/01/2025,16:47:15.576,08:47:15.576,803474,Timeline1,Tobii I-VT (Fixation),1.241.54219,1080,1920,10.0,14.5,1.9,2.3,1.39,0.18,0.21,53,7,8,7.8,1.7,1.6,0.77,0.17,0.16,29,6,6,9686885159,,,977,724,993,727,961,721,0.09659,0.20853,-0.97323,-0.04315,0.2094,-0.97688,4.262,4.026,4.127,,,,Valid,Valid,222.1,91.5,500.8,285.0,90.0,500.1,271.8,198.9,262.9,197.2,0.5088,0.6701,0.5173,0.6728,0.5004,0.6673,Screen Recording,Screen Recording Recording38.mp4,1920,1080,0,0,960,540,Fixation,1596,501,973,706,0.5067,0.6535,,,,,,,,,,,
278344521,1120611549424,Eye Tracker,LipReading,08/25/2025,Chenmingjie,Recording38,07/01/2025,07/01/2025,16:47:15.576,08:47:15.576,803474,Timeline1,Tobii I-VT (Fixation),1.241.54219,1080,1920,10.0,14.5,1.9,2.3,1.39,0.18,0.21,53,7,8,7.8,1.7,1.6,0.77,0.17,0.16,29,6,6,9686889159,,,977,726,992,734,961,718,0.09594,0.2122,-0.97251,-0.04298,0.20825,-0.97713,4.24,4.014,4.131,,,,Valid,Valid,222.1,91.5,500.8,285.0,90.0,500.1,271.5,200.8,263.0,196.6,0.5087,0.6724,0.5168,0.6795,0.5006,0.6652,Screen Recording,Screen Recording Recording38.mp4,1920,1080,0,0,960,540,Fixation,1596,501,973,706,0.5067,0.6535,,,,,,,,,,,
278348521,1120611553424,Eye Tracker,LipReading,08/25/2025,Chenmingjie,Recording38,07/01/2025,07/01/2025,16:47:15.576,08:47:15.576,803474,Timeline1,Tobii I-VT (Fixation),1.241.54219,1080,1920,10.0,14.5,1.9,2.3,1.39,0.18,0.21,53,7,8,7.8,1.7,1.6,0.77,0.17,0.16,29,6,6,9686893159,,,974,728,993,733,955,723,0.0962,0.21193,-0.97254,-0.04593,0.21051,-0.97651,4.22,4.013,4.136,,,,Valid,Valid,222.1,91.5,500.8,285.0,90.0,500.1,271.7,200.7,261.5,197.8,0.5073,0.6742,0.517,0.679,0.4977,0.6694,Screen Recording,Screen Recording Recording38.mp4,1920,1080,0,0,960,540,Fixation,1596,501,973,706,0.5067,0.6535,,,,,,,,,,,
278352521,1120611557424,Eye Tracker,LipReading,08/25/2025,Chenmingjie,Recording38,07/01/2025,07/01/2025,16:47:15.576,08:47:15.576,803474,Timeline1,Tobii I-VT (Fixation),1.241.54219,1080,1920,10.0,14.5,1.9,2.3,1.39,0.18,0.21,53,7,8,7.8,1.7,1.6,0.77,0.17,0.16,29,6,6,9686897159,,,974,728,991,738,957,719,0.09546,0.21427,-0.9721,-0.04525,0.20843,-0.97699,4.255,4.031,4.136,,,,Valid,Valid,222.1,91.5,500.8,285.0,90.0,500.1,271.3,201.9,261.8,196.7,0.5073,0.6744,0.5163,0.6832,0.4983,0.6656,Screen Recording,Screen Recording Recording38.mp4,1920,1080,0,0,960,540,Fixation,1596,501,973,706,0.5067,0.6535,,,,,,,,,,,
278356521,1120611561424,Eye Tracker,LipReading,08/25/2025,Chenmingjie,Recording38,07/01/2025,07/01/2025,16:47:15.576,08:47:15.576,803474,Timeline1,Tobii I-VT (Fixation),1.241.54219,1080,1920,10.0,14.5,1.9,2.3,1.39,0.18,0.21,53,7,8,7.8,1.7,1.6,0.77,0.17,0.16,29,6,6,9686901159,,,977,723,994,728,960,719,0.09685,0.20931,-0.97304,-0.0433,0.20845,-0.97707,4.26,4.017,4.139,,,,Valid,Valid,222.1,91.5,500.9,285.0,90.0,500.1,272.0,199.3,262.8,196.7,0.5089,0.6699,0.5176,0.6742,0.5002,0.6656,Screen Recording,Screen Recording Recording38.mp4,1920,1080,0,0,960,540,Fixation,1596,501,973,706,0.5067,0.6535,,,,,,,,,,,
278360521,1120611565424,Eye Tracker,LipReading,08/25/2025,Chenmingjie,Recording38,07/01/2025,07/01/2025,16:47:15.576,08:47:15.576,803474,Timeline1,Tobii I-VT (Fixation),1.241.54219,1080,1920,10.0,14.5,1.9,2.3,1.39,0.18,0.21,53,7,8,7.8,1.7,1.6,0.77,0.17,0.16,29,6,6,9686905159,,,973,726,988,729,958,724,0.09358,0.2098,-0.97326,-0.04441,0.21094,-0.97649,4.255,4.028,4.142,,,,Valid,Valid,222.1,91.5,500.9,285.0,90.0,500.1,270.3,199.5,262.3,198.1,0.5067,0.6725,0.5144,0.675,0.4991,0.6701,Screen Recording,Screen Recording Recording38.mp4,1920,1080,0,0,960,540,Fixation,1596,501,973,706,0.5067,0.6535,,,,,,,,,,,
278364521,1120611569424,Eye Tracker,LipReading,08/25/2025,Chenmingjie,Recording38,07/01/2025,07/01/2025,16:47:15.576,08:47:15.576,803474,Timeline1,Tobii I-VT (Fixation),1.241.54219,1080,1920,10.0,14.5,1.9,2.3,1.39,0.18,0.21,53,7,8,7.8,1.7,1.6,0.77,0.17,0.16,29,6,6,9686909159,,,976,726,991,731,960,721,0.0956,0.21071,-0.97286,-0.0436,0.2096,-0.97682,4.265,4.022,4.141,,,,Valid,Valid,222.1,91.5,500.9,285.0,90.0,500.1,271.3,200.0,262.7,197.3,0.5082,0.6722,0.5164,0.6767,0.4999,0.6677,Screen Recording,Screen Recording Recording38.mp4,1920,1080,0,0,960,540,Fixation,1596,501,973,706,0.5067,0.6535,,,,,,,,,,,
278368521,1120611573424,Eye Tracker,LipReading,08/25/2025,Chenmingjie,Recording38,07/01/2025,07/01/2025,16:47:15.576,08:47:15.576,803474,Timeline1,Tobii I-VT (Fixation),1.241.54219,1080,1920,10.0,14.5,1.9,2.3,1.39,0.18,0.21,53,7,8,7.8,1.7,1.6,0.77,0.17,0.16,29,6,6,9686913159,,,972,725,988,732,956,719,0.09359,0.21118,-0.97296,-0.04588,0.2085,-0.97695,4.253,4.038,4.141,,,,Valid,Valid,222.1,91.5,500.9,285.0,90.0,500.1,270.3,200.2,261.5,196.8,0.5061,0.6716,0.5144,0.6775,0.4977,0.6657,Screen Recording,Screen Recording Recording38.mp4,1920,1080,0,0,960,540,Fixation,1596,501,973,706,0.5067,0.6535,,,,,,,,,,,
278372521,1120611577424,Eye Tracker,LipReading,08/25/2025,Chenmingjie,Recording38,07/01/2025,07/01/2025,16:47:15.576,08:47:15.576,803474,Timeline1,Tobii I-VT (Fixation),1.241.54219,1080,1920,10.0,14.5,1.9,2.3,1.39,0.18,0.21,53,7,8,7.8,1.7,1.6,0.77,0.17,0.16,29,6,6,9686917159,,,974,734,986,739,962,728,0.09281,0.21509,-0.97217,-0.04246,0.21294,-0.97614,4.237,4.037,4.148,,,,Valid,Valid,222.1,91.5,500.8,285.0,90.0,500.1,269.9,202.3,263.2,199.1,0.5074,0.6792,0.5137,0.6846,0.501,0.6737,Screen Recording,Screen Recording Recording38.mp4,1920,1080,0,0,960,540,Fixation,1596,501,973,706,0.5067,0.6535,,,,,,,,,,,
278376521,1120611581424,Eye Tracker,LipReading,08/25/2025,Chenmingjie,Recording38,07/01/2025,07/01/2025,16:47:15.576,08:47:15.576,803474,Timeline1,Tobii I-VT (Fixation),1.241.54219,1080,1920,10.0,14.5,1.9,2.3,1.39,0.18,0.21,53,7,8,7.8,1.7,1.6,0.77,0.17,0.16,29,6,6,9686921159,,,977,726,993,729,961,723,0.09634,0.21001,-0.97294,-0.04283,0.21059,-0.97664,4.268,4.021,4.146,,,,Valid,Valid,222.1,91.5,500.9,285.0,90.0,500.1,271.7,199.6,263.1,197.9,0.5089,0.6724,0.5171,0.6754,0.5007,0.6695,Screen Recording,Screen Recording Recording38.mp4,1920,1080,0,0,960,540,Fixation,1596,501,973,706,0.5067,0.6535,,,,,,,,,,,
278380521,1120611585424,Eye Tracker,LipReading,08/25/2025,Chenmingjie,Recording38,07/01/2025,07/01/2025,16:47:15.576,08:47:15.576,803474,Timeline1,Tobii I-VT (Fixation),1.241.54219,1080,1920,10.0,14.5,1.9,2.3,1.39,0.18,0.21,53,7,8,7.8,1.7,1.6,0.77,0.17,0.16,29,6,6,9686925159,,,978,727,998,729,958,725,0.09919,0.20954,-0.97276,-0.04446,0.2117,-0.97632,4.261,4.034,4.145,,,,Valid,Valid,222.1,91.5,500.9,285.0,90.0,500.1,273.2,199.4,262.2,198.5,0.5095,0.6731,0.5199,0.6747,0.4991,0.6715,Screen Recording,Screen Recording Recording38.mp4,1920,1080,0,0,960,540,Fixation,1596,501,973,706,0.5067,0.6535,,,,,,,,,,,
278384520,1120611589423,Eye Tracker,LipReading,08/25/2025,Chenmingjie,Recording38,07/01/2025,07/01/2025,16:47:15.576,08:47:15.576,803474,Timeline1,Tobii I-VT (Fixation),1.241.54219,1080,1920,10.0,14.5,1.9,2.3,1.39,0.18,0.21,53,7,8,7.8,1.7,1.6,0.77,0.17,0.16,29,6,6,9686929159,,,975,729,991,734,959,723,0.09543,0.21242,-0.97251,-0.04403,0.21067,-0.97657,4.256,4.043,4.145,,,,Valid,Valid,222.1,91.5,500.9,285.0,90.0,500.1,271.3,200.9,262.5,197.9,0.5079,0.6747,0.5163,0.6798,0.4995,0.6696,Screen Recording,Screen Recording Recording38.mp4,1920,1080,0,0,960,540,Fixation,1596,501,973,706,0.5067,0.6535,,,,,,,,,,,
278388520,1120611593423,Eye Tracker,LipReading,08/25/2025,Chenmingjie,Recording38,07/01/2025,07/01/2025,16:47:15.576,08:47:15.576,803474,Timeline1,Tobii I-VT (Fixation),1.241.54219,1080,1920,10.0,14.5,1.9,2.3,1.39,0.18,0.21,53,7,8,7.8,1.7,1.6,0.77,0.17,0.16,29,6,6,9686933159,,,973,726,988,729,957,724,0.09366,0.20993,-0.97322,-0.04485,0.21091,-0.97648,4.248,4.028,4.146,,,,Valid,Valid,222.1,91.5,500.9,285.0,90.0,500.1,270.3,199.6,262.0,198.0,0.5066,0.6726,0.5145,0.6752,0.4987,0.6701,Screen Recording,Screen Recording Recording38.mp4,1920,1080,0,0,960,540,Fixation,1596,501,973,706,0.5067,0.6535,,,,,,,,,,,
278392520,1120611597423,Eye Tracker,LipReading,08/25/2025,Chenmingjie,Recording38,07/01/2025,07/01/2025,16:47:15.576,08:47:15.576,803474,Timeline1,Tobii I-VT (Fixation),1.241.54219,1080,1920,10.0,14.5,1.9,2.3,1.39,0.18,0.21,53,7,8,7.8,1.7,1.6,0.77,0.17,0.16,29,6,6,9686937159,,,975,730,986,739,964,720,0.0926,0.21503,-0.97221,-0.04156,0.20926,-0.97698,4.249,4.043,4.146,,,,Valid,Valid,222.1,91.5,500.9,285.0,90.0,500.1,269.8,202.3,263.7,197.1,0.5077,0.6757,0.5135,0.6844,0.5019,0.667,Screen Recording,Screen Recording Recording38.mp4,1920,1080,0,0,960,540,Fixation,1596,501,973,706,0.5067,0.6535,,,,,,,,,,,
278396520,1120611601423,Eye Tracker,LipReading,08/25/2025,Chenmingjie,Recording38,07/01/2025,07/01/2025,16:47:15.576,08:47:15.576,803474,Timeline1,Tobii I-VT (Fixation),1.241.54219,1080,1920,10.0,14.5,1.9,2.3,1.39,0.18,0.21,53,7,8,7.8,1.7,1.6,0.77,0.17,0.16,29,6,6,9686941159,,,974,730,987,740,961,720,0.09314,0.21545,-0.97206,-0.04322,0.20925,-0.97691,4.245,4.047,4.146,,,,Valid,Valid,222.1,91.5,500.9,285.0,90.0,500.2,270.1,202.5,262.9,197.1,0.5072,0.6761,0.5141,0.6852,0.5003,0.667,Screen Recording,Screen Recording Recording38.mp4,1920,1080,0,0,960,540,Fixation,1596,501,973,706,0.5067,0.6535,,,,,,,,,,,
278400520,1120611605423,Eye Tracker,LipReading,08/25/2025,Chenmingjie,Recording38,07/01/2025,07/01/2025,16:47:15.576,08:47:15.576,803474,Timeline1,Tobii I-VT (Fixation),1.241.54219,1080,1920,10.0,14.5,1.9,2.3,1.39,0.18,0.21,53,7,8,7.8,1.7,1.6,0.77,0.17,0.16,29,6,6,9686945159,,,977,731,994,732,959,729,0.09709,0.21147,-0.97255,-0.04392,0.21369,-0.97591,4.266,4.048,4.157,,,,Valid,Valid,222.1,91.5,500.9,285.0,90.0,500.1,272.1,200.4,262.5,199.5,0.5088,0.6766,0.5179,0.6781,0.4996,0.6751,Screen Recording,Screen Recording Recording38.mp4,1920,1080,0,0,960,540,Fixation,1596,501,973,706,0.5067,0.6535,,,,,,,,,,,
278404520,1120611609423,Eye Tracker,LipReading,08/25/2025,Chenmingjie,Recording38,07/01/2025,07/01/2025,16:47:15.576,08:47:15.576,803474,Timeline1,Tobii I-VT (Fixation),1.241.54219,1080,1920,10.0,14.5,1.9,2.3,1.39,0.18,0.21,53,7,8,7.8,1.7,1.6,0.77,0.17,0.16,29,6,6,9686949159,,,974,732,988,735,959,729,0.09377,0.21271,-0.97261,-0.04382,0.21344,-0.97597,4.277,4.038,4.157,,,,Valid,Valid,222.1,91.5,500.9,285.0,90.0,500.1,270.4,201.0,262.6,199.4,0.5072,0.6774,0.5147,0.6802,0.4997,0.6746,Screen Recording,Screen Recording Recording38.mp4,1920,1080,0,0,960,540,Fixation,1596,501,973,706,0.5067,0.6535,,,,,,,,,,,
278408520,1120611613423,Eye Tracker,LipReading,08/25/2025,Chenmingjie,Recording38,07/01/2025,07/01/2025,16:47:15.576,08:47:15.576,803474,Timeline1,Tobii I-VT (Fixation),1.241.54219,1080,1920,10.0,14.5,1.9,2.3,1.39,0.18,0.21,53,7,8,7.8,1.7,1.6,0.77,0.17,0.16,29,6,6,9686953159,,,975,734,989,739,960,728,0.09427,0.21505,-0.97204,-0.04354,0.21314,-0.97605,4.269,4.047,4.152,,,,Valid,Valid,222.1,91.5,500.9,285.0,90.0,500.1,270.7,202.3,262.7,199.2,0.5076,0.6793,0.5152,0.6845,0.5,0.6741,Screen Recording,Screen Recording Recording38.mp4,1920,1080,0,0,960,540,Fixation,1596,501,973,706,0.5067,0.6535,,,,,,,,,,,
278412520,1120611617423,Eye Tracker,LipReading,08/25/2025,Chenmingjie,Recording38,07/01/2025,07/01/2025,16:47:15.576,08:47:15.576,803474,Timeline1,Tobii I-VT (Fixation),1.241.54219,1080,1920,10.0,14.5,1.9,2.3,1.39,0.18,0.21,53,7,8,7.8,1.7,1.6,0.77,0.17,0.16,29,6,6,9686957159,,,973,734,988,740,957,729,0.09372,0.21523,-0.97206,-0.04509,0.21354,-0.97589,4.25,4.033,4.144,,,,Valid,Valid,222.1,91.5,500.9,285.0,90.0,500.2,270.4,202.4,261.9,199.5,0.5066,0.6798,0.5147,0.6848,0.4985,0.6748,Screen Recording,Screen Recording Recording38.mp4,1920,1080,0,0,960,540,Fixation,1596,501,973,706,0.5067,0.6535,,,,,,,,,,,
278416520,1120611621423,Eye Tracker,LipReading,08/25/2025,Chenmingjie,Recording38,07/01/2025,07/01/2025,16:47:15.576,08:47:15.576,803474,Timeline1,Tobii I-VT (Fixation),1.241.54219,1080,1920,10.0,14.5,1.9,2.3,1.39,0.18,0.21,53,7,8,7.8,1.7,1.6,0.77,0.17,0.16,29,6,6,9686961159,,,974,732,992,734,956,729,0.09567,0.21243,-0.97248,-0.04546,0.2138,-0.97582,4.231,4.03,4.132,,,,Valid,Valid,222.1,91.5,500.9,285.0,90.0,500.1,271.4,200.9,261.7,199.6,0.5073,0.6775,0.5166,0.6798,0.4981,0.6753,Screen Recording,Screen Recording Recording38.mp4,1920,1080,0,0,960,540,Fixation,1596,501,973,706,0.5067,0.6535,,,,,,,,,,,
278420520,1120611625423,Eye Tracker,LipReading,08/25/2025,Chenmingjie,Recording38,07/01/2025,07/01/2025,16:47:15.576,08:47:15.576,803474,Timeline1,Tobii I-VT (Fixation),1.241.54219,1080,1920,10.0,14.5,1.9,2.3,1.39,0.18,0.21,53,7,8,7.8,1.7,1.6,0.77,0.17,0.16,29,6,6,9686965159,,,972,738,985,747,959,729,0.092,0.2191,-0.97136,-0.04409,0.21389,-0.97586,4.224,4.042,4.131,,,,Valid,Valid,222.1,91.5,501.0,285.0,90.0,500.2,269.6,204.5,262.4,199.6,0.5063,0.6836,0.5131,0.6918,0.4994,0.6755,Screen Recording,Screen Recording Recording38.mp4,1920,1080,0,0,960,540,Fixation,1596,501,973,706,0.5067,0.6535,,,,,,,,,,,
278424520,1120611629423,Eye Tracker,LipReading,08/25/2025,Chenmingjie,Recording38,07/01/2025,07/01/2025,16:47:15.576,08:47:15.576,803474,Timeline1,Tobii I-VT (Fixation),1.241.54219,1080,1920,10.0,14.5,1.9,2.3,1.39,0.18,0.21,53,7,8,7.8,1.7,1.6,0.77,0.17,0.16,29,6,6,9686969159,,,978,733,998,736,959,730,0.09883,0.21354,-0.97192,-0.04399,0.21431,-0.97577,4.229,4.029,4.127,,,,Valid,Valid,222.1,91.5,501.0,285.0,90.0,500.2,273.1,201.5,262.5,199.9,0.5096,0.6791,0.5197,0.6819,0.4995,0.6762,Screen Recording,Screen Recording Recording38.mp4,1920,1080,0,0,960,540,Fixation,1596,501,973,706,0.5067,0.6535,,,,,,,,,,,
278428520,1120611633423,Eye Tracker,LipReading,08/25/2025,Chenmingjie,Recording38,07/01/2025,07/01/2025,16:47:15.576,08:47:15.576,803474,Timeline1,Tobii I-VT (Fixation),1.241.54219,1080,1920,10.0,14.5,1.9,2.3,1.39,0.18,0.21,53,7,8,7.8,1.7,1.6,0.77,0.17,0.16,29,6,6,9686973159,,,975,738,991,748,958,729,0.09524,0.21941,-0.97097,-0.04473,0.21356,-0.97591,4.216,4.048,4.129,,,,Valid,Valid,222.2,91.5,500.9,285.0,90.0,500.2,271.3,204.7,262.1,199.5,0.5076,0.6837,0.5163,0.6926,0.4988,0.6749,Screen Recording,Screen Recording Recording38.mp4,1920,1080,0,0,960,540,Fixation,1596,501,973,706,0.5067,0.6535,,,,,,,,,,,
278432520,1120611637423,Eye Tracker,LipReading,08/25/2025,Chenmingjie,Recording38,07/01/2025,07/01/2025,16:47:15.576,08:47:15.576,803474,Timeline1,Tobii I-VT (Fixation),1.241.54219,1080,1920,10.0,14.5,1.9,2.3,1.39,0.18,0.21,53,7,8,7.8,1.7,1.6,0.77,0.17,0.16,29,6,6,9686977159,,,972,738,989,742,956,735,0.09398,0.2162,-0.97182,-0.0459,0.21656,-0.97519,4.214,4.026,4.123,,,,Valid,Valid,222.2,91.5,500.9,285.0,90.0,500.2,270.6,202.9,261.5,201.1,0.5063,0.6835,0.515,0.6866,0.4977,0.6803,Screen Recording,Screen Recording Recording38.mp4,1920,1080,0,0,960,540,Fixation,1596,501,973,706,0.5067,0.6535,,,,,,,,,,,
278436520,1120611641423,Eye Tracker,LipReading,08/25/2025,Chenmingjie,Recording38,07/01/2025,07/01/2025,16:47:15.576,08:47:15.576,803474,Timeline1,Tobii I-VT (Fixation),1.241.54219,1080,1920,10.0,14.5,1.9,2.3,1.39,0.18,0.21,53,7,8,7.8,1.7,1.6,0.77,0.17,0.16,29,6,6,9686981159,,,973,745,989,749,956,741,0.0941,0.21974,-0.97101,-0.04536,0.21981,-0.97449,4.211,4.073,4.127,,,,Valid,Valid,222.2,91.5,501.0,285.0,90.0,500.1,270.7,204.9,261.8,202.8,0.5067,0.6897,0.5152,0.6931,0.4982,0.6863,Screen Recording,Screen Recording Recording38.mp4,1920,1080,0,0,960,540,Fixation,1596,501,973,706,0.5067,0.6535,,,,,,,,,,,
278440520,1120611645423,Eye Tracker,LipReading,08/25/2025,Chenmingjie,Recording38,07/01/2025,07/01/2025,16:47:15.576,08:47:15.576,803474,Timeline1,Tobii I-VT (Fixation),1.241.54219,1080,1920,10.0,14.5,1.9,2.3,1.39,0.18,0.21,53,7,8,7.8,1.7,1.6,0.77,0.17,0.16,29,6,6,9686985159,,,976,741,992,751,960,731,0.09539,0.22077,-0.97065,-0.04353,0.21456,-0.97574,4.221,4.03,4.12,,,,Valid,Valid,222.2,91.5,500.9,285.0,90.0,500.2,271.4,205.4,262.7,200.0,0.5083,0.6859,0.5165,0.6951,0.5,0.6767,Screen Recording,Screen Recording Recording38.mp4,1920,1080,0,0,960,540,Fixation,1596,501,973,706,0.5067,0.6535,,,,,,,,,,,
278444520,1120611649423,Eye Tracker,LipReading,08/25/2025,Chenmingjie,Recording38,07/01/2025,07/01/2025,16:47:15.576,08:47:15.576,803474,Timeline1,Tobii I-VT (Fixation),1.241.54219,1080,1920,10.0,14.5,1.9,2.3,1.39,0.18,0.21,53,7,8,7.8,1.7,1.6,0.77,0.17,0.16,29,6,6,9686989159,,,974,743,989,752,959,735,0.0939,0.22139,-0.97065,-0.04429,0.21657,-0.97526,4.21,4.039,4.12,,,,Valid,Valid,222.2,91.5,501.0,285.0,90.0,500.2,270.6,205.7,262.3,201.1,0.5072,0.6882,0.515,0.6961,0.4993,0.6803,Screen Recording,Screen Recording Recording38.mp4,1920,1080,0,0,960,540,Fixation,1596,501,973,706,0.5067,0.6535,,,,,,,,,,,
278448520,1120611653423,Eye Tracker,LipReading,08/25/2025,Chenmingjie,Recording38,07/01/2025,07/01/2025,16:47:15.576,08:47:15.576,803474,Timeline1,Tobii I-VT (Fixation),1.241.54219,1080,1920,10.0,14.5,1.9,2.3,1.39,0.18,0.21,53,7,8,7.8,1.7,1.6,0.77,0.17,0.16,29,6,6,9686993159,,,975,752,991,763,960,742,0.09463,0.22703,-0.96928,-0.04348,0.22002,-0.97453,4.197,4.011,4.116,,,,Valid,Valid,222.2,91.5,500.9,285.1,90.0,500.2,271.1,208.8,262.7,202.9,0.508,0.6966,0.5159,0.7065,0.5,0.6866,Screen Recording,Screen Recording Recording38.mp4,1920,1080,0,0,960,540,Fixation,1596,501,973,706,0.5067,0.6535,,,,,,,,,,,
278452519,1120611657422,Eye Tracker,LipReading,08/25/2025,Chenmingjie,Recording38,07/01/2025,07/01/2025,16:47:15.576,08:47:15.576,803474,Timeline1,Tobii I-VT (Fixation),1.241.54219,1080,1920,10.0,14.5,1.9,2.3,1.39,0.18,0.21,53,7,8,7.8,1.7,1.6,0.77,0.17,0.16,29,6,6,9686997158,,,975,747,988,754,962,740,0.09329,0.22264,-0.97043,-0.04245,0.21937,-0.97472,4.214,4.022,4.104,,,,Valid,Valid,222.2,91.5,500.9,285.1,90.0,500.2,270.3,206.4,263.3,202.6,0.5078,0.6919,0.5145,0.6984,0.5011,0.6854,Screen Recording,Screen Recording Recording38.mp4,1920,1080,0,0,960,540,Fixation,1596,501,973,706,0.5067,0.6535,,,,,,,,,,,
278456519,1120611661422,Eye Tracker,LipReading,08/25/2025,Chenmingjie,Recording38,07/01/2025,07/01/2025,16:47:15.576,08:47:15.576,803474,Timeline1,Tobii I-VT (Fixation),1.241.54219,1080,1920,10.0,14.5,1.9,2.3,1.39,0.18,0.21,53,7,8,7.8,1.7,1.6,0.77,0.17,0.16,29,6,6,9687001158,,,974,752,990,761,957,744,0.09434,0.22606,-0.96953,-0.04495,0.22124,-0.97418,4.186,4.01,4.098,,,,Valid,Valid,222.2,91.5,501.0,285.1,90.0,500.2,270.9,208.3,262.0,203.6,0.5071,0.6968,0.5156,0.7047,0.4986,0.6888,Screen Recording,Screen Recording Recording38.mp4,1920,1080,0,0,960,540,Fixation,1596,501,973,706,0.5067,0.6535,,,,,,,,,,,
278460519,1120611665422,Eye Tracker,LipReading,08/25/2025,Chenmingjie,Recording38,07/01/2025,07/01/2025,16:47:15.576,08:47:15.576,803474,Timeline1,Tobii I-VT (Fixation),1.241.54219,1080,1920,10.0,14.5,1.9,2.3,1.39,0.18,0.21,53,7,8,7.8,1.7,1.6,0.77,0.17,0.16,29,6,6,9687005158,,,975,752,994,756,955,747,0.09671,0.22365,-0.96986,-0.046,0.22275,-0.97379,4.179,4.007,4.093,,,,Valid,Valid,222.2,91.5,501.0,285.1,90.0,500.2,272.1,207.0,261.4,204.4,0.5078,0.6959,0.5179,0.7003,0.4976,0.6916,Screen Recording,Screen Recording Recording38.mp4,1920,1080,0,0,960,540,Fixation,1596,501,973,706,0.5067,0.6535,,,,,,,,,,,
278464519,1120611669422,Eye Tracker,LipReading,08/25/2025,Chenmingjie,Recording38,07/01/2025,07/01/2025,16:47:15.576,08:47:15.576,803474,Timeline1,Tobii I-VT (Fixation),1.241.54219,1080,1920,10.0,14.5,1.9,2.3,1.39,0.18,0.21,53,7,8,7.8,1.7,1.6,0.77,0.17,0.16,29,6,6,9687009158,,,977,756,997,760,956,751,0.09792,0.22567,-0.96927,-0.04541,0.22465,-0.97338,4.176,4.004,4.09,,,,Valid,Valid,222.2,91.5,501.0,285.1,90.0,500.2,272.8,208.1,261.7,205.4,0.5087,0.6996,0.5192,0.7041,0.4981,0.695,Screen Recording,Screen Recording Recording38.mp4,1920,1080,0,0,960,540,Fixation,1596,501,973,706,0.5067,0.6535,,,,,,,,,,,
278468519,1120611673422,Eye Tracker,LipReading,08/25/2025,Chenmingjie,Recording38,07/01/2025,07/01/2025,16:47:15.576,08:47:15.576,803474,Timeline1,Tobii I-VT (Fixation),1.241.54219,1080,1920,10.0,14.5,1.9,2.3,1.39,0.18,0.21,53,7,8,7.8,1.7,1.6,0.77,0.17,0.16,29,6,6,9687013158,,,972,763,994,769,951,756,0.09621,0.23022,-0.96837,-0.04851,0.22758,-0.97255,4.15,3.968,4.071,,,,Valid,Valid,222.2,91.5,501.0,285.1,90.0,500.2,272.0,210.6,260.1,207.0,0.5063,0.7064,0.5176,0.7124,0.4951,0.7005,Screen Recording,Screen Recording Recording38.mp4,1920,1080,0,0,960,540,Fixation,1596,501,973,706,0.5067,0.6535,,,,,,,,,,,
278472519,1120611677422,Eye Tracker,LipReading,08/25/2025,Chenmingjie,Recording38,07/01/2025,07/01/2025,16:47:15.576,08:47:15.576,803474,Timeline1,Tobii I-VT (Fixation),1.241.54219,1080,1920,10.0,14.5,1.9,2.3,1.39,0.18,0.21,53,7,8,7.8,1.7,1.6,0.77,0.17,0.16,29,6,6,9687017158,,,974,764,995,773,953,756,0.09672,0.23182,-0.96794,-0.04739,0.22741,-0.97264,4.139,3.975,4.066,,,,Valid,Valid,222.2,91.5,500.9,285.1,90.0,500.2,272.3,211.4,260.7,206.9,0.5072,0.7077,0.5182,0.7154,0.4962,0.7001,Screen Recording,Screen Recording Recording38.mp4,1920,1080,0,0,960,540,Fixation,1596,501,973,706,0.5067,0.6535,,,,,,,,,,,
278476518,1120611681421,Eye Tracker,LipReading,08/25/2025,Chenmingjie,Recording38,07/01/2025,07/01/2025,16:47:15.576,08:47:15.576,803474,Timeline1,Tobii I-VT (Fixation),1.241.54219,1080,1920,10.0,14.5,1.9,2.3,1.39,0.18,0.21,53,7,8,7.8,1.7,1.6,0.77,0.17,0.16,29,6,6,9687021158,,,974,772,991,774,957,770,0.09457,0.23242,-0.96801,-0.04484,0.23446,-0.97109,4.166,3.947,4.05,,,,Valid,Valid,222.2,91.4,501.0,285.1,90.0,500.2,271.2,211.7,262.0,210.7,0.5073,0.7147,0.5161,0.7163,0.4986,0.713,Screen Recording,Screen Recording Recording38.mp4,1920,1080,0,0,960,540,Saccade,36,1339,,,,,,,,,,,,,,,
278480518,1120611685421,Eye Tracker,LipReading,08/25/2025,Chenmingjie,Recording38,07/01/2025,07/01/2025,16:47:15.576,08:47:15.576,803474,Timeline1,Tobii I-VT (Fixation),1.241.54219,1080,1920,10.0,14.5,1.9,2.3,1.39,0.18,0.21,53,7,8,7.8,1.7,1.6,0.77,0.17,0.16,29,6,6,9687025158,,,981,762,998,757,964,768,0.09863,0.22414,-0.96955,-0.04154,0.23328,-0.97152,4.165,3.95,4.043,,,,Valid,Valid,222.2,91.4,501.0,285.1,90.0,500.2,273.2,207.2,263.7,210.1,0.5109,0.706,0.5199,0.7012,0.5019,0.7108,Screen Recording,Screen Recording Recording38.mp4,1920,1080,0,0,960,540,Saccade,36,1339,,,,,,,,,,,,,,,
278484518,1120611689421,Eye Tracker,LipReading,08/25/2025,Chenmingjie,Recording38,07/01/2025,07/01/2025,16:47:15.576,08:47:15.576,803474,Timeline1,Tobii I-VT (Fixation),1.241.54219,1080,1920,10.0,14.5,1.9,2.3,1.39,0.18,0.21,53,7,8,7.8,1.7,1.6,0.77,0.17,0.16,29,6,6,9687029158,,,974,781,990,794,958,767,0.09362,0.2428,-0.96555,-0.04468,0.23305,-0.97144,4.068,3.921,3.994,,,,Valid,Valid,222.2,91.4,501.0,285.1,90.0,500.2,270.8,217.4,262.1,210.0,0.5071,0.7229,0.5154,0.7355,0.4988,0.7104,Screen Recording,Screen Recording Recording38.mp4,1920,1080,0,0,960,540,Saccade,36,1339,,,,,,,,,,,,,,,
278488518,1120611693421,Eye Tracker,LipReading,08/25/2025,Chenmingjie,Recording38,07/01/2025,07/01/2025,16:47:15.576,08:47:15.576,803474,Timeline1,Tobii I-VT (Fixation),1.241.54219,1080,1920,10.0,14.5,1.9,2.3,1.39,0.18,0.21,53,7,8,7.8,1.7,1.6,0.77,0.17,0.16,29,6,6,9687033158,,,973,796,989,804,958,788,0.09328,0.24753,-0.96438,-0.04457,0.24347,-0.96888,4.068,3.9,3.984,,,,Valid,Valid,222.2,91.4,500.9,285.1,90.0,500.2,270.7,220.0,262.1,215.6,0.507,0.737,0.5152,0.7443,0.4989,0.7296,Screen Recording,Screen Recording Recording38.mp4,1920,1080,0,0,960,540,Saccade,36,1339,,,,,,,,,,,,,,,
278492518,1120611697421,Eye Tracker,LipReading,08/25/2025,Chenmingjie,Recording38,07/01/2025,07/01/2025,16:47:15.576,08:47:15.576,803474,Timeline1,Tobii I-VT (Fixation),1.241.54219,1080,1920,10.0,14.5,1.9,2.3,1.39,0.18,0.21,53,7,8,7.8,1.7,1.6,0.77,0.17,0.16,29,6,6,9687037158,,,976,805,992,813,960,796,0.09457,0.25208,-0.96307,-0.04364,0.24767,-0.96786,4.021,3.846,3.934,,,,Valid,Valid,222.2,91.4,500.9,285.1,89.9,500.2,271.4,222.5,262.6,217.9,0.5082,0.7451,0.5166,0.7529,0.4997,0.7373,Screen Recording,Screen Recording Recording38.mp4,1920,1080,0,0,960,540,Saccade,36,1339,,,,,,,,,,,,,,,
278496518,1120611701421,Eye Tracker,LipReading,08/25/2025,Chenmingjie,Recording38,07/01/2025,07/01/2025,16:47:15.576,08:47:15.576,803474,Timeline1,Tobii I-VT (Fixation),1.241.54219,1080,1920,10.0,14.5,1.9,2.3,1.39,0.18,0.21,53,7,8,7.8,1.7,1.6,0.77,0.17,0.16,29,6,6,9687041158,,,942,816,995,818,890,814,0.09596,0.25461,-0.96227,-0.08034,0.25588,-0.96336,3.988,3.639,3.814,,,,Valid,Valid,222.3,91.4,500.9,285.2,89.9,500.2,272.2,223.9,243.4,222.8,0.4907,0.7557,0.5181,0.7577,0.4633,0.7537,Screen Recording,Screen Recording Recording38.mp4,1920,1080,0,0,960,540,Saccade,36,1339,,,,,,,,,,,,,,,
278500518,1120611705421,Eye Tracker,LipReading,08/25/2025,Chenmingjie,Recording38,07/01/2025,07/01/2025,16:47:15.576,08:47:15.576,803474,Timeline1,Tobii I-VT (Fixation),1.241.54219,1080,1920,10.0,14.5,1.9,2.3,1.39,0.18,0.21,53,7,8,7.8,1.7,1.6,0.77,0.17,0.16,29,6,6,9687045158,,,927,833,984,835,870,832,0.09005,0.26303,-0.96057,-0.09029,0.26439,-0.96018,3.985,3.516,3.75,,,,Valid,Valid,222.3,91.4,500.9,285.2,89.9,500.2,269.2,228.6,238.1,227.6,0.4828,0.7717,0.5124,0.7733,0.4532,0.7701,Screen Recording,Screen Recording Recording38.mp4,1920,1080,0,0,960,540,Saccade,36,1339,,,,,,,,,,,,,,,
278504518,1120611709421,Eye Tracker,LipReading,08/25/2025,Chenmingjie,Recording38,07/01/2025,07/01/2025,16:47:15.576,08:47:15.576,803474,Timeline1,Tobii I-VT (Fixation),1.241.54219,1080,1920,10.0,14.5,1.9,2.3,1.39,0.18,0.21,53,7,8,7.8,1.7,1.6,0.77,0.17,0.16,29,6,6,9687049158,,,942,871,1001,870,883,872,0.09849,0.27958,-0.95506,-0.0832,0.28389,-0.95524,3.868,3.414,3.641,,,,Valid,Valid,222.2,91.3,501.0,285.2,89.9,500.2,273.9,238.0,241.6,238.5,0.4906,0.8061,0.5213,0.8052,0.4598,0.807,Screen Recording,Screen Recording Recording38.mp4,1920,1080,0,0,960,540,Saccade,36,1339,,,,,,,,,,,,,,,
278508518,1120611713421,Eye Tracker,LipReading,08/25/2025,Chenmingjie,Recording38,07/01/2025,07/01/2025,16:47:15.576,08:47:15.576,803474,Timeline1,Tobii I-VT (Fixation),1.241.54219,1080,1920,10.0,14.5,1.9,2.3,1.39,0.18,0.21,53,7,8,7.8,1.7,1.6,0.77,0.17,0.16,29,6,6,9687053158,,,937,908,1045,913,830,902,0.12054,0.29967,-0.9464,-0.11024,0.29768,-0.94828,3.629,3.252,3.44,,,,Valid,Valid,222.3,91.3,501.0,285.2,89.9,500.2,286.1,250.0,227.0,246.9,0.4882,0.8405,0.5444,0.8457,0.4321,0.8353,Screen Recording,Screen Recording Recording38.mp4,1920,1080,0,0,960,540,Saccade,36,1339,,,,,,,,,,,,,,,
278512518,1120611717421,Eye Tracker,LipReading,08/25/2025,Chenmingjie,Recording38,07/01/2025,07/01/2025,16:47:15.576,08:47:15.576,803474,Timeline1,Tobii I-VT (Fixation),1.241.54219,1080,1920,10.0,14.5,1.9,2.3,1.39,0.18,0.21,53,7,8,7.8,1.7,1.6,0.77,0.17,0.16,29,6,6,9687057158,,,,,,,,,,,,,,,,,3.172,,,,Invalid,Invalid,,,,,,,,,,,,,,,,,Screen Recording,Screen Recording Recording38.mp4,1920,1080,0,0,960,540,EyesNotFound,4,1008,,,,,,,,,,,,,,,
278516518,1120611721421,Eye Tracker,LipReading,08/25/2025,Chenmingjie,Recording38,07/01/2025,07/01/2025,16:47:15.576,08:47:15.576,803474,Timeline1,Tobii I-VT (Fixation),1.241.54219,1080,1920,10.0,14.5,1.9,2.3,1.39,0.18,0.21,53,7,8,7.8,1.7,1.6,0.77,0.17,0.16,29,6,6,9687061158,,,960,965,,,960,965,,,,-0.04232,0.32868,-0.94349,,2.702,2.904,,,,Invalid,Valid,,,,285.2,89.8,500.3,,,262.8,264.1,0.5001,0.8935,,,0.5001,0.8935,Screen Recording,Screen Recording Recording38.mp4,1920,1080,0,0,960,540,Unclassified,4,1429,,,,,,,,,,,,,,,
278520518,1120611725421,Eye Tracker,LipReading,08/25/2025,Chenmingjie,Recording38,07/01/2025,07/01/2025,16:47:15.576,08:47:15.576,803474,Timeline1,Tobii I-VT (Fixation),1.241.54219,1080,1920,10.0,14.5,1.9,2.3,1.39,0.18,0.21,53,7,8,7.8,1.7,1.6,0.77,0.17,0.16,29,6,6,9687065158,,,,,,,,,,,,,,,,,2.692,,,,Invalid,Invalid,,,,,,,,,,,,,,,,,Screen Recording,Screen Recording Recording38.mp4,1920,1080,0,0,960,540,EyesNotFound,4,1009,,,,,,,,,,,,,,,
278524518,1120611729421,Eye Tracker,LipReading,08/25/2025,Chenmingjie,Recording38,07/01/2025,07/01/2025,16:47:15.576,08:47:15.576,803474,Timeline1,Tobii I-VT (Fixation),1.241.54219,1080,1920,10.0,14.5,1.9,2.3,1.39,0.18,0.21,53,7,8,7.8,1.7,1.6,0.77,0.17,0.16,29,6,6,9687069158,,,1035,1078,1101,1101,970,1055,0.14381,0.3828,-0.91257,-0.0369,0.36919,-0.92862,2.583,2.377,2.48,,,,Valid,Valid,222.2,91.2,501.0,285.2,89.7,500.3,301.2,301.4,265.3,288.7,0.5391,0.9982,,,0.5049,0.9766,Screen Recording,Screen Recording Recording38.mp4,1920,1080,0,0,960,540,Unclassified,20,1430,,,,,,,,,,,,,,,
278528518,1120611733421,Eye Tracker,LipReading,08/25/2025,Chenmingjie,Recording38,07/01/2025,07/01/2025,16:47:15.576,08:47:15.576,803474,Timeline1,Tobii I-VT (Fixation),1.241.54219,1080,1920,10.0,14.5,1.9,2.3,1.39,0.18,0.21,53,7,8,7.8,1.7,1.6,0.77,0.17,0.16,29,6,6,9687073158,,,937,1086,,,937,1086,,,,-0.0533,0.38257,-0.92239,,2.114,2.171,,,,Invalid,Valid,,,,285.2,89.7,500.4,,,256.3,297.2,,,,,,,Screen Recording,Screen Recording Recording38.mp4,1920,1080,0,0,960,540,Unclassified,20,1430,,,,,,,,,,,,,,,
278532518,1120611737421,Eye Tracker,LipReading,08/25/2025,Chenmingjie,Recording38,07/01/2025,07/01/2025,16:47:15.576,08:47:15.576,803474,Timeline1,Tobii I-VT (Fixation),1.241.54219,1080,1920,10.0,14.5,1.9,2.3,1.39,0.18,0.21,53,7,8,7.8,1.7,1.6,0.77,0.17,0.16,29,6,6,9687077158,,,949,1127,,,949,1127,,,,-0.04657,0.40035,-0.91518,,1.849,1.862,,,,Invalid,Valid,,,,285.2,89.7,500.2,,,259.8,308.5,,,,,,,Screen Recording,Screen Recording Recording38.mp4,1920,1080,0,0,960,540,Unclassified,20,1430,,,,,,,,,,,,,,,
278536519,1120611741422,Eye Tracker,LipReading,08/25/2025,Chenmingjie,Recording38,07/01/2025,07/01/2025,16:47:15.576,08:47:15.576,803474,Timeline1,Tobii I-VT (Fixation),1.241.54219,1080,1920,10.0,14.5,1.9,2.3,1.39,0.18,0.21,53,7,8,7.8,1.7,1.6,0.77,0.17,0.16,29,6,6,9687081159,,,953,1264,941,1325,965,1202,0.0617,0.47566,-0.87746,-0.03797,0.43145,-0.90134,1.52,1.585,1.552,,,,Valid,Valid,222.3,91.1,500.8,285.2,89.5,500.4,257.5,362.6,264.1,329.1,,,,,,,Screen Recording,Screen Recording Recording38.mp4,1920,1080,0,0,960,540,Unclassified,20,1430,,,,,,,,,,,,,,,
278540519,1120611745422,Eye Tracker,LipReading,08/25/2025,Chenmingjie,Recording38,07/01/2025,07/01/2025,16:47:15.576,08:47:15.576,803474,Timeline1,Tobii I-VT (Fixation),1.241.54219,1080,1920,10.0,14.5,1.9,2.3,1.39,0.18,0.21,53,7,8,7.8,1.7,1.6,0.77,0.17,0.16,29,6,6,9687085159,,,1081,1198,,,1081,1198,,,,0.01924,0.43,-0.90262,,1.222,1.222,,,,Invalid,Valid,,,,285.1,89.5,500.5,,,295.8,327.9,,,,,,,Screen Recording,Screen Recording Recording38.mp4,1920,1080,0,0,960,540,Unclassified,20,1430,,,,,,,,,,,,,,,
278544519,1120611749422,Eye Tracker,LipReading,08/25/2025,Chenmingjie,Recording38,07/01/2025,07/01/2025,16:47:15.576,08:47:15.576,803474,Timeline1,Tobii I-VT (Fixation),1.241.54219,1080,1920,10.0,14.5,1.9,2.3,1.39,0.18,0.21,53,7,8,7.8,1.7,1.6,0.77,0.17,0.16,29,6,6,9687089159,,,,,,,,,,,,,,,,,,,,,Invalid,Invalid,,,,,,,,,,,,,,,,,Screen Recording,Screen Recording Recording38.mp4,1920,1080,0,0,960,540,EyesNotFound,120,1010,,,,,,,,,,,,,,,
278548519,1120611753422,Eye Tracker,LipReading,08/25/2025,Chenmingjie,Recording38,07/01/2025,07/01/2025,16:47:15.576,08:47:15.576,803474,Timeline1,Tobii I-VT (Fixation),1.241.54219,1080,1920,10.0,14.5,1.9,2.3,1.39,0.18,0.21,53,7,8,7.8,1.7,1.6,0.77,0.17,0.16,29,6,6,9687093159,,,,,,,,,,,,,,,,,,,,,Invalid,Invalid,,,,,,,,,,,,,,,,,Screen Recording,Screen Recording Recording38.mp4,1920,1080,0,0,960,540,EyesNotFound,120,1010,,,,,,,,,,,,,,,
278552519,1120611757422,Eye Tracker,LipReading,08/25/2025,Chenmingjie,Recording38,07/01/2025,07/01/2025,16:47:15.576,08:47:15.576,803474,Timeline1,Tobii I-VT (Fixation),1.241.54219,1080,1920,10.0,14.5,1.9,2.3,1.39,0.18,0.21,53,7,8,7.8,1.7,1.6,0.77,0.17,0.16,29,6,6,9687097159,,,,,,,,,,,,,,,,,,,,,Invalid,Invalid,,,,,,,,,,,,,,,,,Screen Recording,Screen Recording Recording38.mp4,1920,1080,0,0,960,540,EyesNotFound,120,1010,,,,,,,,,,,,,,,
278556519,1120611761422,Eye Tracker,LipReading,08/25/2025,Chenmingjie,Recording38,07/01/2025,07/01/2025,16:47:15.576,08:47:15.576,803474,Timeline1,Tobii I-VT (Fixation),1.241.54219,1080,1920,10.0,14.5,1.9,2.3,1.39,0.18,0.21,53,7,8,7.8,1.7,1.6,0.77,0.17,0.16,29,6,6,9687101159,,,,,,,,,,,,,,,,,,,,,Invalid,Invalid,,,,,,,,,,,,,,,,,Screen Recording,Screen Recording Recording38.mp4,1920,1080,0,0,960,540,EyesNotFound,120,1010,,,,,,,,,,,,,,,
278560518,1120611765421,Eye Tracker,LipReading,08/25/2025,Chenmingjie,Recording38,07/01/2025,07/01/2025,16:47:15.576,08:47:15.576,803474,Timeline1,Tobii I-VT (Fixation),1.241.54219,1080,1920,10.0,14.5,1.9,2.3,1.39,0.18,0.21,53,7,8,7.8,1.7,1.6,0.77,0.17,0.16,29,6,6,9687105158,,,,,,,,,,,,,,,,,,,,,Invalid,Invalid,,,,,,,,,,,,,,,,,Screen Recording,Screen Recording Recording38.mp4,1920,1080,0,0,960,540,EyesNotFound,120,1010,,,,,,,,,,,,,,,
278564518,1120611769421,Eye Tracker,LipReading,08/25/2025,Chenmingjie,Recording38,07/01/2025,07/01/2025,16:47:15.576,08:47:15.576,803474,Timeline1,Tobii I-VT (Fixation),1.241.54219,1080,1920,10.0,14.5,1.9,2.3,1.39,0.18,0.21,53,7,8,7.8,1.7,1.6,0.77,0.17,0.16,29,6,6,9687109158,,,,,,,,,,,,,,,,,,,,,Invalid,Invalid,,,,,,,,,,,,,,,,,Screen Recording,Screen Recording Recording38.mp4,1920,1080,0,0,960,540,EyesNotFound,120,1010,,,,,,,,,,,,,,,
278568517,1120611773420,Eye Tracker,LipReading,08/25/2025,Chenmingjie,Recording38,07/01/2025,07/01/2025,16:47:15.576,08:47:15.576,803474,Timeline1,Tobii I-VT (Fixation),1.241.54219,1080,1920,10.0,14.5,1.9,2.3,1.39,0.18,0.21,53,7,8,7.8,1.7,1.6,0.77,0.17,0.16,29,6,6,9687113158,,,,,,,,,,,,,,,,,,,,,Invalid,Invalid,,,,,,,,,,,,,,,,,Screen Recording,Screen Recording Recording38.mp4,1920,1080,0,0,960,540,EyesNotFound,120,1010,,,,,,,,,,,,,,,
278572517,1120611777420,Eye Tracker,LipReading,08/25/2025,Chenmingjie,Recording38,07/01/2025,07/01/2025,16:47:15.576,08:47:15.576,803474,Timeline1,Tobii I-VT (Fixation),1.241.54219,1080,1920,10.0,14.5,1.9,2.3,1.39,0.18,0.21,53,7,8,7.8,1.7,1.6,0.77,0.17,0.16,29,6,6,9687117158,,,,,,,,,,,,,,,,,,,,,Invalid,Invalid,,,,,,,,,,,,,,,,,Screen Recording,Screen Recording Recording38.mp4,1920,1080,0,0,960,540,EyesNotFound,120,1010,,,,,,,,,,,,,,,
278576517,1120611781420,Eye Tracker,LipReading,08/25/2025,Chenmingjie,Recording38,07/01/2025,07/01/2025,16:47:15.576,08:47:15.576,803474,Timeline1,Tobii I-VT (Fixation),1.241.54219,1080,1920,10.0,14.5,1.9,2.3,1.39,0.18,0.21,53,7,8,7.8,1.7,1.6,0.77,0.17,0.16,29,6,6,9687121158,,,,,,,,,,,,,,,,,,,,,Invalid,Invalid,,,,,,,,,,,,,,,,,Screen Recording,Screen Recording Recording38.mp4,1920,1080,0,0,960,540,EyesNotFound,120,1010,,,,,,,,,,,,,,,
278580518,1120611785421,Eye Tracker,LipReading,08/25/2025,Chenmingjie,Recording38,07/01/2025,07/01/2025,16:47:15.576,08:47:15.576,803474,Timeline1,Tobii I-VT (Fixation),1.241.54219,1080,1920,10.0,14.5,1.9,2.3,1.39,0.18,0.21,53,7,8,7.8,1.7,1.6,0.77,0.17,0.16,29,6,6,9687125159,,,,,,,,,,,,,,,,,,,,,Invalid,Invalid,,,,,,,,,,,,,,,,,Screen Recording,Screen Recording Recording38.mp4,1920,1080,0,0,960,540,EyesNotFound,120,1010,,,,,,,,,,,,,,,
278584517,1120611789420,Eye Tracker,LipReading,08/25/2025,Chenmingjie,Recording38,07/01/2025,07/01/2025,16:47:15.576,08:47:15.576,803474,Timeline1,Tobii I-VT (Fixation),1.241.54219,1080,1920,10.0,14.5,1.9,2.3,1.39,0.18,0.21,53,7,8,7.8,1.7,1.6,0.77,0.17,0.16,29,6,6,9687129158,,,,,,,,,,,,,,,,,,,,,Invalid,Invalid,,,,,,,,,,,,,,,,,Screen Recording,Screen Recording Recording38.mp4,1920,1080,0,0,960,540,EyesNotFound,120,1010,,,,,,,,,,,,,,,
278588517,1120611793420,Eye Tracker,LipReading,08/25/2025,Chenmingjie,Recording38,07/01/2025,07/01/2025,16:47:15.576,08:47:15.576,803474,Timeline1,Tobii I-VT (Fixation),1.241.54219,1080,1920,10.0,14.5,1.9,2.3,1.39,0.18,0.21,53,7,8,7.8,1.7,1.6,0.77,0.17,0.16,29,6,6,9687133158,,,,,,,,,,,,,,,,,,,,,Invalid,Invalid,,,,,,,,,,,,,,,,,Screen Recording,Screen Recording Recording38.mp4,1920,1080,0,0,960,540,EyesNotFound,120,1010,,,,,,,,,,,,,,,
278592517,1120611797420,Eye Tracker,LipReading,08/25/2025,Chenmingjie,Recording38,07/01/2025,07/01/2025,16:47:15.576,08:47:15.576,803474,Timeline1,Tobii I-VT (Fixation),1.241.54219,1080,1920,10.0,14.5,1.9,2.3,1.39,0.18,0.21,53,7,8,7.8,1.7,1.6,0.77,0.17,0.16,29,6,6,9687137158,,,,,,,,,,,,,,,,,,,,,Invalid,Invalid,,,,,,,,,,,,,,,,,Screen Recording,Screen Recording Recording38.mp4,1920,1080,0,0,960,540,EyesNotFound,120,1010,,,,,,,,,,,,,,,
278596517,1120611801420,Eye Tracker,LipReading,08/25/2025,Chenmingjie,Recording38,07/01/2025,07/01/2025,16:47:15.576,08:47:15.576,803474,Timeline1,Tobii I-VT (Fixation),1.241.54219,1080,1920,10.0,14.5,1.9,2.3,1.39,0.18,0.21,53,7,8,7.8,1.7,1.6,0.77,0.17,0.16,29,6,6,9687141158,,,,,,,,,,,,,,,,,,,,,Invalid,Invalid,,,,,,,,,,,,,,,,,Screen Recording,Screen Recording Recording38.mp4,1920,1080,0,0,960,540,EyesNotFound,120,1010,,,,,,,,,,,,,,,
278600516,1120611805419,Eye Tracker,LipReading,08/25/2025,Chenmingjie,Recording38,07/01/2025,07/01/2025,16:47:15.576,08:47:15.576,803474,Timeline1,Tobii I-VT (Fixation),1.241.54219,1080,1920,10.0,14.5,1.9,2.3,1.39,0.18,0.21,53,7,8,7.8,1.7,1.6,0.77,0.17,0.16,29,6,6,9687145157,,,,,,,,,,,,,,,,,,,,,Invalid,Invalid,,,,,,,,,,,,,,,,,Screen Recording,Screen Recording Recording38.mp4,1920,1080,0,0,960,540,EyesNotFound,120,1010,,,,,,,,,,,,,,,
278604516,1120611809419,Eye Tracker,LipReading,08/25/2025,Chenmingjie,Recording38,07/01/2025,07/01/2025,16:47:15.576,08:47:15.576,803474,Timeline1,Tobii I-VT (Fixation),1.241.54219,1080,1920,10.0,14.5,1.9,2.3,1.39,0.18,0.21,53,7,8,7.8,1.7,1.6,0.77,0.17,0.16,29,6,6,9687149157,,,,,,,,,,,,,,,,,,,,,Invalid,Invalid,,,,,,,,,,,,,,,,,Screen Recording,Screen Recording Recording38.mp4,1920,1080,0,0,960,540,EyesNotFound,120,1010,,,,,,,,,,,,,,,
278608516,1120611813419,Eye Tracker,LipReading,08/25/2025,Chenmingjie,Recording38,07/01/2025,07/01/2025,16:47:15.576,08:47:15.576,803474,Timeline1,Tobii I-VT (Fixation),1.241.54219,1080,1920,10.0,14.5,1.9,2.3,1.39,0.18,0.21,53,7,8,7.8,1.7,1.6,0.77,0.17,0.16,29,6,6,9687153157,,,,,,,,,,,,,,,,,,,,,Invalid,Invalid,,,,,,,,,,,,,,,,,Screen Recording,Screen Recording Recording38.mp4,1920,1080,0,0,960,540,EyesNotFound,120,1010,,,,,,,,,,,,,,,
278612516,1120611817419,Eye Tracker,LipReading,08/25/2025,Chenmingjie,Recording38,07/01/2025,07/01/2025,16:47:15.576,08:47:15.576,803474,Timeline1,Tobii I-VT (Fixation),1.241.54219,1080,1920,10.0,14.5,1.9,2.3,1.39,0.18,0.21,53,7,8,7.8,1.7,1.6,0.77,0.17,0.16,29,6,6,9687157157,,,,,,,,,,,,,,,,,,,,,Invalid,Invalid,,,,,,,,,,,,,,,,,Screen Recording,Screen Recording Recording38.mp4,1920,1080,0,0,960,540,EyesNotFound,120,1010,,,,,,,,,,,,,,,
278616516,1120611821419,Eye Tracker,LipReading,08/25/2025,Chenmingjie,Recording38,07/01/2025,07/01/2025,16:47:15.576,08:47:15.576,803474,Timeline1,Tobii I-VT (Fixation),1.241.54219,1080,1920,10.0,14.5,1.9,2.3,1.39,0.18,0.21,53,7,8,7.8,1.7,1.6,0.77,0.17,0.16,29,6,6,9687161157,,,,,,,,,,,,,,,,,,,,,Invalid,Invalid,,,,,,,,,,,,,,,,,Screen Recording,Screen Recording Recording38.mp4,1920,1080,0,0,960,540,EyesNotFound,120,1010,,,,,,,,,,,,,,,
278620517,1120611825420,Eye Tracker,LipReading,08/25/2025,Chenmingjie,Recording38,07/01/2025,07/01/2025,16:47:15.576,08:47:15.576,803474,Timeline1,Tobii I-VT (Fixation),1.241.54219,1080,1920,10.0,14.5,1.9,2.3,1.39,0.18,0.21,53,7,8,7.8,1.7,1.6,0.77,0.17,0.16,29,6,6,9687165158,,,,,,,,,,,,,,,,,,,,,Invalid,Invalid,,,,,,,,,,,,,,,,,Screen Recording,Screen Recording Recording38.mp4,1920,1080,0,0,960,540,EyesNotFound,120,1010,,,,,,,,,,,,,,,
278624517,1120611829420,Eye Tracker,LipReading,08/25/2025,Chenmingjie,Recording38,07/01/2025,07/01/2025,16:47:15.576,08:47:15.576,803474,Timeline1,Tobii I-VT (Fixation),1.241.54219,1080,1920,10.0,14.5,1.9,2.3,1.39,0.18,0.21,53,7,8,7.8,1.7,1.6,0.77,0.17,0.16,29,6,6,9687169158,,,,,,,,,,,,,,,,,,,,,Invalid,Invalid,,,,,,,,,,,,,,,,,Screen Recording,Screen Recording Recording38.mp4,1920,1080,0,0,960,540,EyesNotFound,120,1010,,,,,,,,,,,,,,,
278628517,1120611833420,Eye Tracker,LipReading,08/25/2025,Chenmingjie,Recording38,07/01/2025,07/01/2025,16:47:15.576,08:47:15.576,803474,Timeline1,Tobii I-VT (Fixation),1.241.54219,1080,1920,10.0,14.5,1.9,2.3,1.39,0.18,0.21,53,7,8,7.8,1.7,1.6,0.77,0.17,0.16,29,6,6,9687173158,,,,,,,,,,,,,,,,,,,,,Invalid,Invalid,,,,,,,,,,,,,,,,,Screen Recording,Screen Recording Recording38.mp4,1920,1080,0,0,960,540,EyesNotFound,120,1010,,,,,,,,,,,,,,,
278632517,1120611837420,Eye Tracker,LipReading,08/25/2025,Chenmingjie,Recording38,07/01/2025,07/01/2025,16:47:15.576,08:47:15.576,803474,Timeline1,Tobii I-VT (Fixation),1.241.54219,1080,1920,10.0,14.5,1.9,2.3,1.39,0.18,0.21,53,7,8,7.8,1.7,1.6,0.77,0.17,0.16,29,6,6,9687177158,,,,,,,,,,,,,,,,,,,,,Invalid,Invalid,,,,,,,,,,,,,,,,,Screen Recording,Screen Recording Recording38.mp4,1920,1080,0,0,960,540,EyesNotFound,120,1010,,,,,,,,,,,,,,,
278636517,1120611841420,Eye Tracker,LipReading,08/25/2025,Chenmingjie,Recording38,07/01/2025,07/01/2025,16:47:15.576,08:47:15.576,803474,Timeline1,Tobii I-VT (Fixation),1.241.54219,1080,1920,10.0,14.5,1.9,2.3,1.39,0.18,0.21,53,7,8,7.8,1.7,1.6,0.77,0.17,0.16,29,6,6,9687181158,,,,,,,,,,,,,,,,,,,,,Invalid,Invalid,,,,,,,,,,,,,,,,,Screen Recording,Screen Recording Recording38.mp4,1920,1080,0,0,960,540,EyesNotFound,120,1010,,,,,,,,,,,,,,,
278640516,1120611845419,Eye Tracker,LipReading,08/25/2025,Chenmingjie,Recording38,07/01/2025,07/01/2025,16:47:15.576,08:47:15.576,803474,Timeline1,Tobii I-VT (Fixation),1.241.54219,1080,1920,10.0,14.5,1.9,2.3,1.39,0.18,0.21,53,7,8,7.8,1.7,1.6,0.77,0.17,0.16,29,6,6,9687185157,,,,,,,,,,,,,,,,,,,,,Invalid,Invalid,,,,,,,,,,,,,,,,,Screen Recording,Screen Recording Recording38.mp4,1920,1080,0,0,960,540,EyesNotFound,120,1010,,,,,,,,,,,,,,,
278644516,1120611849419,Eye Tracker,LipReading,08/25/2025,Chenmingjie,Recording38,07/01/2025,07/01/2025,16:47:15.576,08:47:15.576,803474,Timeline1,Tobii I-VT (Fixation),1.241.54219,1080,1920,10.0,14.5,1.9,2.3,1.39,0.18,0.21,53,7,8,7.8,1.7,1.6,0.77,0.17,0.16,29,6,6,9687189157,,,,,,,,,,,,,,,,,,,,,Invalid,Invalid,,,,,,,,,,,,,,,,,Screen Recording,Screen Recording Recording38.mp4,1920,1080,0,0,960,540,EyesNotFound,120,1010,,,,,,,,,,,,,,,
278648516,1120611853419,Eye Tracker,LipReading,08/25/2025,Chenmingjie,Recording38,07/01/2025,07/01/2025,16:47:15.576,08:47:15.576,803474,Timeline1,Tobii I-VT (Fixation),1.241.54219,1080,1920,10.0,14.5,1.9,2.3,1.39,0.18,0.21,53,7,8,7.8,1.7,1.6,0.77,0.17,0.16,29,6,6,9687193157,,,,,,,,,,,,,,,,,,,,,Invalid,Invalid,,,,,,,,,,,,,,,,,Screen Recording,Screen Recording Recording38.mp4,1920,1080,0,0,960,540,EyesNotFound,120,1010,,,,,,,,,,,,,,,
278652516,1120611857419,Eye Tracker,LipReading,08/25/2025,Chenmingjie,Recording38,07/01/2025,07/01/2025,16:47:15.576,08:47:15.576,803474,Timeline1,Tobii I-VT (Fixation),1.241.54219,1080,1920,10.0,14.5,1.9,2.3,1.39,0.18,0.21,53,7,8,7.8,1.7,1.6,0.77,0.17,0.16,29,6,6,9687197157,,,,,,,,,,,,,,,,,,,,,Invalid,Invalid,,,,,,,,,,,,,,,,,Screen Recording,Screen Recording Recording38.mp4,1920,1080,0,0,960,540,EyesNotFound,120,1010,,,,,,,,,,,,,,,
278656516,1120611861419,Eye Tracker,LipReading,08/25/2025,Chenmingjie,Recording38,07/01/2025,07/01/2025,16:47:15.576,08:47:15.576,803474,Timeline1,Tobii I-VT (Fixation),1.241.54219,1080,1920,10.0,14.5,1.9,2.3,1.39,0.18,0.21,53,7,8,7.8,1.7,1.6,0.77,0.17,0.16,29,6,6,9687201157,,,,,,,,,,,,,,,,,,,,,Invalid,Invalid,,,,,,,,,,,,,,,,,Screen Recording,Screen Recording Recording38.mp4,1920,1080,0,0,960,540,EyesNotFound,120,1010,,,,,,,,,,,,,,,
278660516,1120611865419,Eye Tracker,LipReading,08/25/2025,Chenmingjie,Recording38,07/01/2025,07/01/2025,16:47:15.576,08:47:15.576,803474,Timeline1,Tobii I-VT (Fixation),1.241.54219,1080,1920,10.0,14.5,1.9,2.3,1.39,0.18,0.21,53,7,8,7.8,1.7,1.6,0.77,0.17,0.16,29,6,6,9687205158,,,,,,,,,,,,,,,,,,,,,Invalid,Invalid,,,,,,,,,,,,,,,,,Screen Recording,Screen Recording Recording38.mp4,1920,1080,0,0,960,540,EyesNotFound,120,1010,,,,,,,,,,,,,,,
278664516,1120611869419,Eye Tracker,LipReading,08/25/2025,Chenmingjie,Recording38,07/01/2025,07/01/2025,16:47:15.576,08:47:15.576,803474,Timeline1,Tobii I-VT (Fixation),1.241.54219,1080,1920,10.0,14.5,1.9,2.3,1.39,0.18,0.21,53,7,8,7.8,1.7,1.6,0.77,0.17,0.16,29,6,6,9687209158,,,940,1035,,,940,1035,,,,-0.05181,0.36134,-0.93099,,1.006,1.006,,,,Invalid,Valid,,,,285.1,89.0,500.2,,,257.3,283.1,0.4896,0.9579,,,0.4896,0.9579,Screen Recording,Screen Recording Recording38.mp4,1920,1080,0,0,960,540,Unclassified,8,1431,,,,,,,,,,,,,,,
278668516,1120611873419,Eye Tracker,LipReading,08/25/2025,Chenmingjie,Recording38,07/01/2025,07/01/2025,16:47:15.576,08:47:15.576,803474,Timeline1,Tobii I-VT (Fixation),1.241.54219,1080,1920,10.0,14.5,1.9,2.3,1.39,0.18,0.21,53,7,8,7.8,1.7,1.6,0.77,0.17,0.16,29,6,6,9687213158,,,1014,1116,945,1156,1082,1076,0.0664,0.41013,-0.90961,0.02047,0.37984,-0.92482,1.233,1.072,1.152,,,,Valid,Valid,222.1,90.5,500.9,285.1,89.0,500.1,258.7,316.4,296.1,294.4,,,,,0.5636,0.9962,Screen Recording,Screen Recording Recording38.mp4,1920,1080,0,0,960,540,Unclassified,8,1431,,,,,,,,,,,,,,,
278672516,1120611877419,Eye Tracker,LipReading,08/25/2025,Chenmingjie,Recording38,07/01/2025,07/01/2025,16:47:15.576,08:47:15.576,803474,Timeline1,Tobii I-VT (Fixation),1.241.54219,1080,1920,10.0,14.5,1.9,2.3,1.39,0.18,0.21,53,7,8,7.8,1.7,1.6,0.77,0.17,0.16,29,6,6,9687217158,,,,,,,,,,,,,,,,,1.271,,,,Invalid,Invalid,,,,,,,,,,,,,,,,,Screen Recording,Screen Recording Recording38.mp4,1920,1080,0,0,960,540,EyesNotFound,16,1011,,,,,,,,,,,,,,,
278676516,1120611881419,Eye Tracker,LipReading,08/25/2025,Chenmingjie,Recording38,07/01/2025,07/01/2025,16:47:15.576,08:47:15.576,803474,Timeline1,Tobii I-VT (Fixation),1.241.54219,1080,1920,10.0,14.5,1.9,2.3,1.39,0.18,0.21,53,7,8,7.8,1.7,1.6,0.77,0.17,0.16,29,6,6,9687221158,,,,,,,,,,,,,,,,,1.389,,,,Invalid,Invalid,,,,,,,,,,,,,,,,,Screen Recording,Screen Recording Recording38.mp4,1920,1080,0,0,960,540,EyesNotFound,16,1011,,,,,,,,,,,,,,,
278680515,1120611885418,Eye Tracker,LipReading,08/25/2025,Chenmingjie,Recording38,07/01/2025,07/01/2025,16:47:15.576,08:47:15.576,803474,Timeline1,Tobii I-VT (Fixation),1.241.54219,1080,1920,10.0,14.5,1.9,2.3,1.39,0.18,0.21,53,7,8,7.8,1.7,1.6,0.77,0.17,0.16,29,6,6,9687225157,,,,,,,,,,,,,,,,,1.507,,,,Invalid,Invalid,,,,,,,,,,,,,,,,,Screen Recording,Screen Recording Recording38.mp4,1920,1080,0,0,960,540,EyesNotFound,16,1011,,,,,,,,,,,,,,,
278684515,1120611889418,Eye Tracker,LipReading,08/25/2025,Chenmingjie,Recording38,07/01/2025,07/01/2025,16:47:15.576,08:47:15.576,803474,Timeline1,Tobii I-VT (Fixation),1.241.54219,1080,1920,10.0,14.5,1.9,2.3,1.39,0.18,0.21,53,7,8,7.8,1.7,1.6,0.77,0.17,0.16,29,6,6,9687229157,,,,,,,,,,,,,,,,,1.626,,,,Invalid,Invalid,,,,,,,,,,,,,,,,,Screen Recording,Screen Recording Recording38.mp4,1920,1080,0,0,960,540,EyesNotFound,16,1011,,,,,,,,,,,,,,,
278688515,1120611893418,Eye Tracker,LipReading,08/25/2025,Chenmingjie,Recording38,07/01/2025,07/01/2025,16:47:15.576,08:47:15.576,803474,Timeline1,Tobii I-VT (Fixation),1.241.54219,1080,1920,10.0,14.5,1.9,2.3,1.39,0.18,0.21,53,7,8,7.8,1.7,1.6,0.77,0.17,0.16,29,6,6,9687233157,,,971,913,,,971,913,,,,-0.03661,0.30594,-0.95135,,1.674,1.744,,,,Invalid,Valid,,,,285.1,89.1,500.0,,,265.8,249.9,0.5059,0.8456,,,0.5059,0.8456,Screen Recording,Screen Recording Recording38.mp4,1920,1080,0,0,960,540,Unclassified,16,1432,,,,,,,,,,,,,,,
278692515,1120611897418,Eye Tracker,LipReading,08/25/2025,Chenmingjie,Recording38,07/01/2025,07/01/2025,16:47:15.576,08:47:15.576,803474,Timeline1,Tobii I-VT (Fixation),1.241.54219,1080,1920,10.0,14.5,1.9,2.3,1.39,0.18,0.21,53,7,8,7.8,1.7,1.6,0.77,0.17,0.16,29,6,6,9687237157,,,899,860,,,899,860,,,,-0.0746,0.27991,-0.95712,,1.729,1.83,,,,Invalid,Valid,,,,285.1,89.1,500.0,,,246.1,235.4,0.4684,0.7963,,,0.4684,0.7963,Screen Recording,Screen Recording Recording38.mp4,1920,1080,0,0,960,540,Unclassified,16,1432,,,,,,,,,,,,,,,
278696515,1120611901418,Eye Tracker,LipReading,08/25/2025,Chenmingjie,Recording38,07/01/2025,07/01/2025,16:47:15.576,08:47:15.576,803474,Timeline1,Tobii I-VT (Fixation),1.241.54219,1080,1920,10.0,14.5,1.9,2.3,1.39,0.18,0.21,53,7,8,7.8,1.7,1.6,0.77,0.17,0.16,29,6,6,9687241157,,,947,868,,,947,868,,,,-0.04988,0.28433,-0.95743,,1.858,1.953,,,,Invalid,Valid,,,,285.1,89.2,500.0,,,259.0,237.6,0.493,0.804,,,0.493,0.804,Screen Recording,Screen Recording Recording38.mp4,1920,1080,0,0,960,540,Unclassified,16,1432,,,,,,,,,,,,,,,
278700516,1120611905419,Eye Tracker,LipReading,08/25/2025,Chenmingjie,Recording38,07/01/2025,07/01/2025,16:47:15.576,08:47:15.576,803474,Timeline1,Tobii I-VT (Fixation),1.241.54219,1080,1920,10.0,14.5,1.9,2.3,1.39,0.18,0.21,53,7,8,7.8,1.7,1.6,0.77,0.17,0.16,29,6,6,9687245158,,,1112,919,1112,919,,,0.1545,0.30186,-0.94075,,,,2.163,,2.163,,,,Valid,Invalid,222.1,90.7,500.8,,,,304.4,251.4,,,0.5793,0.8506,0.5793,0.8506,,,Screen Recording,Screen Recording Recording38.mp4,1920,1080,0,0,960,540,Unclassified,16,1432,,,,,,,,,,,,,,,
278704516,1120611909419,Eye Tracker,LipReading,08/25/2025,Chenmingjie,Recording38,07/01/2025,07/01/2025,16:47:15.576,08:47:15.576,803474,Timeline1,Tobii I-VT (Fixation),1.241.54219,1080,1920,10.0,14.5,1.9,2.3,1.39,0.18,0.21,53,7,8,7.8,1.7,1.6,0.77,0.17,0.16,29,6,6,9687249158,,,,,,,,,,,,,,,,,2.301,,,,Invalid,Invalid,,,,,,,,,,,,,,,,,Screen Recording,Screen Recording Recording38.mp4,1920,1080,0,0,960,540,EyesNotFound,28,1012,,,,,,,,,,,,,,,
278708516,1120611913419,Eye Tracker,LipReading,08/25/2025,Chenmingjie,Recording38,07/01/2025,07/01/2025,16:47:15.576,08:47:15.576,803474,Timeline1,Tobii I-VT (Fixation),1.241.54219,1080,1920,10.0,14.5,1.9,2.3,1.39,0.18,0.21,53,7,8,7.8,1.7,1.6,0.77,0.17,0.16,29,6,6,9687253158,,,,,,,,,,,,,,,,,2.438,,,,Invalid,Invalid,,,,,,,,,,,,,,,,,Screen Recording,Screen Recording Recording38.mp4,1920,1080,0,0,960,540,EyesNotFound,28,1012,,,,,,,,,,,,,,,
278712516,1120611917419,Eye Tracker,LipReading,08/25/2025,Chenmingjie,Recording38,07/01/2025,07/01/2025,16:47:15.576,08:47:15.576,803474,Timeline1,Tobii I-VT (Fixation),1.241.54219,1080,1920,10.0,14.5,1.9,2.3,1.39,0.18,0.21,53,7,8,7.8,1.7,1.6,0.77,0.17,0.16,29,6,6,9687257158,,,,,,,,,,,,,,,,,2.575,,,,Invalid,Invalid,,,,,,,,,,,,,,,,,Screen Recording,Screen Recording Recording38.mp4,1920,1080,0,0,960,540,EyesNotFound,28,1012,,,,,,,,,,,,,,,
278716516,1120611921419,Eye Tracker,LipReading,08/25/2025,Chenmingjie,Recording38,07/01/2025,07/01/2025,16:47:15.576,08:47:15.576,803474,Timeline1,Tobii I-VT (Fixation),1.241.54219,1080,1920,10.0,14.5,1.9,2.3,1.39,0.18,0.21,53,7,8,7.8,1.7,1.6,0.77,0.17,0.16,29,6,6,9687261158,,,,,,,,,,,,,,,,,2.712,,,,Invalid,Invalid,,,,,,,,,,,,,,,,,Screen Recording,Screen Recording Recording38.mp4,1920,1080,0,0,960,540,EyesNotFound,28,1012,,,,,,,,,,,,,,,
278720515,1120611925418,Eye Tracker,LipReading,08/25/2025,Chenmingjie,Recording38,07/01/2025,07/01/2025,16:47:15.576,08:47:15.576,803474,Timeline1,Tobii I-VT (Fixation),1.241.54219,1080,1920,10.0,14.5,1.9,2.3,1.39,0.18,0.21,53,7,8,7.8,1.7,1.6,0.77,0.17,0.16,29,6,6,9687265157,,,,,,,,,,,,,,,,,2.85,,,,Invalid,Invalid,,,,,,,,,,,,,,,,,Screen Recording,Screen Recording Recording38.mp4,1920,1080,0,0,960,540,EyesNotFound,28,1012,,,,,,,,,,,,,,,
278724515,1120611929418,Eye Tracker,LipReading,08/25/2025,Chenmingjie,Recording38,07/01/2025,07/01/2025,16:47:15.576,08:47:15.576,803474,Timeline1,Tobii I-VT (Fixation),1.241.54219,1080,1920,10.0,14.5,1.9,2.3,1.39,0.18,0.21,53,7,8,7.8,1.7,1.6,0.77,0.17,0.16,29,6,6,9687269157,,,,,,,,,,,,,,,,,2.987,,,,Invalid,Invalid,,,,,,,,,,,,,,,,,Screen Recording,Screen Recording Recording38.mp4,1920,1080,0,0,960,540,EyesNotFound,28,1012,,,,,,,,,,,,,,,
278728515,1120611933418,Eye Tracker,LipReading,08/25/2025,Chenmingjie,Recording38,07/01/2025,07/01/2025,16:47:15.576,08:47:15.576,803474,Timeline1,Tobii I-VT (Fixation),1.241.54219,1080,1920,10.0,14.5,1.9,2.3,1.39,0.18,0.21,53,7,8,7.8,1.7,1.6,0.77,0.17,0.16,29,6,6,9687273157,,,,,,,,,,,,,,,,,3.124,,,,Invalid,Invalid,,,,,,,,,,,,,,,,,Screen Recording,Screen Recording Recording38.mp4,1920,1080,0,0,960,540,EyesNotFound,28,1012,,,,,,,,,,,,,,,
278732515,1120611937418,Eye Tracker,LipReading,08/25/2025,Chenmingjie,Recording38,07/01/2025,07/01/2025,16:47:15.576,08:47:15.576,803474,Timeline1,Tobii I-VT (Fixation),1.241.54219,1080,1920,10.0,14.5,1.9,2.3,1.39,0.18,0.21,53,7,8,7.8,1.7,1.6,0.77,0.17,0.16,29,6,6,9687277157,,,1154,690,1154,690,,,0.18071,0.18921,-0.96516,,,,3.261,,3.261,,,,Valid,Invalid,222.1,90.7,500.9,,,,315.9,188.9,,,0.6012,0.6392,0.6012,0.6392,,,Screen Recording,Screen Recording Recording38.mp4,1920,1080,0,0,960,540,Unclassified,4,1433,,,,,,,,,,,,,,,
278736515,1120611941418,Eye Tracker,LipReading,08/25/2025,Chenmingjie,Recording38,07/01/2025,07/01/2025,16:47:15.576,08:47:15.576,803474,Timeline1,Tobii I-VT (Fixation),1.241.54219,1080,1920,10.0,14.5,1.9,2.3,1.39,0.18,0.21,53,7,8,7.8,1.7,1.6,0.77,0.17,0.16,29,6,6,9687281157,,,,,,,,,,,,,,,,,3.363,,,,Invalid,Invalid,,,,,,,,,,,,,,,,,Screen Recording,Screen Recording Recording38.mp4,1920,1080,0,0,960,540,EyesNotFound,24,1013,,,,,,,,,,,,,,,
278740516,1120611945419,Eye Tracker,LipReading,08/25/2025,Chenmingjie,Recording38,07/01/2025,07/01/2025,16:47:15.576,08:47:15.576,803474,Timeline1,Tobii I-VT (Fixation),1.241.54219,1080,1920,10.0,14.5,1.9,2.3,1.39,0.18,0.21,53,7,8,7.8,1.7,1.6,0.77,0.17,0.16,29,6,6,9687285158,,,,,,,,,,,,,,,,,3.465,,,,Invalid,Invalid,,,,,,,,,,,,,,,,,Screen Recording,Screen Recording Recording38.mp4,1920,1080,0,0,960,540,EyesNotFound,24,1013,,,,,,,,,,,,,,,
278744516,1120611949419,Eye Tracker,LipReading,08/25/2025,Chenmingjie,Recording38,07/01/2025,07/01/2025,16:47:15.576,08:47:15.576,803474,Timeline1,Tobii I-VT (Fixation),1.241.54219,1080,1920,10.0,14.5,1.9,2.3,1.39,0.18,0.21,53,7,8,7.8,1.7,1.6,0.77,0.17,0.16,29,6,6,9687289158,,,,,,,,,,,,,,,,,3.566,,,,Invalid,Invalid,,,,,,,,,,,,,,,,,Screen Recording,Screen Recording Recording38.mp4,1920,1080,0,0,960,540,EyesNotFound,24,1013,,,,,,,,,,,,,,,
278748515,1120611953418,Eye Tracker,LipReading,08/25/2025,Chenmingjie,Recording38,07/01/2025,07/01/2025,16:47:15.576,08:47:15.576,803474,Timeline1,Tobii I-VT (Fixation),1.241.54219,1080,1920,10.0,14.5,1.9,2.3,1.39,0.18,0.21,53,7,8,7.8,1.7,1.6,0.77,0.17,0.16,29,6,6,9687293158,,,,,,,,,,,,,,,,,3.668,,,,Invalid,Invalid,,,,,,,,,,,,,,,,,Screen Recording,Screen Recording Recording38.mp4,1920,1080,0,0,960,540,EyesNotFound,24,1013,,,,,,,,,,,,,,,
278752515,1120611957418,Eye Tracker,LipReading,08/25/2025,Chenmingjie,Recording38,07/01/2025,07/01/2025,16:47:15.576,08:47:15.576,803474,Timeline1,Tobii I-VT (Fixation),1.241.54219,1080,1920,10.0,14.5,1.9,2.3,1.39,0.18,0.21,53,7,8,7.8,1.7,1.6,0.77,0.17,0.16,29,6,6,9687297158,,,,,,,,,,,,,,,,,3.77,,,,Invalid,Invalid,,,,,,,,,,,,,,,,,Screen Recording,Screen Recording Recording38.mp4,1920,1080,0,0,960,540,EyesNotFound,24,1013,,,,,,,,,,,,,,,
278756515,1120611961418,Eye Tracker,LipReading,08/25/2025,Chenmingjie,Recording38,07/01/2025,07/01/2025,16:47:15.576,08:47:15.576,803474,Timeline1,Tobii I-VT (Fixation),1.241.54219,1080,1920,10.0,14.5,1.9,2.3,1.39,0.18,0.21,53,7,8,7.8,1.7,1.6,0.77,0.17,0.16,29,6,6,9687301158,,,,,,,,,,,,,,,,,3.77,,,,Invalid,Invalid,,,,,,,,,,,,,,,,,Screen Recording,Screen Recording Recording38.mp4,1920,1080,0,0,960,540,EyesNotFound,24,1013,,,,,,,,,,,,,,,
278760514,1120611965417,Eye Tracker,LipReading,08/25/2025,Chenmingjie,Recording38,07/01/2025,07/01/2025,16:47:15.576,08:47:15.576,803474,Timeline1,Tobii I-VT (Fixation),1.241.54219,1080,1920,10.0,14.5,1.9,2.3,1.39,0.18,0.21,53,7,8,7.8,1.7,1.6,0.77,0.17,0.16,29,6,6,9687305157,,,1000,608,1000,608,,,0.10152,0.14851,-0.98369,,,,3.973,,3.869,,,,Valid,Invalid,222.1,90.8,500.8,,,,273.8,166.4,,,0.5211,0.563,0.5211,0.563,,,Screen Recording,Screen Recording Recording38.mp4,1920,1080,0,0,960,540,Unclassified,8,1434,,,,,,,,,,,,,,,
278764514,1120611969417,Eye Tracker,LipReading,08/25/2025,Chenmingjie,Recording38,07/01/2025,07/01/2025,16:47:15.576,08:47:15.576,803474,Timeline1,Tobii I-VT (Fixation),1.241.54219,1080,1920,10.0,14.5,1.9,2.3,1.39,0.18,0.21,53,7,8,7.8,1.7,1.6,0.77,0.17,0.16,29,6,6,9687309157,,,1021,664,1021,664,,,0.11201,0.17736,-0.97775,,,,3.756,,3.871,,,,Valid,Invalid,222.1,90.8,500.8,,,,279.5,181.6,,,0.5319,0.6145,0.5319,0.6145,,,Screen Recording,Screen Recording Recording38.mp4,1920,1080,0,0,960,540,Unclassified,8,1434,,,,,,,,,,,,,,,
278768514,1120611973417,Eye Tracker,LipReading,08/25/2025,Chenmingjie,Recording38,07/01/2025,07/01/2025,16:47:15.576,08:47:15.576,803474,Timeline1,Tobii I-VT (Fixation),1.241.54219,1080,1920,10.0,14.5,1.9,2.3,1.39,0.18,0.21,53,7,8,7.8,1.7,1.6,0.77,0.17,0.16,29,6,6,9687313157,,,,,,,,,,,,,,,,,3.973,,,,Invalid,Invalid,,,,,,,,,,,,,,,,,Screen Recording,Screen Recording Recording38.mp4,1920,1080,0,0,960,540,EyesNotFound,8,1014,,,,,,,,,,,,,,,
278772514,1120611977417,Eye Tracker,LipReading,08/25/2025,Chenmingjie,Recording38,07/01/2025,07/01/2025,16:47:15.576,08:47:15.576,803474,Timeline1,Tobii I-VT (Fixation),1.241.54219,1080,1920,10.0,14.5,1.9,2.3,1.39,0.18,0.21,53,7,8,7.8,1.7,1.6,0.77,0.17,0.16,29,6,6,9687317157,,,,,,,,,,,,,,,,,3.979,,,,Invalid,Invalid,,,,,,,,,,,,,,,,,Screen Recording,Screen Recording Recording38.mp4,1920,1080,0,0,960,540,EyesNotFound,8,1014,,,,,,,,,,,,,,,
278776514,1120611981417,Eye Tracker,LipReading,08/25/2025,Chenmingjie,Recording38,07/01/2025,07/01/2025,16:47:15.576,08:47:15.576,803474,Timeline1,Tobii I-VT (Fixation),1.241.54219,1080,1920,10.0,14.5,1.9,2.3,1.39,0.18,0.21,53,7,8,7.8,1.7,1.6,0.77,0.17,0.16,29,6,6,9687321157,,,1000,559,1000,559,,,0.10181,0.12271,-0.98721,,,,4.097,,3.983,,,,Valid,Invalid,222.1,90.8,500.8,,,,273.7,153.0,,,0.521,0.5178,0.521,0.5178,,,Screen Recording,Screen Recording Recording38.mp4,1920,1080,0,0,960,540,Unclassified,8,1435,,,,,,,,,,,,,,,
278780515,1120611985418,Eye Tracker,LipReading,08/25/2025,Chenmingjie,Recording38,07/01/2025,07/01/2025,16:47:15.576,08:47:15.576,803474,Timeline1,Tobii I-VT (Fixation),1.241.54219,1080,1920,10.0,14.5,1.9,2.3,1.39,0.18,0.21,53,7,8,7.8,1.7,1.6,0.77,0.17,0.16,29,6,6,9687325158,,,1002,621,1002,621,,,0.10221,0.15535,-0.98256,,,,3.979,,4.0,,,,Valid,Invalid,222.1,90.8,500.8,,,,274.2,170.0,,,0.5218,0.5752,0.5218,0.5752,,,Screen Recording,Screen Recording Recording38.mp4,1920,1080,0,0,960,540,Unclassified,8,1435,,,,,,,,,,,,,,,
278784515,1120611989418,Eye Tracker,LipReading,08/25/2025,Chenmingjie,Recording38,07/01/2025,07/01/2025,16:47:15.576,08:47:15.576,803474,Timeline1,Tobii I-VT (Fixation),1.241.54219,1080,1920,10.0,14.5,1.9,2.3,1.39,0.18,0.21,53,7,8,7.8,1.7,1.6,0.77,0.17,0.16,29,6,6,9687329158,,,,,,,,,,,,,,,,,4.021,,,,Invalid,Invalid,,,,,,,,,,,,,,,,,Screen Recording,Screen Recording Recording38.mp4,1920,1080,0,0,960,540,EyesNotFound,8,1015,,,,,,,,,,,,,,,
278788515,1120611993418,Eye Tracker,LipReading,08/25/2025,Chenmingjie,Recording38,07/01/2025,07/01/2025,16:47:15.576,08:47:15.576,803474,Timeline1,Tobii I-VT (Fixation),1.241.54219,1080,1920,10.0,14.5,1.9,2.3,1.39,0.18,0.21,53,7,8,7.8,1.7,1.6,0.77,0.17,0.16,29,6,6,9687333158,,,,,,,,,,,,,,,,,4.021,,,,Invalid,Invalid,,,,,,,,,,,,,,,,,Screen Recording,Screen Recording Recording38.mp4,1920,1080,0,0,960,540,EyesNotFound,8,1015,,,,,,,,,,,,,,,
278792515,1120611997418,Eye Tracker,LipReading,08/25/2025,Chenmingjie,Recording38,07/01/2025,07/01/2025,16:47:15.576,08:47:15.576,803474,Timeline1,Tobii I-VT (Fixation),1.241.54219,1080,1920,10.0,14.5,1.9,2.3,1.39,0.18,0.21,53,7,8,7.8,1.7,1.6,0.77,0.17,0.16,29,6,6,9687337158,,,981,613,989,599,972,628,0.09572,0.1437,-0.98498,-0.03761,0.16264,-0.98597,4.042,3.774,3.897,,,,Valid,Valid,222.1,90.8,500.8,285.0,89.3,499.8,270.7,163.9,266.0,171.8,0.5107,0.5679,0.5153,0.5545,0.5062,0.5812,Screen Recording,Screen Recording Recording38.mp4,1920,1080,0,0,960,540,Unclassified,8,1436,,,,,,,,,,,,,,,
278796515,1120612001418,Eye Tracker,LipReading,08/25/2025,Chenmingjie,Recording38,07/01/2025,07/01/2025,16:47:15.576,08:47:15.576,803474,Timeline1,Tobii I-VT (Fixation),1.241.54219,1080,1920,10.0,14.5,1.9,2.3,1.39,0.18,0.21,53,7,8,7.8,1.7,1.6,0.77,0.17,0.16,29,6,6,9687341158,,,979,634,,,979,634,,,,-0.03365,0.16614,-0.98553,,3.847,3.934,,,,Invalid,Valid,,,,285.0,89.4,499.8,,,268.0,173.6,0.51,0.5874,,,0.51,0.5874,Screen Recording,Screen Recording Recording38.mp4,1920,1080,0,0,960,540,Unclassified,8,1436,,,,,,,,,,,,,,,
278800514,1120612005417,Eye Tracker,LipReading,08/25/2025,Chenmingjie,Recording38,07/01/2025,07/01/2025,16:47:15.576,08:47:15.576,803474,Timeline1,Tobii I-VT (Fixation),1.241.54219,1080,1920,10.0,14.5,1.9,2.3,1.39,0.18,0.21,53,7,8,7.8,1.7,1.6,0.77,0.17,0.16,29,6,6,9687345157,,,,,,,,,,,,,,,,,3.941,,,,Invalid,Invalid,,,,,,,,,,,,,,,,,Screen Recording,Screen Recording Recording38.mp4,1920,1080,0,0,960,540,EyesNotFound,4,1016,,,,,,,,,,,,,,,
278804514,1120612009417,Eye Tracker,LipReading,08/25/2025,Chenmingjie,Recording38,07/01/2025,07/01/2025,16:47:15.576,08:47:15.576,803474,Timeline1,Tobii I-VT (Fixation),1.241.54219,1080,1920,10.0,14.5,1.9,2.3,1.39,0.18,0.21,53,7,8,7.8,1.7,1.6,0.77,0.17,0.16,29,6,6,9687349157,,,979,628,979,628,,,0.09022,0.15894,-0.98316,,,,3.986,,3.948,,,,Valid,Invalid,222.1,90.8,500.8,,,,268.0,171.8,,,0.5101,0.5813,0.5101,0.5813,,,Screen Recording,Screen Recording Recording38.mp4,1920,1080,0,0,960,540,Unclassified,4,1437,,,,,,,,,,,,,,,
278808514,1120612013417,Eye Tracker,LipReading,08/25/2025,Chenmingjie,Recording38,07/01/2025,07/01/2025,16:47:15.576,08:47:15.576,803474,Timeline1,Tobii I-VT (Fixation),1.241.54219,1080,1920,10.0,14.5,1.9,2.3,1.39,0.18,0.21,53,7,8,7.8,1.7,1.6,0.77,0.17,0.16,29,6,6,9687353157,,,,,,,,,,,,,,,,,3.956,,,,Invalid,Invalid,,,,,,,,,,,,,,,,,Screen Recording,Screen Recording Recording38.mp4,1920,1080,0,0,960,540,EyesNotFound,8,1017,,,,,,,,,,,,,,,
278812514,1120612017417,Eye Tracker,LipReading,08/25/2025,Chenmingjie,Recording38,07/01/2025,07/01/2025,16:47:15.576,08:47:15.576,803474,Timeline1,Tobii I-VT (Fixation),1.241.54219,1080,1920,10.0,14.5,1.9,2.3,1.39,0.18,0.21,53,7,8,7.8,1.7,1.6,0.77,0.17,0.16,29,6,6,9687357157,,,,,,,,,,,,,,,,,3.98,,,,Invalid,Invalid,,,,,,,,,,,,,,,,,Screen Recording,Screen Recording Recording38.mp4,1920,1080,0,0,960,540,EyesNotFound,8,1017,,,,,,,,,,,,,,,
278816514,1120612021417,Eye Tracker,LipReading,08/25/2025,Chenmingjie,Recording38,07/01/2025,07/01/2025,16:47:15.576,08:47:15.576,803474,Timeline1,Tobii I-VT (Fixation),1.241.54219,1080,1920,10.0,14.5,1.9,2.3,1.39,0.18,0.21,53,7,8,7.8,1.7,1.6,0.77,0.17,0.16,29,6,6,9687361157,,,983,613,995,612,970,614,0.0987,0.15029,-0.9837,-0.03863,0.15487,-0.98718,4.083,3.924,4.001,,,,Valid,Valid,222.1,91.0,500.8,285.0,89.5,499.9,272.3,167.5,265.4,167.9,0.5117,0.5674,0.5183,0.5667,0.5052,0.5681,Screen Recording,Screen Recording Recording38.mp4,1920,1080,0,0,960,540,Saccade,40,1340,,,,,,,,,,,,,,,
278820515,1120612025418,Eye Tracker,LipReading,08/25/2025,Chenmingjie,Recording38,07/01/2025,07/01/2025,16:47:15.576,08:47:15.576,803474,Timeline1,Tobii I-VT (Fixation),1.241.54219,1080,1920,10.0,14.5,1.9,2.3,1.39,0.18,0.21,53,7,8,7.8,1.7,1.6,0.77,0.17,0.16,29,6,6,9687365158,,,980,636,983,648,976,624,0.09215,0.16927,-0.98125,-0.0352,0.1602,-0.98646,4.08,3.931,4.006,,,,Valid,Valid,222.1,91.1,500.9,285.0,89.6,499.9,269.1,177.5,267.1,170.8,0.5103,0.5891,0.5122,0.6004,0.5084,0.5778,Screen Recording,Screen Recording Recording38.mp4,1920,1080,0,0,960,540,Saccade,40,1340,,,,,,,,,,,,,,,
278824515,1120612029418,Eye Tracker,LipReading,08/25/2025,Chenmingjie,Recording38,07/01/2025,07/01/2025,16:47:15.576,08:47:15.576,803474,Timeline1,Tobii I-VT (Fixation),1.241.54219,1080,1920,10.0,14.5,1.9,2.3,1.39,0.18,0.21,53,7,8,7.8,1.7,1.6,0.77,0.17,0.16,29,6,6,9687369158,,,983,650,992,661,974,639,0.09655,0.17577,-0.97969,-0.03641,0.16764,-0.98518,4.078,3.947,4.015,,,,Valid,Valid,222.1,91.1,501.0,284.9,89.7,499.9,271.5,181.0,266.4,174.8,0.5119,0.6018,0.5167,0.6124,0.507,0.5913,Screen Recording,Screen Recording Recording38.mp4,1920,1080,0,0,960,540,Saccade,40,1340,,,,,,,,,,,,,,,
278828515,1120612033418,Eye Tracker,LipReading,08/25/2025,Chenmingjie,Recording38,07/01/2025,07/01/2025,16:47:15.576,08:47:15.576,803474,Timeline1,Tobii I-VT (Fixation),1.241.54219,1080,1920,10.0,14.5,1.9,2.3,1.39,0.18,0.21,53,7,8,7.8,1.7,1.6,0.77,0.17,0.16,29,6,6,9687373158,,,975,659,982,658,969,659,0.09107,0.17402,-0.98052,-0.03887,0.17837,-0.9832,4.166,3.974,4.066,,,,Valid,Valid,222.2,91.2,501.1,284.9,89.7,500.0,268.7,180.1,265.1,180.5,0.5079,0.6099,0.5114,0.6093,0.5045,0.6106,Screen Recording,Screen Recording Recording38.mp4,1920,1080,0,0,960,540,Saccade,40,1340,,,,,,,,,,,,,,,
278832515,1120612037418,Eye Tracker,LipReading,08/25/2025,Chenmingjie,Recording38,07/01/2025,07/01/2025,16:47:15.576,08:47:15.576,803474,Timeline1,Tobii I-VT (Fixation),1.241.54219,1080,1920,10.0,14.5,1.9,2.3,1.39,0.18,0.21,53,7,8,7.8,1.7,1.6,0.77,0.17,0.16,29,6,6,9687377158,,,980,679,990,689,969,669,0.09499,0.18985,-0.97721,-0.03857,0.18302,-0.98235,4.169,4.001,4.083,,,,Valid,Valid,222.2,91.2,501.2,284.8,89.8,500.1,270.9,188.5,265.2,183.0,0.5102,0.6285,0.5156,0.6379,0.5047,0.6191,Screen Recording,Screen Recording Recording38.mp4,1920,1080,0,0,960,540,Saccade,40,1340,,,,,,,,,,,,,,,
278836515,1120612041418,Eye Tracker,LipReading,08/25/2025,Chenmingjie,Recording38,07/01/2025,07/01/2025,16:47:15.576,08:47:15.576,803474,Timeline1,Tobii I-VT (Fixation),1.241.54219,1080,1920,10.0,14.5,1.9,2.3,1.39,0.18,0.21,53,7,8,7.8,1.7,1.6,0.77,0.17,0.16,29,6,6,9687381158,,,989,693,997,706,981,679,0.09871,0.19819,-0.97518,-0.03194,0.18858,-0.98154,4.159,4.019,4.094,,,,Valid,Valid,222.2,91.3,501.1,284.9,89.8,500.2,273.0,193.1,268.6,185.9,0.5153,0.6413,0.5195,0.6535,0.5111,0.6291,Screen Recording,Screen Recording Recording38.mp4,1920,1080,0,0,960,540,Saccade,40,1340,,,,,,,,,,,,,,,
278840513,1120612045416,Eye Tracker,LipReading,08/25/2025,Chenmingjie,Recording38,07/01/2025,07/01/2025,16:47:15.576,08:47:15.576,803474,Timeline1,Tobii I-VT (Fixation),1.241.54219,1080,1920,10.0,14.5,1.9,2.3,1.39,0.18,0.21,53,7,8,7.8,1.7,1.6,0.77,0.17,0.16,29,6,6,9687385157,,,994,700,1007,709,981,692,0.10353,0.19971,-0.97437,-0.03227,0.19481,-0.98031,4.198,4.034,4.116,,,,Valid,Valid,222.2,91.4,501.1,284.8,89.8,500.3,275.5,194.1,268.4,189.3,0.5175,0.6485,0.5243,0.6566,0.5108,0.6404,Screen Recording,Screen Recording Recording38.mp4,1920,1080,0,0,960,540,Saccade,40,1340,,,,,,,,,,,,,,,
278844511,1120612049414,Eye Tracker,LipReading,08/25/2025,Chenmingjie,Recording38,07/01/2025,07/01/2025,16:47:15.576,08:47:15.576,803474,Timeline1,Tobii I-VT (Fixation),1.241.54219,1080,1920,10.0,14.5,1.9,2.3,1.39,0.18,0.21,53,7,8,7.8,1.7,1.6,0.77,0.17,0.16,29,6,6,9687389155,,,992,715,1004,729,979,701,0.10212,0.20962,-0.97243,-0.03312,0.19963,-0.97931,4.228,4.038,4.133,,,,Valid,Valid,222.2,91.4,501.2,284.8,89.9,500.3,274.9,199.4,267.9,191.9,0.5165,0.662,0.5232,0.6747,0.5099,0.6493,Screen Recording,Screen Recording Recording38.mp4,1920,1080,0,0,960,540,Saccade,40,1340,,,,,,,,,,,,,,,
278848511,1120612053414,Eye Tracker,LipReading,08/25/2025,Chenmingjie,Recording38,07/01/2025,07/01/2025,16:47:15.576,08:47:15.576,803474,Timeline1,Tobii I-VT (Fixation),1.241.54219,1080,1920,10.0,14.5,1.9,2.3,1.39,0.18,0.21,53,7,8,7.8,1.7,1.6,0.77,0.17,0.16,29,6,6,9687393155,,,988,729,1001,742,976,716,0.10007,0.21656,-0.97113,-0.03478,0.20729,-0.97766,4.238,4.054,4.146,,,,Valid,Valid,222.3,91.4,501.3,284.8,89.9,500.4,273.9,203.2,267.0,196.0,0.5147,0.6753,0.5213,0.6874,0.5082,0.6632,Screen Recording,Screen Recording Recording38.mp4,1920,1080,0,0,960,540,Saccade,40,1340,,,,,,,,,,,,,,,
278852511,1120612057414,Eye Tracker,LipReading,08/25/2025,Chenmingjie,Recording38,07/01/2025,07/01/2025,16:47:15.576,08:47:15.576,803474,Timeline1,Tobii I-VT (Fixation),1.241.54219,1080,1920,10.0,14.5,1.9,2.3,1.39,0.18,0.21,53,7,8,7.8,1.7,1.6,0.77,0.17,0.16,29,6,6,9687397155,,,987,735,999,742,976,728,0.0989,0.21632,-0.9713,-0.03481,0.21314,-0.9764,4.257,4.059,4.151,,,,Valid,Valid,222.3,91.4,501.3,284.8,89.9,500.4,273.3,203.0,267.0,199.2,0.5141,0.6804,0.5201,0.687,0.5081,0.6739,Screen Recording,Screen Recording Recording38.mp4,1920,1080,0,0,960,540,Saccade,40,1340,,,,,,,,,,,,,,,
278856511,1120612061414,Eye Tracker,LipReading,08/25/2025,Chenmingjie,Recording38,07/01/2025,07/01/2025,16:47:15.576,08:47:15.576,803474,Timeline1,Tobii I-VT (Fixation),1.241.54219,1080,1920,10.0,14.5,1.9,2.3,1.39,0.18,0.21,53,7,8,7.8,1.7,1.6,0.77,0.17,0.16,29,6,6,9687401155,,,992,731,1008,737,975,724,0.10389,0.21388,-0.97132,-0.03504,0.21129,-0.97679,4.255,4.059,4.157,,,,Valid,Valid,222.3,91.4,501.3,284.8,89.9,500.4,275.9,201.8,266.9,198.2,0.5165,0.6766,0.525,0.6827,0.5079,0.6705,Screen Recording,Screen Recording Recording38.mp4,1920,1080,0,0,960,540,Fixation,168,502,986,711,0.5136,0.6584,,,,,,,,,,,
278860512,1120612065415,Eye Tracker,LipReading,08/25/2025,Chenmingjie,Recording38,07/01/2025,07/01/2025,16:47:15.576,08:47:15.576,803474,Timeline1,Tobii I-VT (Fixation),1.241.54219,1080,1920,10.0,14.5,1.9,2.3,1.39,0.18,0.21,53,7,8,7.8,1.7,1.6,0.77,0.17,0.16,29,6,6,9687405156,,,987,724,1003,728,971,719,0.10143,0.20944,-0.97255,-0.03719,0.20879,-0.97725,4.247,4.044,4.157,,,,Valid,Valid,222.3,91.4,501.2,284.9,90.0,500.3,274.5,199.4,265.8,196.9,0.5142,0.6703,0.5225,0.6745,0.5059,0.6661,Screen Recording,Screen Recording Recording38.mp4,1920,1080,0,0,960,540,Fixation,168,502,986,711,0.5136,0.6584,,,,,,,,,,,
278864512,1120612069415,Eye Tracker,LipReading,08/25/2025,Chenmingjie,Recording38,07/01/2025,07/01/2025,16:47:15.576,08:47:15.576,803474,Timeline1,Tobii I-VT (Fixation),1.241.54219,1080,1920,10.0,14.5,1.9,2.3,1.39,0.18,0.21,53,7,8,7.8,1.7,1.6,0.77,0.17,0.16,29,6,6,9687409156,,,990,718,1007,725,974,712,0.10339,0.20759,-0.97274,-0.03578,0.20485,-0.97814,4.265,4.062,4.158,,,,Valid,Valid,222.3,91.4,501.2,284.9,90.0,500.3,275.5,198.4,266.6,194.8,0.5159,0.6651,0.5244,0.6713,0.5074,0.659,Screen Recording,Screen Recording Recording38.mp4,1920,1080,0,0,960,540,Fixation,168,502,986,711,0.5136,0.6584,,,,,,,,,,,
278868512,1120612073415,Eye Tracker,LipReading,08/25/2025,Chenmingjie,Recording38,07/01/2025,07/01/2025,16:47:15.576,08:47:15.576,803474,Timeline1,Tobii I-VT (Fixation),1.241.54219,1080,1920,10.0,14.5,1.9,2.3,1.39,0.18,0.21,53,7,8,7.8,1.7,1.6,0.77,0.17,0.16,29,6,6,9687413156,,,987,716,1004,721,969,710,0.10179,0.20568,-0.97331,-0.03833,0.20409,-0.9782,4.254,4.067,4.163,,,,Valid,Valid,222.2,91.4,501.2,284.9,90.0,500.2,274.7,197.4,265.3,194.4,0.5138,0.6627,0.5227,0.6677,0.5049,0.6577,Screen Recording,Screen Recording Recording38.mp4,1920,1080,0,0,960,540,Fixation,168,502,986,711,0.5136,0.6584,,,,,,,,,,,
278872512,1120612077415,Eye Tracker,LipReading,08/25/2025,Chenmingjie,Recording38,07/01/2025,07/01/2025,16:47:15.576,08:47:15.576,803474,Timeline1,Tobii I-VT (Fixation),1.241.54219,1080,1920,10.0,14.5,1.9,2.3,1.39,0.18,0.21,53,7,8,7.8,1.7,1.6,0.77,0.17,0.16,29,6,6,9687417156,,,983,719,995,730,970,708,0.097,0.21018,-0.97284,-0.03784,0.20306,-0.97844,4.27,4.064,4.164,,,,Valid,Valid,222.2,91.5,501.2,284.9,90.0,500.3,272.2,199.7,265.6,193.8,0.5118,0.6658,0.5181,0.6758,0.5055,0.6558,Screen Recording,Screen Recording Recording38.mp4,1920,1080,0,0,960,540,Fixation,168,502,986,711,0.5136,0.6584,,,,,,,,,,,
278876512,1120612081415,Eye Tracker,LipReading,08/25/2025,Chenmingjie,Recording38,07/01/2025,07/01/2025,16:47:15.576,08:47:15.576,803474,Timeline1,Tobii I-VT (Fixation),1.241.54219,1080,1920,10.0,14.5,1.9,2.3,1.39,0.18,0.21,53,7,8,7.8,1.7,1.6,0.77,0.17,0.16,29,6,6,9687421156,,,988,714,1005,722,970,706,0.10265,0.20588,-0.97318,-0.03818,0.20201,-0.97864,4.289,4.06,4.169,,,,Valid,Valid,222.2,91.4,501.2,285.0,90.0,500.3,275.1,197.5,265.4,193.3,0.5144,0.661,0.5236,0.6681,0.5052,0.6539,Screen Recording,Screen Recording Recording38.mp4,1920,1080,0,0,960,540,Fixation,168,502,986,711,0.5136,0.6584,,,,,,,,,,,
278880511,1120612085414,Eye Tracker,LipReading,08/25/2025,Chenmingjie,Recording38,07/01/2025,07/01/2025,16:47:15.576,08:47:15.576,803474,Timeline1,Tobii I-VT (Fixation),1.241.54219,1080,1920,10.0,14.5,1.9,2.3,1.39,0.18,0.21,53,7,8,7.8,1.7,1.6,0.77,0.17,0.16,29,6,6,9687425155,,,989,715,1007,720,971,710,0.10343,0.20515,-0.97325,-0.03757,0.20388,-0.97827,4.263,4.074,4.175,,,,Valid,Valid,222.3,91.5,501.1,285.0,90.0,500.3,275.5,197.1,265.7,194.2,0.5151,0.662,0.5243,0.6669,0.5058,0.6572,Screen Recording,Screen Recording Recording38.mp4,1920,1080,0,0,960,540,Fixation,168,502,986,711,0.5136,0.6584,,,,,,,,,,,
278884511,1120612089414,Eye Tracker,LipReading,08/25/2025,Chenmingjie,Recording38,07/01/2025,07/01/2025,16:47:15.576,08:47:15.576,803474,Timeline1,Tobii I-VT (Fixation),1.241.54219,1080,1920,10.0,14.5,1.9,2.3,1.39,0.18,0.21,53,7,8,7.8,1.7,1.6,0.77,0.17,0.16,29,6,6,9687429155,,,985,720,998,733,973,706,0.09876,0.21176,-0.97232,-0.03669,0.20204,-0.97869,4.284,4.079,4.179,,,,Valid,Valid,222.3,91.5,501.1,285.0,90.0,500.3,273.2,200.6,266.2,193.3,0.5133,0.6663,0.5199,0.6787,0.5067,0.6538,Screen Recording,Screen Recording Recording38.mp4,1920,1080,0,0,960,540,Fixation,168,502,986,711,0.5136,0.6584,,,,,,,,,,,
278888511,1120612093414,Eye Tracker,LipReading,08/25/2025,Chenmingjie,Recording38,07/01/2025,07/01/2025,16:47:15.576,08:47:15.576,803474,Timeline1,Tobii I-VT (Fixation),1.241.54219,1080,1920,10.0,14.5,1.9,2.3,1.39,0.18,0.21,53,7,8,7.8,1.7,1.6,0.77,0.17,0.16,29,6,6,9687433155,,,986,715,1001,724,971,706,0.10043,0.20701,-0.97317,-0.03746,0.20198,-0.97867,4.275,4.074,4.182,,,,Valid,Valid,222.3,91.5,501.1,285.0,90.0,500.3,274.0,198.1,265.8,193.2,0.5137,0.6619,0.5214,0.6701,0.5059,0.6538,Screen Recording,Screen Recording Recording38.mp4,1920,1080,0,0,960,540,Fixation,168,502,986,711,0.5136,0.6584,,,,,,,,,,,
278892511,1120612097414,Eye Tracker,LipReading,08/25/2025,Chenmingjie,Recording38,07/01/2025,07/01/2025,16:47:15.576,08:47:15.576,803474,Timeline1,Tobii I-VT (Fixation),1.241.54219,1080,1920,10.0,14.5,1.9,2.3,1.39,0.18,0.21,53,7,8,7.8,1.7,1.6,0.77,0.17,0.16,29,6,6,9687437155,,,985,710,998,716,973,703,0.09879,0.20329,-0.97412,-0.03663,0.20052,-0.97901,4.311,4.08,4.183,,,,Valid,Valid,222.3,91.5,501.1,285.0,90.0,500.3,273.1,196.0,266.3,192.4,0.5133,0.6572,0.5198,0.6633,0.5068,0.6511,Screen Recording,Screen Recording Recording38.mp4,1920,1080,0,0,960,540,Fixation,168,502,986,711,0.5136,0.6584,,,,,,,,,,,
278896511,1120612101414,Eye Tracker,LipReading,08/25/2025,Chenmingjie,Recording38,07/01/2025,07/01/2025,16:47:15.576,08:47:15.576,803474,Timeline1,Tobii I-VT (Fixation),1.241.54219,1080,1920,10.0,14.5,1.9,2.3,1.39,0.18,0.21,53,7,8,7.8,1.7,1.6,0.77,0.17,0.16,29,6,6,9687441155,,,988,713,1002,720,974,706,0.10111,0.20489,-0.97355,-0.03606,0.202,-0.97872,4.287,4.087,4.188,,,,Valid,Valid,222.3,91.5,501.1,285.0,90.0,500.3,274.3,196.9,266.6,193.2,0.5147,0.66,0.5221,0.6663,0.5073,0.6538,Screen Recording,Screen Recording Recording38.mp4,1920,1080,0,0,960,540,Fixation,168,502,986,711,0.5136,0.6584,,,,,,,,,,,
278900512,1120612105415,Eye Tracker,LipReading,08/25/2025,Chenmingjie,Recording38,07/01/2025,07/01/2025,16:47:15.576,08:47:15.576,803474,Timeline1,Tobii I-VT (Fixation),1.241.54219,1080,1920,10.0,14.5,1.9,2.3,1.39,0.18,0.21,53,7,8,7.8,1.7,1.6,0.77,0.17,0.16,29,6,6,9687445156,,,989,709,1004,713,973,705,0.10202,0.20166,-0.97413,-0.03666,0.20163,-0.97878,4.309,4.095,4.198,,,,Valid,Valid,222.3,91.5,501.1,285.0,90.0,500.2,274.8,195.2,266.3,193.1,0.5149,0.6568,0.5229,0.6605,0.5068,0.6532,Screen Recording,Screen Recording Recording38.mp4,1920,1080,0,0,960,540,Fixation,168,502,986,711,0.5136,0.6584,,,,,,,,,,,
278904512,1120612109415,Eye Tracker,LipReading,08/25/2025,Chenmingjie,Recording38,07/01/2025,07/01/2025,16:47:15.576,08:47:15.576,803474,Timeline1,Tobii I-VT (Fixation),1.241.54219,1080,1920,10.0,14.5,1.9,2.3,1.39,0.18,0.21,53,7,8,7.8,1.7,1.6,0.77,0.17,0.16,29,6,6,9687449156,,,987,714,1002,721,972,708,0.1008,0.20558,-0.97344,-0.037,0.20275,-0.97853,4.294,4.082,4.192,,,,Valid,Valid,222.3,91.5,501.0,285.0,90.0,500.2,274.2,197.3,266.1,193.7,0.5141,0.6614,0.5218,0.6676,0.5065,0.6552,Screen Recording,Screen Recording Recording38.mp4,1920,1080,0,0,960,540,Fixation,168,502,986,711,0.5136,0.6584,,,,,,,,,,,
278908512,1120612113415,Eye Tracker,LipReading,08/25/2025,Chenmingjie,Recording38,07/01/2025,07/01/2025,16:47:15.576,08:47:15.576,803474,Timeline1,Tobii I-VT (Fixation),1.241.54219,1080,1920,10.0,14.5,1.9,2.3,1.39,0.18,0.21,53,7,8,7.8,1.7,1.6,0.77,0.17,0.16,29,6,6,9687453156,,,988,709,1004,711,971,707,0.10216,0.20026,-0.9744,-0.03755,0.20217,-0.97863,4.311,4.091,4.195,,,,Valid,Valid,222.3,91.5,501.0,285.1,90.0,500.2,274.8,194.5,265.9,193.4,0.5145,0.6561,0.5231,0.658,0.506,0.6542,Screen Recording,Screen Recording Recording38.mp4,1920,1080,0,0,960,540,Fixation,168,502,986,711,0.5136,0.6584,,,,,,,,,,,
278912512,1120612117415,Eye Tracker,LipReading,08/25/2025,Chenmingjie,Recording38,07/01/2025,07/01/2025,16:47:15.576,08:47:15.576,803474,Timeline1,Tobii I-VT (Fixation),1.241.54219,1080,1920,10.0,14.5,1.9,2.3,1.39,0.18,0.21,53,7,8,7.8,1.7,1.6,0.77,0.17,0.16,29,6,6,9687457156,,,987,712,1001,719,973,705,0.10014,0.20464,-0.9737,-0.03699,0.20129,-0.97883,4.293,4.111,4.193,,,,Valid,Valid,222.3,91.5,501.0,285.1,90.0,500.2,273.8,196.8,266.2,192.9,0.5139,0.6593,0.5212,0.6659,0.5065,0.6526,Screen Recording,Screen Recording Recording38.mp4,1920,1080,0,0,960,540,Fixation,168,502,986,711,0.5136,0.6584,,,,,,,,,,,
278916512,1120612121415,Eye Tracker,LipReading,08/25/2025,Chenmingjie,Recording38,07/01/2025,07/01/2025,16:47:15.576,08:47:15.576,803474,Timeline1,Tobii I-VT (Fixation),1.241.54219,1080,1920,10.0,14.5,1.9,2.3,1.39,0.18,0.21,53,7,8,7.8,1.7,1.6,0.77,0.17,0.16,29,6,6,9687461156,,,986,711,997,719,974,703,0.09842,0.20462,-0.97388,-0.03633,0.20058,-0.979,4.295,4.104,4.205,,,,Valid,Valid,222.3,91.5,501.0,285.1,90.1,500.1,273.0,196.8,266.5,192.5,0.5133,0.6586,0.5195,0.6658,0.5072,0.6514,Screen Recording,Screen Recording Recording38.mp4,1920,1080,0,0,960,540,Fixation,168,502,986,711,0.5136,0.6584,,,,,,,,,,,
278920511,1120612125414,Eye Tracker,LipReading,08/25/2025,Chenmingjie,Recording38,07/01/2025,07/01/2025,16:47:15.576,08:47:15.576,803474,Timeline1,Tobii I-VT (Fixation),1.241.54219,1080,1920,10.0,14.5,1.9,2.3,1.39,0.18,0.21,53,7,8,7.8,1.7,1.6,0.77,0.17,0.16,29,6,6,9687465155,,,985,711,999,718,971,705,0.0991,0.20398,-0.97395,-0.03777,0.20125,-0.97881,4.321,4.091,4.211,,,,Valid,Valid,222.3,91.5,501.0,285.1,90.0,500.2,273.3,196.4,265.8,192.9,0.513,0.6586,0.5202,0.6646,0.5058,0.6525,Screen Recording,Screen Recording Recording38.mp4,1920,1080,0,0,960,540,Fixation,168,502,986,711,0.5136,0.6584,,,,,,,,,,,
278924511,1120612129414,Eye Tracker,LipReading,08/25/2025,Chenmingjie,Recording38,07/01/2025,07/01/2025,16:47:15.576,08:47:15.576,803474,Timeline1,Tobii I-VT (Fixation),1.241.54219,1080,1920,10.0,14.5,1.9,2.3,1.39,0.18,0.21,53,7,8,7.8,1.7,1.6,0.77,0.17,0.16,29,6,6,9687469155,,,983,711,995,719,971,703,0.09736,0.2047,-0.97397,-0.03767,0.20018,-0.97903,4.326,4.099,4.213,,,,Valid,Valid,222.3,91.5,501.0,285.1,90.0,500.2,272.4,196.8,265.9,192.3,0.5122,0.6583,0.5185,0.6659,0.506,0.6506,Screen Recording,Screen Recording Recording38.mp4,1920,1080,0,0,960,540,Fixation,168,502,986,711,0.5136,0.6584,,,,,,,,,,,
278928511,1120612133414,Eye Tracker,LipReading,08/25/2025,Chenmingjie,Recording38,07/01/2025,07/01/2025,16:47:15.576,08:47:15.576,803474,Timeline1,Tobii I-VT (Fixation),1.241.54219,1080,1920,10.0,14.5,1.9,2.3,1.39,0.18,0.21,53,7,8,7.8,1.7,1.6,0.77,0.17,0.16,29,6,6,9687473155,,,984,710,998,719,969,700,0.09869,0.20449,-0.97388,-0.03897,0.19901,-0.97922,4.317,4.111,4.216,,,,Valid,Valid,222.3,91.5,501.0,285.1,90.0,500.2,273.1,196.7,265.2,191.7,0.5123,0.657,0.5198,0.6655,0.5047,0.6485,Screen Recording,Screen Recording Recording38.mp4,1920,1080,0,0,960,540,Fixation,168,502,986,711,0.5136,0.6584,,,,,,,,,,,
278932510,1120612137413,Eye Tracker,LipReading,08/25/2025,Chenmingjie,Recording38,07/01/2025,07/01/2025,16:47:15.576,08:47:15.576,803474,Timeline1,Tobii I-VT (Fixation),1.241.54219,1080,1920,10.0,14.5,1.9,2.3,1.39,0.18,0.21,53,7,8,7.8,1.7,1.6,0.77,0.17,0.16,29,6,6,9687477155,,,984,707,999,716,970,699,0.09939,0.20307,-0.97411,-0.03872,0.19829,-0.97938,4.329,4.108,4.217,,,,Valid,Valid,222.3,91.5,501.0,285.1,90.0,500.2,273.5,196.0,265.3,191.3,0.5127,0.6551,0.5204,0.663,0.505,0.6472,Screen Recording,Screen Recording Recording38.mp4,1920,1080,0,0,960,540,Fixation,168,502,986,711,0.5136,0.6584,,,,,,,,,,,
278936510,1120612141413,Eye Tracker,LipReading,08/25/2025,Chenmingjie,Recording38,07/01/2025,07/01/2025,16:47:15.576,08:47:15.576,803474,Timeline1,Tobii I-VT (Fixation),1.241.54219,1080,1920,10.0,14.5,1.9,2.3,1.39,0.18,0.21,53,7,8,7.8,1.7,1.6,0.77,0.17,0.16,29,6,6,9687481155,,,986,708,1001,713,971,702,0.1001,0.20144,-0.97437,-0.03772,0.20007,-0.97906,4.325,4.113,4.218,,,,Valid,Valid,222.4,91.5,501.0,285.1,90.0,500.2,273.8,195.1,265.9,192.2,0.5136,0.6552,0.5211,0.6601,0.506,0.6504,Screen Recording,Screen Recording Recording38.mp4,1920,1080,0,0,960,540,Fixation,168,502,986,711,0.5136,0.6584,,,,,,,,,,,
278940511,1120612145414,Eye Tracker,LipReading,08/25/2025,Chenmingjie,Recording38,07/01/2025,07/01/2025,16:47:15.576,08:47:15.576,803474,Timeline1,Tobii I-VT (Fixation),1.241.54219,1080,1920,10.0,14.5,1.9,2.3,1.39,0.18,0.21,53,7,8,7.8,1.7,1.6,0.77,0.17,0.16,29,6,6,9687485156,,,987,708,1001,713,973,704,0.10045,0.20142,-0.97434,-0.03691,0.20087,-0.97892,4.344,4.102,4.221,,,,Valid,Valid,222.4,91.5,501.0,285.1,90.0,500.2,274.0,195.1,266.3,192.7,0.5141,0.6559,0.5215,0.66,0.5068,0.6518,Screen Recording,Screen Recording Recording38.mp4,1920,1080,0,0,960,540,Fixation,168,502,986,711,0.5136,0.6584,,,,,,,,,,,
278944511,1120612149414,Eye Tracker,LipReading,08/25/2025,Chenmingjie,Recording38,07/01/2025,07/01/2025,16:47:15.576,08:47:15.576,803474,Timeline1,Tobii I-VT (Fixation),1.241.54219,1080,1920,10.0,14.5,1.9,2.3,1.39,0.18,0.21,53,7,8,7.8,1.7,1.6,0.77,0.17,0.16,29,6,6,9687489156,,,984,712,998,722,970,701,0.09846,0.20632,-0.97352,-0.03856,0.19936,-0.97917,4.322,4.121,4.231,,,,Valid,Valid,222.4,91.5,501.0,285.2,90.0,500.2,273.0,197.7,265.5,191.9,0.5124,0.659,0.5196,0.6689,0.5052,0.6492,Screen Recording,Screen Recording Recording38.mp4,1920,1080,0,0,960,540,Fixation,168,502,986,711,0.5136,0.6584,,,,,,,,,,,
278948511,1120612153414,Eye Tracker,LipReading,08/25/2025,Chenmingjie,Recording38,07/01/2025,07/01/2025,16:47:15.576,08:47:15.576,803474,Timeline1,Tobii I-VT (Fixation),1.241.54219,1080,1920,10.0,14.5,1.9,2.3,1.39,0.18,0.21,53,7,8,7.8,1.7,1.6,0.77,0.17,0.16,29,6,6,9687493156,,,983,707,996,715,970,700,0.09768,0.2026,-0.97438,-0.03852,0.19873,-0.9793,4.354,4.131,4.233,,,,Valid,Valid,222.4,91.5,501.0,285.2,90.0,500.2,272.6,195.7,265.5,191.5,0.512,0.6551,0.5188,0.6621,0.5053,0.648,Screen Recording,Screen Recording Recording38.mp4,1920,1080,0,0,960,540,Fixation,168,502,986,711,0.5136,0.6584,,,,,,,,,,,
278952511,1120612157414,Eye Tracker,LipReading,08/25/2025,Chenmingjie,Recording38,07/01/2025,07/01/2025,16:47:15.576,08:47:15.576,803474,Timeline1,Tobii I-VT (Fixation),1.241.54219,1080,1920,10.0,14.5,1.9,2.3,1.39,0.18,0.21,53,7,8,7.8,1.7,1.6,0.77,0.17,0.16,29,6,6,9687497156,,,985,707,999,713,972,701,0.0992,0.20174,-0.9744,-0.03757,0.19953,-0.97917,4.344,4.119,4.238,,,,Valid,Valid,222.4,91.5,501.0,285.2,90.0,500.2,273.4,195.2,266.0,192.0,0.5132,0.655,0.5203,0.6606,0.5062,0.6495,Screen Recording,Screen Recording Recording38.mp4,1920,1080,0,0,960,540,Fixation,168,502,986,711,0.5136,0.6584,,,,,,,,,,,
278956511,1120612161414,Eye Tracker,LipReading,08/25/2025,Chenmingjie,Recording38,07/01/2025,07/01/2025,16:47:15.576,08:47:15.576,803474,Timeline1,Tobii I-VT (Fixation),1.241.54219,1080,1920,10.0,14.5,1.9,2.3,1.39,0.18,0.21,53,7,8,7.8,1.7,1.6,0.77,0.17,0.16,29,6,6,9687501156,,,986,704,1001,711,971,697,0.1003,0.20045,-0.97456,-0.03805,0.19718,-0.97963,4.354,4.123,4.24,,,,Valid,Valid,222.4,91.5,500.9,285.2,90.1,500.1,273.9,194.6,265.7,190.7,0.5135,0.6518,0.5213,0.6583,0.5058,0.6453,Screen Recording,Screen Recording Recording38.mp4,1920,1080,0,0,960,540,Fixation,168,502,986,711,0.5136,0.6584,,,,,,,,,,,
278960510,1120612165413,Eye Tracker,LipReading,08/25/2025,Chenmingjie,Recording38,07/01/2025,07/01/2025,16:47:15.576,08:47:15.576,803474,Timeline1,Tobii I-VT (Fixation),1.241.54219,1080,1920,10.0,14.5,1.9,2.3,1.39,0.18,0.21,53,7,8,7.8,1.7,1.6,0.77,0.17,0.16,29,6,6,9687505155,,,989,706,1002,713,975,700,0.10084,0.20128,-0.97433,-0.03589,0.19894,-0.97935,4.369,4.135,4.241,,,,Valid,Valid,222.4,91.5,500.9,285.2,90.0,500.2,274.2,195.0,266.8,191.6,0.5149,0.6541,0.5219,0.6598,0.5078,0.6484,Screen Recording,Screen Recording Recording38.mp4,1920,1080,0,0,960,540,Fixation,168,502,986,711,0.5136,0.6584,,,,,,,,,,,
278964510,1120612169413,Eye Tracker,LipReading,08/25/2025,Chenmingjie,Recording38,07/01/2025,07/01/2025,16:47:15.576,08:47:15.576,803474,Timeline1,Tobii I-VT (Fixation),1.241.54219,1080,1920,10.0,14.5,1.9,2.3,1.39,0.18,0.21,53,7,8,7.8,1.7,1.6,0.77,0.17,0.16,29,6,6,9687509155,,,986,706,1000,713,973,698,0.09957,0.20174,-0.97436,-0.03713,0.19779,-0.97954,4.35,4.127,4.247,,,,Valid,Valid,222.4,91.5,500.9,285.2,90.1,500.1,273.6,195.3,266.2,191.0,0.5136,0.6535,0.5206,0.6606,0.5066,0.6464,Screen Recording,Screen Recording Recording38.mp4,1920,1080,0,0,960,540,Fixation,168,502,986,711,0.5136,0.6584,,,,,,,,,,,
278968510,1120612173413,Eye Tracker,LipReading,08/25/2025,Chenmingjie,Recording38,07/01/2025,07/01/2025,16:47:15.576,08:47:15.576,803474,Timeline1,Tobii I-VT (Fixation),1.241.54219,1080,1920,10.0,14.5,1.9,2.3,1.39,0.18,0.21,53,7,8,7.8,1.7,1.6,0.77,0.17,0.16,29,6,6,9687513155,,,986,703,1000,708,973,699,0.09964,0.19881,-0.97496,-0.03714,0.19799,-0.9795,4.377,4.138,4.248,,,,Valid,Valid,222.4,91.5,500.9,285.2,90.1,500.1,273.6,193.7,266.2,191.2,0.5136,0.651,0.5206,0.6553,0.5066,0.6468,Screen Recording,Screen Recording Recording38.mp4,1920,1080,0,0,960,540,Fixation,168,502,986,711,0.5136,0.6584,,,,,,,,,,,
278972510,1120612177413,Eye Tracker,LipReading,08/25/2025,Chenmingjie,Recording38,07/01/2025,07/01/2025,16:47:15.576,08:47:15.576,803474,Timeline1,Tobii I-VT (Fixation),1.241.54219,1080,1920,10.0,14.5,1.9,2.3,1.39,0.18,0.21,53,7,8,7.8,1.7,1.6,0.77,0.17,0.16,29,6,6,9687517155,,,987,703,1003,706,971,701,0.10121,0.19785,-0.97499,-0.03826,0.19925,-0.9792,4.362,4.133,4.246,,,,Valid,Valid,222.4,91.5,500.9,285.2,90.1,500.1,274.4,193.2,265.6,191.8,0.5138,0.6514,0.5221,0.6536,0.5055,0.6491,Screen Recording,Screen Recording Recording38.mp4,1920,1080,0,0,960,540,Fixation,168,502,986,711,0.5136,0.6584,,,,,,,,,,,
278976512,1120612181415,Eye Tracker,LipReading,08/25/2025,Chenmingjie,Recording38,07/01/2025,07/01/2025,16:47:15.576,08:47:15.576,803474,Timeline1,Tobii I-VT (Fixation),1.241.54219,1080,1920,10.0,14.5,1.9,2.3,1.39,0.18,0.21,53,7,8,7.8,1.7,1.6,0.77,0.17,0.16,29,6,6,9687521157,,,985,704,1000,709,970,698,0.09993,0.1994,-0.97481,-0.03859,0.19792,-0.97946,4.351,4.148,4.251,,,,Valid,Valid,222.4,91.6,500.9,285.2,90.1,500.1,273.7,194.0,265.5,191.1,0.5131,0.6515,0.5209,0.6564,0.5052,0.6467,Screen Recording,Screen Recording Recording38.mp4,1920,1080,0,0,960,540,Fixation,168,502,986,711,0.5136,0.6584,,,,,,,,,,,
278980513,1120612185416,Eye Tracker,LipReading,08/25/2025,Chenmingjie,Recording38,07/01/2025,07/01/2025,16:47:15.576,08:47:15.576,803474,Timeline1,Tobii I-VT (Fixation),1.241.54219,1080,1920,10.0,14.5,1.9,2.3,1.39,0.18,0.21,53,7,8,7.8,1.7,1.6,0.77,0.17,0.16,29,6,6,9687525158,,,986,702,1000,706,973,698,0.09988,0.19786,-0.97513,-0.03709,0.19798,-0.9795,4.354,4.14,4.255,,,,Valid,Valid,222.4,91.6,500.9,285.2,90.1,500.1,273.7,193.2,266.2,191.1,0.5138,0.6502,0.5208,0.6537,0.5067,0.6467,Screen Recording,Screen Recording Recording38.mp4,1920,1080,0,0,960,540,Fixation,168,502,986,711,0.5136,0.6584,,,,,,,,,,,
278984513,1120612189416,Eye Tracker,LipReading,08/25/2025,Chenmingjie,Recording38,07/01/2025,07/01/2025,16:47:15.576,08:47:15.576,803474,Timeline1,Tobii I-VT (Fixation),1.241.54219,1080,1920,10.0,14.5,1.9,2.3,1.39,0.18,0.21,53,7,8,7.8,1.7,1.6,0.77,0.17,0.16,29,6,6,9687529158,,,986,702,1001,706,971,699,0.10024,0.19779,-0.97511,-0.038,0.19811,-0.97944,4.385,4.148,4.259,,,,Valid,Valid,222.4,91.6,500.9,285.2,90.1,500.1,273.8,193.2,265.8,191.2,0.5135,0.6503,0.5212,0.6536,0.5058,0.647,Screen Recording,Screen Recording Recording38.mp4,1920,1080,0,0,960,540,Fixation,168,502,986,711,0.5136,0.6584,,,,,,,,,,,
278988513,1120612193416,Eye Tracker,LipReading,08/25/2025,Chenmingjie,Recording38,07/01/2025,07/01/2025,16:47:15.576,08:47:15.576,803474,Timeline1,Tobii I-VT (Fixation),1.241.54219,1080,1920,10.0,14.5,1.9,2.3,1.39,0.18,0.21,53,7,8,7.8,1.7,1.6,0.77,0.17,0.16,29,6,6,9687533158,,,986,707,1002,710,971,703,0.10073,0.20014,-0.97458,-0.03821,0.20034,-0.97898,4.37,4.155,4.262,,,,Valid,Valid,222.3,91.6,500.9,285.2,90.1,500.1,274.1,194.4,265.7,192.4,0.5136,0.6544,0.5217,0.6579,0.5056,0.651,Screen Recording,Screen Recording Recording38.mp4,1920,1080,0,0,960,540,Fixation,168,502,986,711,0.5136,0.6584,,,,,,,,,,,
278992513,1120612197416,Eye Tracker,LipReading,08/25/2025,Chenmingjie,Recording38,07/01/2025,07/01/2025,16:47:15.576,08:47:15.576,803474,Timeline1,Tobii I-VT (Fixation),1.241.54219,1080,1920,10.0,14.5,1.9,2.3,1.39,0.18,0.21,53,7,8,7.8,1.7,1.6,0.77,0.17,0.16,29,6,6,9687537158,,,986,704,1001,707,971,702,0.10037,0.19834,-0.97498,-0.03779,0.19972,-0.97912,4.376,4.152,4.262,,,,Valid,Valid,222.3,91.6,500.9,285.2,90.1,500.1,273.9,193.5,265.9,192.1,0.5136,0.6523,0.5213,0.6546,0.506,0.6499,Screen Recording,Screen Recording Recording38.mp4,1920,1080,0,0,960,540,Fixation,168,502,986,711,0.5136,0.6584,,,,,,,,,,,
278996513,1120612201416,Eye Tracker,LipReading,08/25/2025,Chenmingjie,Recording38,07/01/2025,07/01/2025,16:47:15.576,08:47:15.576,803474,Timeline1,Tobii I-VT (Fixation),1.241.54219,1080,1920,10.0,14.5,1.9,2.3,1.39,0.18,0.21,53,7,8,7.8,1.7,1.6,0.77,0.17,0.16,29,6,6,9687541158,,,985,708,1000,713,970,703,0.10006,0.20123,-0.97442,-0.03838,0.20049,-0.97894,4.377,4.14,4.263,,,,Valid,Valid,222.3,91.6,500.8,285.2,90.1,500.1,273.8,195.0,265.6,192.5,0.5132,0.6556,0.521,0.6599,0.5054,0.6513,Screen Recording,Screen Recording Recording38.mp4,1920,1080,0,0,960,540,Fixation,168,502,986,711,0.5136,0.6584,,,,,,,,,,,
279000512,1120612205415,Eye Tracker,LipReading,08/25/2025,Chenmingjie,Recording38,07/01/2025,07/01/2025,16:47:15.576,08:47:15.576,803474,Timeline1,Tobii I-VT (Fixation),1.241.54219,1080,1920,10.0,14.5,1.9,2.3,1.39,0.18,0.21,53,7,8,7.8,1.7,1.6,0.77,0.17,0.16,29,6,6,9687545157,,,986,709,997,713,974,706,0.09844,0.20126,-0.97458,-0.03641,0.20175,-0.97876,4.384,4.14,4.263,,,,Valid,Valid,222.3,91.6,500.9,285.2,90.1,500.1,272.9,195.0,266.6,193.2,0.5134,0.6567,0.5194,0.6598,0.5073,0.6536,Screen Recording,Screen Recording Recording38.mp4,1920,1080,0,0,960,540,Fixation,168,502,986,711,0.5136,0.6584,,,,,,,,,,,
279004512,1120612209415,Eye Tracker,LipReading,08/25/2025,Chenmingjie,Recording38,07/01/2025,07/01/2025,16:47:15.576,08:47:15.576,803474,Timeline1,Tobii I-VT (Fixation),1.241.54219,1080,1920,10.0,14.5,1.9,2.3,1.39,0.18,0.21,53,7,8,7.8,1.7,1.6,0.77,0.17,0.16,29,6,6,9687549157,,,985,711,998,714,972,708,0.09872,0.20187,-0.97442,-0.03745,0.20275,-0.97851,4.377,4.149,4.262,,,,Valid,Valid,222.3,91.6,500.9,285.2,90.1,500.1,273.1,195.3,266.0,193.7,0.513,0.6581,0.5197,0.6609,0.5063,0.6553,Screen Recording,Screen Recording Recording38.mp4,1920,1080,0,0,960,540,Fixation,168,502,986,711,0.5136,0.6584,,,,,,,,,,,
279008512,1120612213415,Eye Tracker,LipReading,08/25/2025,Chenmingjie,Recording38,07/01/2025,07/01/2025,16:47:15.576,08:47:15.576,803474,Timeline1,Tobii I-VT (Fixation),1.241.54219,1080,1920,10.0,14.5,1.9,2.3,1.39,0.18,0.21,53,7,8,7.8,1.7,1.6,0.77,0.17,0.16,29,6,6,9687553157,,,984,713,998,719,971,707,0.09893,0.20427,-0.9739,-0.0382,0.2023,-0.97858,4.379,4.152,4.262,,,,Valid,Valid,222.3,91.6,500.8,285.1,90.1,500.1,273.2,196.6,265.6,193.5,0.5127,0.6599,0.5199,0.6653,0.5055,0.6545,Screen Recording,Screen Recording Recording38.mp4,1920,1080,0,0,960,540,Fixation,168,502,986,711,0.5136,0.6584,,,,,,,,,,,
279012512,1120612217415,Eye Tracker,LipReading,08/25/2025,Chenmingjie,Recording38,07/01/2025,07/01/2025,16:47:15.576,08:47:15.576,803474,Timeline1,Tobii I-VT (Fixation),1.241.54219,1080,1920,10.0,14.5,1.9,2.3,1.39,0.18,0.21,53,7,8,7.8,1.7,1.6,0.77,0.17,0.16,29,6,6,9687557157,,,986,714,1001,718,970,711,0.10057,0.20405,-0.97378,-0.03854,0.20417,-0.97818,4.365,4.146,4.26,,,,Valid,Valid,222.3,91.6,500.8,285.1,90.1,500.1,274.0,196.5,265.4,194.5,0.5133,0.6615,0.5215,0.665,0.5052,0.6579,Screen Recording,Screen Recording Recording38.mp4,1920,1080,0,0,960,540,Fixation,168,502,986,711,0.5136,0.6584,,,,,,,,,,,
279016512,1120612221415,Eye Tracker,LipReading,08/25/2025,Chenmingjie,Recording38,07/01/2025,07/01/2025,16:47:15.576,08:47:15.576,803474,Timeline1,Tobii I-VT (Fixation),1.241.54219,1080,1920,10.0,14.5,1.9,2.3,1.39,0.18,0.21,53,7,8,7.8,1.7,1.6,0.77,0.17,0.16,29,6,6,9687561157,,,985,718,1000,721,971,716,0.09981,0.20566,-0.97352,-0.0379,0.20678,-0.97765,4.365,4.139,4.252,,,,Valid,Valid,222.3,91.6,500.8,285.1,90.1,500.1,273.6,197.4,265.7,195.8,0.5133,0.6652,0.5208,0.6678,0.5057,0.6626,Screen Recording,Screen Recording Recording38.mp4,1920,1080,0,0,960,540,Fixation,168,502,986,711,0.5136,0.6584,,,,,,,,,,,
279020513,1120612225416,Eye Tracker,LipReading,08/25/2025,Chenmingjie,Recording38,07/01/2025,07/01/2025,16:47:15.576,08:47:15.576,803474,Timeline1,Tobii I-VT (Fixation),1.241.54219,1080,1920,10.0,14.5,1.9,2.3,1.39,0.18,0.21,53,7,8,7.8,1.7,1.6,0.77,0.17,0.16,29,6,6,9687565158,,,986,720,998,725,973,715,0.09876,0.20749,-0.97324,-0.03665,0.20671,-0.97772,4.374,4.111,4.238,,,,Valid,Valid,222.3,91.6,500.8,285.1,90.1,500.1,273.1,198.4,266.4,195.8,0.5133,0.6668,0.5198,0.6711,0.5069,0.6625,Screen Recording,Screen Recording Recording38.mp4,1920,1080,0,0,960,540,Fixation,168,502,986,711,0.5136,0.6584,,,,,,,,,,,
279024512,1120612229415,Eye Tracker,LipReading,08/25/2025,Chenmingjie,Recording38,07/01/2025,07/01/2025,16:47:15.576,08:47:15.576,803474,Timeline1,Tobii I-VT (Fixation),1.241.54219,1080,1920,10.0,14.5,1.9,2.3,1.39,0.18,0.21,53,7,8,7.8,1.7,1.6,0.77,0.17,0.16,29,6,6,9687569158,,,986,723,999,728,973,718,0.09927,0.20907,-0.97285,-0.03697,0.20796,-0.97744,4.361,4.098,4.233,,,,Valid,Valid,222.3,91.6,500.8,285.1,90.1,500.1,273.4,199.2,266.2,196.5,0.5134,0.6694,0.5203,0.674,0.5066,0.6647,Screen Recording,Screen Recording Recording38.mp4,1920,1080,0,0,960,540,Saccade,32,1341,,,,,,,,,,,,,,,
279028512,1120612233415,Eye Tracker,LipReading,08/25/2025,Chenmingjie,Recording38,07/01/2025,07/01/2025,16:47:15.576,08:47:15.576,803474,Timeline1,Tobii I-VT (Fixation),1.241.54219,1080,1920,10.0,14.5,1.9,2.3,1.39,0.18,0.21,53,7,8,7.8,1.7,1.6,0.77,0.17,0.16,29,6,6,9687573158,,,986,728,1001,732,972,724,0.10024,0.21094,-0.97235,-0.03729,0.21121,-0.97673,4.341,4.104,4.22,,,,Valid,Valid,222.3,91.6,500.9,285.1,90.1,500.1,273.9,200.2,266.0,198.2,0.5138,0.674,0.5213,0.6774,0.5062,0.6706,Screen Recording,Screen Recording Recording38.mp4,1920,1080,0,0,960,540,Saccade,32,1341,,,,,,,,,,,,,,,
279032512,1120612237415,Eye Tracker,LipReading,08/25/2025,Chenmingjie,Recording38,07/01/2025,07/01/2025,16:47:15.576,08:47:15.576,803474,Timeline1,Tobii I-VT (Fixation),1.241.54219,1080,1920,10.0,14.5,1.9,2.3,1.39,0.18,0.21,53,7,8,7.8,1.7,1.6,0.77,0.17,0.16,29,6,6,9687577158,,,985,738,997,741,973,735,0.0982,0.21583,-0.97148,-0.03667,0.21693,-0.9755,4.34,4.099,4.219,,,,Valid,Valid,222.2,91.6,500.8,285.1,90.1,500.1,272.9,202.8,266.3,201.3,0.5131,0.6836,0.5193,0.6863,0.5068,0.681,Screen Recording,Screen Recording Recording38.mp4,1920,1080,0,0,960,540,Saccade,32,1341,,,,,,,,,,,,,,,
279036512,1120612241415,Eye Tracker,LipReading,08/25/2025,Chenmingjie,Recording38,07/01/2025,07/01/2025,16:47:15.576,08:47:15.576,803474,Timeline1,Tobii I-VT (Fixation),1.241.54219,1080,1920,10.0,14.5,1.9,2.3,1.39,0.18,0.21,53,7,8,7.8,1.7,1.6,0.77,0.17,0.16,29,6,6,9687581158,,,986,745,1002,751,971,739,0.10089,0.22054,-0.97014,-0.03797,0.21853,-0.97509,4.297,4.044,4.171,,,,Valid,Valid,222.2,91.6,500.8,285.1,90.1,500.1,274.3,205.4,265.6,202.1,0.5138,0.6894,0.5221,0.695,0.5055,0.6839,Screen Recording,Screen Recording Recording38.mp4,1920,1080,0,0,960,540,Saccade,32,1341,,,,,,,,,,,,,,,
279040511,1120612245414,Eye Tracker,LipReading,08/25/2025,Chenmingjie,Recording38,07/01/2025,07/01/2025,16:47:15.576,08:47:15.576,803474,Timeline1,Tobii I-VT (Fixation),1.241.54219,1080,1920,10.0,14.5,1.9,2.3,1.39,0.18,0.21,53,7,8,7.8,1.7,1.6,0.77,0.17,0.16,29,6,6,9687585157,,,981,754,998,758,964,751,0.09828,0.22414,-0.96959,-0.04132,0.22483,-0.97352,4.253,4.013,4.133,,,,Valid,Valid,222.2,91.5,500.8,285.1,90.0,500.2,273.0,207.3,263.9,205.5,0.5108,0.6984,0.5195,0.7015,0.5022,0.6954,Screen Recording,Screen Recording Recording38.mp4,1920,1080,0,0,960,540,Saccade,32,1341,,,,,,,,,,,,,,,
279044511,1120612249414,Eye Tracker,LipReading,08/25/2025,Chenmingjie,Recording38,07/01/2025,07/01/2025,16:47:15.576,08:47:15.576,803474,Timeline1,Tobii I-VT (Fixation),1.241.54219,1080,1920,10.0,14.5,1.9,2.3,1.39,0.18,0.21,53,7,8,7.8,1.7,1.6,0.77,0.17,0.16,29,6,6,9687589157,,,984,777,1001,783,966,771,0.09989,0.23686,-0.9664,-0.04023,0.23516,-0.97112,4.194,3.965,4.08,,,,Valid,Valid,222.2,91.5,500.9,285.1,90.0,500.1,274.0,214.3,264.4,211.1,0.5123,0.7196,0.5214,0.725,0.5031,0.7143,Screen Recording,Screen Recording Recording38.mp4,1920,1080,0,0,960,540,Saccade,32,1341,,,,,,,,,,,,,,,
279048511,1120612253414,Eye Tracker,LipReading,08/25/2025,Chenmingjie,Recording38,07/01/2025,07/01/2025,16:47:15.576,08:47:15.576,803474,Timeline1,Tobii I-VT (Fixation),1.241.54219,1080,1920,10.0,14.5,1.9,2.3,1.39,0.18,0.21,53,7,8,7.8,1.7,1.6,0.77,0.17,0.16,29,6,6,9687593157,,,976,813,994,815,958,811,0.09596,0.25263,-0.96279,-0.04439,0.25492,-0.96594,4.111,3.865,3.988,,,,Valid,Valid,222.2,91.5,500.8,285.1,90.0,500.1,272.1,222.9,262.1,221.9,0.5083,0.7526,0.5178,0.7542,0.4988,0.7509,Screen Recording,Screen Recording Recording38.mp4,1920,1080,0,0,960,540,Saccade,32,1341,,,,,,,,,,,,,,,
279052511,1120612257414,Eye Tracker,LipReading,08/25/2025,Chenmingjie,Recording38,07/01/2025,07/01/2025,16:47:15.576,08:47:15.576,803474,Timeline1,Tobii I-VT (Fixation),1.241.54219,1080,1920,10.0,14.5,1.9,2.3,1.39,0.18,0.21,53,7,8,7.8,1.7,1.6,0.77,0.17,0.16,29,6,6,9687597157,,,965,839,999,833,931,844,0.09828,0.26165,-0.96015,-0.05824,0.27125,-0.96074,3.983,3.661,3.822,,,,Valid,Valid,222.1,91.4,500.9,285.0,89.9,500.0,273.4,227.9,254.7,231.1,0.5026,0.7765,0.5203,0.7712,0.4848,0.7819,Screen Recording,Screen Recording Recording38.mp4,1920,1080,0,0,960,540,Saccade,32,1341,,,,,,,,,,,,,,,
279056511,1120612261414,Eye Tracker,LipReading,08/25/2025,Chenmingjie,Recording38,07/01/2025,07/01/2025,16:47:15.576,08:47:15.576,803474,Timeline1,Tobii I-VT (Fixation),1.241.54219,1080,1920,10.0,14.5,1.9,2.3,1.39,0.18,0.21,53,7,8,7.8,1.7,1.6,0.77,0.17,0.16,29,6,6,9687601157,,,,,,,,,,,,,,,,,3.431,,,,Invalid,Invalid,,,,,,,,,,,,,,,,,Screen Recording,Screen Recording Recording38.mp4,1920,1080,0,0,960,540,EyesNotFound,4,1018,,,,,,,,,,,,,,,
279060512,1120612265415,Eye Tracker,LipReading,08/25/2025,Chenmingjie,Recording38,07/01/2025,07/01/2025,16:47:15.576,08:47:15.576,803474,Timeline1,Tobii I-VT (Fixation),1.241.54219,1080,1920,10.0,14.5,1.9,2.3,1.39,0.18,0.21,53,7,8,7.8,1.7,1.6,0.77,0.17,0.16,29,6,6,9687605158,,,773,925,,,773,925,,,,-0.13805,0.30767,-0.94143,,2.909,3.04,,,,Invalid,Valid,,,,285.0,89.8,499.9,,,211.7,253.2,0.4029,0.8567,,,0.4029,0.8567,Screen Recording,Screen Recording Recording38.mp4,1920,1080,0,0,960,540,Unclassified,20,1438,,,,,,,,,,,,,,,
279064512,1120612269415,Eye Tracker,LipReading,08/25/2025,Chenmingjie,Recording38,07/01/2025,07/01/2025,16:47:15.576,08:47:15.576,803474,Timeline1,Tobii I-VT (Fixation),1.241.54219,1080,1920,10.0,14.5,1.9,2.3,1.39,0.18,0.21,53,7,8,7.8,1.7,1.6,0.77,0.17,0.16,29,6,6,9687609158,,,954,960,,,954,960,,,,-0.04503,0.32688,-0.94399,,2.328,2.546,,,,Invalid,Valid,,,,285.0,89.7,500.1,,,261.1,262.8,0.4969,0.8893,,,0.4969,0.8893,Screen Recording,Screen Recording Recording38.mp4,1920,1080,0,0,960,540,Unclassified,20,1438,,,,,,,,,,,,,,,
279068512,1120612273415,Eye Tracker,LipReading,08/25/2025,Chenmingjie,Recording38,07/01/2025,07/01/2025,16:47:15.576,08:47:15.576,803474,Timeline1,Tobii I-VT (Fixation),1.241.54219,1080,1920,10.0,14.5,1.9,2.3,1.39,0.18,0.21,53,7,8,7.8,1.7,1.6,0.77,0.17,0.16,29,6,6,9687613158,,,1050,1045,1155,1090,945,1000,0.17085,0.37679,-0.9104,-0.0493,0.34488,-0.93735,2.357,1.944,2.151,,,,Valid,Valid,222.1,91.1,500.8,284.9,89.7,499.8,316.1,298.4,258.6,273.6,0.5468,0.9676,,,0.4922,0.9257,Screen Recording,Screen Recording Recording38.mp4,1920,1080,0,0,960,540,Unclassified,20,1438,,,,,,,,,,,,,,,
279072512,1120612277415,Eye Tracker,LipReading,08/25/2025,Chenmingjie,Recording38,07/01/2025,07/01/2025,16:47:15.576,08:47:15.576,803474,Timeline1,Tobii I-VT (Fixation),1.241.54219,1080,1920,10.0,14.5,1.9,2.3,1.39,0.18,0.21,53,7,8,7.8,1.7,1.6,0.77,0.17,0.16,29,6,6,9687617158,,,965,1122,976,1165,954,1080,0.08158,0.41257,-0.90727,-0.04405,0.3806,-0.92369,1.732,1.605,1.668,,,,Valid,Valid,222.1,91.0,500.8,284.9,89.5,500.1,267.1,318.7,261.1,295.5,,,,,0.4968,0.9999,Screen Recording,Screen Recording Recording38.mp4,1920,1080,0,0,960,540,Unclassified,20,1438,,,,,,,,,,,,,,,
279076511,1120612281414,Eye Tracker,LipReading,08/25/2025,Chenmingjie,Recording38,07/01/2025,07/01/2025,16:47:15.576,08:47:15.576,803474,Timeline1,Tobii I-VT (Fixation),1.241.54219,1080,1920,10.0,14.5,1.9,2.3,1.39,0.18,0.21,53,7,8,7.8,1.7,1.6,0.77,0.17,0.16,29,6,6,9687621157,,,899,1254,899,1254,,,0.04299,0.44957,-0.89221,,,,1.436,,1.436,,,,Valid,Invalid,222.0,90.8,500.9,,,,246.1,343.2,,,,,,,,,Screen Recording,Screen Recording Recording38.mp4,1920,1080,0,0,960,540,Unclassified,20,1438,,,,,,,,,,,,,,,
279080512,1120612285415,Eye Tracker,LipReading,08/25/2025,Chenmingjie,Recording38,07/01/2025,07/01/2025,16:47:15.576,08:47:15.576,803474,Timeline1,Tobii I-VT (Fixation),1.241.54219,1080,1920,10.0,14.5,1.9,2.3,1.39,0.18,0.21,53,7,8,7.8,1.7,1.6,0.77,0.17,0.16,29,6,6,9687625158,,,,,,,,,,,,,,,,,,,,,Invalid,Invalid,,,,,,,,,,,,,,,,,Screen Recording,Screen Recording Recording38.mp4,1920,1080,0,0,960,540,EyesNotFound,120,1019,,,,,,,,,,,,,,,
279084512,1120612289415,Eye Tracker,LipReading,08/25/2025,Chenmingjie,Recording38,07/01/2025,07/01/2025,16:47:15.576,08:47:15.576,803474,Timeline1,Tobii I-VT (Fixation),1.241.54219,1080,1920,10.0,14.5,1.9,2.3,1.39,0.18,0.21,53,7,8,7.8,1.7,1.6,0.77,0.17,0.16,29,6,6,9687629158,,,,,,,,,,,,,,,,,,,,,Invalid,Invalid,,,,,,,,,,,,,,,,,Screen Recording,Screen Recording Recording38.mp4,1920,1080,0,0,960,540,EyesNotFound,120,1019,,,,,,,,,,,,,,,
279088512,1120612293415,Eye Tracker,LipReading,08/25/2025,Chenmingjie,Recording38,07/01/2025,07/01/2025,16:47:15.576,08:47:15.576,803474,Timeline1,Tobii I-VT (Fixation),1.241.54219,1080,1920,10.0,14.5,1.9,2.3,1.39,0.18,0.21,53,7,8,7.8,1.7,1.6,0.77,0.17,0.16,29,6,6,9687633158,,,,,,,,,,,,,,,,,,,,,Invalid,Invalid,,,,,,,,,,,,,,,,,Screen Recording,Screen Recording Recording38.mp4,1920,1080,0,0,960,540,EyesNotFound,120,1019,,,,,,,,,,,,,,,
279092512,1120612297415,Eye Tracker,LipReading,08/25/2025,Chenmingjie,Recording38,07/01/2025,07/01/2025,16:47:15.576,08:47:15.576,803474,Timeline1,Tobii I-VT (Fixation),1.241.54219,1080,1920,10.0,14.5,1.9,2.3,1.39,0.18,0.21,53,7,8,7.8,1.7,1.6,0.77,0.17,0.16,29,6,6,9687637158,,,,,,,,,,,,,,,,,,,,,Invalid,Invalid,,,,,,,,,,,,,,,,,Screen Recording,Screen Recording Recording38.mp4,1920,1080,0,0,960,540,EyesNotFound,120,1019,,,,,,,,,,,,,,,
279096511,1120612301414,Eye Tracker,LipReading,08/25/2025,Chenmingjie,Recording38,07/01/2025,07/01/2025,16:47:15.576,08:47:15.576,803474,Timeline1,Tobii I-VT (Fixation),1.241.54219,1080,1920,10.0,14.5,1.9,2.3,1.39,0.18,0.21,53,7,8,7.8,1.7,1.6,0.77,0.17,0.16,29,6,6,9687641157,,,,,,,,,,,,,,,,,,,,,Invalid,Invalid,,,,,,,,,,,,,,,,,Screen Recording,Screen Recording Recording38.mp4,1920,1080,0,0,960,540,EyesNotFound,120,1019,,,,,,,,,,,,,,,
279100512,1120612305415,Eye Tracker,LipReading,08/25/2025,Chenmingjie,Recording38,07/01/2025,07/01/2025,16:47:15.576,08:47:15.576,803474,Timeline1,Tobii I-VT (Fixation),1.241.54219,1080,1920,10.0,14.5,1.9,2.3,1.39,0.18,0.21,53,7,8,7.8,1.7,1.6,0.77,0.17,0.16,29,6,6,9687645158,,,,,,,,,,,,,,,,,,,,,Invalid,Invalid,,,,,,,,,,,,,,,,,Screen Recording,Screen Recording Recording38.mp4,1920,1080,0,0,960,540,EyesNotFound,120,1019,,,,,,,,,,,,,,,
279104511,1120612309414,Eye Tracker,LipReading,08/25/2025,Chenmingjie,Recording38,07/01/2025,07/01/2025,16:47:15.576,08:47:15.576,803474,Timeline1,Tobii I-VT (Fixation),1.241.54219,1080,1920,10.0,14.5,1.9,2.3,1.39,0.18,0.21,53,7,8,7.8,1.7,1.6,0.77,0.17,0.16,29,6,6,9687649157,,,,,,,,,,,,,,,,,,,,,Invalid,Invalid,,,,,,,,,,,,,,,,,Screen Recording,Screen Recording Recording38.mp4,1920,1080,0,0,960,540,EyesNotFound,120,1019,,,,,,,,,,,,,,,
279108509,1120612313412,Eye Tracker,LipReading,08/25/2025,Chenmingjie,Recording38,07/01/2025,07/01/2025,16:47:15.576,08:47:15.576,803474,Timeline1,Tobii I-VT (Fixation),1.241.54219,1080,1920,10.0,14.5,1.9,2.3,1.39,0.18,0.21,53,7,8,7.8,1.7,1.6,0.77,0.17,0.16,29,6,6,9687653155,,,,,,,,,,,,,,,,,,,,,Invalid,Invalid,,,,,,,,,,,,,,,,,Screen Recording,Screen Recording Recording38.mp4,1920,1080,0,0,960,540,EyesNotFound,120,1019,,,,,,,,,,,,,,,
279112508,1120612317411,Eye Tracker,LipReading,08/25/2025,Chenmingjie,Recording38,07/01/2025,07/01/2025,16:47:15.576,08:47:15.576,803474,Timeline1,Tobii I-VT (Fixation),1.241.54219,1080,1920,10.0,14.5,1.9,2.3,1.39,0.18,0.21,53,7,8,7.8,1.7,1.6,0.77,0.17,0.16,29,6,6,9687657155,,,,,,,,,,,,,,,,,,,,,Invalid,Invalid,,,,,,,,,,,,,,,,,Screen Recording,Screen Recording Recording38.mp4,1920,1080,0,0,960,540,EyesNotFound,120,1019,,,,,,,,,,,,,,,
279116509,1120612321412,Eye Tracker,LipReading,08/25/2025,Chenmingjie,Recording38,07/01/2025,07/01/2025,16:47:15.576,08:47:15.576,803474,Timeline1,Tobii I-VT (Fixation),1.241.54219,1080,1920,10.0,14.5,1.9,2.3,1.39,0.18,0.21,53,7,8,7.8,1.7,1.6,0.77,0.17,0.16,29,6,6,9687661156,,,,,,,,,,,,,,,,,,,,,Invalid,Invalid,,,,,,,,,,,,,,,,,Screen Recording,Screen Recording Recording38.mp4,1920,1080,0,0,960,540,EyesNotFound,120,1019,,,,,,,,,,,,,,,
279120508,1120612325411,Eye Tracker,LipReading,08/25/2025,Chenmingjie,Recording38,07/01/2025,07/01/2025,16:47:15.576,08:47:15.576,803474,Timeline1,Tobii I-VT (Fixation),1.241.54219,1080,1920,10.0,14.5,1.9,2.3,1.39,0.18,0.21,53,7,8,7.8,1.7,1.6,0.77,0.17,0.16,29,6,6,9687665155,,,,,,,,,,,,,,,,,,,,,Invalid,Invalid,,,,,,,,,,,,,,,,,Screen Recording,Screen Recording Recording38.mp4,1920,1080,0,0,960,540,EyesNotFound,120,1019,,,,,,,,,,,,,,,
279124509,1120612329412,Eye Tracker,LipReading,08/25/2025,Chenmingjie,Recording38,07/01/2025,07/01/2025,16:47:15.576,08:47:15.576,803474,Timeline1,Tobii I-VT (Fixation),1.241.54219,1080,1920,10.0,14.5,1.9,2.3,1.39,0.18,0.21,53,7,8,7.8,1.7,1.6,0.77,0.17,0.16,29,6,6,9687669156,,,,,,,,,,,,,,,,,,,,,Invalid,Invalid,,,,,,,,,,,,,,,,,Screen Recording,Screen Recording Recording38.mp4,1920,1080,0,0,960,540,EyesNotFound,120,1019,,,,,,,,,,,,,,,
279128509,1120612333412,Eye Tracker,LipReading,08/25/2025,Chenmingjie,Recording38,07/01/2025,07/01/2025,16:47:15.576,08:47:15.576,803474,Timeline1,Tobii I-VT (Fixation),1.241.54219,1080,1920,10.0,14.5,1.9,2.3,1.39,0.18,0.21,53,7,8,7.8,1.7,1.6,0.77,0.17,0.16,29,6,6,9687673156,,,,,,,,,,,,,,,,,,,,,Invalid,Invalid,,,,,,,,,,,,,,,,,Screen Recording,Screen Recording Recording38.mp4,1920,1080,0,0,960,540,EyesNotFound,120,1019,,,,,,,,,,,,,,,
279132509,1120612337412,Eye Tracker,LipReading,08/25/2025,Chenmingjie,Recording38,07/01/2025,07/01/2025,16:47:15.576,08:47:15.576,803474,Timeline1,Tobii I-VT (Fixation),1.241.54219,1080,1920,10.0,14.5,1.9,2.3,1.39,0.18,0.21,53,7,8,7.8,1.7,1.6,0.77,0.17,0.16,29,6,6,9687677156,,,,,,,,,,,,,,,,,,,,,Invalid,Invalid,,,,,,,,,,,,,,,,,Screen Recording,Screen Recording Recording38.mp4,1920,1080,0,0,960,540,EyesNotFound,120,1019,,,,,,,,,,,,,,,
279136508,1120612341411,Eye Tracker,LipReading,08/25/2025,Chenmingjie,Recording38,07/01/2025,07/01/2025,16:47:15.576,08:47:15.576,803474,Timeline1,Tobii I-VT (Fixation),1.241.54219,1080,1920,10.0,14.5,1.9,2.3,1.39,0.18,0.21,53,7,8,7.8,1.7,1.6,0.77,0.17,0.16,29,6,6,9687681155,,,,,,,,,,,,,,,,,,,,,Invalid,Invalid,,,,,,,,,,,,,,,,,Screen Recording,Screen Recording Recording38.mp4,1920,1080,0,0,960,540,EyesNotFound,120,1019,,,,,,,,,,,,,,,
279140509,1120612345412,Eye Tracker,LipReading,08/25/2025,Chenmingjie,Recording38,07/01/2025,07/01/2025,16:47:15.576,08:47:15.576,803474,Timeline1,Tobii I-VT (Fixation),1.241.54219,1080,1920,10.0,14.5,1.9,2.3,1.39,0.18,0.21,53,7,8,7.8,1.7,1.6,0.77,0.17,0.16,29,6,6,9687685156,,,,,,,,,,,,,,,,,,,,,Invalid,Invalid,,,,,,,,,,,,,,,,,Screen Recording,Screen Recording Recording38.mp4,1920,1080,0,0,960,540,EyesNotFound,120,1019,,,,,,,,,,,,,,,
279144508,1120612349411,Eye Tracker,LipReading,08/25/2025,Chenmingjie,Recording38,07/01/2025,07/01/2025,16:47:15.576,08:47:15.576,803474,Timeline1,Tobii I-VT (Fixation),1.241.54219,1080,1920,10.0,14.5,1.9,2.3,1.39,0.18,0.21,53,7,8,7.8,1.7,1.6,0.77,0.17,0.16,29,6,6,9687689155,,,,,,,,,,,,,,,,,,,,,Invalid,Invalid,,,,,,,,,,,,,,,,,Screen Recording,Screen Recording Recording38.mp4,1920,1080,0,0,960,540,EyesNotFound,120,1019,,,,,,,,,,,,,,,
279148508,1120612353411,Eye Tracker,LipReading,08/25/2025,Chenmingjie,Recording38,07/01/2025,07/01/2025,16:47:15.576,08:47:15.576,803474,Timeline1,Tobii I-VT (Fixation),1.241.54219,1080,1920,10.0,14.5,1.9,2.3,1.39,0.18,0.21,53,7,8,7.8,1.7,1.6,0.77,0.17,0.16,29,6,6,9687693155,,,,,,,,,,,,,,,,,,,,,Invalid,Invalid,,,,,,,,,,,,,,,,,Screen Recording,Screen Recording Recording38.mp4,1920,1080,0,0,960,540,EyesNotFound,120,1019,,,,,,,,,,,,,,,
279152508,1120612357411,Eye Tracker,LipReading,08/25/2025,Chenmingjie,Recording38,07/01/2025,07/01/2025,16:47:15.576,08:47:15.576,803474,Timeline1,Tobii I-VT (Fixation),1.241.54219,1080,1920,10.0,14.5,1.9,2.3,1.39,0.18,0.21,53,7,8,7.8,1.7,1.6,0.77,0.17,0.16,29,6,6,9687697155,,,,,,,,,,,,,,,,,,,,,Invalid,Invalid,,,,,,,,,,,,,,,,,Screen Recording,Screen Recording Recording38.mp4,1920,1080,0,0,960,540,EyesNotFound,120,1019,,,,,,,,,,,,,,,
279156509,1120612361412,Eye Tracker,LipReading,08/25/2025,Chenmingjie,Recording38,07/01/2025,07/01/2025,16:47:15.576,08:47:15.576,803474,Timeline1,Tobii I-VT (Fixation),1.241.54219,1080,1920,10.0,14.5,1.9,2.3,1.39,0.18,0.21,53,7,8,7.8,1.7,1.6,0.77,0.17,0.16,29,6,6,9687701156,,,,,,,,,,,,,,,,,,,,,Invalid,Invalid,,,,,,,,,,,,,,,,,Screen Recording,Screen Recording Recording38.mp4,1920,1080,0,0,960,540,EyesNotFound,120,1019,,,,,,,,,,,,,,,
279160508,1120612365411,Eye Tracker,LipReading,08/25/2025,Chenmingjie,Recording38,07/01/2025,07/01/2025,16:47:15.576,08:47:15.576,803474,Timeline1,Tobii I-VT (Fixation),1.241.54219,1080,1920,10.0,14.5,1.9,2.3,1.39,0.18,0.21,53,7,8,7.8,1.7,1.6,0.77,0.17,0.16,29,6,6,9687705155,,,,,,,,,,,,,,,,,,,,,Invalid,Invalid,,,,,,,,,,,,,,,,,Screen Recording,Screen Recording Recording38.mp4,1920,1080,0,0,960,540,EyesNotFound,120,1019,,,,,,,,,,,,,,,
279164509,1120612369412,Eye Tracker,LipReading,08/25/2025,Chenmingjie,Recording38,07/01/2025,07/01/2025,16:47:15.576,08:47:15.576,803474,Timeline1,Tobii I-VT (Fixation),1.241.54219,1080,1920,10.0,14.5,1.9,2.3,1.39,0.18,0.21,53,7,8,7.8,1.7,1.6,0.77,0.17,0.16,29,6,6,9687709156,,,,,,,,,,,,,,,,,,,,,Invalid,Invalid,,,,,,,,,,,,,,,,,Screen Recording,Screen Recording Recording38.mp4,1920,1080,0,0,960,540,EyesNotFound,120,1019,,,,,,,,,,,,,,,
279168509,1120612373412,Eye Tracker,LipReading,08/25/2025,Chenmingjie,Recording38,07/01/2025,07/01/2025,16:47:15.576,08:47:15.576,803474,Timeline1,Tobii I-VT (Fixation),1.241.54219,1080,1920,10.0,14.5,1.9,2.3,1.39,0.18,0.21,53,7,8,7.8,1.7,1.6,0.77,0.17,0.16,29,6,6,9687713156,,,,,,,,,,,,,,,,,,,,,Invalid,Invalid,,,,,,,,,,,,,,,,,Screen Recording,Screen Recording Recording38.mp4,1920,1080,0,0,960,540,EyesNotFound,120,1019,,,,,,,,,,,,,,,
279172509,1120612377412,Eye Tracker,LipReading,08/25/2025,Chenmingjie,Recording38,07/01/2025,07/01/2025,16:47:15.576,08:47:15.576,803474,Timeline1,Tobii I-VT (Fixation),1.241.54219,1080,1920,10.0,14.5,1.9,2.3,1.39,0.18,0.21,53,7,8,7.8,1.7,1.6,0.77,0.17,0.16,29,6,6,9687717156,,,,,,,,,,,,,,,,,,,,,Invalid,Invalid,,,,,,,,,,,,,,,,,Screen Recording,Screen Recording Recording38.mp4,1920,1080,0,0,960,540,EyesNotFound,120,1019,,,,,,,,,,,,,,,
279176508,1120612381411,Eye Tracker,LipReading,08/25/2025,Chenmingjie,Recording38,07/01/2025,07/01/2025,16:47:15.576,08:47:15.576,803474,Timeline1,Tobii I-VT (Fixation),1.241.54219,1080,1920,10.0,14.5,1.9,2.3,1.39,0.18,0.21,53,7,8,7.8,1.7,1.6,0.77,0.17,0.16,29,6,6,9687721155,,,,,,,,,,,,,,,,,,,,,Invalid,Invalid,,,,,,,,,,,,,,,,,Screen Recording,Screen Recording Recording38.mp4,1920,1080,0,0,960,540,EyesNotFound,120,1019,,,,,,,,,,,,,,,
279180509,1120612385412,Eye Tracker,LipReading,08/25/2025,Chenmingjie,Recording38,07/01/2025,07/01/2025,16:47:15.576,08:47:15.576,803474,Timeline1,Tobii I-VT (Fixation),1.241.54219,1080,1920,10.0,14.5,1.9,2.3,1.39,0.18,0.21,53,7,8,7.8,1.7,1.6,0.77,0.17,0.16,29,6,6,9687725156,,,,,,,,,,,,,,,,,,,,,Invalid,Invalid,,,,,,,,,,,,,,,,,Screen Recording,Screen Recording Recording38.mp4,1920,1080,0,0,960,540,EyesNotFound,120,1019,,,,,,,,,,,,,,,
279184508,1120612389411,Eye Tracker,LipReading,08/25/2025,Chenmingjie,Recording38,07/01/2025,07/01/2025,16:47:15.576,08:47:15.576,803474,Timeline1,Tobii I-VT (Fixation),1.241.54219,1080,1920,10.0,14.5,1.9,2.3,1.39,0.18,0.21,53,7,8,7.8,1.7,1.6,0.77,0.17,0.16,29,6,6,9687729155,,,,,,,,,,,,,,,,,,,,,Invalid,Invalid,,,,,,,,,,,,,,,,,Screen Recording,Screen Recording Recording38.mp4,1920,1080,0,0,960,540,EyesNotFound,120,1019,,,,,,,,,,,,,,,
279188508,1120612393411,Eye Tracker,LipReading,08/25/2025,Chenmingjie,Recording38,07/01/2025,07/01/2025,16:47:15.576,08:47:15.576,803474,Timeline1,Tobii I-VT (Fixation),1.241.54219,1080,1920,10.0,14.5,1.9,2.3,1.39,0.18,0.21,53,7,8,7.8,1.7,1.6,0.77,0.17,0.16,29,6,6,9687733155,,,,,,,,,,,,,,,,,,,,,Invalid,Invalid,,,,,,,,,,,,,,,,,Screen Recording,Screen Recording Recording38.mp4,1920,1080,0,0,960,540,EyesNotFound,120,1019,,,,,,,,,,,,,,,
279192508,1120612397411,Eye Tracker,LipReading,08/25/2025,Chenmingjie,Recording38,07/01/2025,07/01/2025,16:47:15.576,08:47:15.576,803474,Timeline1,Tobii I-VT (Fixation),1.241.54219,1080,1920,10.0,14.5,1.9,2.3,1.39,0.18,0.21,53,7,8,7.8,1.7,1.6,0.77,0.17,0.16,29,6,6,9687737155,,,,,,,,,,,,,,,,,,,,,Invalid,Invalid,,,,,,,,,,,,,,,,,Screen Recording,Screen Recording Recording38.mp4,1920,1080,0,0,960,540,EyesNotFound,120,1019,,,,,,,,,,,,,,,
279196509,1120612401412,Eye Tracker,LipReading,08/25/2025,Chenmingjie,Recording38,07/01/2025,07/01/2025,16:47:15.576,08:47:15.576,803474,Timeline1,Tobii I-VT (Fixation),1.241.54219,1080,1920,10.0,14.5,1.9,2.3,1.39,0.18,0.21,53,7,8,7.8,1.7,1.6,0.77,0.17,0.16,29,6,6,9687741156,,,,,,,,,,,,,,,,,,,,,Invalid,Invalid,,,,,,,,,,,,,,,,,Screen Recording,Screen Recording Recording38.mp4,1920,1080,0,0,960,540,EyesNotFound,120,1019,,,,,,,,,,,,,,,
279200508,1120612405411,Eye Tracker,LipReading,08/25/2025,Chenmingjie,Recording38,07/01/2025,07/01/2025,16:47:15.576,08:47:15.576,803474,Timeline1,Tobii I-VT (Fixation),1.241.54219,1080,1920,10.0,14.5,1.9,2.3,1.39,0.18,0.21,53,7,8,7.8,1.7,1.6,0.77,0.17,0.16,29,6,6,9687745155,,,976,1047,,,976,1047,,,,-0.03356,0.36731,-0.92949,,1.089,1.089,,,,Invalid,Valid,,,,285.1,89.1,499.8,,,267.1,286.6,0.5083,0.9697,,,0.5083,0.9697,Screen Recording,Screen Recording Recording38.mp4,1920,1080,0,0,960,540,Unclassified,12,1439,,,,,,,,,,,,,,,
279204508,1120612409411,Eye Tracker,LipReading,08/25/2025,Chenmingjie,Recording38,07/01/2025,07/01/2025,16:47:15.576,08:47:15.576,803474,Timeline1,Tobii I-VT (Fixation),1.241.54219,1080,1920,10.0,14.5,1.9,2.3,1.39,0.18,0.21,53,7,8,7.8,1.7,1.6,0.77,0.17,0.16,29,6,6,9687749156,,,962,1003,,,962,1003,,,,-0.04081,0.34765,-0.93673,,1.128,1.128,,,,Invalid,Valid,,,,285.1,89.2,499.6,,,263.4,274.6,0.5012,0.9291,,,0.5012,0.9291,Screen Recording,Screen Recording Recording38.mp4,1920,1080,0,0,960,540,Unclassified,12,1439,,,,,,,,,,,,,,,
279208508,1120612413411,Eye Tracker,LipReading,08/25/2025,Chenmingjie,Recording38,07/01/2025,07/01/2025,16:47:15.576,08:47:15.576,803474,Timeline1,Tobii I-VT (Fixation),1.241.54219,1080,1920,10.0,14.5,1.9,2.3,1.39,0.18,0.21,53,7,8,7.8,1.7,1.6,0.77,0.17,0.16,29,6,6,9687753156,,,937,1035,904,1090,970,979,0.04641,0.38277,-0.92268,-0.03707,0.33655,-0.94094,1.366,1.211,1.289,,,,Valid,Valid,222.1,90.7,500.6,285.1,89.1,499.8,247.3,298.4,265.4,267.9,0.4879,0.958,,,0.5052,0.9064,Screen Recording,Screen Recording Recording38.mp4,1920,1080,0,0,960,540,Unclassified,12,1439,,,,,,,,,,,,,,,
279212508,1120612417411,Eye Tracker,LipReading,08/25/2025,Chenmingjie,Recording38,07/01/2025,07/01/2025,16:47:15.576,08:47:15.576,803474,Timeline1,Tobii I-VT (Fixation),1.241.54219,1080,1920,10.0,14.5,1.9,2.3,1.39,0.18,0.21,53,7,8,7.8,1.7,1.6,0.77,0.17,0.16,29,6,6,9687757156,,,,,,,,,,,,,,,,,1.402,,,,Invalid,Invalid,,,,,,,,,,,,,,,,,Screen Recording,Screen Recording Recording38.mp4,1920,1080,0,0,960,540,EyesNotFound,4,1020,,,,,,,,,,,,,,,
279216507,1120612421410,Eye Tracker,LipReading,08/25/2025,Chenmingjie,Recording38,07/01/2025,07/01/2025,16:47:15.576,08:47:15.576,803474,Timeline1,Tobii I-VT (Fixation),1.241.54219,1080,1920,10.0,14.5,1.9,2.3,1.39,0.18,0.21,53,7,8,7.8,1.7,1.6,0.77,0.17,0.16,29,6,6,9687761155,,,954,912,,,954,912,,,,-0.04587,0.30542,-0.95111,,1.438,1.515,,,,Invalid,Valid,,,,285.1,89.1,499.8,,,261.0,249.6,0.4967,0.8446,,,0.4967,0.8446,Screen Recording,Screen Recording Recording38.mp4,1920,1080,0,0,960,540,Unclassified,8,1440,,,,,,,,,,,,,,,
279220508,1120612425411,Eye Tracker,LipReading,08/25/2025,Chenmingjie,Recording38,07/01/2025,07/01/2025,16:47:15.576,08:47:15.576,803474,Timeline1,Tobii I-VT (Fixation),1.241.54219,1080,1920,10.0,14.5,1.9,2.3,1.39,0.18,0.21,53,7,8,7.8,1.7,1.6,0.77,0.17,0.16,29,6,6,9687765156,,,1003,956,1002,1005,1005,906,0.09701,0.34404,-0.93393,-0.01926,0.30273,-0.95288,1.704,1.577,1.641,,,,Valid,Valid,222.1,90.7,500.7,285.1,89.3,499.6,274.1,275.1,275.0,248.0,0.5225,0.885,0.5217,0.9309,0.5234,0.839,Screen Recording,Screen Recording Recording38.mp4,1920,1080,0,0,960,540,Unclassified,8,1440,,,,,,,,,,,,,,,
279224507,1120612429410,Eye Tracker,LipReading,08/25/2025,Chenmingjie,Recording38,07/01/2025,07/01/2025,16:47:15.576,08:47:15.576,803474,Timeline1,Tobii I-VT (Fixation),1.241.54219,1080,1920,10.0,14.5,1.9,2.3,1.39,0.18,0.21,53,7,8,7.8,1.7,1.6,0.77,0.17,0.16,29,6,6,9687769155,,,,,,,,,,,,,,,,,1.744,,,,Invalid,Invalid,,,,,,,,,,,,,,,,,Screen Recording,Screen Recording Recording38.mp4,1920,1080,0,0,960,540,EyesNotFound,8,1021,,,,,,,,,,,,,,,
279228507,1120612433410,Eye Tracker,LipReading,08/25/2025,Chenmingjie,Recording38,07/01/2025,07/01/2025,16:47:15.576,08:47:15.576,803474,Timeline1,Tobii I-VT (Fixation),1.241.54219,1080,1920,10.0,14.5,1.9,2.3,1.39,0.18,0.21,53,7,8,7.8,1.7,1.6,0.77,0.17,0.16,29,6,6,9687773155,,,,,,,,,,,,,,,,,1.847,,,,Invalid,Invalid,,,,,,,,,,,,,,,,,Screen Recording,Screen Recording Recording38.mp4,1920,1080,0,0,960,540,EyesNotFound,8,1021,,,,,,,,,,,,,,,
279232507,1120612437410,Eye Tracker,LipReading,08/25/2025,Chenmingjie,Recording38,07/01/2025,07/01/2025,16:47:15.576,08:47:15.576,803474,Timeline1,Tobii I-VT (Fixation),1.241.54219,1080,1920,10.0,14.5,1.9,2.3,1.39,0.18,0.21,53,7,8,7.8,1.7,1.6,0.77,0.17,0.16,29,6,6,9687777155,,,1000,845,,,1000,845,,,,-0.02226,0.27345,-0.96163,,1.908,1.95,,,,Invalid,Valid,,,,285.1,89.2,499.7,,,273.6,231.3,0.5206,0.7827,,,0.5206,0.7827,Screen Recording,Screen Recording Recording38.mp4,1920,1080,0,0,960,540,Unclassified,4,1441,,,,,,,,,,,,,,,
279236508,1120612441411,Eye Tracker,LipReading,08/25/2025,Chenmingjie,Recording38,07/01/2025,07/01/2025,16:47:15.576,08:47:15.576,803474,Timeline1,Tobii I-VT (Fixation),1.241.54219,1080,1920,10.0,14.5,1.9,2.3,1.39,0.18,0.21,53,7,8,7.8,1.7,1.6,0.77,0.17,0.16,29,6,6,9687781156,,,,,,,,,,,,,,,,,2.089,,,,Invalid,Invalid,,,,,,,,,,,,,,,,,Screen Recording,Screen Recording Recording38.mp4,1920,1080,0,0,960,540,EyesNotFound,12,1022,,,,,,,,,,,,,,,
279240506,1120612445409,Eye Tracker,LipReading,08/25/2025,Chenmingjie,Recording38,07/01/2025,07/01/2025,16:47:15.576,08:47:15.576,803474,Timeline1,Tobii I-VT (Fixation),1.241.54219,1080,1920,10.0,14.5,1.9,2.3,1.39,0.18,0.21,53,7,8,7.8,1.7,1.6,0.77,0.17,0.16,29,6,6,9687785154,,,,,,,,,,,,,,,,,2.185,,,,Invalid,Invalid,,,,,,,,,,,,,,,,,Screen Recording,Screen Recording Recording38.mp4,1920,1080,0,0,960,540,EyesNotFound,12,1022,,,,,,,,,,,,,,,
279244507,1120612449410,Eye Tracker,LipReading,08/25/2025,Chenmingjie,Recording38,07/01/2025,07/01/2025,16:47:15.576,08:47:15.576,803474,Timeline1,Tobii I-VT (Fixation),1.241.54219,1080,1920,10.0,14.5,1.9,2.3,1.39,0.18,0.21,53,7,8,7.8,1.7,1.6,0.77,0.17,0.16,29,6,6,9687789155,,,,,,,,,,,,,,,,,2.281,,,,Invalid,Invalid,,,,,,,,,,,,,,,,,Screen Recording,Screen Recording Recording38.mp4,1920,1080,0,0,960,540,EyesNotFound,12,1022,,,,,,,,,,,,,,,
279248507,1120612453410,Eye Tracker,LipReading,08/25/2025,Chenmingjie,Recording38,07/01/2025,07/01/2025,16:47:15.576,08:47:15.576,803474,Timeline1,Tobii I-VT (Fixation),1.241.54219,1080,1920,10.0,14.5,1.9,2.3,1.39,0.18,0.21,53,7,8,7.8,1.7,1.6,0.77,0.17,0.16,29,6,6,9687793155,,,1064,869,1064,869,,,0.13108,0.27958,-0.95113,,,,2.377,,2.377,,,,Valid,Invalid,222.1,90.8,500.6,,,,291.1,237.9,,,0.554,0.8051,0.554,0.8051,,,Screen Recording,Screen Recording Recording38.mp4,1920,1080,0,0,960,540,Unclassified,4,1442,,,,,,,,,,,,,,,
279252507,1120612457410,Eye Tracker,LipReading,08/25/2025,Chenmingjie,Recording38,07/01/2025,07/01/2025,16:47:15.576,08:47:15.576,803474,Timeline1,Tobii I-VT (Fixation),1.241.54219,1080,1920,10.0,14.5,1.9,2.3,1.39,0.18,0.21,53,7,8,7.8,1.7,1.6,0.77,0.17,0.16,29,6,6,9687797155,,,,,,,,,,,,,,,,,2.47,,,,Invalid,Invalid,,,,,,,,,,,,,,,,,Screen Recording,Screen Recording Recording38.mp4,1920,1080,0,0,960,540,EyesNotFound,64,1023,,,,,,,,,,,,,,,
279256506,1120612461409,Eye Tracker,LipReading,08/25/2025,Chenmingjie,Recording38,07/01/2025,07/01/2025,16:47:15.576,08:47:15.576,803474,Timeline1,Tobii I-VT (Fixation),1.241.54219,1080,1920,10.0,14.5,1.9,2.3,1.39,0.18,0.21,53,7,8,7.8,1.7,1.6,0.77,0.17,0.16,29,6,6,9687801154,,,,,,,,,,,,,,,,,2.564,,,,Invalid,Invalid,,,,,,,,,,,,,,,,,Screen Recording,Screen Recording Recording38.mp4,1920,1080,0,0,960,540,EyesNotFound,64,1023,,,,,,,,,,,,,,,
279260507,1120612465410,Eye Tracker,LipReading,08/25/2025,Chenmingjie,Recording38,07/01/2025,07/01/2025,16:47:15.576,08:47:15.576,803474,Timeline1,Tobii I-VT (Fixation),1.241.54219,1080,1920,10.0,14.5,1.9,2.3,1.39,0.18,0.21,53,7,8,7.8,1.7,1.6,0.77,0.17,0.16,29,6,6,9687805155,,,,,,,,,,,,,,,,,2.657,,,,Invalid,Invalid,,,,,,,,,,,,,,,,,Screen Recording,Screen Recording Recording38.mp4,1920,1080,0,0,960,540,EyesNotFound,64,1023,,,,,,,,,,,,,,,
279264506,1120612469409,Eye Tracker,LipReading,08/25/2025,Chenmingjie,Recording38,07/01/2025,07/01/2025,16:47:15.576,08:47:15.576,803474,Timeline1,Tobii I-VT (Fixation),1.241.54219,1080,1920,10.0,14.5,1.9,2.3,1.39,0.18,0.21,53,7,8,7.8,1.7,1.6,0.77,0.17,0.16,29,6,6,9687809154,,,,,,,,,,,,,,,,,2.75,,,,Invalid,Invalid,,,,,,,,,,,,,,,,,Screen Recording,Screen Recording Recording38.mp4,1920,1080,0,0,960,540,EyesNotFound,64,1023,,,,,,,,,,,,,,,
279268506,1120612473409,Eye Tracker,LipReading,08/25/2025,Chenmingjie,Recording38,07/01/2025,07/01/2025,16:47:15.576,08:47:15.576,803474,Timeline1,Tobii I-VT (Fixation),1.241.54219,1080,1920,10.0,14.5,1.9,2.3,1.39,0.18,0.21,53,7,8,7.8,1.7,1.6,0.77,0.17,0.16,29,6,6,9687813154,,,,,,,,,,,,,,,,,2.844,,,,Invalid,Invalid,,,,,,,,,,,,,,,,,Screen Recording,Screen Recording Recording38.mp4,1920,1080,0,0,960,540,EyesNotFound,64,1023,,,,,,,,,,,,,,,
279272506,1120612477409,Eye Tracker,LipReading,08/25/2025,Chenmingjie,Recording38,07/01/2025,07/01/2025,16:47:15.576,08:47:15.576,803474,Timeline1,Tobii I-VT (Fixation),1.241.54219,1080,1920,10.0,14.5,1.9,2.3,1.39,0.18,0.21,53,7,8,7.8,1.7,1.6,0.77,0.17,0.16,29,6,6,9687817154,,,,,,,,,,,,,,,,,2.937,,,,Invalid,Invalid,,,,,,,,,,,,,,,,,Screen Recording,Screen Recording Recording38.mp4,1920,1080,0,0,960,540,EyesNotFound,64,1023,,,,,,,,,,,,,,,
279276507,1120612481410,Eye Tracker,LipReading,08/25/2025,Chenmingjie,Recording38,07/01/2025,07/01/2025,16:47:15.576,08:47:15.576,803474,Timeline1,Tobii I-VT (Fixation),1.241.54219,1080,1920,10.0,14.5,1.9,2.3,1.39,0.18,0.21,53,7,8,7.8,1.7,1.6,0.77,0.17,0.16,29,6,6,9687821155,,,,,,,,,,,,,,,,,3.031,,,,Invalid,Invalid,,,,,,,,,,,,,,,,,Screen Recording,Screen Recording Recording38.mp4,1920,1080,0,0,960,540,EyesNotFound,64,1023,,,,,,,,,,,,,,,
279280506,1120612485409,Eye Tracker,LipReading,08/25/2025,Chenmingjie,Recording38,07/01/2025,07/01/2025,16:47:15.576,08:47:15.576,803474,Timeline1,Tobii I-VT (Fixation),1.241.54219,1080,1920,10.0,14.5,1.9,2.3,1.39,0.18,0.21,53,7,8,7.8,1.7,1.6,0.77,0.17,0.16,29,6,6,9687825154,,,,,,,,,,,,,,,,,3.124,,,,Invalid,Invalid,,,,,,,,,,,,,,,,,Screen Recording,Screen Recording Recording38.mp4,1920,1080,0,0,960,540,EyesNotFound,64,1023,,,,,,,,,,,,,,,
279284507,1120612489410,Eye Tracker,LipReading,08/25/2025,Chenmingjie,Recording38,07/01/2025,07/01/2025,16:47:15.576,08:47:15.576,803474,Timeline1,Tobii I-VT (Fixation),1.241.54219,1080,1920,10.0,14.5,1.9,2.3,1.39,0.18,0.21,53,7,8,7.8,1.7,1.6,0.77,0.17,0.16,29,6,6,9687829155,,,,,,,,,,,,,,,,,3.217,,,,Invalid,Invalid,,,,,,,,,,,,,,,,,Screen Recording,Screen Recording Recording38.mp4,1920,1080,0,0,960,540,EyesNotFound,64,1023,,,,,,,,,,,,,,,
279288507,1120612493410,Eye Tracker,LipReading,08/25/2025,Chenmingjie,Recording38,07/01/2025,07/01/2025,16:47:15.576,08:47:15.576,803474,Timeline1,Tobii I-VT (Fixation),1.241.54219,1080,1920,10.0,14.5,1.9,2.3,1.39,0.18,0.21,53,7,8,7.8,1.7,1.6,0.77,0.17,0.16,29,6,6,9687833155,,,,,,,,,,,,,,,,,3.311,,,,Invalid,Invalid,,,,,,,,,,,,,,,,,Screen Recording,Screen Recording Recording38.mp4,1920,1080,0,0,960,540,EyesNotFound,64,1023,,,,,,,,,,,,,,,
279292507,1120612497410,Eye Tracker,LipReading,08/25/2025,Chenmingjie,Recording38,07/01/2025,07/01/2025,16:47:15.576,08:47:15.576,803474,Timeline1,Tobii I-VT (Fixation),1.241.54219,1080,1920,10.0,14.5,1.9,2.3,1.39,0.18,0.21,53,7,8,7.8,1.7,1.6,0.77,0.17,0.16,29,6,6,9687837155,,,,,,,,,,,,,,,,,3.404,,,,Invalid,Invalid,,,,,,,,,,,,,,,,,Screen Recording,Screen Recording Recording38.mp4,1920,1080,0,0,960,540,EyesNotFound,64,1023,,,,,,,,,,,,,,,
279296505,1120612501408,Eye Tracker,LipReading,08/25/2025,Chenmingjie,Recording38,07/01/2025,07/01/2025,16:47:15.576,08:47:15.576,803474,Timeline1,Tobii I-VT (Fixation),1.241.54219,1080,1920,10.0,14.5,1.9,2.3,1.39,0.18,0.21,53,7,8,7.8,1.7,1.6,0.77,0.17,0.16,29,6,6,9687841154,,,,,,,,,,,,,,,,,3.497,,,,Invalid,Invalid,,,,,,,,,,,,,,,,,Screen Recording,Screen Recording Recording38.mp4,1920,1080,0,0,960,540,EyesNotFound,64,1023,,,,,,,,,,,,,,,
279300506,1120612505409,Eye Tracker,LipReading,08/25/2025,Chenmingjie,Recording38,07/01/2025,07/01/2025,16:47:15.576,08:47:15.576,803474,Timeline1,Tobii I-VT (Fixation),1.241.54219,1080,1920,10.0,14.5,1.9,2.3,1.39,0.18,0.21,53,7,8,7.8,1.7,1.6,0.77,0.17,0.16,29,6,6,9687845155,,,,,,,,,,,,,,,,,3.591,,,,Invalid,Invalid,,,,,,,,,,,,,,,,,Screen Recording,Screen Recording Recording38.mp4,1920,1080,0,0,960,540,EyesNotFound,64,1023,,,,,,,,,,,,,,,
279304505,1120612509408,Eye Tracker,LipReading,08/25/2025,Chenmingjie,Recording38,07/01/2025,07/01/2025,16:47:15.576,08:47:15.576,803474,Timeline1,Tobii I-VT (Fixation),1.241.54219,1080,1920,10.0,14.5,1.9,2.3,1.39,0.18,0.21,53,7,8,7.8,1.7,1.6,0.77,0.17,0.16,29,6,6,9687849154,,,,,,,,,,,,,,,,,3.684,,,,Invalid,Invalid,,,,,,,,,,,,,,,,,Screen Recording,Screen Recording Recording38.mp4,1920,1080,0,0,960,540,EyesNotFound,64,1023,,,,,,,,,,,,,,,
279308505,1120612513408,Eye Tracker,LipReading,08/25/2025,Chenmingjie,Recording38,07/01/2025,07/01/2025,16:47:15.576,08:47:15.576,803474,Timeline1,Tobii I-VT (Fixation),1.241.54219,1080,1920,10.0,14.5,1.9,2.3,1.39,0.18,0.21,53,7,8,7.8,1.7,1.6,0.77,0.17,0.16,29,6,6,9687853154,,,,,,,,,,,,,,,,,3.777,,,,Invalid,Invalid,,,,,,,,,,,,,,,,,Screen Recording,Screen Recording Recording38.mp4,1920,1080,0,0,960,540,EyesNotFound,64,1023,,,,,,,,,,,,,,,
279312505,1120612517408,Eye Tracker,LipReading,08/25/2025,Chenmingjie,Recording38,07/01/2025,07/01/2025,16:47:15.576,08:47:15.576,803474,Timeline1,Tobii I-VT (Fixation),1.241.54219,1080,1920,10.0,14.5,1.9,2.3,1.39,0.18,0.21,53,7,8,7.8,1.7,1.6,0.77,0.17,0.16,29,6,6,9687857154,,,,,,,,,,,,,,,,,3.871,,,,Invalid,Invalid,,,,,,,,,,,,,,,,,Screen Recording,Screen Recording Recording38.mp4,1920,1080,0,0,960,540,EyesNotFound,64,1023,,,,,,,,,,,,,,,
279316506,1120612521409,Eye Tracker,LipReading,08/25/2025,Chenmingjie,Recording38,07/01/2025,07/01/2025,16:47:15.576,08:47:15.576,803474,Timeline1,Tobii I-VT (Fixation),1.241.54219,1080,1920,10.0,14.5,1.9,2.3,1.39,0.18,0.21,53,7,8,7.8,1.7,1.6,0.77,0.17,0.16,29,6,6,9687861155,,,1043,611,1043,611,,,0.12395,0.14976,-0.98092,,,,3.964,,3.964,,,,Valid,Invalid,222.2,90.9,500.5,,,,285.5,167.3,,,0.5433,0.5662,0.5433,0.5662,,,Screen Recording,Screen Recording Recording38.mp4,1920,1080,0,0,960,540,Unclassified,4,1443,,,,,,,,,,,,,,,
279320505,1120612525408,Eye Tracker,LipReading,08/25/2025,Chenmingjie,Recording38,07/01/2025,07/01/2025,16:47:15.576,08:47:15.576,803474,Timeline1,Tobii I-VT (Fixation),1.241.54219,1080,1920,10.0,14.5,1.9,2.3,1.39,0.18,0.21,53,7,8,7.8,1.7,1.6,0.77,0.17,0.16,29,6,6,9687865154,,,,,,,,,,,,,,,,,3.972,,,,Invalid,Invalid,,,,,,,,,,,,,,,,,Screen Recording,Screen Recording Recording38.mp4,1920,1080,0,0,960,540,EyesNotFound,4,1024,,,,,,,,,,,,,,,
279324506,1120612529409,Eye Tracker,LipReading,08/25/2025,Chenmingjie,Recording38,07/01/2025,07/01/2025,16:47:15.576,08:47:15.576,803474,Timeline1,Tobii I-VT (Fixation),1.241.54219,1080,1920,10.0,14.5,1.9,2.3,1.39,0.18,0.21,53,7,8,7.8,1.7,1.6,0.77,0.17,0.16,29,6,6,9687869155,,,1021,614,1021,614,,,0.11196,0.15122,-0.98214,,,,3.982,,3.973,,,,Valid,Invalid,222.2,90.9,500.6,,,,279.3,168.0,,,0.5315,0.5683,0.5315,0.5683,,,Screen Recording,Screen Recording Recording38.mp4,1920,1080,0,0,960,540,Unclassified,40,1444,,,,,,,,,,,,,,,
279328506,1120612533409,Eye Tracker,LipReading,08/25/2025,Chenmingjie,Recording38,07/01/2025,07/01/2025,16:47:15.576,08:47:15.576,803474,Timeline1,Tobii I-VT (Fixation),1.241.54219,1080,1920,10.0,14.5,1.9,2.3,1.39,0.18,0.21,53,7,8,7.8,1.7,1.6,0.77,0.17,0.16,29,6,6,9687873155,,,1020,619,1020,619,,,0.1115,0.15366,-0.98181,,,,3.972,,3.982,,,,Valid,Invalid,222.2,90.9,500.5,,,,279.1,169.3,,,0.5311,0.5727,0.5311,0.5727,,,Screen Recording,Screen Recording Recording38.mp4,1920,1080,0,0,960,540,Unclassified,40,1444,,,,,,,,,,,,,,,
279332506,1120612537409,Eye Tracker,LipReading,08/25/2025,Chenmingjie,Recording38,07/01/2025,07/01/2025,16:47:15.576,08:47:15.576,803474,Timeline1,Tobii I-VT (Fixation),1.241.54219,1080,1920,10.0,14.5,1.9,2.3,1.39,0.18,0.21,53,7,8,7.8,1.7,1.6,0.77,0.17,0.16,29,6,6,9687877155,,,1018,601,1018,601,,,0.11075,0.14458,-0.98328,,,,3.997,,3.997,,,,Valid,Invalid,222.2,90.9,500.6,,,,278.6,164.5,,,0.5302,0.5567,0.5302,0.5567,,,Screen Recording,Screen Recording Recording38.mp4,1920,1080,0,0,960,540,Unclassified,40,1444,,,,,,,,,,,,,,,
279336505,1120612541408,Eye Tracker,LipReading,08/25/2025,Chenmingjie,Recording38,07/01/2025,07/01/2025,16:47:15.576,08:47:15.576,803474,Timeline1,Tobii I-VT (Fixation),1.241.54219,1080,1920,10.0,14.5,1.9,2.3,1.39,0.18,0.21,53,7,8,7.8,1.7,1.6,0.77,0.17,0.16,29,6,6,9687881154,,,1018,603,1018,603,,,0.11084,0.14526,-0.98317,,,,4.005,,4.005,,,,Valid,Invalid,222.2,91.0,500.5,,,,278.6,164.9,,,0.5303,0.5579,0.5303,0.5579,,,Screen Recording,Screen Recording Recording38.mp4,1920,1080,0,0,960,540,Unclassified,40,1444,,,,,,,,,,,,,,,
279340506,1120612545409,Eye Tracker,LipReading,08/25/2025,Chenmingjie,Recording38,07/01/2025,07/01/2025,16:47:15.576,08:47:15.576,803474,Timeline1,Tobii I-VT (Fixation),1.241.54219,1080,1920,10.0,14.5,1.9,2.3,1.39,0.18,0.21,53,7,8,7.8,1.7,1.6,0.77,0.17,0.16,29,6,6,9687885155,,,1017,586,1015,595,1020,578,0.10927,0.14124,-0.98393,-0.01224,0.13614,-0.99061,4.012,3.861,3.937,,,,Valid,Valid,222.2,90.9,500.5,285.2,89.4,499.6,277.8,162.8,279.1,158.1,0.5299,0.5428,0.5287,0.5508,0.5311,0.5348,Screen Recording,Screen Recording Recording38.mp4,1920,1080,0,0,960,540,Unclassified,40,1444,,,,,,,,,,,,,,,
279344505,1120612549408,Eye Tracker,LipReading,08/25/2025,Chenmingjie,Recording38,07/01/2025,07/01/2025,16:47:15.576,08:47:15.576,803474,Timeline1,Tobii I-VT (Fixation),1.241.54219,1080,1920,10.0,14.5,1.9,2.3,1.39,0.18,0.21,53,7,8,7.8,1.7,1.6,0.77,0.17,0.16,29,6,6,9687889154,,,1022,580,1024,590,1021,570,0.11383,0.13847,-0.9838,-0.01166,0.13228,-0.99114,4.046,3.871,3.959,,,,Valid,Valid,222.2,90.9,500.6,285.2,89.4,499.6,280.1,161.4,279.4,156.1,0.5324,0.5371,0.5331,0.546,0.5317,0.5282,Screen Recording,Screen Recording Recording38.mp4,1920,1080,0,0,960,540,Unclassified,40,1444,,,,,,,,,,,,,,,
279348505,1120612553408,Eye Tracker,LipReading,08/25/2025,Chenmingjie,Recording38,07/01/2025,07/01/2025,16:47:15.576,08:47:15.576,803474,Timeline1,Tobii I-VT (Fixation),1.241.54219,1080,1920,10.0,14.5,1.9,2.3,1.39,0.18,0.21,53,7,8,7.8,1.7,1.6,0.77,0.17,0.16,29,6,6,9687893154,,,1026,570,1029,576,1024,563,0.11683,0.13136,-0.98443,-0.01004,0.12852,-0.99166,4.097,3.89,3.977,,,,Valid,Valid,222.2,90.9,500.5,285.2,89.4,499.6,281.6,157.7,280.2,154.2,0.5346,0.5276,0.536,0.5337,0.5332,0.5216,Screen Recording,Screen Recording Recording38.mp4,1920,1080,0,0,960,540,Unclassified,40,1444,,,,,,,,,,,,,,,
279352505,1120612557408,Eye Tracker,LipReading,08/25/2025,Chenmingjie,Recording38,07/01/2025,07/01/2025,16:47:15.576,08:47:15.576,803474,Timeline1,Tobii I-VT (Fixation),1.241.54219,1080,1920,10.0,14.5,1.9,2.3,1.39,0.18,0.21,53,7,8,7.8,1.7,1.6,0.77,0.17,0.16,29,6,6,9687897154,,,1028,576,1028,576,,,0.11643,0.13131,-0.98448,,,,4.064,,4.003,,,,Valid,Invalid,222.2,91.0,500.5,,,,281.4,157.7,,,0.5356,0.5336,0.5356,0.5336,,,Screen Recording,Screen Recording Recording38.mp4,1920,1080,0,0,960,540,Unclassified,40,1444,,,,,,,,,,,,,,,
279356506,1120612561409,Eye Tracker,LipReading,08/25/2025,Chenmingjie,Recording38,07/01/2025,07/01/2025,16:47:15.576,08:47:15.576,803474,Timeline1,Tobii I-VT (Fixation),1.241.54219,1080,1920,10.0,14.5,1.9,2.3,1.39,0.18,0.21,53,7,8,7.8,1.7,1.6,0.77,0.17,0.16,29,6,6,9687901155,,,1022,560,1023,567,1021,553,0.11379,0.12652,-0.98542,-0.0115,0.12294,-0.99235,4.098,3.931,4.011,,,,Valid,Valid,222.2,90.9,500.5,285.2,89.4,499.5,280.0,155.2,279.5,151.3,0.5324,0.5186,0.5329,0.5251,0.5318,0.512,Screen Recording,Screen Recording Recording38.mp4,1920,1080,0,0,960,540,Unclassified,40,1444,,,,,,,,,,,,,,,
279360505,1120612565408,Eye Tracker,LipReading,08/25/2025,Chenmingjie,Recording38,07/01/2025,07/01/2025,16:47:15.576,08:47:15.576,803474,Timeline1,Tobii I-VT (Fixation),1.241.54219,1080,1920,10.0,14.5,1.9,2.3,1.39,0.18,0.21,53,7,8,7.8,1.7,1.6,0.77,0.17,0.16,29,6,6,9687905154,,,1019,568,1023,576,1015,560,0.11366,0.13123,-0.98481,-0.01501,0.12672,-0.99182,4.095,3.925,4.012,,,,Valid,Valid,222.2,91.0,500.5,285.2,89.4,499.6,280.0,157.6,277.7,153.2,0.5307,0.5259,0.5329,0.5334,0.5285,0.5185,Screen Recording,Screen Recording Recording38.mp4,1920,1080,0,0,960,540,Unclassified,40,1444,,,,,,,,,,,,,,,
279364506,1120612569409,Eye Tracker,LipReading,08/25/2025,Chenmingjie,Recording38,07/01/2025,07/01/2025,16:47:15.576,08:47:15.576,803474,Timeline1,Tobii I-VT (Fixation),1.241.54219,1080,1920,10.0,14.5,1.9,2.3,1.39,0.18,0.21,53,7,8,7.8,1.7,1.6,0.77,0.17,0.16,29,6,6,9687909155,,,1024,555,1032,559,1015,550,0.11868,0.12212,-0.98539,-0.01494,0.12157,-0.99247,4.111,3.929,4.015,,,,Valid,Valid,222.2,90.9,500.5,285.2,89.4,499.5,282.5,153.0,277.7,150.6,0.5331,0.5136,0.5376,0.5176,0.5285,0.5096,Screen Recording,Screen Recording Recording38.mp4,1920,1080,0,0,960,540,Saccade,12,1342,,,,,,,,,,,,,,,
279368505,1120612573408,Eye Tracker,LipReading,08/25/2025,Chenmingjie,Recording38,07/01/2025,07/01/2025,16:47:15.576,08:47:15.576,803474,Timeline1,Tobii I-VT (Fixation),1.241.54219,1080,1920,10.0,14.5,1.9,2.3,1.39,0.18,0.21,53,7,8,7.8,1.7,1.6,0.77,0.17,0.16,29,6,6,9687913154,,,1017,555,1018,568,1015,543,0.11123,0.12699,-0.98565,-0.01484,0.11763,-0.99295,4.101,3.925,4.02,,,,Valid,Valid,222.2,90.9,500.5,285.2,89.4,499.6,278.7,155.4,277.8,148.6,0.5295,0.5143,0.5304,0.5258,0.5286,0.5028,Screen Recording,Screen Recording Recording38.mp4,1920,1080,0,0,960,540,Saccade,12,1342,,,,,,,,,,,,,,,
279372505,1120612577408,Eye Tracker,LipReading,08/25/2025,Chenmingjie,Recording38,07/01/2025,07/01/2025,16:47:15.576,08:47:15.576,803474,Timeline1,Tobii I-VT (Fixation),1.241.54219,1080,1920,10.0,14.5,1.9,2.3,1.39,0.18,0.21,53,7,8,7.8,1.7,1.6,0.77,0.17,0.16,29,6,6,9687917154,,,1018,551,1021,558,1014,544,0.11267,0.12179,-0.98614,-0.01523,0.1184,-0.99285,4.12,3.946,4.032,,,,Valid,Valid,222.2,90.9,500.5,285.2,89.4,499.5,279.4,152.7,277.6,149.0,0.53,0.5105,0.5317,0.5168,0.5283,0.5041,Screen Recording,Screen Recording Recording38.mp4,1920,1080,0,0,960,540,Saccade,12,1342,,,,,,,,,,,,,,,
279376504,1120612581407,Eye Tracker,LipReading,08/25/2025,Chenmingjie,Recording38,07/01/2025,07/01/2025,16:47:15.576,08:47:15.576,803474,Timeline1,Tobii I-VT (Fixation),1.241.54219,1080,1920,10.0,14.5,1.9,2.3,1.39,0.18,0.21,53,7,8,7.8,1.7,1.6,0.77,0.17,0.16,29,6,6,9687921153,,,1025,537,1033,544,1017,531,0.11904,0.11396,-0.98633,-0.0138,0.11103,-0.99372,4.161,3.944,4.053,,,,Valid,Valid,222.2,90.9,500.4,285.2,89.4,499.5,282.6,148.8,278.3,145.2,0.5338,0.4974,0.5379,0.5033,0.5297,0.4914,Screen Recording,Screen Recording Recording38.mp4,1920,1080,0,0,960,540,Unclassified,52,1445,,,,,,,,,,,,,,,
279380505,1120612585408,Eye Tracker,LipReading,08/25/2025,Chenmingjie,Recording38,07/01/2025,07/01/2025,16:47:15.576,08:47:15.576,803474,Timeline1,Tobii I-VT (Fixation),1.241.54219,1080,1920,10.0,14.5,1.9,2.3,1.39,0.18,0.21,53,7,8,7.8,1.7,1.6,0.77,0.17,0.16,29,6,6,9687925154,,,1019,537,1023,546,1015,529,0.11373,0.11515,-0.98682,-0.01503,0.11031,-0.99378,4.167,3.964,4.063,,,,Valid,Valid,222.2,90.9,500.5,285.2,89.4,499.6,279.9,149.3,277.7,144.9,0.5306,0.4976,0.5327,0.5052,0.5285,0.4901,Screen Recording,Screen Recording Recording38.mp4,1920,1080,0,0,960,540,Unclassified,52,1445,,,,,,,,,,,,,,,
279384504,1120612589407,Eye Tracker,LipReading,08/25/2025,Chenmingjie,Recording38,07/01/2025,07/01/2025,16:47:15.576,08:47:15.576,803474,Timeline1,Tobii I-VT (Fixation),1.241.54219,1080,1920,10.0,14.5,1.9,2.3,1.39,0.18,0.21,53,7,8,7.8,1.7,1.6,0.77,0.17,0.16,29,6,6,9687929153,,,1020,537,1021,550,1020,523,0.11278,0.11757,-0.98664,-0.01242,0.10719,-0.99416,4.161,3.971,4.069,,,,Valid,Valid,222.2,90.9,500.5,285.2,89.4,499.6,279.4,150.6,279.0,143.3,0.5314,0.497,0.5318,0.5094,0.531,0.4847,Screen Recording,Screen Recording Recording38.mp4,1920,1080,0,0,960,540,Unclassified,52,1445,,,,,,,,,,,,,,,
279388503,1120612593406,Eye Tracker,LipReading,08/25/2025,Chenmingjie,Recording38,07/01/2025,07/01/2025,16:47:15.576,08:47:15.576,803474,Timeline1,Tobii I-VT (Fixation),1.241.54219,1080,1920,10.0,14.5,1.9,2.3,1.39,0.18,0.21,53,7,8,7.8,1.7,1.6,0.77,0.17,0.16,29,6,6,9687933153,,,1022,532,1030,537,1015,528,0.11755,0.11028,-0.98692,-0.01482,0.10947,-0.99388,4.196,3.986,4.081,,,,Valid,Valid,222.2,90.9,500.5,285.2,89.4,499.5,281.8,146.8,277.8,144.4,0.5325,0.4927,0.5364,0.4968,0.5287,0.4887,Screen Recording,Screen Recording Recording38.mp4,1920,1080,0,0,960,540,Unclassified,52,1445,,,,,,,,,,,,,,,
279392503,1120612597406,Eye Tracker,LipReading,08/25/2025,Chenmingjie,Recording38,07/01/2025,07/01/2025,16:47:15.576,08:47:15.576,803474,Timeline1,Tobii I-VT (Fixation),1.241.54219,1080,1920,10.0,14.5,1.9,2.3,1.39,0.18,0.21,53,7,8,7.8,1.7,1.6,0.77,0.17,0.16,29,6,6,9687937153,,,1013,538,1014,552,1012,524,0.10923,0.11847,-0.98693,-0.01631,0.10746,-0.99408,4.175,3.992,4.09,,,,Valid,Valid,222.2,90.9,500.5,285.3,89.4,499.5,277.6,151.0,277.1,143.4,0.5278,0.498,0.5283,0.5108,0.5273,0.4851,Screen Recording,Screen Recording Recording38.mp4,1920,1080,0,0,960,540,Unclassified,52,1445,,,,,,,,,,,,,,,
279396504,1120612601407,Eye Tracker,LipReading,08/25/2025,Chenmingjie,Recording38,07/01/2025,07/01/2025,16:47:15.576,08:47:15.576,803474,Timeline1,Tobii I-VT (Fixation),1.241.54219,1080,1920,10.0,14.5,1.9,2.3,1.39,0.18,0.21,53,7,8,7.8,1.7,1.6,0.77,0.17,0.16,29,6,6,9687941154,,,1020,528,1023,535,1017,521,0.11416,0.10949,-0.98741,-0.01354,0.10603,-0.99427,4.189,4.006,4.094,,,,Valid,Valid,222.2,90.9,500.5,285.2,89.4,499.5,280.1,146.4,278.4,142.7,0.5315,0.489,0.533,0.4953,0.5299,0.4827,Screen Recording,Screen Recording Recording38.mp4,1920,1080,0,0,960,540,Unclassified,52,1445,,,,,,,,,,,,,,,
279400503,1120612605406,Eye Tracker,LipReading,08/25/2025,Chenmingjie,Recording38,07/01/2025,07/01/2025,16:47:15.576,08:47:15.576,803474,Timeline1,Tobii I-VT (Fixation),1.241.54219,1080,1920,10.0,14.5,1.9,2.3,1.39,0.18,0.21,53,7,8,7.8,1.7,1.6,0.77,0.17,0.16,29,6,6,9687945153,,,1020,523,1024,529,1015,516,0.11458,0.10649,-0.98769,-0.01485,0.1032,-0.99455,4.201,3.991,4.097,,,,Valid,Valid,222.2,90.9,500.5,285.2,89.4,499.5,280.3,144.8,277.8,141.2,0.5311,0.484,0.5334,0.4901,0.5287,0.4778,Screen Recording,Screen Recording Recording38.mp4,1920,1080,0,0,960,540,Unclassified,52,1445,,,,,,,,,,,,,,,
279404504,1120612609407,Eye Tracker,LipReading,08/25/2025,Chenmingjie,Recording38,07/01/2025,07/01/2025,16:47:15.576,08:47:15.576,803474,Timeline1,Tobii I-VT (Fixation),1.241.54219,1080,1920,10.0,14.5,1.9,2.3,1.39,0.18,0.21,53,7,8,7.8,1.7,1.6,0.77,0.17,0.16,29,6,6,9687949154,,,1020,520,1025,524,1014,516,0.11532,0.1036,-0.98791,-0.01545,0.10333,-0.99453,4.215,4.004,4.106,,,,Valid,Valid,222.2,90.9,500.5,285.2,89.4,499.5,280.6,143.4,277.5,141.3,0.5311,0.4815,0.5341,0.4851,0.5281,0.478,Screen Recording,Screen Recording Recording38.mp4,1920,1080,0,0,960,540,Unclassified,52,1445,,,,,,,,,,,,,,,
279408504,1120612613407,Eye Tracker,LipReading,08/25/2025,Chenmingjie,Recording38,07/01/2025,07/01/2025,16:47:15.576,08:47:15.576,803474,Timeline1,Tobii I-VT (Fixation),1.241.54219,1080,1920,10.0,14.5,1.9,2.3,1.39,0.18,0.21,53,7,8,7.8,1.7,1.6,0.77,0.17,0.16,29,6,6,9687953154,,,1020,519,1021,524,1019,513,0.11299,0.10382,-0.98816,-0.0128,0.10148,-0.99476,4.222,3.989,4.109,,,,Valid,Valid,222.2,90.9,500.4,285.2,89.4,499.5,279.4,143.5,278.8,140.4,0.5312,0.4801,0.5318,0.4854,0.5306,0.4749,Screen Recording,Screen Recording Recording38.mp4,1920,1080,0,0,960,540,Unclassified,52,1445,,,,,,,,,,,,,,,
279412504,1120612617407,Eye Tracker,LipReading,08/25/2025,Chenmingjie,Recording38,07/01/2025,07/01/2025,16:47:15.576,08:47:15.576,803474,Timeline1,Tobii I-VT (Fixation),1.241.54219,1080,1920,10.0,14.5,1.9,2.3,1.39,0.18,0.21,53,7,8,7.8,1.7,1.6,0.77,0.17,0.16,29,6,6,9687957154,,,1018,519,1021,525,1015,513,0.11278,0.10421,-0.98814,-0.01463,0.10175,-0.9947,4.209,4.004,4.109,,,,Valid,Valid,222.2,90.9,500.5,285.2,89.4,499.5,279.3,143.7,277.9,140.5,0.5303,0.4807,0.5316,0.4861,0.5289,0.4753,Screen Recording,Screen Recording Recording38.mp4,1920,1080,0,0,960,540,Unclassified,52,1445,,,,,,,,,,,,,,,
279416503,1120612621406,Eye Tracker,LipReading,08/25/2025,Chenmingjie,Recording38,07/01/2025,07/01/2025,16:47:15.576,08:47:15.576,803474,Timeline1,Tobii I-VT (Fixation),1.241.54219,1080,1920,10.0,14.5,1.9,2.3,1.39,0.18,0.21,53,7,8,7.8,1.7,1.6,0.77,0.17,0.16,29,6,6,9687961153,,,1017,517,1020,523,1013,512,0.11258,0.10294,-0.9883,-0.01587,0.10089,-0.99477,4.214,4.014,4.118,,,,Valid,Valid,222.2,90.9,500.4,285.2,89.4,499.5,279.2,143.0,277.3,140.1,0.5296,0.4789,0.5314,0.4839,0.5277,0.4739,Screen Recording,Screen Recording Recording38.mp4,1920,1080,0,0,960,540,Unclassified,52,1445,,,,,,,,,,,,,,,
279420504,1120612625407,Eye Tracker,LipReading,08/25/2025,Chenmingjie,Recording38,07/01/2025,07/01/2025,16:47:15.576,08:47:15.576,803474,Timeline1,Tobii I-VT (Fixation),1.241.54219,1080,1920,10.0,14.5,1.9,2.3,1.39,0.18,0.21,53,7,8,7.8,1.7,1.6,0.77,0.17,0.16,29,6,6,9687965154,,,1021,513,1025,515,1016,511,0.11528,0.09861,-0.98843,-0.01419,0.10021,-0.99487,4.233,4.031,4.125,,,,Valid,Valid,222.2,90.9,500.4,285.2,89.4,499.4,280.6,140.8,278.1,139.7,0.5317,0.4746,0.534,0.4765,0.5293,0.4727,Screen Recording,Screen Recording Recording38.mp4,1920,1080,0,0,960,540,Unclassified,52,1445,,,,,,,,,,,,,,,
279424503,1120612629406,Eye Tracker,LipReading,08/25/2025,Chenmingjie,Recording38,07/01/2025,07/01/2025,16:47:15.576,08:47:15.576,803474,Timeline1,Tobii I-VT (Fixation),1.241.54219,1080,1920,10.0,14.5,1.9,2.3,1.39,0.18,0.21,53,7,8,7.8,1.7,1.6,0.77,0.17,0.16,29,6,6,9687969153,,,1020,513,1023,521,1016,506,0.11409,0.10189,-0.98823,-0.01414,0.09765,-0.99512,4.233,4.019,4.126,,,,Valid,Valid,222.2,90.9,500.4,285.2,89.4,499.5,280.0,142.5,278.1,138.4,0.5311,0.4752,0.5329,0.4821,0.5294,0.4682,Screen Recording,Screen Recording Recording38.mp4,1920,1080,0,0,960,540,Unclassified,52,1445,,,,,,,,,,,,,,,
279428503,1120612633406,Eye Tracker,LipReading,08/25/2025,Chenmingjie,Recording38,07/01/2025,07/01/2025,16:47:15.576,08:47:15.576,803474,Timeline1,Tobii I-VT (Fixation),1.241.54219,1080,1920,10.0,14.5,1.9,2.3,1.39,0.18,0.21,53,7,8,7.8,1.7,1.6,0.77,0.17,0.16,29,6,6,9687973153,,,1023,508,1030,511,1015,505,0.11803,0.09676,-0.98829,-0.01462,0.09737,-0.99514,4.251,4.018,4.141,,,,Valid,Valid,222.2,90.9,500.4,285.2,89.4,499.4,282.0,139.9,277.9,138.3,0.5328,0.4706,0.5366,0.4734,0.5289,0.4679,Screen Recording,Screen Recording Recording38.mp4,1920,1080,0,0,960,540,Saccade,48,1343,,,,,,,,,,,,,,,
279432503,1120612637406,Eye Tracker,LipReading,08/25/2025,Chenmingjie,Recording38,07/01/2025,07/01/2025,16:47:15.576,08:47:15.576,803474,Timeline1,Tobii I-VT (Fixation),1.241.54219,1080,1920,10.0,14.5,1.9,2.3,1.39,0.18,0.21,53,7,8,7.8,1.7,1.6,0.77,0.17,0.16,29,6,6,9687977153,,,1014,513,1016,517,1011,510,0.11052,0.09986,-0.98884,-0.01699,0.10002,-0.99484,4.259,4.031,4.141,,,,Valid,Valid,222.2,90.9,500.4,285.2,89.4,499.4,278.1,141.4,276.7,139.6,0.5279,0.4754,0.5293,0.4785,0.5265,0.4724,Screen Recording,Screen Recording Recording38.mp4,1920,1080,0,0,960,540,Saccade,48,1343,,,,,,,,,,,,,,,
279436504,1120612641407,Eye Tracker,LipReading,08/25/2025,Chenmingjie,Recording38,07/01/2025,07/01/2025,16:47:15.576,08:47:15.576,803474,Timeline1,Tobii I-VT (Fixation),1.241.54219,1080,1920,10.0,14.5,1.9,2.3,1.39,0.18,0.21,53,7,8,7.8,1.7,1.6,0.77,0.17,0.16,29,6,6,9687981154,,,993,511,993,516,992,506,0.09842,0.09945,-0.99016,-0.0273,0.09805,-0.99481,4.253,4.032,4.141,,,,Valid,Valid,222.1,90.9,500.4,285.1,89.4,499.5,271.9,141.2,271.4,138.6,0.517,0.4732,0.5174,0.4776,0.5166,0.4689,Screen Recording,Screen Recording Recording38.mp4,1920,1080,0,0,960,540,Saccade,48,1343,,,,,,,,,,,,,,,
279440503,1120612645406,Eye Tracker,LipReading,08/25/2025,Chenmingjie,Recording38,07/01/2025,07/01/2025,16:47:15.576,08:47:15.576,803474,Timeline1,Tobii I-VT (Fixation),1.241.54219,1080,1920,10.0,14.5,1.9,2.3,1.39,0.18,0.21,53,7,8,7.8,1.7,1.6,0.77,0.17,0.16,29,6,6,9687985153,,,951,518,947,530,954,506,0.07352,0.10748,-0.99149,-0.04759,0.09774,-0.99407,4.184,4.033,4.11,,,,Valid,Valid,222.0,90.8,500.5,285.0,89.4,499.4,259.1,145.1,261.1,138.5,0.4951,0.4797,0.4932,0.4909,0.4969,0.4685,Screen Recording,Screen Recording Recording38.mp4,1920,1080,0,0,960,540,Saccade,48,1343,,,,,,,,,,,,,,,
279444504,1120612649407,Eye Tracker,LipReading,08/25/2025,Chenmingjie,Recording38,07/01/2025,07/01/2025,16:47:15.576,08:47:15.576,803474,Timeline1,Tobii I-VT (Fixation),1.241.54219,1080,1920,10.0,14.5,1.9,2.3,1.39,0.18,0.21,53,7,8,7.8,1.7,1.6,0.77,0.17,0.16,29,6,6,9687989154,,,917,517,912,535,921,499,0.05494,0.11017,-0.99239,-0.06532,0.09377,-0.99345,4.185,4.026,4.109,,,,Valid,Valid,222.0,90.8,500.4,284.9,89.3,499.5,249.7,146.4,252.1,136.4,0.4774,0.4785,0.4751,0.4953,0.4797,0.4617,Screen Recording,Screen Recording Recording38.mp4,1920,1080,0,0,960,540,Saccade,48,1343,,,,,,,,,,,,,,,
279448504,1120612653407,Eye Tracker,LipReading,08/25/2025,Chenmingjie,Recording38,07/01/2025,07/01/2025,16:47:15.576,08:47:15.576,803474,Timeline1,Tobii I-VT (Fixation),1.241.54219,1080,1920,10.0,14.5,1.9,2.3,1.39,0.18,0.21,53,7,8,7.8,1.7,1.6,0.77,0.17,0.16,29,6,6,9687993154,,,894,514,890,525,898,504,0.04328,0.10518,-0.99351,-0.07772,0.09643,-0.9923,4.188,4.028,4.108,,,,Valid,Valid,221.9,90.8,500.4,284.8,89.3,499.4,243.7,143.8,245.7,137.8,0.4657,0.4764,0.4638,0.4864,0.4676,0.4663,Screen Recording,Screen Recording Recording38.mp4,1920,1080,0,0,960,540,Saccade,48,1343,,,,,,,,,,,,,,,
279452504,1120612657407,Eye Tracker,LipReading,08/25/2025,Chenmingjie,Recording38,07/01/2025,07/01/2025,16:47:15.576,08:47:15.576,803474,Timeline1,Tobii I-VT (Fixation),1.241.54219,1080,1920,10.0,14.5,1.9,2.3,1.39,0.18,0.21,53,7,8,7.8,1.7,1.6,0.77,0.17,0.16,29,6,6,9687997154,,,865,510,864,526,867,493,0.02921,0.10565,-0.99397,-0.09426,0.09074,-0.9914,4.154,4.037,4.095,,,,Valid,Valid,221.8,90.7,500.4,284.7,89.3,499.4,236.5,143.9,237.2,135.0,0.4508,0.4718,0.4501,0.487,0.4514,0.4567,Screen Recording,Screen Recording Recording38.mp4,1920,1080,0,0,960,540,Saccade,48,1343,,,,,,,,,,,,,,,
279456503,1120612661406,Eye Tracker,LipReading,08/25/2025,Chenmingjie,Recording38,07/01/2025,07/01/2025,16:47:15.576,08:47:15.576,803474,Timeline1,Tobii I-VT (Fixation),1.241.54219,1080,1920,10.0,14.5,1.9,2.3,1.39,0.18,0.21,53,7,8,7.8,1.7,1.6,0.77,0.17,0.16,29,6,6,9688001153,,,834,502,833,520,834,484,0.01234,0.10276,-0.99463,-0.11143,0.08592,-0.99005,4.159,4.031,4.092,,,,Valid,Valid,221.7,90.6,500.5,284.6,89.2,499.4,227.9,142.4,228.3,132.5,0.4342,0.465,0.4338,0.4816,0.4346,0.4485,Screen Recording,Screen Recording Recording38.mp4,1920,1080,0,0,960,540,Saccade,48,1343,,,,,,,,,,,,,,,
279460504,1120612665407,Eye Tracker,LipReading,08/25/2025,Chenmingjie,Recording38,07/01/2025,07/01/2025,16:47:15.576,08:47:15.576,803474,Timeline1,Tobii I-VT (Fixation),1.241.54219,1080,1920,10.0,14.5,1.9,2.3,1.39,0.18,0.21,53,7,8,7.8,1.7,1.6,0.77,0.17,0.16,29,6,6,9688005154,,,811,507,812,524,811,490,0.00083,0.10498,-0.99447,-0.12379,0.0887,-0.98834,4.116,4.045,4.082,,,,Valid,Valid,221.7,90.6,500.5,284.4,89.2,499.4,222.1,143.4,221.9,134.0,0.4225,0.4693,0.4227,0.4853,0.4223,0.4533,Screen Recording,Screen Recording Recording38.mp4,1920,1080,0,0,960,540,Saccade,48,1343,,,,,,,,,,,,,,,
279464503,1120612669406,Eye Tracker,LipReading,08/25/2025,Chenmingjie,Recording38,07/01/2025,07/01/2025,16:47:15.576,08:47:15.576,803474,Timeline1,Tobii I-VT (Fixation),1.241.54219,1080,1920,10.0,14.5,1.9,2.3,1.39,0.18,0.21,53,7,8,7.8,1.7,1.6,0.77,0.17,0.16,29,6,6,9688009153,,,795,508,798,540,793,477,-0.0065,0.11336,-0.99353,-0.13316,0.08178,-0.98771,4.132,4.0,4.08,,,,Valid,Valid,221.6,90.5,500.5,284.3,89.2,499.3,218.3,147.6,217.0,130.5,0.4143,0.4706,0.4155,0.4996,0.413,0.4416,Screen Recording,Screen Recording Recording38.mp4,1920,1080,0,0,960,540,Saccade,48,1343,,,,,,,,,,,,,,,
279468503,1120612673406,Eye Tracker,LipReading,08/25/2025,Chenmingjie,Recording38,07/01/2025,07/01/2025,16:47:15.576,08:47:15.576,803474,Timeline1,Tobii I-VT (Fixation),1.241.54219,1080,1920,10.0,14.5,1.9,2.3,1.39,0.18,0.21,53,7,8,7.8,1.7,1.6,0.77,0.17,0.16,29,6,6,9688013153,,,782,498,784,531,781,465,-0.01399,0.10901,-0.99394,-0.13946,0.0757,-0.98733,4.12,3.984,4.08,,,,Valid,Valid,221.5,90.6,500.5,284.3,89.1,499.4,214.5,145.4,213.7,127.4,0.4075,0.4616,0.4082,0.4921,0.4067,0.431,Screen Recording,Screen Recording Recording38.mp4,1920,1080,0,0,960,540,Saccade,48,1343,,,,,,,,,,,,,,,
279472503,1120612677406,Eye Tracker,LipReading,08/25/2025,Chenmingjie,Recording38,07/01/2025,07/01/2025,16:47:15.576,08:47:15.576,803474,Timeline1,Tobii I-VT (Fixation),1.241.54219,1080,1920,10.0,14.5,1.9,2.3,1.39,0.18,0.21,53,7,8,7.8,1.7,1.6,0.77,0.17,0.16,29,6,6,9688017153,,,757,474,,,757,474,,,,-0.152,0.08026,-0.98512,,4.029,4.08,,,,Invalid,Valid,,,,284.2,89.1,499.4,,,207.1,129.7,0.3942,0.439,,,0.3942,0.439,Screen Recording,Screen Recording Recording38.mp4,1920,1080,0,0,960,540,Saccade,48,1343,,,,,,,,,,,,,,,
279476503,1120612681406,Eye Tracker,LipReading,08/25/2025,Chenmingjie,Recording38,07/01/2025,07/01/2025,16:47:15.576,08:47:15.576,803474,Timeline1,Tobii I-VT (Fixation),1.241.54219,1080,1920,10.0,14.5,1.9,2.3,1.39,0.18,0.21,53,7,8,7.8,1.7,1.6,0.77,0.17,0.16,29,6,6,9688021154,,,,,,,,,,,,,,,,,4.086,,,,Invalid,Invalid,,,,,,,,,,,,,,,,,Screen Recording,Screen Recording Recording38.mp4,1920,1080,0,0,960,540,EyesNotFound,4,1025,,,,,,,,,,,,,,,
279480502,1120612685405,Eye Tracker,LipReading,08/25/2025,Chenmingjie,Recording38,07/01/2025,07/01/2025,16:47:15.576,08:47:15.576,803474,Timeline1,Tobii I-VT (Fixation),1.241.54219,1080,1920,10.0,14.5,1.9,2.3,1.39,0.18,0.21,53,7,8,7.8,1.7,1.6,0.77,0.17,0.16,29,6,6,9688025153,,,726,480,,,726,480,,,,-0.16786,0.08337,-0.98228,,4.033,4.092,,,,Invalid,Valid,,,,284.0,88.9,499.4,,,198.7,131.3,0.3781,0.4444,,,0.3781,0.4444,Screen Recording,Screen Recording Recording38.mp4,1920,1080,0,0,960,540,Saccade,56,1344,,,,,,,,,,,,,,,
279484503,1120612689406,Eye Tracker,LipReading,08/25/2025,Chenmingjie,Recording38,07/01/2025,07/01/2025,16:47:15.576,08:47:15.576,803474,Timeline1,Tobii I-VT (Fixation),1.241.54219,1080,1920,10.0,14.5,1.9,2.3,1.39,0.18,0.21,53,7,8,7.8,1.7,1.6,0.77,0.17,0.16,29,6,6,9688029154,,,718,469,,,718,469,,,,-0.17203,0.07724,-0.98206,,4.069,4.097,,,,Invalid,Valid,,,,284.0,88.9,499.4,,,196.5,128.2,0.374,0.4338,,,0.374,0.4338,Screen Recording,Screen Recording Recording38.mp4,1920,1080,0,0,960,540,Saccade,56,1344,,,,,,,,,,,,,,,
279488503,1120612693406,Eye Tracker,LipReading,08/25/2025,Chenmingjie,Recording38,07/01/2025,07/01/2025,16:47:15.576,08:47:15.576,803474,Timeline1,Tobii I-VT (Fixation),1.241.54219,1080,1920,10.0,14.5,1.9,2.3,1.39,0.18,0.21,53,7,8,7.8,1.7,1.6,0.77,0.17,0.16,29,6,6,9688033154,,,702,445,,,702,445,,,,-0.18042,0.06455,-0.98147,,4.067,4.112,,,,Invalid,Valid,,,,283.9,88.9,499.4,,,192.1,121.8,0.3656,0.412,,,0.3656,0.412,Screen Recording,Screen Recording Recording38.mp4,1920,1080,0,0,960,540,Saccade,56,1344,,,,,,,,,,,,,,,
279492503,1120612697406,Eye Tracker,LipReading,08/25/2025,Chenmingjie,Recording38,07/01/2025,07/01/2025,16:47:15.576,08:47:15.576,803474,Timeline1,Tobii I-VT (Fixation),1.241.54219,1080,1920,10.0,14.5,1.9,2.3,1.39,0.18,0.21,53,7,8,7.8,1.7,1.6,0.77,0.17,0.16,29,6,6,9688037154,,,683,435,,,683,435,,,,-0.19024,0.05921,-0.97995,,4.023,4.124,,,,Invalid,Valid,,,,283.9,88.9,499.3,,,186.9,119.1,0.3557,0.403,,,0.3557,0.403,Screen Recording,Screen Recording Recording38.mp4,1920,1080,0,0,960,540,Saccade,56,1344,,,,,,,,,,,,,,,
279496502,1120612701405,Eye Tracker,LipReading,08/25/2025,Chenmingjie,Recording38,07/01/2025,07/01/2025,16:47:15.576,08:47:15.576,803474,Timeline1,Tobii I-VT (Fixation),1.241.54219,1080,1920,10.0,14.5,1.9,2.3,1.39,0.18,0.21,53,7,8,7.8,1.7,1.6,0.77,0.17,0.16,29,6,6,9688041153,,,683,422,,,683,422,,,,-0.19045,0.05227,-0.9803,,4.053,4.129,,,,Invalid,Valid,,,,283.8,88.9,499.3,,,186.8,115.6,0.3555,0.391,,,0.3555,0.391,Screen Recording,Screen Recording Recording38.mp4,1920,1080,0,0,960,540,Saccade,56,1344,,,,,,,,,,,,,,,
279500503,1120612705406,Eye Tracker,LipReading,08/25/2025,Chenmingjie,Recording38,07/01/2025,07/01/2025,16:47:15.576,08:47:15.576,803474,Timeline1,Tobii I-VT (Fixation),1.241.54219,1080,1920,10.0,14.5,1.9,2.3,1.39,0.18,0.21,53,7,8,7.8,1.7,1.6,0.77,0.17,0.16,29,6,6,9688045154,,,656,412,,,656,412,,,,-0.2043,0.04662,-0.9778,,4.075,4.138,,,,Invalid,Valid,,,,283.8,88.9,499.4,,,179.5,112.7,0.3415,0.3814,,,0.3415,0.3814,Screen Recording,Screen Recording Recording38.mp4,1920,1080,0,0,960,540,Saccade,56,1344,,,,,,,,,,,,,,,
279504502,1120612709405,Eye Tracker,LipReading,08/25/2025,Chenmingjie,Recording38,07/01/2025,07/01/2025,16:47:15.576,08:47:15.576,803474,Timeline1,Tobii I-VT (Fixation),1.241.54219,1080,1920,10.0,14.5,1.9,2.3,1.39,0.18,0.21,53,7,8,7.8,1.7,1.6,0.77,0.17,0.16,29,6,6,9688049153,,,674,429,677,454,672,404,-0.07147,0.06752,-0.99515,-0.19614,0.04251,-0.97965,4.212,4.106,4.159,,,,Valid,Valid,221.2,90.4,500.5,283.8,88.9,499.4,185.3,124.3,183.8,110.6,0.3512,0.3975,0.3526,0.4207,0.3498,0.3742,Screen Recording,Screen Recording Recording38.mp4,1920,1080,0,0,960,540,Saccade,56,1344,,,,,,,,,,,,,,,
279508502,1120612713405,Eye Tracker,LipReading,08/25/2025,Chenmingjie,Recording38,07/01/2025,07/01/2025,16:47:15.576,08:47:15.576,803474,Timeline1,Tobii I-VT (Fixation),1.241.54219,1080,1920,10.0,14.5,1.9,2.3,1.39,0.18,0.21,53,7,8,7.8,1.7,1.6,0.77,0.17,0.16,29,6,6,9688053153,,,675,386,,,675,386,,,,-0.19467,0.03282,-0.98032,,4.127,4.181,,,,Invalid,Valid,,,,283.8,89.0,499.3,,,184.6,105.7,0.3514,0.3576,,,0.3514,0.3576,Screen Recording,Screen Recording Recording38.mp4,1920,1080,0,0,960,540,Saccade,56,1344,,,,,,,,,,,,,,,
279512502,1120612717405,Eye Tracker,LipReading,08/25/2025,Chenmingjie,Recording38,07/01/2025,07/01/2025,16:47:15.576,08:47:15.576,803474,Timeline1,Tobii I-VT (Fixation),1.241.54219,1080,1920,10.0,14.5,1.9,2.3,1.39,0.18,0.21,53,7,8,7.8,1.7,1.6,0.77,0.17,0.16,29,6,6,9688057153,,,678,417,684,452,673,382,-0.06778,0.06608,-0.99551,-0.1956,0.03039,-0.98021,4.259,4.172,4.204,,,,Valid,Valid,221.2,90.5,500.4,283.8,89.0,499.3,187.1,123.7,184.2,104.5,0.3533,0.3859,0.3561,0.4184,0.3505,0.3534,Screen Recording,Screen Recording Recording38.mp4,1920,1080,0,0,960,540,Saccade,56,1344,,,,,,,,,,,,,,,
279516503,1120612721406,Eye Tracker,LipReading,08/25/2025,Chenmingjie,Recording38,07/01/2025,07/01/2025,16:47:15.576,08:47:15.576,803474,Timeline1,Tobii I-VT (Fixation),1.241.54219,1080,1920,10.0,14.5,1.9,2.3,1.39,0.18,0.21,53,7,8,7.8,1.7,1.6,0.77,0.17,0.16,29,6,6,9688061154,,,673,399,678,421,669,377,-0.07097,0.04945,-0.99625,-0.19777,0.02773,-0.97986,4.279,4.189,4.224,,,,Valid,Valid,221.1,90.5,500.4,283.8,89.0,499.3,185.5,115.3,183.0,103.1,0.3507,0.3695,0.353,0.3901,0.3483,0.3489,Screen Recording,Screen Recording Recording38.mp4,1920,1080,0,0,960,540,Saccade,56,1344,,,,,,,,,,,,,,,
279520502,1120612725405,Eye Tracker,LipReading,08/25/2025,Chenmingjie,Recording38,07/01/2025,07/01/2025,16:47:15.576,08:47:15.576,803474,Timeline1,Tobii I-VT (Fixation),1.241.54219,1080,1920,10.0,14.5,1.9,2.3,1.39,0.18,0.21,53,7,8,7.8,1.7,1.6,0.77,0.17,0.16,29,6,6,9688065153,,,673,389,677,403,669,375,-0.07152,0.03922,-0.99667,-0.19777,0.02686,-0.97988,4.233,4.193,4.229,,,,Valid,Valid,221.1,90.5,500.4,283.8,89.0,499.3,185.2,110.2,183.0,102.7,0.3504,0.3601,0.3525,0.3728,0.3483,0.3475,Screen Recording,Screen Recording Recording38.mp4,1920,1080,0,0,960,540,Saccade,56,1344,,,,,,,,,,,,,,,
279524503,1120612729406,Eye Tracker,LipReading,08/25/2025,Chenmingjie,Recording38,07/01/2025,07/01/2025,16:47:15.576,08:47:15.576,803474,Timeline1,Tobii I-VT (Fixation),1.241.54219,1080,1920,10.0,14.5,1.9,2.3,1.39,0.18,0.21,53,7,8,7.8,1.7,1.6,0.77,0.17,0.16,29,6,6,9688069154,,,674,370,680,380,669,360,-0.06975,0.02668,-0.99721,-0.19785,0.01866,-0.98005,4.27,4.212,4.235,,,,Valid,Valid,221.1,90.5,500.5,283.8,89.0,499.3,186.1,103.9,183.0,98.5,0.3513,0.3424,0.3542,0.3515,0.3483,0.3334,Screen Recording,Screen Recording Recording38.mp4,1920,1080,0,0,960,540,Saccade,56,1344,,,,,,,,,,,,,,,
279528503,1120612733406,Eye Tracker,LipReading,08/25/2025,Chenmingjie,Recording38,07/01/2025,07/01/2025,16:47:15.576,08:47:15.576,803474,Timeline1,Tobii I-VT (Fixation),1.241.54219,1080,1920,10.0,14.5,1.9,2.3,1.39,0.18,0.21,53,7,8,7.8,1.7,1.6,0.77,0.17,0.16,29,6,6,9688073154,,,670,372,670,378,671,366,-0.07534,0.02592,-0.99682,-0.1967,0.0217,-0.98022,4.265,4.199,4.241,,,,Valid,Valid,221.1,90.5,500.4,283.8,89.0,499.3,183.3,103.5,183.6,100.1,0.3491,0.3445,0.3488,0.3503,0.3495,0.3386,Screen Recording,Screen Recording Recording38.mp4,1920,1080,0,0,960,540,Saccade,56,1344,,,,,,,,,,,,,,,
279532503,1120612737406,Eye Tracker,LipReading,08/25/2025,Chenmingjie,Recording38,07/01/2025,07/01/2025,16:47:15.576,08:47:15.576,803474,Timeline1,Tobii I-VT (Fixation),1.241.54219,1080,1920,10.0,14.5,1.9,2.3,1.39,0.18,0.21,53,7,8,7.8,1.7,1.6,0.77,0.17,0.16,29,6,6,9688077154,,,677,373,679,379,676,368,-0.07041,0.02625,-0.99717,-0.19398,0.02271,-0.98074,4.292,4.221,4.255,,,,Valid,Valid,221.1,90.5,500.4,283.8,89.0,499.3,185.8,103.7,185.1,100.6,0.3529,0.3456,0.3535,0.3509,0.3522,0.3404,Screen Recording,Screen Recording Recording38.mp4,1920,1080,0,0,960,540,Saccade,56,1344,,,,,,,,,,,,,,,
279536502,1120612741405,Eye Tracker,LipReading,08/25/2025,Chenmingjie,Recording38,07/01/2025,07/01/2025,16:47:15.576,08:47:15.576,803474,Timeline1,Tobii I-VT (Fixation),1.241.54219,1080,1920,10.0,14.5,1.9,2.3,1.39,0.18,0.21,53,7,8,7.8,1.7,1.6,0.77,0.17,0.16,29,6,6,9688081153,,,674,362,676,371,671,353,-0.07179,0.02206,-0.99718,-0.19672,0.01474,-0.98035,4.303,4.218,4.262,,,,Valid,Valid,221.1,90.5,500.4,283.8,89.1,499.2,185.1,101.6,183.6,96.6,0.3508,0.3353,0.3522,0.3438,0.3495,0.3268,Screen Recording,Screen Recording Recording38.mp4,1920,1080,0,0,960,540,Unclassified,8,1446,,,,,,,,,,,,,,,
279540503,1120612745406,Eye Tracker,LipReading,08/25/2025,Chenmingjie,Recording38,07/01/2025,07/01/2025,16:47:15.576,08:47:15.576,803474,Timeline1,Tobii I-VT (Fixation),1.241.54219,1080,1920,10.0,14.5,1.9,2.3,1.39,0.18,0.21,53,7,8,7.8,1.7,1.6,0.77,0.17,0.16,29,6,6,9688085154,,,672,363,675,376,669,351,-0.07246,0.02454,-0.99707,-0.19768,0.01347,-0.98017,4.31,4.227,4.268,,,,Valid,Valid,221.1,90.5,500.4,283.8,89.1,499.2,184.7,102.9,183.1,95.9,0.35,0.3363,0.3515,0.348,0.3485,0.3246,Screen Recording,Screen Recording Recording38.mp4,1920,1080,0,0,960,540,Unclassified,8,1446,,,,,,,,,,,,,,,
279544502,1120612749405,Eye Tracker,LipReading,08/25/2025,Chenmingjie,Recording38,07/01/2025,07/01/2025,16:47:15.576,08:47:15.576,803474,Timeline1,Tobii I-VT (Fixation),1.241.54219,1080,1920,10.0,14.5,1.9,2.3,1.39,0.18,0.21,53,7,8,7.8,1.7,1.6,0.77,0.17,0.16,29,6,6,9688089153,,,676,357,683,368,669,346,-0.06826,0.02006,-0.99747,-0.198,0.01109,-0.98014,4.336,4.236,4.281,,,,Valid,Valid,221.1,90.5,500.4,283.8,89.1,499.2,186.8,100.6,182.9,94.7,0.3519,0.3305,0.3555,0.3404,0.3482,0.3206,Screen Recording,Screen Recording Recording38.mp4,1920,1080,0,0,960,540,Saccade,16,1345,,,,,,,,,,,,,,,
279548502,1120612753405,Eye Tracker,LipReading,08/25/2025,Chenmingjie,Recording38,07/01/2025,07/01/2025,16:47:15.576,08:47:15.576,803474,Timeline1,Tobii I-VT (Fixation),1.241.54219,1080,1920,10.0,14.5,1.9,2.3,1.39,0.18,0.21,53,7,8,7.8,1.7,1.6,0.77,0.17,0.16,29,6,6,9688093153,,,675,354,680,361,670,347,-0.06964,0.0165,-0.99744,-0.19731,0.01129,-0.98028,4.352,4.227,4.29,,,,Valid,Valid,221.0,90.5,500.4,283.8,89.1,499.2,186.1,98.8,183.3,94.9,0.3515,0.3276,0.3542,0.3344,0.3489,0.3209,Screen Recording,Screen Recording Recording38.mp4,1920,1080,0,0,960,540,Saccade,16,1345,,,,,,,,,,,,,,,
279552502,1120612757405,Eye Tracker,LipReading,08/25/2025,Chenmingjie,Recording38,07/01/2025,07/01/2025,16:47:15.576,08:47:15.576,803474,Timeline1,Tobii I-VT (Fixation),1.241.54219,1080,1920,10.0,14.5,1.9,2.3,1.39,0.18,0.21,53,7,8,7.8,1.7,1.6,0.77,0.17,0.16,29,6,6,9688097153,,,674,345,681,351,667,338,-0.06894,0.01125,-0.99756,-0.19863,0.00674,-0.98005,4.361,4.243,4.298,,,,Valid,Valid,221.0,90.5,500.4,283.8,89.1,499.2,186.4,96.2,182.6,92.5,0.3512,0.3193,0.3548,0.3254,0.3475,0.3131,Screen Recording,Screen Recording Recording38.mp4,1920,1080,0,0,960,540,Saccade,16,1345,,,,,,,,,,,,,,,
279556503,1120612761406,Eye Tracker,LipReading,08/25/2025,Chenmingjie,Recording38,07/01/2025,07/01/2025,16:47:15.576,08:47:15.576,803474,Timeline1,Tobii I-VT (Fixation),1.241.54219,1080,1920,10.0,14.5,1.9,2.3,1.39,0.18,0.21,53,7,8,7.8,1.7,1.6,0.77,0.17,0.16,29,6,6,9688101154,,,675,343,681,355,669,331,-0.06922,0.01314,-0.99752,-0.19769,0.00296,-0.98026,4.38,4.224,4.302,,,,Valid,Valid,221.0,90.6,500.4,283.8,89.1,499.2,186.3,97.2,183.1,90.6,0.3515,0.3177,0.3546,0.3287,0.3485,0.3066,Screen Recording,Screen Recording Recording38.mp4,1920,1080,0,0,960,540,Saccade,16,1345,,,,,,,,,,,,,,,
279560502,1120612765405,Eye Tracker,LipReading,08/25/2025,Chenmingjie,Recording38,07/01/2025,07/01/2025,16:47:15.576,08:47:15.576,803474,Timeline1,Tobii I-VT (Fixation),1.241.54219,1080,1920,10.0,14.5,1.9,2.3,1.39,0.18,0.21,53,7,8,7.8,1.7,1.6,0.77,0.17,0.16,29,6,6,9688105153,,,671,338,675,341,667,334,-0.07251,0.00574,-0.99735,-0.19859,0.0044,-0.98007,4.392,4.244,4.305,,,,Valid,Valid,221.0,90.5,500.5,283.8,89.1,499.1,184.6,93.4,182.6,91.4,0.3495,0.3126,0.3514,0.3161,0.3476,0.3091,Screen Recording,Screen Recording Recording38.mp4,1920,1080,0,0,960,540,Fixation,180,503,670,330,0.3491,0.3059,,,,,,,,,,,
279564503,1120612769406,Eye Tracker,LipReading,08/25/2025,Chenmingjie,Recording38,07/01/2025,07/01/2025,16:47:15.576,08:47:15.576,803474,Timeline1,Tobii I-VT (Fixation),1.241.54219,1080,1920,10.0,14.5,1.9,2.3,1.39,0.18,0.21,53,7,8,7.8,1.7,1.6,0.77,0.17,0.16,29,6,6,9688109154,,,671,337,675,352,667,323,-0.07251,0.01169,-0.9973,-0.19899,-0.00164,-0.98,4.351,4.248,4.312,,,,Valid,Valid,221.0,90.6,500.4,283.8,89.1,499.2,184.6,96.4,182.4,88.3,0.3492,0.3125,0.3513,0.3262,0.3472,0.2987,Screen Recording,Screen Recording Recording38.mp4,1920,1080,0,0,960,540,Fixation,180,503,670,330,0.3491,0.3059,,,,,,,,,,,
279568502,1120612773405,Eye Tracker,LipReading,08/25/2025,Chenmingjie,Recording38,07/01/2025,07/01/2025,16:47:15.576,08:47:15.576,803474,Timeline1,Tobii I-VT (Fixation),1.241.54219,1080,1920,10.0,14.5,1.9,2.3,1.39,0.18,0.21,53,7,8,7.8,1.7,1.6,0.77,0.17,0.16,29,6,6,9688113154,,,669,338,671,351,666,326,-0.07441,0.01082,-0.99717,-0.19902,0.00029,-0.98,4.367,4.237,4.318,,,,Valid,Valid,221.0,90.5,500.5,283.8,89.1,499.1,183.6,96.0,182.4,89.3,0.3483,0.3134,0.3495,0.3246,0.3471,0.3021,Screen Recording,Screen Recording Recording38.mp4,1920,1080,0,0,960,540,Fixation,180,503,670,330,0.3491,0.3059,,,,,,,,,,,
279572502,1120612777405,Eye Tracker,LipReading,08/25/2025,Chenmingjie,Recording38,07/01/2025,07/01/2025,16:47:15.576,08:47:15.576,803474,Timeline1,Tobii I-VT (Fixation),1.241.54219,1080,1920,10.0,14.5,1.9,2.3,1.39,0.18,0.21,53,7,8,7.8,1.7,1.6,0.77,0.17,0.16,29,6,6,9688117154,,,671,333,673,337,668,329,-0.07343,0.00356,-0.99729,-0.19798,0.00155,-0.98021,4.393,4.25,4.317,,,,Valid,Valid,221.0,90.5,500.5,283.8,89.1,499.2,184.1,92.3,182.9,89.9,0.3493,0.3083,0.3504,0.3123,0.3482,0.3042,Screen Recording,Screen Recording Recording38.mp4,1920,1080,0,0,960,540,Fixation,180,503,670,330,0.3491,0.3059,,,,,,,,,,,
279576501,1120612781404,Eye Tracker,LipReading,08/25/2025,Chenmingjie,Recording38,07/01/2025,07/01/2025,16:47:15.576,08:47:15.576,803474,Timeline1,Tobii I-VT (Fixation),1.241.54219,1080,1920,10.0,14.5,1.9,2.3,1.39,0.18,0.21,53,7,8,7.8,1.7,1.6,0.77,0.17,0.16,29,6,6,9688121153,,,672,337,677,333,667,340,-0.07135,0.00147,-0.99745,-0.19895,0.00771,-0.97998,4.392,4.239,4.316,,,,Valid,Valid,221.0,90.5,500.5,283.8,89.1,499.2,185.2,91.3,182.4,93.0,0.3498,0.3118,0.3524,0.3088,0.3472,0.3148,Screen Recording,Screen Recording Recording38.mp4,1920,1080,0,0,960,540,Fixation,180,503,670,330,0.3491,0.3059,,,,,,,,,,,
279580502,1120612785405,Eye Tracker,LipReading,08/25/2025,Chenmingjie,Recording38,07/01/2025,07/01/2025,16:47:15.576,08:47:15.576,803474,Timeline1,Tobii I-VT (Fixation),1.241.54219,1080,1920,10.0,14.5,1.9,2.3,1.39,0.18,0.21,53,7,8,7.8,1.7,1.6,0.77,0.17,0.16,29,6,6,9688125154,,,669,332,674,331,665,334,-0.07294,-8e-05,-0.99734,-0.19995,0.00432,-0.9798,4.404,4.242,4.322,,,,Valid,Valid,221.0,90.5,500.5,283.8,89.1,499.1,184.4,90.5,181.9,91.3,0.3485,0.3076,0.3509,0.3061,0.3462,0.309,Screen Recording,Screen Recording Recording38.mp4,1920,1080,0,0,960,540,Fixation,180,503,670,330,0.3491,0.3059,,,,,,,,,,,
279584501,1120612789404,Eye Tracker,LipReading,08/25/2025,Chenmingjie,Recording38,07/01/2025,07/01/2025,16:47:15.576,08:47:15.576,803474,Timeline1,Tobii I-VT (Fixation),1.241.54219,1080,1920,10.0,14.5,1.9,2.3,1.39,0.18,0.21,53,7,8,7.8,1.7,1.6,0.77,0.17,0.16,29,6,6,9688129153,,,668,334,675,328,661,340,-0.07233,-0.0018,-0.99738,-0.20166,0.00777,-0.97942,4.422,4.233,4.323,,,,Valid,Valid,221.0,90.5,500.5,283.8,89.1,499.2,184.7,89.6,181.0,93.1,0.3479,0.3091,0.3515,0.3033,0.3444,0.3149,Screen Recording,Screen Recording Recording38.mp4,1920,1080,0,0,960,540,Fixation,180,503,670,330,0.3491,0.3059,,,,,,,,,,,
279588501,1120612793404,Eye Tracker,LipReading,08/25/2025,Chenmingjie,Recording38,07/01/2025,07/01/2025,16:47:15.576,08:47:15.576,803474,Timeline1,Tobii I-VT (Fixation),1.241.54219,1080,1920,10.0,14.5,1.9,2.3,1.39,0.18,0.21,53,7,8,7.8,1.7,1.6,0.77,0.17,0.16,29,6,6,9688133153,,,669,332,671,321,666,342,-0.07424,-0.00518,-0.99723,-0.19929,0.00864,-0.9799,4.413,4.228,4.325,,,,Valid,Valid,221.0,90.5,500.5,283.8,89.1,499.1,183.7,87.9,182.2,93.5,0.3482,0.307,0.3496,0.2975,0.3468,0.3164,Screen Recording,Screen Recording Recording38.mp4,1920,1080,0,0,960,540,Fixation,180,503,670,330,0.3491,0.3059,,,,,,,,,,,
279592501,1120612797404,Eye Tracker,LipReading,08/25/2025,Chenmingjie,Recording38,07/01/2025,07/01/2025,16:47:15.576,08:47:15.576,803474,Timeline1,Tobii I-VT (Fixation),1.241.54219,1080,1920,10.0,14.5,1.9,2.3,1.39,0.18,0.21,53,7,8,7.8,1.7,1.6,0.77,0.17,0.16,29,6,6,9688137153,,,670,325,676,316,664,334,-0.07184,-0.00787,-0.99739,-0.20031,0.0044,-0.97972,4.422,4.229,4.325,,,,Valid,Valid,221.0,90.5,500.5,283.8,89.1,499.2,184.9,86.6,181.7,91.3,0.3488,0.301,0.3519,0.293,0.3458,0.3091,Screen Recording,Screen Recording Recording38.mp4,1920,1080,0,0,960,540,Fixation,180,503,670,330,0.3491,0.3059,,,,,,,,,,,
279596502,1120612801405,Eye Tracker,LipReading,08/25/2025,Chenmingjie,Recording38,07/01/2025,07/01/2025,16:47:15.576,08:47:15.576,803474,Timeline1,Tobii I-VT (Fixation),1.241.54219,1080,1920,10.0,14.5,1.9,2.3,1.39,0.18,0.21,53,7,8,7.8,1.7,1.6,0.77,0.17,0.16,29,6,6,9688141154,,,668,327,672,318,664,336,-0.07361,-0.00679,-0.99726,-0.20029,0.00551,-0.97972,4.43,4.221,4.321,,,,Valid,Valid,220.9,90.5,500.5,283.8,89.1,499.2,184.0,87.1,181.7,91.9,0.348,0.3029,0.3502,0.2948,0.3458,0.311,Screen Recording,Screen Recording Recording38.mp4,1920,1080,0,0,960,540,Fixation,180,503,670,330,0.3491,0.3059,,,,,,,,,,,
279600501,1120612805404,Eye Tracker,LipReading,08/25/2025,Chenmingjie,Recording38,07/01/2025,07/01/2025,16:47:15.576,08:47:15.576,803474,Timeline1,Tobii I-VT (Fixation),1.241.54219,1080,1920,10.0,14.5,1.9,2.3,1.39,0.18,0.21,53,7,8,7.8,1.7,1.6,0.77,0.17,0.16,29,6,6,9688145153,,,668,333,672,314,663,353,-0.0736,-0.00928,-0.99724,-0.20086,0.01468,-0.97951,4.417,4.196,4.313,,,,Valid,Valid,220.9,90.5,500.5,283.8,89.1,499.2,184.0,85.9,181.4,96.6,0.3477,0.3087,0.3502,0.2906,0.3452,0.3268,Screen Recording,Screen Recording Recording38.mp4,1920,1080,0,0,960,540,Fixation,180,503,670,330,0.3491,0.3059,,,,,,,,,,,
279604502,1120612809405,Eye Tracker,LipReading,08/25/2025,Chenmingjie,Recording38,07/01/2025,07/01/2025,16:47:15.576,08:47:15.576,803474,Timeline1,Tobii I-VT (Fixation),1.241.54219,1080,1920,10.0,14.5,1.9,2.3,1.39,0.18,0.21,53,7,8,7.8,1.7,1.6,0.77,0.17,0.16,29,6,6,9688149154,,,670,327,674,312,665,343,-0.07261,-0.01037,-0.99731,-0.19971,0.00929,-0.97981,4.432,4.173,4.311,,,,Valid,Valid,220.9,90.5,500.5,283.8,89.1,499.2,184.5,85.3,182.0,93.8,0.3488,0.3031,0.3511,0.2887,0.3464,0.3175,Screen Recording,Screen Recording Recording38.mp4,1920,1080,0,0,960,540,Fixation,180,503,670,330,0.3491,0.3059,,,,,,,,,,,
279608502,1120612813405,Eye Tracker,LipReading,08/25/2025,Chenmingjie,Recording38,07/01/2025,07/01/2025,16:47:15.576,08:47:15.576,803474,Timeline1,Tobii I-VT (Fixation),1.241.54219,1080,1920,10.0,14.5,1.9,2.3,1.39,0.18,0.21,53,7,8,7.8,1.7,1.6,0.77,0.17,0.16,29,6,6,9688153154,,,670,333,675,310,666,356,-0.07242,-0.01143,-0.99731,-0.19945,0.0163,-0.97977,4.434,4.19,4.303,,,,Valid,Valid,220.9,90.5,500.5,283.8,89.1,499.2,184.6,84.8,182.1,97.4,0.349,0.3082,0.3513,0.2869,0.3466,0.3295,Screen Recording,Screen Recording Recording38.mp4,1920,1080,0,0,960,540,Fixation,180,503,670,330,0.3491,0.3059,,,,,,,,,,,
279612502,1120612817405,Eye Tracker,LipReading,08/25/2025,Chenmingjie,Recording38,07/01/2025,07/01/2025,16:47:15.576,08:47:15.576,803474,Timeline1,Tobii I-VT (Fixation),1.241.54219,1080,1920,10.0,14.5,1.9,2.3,1.39,0.18,0.21,53,7,8,7.8,1.7,1.6,0.77,0.17,0.16,29,6,6,9688157154,,,671,336,674,306,669,366,-0.07276,-0.01342,-0.99726,-0.19764,0.02158,-0.98004,4.433,4.159,4.296,,,,Valid,Valid,220.9,90.5,500.5,283.7,89.1,499.1,184.4,83.8,183.1,100.1,0.3497,0.3111,0.351,0.2836,0.3484,0.3387,Screen Recording,Screen Recording Recording38.mp4,1920,1080,0,0,960,540,Fixation,180,503,670,330,0.3491,0.3059,,,,,,,,,,,
279616501,1120612821404,Eye Tracker,LipReading,08/25/2025,Chenmingjie,Recording38,07/01/2025,07/01/2025,16:47:15.576,08:47:15.576,803474,Timeline1,Tobii I-VT (Fixation),1.241.54219,1080,1920,10.0,14.5,1.9,2.3,1.39,0.18,0.21,53,7,8,7.8,1.7,1.6,0.77,0.17,0.16,29,6,6,9688161153,,,670,334,674,301,666,367,-0.07266,-0.01644,-0.99722,-0.19918,0.02223,-0.97971,4.446,4.153,4.294,,,,Valid,Valid,220.9,90.5,500.5,283.8,89.1,499.2,184.5,82.3,182.3,100.4,0.349,0.3091,0.3511,0.2784,0.3469,0.3398,Screen Recording,Screen Recording Recording38.mp4,1920,1080,0,0,960,540,Fixation,180,503,670,330,0.3491,0.3059,,,,,,,,,,,
279620502,1120612825405,Eye Tracker,LipReading,08/25/2025,Chenmingjie,Recording38,07/01/2025,07/01/2025,16:47:15.576,08:47:15.576,803474,Timeline1,Tobii I-VT (Fixation),1.241.54219,1080,1920,10.0,14.5,1.9,2.3,1.39,0.18,0.21,53,7,8,7.8,1.7,1.6,0.77,0.17,0.16,29,6,6,9688165154,,,674,334,680,304,668,364,-0.06937,-0.01455,-0.99748,-0.19812,0.02081,-0.97996,4.456,4.144,4.296,,,,Valid,Valid,220.9,90.5,500.5,283.7,89.1,499.2,186.1,83.2,182.8,99.7,0.3511,0.3094,0.3542,0.2816,0.348,0.3373,Screen Recording,Screen Recording Recording38.mp4,1920,1080,0,0,960,540,Fixation,180,503,670,330,0.3491,0.3059,,,,,,,,,,,
279624501,1120612829404,Eye Tracker,LipReading,08/25/2025,Chenmingjie,Recording38,07/01/2025,07/01/2025,16:47:15.576,08:47:15.576,803474,Timeline1,Tobii I-VT (Fixation),1.241.54219,1080,1920,10.0,14.5,1.9,2.3,1.39,0.18,0.21,53,7,8,7.8,1.7,1.6,0.77,0.17,0.16,29,6,6,9688169153,,,673,333,679,300,668,366,-0.07005,-0.01676,-0.9974,-0.19812,0.02196,-0.97993,4.435,4.148,4.294,,,,Valid,Valid,220.9,90.5,500.6,283.7,89.1,499.2,185.8,82.1,182.8,100.3,0.3507,0.3085,0.3535,0.2778,0.3479,0.3393,Screen Recording,Screen Recording Recording38.mp4,1920,1080,0,0,960,540,Fixation,180,503,670,330,0.3491,0.3059,,,,,,,,,,,
279628501,1120612833404,Eye Tracker,LipReading,08/25/2025,Chenmingjie,Recording38,07/01/2025,07/01/2025,16:47:15.576,08:47:15.576,803474,Timeline1,Tobii I-VT (Fixation),1.241.54219,1080,1920,10.0,14.5,1.9,2.3,1.39,0.18,0.21,53,7,8,7.8,1.7,1.6,0.77,0.17,0.16,29,6,6,9688173153,,,673,334,679,300,667,367,-0.06984,-0.01661,-0.99742,-0.19865,0.02247,-0.97981,4.445,4.127,4.29,,,,Valid,Valid,220.9,90.5,500.5,283.7,89.1,499.2,185.9,82.2,182.5,100.5,0.3506,0.3091,0.3537,0.2781,0.3474,0.3402,Screen Recording,Screen Recording Recording38.mp4,1920,1080,0,0,960,540,Fixation,180,503,670,330,0.3491,0.3059,,,,,,,,,,,
279632501,1120612837404,Eye Tracker,LipReading,08/25/2025,Chenmingjie,Recording38,07/01/2025,07/01/2025,16:47:15.576,08:47:15.576,803474,Timeline1,Tobii I-VT (Fixation),1.241.54219,1080,1920,10.0,14.5,1.9,2.3,1.39,0.18,0.21,53,7,8,7.8,1.7,1.6,0.77,0.17,0.16,29,6,6,9688177153,,,672,334,672,299,671,369,-0.07347,-0.01722,-0.99715,-0.19676,0.02329,-0.98018,4.433,4.135,4.281,,,,Valid,Valid,220.9,90.5,500.6,283.7,89.1,499.2,184.0,81.9,183.5,101.0,0.3498,0.3093,0.3503,0.277,0.3493,0.3416,Screen Recording,Screen Recording Recording38.mp4,1920,1080,0,0,960,540,Fixation,180,503,670,330,0.3491,0.3059,,,,,,,,,,,
279636502,1120612841405,Eye Tracker,LipReading,08/25/2025,Chenmingjie,Recording38,07/01/2025,07/01/2025,16:47:15.576,08:47:15.576,803474,Timeline1,Tobii I-VT (Fixation),1.241.54219,1080,1920,10.0,14.5,1.9,2.3,1.39,0.18,0.21,53,7,8,7.8,1.7,1.6,0.77,0.17,0.16,29,6,6,9688181154,,,671,332,674,295,668,369,-0.07272,-0.0196,-0.99716,-0.19818,0.02332,-0.97989,4.457,4.124,4.285,,,,Valid,Valid,220.9,90.5,500.6,283.7,89.1,499.2,184.4,80.7,182.8,101.0,0.3494,0.3073,0.351,0.2729,0.3479,0.3416,Screen Recording,Screen Recording Recording38.mp4,1920,1080,0,0,960,540,Fixation,180,503,670,330,0.3491,0.3059,,,,,,,,,,,
279640501,1120612845404,Eye Tracker,LipReading,08/25/2025,Chenmingjie,Recording38,07/01/2025,07/01/2025,16:47:15.576,08:47:15.576,803474,Timeline1,Tobii I-VT (Fixation),1.241.54219,1080,1920,10.0,14.5,1.9,2.3,1.39,0.18,0.21,53,7,8,7.8,1.7,1.6,0.77,0.17,0.16,29,6,6,9688185153,,,674,335,677,299,671,371,-0.07127,-0.01739,-0.99731,-0.19669,0.02452,-0.98016,4.436,4.117,4.279,,,,Valid,Valid,220.9,90.5,500.6,283.7,89.1,499.2,185.1,81.8,183.6,101.6,0.3509,0.3102,0.3523,0.2767,0.3494,0.3437,Screen Recording,Screen Recording Recording38.mp4,1920,1080,0,0,960,540,Fixation,180,503,670,330,0.3491,0.3059,,,,,,,,,,,
279644502,1120612849405,Eye Tracker,LipReading,08/25/2025,Chenmingjie,Recording38,07/01/2025,07/01/2025,16:47:15.576,08:47:15.576,803474,Timeline1,Tobii I-VT (Fixation),1.241.54219,1080,1920,10.0,14.5,1.9,2.3,1.39,0.18,0.21,53,7,8,7.8,1.7,1.6,0.77,0.17,0.16,29,6,6,9688189154,,,673,332,679,296,668,369,-0.07008,-0.01882,-0.99736,-0.19804,0.02327,-0.97992,4.46,4.122,4.276,,,,Valid,Valid,220.9,90.5,500.6,283.7,89.1,499.2,185.7,81.0,182.9,100.9,0.3507,0.3078,0.3535,0.2742,0.348,0.3415,Screen Recording,Screen Recording Recording38.mp4,1920,1080,0,0,960,540,Fixation,180,503,670,330,0.3491,0.3059,,,,,,,,,,,
279648502,1120612853405,Eye Tracker,LipReading,08/25/2025,Chenmingjie,Recording38,07/01/2025,07/01/2025,16:47:15.576,08:47:15.576,803474,Timeline1,Tobii I-VT (Fixation),1.241.54219,1080,1920,10.0,14.5,1.9,2.3,1.39,0.18,0.21,53,7,8,7.8,1.7,1.6,0.77,0.17,0.16,29,6,6,9688193154,,,672,331,673,295,670,367,-0.07297,-0.01924,-0.99715,-0.19693,0.02224,-0.98017,4.432,4.108,4.272,,,,Valid,Valid,220.9,90.5,500.6,283.7,89.1,499.2,184.3,80.9,183.5,100.4,0.3499,0.3066,0.3507,0.2736,0.3491,0.3397,Screen Recording,Screen Recording Recording38.mp4,1920,1080,0,0,960,540,Fixation,180,503,670,330,0.3491,0.3059,,,,,,,,,,,
279652502,1120612857405,Eye Tracker,LipReading,08/25/2025,Chenmingjie,Recording38,07/01/2025,07/01/2025,16:47:15.576,08:47:15.576,803474,Timeline1,Tobii I-VT (Fixation),1.241.54219,1080,1920,10.0,14.5,1.9,2.3,1.39,0.18,0.21,53,7,8,7.8,1.7,1.6,0.77,0.17,0.16,29,6,6,9688197154,,,671,332,674,296,667,369,-0.07238,-0.01899,-0.9972,-0.19864,0.02325,-0.9798,4.425,4.106,4.269,,,,Valid,Valid,220.9,90.5,500.6,283.7,89.1,499.2,184.6,81.0,182.5,100.9,0.3493,0.3077,0.3513,0.2739,0.3474,0.3415,Screen Recording,Screen Recording Recording38.mp4,1920,1080,0,0,960,540,Fixation,180,503,670,330,0.3491,0.3059,,,,,,,,,,,
279656501,1120612861404,Eye Tracker,LipReading,08/25/2025,Chenmingjie,Recording38,07/01/2025,07/01/2025,16:47:15.576,08:47:15.576,803474,Timeline1,Tobii I-VT (Fixation),1.241.54219,1080,1920,10.0,14.5,1.9,2.3,1.39,0.18,0.21,53,7,8,7.8,1.7,1.6,0.77,0.17,0.16,29,6,6,9688201153,,,672,328,671,291,673,365,-0.0742,-0.02137,-0.99701,-0.19555,0.02111,-0.98047,4.436,4.094,4.263,,,,Valid,Valid,220.9,90.5,500.6,283.7,89.1,499.2,183.6,79.8,184.2,99.8,0.35,0.3038,0.3495,0.2698,0.3505,0.3377,Screen Recording,Screen Recording Recording38.mp4,1920,1080,0,0,960,540,Fixation,180,503,670,330,0.3491,0.3059,,,,,,,,,,,
279660501,1120612865404,Eye Tracker,LipReading,08/25/2025,Chenmingjie,Recording38,07/01/2025,07/01/2025,16:47:15.576,08:47:15.576,803474,Timeline1,Tobii I-VT (Fixation),1.241.54219,1080,1920,10.0,14.5,1.9,2.3,1.39,0.18,0.21,53,7,8,7.8,1.7,1.6,0.77,0.17,0.16,29,6,6,9688205154,,,671,329,673,292,668,366,-0.07293,-0.02083,-0.99712,-0.1979,0.02186,-0.97998,4.424,4.089,4.257,,,,Valid,Valid,220.9,90.5,500.6,283.7,89.1,499.2,184.3,80.0,182.9,100.2,0.3494,0.3049,0.3507,0.2708,0.3481,0.339,Screen Recording,Screen Recording Recording38.mp4,1920,1080,0,0,960,540,Fixation,180,503,670,330,0.3491,0.3059,,,,,,,,,,,
279664500,1120612869403,Eye Tracker,LipReading,08/25/2025,Chenmingjie,Recording38,07/01/2025,07/01/2025,16:47:15.576,08:47:15.576,803474,Timeline1,Tobii I-VT (Fixation),1.241.54219,1080,1920,10.0,14.5,1.9,2.3,1.39,0.18,0.21,53,7,8,7.8,1.7,1.6,0.77,0.17,0.16,29,6,6,9688209153,,,670,327,674,290,666,363,-0.07257,-0.02192,-0.99712,-0.19898,0.02022,-0.9798,4.445,4.085,4.254,,,,Valid,Valid,220.9,90.5,500.6,283.7,89.1,499.2,184.5,79.5,182.4,99.4,0.349,0.3026,0.351,0.2689,0.3471,0.3362,Screen Recording,Screen Recording Recording38.mp4,1920,1080,0,0,960,540,Fixation,180,503,670,330,0.3491,0.3059,,,,,,,,,,,
279668500,1120612873403,Eye Tracker,LipReading,08/25/2025,Chenmingjie,Recording38,07/01/2025,07/01/2025,16:47:15.576,08:47:15.576,803474,Timeline1,Tobii I-VT (Fixation),1.241.54219,1080,1920,10.0,14.5,1.9,2.3,1.39,0.18,0.21,53,7,8,7.8,1.7,1.6,0.77,0.17,0.16,29,6,6,9688213153,,,672,328,675,293,668,364,-0.07211,-0.02058,-0.99718,-0.19789,0.02065,-0.98001,4.412,4.065,4.248,,,,Valid,Valid,220.9,90.5,500.7,283.7,89.1,499.2,184.7,80.1,182.9,99.6,0.3498,0.304,0.3515,0.2711,0.3481,0.3369,Screen Recording,Screen Recording Recording38.mp4,1920,1080,0,0,960,540,Fixation,180,503,670,330,0.3491,0.3059,,,,,,,,,,,
279672500,1120612877403,Eye Tracker,LipReading,08/25/2025,Chenmingjie,Recording38,07/01/2025,07/01/2025,16:47:15.576,08:47:15.576,803474,Timeline1,Tobii I-VT (Fixation),1.241.54219,1080,1920,10.0,14.5,1.9,2.3,1.39,0.18,0.21,53,7,8,7.8,1.7,1.6,0.77,0.17,0.16,29,6,6,9688217153,,,673,324,680,279,667,370,-0.06949,-0.02821,-0.99718,-0.19871,0.02377,-0.97977,4.412,4.083,4.239,,,,Valid,Valid,220.9,90.5,500.6,283.7,89.1,499.2,186.0,76.3,182.5,101.2,0.3506,0.3003,0.354,0.2582,0.3473,0.3423,Screen Recording,Screen Recording Recording38.mp4,1920,1080,0,0,960,540,Fixation,180,503,670,330,0.3491,0.3059,,,,,,,,,,,
279676501,1120612881404,Eye Tracker,LipReading,08/25/2025,Chenmingjie,Recording38,07/01/2025,07/01/2025,16:47:15.576,08:47:15.576,803474,Timeline1,Tobii I-VT (Fixation),1.241.54219,1080,1920,10.0,14.5,1.9,2.3,1.39,0.18,0.21,53,7,8,7.8,1.7,1.6,0.77,0.17,0.16,29,6,6,9688221154,,,669,323,674,286,664,361,-0.07263,-0.02456,-0.99706,-0.20015,0.01906,-0.97958,4.412,4.055,4.237,,,,Valid,Valid,220.9,90.5,500.7,283.7,89.1,499.2,184.4,78.1,181.7,98.8,0.3484,0.2993,0.351,0.2644,0.3459,0.3342,Screen Recording,Screen Recording Recording38.mp4,1920,1080,0,0,960,540,Fixation,180,503,670,330,0.3491,0.3059,,,,,,,,,,,
279680500,1120612885403,Eye Tracker,LipReading,08/25/2025,Chenmingjie,Recording38,07/01/2025,07/01/2025,16:47:15.576,08:47:15.576,803474,Timeline1,Tobii I-VT (Fixation),1.241.54219,1080,1920,10.0,14.5,1.9,2.3,1.39,0.18,0.21,53,7,8,7.8,1.7,1.6,0.77,0.17,0.16,29,6,6,9688225153,,,671,328,676,289,666,366,-0.07164,-0.02242,-0.99718,-0.19927,0.02198,-0.9797,4.406,4.063,4.231,,,,Valid,Valid,220.9,90.5,500.6,283.7,89.0,499.3,184.9,79.2,182.2,100.2,0.3493,0.3036,0.3519,0.2681,0.3467,0.3392,Screen Recording,Screen Recording Recording38.mp4,1920,1080,0,0,960,540,Fixation,180,503,670,330,0.3491,0.3059,,,,,,,,,,,
279684501,1120612889404,Eye Tracker,LipReading,08/25/2025,Chenmingjie,Recording38,07/01/2025,07/01/2025,16:47:15.576,08:47:15.576,803474,Timeline1,Tobii I-VT (Fixation),1.241.54219,1080,1920,10.0,14.5,1.9,2.3,1.39,0.18,0.21,53,7,8,7.8,1.7,1.6,0.77,0.17,0.16,29,6,6,9688229154,,,671,330,673,295,668,365,-0.07285,-0.01954,-0.99715,-0.19804,0.02142,-0.97996,4.397,4.057,4.226,,,,Valid,Valid,220.9,90.5,500.7,283.7,89.1,499.2,184.3,80.7,182.8,100.0,0.3493,0.3056,0.3507,0.2729,0.348,0.3382,Screen Recording,Screen Recording Recording38.mp4,1920,1080,0,0,960,540,Fixation,180,503,670,330,0.3491,0.3059,,,,,,,,,,,
279688501,1120612893404,Eye Tracker,LipReading,08/25/2025,Chenmingjie,Recording38,07/01/2025,07/01/2025,16:47:15.576,08:47:15.576,803474,Timeline1,Tobii I-VT (Fixation),1.241.54219,1080,1920,10.0,14.5,1.9,2.3,1.39,0.18,0.21,53,7,8,7.8,1.7,1.6,0.77,0.17,0.16,29,6,6,9688233154,,,672,329,677,288,667,369,-0.07106,-0.02315,-0.9972,-0.1987,0.02339,-0.97978,4.393,4.047,4.22,,,,Valid,Valid,220.9,90.5,500.7,283.7,89.0,499.3,185.2,78.9,182.5,100.9,0.3499,0.3042,0.3524,0.2668,0.3473,0.3416,Screen Recording,Screen Recording Recording38.mp4,1920,1080,0,0,960,540,Fixation,180,503,670,330,0.3491,0.3059,,,,,,,,,,,
279692501,1120612897404,Eye Tracker,LipReading,08/25/2025,Chenmingjie,Recording38,07/01/2025,07/01/2025,16:47:15.576,08:47:15.576,803474,Timeline1,Tobii I-VT (Fixation),1.241.54219,1080,1920,10.0,14.5,1.9,2.3,1.39,0.18,0.21,53,7,8,7.8,1.7,1.6,0.77,0.17,0.16,29,6,6,9688237154,,,669,327,678,286,661,368,-0.07048,-0.02447,-0.99721,-0.20168,0.02294,-0.97918,4.391,4.045,4.218,,,,Valid,Valid,220.9,90.5,500.6,283.7,89.0,499.3,185.5,78.2,180.9,100.7,0.3486,0.3027,0.353,0.2646,0.3443,0.3408,Screen Recording,Screen Recording Recording38.mp4,1920,1080,0,0,960,540,Fixation,180,503,670,330,0.3491,0.3059,,,,,,,,,,,
279696500,1120612901403,Eye Tracker,LipReading,08/25/2025,Chenmingjie,Recording38,07/01/2025,07/01/2025,16:47:15.576,08:47:15.576,803474,Timeline1,Tobii I-VT (Fixation),1.241.54219,1080,1920,10.0,14.5,1.9,2.3,1.39,0.18,0.21,53,7,8,7.8,1.7,1.6,0.77,0.17,0.16,29,6,6,9688241153,,,671,325,675,284,666,367,-0.07183,-0.0254,-0.99709,-0.19913,0.02214,-0.97972,4.384,4.042,4.216,,,,Valid,Valid,220.9,90.5,500.7,283.7,89.0,499.3,184.8,77.7,182.2,100.3,0.3492,0.3012,0.3517,0.263,0.3468,0.3394,Screen Recording,Screen Recording Recording38.mp4,1920,1080,0,0,960,540,Fixation,180,503,670,330,0.3491,0.3059,,,,,,,,,,,
279700501,1120612905404,Eye Tracker,LipReading,08/25/2025,Chenmingjie,Recording38,07/01/2025,07/01/2025,16:47:15.576,08:47:15.576,803474,Timeline1,Tobii I-VT (Fixation),1.241.54219,1080,1920,10.0,14.5,1.9,2.3,1.39,0.18,0.21,53,7,8,7.8,1.7,1.6,0.77,0.17,0.16,29,6,6,9688245154,,,670,322,677,279,663,365,-0.07081,-0.0279,-0.9971,-0.20084,0.0216,-0.97939,4.389,4.012,4.199,,,,Valid,Valid,220.8,90.5,500.7,283.7,89.0,499.3,185.3,76.5,181.3,100.0,0.3489,0.2986,0.3526,0.2588,0.3451,0.3384,Screen Recording,Screen Recording Recording38.mp4,1920,1080,0,0,960,540,Fixation,180,503,670,330,0.3491,0.3059,,,,,,,,,,,
279704500,1120612909403,Eye Tracker,LipReading,08/25/2025,Chenmingjie,Recording38,07/01/2025,07/01/2025,16:47:15.576,08:47:15.576,803474,Timeline1,Tobii I-VT (Fixation),1.241.54219,1080,1920,10.0,14.5,1.9,2.3,1.39,0.18,0.21,53,7,8,7.8,1.7,1.6,0.77,0.17,0.16,29,6,6,9688249153,,,669,329,673,292,666,366,-0.07324,-0.02125,-0.99709,-0.19891,0.02194,-0.97977,4.377,4.014,4.195,,,,Valid,Valid,220.8,90.5,500.6,283.7,89.0,499.3,184.1,79.8,182.3,100.2,0.3487,0.3046,0.3503,0.2701,0.347,0.339,Screen Recording,Screen Recording Recording38.mp4,1920,1080,0,0,960,540,Fixation,180,503,670,330,0.3491,0.3059,,,,,,,,,,,
279708500,1120612913403,Eye Tracker,LipReading,08/25/2025,Chenmingjie,Recording38,07/01/2025,07/01/2025,16:47:15.576,08:47:15.576,803474,Timeline1,Tobii I-VT (Fixation),1.241.54219,1080,1920,10.0,14.5,1.9,2.3,1.39,0.18,0.21,53,7,8,7.8,1.7,1.6,0.77,0.17,0.16,29,6,6,9688253153,,,669,327,677,287,661,367,-0.07107,-0.02403,-0.99718,-0.20159,0.02241,-0.97921,4.371,4.003,4.187,,,,Valid,Valid,220.8,90.5,500.7,283.7,89.0,499.4,185.2,78.4,180.9,100.4,0.3483,0.3026,0.3524,0.2653,0.3443,0.3398,Screen Recording,Screen Recording Recording38.mp4,1920,1080,0,0,960,540,Fixation,180,503,670,330,0.3491,0.3059,,,,,,,,,,,
279712500,1120612917403,Eye Tracker,LipReading,08/25/2025,Chenmingjie,Recording38,07/01/2025,07/01/2025,16:47:15.576,08:47:15.576,803474,Timeline1,Tobii I-VT (Fixation),1.241.54219,1080,1920,10.0,14.5,1.9,2.3,1.39,0.18,0.21,53,7,8,7.8,1.7,1.6,0.77,0.17,0.16,29,6,6,9688257153,,,669,324,676,285,662,364,-0.07114,-0.025,-0.99715,-0.2013,0.02075,-0.97931,4.356,3.999,4.18,,,,Valid,Valid,220.8,90.5,500.7,283.7,89.0,499.4,185.1,77.9,181.1,99.6,0.3485,0.3003,0.3523,0.2637,0.3446,0.3369,Screen Recording,Screen Recording Recording38.mp4,1920,1080,0,0,960,540,Fixation,180,503,670,330,0.3491,0.3059,,,,,,,,,,,
279716501,1120612921404,Eye Tracker,LipReading,08/25/2025,Chenmingjie,Recording38,07/01/2025,07/01/2025,16:47:15.576,08:47:15.576,803474,Timeline1,Tobii I-VT (Fixation),1.241.54219,1080,1920,10.0,14.5,1.9,2.3,1.39,0.18,0.21,53,7,8,7.8,1.7,1.6,0.77,0.17,0.16,29,6,6,9688261154,,,669,330,676,293,662,366,-0.07134,-0.02077,-0.99724,-0.20125,0.02209,-0.97929,4.354,3.992,4.174,,,,Valid,Valid,220.8,90.5,500.6,283.7,89.0,499.3,185.0,80.1,181.1,100.3,0.3484,0.3051,0.3521,0.271,0.3447,0.3393,Screen Recording,Screen Recording Recording38.mp4,1920,1080,0,0,960,540,Fixation,180,503,670,330,0.3491,0.3059,,,,,,,,,,,
279720500,1120612925403,Eye Tracker,LipReading,08/25/2025,Chenmingjie,Recording38,07/01/2025,07/01/2025,16:47:15.576,08:47:15.576,803474,Timeline1,Tobii I-VT (Fixation),1.241.54219,1080,1920,10.0,14.5,1.9,2.3,1.39,0.18,0.21,53,7,8,7.8,1.7,1.6,0.77,0.17,0.16,29,6,6,9688265153,,,668,320,677,282,658,358,-0.07089,-0.02665,-0.99713,-0.20312,0.01775,-0.97899,4.362,3.978,4.166,,,,Valid,Valid,220.8,90.5,500.6,283.7,89.0,499.4,185.2,77.1,180.1,98.1,0.3477,0.2963,0.3526,0.2609,0.3428,0.3317,Screen Recording,Screen Recording Recording38.mp4,1920,1080,0,0,960,540,Fixation,180,503,670,330,0.3491,0.3059,,,,,,,,,,,
279724501,1120612929404,Eye Tracker,LipReading,08/25/2025,Chenmingjie,Recording38,07/01/2025,07/01/2025,16:47:15.576,08:47:15.576,803474,Timeline1,Tobii I-VT (Fixation),1.241.54219,1080,1920,10.0,14.5,1.9,2.3,1.39,0.18,0.21,53,7,8,7.8,1.7,1.6,0.77,0.17,0.16,29,6,6,9688269154,,,666,329,670,289,662,369,-0.07443,-0.02262,-0.99697,-0.20093,0.02326,-0.97933,4.339,3.977,4.158,,,,Valid,Valid,220.8,90.5,500.7,283.7,89.0,499.3,183.5,79.1,181.3,100.9,0.3471,0.3046,0.3491,0.2678,0.345,0.3414,Screen Recording,Screen Recording Recording38.mp4,1920,1080,0,0,960,540,Fixation,180,503,670,330,0.3491,0.3059,,,,,,,,,,,
279728501,1120612933404,Eye Tracker,LipReading,08/25/2025,Chenmingjie,Recording38,07/01/2025,07/01/2025,16:47:15.576,08:47:15.576,803474,Timeline1,Tobii I-VT (Fixation),1.241.54219,1080,1920,10.0,14.5,1.9,2.3,1.39,0.18,0.21,53,7,8,7.8,1.7,1.6,0.77,0.17,0.16,29,6,6,9688273154,,,667,330,672,291,662,368,-0.07377,-0.02143,-0.99704,-0.20095,0.02305,-0.97933,4.329,3.971,4.15,,,,Valid,Valid,220.8,90.5,500.6,283.7,89.0,499.3,183.8,79.8,181.3,100.8,0.3474,0.3054,0.3498,0.2698,0.3449,0.3409,Screen Recording,Screen Recording Recording38.mp4,1920,1080,0,0,960,540,Fixation,180,503,670,330,0.3491,0.3059,,,,,,,,,,,
279732501,1120612937404,Eye Tracker,LipReading,08/25/2025,Chenmingjie,Recording38,07/01/2025,07/01/2025,16:47:15.576,08:47:15.576,803474,Timeline1,Tobii I-VT (Fixation),1.241.54219,1080,1920,10.0,14.5,1.9,2.3,1.39,0.18,0.21,53,7,8,7.8,1.7,1.6,0.77,0.17,0.16,29,6,6,9688277154,,,669,328,677,290,661,365,-0.07106,-0.02208,-0.99723,-0.20188,0.02141,-0.97918,4.311,3.959,4.142,,,,Valid,Valid,220.8,90.5,500.7,283.7,89.0,499.3,185.2,79.4,180.8,99.9,0.3482,0.3034,0.3524,0.2687,0.344,0.3382,Screen Recording,Screen Recording Recording38.mp4,1920,1080,0,0,960,540,Fixation,180,503,670,330,0.3491,0.3059,,,,,,,,,,,
279736500,1120612941403,Eye Tracker,LipReading,08/25/2025,Chenmingjie,Recording38,07/01/2025,07/01/2025,16:47:15.576,08:47:15.576,803474,Timeline1,Tobii I-VT (Fixation),1.241.54219,1080,1920,10.0,14.5,1.9,2.3,1.39,0.18,0.21,53,7,8,7.8,1.7,1.6,0.77,0.17,0.16,29,6,6,9688281153,,,667,329,671,292,662,366,-0.07389,-0.02095,-0.99705,-0.20127,0.02195,-0.97929,4.301,3.941,4.126,,,,Valid,Valid,220.8,90.5,500.6,283.7,89.0,499.3,183.7,80.0,181.1,100.2,0.3472,0.3049,0.3497,0.2707,0.3446,0.3391,Screen Recording,Screen Recording Recording38.mp4,1920,1080,0,0,960,540,Fixation,180,503,670,330,0.3491,0.3059,,,,,,,,,,,
279740501,1120612945404,Eye Tracker,LipReading,08/25/2025,Chenmingjie,Recording38,07/01/2025,07/01/2025,16:47:15.576,08:47:15.576,803474,Timeline1,Tobii I-VT (Fixation),1.241.54219,1080,1920,10.0,14.5,1.9,2.3,1.39,0.18,0.21,53,7,8,7.8,1.7,1.6,0.77,0.17,0.16,29,6,6,9688285154,,,667,328,672,288,662,367,-0.07371,-0.02316,-0.99701,-0.201,0.02257,-0.97933,4.325,3.934,4.123,,,,Valid,Valid,220.8,90.5,500.6,283.7,89.0,499.4,183.8,78.9,181.2,100.5,0.3474,0.3035,0.3498,0.2669,0.3449,0.3401,Screen Recording,Screen Recording Recording38.mp4,1920,1080,0,0,960,540,Saccade,56,1346,,,,,,,,,,,,,,,
279744500,1120612949403,Eye Tracker,LipReading,08/25/2025,Chenmingjie,Recording38,07/01/2025,07/01/2025,16:47:15.576,08:47:15.576,803474,Timeline1,Tobii I-VT (Fixation),1.241.54219,1080,1920,10.0,14.5,1.9,2.3,1.39,0.18,0.21,53,7,8,7.8,1.7,1.6,0.77,0.17,0.16,29,6,6,9688289153,,,657,328,660,292,655,364,-0.08011,-0.02117,-0.99656,-0.20484,0.02084,-0.97857,4.309,3.935,4.124,,,,Valid,Valid,220.8,90.5,500.6,283.7,89.0,499.4,180.6,79.9,179.1,99.6,0.3423,0.3037,0.3436,0.2703,0.3409,0.3371,Screen Recording,Screen Recording Recording38.mp4,1920,1080,0,0,960,540,Saccade,56,1346,,,,,,,,,,,,,,,
279748500,1120612953403,Eye Tracker,LipReading,08/25/2025,Chenmingjie,Recording38,07/01/2025,07/01/2025,16:47:15.576,08:47:15.576,803474,Timeline1,Tobii I-VT (Fixation),1.241.54219,1080,1920,10.0,14.5,1.9,2.3,1.39,0.18,0.21,53,7,8,7.8,1.7,1.6,0.77,0.17,0.16,29,6,6,9688293153,,,635,325,640,294,630,355,-0.09046,-0.01953,-0.99571,-0.21737,0.0158,-0.97596,4.313,3.912,4.116,,,,Valid,Valid,220.7,90.4,500.9,283.6,89.0,499.3,175.2,80.6,172.4,97.1,0.3308,0.3006,0.3335,0.2727,0.3281,0.3286,Screen Recording,Screen Recording Recording38.mp4,1920,1080,0,0,960,540,Saccade,56,1346,,,,,,,,,,,,,,,
279752499,1120612957402,Eye Tracker,LipReading,08/25/2025,Chenmingjie,Recording38,07/01/2025,07/01/2025,16:47:15.576,08:47:15.576,803474,Timeline1,Tobii I-VT (Fixation),1.241.54219,1080,1920,10.0,14.5,1.9,2.3,1.39,0.18,0.21,53,7,8,7.8,1.7,1.6,0.77,0.17,0.16,29,6,6,9688297153,,,605,311,612,272,598,350,-0.10575,-0.03171,-0.99389,-0.23336,0.01325,-0.9723,4.321,3.906,4.11,,,,Valid,Valid,220.7,90.3,501.1,283.6,89.0,499.4,167.4,74.4,163.7,95.8,0.315,0.2879,0.3185,0.2516,0.3115,0.3241,Screen Recording,Screen Recording Recording38.mp4,1920,1080,0,0,960,540,Saccade,56,1346,,,,,,,,,,,,,,,
279756500,1120612961403,Eye Tracker,LipReading,08/25/2025,Chenmingjie,Recording38,07/01/2025,07/01/2025,16:47:15.576,08:47:15.576,803474,Timeline1,Tobii I-VT (Fixation),1.241.54219,1080,1920,10.0,14.5,1.9,2.3,1.39,0.18,0.21,53,7,8,7.8,1.7,1.6,0.77,0.17,0.16,29,6,6,9688301154,,,587,300,588,256,585,343,-0.11801,-0.04001,-0.99221,-0.23984,0.00958,-0.97077,4.325,3.903,4.108,,,,Valid,Valid,220.6,90.3,501.2,283.5,88.9,499.6,161.0,70.1,160.0,93.9,0.3055,0.2774,0.3065,0.2371,0.3046,0.3176,Screen Recording,Screen Recording Recording38.mp4,1920,1080,0,0,960,540,Saccade,56,1346,,,,,,,,,,,,,,,
279760499,1120612965402,Eye Tracker,LipReading,08/25/2025,Chenmingjie,Recording38,07/01/2025,07/01/2025,16:47:15.576,08:47:15.576,803474,Timeline1,Tobii I-VT (Fixation),1.241.54219,1080,1920,10.0,14.5,1.9,2.3,1.39,0.18,0.21,53,7,8,7.8,1.7,1.6,0.77,0.17,0.16,29,6,6,9688305153,,,570,304,574,264,566,345,-0.1258,-0.03581,-0.99141,-0.24934,0.01047,-0.96836,4.298,3.89,4.095,,,,Valid,Valid,220.6,90.3,501.2,283.4,89.0,499.5,157.0,72.2,154.8,94.4,0.2967,0.2817,0.2988,0.2443,0.2945,0.3192,Screen Recording,Screen Recording Recording38.mp4,1920,1080,0,0,960,540,Saccade,56,1346,,,,,,,,,,,,,,,
279764500,1120612969403,Eye Tracker,LipReading,08/25/2025,Chenmingjie,Recording38,07/01/2025,07/01/2025,16:47:15.576,08:47:15.576,803474,Timeline1,Tobii I-VT (Fixation),1.241.54219,1080,1920,10.0,14.5,1.9,2.3,1.39,0.18,0.21,53,7,8,7.8,1.7,1.6,0.77,0.17,0.16,29,6,6,9688309154,,,541,295,540,254,541,336,-0.1436,-0.04105,-0.98878,-0.26132,0.00568,-0.96524,4.283,3.891,4.087,,,,Valid,Valid,220.6,90.3,501.1,283.3,88.9,499.6,147.8,69.5,148.0,91.8,0.2815,0.273,0.2813,0.2352,0.2818,0.3108,Screen Recording,Screen Recording Recording38.mp4,1920,1080,0,0,960,540,Saccade,56,1346,,,,,,,,,,,,,,,
279768500,1120612973403,Eye Tracker,LipReading,08/25/2025,Chenmingjie,Recording38,07/01/2025,07/01/2025,16:47:15.576,08:47:15.576,803474,Timeline1,Tobii I-VT (Fixation),1.241.54219,1080,1920,10.0,14.5,1.9,2.3,1.39,0.18,0.21,53,7,8,7.8,1.7,1.6,0.77,0.17,0.16,29,6,6,9688313154,,,528,282,529,245,526,320,-0.14917,-0.04597,-0.98774,-0.26858,-0.00255,-0.96325,4.25,3.867,4.087,,,,Valid,Valid,220.6,90.3,501.2,283.2,88.9,499.6,144.9,67.0,143.9,87.6,0.2748,0.2615,0.2757,0.2267,0.2739,0.2963,Screen Recording,Screen Recording Recording38.mp4,1920,1080,0,0,960,540,Saccade,56,1346,,,,,,,,,,,,,,,
279772500,1120612977403,Eye Tracker,LipReading,08/25/2025,Chenmingjie,Recording38,07/01/2025,07/01/2025,16:47:15.576,08:47:15.576,803474,Timeline1,Tobii I-VT (Fixation),1.241.54219,1080,1920,10.0,14.5,1.9,2.3,1.39,0.18,0.21,53,7,8,7.8,1.7,1.6,0.77,0.17,0.16,29,6,6,9688317154,,,511,281,506,244,515,318,-0.16147,-0.04621,-0.9858,-0.27367,-0.00362,-0.96182,4.284,3.887,4.075,,,,Valid,Valid,220.5,90.3,501.3,283.2,88.9,499.7,138.4,66.8,141.0,87.0,0.2659,0.2601,0.2634,0.2259,0.2684,0.2944,Screen Recording,Screen Recording Recording38.mp4,1920,1080,0,0,960,540,Saccade,56,1346,,,,,,,,,,,,,,,
279776499,1120612981402,Eye Tracker,LipReading,08/25/2025,Chenmingjie,Recording38,07/01/2025,07/01/2025,16:47:15.576,08:47:15.576,803474,Timeline1,Tobii I-VT (Fixation),1.241.54219,1080,1920,10.0,14.5,1.9,2.3,1.39,0.18,0.21,53,7,8,7.8,1.7,1.6,0.77,0.17,0.16,29,6,6,9688321153,,,506,282,503,247,509,317,-0.16309,-0.04464,-0.9856,-0.27642,-0.00405,-0.96103,4.264,3.907,4.065,,,,Valid,Valid,220.5,90.2,501.4,283.1,88.9,499.7,137.5,67.5,139.4,86.8,0.2635,0.261,0.2617,0.2283,0.2653,0.2936,Screen Recording,Screen Recording Recording38.mp4,1920,1080,0,0,960,540,Saccade,56,1346,,,,,,,,,,,,,,,
279780500,1120612985403,Eye Tracker,LipReading,08/25/2025,Chenmingjie,Recording38,07/01/2025,07/01/2025,16:47:15.576,08:47:15.576,803474,Timeline1,Tobii I-VT (Fixation),1.241.54219,1080,1920,10.0,14.5,1.9,2.3,1.39,0.18,0.21,53,7,8,7.8,1.7,1.6,0.77,0.17,0.16,29,6,6,9688325154,,,491,267,498,236,484,299,-0.16518,-0.05044,-0.98497,-0.28844,-0.01341,-0.95741,4.243,3.876,4.065,,,,Valid,Valid,220.5,90.1,501.5,283.1,88.8,499.8,136.4,64.5,132.6,81.8,0.2559,0.2475,0.2595,0.2181,0.2523,0.2769,Screen Recording,Screen Recording Recording38.mp4,1920,1080,0,0,960,540,Saccade,56,1346,,,,,,,,,,,,,,,
279784499,1120612989402,Eye Tracker,LipReading,08/25/2025,Chenmingjie,Recording38,07/01/2025,07/01/2025,16:47:15.576,08:47:15.576,803474,Timeline1,Tobii I-VT (Fixation),1.241.54219,1080,1920,10.0,14.5,1.9,2.3,1.39,0.18,0.21,53,7,8,7.8,1.7,1.6,0.77,0.17,0.16,29,6,6,9688329153,,,479,258,479,235,479,282,-0.17513,-0.05068,-0.98324,-0.29073,-0.02219,-0.95655,4.255,3.841,4.046,,,,Valid,Valid,220.5,90.1,501.6,283.1,88.8,499.9,131.1,64.2,131.2,77.2,0.2496,0.2393,0.2495,0.2174,0.2497,0.2613,Screen Recording,Screen Recording Recording38.mp4,1920,1080,0,0,960,540,Saccade,56,1346,,,,,,,,,,,,,,,
279788499,1120612993402,Eye Tracker,LipReading,08/25/2025,Chenmingjie,Recording38,07/01/2025,07/01/2025,16:47:15.576,08:47:15.576,803474,Timeline1,Tobii I-VT (Fixation),1.241.54219,1080,1920,10.0,14.5,1.9,2.3,1.39,0.18,0.21,53,7,8,7.8,1.7,1.6,0.77,0.17,0.16,29,6,6,9688333153,,,473,258,473,232,472,283,-0.17814,-0.052,-0.98263,-0.2943,-0.02157,-0.95547,4.228,3.85,4.043,,,,Valid,Valid,220.5,90.0,501.8,283.1,88.8,499.9,129.5,63.5,129.2,77.5,0.2461,0.2385,0.2464,0.2147,0.2458,0.2623,Screen Recording,Screen Recording Recording38.mp4,1920,1080,0,0,960,540,Saccade,56,1346,,,,,,,,,,,,,,,
279792499,1120612997402,Eye Tracker,LipReading,08/25/2025,Chenmingjie,Recording38,07/01/2025,07/01/2025,16:47:15.576,08:47:15.576,803474,Timeline1,Tobii I-VT (Fixation),1.241.54219,1080,1920,10.0,14.5,1.9,2.3,1.39,0.18,0.21,53,7,8,7.8,1.7,1.6,0.77,0.17,0.16,29,6,6,9688337153,,,490,249,493,218,487,280,-0.16798,-0.05966,-0.98398,-0.28717,-0.02348,-0.95759,4.202,3.843,4.045,,,,Valid,Valid,220.5,90.0,501.8,283.2,88.8,499.9,134.8,59.6,133.2,76.5,0.2551,0.2302,0.2565,0.2015,0.2536,0.2588,Screen Recording,Screen Recording Recording38.mp4,1920,1080,0,0,960,540,Saccade,56,1346,,,,,,,,,,,,,,,
279796502,1120613001405,Eye Tracker,LipReading,08/25/2025,Chenmingjie,Recording38,07/01/2025,07/01/2025,16:47:15.576,08:47:15.576,803474,Timeline1,Tobii I-VT (Fixation),1.241.54219,1080,1920,10.0,14.5,1.9,2.3,1.39,0.18,0.21,53,7,8,7.8,1.7,1.6,0.77,0.17,0.16,29,6,6,9688341156,,,494,247,491,221,498,273,-0.16911,-0.05792,-0.98389,-0.28193,-0.02717,-0.95905,4.251,3.828,4.042,,,,Valid,Valid,220.5,90.0,501.8,283.2,88.7,500.0,134.3,60.5,136.2,74.6,0.2574,0.2284,0.2555,0.2046,0.2592,0.2523,Screen Recording,Screen Recording Recording38.mp4,1920,1080,0,0,960,540,Fixation,136,504,490,257,0.255,0.238,,,,,,,,,,,
279800501,1120613005404,Eye Tracker,LipReading,08/25/2025,Chenmingjie,Recording38,07/01/2025,07/01/2025,16:47:15.576,08:47:15.576,803474,Timeline1,Tobii I-VT (Fixation),1.241.54219,1080,1920,10.0,14.5,1.9,2.3,1.39,0.18,0.21,53,7,8,7.8,1.7,1.6,0.77,0.17,0.16,29,6,6,9688345155,,,491,247,489,222,493,272,-0.16989,-0.05728,-0.9838,-0.28423,-0.02749,-0.95836,4.25,3.832,4.042,,,,Valid,Valid,220.5,90.0,501.7,283.2,88.7,499.9,133.9,60.8,134.9,74.4,0.2558,0.2287,0.2548,0.2057,0.2568,0.2518,Screen Recording,Screen Recording Recording38.mp4,1920,1080,0,0,960,540,Fixation,136,504,490,257,0.255,0.238,,,,,,,,,,,
279804500,1120613009403,Eye Tracker,LipReading,08/25/2025,Chenmingjie,Recording38,07/01/2025,07/01/2025,16:47:15.576,08:47:15.576,803474,Timeline1,Tobii I-VT (Fixation),1.241.54219,1080,1920,10.0,14.5,1.9,2.3,1.39,0.18,0.21,53,7,8,7.8,1.7,1.6,0.77,0.17,0.16,29,6,6,9688349154,,,486,247,489,223,484,270,-0.17,-0.05677,-0.98381,-0.28859,-0.02841,-0.95703,4.253,3.834,4.039,,,,Valid,Valid,220.5,90.0,501.7,283.2,88.8,499.9,133.8,61.1,132.5,73.9,0.2534,0.2284,0.2547,0.2067,0.2521,0.2501,Screen Recording,Screen Recording Recording38.mp4,1920,1080,0,0,960,540,Fixation,136,504,490,257,0.255,0.238,,,,,,,,,,,
279808500,1120613013403,Eye Tracker,LipReading,08/25/2025,Chenmingjie,Recording38,07/01/2025,07/01/2025,16:47:15.576,08:47:15.576,803474,Timeline1,Tobii I-VT (Fixation),1.241.54219,1080,1920,10.0,14.5,1.9,2.3,1.39,0.18,0.21,53,7,8,7.8,1.7,1.6,0.77,0.17,0.16,29,6,6,9688353154,,,487,251,486,228,489,274,-0.17167,-0.05442,-0.98365,-0.28616,-0.0265,-0.95781,4.252,3.815,4.037,,,,Valid,Valid,220.5,90.0,501.7,283.2,88.8,499.9,132.9,62.3,133.9,74.9,0.2539,0.2321,0.253,0.2107,0.2548,0.2536,Screen Recording,Screen Recording Recording38.mp4,1920,1080,0,0,960,540,Fixation,136,504,490,257,0.255,0.238,,,,,,,,,,,
279812500,1120613017403,Eye Tracker,LipReading,08/25/2025,Chenmingjie,Recording38,07/01/2025,07/01/2025,16:47:15.576,08:47:15.576,803474,Timeline1,Tobii I-VT (Fixation),1.241.54219,1080,1920,10.0,14.5,1.9,2.3,1.39,0.18,0.21,53,7,8,7.8,1.7,1.6,0.77,0.17,0.16,29,6,6,9688357154,,,490,249,488,225,491,272,-0.17028,-0.0557,-0.98382,-0.28514,-0.02746,-0.95809,4.241,3.825,4.028,,,,Valid,Valid,220.5,90.0,501.7,283.2,88.8,499.9,133.7,61.6,134.5,74.5,0.2552,0.2303,0.2544,0.2086,0.2559,0.2519,Screen Recording,Screen Recording Recording38.mp4,1920,1080,0,0,960,540,Fixation,136,504,490,257,0.255,0.238,,,,,,,,,,,
279816499,1120613021402,Eye Tracker,LipReading,08/25/2025,Chenmingjie,Recording38,07/01/2025,07/01/2025,16:47:15.576,08:47:15.576,803474,Timeline1,Tobii I-VT (Fixation),1.241.54219,1080,1920,10.0,14.5,1.9,2.3,1.39,0.18,0.21,53,7,8,7.8,1.7,1.6,0.77,0.17,0.16,29,6,6,9688361153,,,492,248,491,226,493,269,-0.16874,-0.05522,-0.98411,-0.28415,-0.02896,-0.95834,4.231,3.813,4.023,,,,Valid,Valid,220.5,90.1,501.6,283.2,88.8,499.9,134.5,61.9,135.0,73.7,0.2565,0.2295,0.256,0.2095,0.257,0.2494,Screen Recording,Screen Recording Recording38.mp4,1920,1080,0,0,960,540,Fixation,136,504,490,257,0.255,0.238,,,,,,,,,,,
279820500,1120613025403,Eye Tracker,LipReading,08/25/2025,Chenmingjie,Recording38,07/01/2025,07/01/2025,16:47:15.576,08:47:15.576,803474,Timeline1,Tobii I-VT (Fixation),1.241.54219,1080,1920,10.0,14.5,1.9,2.3,1.39,0.18,0.21,53,7,8,7.8,1.7,1.6,0.77,0.17,0.16,29,6,6,9688365154,,,490,250,491,224,489,276,-0.16874,-0.05646,-0.98404,-0.28648,-0.02576,-0.95774,4.233,3.81,4.021,,,,Valid,Valid,220.5,90.1,501.6,283.2,88.8,499.8,134.5,61.3,133.7,75.4,0.2553,0.2313,0.256,0.2074,0.2545,0.2551,Screen Recording,Screen Recording Recording38.mp4,1920,1080,0,0,960,540,Fixation,136,504,490,257,0.255,0.238,,,,,,,,,,,
279824499,1120613029402,Eye Tracker,LipReading,08/25/2025,Chenmingjie,Recording38,07/01/2025,07/01/2025,16:47:15.576,08:47:15.576,803474,Timeline1,Tobii I-VT (Fixation),1.241.54219,1080,1920,10.0,14.5,1.9,2.3,1.39,0.18,0.21,53,7,8,7.8,1.7,1.6,0.77,0.17,0.16,29,6,6,9688369153,,,489,248,486,224,493,272,-0.17165,-0.05649,-0.98354,-0.28455,-0.02769,-0.95826,4.211,3.81,4.01,,,,Valid,Valid,220.5,90.1,501.6,283.3,88.9,499.8,133.0,61.3,134.8,74.4,0.2549,0.2296,0.2531,0.2074,0.2566,0.2518,Screen Recording,Screen Recording Recording38.mp4,1920,1080,0,0,960,540,Fixation,136,504,490,257,0.255,0.238,,,,,,,,,,,
279828499,1120613033402,Eye Tracker,LipReading,08/25/2025,Chenmingjie,Recording38,07/01/2025,07/01/2025,16:47:15.576,08:47:15.576,803474,Timeline1,Tobii I-VT (Fixation),1.241.54219,1080,1920,10.0,14.5,1.9,2.3,1.39,0.18,0.21,53,7,8,7.8,1.7,1.6,0.77,0.17,0.16,29,6,6,9688373153,,,491,253,492,237,490,269,-0.16866,-0.0497,-0.98442,-0.28603,-0.0293,-0.95777,4.201,3.811,4.005,,,,Valid,Valid,220.5,90.1,501.6,283.3,88.9,499.8,134.6,64.8,134.0,73.6,0.2556,0.2341,0.2561,0.2192,0.255,0.2489,Screen Recording,Screen Recording Recording38.mp4,1920,1080,0,0,960,540,Fixation,136,504,490,257,0.255,0.238,,,,,,,,,,,
279832499,1120613037402,Eye Tracker,LipReading,08/25/2025,Chenmingjie,Recording38,07/01/2025,07/01/2025,16:47:15.576,08:47:15.576,803474,Timeline1,Tobii I-VT (Fixation),1.241.54219,1080,1920,10.0,14.5,1.9,2.3,1.39,0.18,0.21,53,7,8,7.8,1.7,1.6,0.77,0.17,0.16,29,6,6,9688377153,,,491,259,494,250,488,268,-0.16763,-0.04243,-0.98494,-0.28701,-0.02994,-0.95746,4.179,3.802,3.993,,,,Valid,Valid,220.5,90.1,501.6,283.3,88.9,499.7,135.2,68.5,133.5,73.2,0.2556,0.2398,0.2572,0.2318,0.254,0.2478,Screen Recording,Screen Recording Recording38.mp4,1920,1080,0,0,960,540,Fixation,136,504,490,257,0.255,0.238,,,,,,,,,,,
279836500,1120613041403,Eye Tracker,LipReading,08/25/2025,Chenmingjie,Recording38,07/01/2025,07/01/2025,16:47:15.576,08:47:15.576,803474,Timeline1,Tobii I-VT (Fixation),1.241.54219,1080,1920,10.0,14.5,1.9,2.3,1.39,0.18,0.21,53,7,8,7.8,1.7,1.6,0.77,0.17,0.16,29,6,6,9688381154,,,491,262,493,258,489,265,-0.16827,-0.03819,-0.985,-0.28651,-0.03137,-0.95756,4.166,3.802,3.988,,,,Valid,Valid,220.5,90.1,501.6,283.3,88.9,499.7,134.8,70.7,133.7,72.5,0.2556,0.2422,0.2566,0.2391,0.2545,0.2453,Screen Recording,Screen Recording Recording38.mp4,1920,1080,0,0,960,540,Fixation,136,504,490,257,0.255,0.238,,,,,,,,,,,
279840498,1120613045401,Eye Tracker,LipReading,08/25/2025,Chenmingjie,Recording38,07/01/2025,07/01/2025,16:47:15.576,08:47:15.576,803474,Timeline1,Tobii I-VT (Fixation),1.241.54219,1080,1920,10.0,14.5,1.9,2.3,1.39,0.18,0.21,53,7,8,7.8,1.7,1.6,0.77,0.17,0.16,29,6,6,9688385153,,,489,260,491,251,487,269,-0.16931,-0.04193,-0.98467,-0.28746,-0.02911,-0.95735,4.17,3.808,3.986,,,,Valid,Valid,220.5,90.1,501.6,283.3,88.9,499.7,134.3,68.7,133.2,73.7,0.2546,0.2409,0.2556,0.2326,0.2536,0.2493,Screen Recording,Screen Recording Recording38.mp4,1920,1080,0,0,960,540,Fixation,136,504,490,257,0.255,0.238,,,,,,,,,,,
279844499,1120613049402,Eye Tracker,LipReading,08/25/2025,Chenmingjie,Recording38,07/01/2025,07/01/2025,16:47:15.576,08:47:15.576,803474,Timeline1,Tobii I-VT (Fixation),1.241.54219,1080,1920,10.0,14.5,1.9,2.3,1.39,0.18,0.21,53,7,8,7.8,1.7,1.6,0.77,0.17,0.16,29,6,6,9688389154,,,491,250,497,239,485,262,-0.16617,-0.04845,-0.98491,-0.28832,-0.03313,-0.95696,4.163,3.805,3.984,,,,Valid,Valid,220.5,90.1,501.6,283.3,88.9,499.7,135.9,65.4,132.7,71.6,0.2556,0.2318,0.2587,0.2214,0.2526,0.2422,Screen Recording,Screen Recording Recording38.mp4,1920,1080,0,0,960,540,Fixation,136,504,490,257,0.255,0.238,,,,,,,,,,,
279848499,1120613053402,Eye Tracker,LipReading,08/25/2025,Chenmingjie,Recording38,07/01/2025,07/01/2025,16:47:15.576,08:47:15.576,803474,Timeline1,Tobii I-VT (Fixation),1.241.54219,1080,1920,10.0,14.5,1.9,2.3,1.39,0.18,0.21,53,7,8,7.8,1.7,1.6,0.77,0.17,0.16,29,6,6,9688393154,,,488,259,491,252,485,267,-0.16892,-0.04138,-0.98476,-0.28812,-0.03047,-0.95711,4.176,3.799,3.985,,,,Valid,Valid,220.5,90.1,501.6,283.3,88.9,499.7,134.5,69.0,132.9,73.0,0.2544,0.2401,0.256,0.2335,0.2529,0.2468,Screen Recording,Screen Recording Recording38.mp4,1920,1080,0,0,960,540,Fixation,136,504,490,257,0.255,0.238,,,,,,,,,,,
279852499,1120613057402,Eye Tracker,LipReading,08/25/2025,Chenmingjie,Recording38,07/01/2025,07/01/2025,16:47:15.576,08:47:15.576,803474,Timeline1,Tobii I-VT (Fixation),1.241.54219,1080,1920,10.0,14.5,1.9,2.3,1.39,0.18,0.21,53,7,8,7.8,1.7,1.6,0.77,0.17,0.16,29,6,6,9688397154,,,489,261,494,255,485,267,-0.16772,-0.03996,-0.98502,-0.28849,-0.03025,-0.95701,4.148,3.791,3.978,,,,Valid,Valid,220.5,90.1,501.6,283.3,88.9,499.7,135.1,69.7,132.7,73.1,0.2548,0.2416,0.2572,0.2359,0.2525,0.2472,Screen Recording,Screen Recording Recording38.mp4,1920,1080,0,0,960,540,Fixation,136,504,490,257,0.255,0.238,,,,,,,,,,,
279856498,1120613061401,Eye Tracker,LipReading,08/25/2025,Chenmingjie,Recording38,07/01/2025,07/01/2025,16:47:15.576,08:47:15.576,803474,Timeline1,Tobii I-VT (Fixation),1.241.54219,1080,1920,10.0,14.5,1.9,2.3,1.39,0.18,0.21,53,7,8,7.8,1.7,1.6,0.77,0.17,0.16,29,6,6,9688401153,,,489,264,494,261,485,266,-0.16773,-0.03651,-0.98516,-0.28833,-0.03068,-0.95704,4.175,3.793,3.975,,,,Valid,Valid,220.5,90.1,501.5,283.3,88.9,499.7,135.1,71.5,132.8,72.8,0.2549,0.2442,0.2572,0.2419,0.2526,0.2464,Screen Recording,Screen Recording Recording38.mp4,1920,1080,0,0,960,540,Fixation,136,504,490,257,0.255,0.238,,,,,,,,,,,
279860499,1120613065402,Eye Tracker,LipReading,08/25/2025,Chenmingjie,Recording38,07/01/2025,07/01/2025,16:47:15.576,08:47:15.576,803474,Timeline1,Tobii I-VT (Fixation),1.241.54219,1080,1920,10.0,14.5,1.9,2.3,1.39,0.18,0.21,53,7,8,7.8,1.7,1.6,0.77,0.17,0.16,29,6,6,9688405154,,,489,258,493,249,486,268,-0.16812,-0.04305,-0.98483,-0.28792,-0.02982,-0.95719,4.136,3.794,3.971,,,,Valid,Valid,220.5,90.1,501.6,283.3,88.8,499.7,134.9,68.1,133.0,73.3,0.2549,0.2392,0.2567,0.2306,0.2531,0.2479,Screen Recording,Screen Recording Recording38.mp4,1920,1080,0,0,960,540,Fixation,136,504,490,257,0.255,0.238,,,,,,,,,,,
279864498,1120613069401,Eye Tracker,LipReading,08/25/2025,Chenmingjie,Recording38,07/01/2025,07/01/2025,16:47:15.576,08:47:15.576,803474,Timeline1,Tobii I-VT (Fixation),1.241.54219,1080,1920,10.0,14.5,1.9,2.3,1.39,0.18,0.21,53,7,8,7.8,1.7,1.6,0.77,0.17,0.16,29,6,6,9688409153,,,488,261,491,256,485,267,-0.16931,-0.03941,-0.98477,-0.28823,-0.03039,-0.95708,4.156,3.791,3.974,,,,Valid,Valid,220.5,90.1,501.6,283.3,88.8,499.7,134.3,70.0,132.8,73.0,0.2542,0.2418,0.2556,0.2368,0.2528,0.2469,Screen Recording,Screen Recording Recording38.mp4,1920,1080,0,0,960,540,Fixation,136,504,490,257,0.255,0.238,,,,,,,,,,,
279868498,1120613073401,Eye Tracker,LipReading,08/25/2025,Chenmingjie,Recording38,07/01/2025,07/01/2025,16:47:15.576,08:47:15.576,803474,Timeline1,Tobii I-VT (Fixation),1.241.54219,1080,1920,10.0,14.5,1.9,2.3,1.39,0.18,0.21,53,7,8,7.8,1.7,1.6,0.77,0.17,0.16,29,6,6,9688413153,,,489,262,492,256,485,267,-0.16851,-0.03914,-0.98492,-0.28834,-0.03004,-0.95706,4.151,3.778,3.974,,,,Valid,Valid,220.5,90.1,501.5,283.3,88.8,499.7,134.7,70.1,132.8,73.1,0.2545,0.2423,0.2564,0.2373,0.2527,0.2474,Screen Recording,Screen Recording Recording38.mp4,1920,1080,0,0,960,540,Fixation,136,504,490,257,0.255,0.238,,,,,,,,,,,
279872498,1120613077401,Eye Tracker,LipReading,08/25/2025,Chenmingjie,Recording38,07/01/2025,07/01/2025,16:47:15.576,08:47:15.576,803474,Timeline1,Tobii I-VT (Fixation),1.241.54219,1080,1920,10.0,14.5,1.9,2.3,1.39,0.18,0.21,53,7,8,7.8,1.7,1.6,0.77,0.17,0.16,29,6,6,9688417153,,,488,263,493,255,483,272,-0.16789,-0.03976,-0.985,-0.28942,-0.02753,-0.95681,4.161,3.786,3.971,,,,Valid,Valid,220.5,90.0,501.5,283.3,88.8,499.7,135.0,69.8,132.2,74.4,0.2543,0.244,0.257,0.2362,0.2515,0.2518,Screen Recording,Screen Recording Recording38.mp4,1920,1080,0,0,960,540,Fixation,136,504,490,257,0.255,0.238,,,,,,,,,,,
279876499,1120613081402,Eye Tracker,LipReading,08/25/2025,Chenmingjie,Recording38,07/01/2025,07/01/2025,16:47:15.576,08:47:15.576,803474,Timeline1,Tobii I-VT (Fixation),1.241.54219,1080,1920,10.0,14.5,1.9,2.3,1.39,0.18,0.21,53,7,8,7.8,1.7,1.6,0.77,0.17,0.16,29,6,6,9688421154,,,489,266,494,263,484,270,-0.16743,-0.03563,-0.98524,-0.28865,-0.02842,-0.95701,4.169,3.792,3.969,,,,Valid,Valid,220.5,90.0,501.5,283.3,88.8,499.7,135.3,71.9,132.6,73.9,0.2549,0.2467,0.2575,0.2433,0.2523,0.2502,Screen Recording,Screen Recording Recording38.mp4,1920,1080,0,0,960,540,Fixation,136,504,490,257,0.255,0.238,,,,,,,,,,,
279880498,1120613085401,Eye Tracker,LipReading,08/25/2025,Chenmingjie,Recording38,07/01/2025,07/01/2025,16:47:15.576,08:47:15.576,803474,Timeline1,Tobii I-VT (Fixation),1.241.54219,1080,1920,10.0,14.5,1.9,2.3,1.39,0.18,0.21,53,7,8,7.8,1.7,1.6,0.77,0.17,0.16,29,6,6,9688425153,,,488,261,492,254,484,269,-0.16856,-0.04033,-0.98487,-0.28906,-0.02908,-0.95687,4.148,3.778,3.973,,,,Valid,Valid,220.5,90.1,501.4,283.3,88.8,499.6,134.7,69.5,132.4,73.6,0.2541,0.2421,0.2563,0.2352,0.2519,0.249,Screen Recording,Screen Recording Recording38.mp4,1920,1080,0,0,960,540,Fixation,136,504,490,257,0.255,0.238,,,,,,,,,,,
279884499,1120613089402,Eye Tracker,LipReading,08/25/2025,Chenmingjie,Recording38,07/01/2025,07/01/2025,16:47:15.576,08:47:15.576,803474,Timeline1,Tobii I-VT (Fixation),1.241.54219,1080,1920,10.0,14.5,1.9,2.3,1.39,0.18,0.21,53,7,8,7.8,1.7,1.6,0.77,0.17,0.16,29,6,6,9688429154,,,489,266,491,261,488,271,-0.16898,-0.03653,-0.98494,-0.28713,-0.02815,-0.95748,4.162,3.773,3.97,,,,Valid,Valid,220.5,90.0,501.5,283.3,88.8,499.6,134.5,71.4,133.5,74.1,0.2549,0.2461,0.2559,0.2415,0.254,0.2506,Screen Recording,Screen Recording Recording38.mp4,1920,1080,0,0,960,540,Fixation,136,504,490,257,0.255,0.238,,,,,,,,,,,
279888499,1120613093402,Eye Tracker,LipReading,08/25/2025,Chenmingjie,Recording38,07/01/2025,07/01/2025,16:47:15.576,08:47:15.576,803474,Timeline1,Tobii I-VT (Fixation),1.241.54219,1080,1920,10.0,14.5,1.9,2.3,1.39,0.18,0.21,53,7,8,7.8,1.7,1.6,0.77,0.17,0.16,29,6,6,9688433154,,,490,265,496,261,484,269,-0.1663,-0.03638,-0.9854,-0.28868,-0.02915,-0.95698,4.154,3.785,3.968,,,,Valid,Valid,220.5,90.0,501.5,283.3,88.8,499.6,135.9,71.5,132.6,73.5,0.2554,0.2453,0.2586,0.2418,0.2523,0.2488,Screen Recording,Screen Recording Recording38.mp4,1920,1080,0,0,960,540,Fixation,136,504,490,257,0.255,0.238,,,,,,,,,,,
279892499,1120613097402,Eye Tracker,LipReading,08/25/2025,Chenmingjie,Recording38,07/01/2025,07/01/2025,16:47:15.576,08:47:15.576,803474,Timeline1,Tobii I-VT (Fixation),1.241.54219,1080,1920,10.0,14.5,1.9,2.3,1.39,0.18,0.21,53,7,8,7.8,1.7,1.6,0.77,0.17,0.16,29,6,6,9688437154,,,493,261,496,258,489,265,-0.1665,-0.03811,-0.9853,-0.28641,-0.03122,-0.9576,4.149,3.786,3.968,,,,Valid,Valid,220.5,90.0,501.4,283.3,88.8,499.6,135.8,70.6,133.9,72.5,0.2566,0.242,0.2584,0.2388,0.2547,0.2452,Screen Recording,Screen Recording Recording38.mp4,1920,1080,0,0,960,540,Fixation,136,504,490,257,0.255,0.238,,,,,,,,,,,
279896494,1120613101397,Eye Tracker,LipReading,08/25/2025,Chenmingjie,Recording38,07/01/2025,07/01/2025,16:47:15.576,08:47:15.576,803474,Timeline1,Tobii I-VT (Fixation),1.241.54219,1080,1920,10.0,14.5,1.9,2.3,1.39,0.18,0.21,53,7,8,7.8,1.7,1.6,0.77,0.17,0.16,29,6,6,9688441149,,,492,256,497,252,487,260,-0.16581,-0.0412,-0.9853,-0.28746,-0.03379,-0.9572,4.162,3.782,3.966,,,,Valid,Valid,220.5,90.0,501.4,283.3,88.7,499.6,136.1,69.0,133.2,71.1,0.2563,0.237,0.259,0.2335,0.2536,0.2406,Screen Recording,Screen Recording Recording38.mp4,1920,1080,0,0,960,540,Fixation,136,504,490,257,0.255,0.238,,,,,,,,,,,
279900495,1120613105398,Eye Tracker,LipReading,08/25/2025,Chenmingjie,Recording38,07/01/2025,07/01/2025,16:47:15.576,08:47:15.576,803474,Timeline1,Tobii I-VT (Fixation),1.241.54219,1080,1920,10.0,14.5,1.9,2.3,1.39,0.18,0.21,53,7,8,7.8,1.7,1.6,0.77,0.17,0.16,29,6,6,9688445150,,,490,257,494,250,485,264,-0.1673,-0.04234,-0.985,-0.2884,-0.03167,-0.95698,4.137,3.773,3.965,,,,Valid,Valid,220.5,90.0,501.4,283.3,88.7,499.5,135.3,68.4,132.7,72.2,0.2551,0.2378,0.2575,0.2314,0.2526,0.2442,Screen Recording,Screen Recording Recording38.mp4,1920,1080,0,0,960,540,Fixation,136,504,490,257,0.255,0.238,,,,,,,,,,,
279904494,1120613109397,Eye Tracker,LipReading,08/25/2025,Chenmingjie,Recording38,07/01/2025,07/01/2025,16:47:15.576,08:47:15.576,803474,Timeline1,Tobii I-VT (Fixation),1.241.54219,1080,1920,10.0,14.5,1.9,2.3,1.39,0.18,0.21,53,7,8,7.8,1.7,1.6,0.77,0.17,0.16,29,6,6,9688449149,,,489,261,493,255,486,268,-0.16819,-0.03979,-0.98495,-0.28813,-0.02928,-0.95714,4.15,3.781,3.96,,,,Valid,Valid,220.5,90.0,501.3,283.3,88.7,499.6,134.9,69.7,132.9,73.4,0.2548,0.242,0.2566,0.2358,0.2529,0.2483,Screen Recording,Screen Recording Recording38.mp4,1920,1080,0,0,960,540,Fixation,136,504,490,257,0.255,0.238,,,,,,,,,,,
279908494,1120613113397,Eye Tracker,LipReading,08/25/2025,Chenmingjie,Recording38,07/01/2025,07/01/2025,16:47:15.576,08:47:15.576,803474,Timeline1,Tobii I-VT (Fixation),1.241.54219,1080,1920,10.0,14.5,1.9,2.3,1.39,0.18,0.21,53,7,8,7.8,1.7,1.6,0.77,0.17,0.16,29,6,6,9688453149,,,493,262,501,253,485,271,-0.16378,-0.04069,-0.98566,-0.28857,-0.0278,-0.95705,4.135,3.77,3.955,,,,Valid,Valid,220.4,89.9,501.4,283.3,88.7,499.5,137.1,69.2,132.6,74.2,0.2567,0.2425,0.261,0.2342,0.2525,0.2509,Screen Recording,Screen Recording Recording38.mp4,1920,1080,0,0,960,540,Fixation,136,504,490,257,0.255,0.238,,,,,,,,,,,
279912494,1120613117397,Eye Tracker,LipReading,08/25/2025,Chenmingjie,Recording38,07/01/2025,07/01/2025,16:47:15.576,08:47:15.576,803474,Timeline1,Tobii I-VT (Fixation),1.241.54219,1080,1920,10.0,14.5,1.9,2.3,1.39,0.18,0.21,53,7,8,7.8,1.7,1.6,0.77,0.17,0.16,29,6,6,9688457149,,,490,263,496,254,485,271,-0.16668,-0.03986,-0.9852,-0.28842,-0.02771,-0.9571,4.148,3.771,3.959,,,,Valid,Valid,220.4,89.9,501.3,283.2,88.7,499.5,135.6,69.6,132.7,74.2,0.2554,0.2433,0.2581,0.2356,0.2526,0.251,Screen Recording,Screen Recording Recording38.mp4,1920,1080,0,0,960,540,Fixation,136,504,490,257,0.255,0.238,,,,,,,,,,,
279916495,1120613121398,Eye Tracker,LipReading,08/25/2025,Chenmingjie,Recording38,07/01/2025,07/01/2025,16:47:15.576,08:47:15.576,803474,Timeline1,Tobii I-VT (Fixation),1.241.54219,1080,1920,10.0,14.5,1.9,2.3,1.39,0.18,0.21,53,7,8,7.8,1.7,1.6,0.77,0.17,0.16,29,6,6,9688461150,,,490,260,494,253,487,267,-0.16765,-0.04057,-0.98501,-0.28747,-0.02987,-0.95732,4.131,3.774,3.959,,,,Valid,Valid,220.4,89.9,501.2,283.2,88.6,499.5,135.1,69.3,133.2,73.0,0.2554,0.2407,0.2571,0.2343,0.2536,0.247,Screen Recording,Screen Recording Recording38.mp4,1920,1080,0,0,960,540,Fixation,136,504,490,257,0.255,0.238,,,,,,,,,,,
279920494,1120613125397,Eye Tracker,LipReading,08/25/2025,Chenmingjie,Recording38,07/01/2025,07/01/2025,16:47:15.576,08:47:15.576,803474,Timeline1,Tobii I-VT (Fixation),1.241.54219,1080,1920,10.0,14.5,1.9,2.3,1.39,0.18,0.21,53,7,8,7.8,1.7,1.6,0.77,0.17,0.16,29,6,6,9688465149,,,488,249,494,226,482,271,-0.16728,-0.05498,-0.98437,-0.28997,-0.02742,-0.95664,4.178,3.755,3.967,,,,Valid,Valid,220.4,89.8,501.4,283.2,88.6,499.4,135.2,61.8,131.9,74.3,0.2541,0.2302,0.2573,0.2091,0.2509,0.2512,Screen Recording,Screen Recording Recording38.mp4,1920,1080,0,0,960,540,Fixation,136,504,490,257,0.255,0.238,,,,,,,,,,,
279924495,1120613129398,Eye Tracker,LipReading,08/25/2025,Chenmingjie,Recording38,07/01/2025,07/01/2025,16:47:15.576,08:47:15.576,803474,Timeline1,Tobii I-VT (Fixation),1.241.54219,1080,1920,10.0,14.5,1.9,2.3,1.39,0.18,0.21,53,7,8,7.8,1.7,1.6,0.77,0.17,0.16,29,6,6,9688469150,,,488,251,490,228,487,275,-0.16942,-0.0537,-0.98408,-0.28754,-0.0255,-0.95743,4.236,3.744,3.983,,,,Valid,Valid,220.4,89.7,501.4,283.2,88.5,499.5,134.1,62.4,133.2,75.2,0.2543,0.2327,0.2551,0.211,0.2535,0.2544,Screen Recording,Screen Recording Recording38.mp4,1920,1080,0,0,960,540,Fixation,136,504,490,257,0.255,0.238,,,,,,,,,,,
279928495,1120613133398,Eye Tracker,LipReading,08/25/2025,Chenmingjie,Recording38,07/01/2025,07/01/2025,16:47:15.576,08:47:15.576,803474,Timeline1,Tobii I-VT (Fixation),1.241.54219,1080,1920,10.0,14.5,1.9,2.3,1.39,0.18,0.21,53,7,8,7.8,1.7,1.6,0.77,0.17,0.16,29,6,6,9688473150,,,487,252,490,226,484,278,-0.16928,-0.05498,-0.98403,-0.28908,-0.02372,-0.95701,4.227,3.748,3.983,,,,Valid,Valid,220.4,89.7,501.2,283.2,88.4,499.6,134.1,61.7,132.3,76.0,0.2536,0.233,0.2553,0.2089,0.2518,0.2572,Screen Recording,Screen Recording Recording38.mp4,1920,1080,0,0,960,540,Fixation,136,504,490,257,0.255,0.238,,,,,,,,,,,
279932494,1120613137397,Eye Tracker,LipReading,08/25/2025,Chenmingjie,Recording38,07/01/2025,07/01/2025,16:47:15.576,08:47:15.576,803474,Timeline1,Tobii I-VT (Fixation),1.241.54219,1080,1920,10.0,14.5,1.9,2.3,1.39,0.18,0.21,53,7,8,7.8,1.7,1.6,0.77,0.17,0.16,29,6,6,9688477150,,,488,251,493,236,482,266,-0.16756,-0.04913,-0.98464,-0.28991,-0.02966,-0.9566,4.211,3.767,3.979,,,,Valid,Valid,220.3,89.7,501.3,283.2,88.3,499.6,135.0,64.7,131.8,72.8,0.2539,0.2326,0.257,0.2187,0.2509,0.2464,Screen Recording,Screen Recording Recording38.mp4,1920,1080,0,0,960,540,Saccade,24,1347,,,,,,,,,,,,,,,
279936493,1120613141396,Eye Tracker,LipReading,08/25/2025,Chenmingjie,Recording38,07/01/2025,07/01/2025,16:47:15.576,08:47:15.576,803474,Timeline1,Tobii I-VT (Fixation),1.241.54219,1080,1920,10.0,14.5,1.9,2.3,1.39,0.18,0.21,53,7,8,7.8,1.7,1.6,0.77,0.17,0.16,29,6,6,9688481149,,,482,256,486,265,479,246,-0.17157,-0.03339,-0.98461,-0.29113,-0.04005,-0.95584,4.134,3.834,3.941,,,,Valid,Valid,220.3,89.7,501.2,283.2,88.2,499.6,133.0,72.7,131.0,67.3,0.2513,0.2367,0.2531,0.2458,0.2494,0.2277,Screen Recording,Screen Recording Recording38.mp4,1920,1080,0,0,960,540,Saccade,24,1347,,,,,,,,,,,,,,,
279940494,1120613145397,Eye Tracker,LipReading,08/25/2025,Chenmingjie,Recording38,07/01/2025,07/01/2025,16:47:15.576,08:47:15.576,803474,Timeline1,Tobii I-VT (Fixation),1.241.54219,1080,1920,10.0,14.5,1.9,2.3,1.39,0.18,0.21,53,7,8,7.8,1.7,1.6,0.77,0.17,0.16,29,6,6,9688485150,,,482,300,484,324,480,277,-0.17269,-0.00202,-0.98497,-0.29093,-0.02382,-0.95645,4.011,3.709,3.86,,,,Valid,Valid,220.3,89.6,501.2,283.2,88.2,499.6,132.4,88.5,131.2,75.7,0.2509,0.2779,0.252,0.2996,0.2498,0.2562,Screen Recording,Screen Recording Recording38.mp4,1920,1080,0,0,960,540,Saccade,24,1347,,,,,,,,,,,,,,,
279944493,1120613149396,Eye Tracker,LipReading,08/25/2025,Chenmingjie,Recording38,07/01/2025,07/01/2025,16:47:15.576,08:47:15.576,803474,Timeline1,Tobii I-VT (Fixation),1.241.54219,1080,1920,10.0,14.5,1.9,2.3,1.39,0.18,0.21,53,7,8,7.8,1.7,1.6,0.77,0.17,0.16,29,6,6,9688489149,,,484,360,486,373,482,348,-0.17144,0.02429,-0.98489,-0.28979,0.0139,-0.95699,3.85,3.539,3.694,,,,Valid,Valid,220.3,89.6,501.0,283.2,88.1,499.7,133.1,101.9,131.9,95.3,0.2521,0.3337,0.2533,0.3449,0.251,0.3225,Screen Recording,Screen Recording Recording38.mp4,1920,1080,0,0,960,540,Saccade,24,1347,,,,,,,,,,,,,,,
279948493,1120613153396,Eye Tracker,LipReading,08/25/2025,Chenmingjie,Recording38,07/01/2025,07/01/2025,16:47:15.576,08:47:15.576,803474,Timeline1,Tobii I-VT (Fixation),1.241.54219,1080,1920,10.0,14.5,1.9,2.3,1.39,0.18,0.21,53,7,8,7.8,1.7,1.6,0.77,0.17,0.16,29,6,6,9688493149,,,471,448,476,455,466,440,-0.17643,0.06897,-0.98189,-0.29686,0.0619,-0.95291,3.667,3.224,3.446,,,,Valid,Valid,220.3,89.4,501.3,283.2,88.0,499.6,130.2,124.6,127.5,120.5,0.2453,0.4146,0.2478,0.4217,0.2427,0.4076,Screen Recording,Screen Recording Recording38.mp4,1920,1080,0,0,960,540,Saccade,24,1347,,,,,,,,,,,,,,,
279952493,1120613157396,Eye Tracker,LipReading,08/25/2025,Chenmingjie,Recording38,07/01/2025,07/01/2025,16:47:15.576,08:47:15.576,803474,Timeline1,Tobii I-VT (Fixation),1.241.54219,1080,1920,10.0,14.5,1.9,2.3,1.39,0.18,0.21,53,7,8,7.8,1.7,1.6,0.77,0.17,0.16,29,6,6,9688497149,,,488,510,469,533,508,488,-0.17921,0.11029,-0.97761,-0.27619,0.08716,-0.95714,3.376,2.578,2.977,,,,Valid,Valid,220.2,89.4,501.2,283.2,88.0,499.6,128.4,145.9,139.0,133.5,0.2544,0.4726,0.2443,0.4938,0.2645,0.4515,Screen Recording,Screen Recording Recording38.mp4,1920,1080,0,0,960,540,Saccade,24,1347,,,,,,,,,,,,,,,
279956494,1120613161397,Eye Tracker,LipReading,08/25/2025,Chenmingjie,Recording38,07/01/2025,07/01/2025,16:47:15.576,08:47:15.576,803474,Timeline1,Tobii I-VT (Fixation),1.241.54219,1080,1920,10.0,14.5,1.9,2.3,1.39,0.18,0.21,53,7,8,7.8,1.7,1.6,0.77,0.17,0.16,29,6,6,9688501150,,,,,,,,,,,,,,,,,,,,,Invalid,Invalid,,,,,,,,,,,,,,,,,Screen Recording,Screen Recording Recording38.mp4,1920,1080,0,0,960,540,EyesNotFound,248,1026,,,,,,,,,,,,,,,
279960493,1120613165396,Eye Tracker,LipReading,08/25/2025,Chenmingjie,Recording38,07/01/2025,07/01/2025,16:47:15.576,08:47:15.576,803474,Timeline1,Tobii I-VT (Fixation),1.241.54219,1080,1920,10.0,14.5,1.9,2.3,1.39,0.18,0.21,53,7,8,7.8,1.7,1.6,0.77,0.17,0.16,29,6,6,9688505149,,,,,,,,,,,,,,,,,,,,,Invalid,Invalid,,,,,,,,,,,,,,,,,Screen Recording,Screen Recording Recording38.mp4,1920,1080,0,0,960,540,EyesNotFound,248,1026,,,,,,,,,,,,,,,
279964494,1120613169397,Eye Tracker,LipReading,08/25/2025,Chenmingjie,Recording38,07/01/2025,07/01/2025,16:47:15.576,08:47:15.576,803474,Timeline1,Tobii I-VT (Fixation),1.241.54219,1080,1920,10.0,14.5,1.9,2.3,1.39,0.18,0.21,53,7,8,7.8,1.7,1.6,0.77,0.17,0.16,29,6,6,9688509150,,,,,,,,,,,,,,,,,,,,,Invalid,Invalid,,,,,,,,,,,,,,,,,Screen Recording,Screen Recording Recording38.mp4,1920,1080,0,0,960,540,EyesNotFound,248,1026,,,,,,,,,,,,,,,
279968494,1120613173397,Eye Tracker,LipReading,08/25/2025,Chenmingjie,Recording38,07/01/2025,07/01/2025,16:47:15.576,08:47:15.576,803474,Timeline1,Tobii I-VT (Fixation),1.241.54219,1080,1920,10.0,14.5,1.9,2.3,1.39,0.18,0.21,53,7,8,7.8,1.7,1.6,0.77,0.17,0.16,29,6,6,9688513150,,,,,,,,,,,,,,,,,,,,,Invalid,Invalid,,,,,,,,,,,,,,,,,Screen Recording,Screen Recording Recording38.mp4,1920,1080,0,0,960,540,EyesNotFound,248,1026,,,,,,,,,,,,,,,
279972493,1120613177396,Eye Tracker,LipReading,08/25/2025,Chenmingjie,Recording38,07/01/2025,07/01/2025,16:47:15.576,08:47:15.576,803474,Timeline1,Tobii I-VT (Fixation),1.241.54219,1080,1920,10.0,14.5,1.9,2.3,1.39,0.18,0.21,53,7,8,7.8,1.7,1.6,0.77,0.17,0.16,29,6,6,9688517149,,,,,,,,,,,,,,,,,,,,,Invalid,Invalid,,,,,,,,,,,,,,,,,Screen Recording,Screen Recording Recording38.mp4,1920,1080,0,0,960,540,EyesNotFound,248,1026,,,,,,,,,,,,,,,
279976493,1120613181396,Eye Tracker,LipReading,08/25/2025,Chenmingjie,Recording38,07/01/2025,07/01/2025,16:47:15.576,08:47:15.576,803474,Timeline1,Tobii I-VT (Fixation),1.241.54219,1080,1920,10.0,14.5,1.9,2.3,1.39,0.18,0.21,53,7,8,7.8,1.7,1.6,0.77,0.17,0.16,29,6,6,9688521149,,,,,,,,,,,,,,,,,,,,,Invalid,Invalid,,,,,,,,,,,,,,,,,Screen Recording,Screen Recording Recording38.mp4,1920,1080,0,0,960,540,EyesNotFound,248,1026,,,,,,,,,,,,,,,
279980494,1120613185397,Eye Tracker,LipReading,08/25/2025,Chenmingjie,Recording38,07/01/2025,07/01/2025,16:47:15.576,08:47:15.576,803474,Timeline1,Tobii I-VT (Fixation),1.241.54219,1080,1920,10.0,14.5,1.9,2.3,1.39,0.18,0.21,53,7,8,7.8,1.7,1.6,0.77,0.17,0.16,29,6,6,9688525150,,,,,,,,,,,,,,,,,,,,,Invalid,Invalid,,,,,,,,,,,,,,,,,Screen Recording,Screen Recording Recording38.mp4,1920,1080,0,0,960,540,EyesNotFound,248,1026,,,,,,,,,,,,,,,
279984493,1120613189396,Eye Tracker,LipReading,08/25/2025,Chenmingjie,Recording38,07/01/2025,07/01/2025,16:47:15.576,08:47:15.576,803474,Timeline1,Tobii I-VT (Fixation),1.241.54219,1080,1920,10.0,14.5,1.9,2.3,1.39,0.18,0.21,53,7,8,7.8,1.7,1.6,0.77,0.17,0.16,29,6,6,9688529149,,,,,,,,,,,,,,,,,,,,,Invalid,Invalid,,,,,,,,,,,,,,,,,Screen Recording,Screen Recording Recording38.mp4,1920,1080,0,0,960,540,EyesNotFound,248,1026,,,,,,,,,,,,,,,
279988493,1120613193396,Eye Tracker,LipReading,08/25/2025,Chenmingjie,Recording38,07/01/2025,07/01/2025,16:47:15.576,08:47:15.576,803474,Timeline1,Tobii I-VT (Fixation),1.241.54219,1080,1920,10.0,14.5,1.9,2.3,1.39,0.18,0.21,53,7,8,7.8,1.7,1.6,0.77,0.17,0.16,29,6,6,9688533149,,,,,,,,,,,,,,,,,,,,,Invalid,Invalid,,,,,,,,,,,,,,,,,Screen Recording,Screen Recording Recording38.mp4,1920,1080,0,0,960,540,EyesNotFound,248,1026,,,,,,,,,,,,,,,
279992494,1120613197397,Eye Tracker,LipReading,08/25/2025,Chenmingjie,Recording38,07/01/2025,07/01/2025,16:47:15.576,08:47:15.576,803474,Timeline1,Tobii I-VT (Fixation),1.241.54219,1080,1920,10.0,14.5,1.9,2.3,1.39,0.18,0.21,53,7,8,7.8,1.7,1.6,0.77,0.17,0.16,29,6,6,9688537150,,,,,,,,,,,,,,,,,,,,,Invalid,Invalid,,,,,,,,,,,,,,,,,Screen Recording,Screen Recording Recording38.mp4,1920,1080,0,0,960,540,EyesNotFound,248,1026,,,,,,,,,,,,,,,
279996494,1120613201397,Eye Tracker,LipReading,08/25/2025,Chenmingjie,Recording38,07/01/2025,07/01/2025,16:47:15.576,08:47:15.576,803474,Timeline1,Tobii I-VT (Fixation),1.241.54219,1080,1920,10.0,14.5,1.9,2.3,1.39,0.18,0.21,53,7,8,7.8,1.7,1.6,0.77,0.17,0.16,29,6,6,9688541150,,,,,,,,,,,,,,,,,,,,,Invalid,Invalid,,,,,,,,,,,,,,,,,Screen Recording,Screen Recording Recording38.mp4,1920,1080,0,0,960,540,EyesNotFound,248,1026,,,,,,,,,,,,,,,
280000493,1120613205396,Eye Tracker,LipReading,08/25/2025,Chenmingjie,Recording38,07/01/2025,07/01/2025,16:47:15.576,08:47:15.576,803474,Timeline1,Tobii I-VT (Fixation),1.241.54219,1080,1920,10.0,14.5,1.9,2.3,1.39,0.18,0.21,53,7,8,7.8,1.7,1.6,0.77,0.17,0.16,29,6,6,9688545149,,,,,,,,,,,,,,,,,,,,,Invalid,Invalid,,,,,,,,,,,,,,,,,Screen Recording,Screen Recording Recording38.mp4,1920,1080,0,0,960,540,EyesNotFound,248,1026,,,,,,,,,,,,,,,
280004494,1120613209397,Eye Tracker,LipReading,08/25/2025,Chenmingjie,Recording38,07/01/2025,07/01/2025,16:47:15.576,08:47:15.576,803474,Timeline1,Tobii I-VT (Fixation),1.241.54219,1080,1920,10.0,14.5,1.9,2.3,1.39,0.18,0.21,53,7,8,7.8,1.7,1.6,0.77,0.17,0.16,29,6,6,9688549150,,,,,,,,,,,,,,,,,,,,,Invalid,Invalid,,,,,,,,,,,,,,,,,Screen Recording,Screen Recording Recording38.mp4,1920,1080,0,0,960,540,EyesNotFound,248,1026,,,,,,,,,,,,,,,
280008494,1120613213397,Eye Tracker,LipReading,08/25/2025,Chenmingjie,Recording38,07/01/2025,07/01/2025,16:47:15.576,08:47:15.576,803474,Timeline1,Tobii I-VT (Fixation),1.241.54219,1080,1920,10.0,14.5,1.9,2.3,1.39,0.18,0.21,53,7,8,7.8,1.7,1.6,0.77,0.17,0.16,29,6,6,9688553150,,,,,,,,,,,,,,,,,,,,,Invalid,Invalid,,,,,,,,,,,,,,,,,Screen Recording,Screen Recording Recording38.mp4,1920,1080,0,0,960,540,EyesNotFound,248,1026,,,,,,,,,,,,,,,
280012493,1120613217396,Eye Tracker,LipReading,08/25/2025,Chenmingjie,Recording38,07/01/2025,07/01/2025,16:47:15.576,08:47:15.576,803474,Timeline1,Tobii I-VT (Fixation),1.241.54219,1080,1920,10.0,14.5,1.9,2.3,1.39,0.18,0.21,53,7,8,7.8,1.7,1.6,0.77,0.17,0.16,29,6,6,9688557149,,,,,,,,,,,,,,,,,,,,,Invalid,Invalid,,,,,,,,,,,,,,,,,Screen Recording,Screen Recording Recording38.mp4,1920,1080,0,0,960,540,EyesNotFound,248,1026,,,,,,,,,,,,,,,
280016493,1120613221396,Eye Tracker,LipReading,08/25/2025,Chenmingjie,Recording38,07/01/2025,07/01/2025,16:47:15.576,08:47:15.576,803474,Timeline1,Tobii I-VT (Fixation),1.241.54219,1080,1920,10.0,14.5,1.9,2.3,1.39,0.18,0.21,53,7,8,7.8,1.7,1.6,0.77,0.17,0.16,29,6,6,9688561149,,,,,,,,,,,,,,,,,,,,,Invalid,Invalid,,,,,,,,,,,,,,,,,Screen Recording,Screen Recording Recording38.mp4,1920,1080,0,0,960,540,EyesNotFound,248,1026,,,,,,,,,,,,,,,
280020494,1120613225397,Eye Tracker,LipReading,08/25/2025,Chenmingjie,Recording38,07/01/2025,07/01/2025,16:47:15.576,08:47:15.576,803474,Timeline1,Tobii I-VT (Fixation),1.241.54219,1080,1920,10.0,14.5,1.9,2.3,1.39,0.18,0.21,53,7,8,7.8,1.7,1.6,0.77,0.17,0.16,29,6,6,9688565150,,,,,,,,,,,,,,,,,,,,,Invalid,Invalid,,,,,,,,,,,,,,,,,Screen Recording,Screen Recording Recording38.mp4,1920,1080,0,0,960,540,EyesNotFound,248,1026,,,,,,,,,,,,,,,
280024493,1120613229396,Eye Tracker,LipReading,08/25/2025,Chenmingjie,Recording38,07/01/2025,07/01/2025,16:47:15.576,08:47:15.576,803474,Timeline1,Tobii I-VT (Fixation),1.241.54219,1080,1920,10.0,14.5,1.9,2.3,1.39,0.18,0.21,53,7,8,7.8,1.7,1.6,0.77,0.17,0.16,29,6,6,9688569150,,,,,,,,,,,,,,,,,,,,,Invalid,Invalid,,,,,,,,,,,,,,,,,Screen Recording,Screen Recording Recording38.mp4,1920,1080,0,0,960,540,EyesNotFound,248,1026,,,,,,,,,,,,,,,
280028493,1120613233396,Eye Tracker,LipReading,08/25/2025,Chenmingjie,Recording38,07/01/2025,07/01/2025,16:47:15.576,08:47:15.576,803474,Timeline1,Tobii I-VT (Fixation),1.241.54219,1080,1920,10.0,14.5,1.9,2.3,1.39,0.18,0.21,53,7,8,7.8,1.7,1.6,0.77,0.17,0.16,29,6,6,9688573150,,,,,,,,,,,,,,,,,,,,,Invalid,Invalid,,,,,,,,,,,,,,,,,Screen Recording,Screen Recording Recording38.mp4,1920,1080,0,0,960,540,EyesNotFound,248,1026,,,,,,,,,,,,,,,
280032494,1120613237397,Eye Tracker,LipReading,08/25/2025,Chenmingjie,Recording38,07/01/2025,07/01/2025,16:47:15.576,08:47:15.576,803474,Timeline1,Tobii I-VT (Fixation),1.241.54219,1080,1920,10.0,14.5,1.9,2.3,1.39,0.18,0.21,53,7,8,7.8,1.7,1.6,0.77,0.17,0.16,29,6,6,9688577151,,,,,,,,,,,,,,,,,,,,,Invalid,Invalid,,,,,,,,,,,,,,,,,Screen Recording,Screen Recording Recording38.mp4,1920,1080,0,0,960,540,EyesNotFound,248,1026,,,,,,,,,,,,,,,
280036494,1120613241397,Eye Tracker,LipReading,08/25/2025,Chenmingjie,Recording38,07/01/2025,07/01/2025,16:47:15.576,08:47:15.576,803474,Timeline1,Tobii I-VT (Fixation),1.241.54219,1080,1920,10.0,14.5,1.9,2.3,1.39,0.18,0.21,53,7,8,7.8,1.7,1.6,0.77,0.17,0.16,29,6,6,9688581151,,,,,,,,,,,,,,,,,,,,,Invalid,Invalid,,,,,,,,,,,,,,,,,Screen Recording,Screen Recording Recording38.mp4,1920,1080,0,0,960,540,EyesNotFound,248,1026,,,,,,,,,,,,,,,
280040493,1120613245396,Eye Tracker,LipReading,08/25/2025,Chenmingjie,Recording38,07/01/2025,07/01/2025,16:47:15.576,08:47:15.576,803474,Timeline1,Tobii I-VT (Fixation),1.241.54219,1080,1920,10.0,14.5,1.9,2.3,1.39,0.18,0.21,53,7,8,7.8,1.7,1.6,0.77,0.17,0.16,29,6,6,9688585150,,,,,,,,,,,,,,,,,,,,,Invalid,Invalid,,,,,,,,,,,,,,,,,Screen Recording,Screen Recording Recording38.mp4,1920,1080,0,0,960,540,EyesNotFound,248,1026,,,,,,,,,,,,,,,
280044494,1120613249397,Eye Tracker,LipReading,08/25/2025,Chenmingjie,Recording38,07/01/2025,07/01/2025,16:47:15.576,08:47:15.576,803474,Timeline1,Tobii I-VT (Fixation),1.241.54219,1080,1920,10.0,14.5,1.9,2.3,1.39,0.18,0.21,53,7,8,7.8,1.7,1.6,0.77,0.17,0.16,29,6,6,9688589151,,,,,,,,,,,,,,,,,,,,,Invalid,Invalid,,,,,,,,,,,,,,,,,Screen Recording,Screen Recording Recording38.mp4,1920,1080,0,0,960,540,EyesNotFound,248,1026,,,,,,,,,,,,,,,
280048494,1120613253397,Eye Tracker,LipReading,08/25/2025,Chenmingjie,Recording38,07/01/2025,07/01/2025,16:47:15.576,08:47:15.576,803474,Timeline1,Tobii I-VT (Fixation),1.241.54219,1080,1920,10.0,14.5,1.9,2.3,1.39,0.18,0.21,53,7,8,7.8,1.7,1.6,0.77,0.17,0.16,29,6,6,9688593151,,,,,,,,,,,,,,,,,,,,,Invalid,Invalid,,,,,,,,,,,,,,,,,Screen Recording,Screen Recording Recording38.mp4,1920,1080,0,0,960,540,EyesNotFound,248,1026,,,,,,,,,,,,,,,
280052493,1120613257396,Eye Tracker,LipReading,08/25/2025,Chenmingjie,Recording38,07/01/2025,07/01/2025,16:47:15.576,08:47:15.576,803474,Timeline1,Tobii I-VT (Fixation),1.241.54219,1080,1920,10.0,14.5,1.9,2.3,1.39,0.18,0.21,53,7,8,7.8,1.7,1.6,0.77,0.17,0.16,29,6,6,9688597150,,,,,,,,,,,,,,,,,,,,,Invalid,Invalid,,,,,,,,,,,,,,,,,Screen Recording,Screen Recording Recording38.mp4,1920,1080,0,0,960,540,EyesNotFound,248,1026,,,,,,,,,,,,,,,
280056493,1120613261396,Eye Tracker,LipReading,08/25/2025,Chenmingjie,Recording38,07/01/2025,07/01/2025,16:47:15.576,08:47:15.576,803474,Timeline1,Tobii I-VT (Fixation),1.241.54219,1080,1920,10.0,14.5,1.9,2.3,1.39,0.18,0.21,53,7,8,7.8,1.7,1.6,0.77,0.17,0.16,29,6,6,9688601150,,,,,,,,,,,,,,,,,,,,,Invalid,Invalid,,,,,,,,,,,,,,,,,Screen Recording,Screen Recording Recording38.mp4,1920,1080,0,0,960,540,EyesNotFound,248,1026,,,,,,,,,,,,,,,
280060494,1120613265397,Eye Tracker,LipReading,08/25/2025,Chenmingjie,Recording38,07/01/2025,07/01/2025,16:47:15.576,08:47:15.576,803474,Timeline1,Tobii I-VT (Fixation),1.241.54219,1080,1920,10.0,14.5,1.9,2.3,1.39,0.18,0.21,53,7,8,7.8,1.7,1.6,0.77,0.17,0.16,29,6,6,9688605151,,,,,,,,,,,,,,,,,,,,,Invalid,Invalid,,,,,,,,,,,,,,,,,Screen Recording,Screen Recording Recording38.mp4,1920,1080,0,0,960,540,EyesNotFound,248,1026,,,,,,,,,,,,,,,
280064493,1120613269396,Eye Tracker,LipReading,08/25/2025,Chenmingjie,Recording38,07/01/2025,07/01/2025,16:47:15.576,08:47:15.576,803474,Timeline1,Tobii I-VT (Fixation),1.241.54219,1080,1920,10.0,14.5,1.9,2.3,1.39,0.18,0.21,53,7,8,7.8,1.7,1.6,0.77,0.17,0.16,29,6,6,9688609150,,,,,,,,,,,,,,,,,,,,,Invalid,Invalid,,,,,,,,,,,,,,,,,Screen Recording,Screen Recording Recording38.mp4,1920,1080,0,0,960,540,EyesNotFound,248,1026,,,,,,,,,,,,,,,
280068493,1120613273396,Eye Tracker,LipReading,08/25/2025,Chenmingjie,Recording38,07/01/2025,07/01/2025,16:47:15.576,08:47:15.576,803474,Timeline1,Tobii I-VT (Fixation),1.241.54219,1080,1920,10.0,14.5,1.9,2.3,1.39,0.18,0.21,53,7,8,7.8,1.7,1.6,0.77,0.17,0.16,29,6,6,9688613150,,,,,,,,,,,,,,,,,,,,,Invalid,Invalid,,,,,,,,,,,,,,,,,Screen Recording,Screen Recording Recording38.mp4,1920,1080,0,0,960,540,EyesNotFound,248,1026,,,,,,,,,,,,,,,
280072494,1120613277397,Eye Tracker,LipReading,08/25/2025,Chenmingjie,Recording38,07/01/2025,07/01/2025,16:47:15.576,08:47:15.576,803474,Timeline1,Tobii I-VT (Fixation),1.241.54219,1080,1920,10.0,14.5,1.9,2.3,1.39,0.18,0.21,53,7,8,7.8,1.7,1.6,0.77,0.17,0.16,29,6,6,9688617151,,,,,,,,,,,,,,,,,,,,,Invalid,Invalid,,,,,,,,,,,,,,,,,Screen Recording,Screen Recording Recording38.mp4,1920,1080,0,0,960,540,EyesNotFound,248,1026,,,,,,,,,,,,,,,
280076494,1120613281397,Eye Tracker,LipReading,08/25/2025,Chenmingjie,Recording38,07/01/2025,07/01/2025,16:47:15.576,08:47:15.576,803474,Timeline1,Tobii I-VT (Fixation),1.241.54219,1080,1920,10.0,14.5,1.9,2.3,1.39,0.18,0.21,53,7,8,7.8,1.7,1.6,0.77,0.17,0.16,29,6,6,9688621151,,,,,,,,,,,,,,,,,,,,,Invalid,Invalid,,,,,,,,,,,,,,,,,Screen Recording,Screen Recording Recording38.mp4,1920,1080,0,0,960,540,EyesNotFound,248,1026,,,,,,,,,,,,,,,
280080493,1120613285396,Eye Tracker,LipReading,08/25/2025,Chenmingjie,Recording38,07/01/2025,07/01/2025,16:47:15.576,08:47:15.576,803474,Timeline1,Tobii I-VT (Fixation),1.241.54219,1080,1920,10.0,14.5,1.9,2.3,1.39,0.18,0.21,53,7,8,7.8,1.7,1.6,0.77,0.17,0.16,29,6,6,9688625150,,,,,,,,,,,,,,,,,,,,,Invalid,Invalid,,,,,,,,,,,,,,,,,Screen Recording,Screen Recording Recording38.mp4,1920,1080,0,0,960,540,EyesNotFound,248,1026,,,,,,,,,,,,,,,
280084494,1120613289397,Eye Tracker,LipReading,08/25/2025,Chenmingjie,Recording38,07/01/2025,07/01/2025,16:47:15.576,08:47:15.576,803474,Timeline1,Tobii I-VT (Fixation),1.241.54219,1080,1920,10.0,14.5,1.9,2.3,1.39,0.18,0.21,53,7,8,7.8,1.7,1.6,0.77,0.17,0.16,29,6,6,9688629151,,,,,,,,,,,,,,,,,,,,,Invalid,Invalid,,,,,,,,,,,,,,,,,Screen Recording,Screen Recording Recording38.mp4,1920,1080,0,0,960,540,EyesNotFound,248,1026,,,,,,,,,,,,,,,
280088494,1120613293397,Eye Tracker,LipReading,08/25/2025,Chenmingjie,Recording38,07/01/2025,07/01/2025,16:47:15.576,08:47:15.576,803474,Timeline1,Tobii I-VT (Fixation),1.241.54219,1080,1920,10.0,14.5,1.9,2.3,1.39,0.18,0.21,53,7,8,7.8,1.7,1.6,0.77,0.17,0.16,29,6,6,9688633151,,,,,,,,,,,,,,,,,,,,,Invalid,Invalid,,,,,,,,,,,,,,,,,Screen Recording,Screen Recording Recording38.mp4,1920,1080,0,0,960,540,EyesNotFound,248,1026,,,,,,,,,,,,,,,
280092493,1120613297396,Eye Tracker,LipReading,08/25/2025,Chenmingjie,Recording38,07/01/2025,07/01/2025,16:47:15.576,08:47:15.576,803474,Timeline1,Tobii I-VT (Fixation),1.241.54219,1080,1920,10.0,14.5,1.9,2.3,1.39,0.18,0.21,53,7,8,7.8,1.7,1.6,0.77,0.17,0.16,29,6,6,9688637150,,,,,,,,,,,,,,,,,,,,,Invalid,Invalid,,,,,,,,,,,,,,,,,Screen Recording,Screen Recording Recording38.mp4,1920,1080,0,0,960,540,EyesNotFound,248,1026,,,,,,,,,,,,,,,
280096493,1120613301396,Eye Tracker,LipReading,08/25/2025,Chenmingjie,Recording38,07/01/2025,07/01/2025,16:47:15.576,08:47:15.576,803474,Timeline1,Tobii I-VT (Fixation),1.241.54219,1080,1920,10.0,14.5,1.9,2.3,1.39,0.18,0.21,53,7,8,7.8,1.7,1.6,0.77,0.17,0.16,29,6,6,9688641150,,,,,,,,,,,,,,,,,,,,,Invalid,Invalid,,,,,,,,,,,,,,,,,Screen Recording,Screen Recording Recording38.mp4,1920,1080,0,0,960,540,EyesNotFound,248,1026,,,,,,,,,,,,,,,
280100494,1120613305397,Eye Tracker,LipReading,08/25/2025,Chenmingjie,Recording38,07/01/2025,07/01/2025,16:47:15.576,08:47:15.576,803474,Timeline1,Tobii I-VT (Fixation),1.241.54219,1080,1920,10.0,14.5,1.9,2.3,1.39,0.18,0.21,53,7,8,7.8,1.7,1.6,0.77,0.17,0.16,29,6,6,9688645151,,,,,,,,,,,,,,,,,,,,,Invalid,Invalid,,,,,,,,,,,,,,,,,Screen Recording,Screen Recording Recording38.mp4,1920,1080,0,0,960,540,EyesNotFound,248,1026,,,,,,,,,,,,,,,
280104493,1120613309396,Eye Tracker,LipReading,08/25/2025,Chenmingjie,Recording38,07/01/2025,07/01/2025,16:47:15.576,08:47:15.576,803474,Timeline1,Tobii I-VT (Fixation),1.241.54219,1080,1920,10.0,14.5,1.9,2.3,1.39,0.18,0.21,53,7,8,7.8,1.7,1.6,0.77,0.17,0.16,29,6,6,9688649150,,,,,,,,,,,,,,,,,,,,,Invalid,Invalid,,,,,,,,,,,,,,,,,Screen Recording,Screen Recording Recording38.mp4,1920,1080,0,0,960,540,EyesNotFound,248,1026,,,,,,,,,,,,,,,
280108493,1120613313396,Eye Tracker,LipReading,08/25/2025,Chenmingjie,Recording38,07/01/2025,07/01/2025,16:47:15.576,08:47:15.576,803474,Timeline1,Tobii I-VT (Fixation),1.241.54219,1080,1920,10.0,14.5,1.9,2.3,1.39,0.18,0.21,53,7,8,7.8,1.7,1.6,0.77,0.17,0.16,29,6,6,9688653150,,,,,,,,,,,,,,,,,,,,,Invalid,Invalid,,,,,,,,,,,,,,,,,Screen Recording,Screen Recording Recording38.mp4,1920,1080,0,0,960,540,EyesNotFound,248,1026,,,,,,,,,,,,,,,
280112494,1120613317397,Eye Tracker,LipReading,08/25/2025,Chenmingjie,Recording38,07/01/2025,07/01/2025,16:47:15.576,08:47:15.576,803474,Timeline1,Tobii I-VT (Fixation),1.241.54219,1080,1920,10.0,14.5,1.9,2.3,1.39,0.18,0.21,53,7,8,7.8,1.7,1.6,0.77,0.17,0.16,29,6,6,9688657151,,,,,,,,,,,,,,,,,,,,,Invalid,Invalid,,,,,,,,,,,,,,,,,Screen Recording,Screen Recording Recording38.mp4,1920,1080,0,0,960,540,EyesNotFound,248,1026,,,,,,,,,,,,,,,
280116493,1120613321396,Eye Tracker,LipReading,08/25/2025,Chenmingjie,Recording38,07/01/2025,07/01/2025,16:47:15.576,08:47:15.576,803474,Timeline1,Tobii I-VT (Fixation),1.241.54219,1080,1920,10.0,14.5,1.9,2.3,1.39,0.18,0.21,53,7,8,7.8,1.7,1.6,0.77,0.17,0.16,29,6,6,9688661151,,,,,,,,,,,,,,,,,,,,,Invalid,Invalid,,,,,,,,,,,,,,,,,Screen Recording,Screen Recording Recording38.mp4,1920,1080,0,0,960,540,EyesNotFound,248,1026,,,,,,,,,,,,,,,
280120492,1120613325395,Eye Tracker,LipReading,08/25/2025,Chenmingjie,Recording38,07/01/2025,07/01/2025,16:47:15.576,08:47:15.576,803474,Timeline1,Tobii I-VT (Fixation),1.241.54219,1080,1920,10.0,14.5,1.9,2.3,1.39,0.18,0.21,53,7,8,7.8,1.7,1.6,0.77,0.17,0.16,29,6,6,9688665150,,,,,,,,,,,,,,,,,,,,,Invalid,Invalid,,,,,,,,,,,,,,,,,Screen Recording,Screen Recording Recording38.mp4,1920,1080,0,0,960,540,EyesNotFound,248,1026,,,,,,,,,,,,,,,
280124493,1120613329396,Eye Tracker,LipReading,08/25/2025,Chenmingjie,Recording38,07/01/2025,07/01/2025,16:47:15.576,08:47:15.576,803474,Timeline1,Tobii I-VT (Fixation),1.241.54219,1080,1920,10.0,14.5,1.9,2.3,1.39,0.18,0.21,53,7,8,7.8,1.7,1.6,0.77,0.17,0.16,29,6,6,9688669151,,,,,,,,,,,,,,,,,,,,,Invalid,Invalid,,,,,,,,,,,,,,,,,Screen Recording,Screen Recording Recording38.mp4,1920,1080,0,0,960,540,EyesNotFound,248,1026,,,,,,,,,,,,,,,
280128493,1120613333396,Eye Tracker,LipReading,08/25/2025,Chenmingjie,Recording38,07/01/2025,07/01/2025,16:47:15.576,08:47:15.576,803474,Timeline1,Tobii I-VT (Fixation),1.241.54219,1080,1920,10.0,14.5,1.9,2.3,1.39,0.18,0.21,53,7,8,7.8,1.7,1.6,0.77,0.17,0.16,29,6,6,9688673151,,,,,,,,,,,,,,,,,,,,,Invalid,Invalid,,,,,,,,,,,,,,,,,Screen Recording,Screen Recording Recording38.mp4,1920,1080,0,0,960,540,EyesNotFound,248,1026,,,,,,,,,,,,,,,
280132492,1120613337395,Eye Tracker,LipReading,08/25/2025,Chenmingjie,Recording38,07/01/2025,07/01/2025,16:47:15.576,08:47:15.576,803474,Timeline1,Tobii I-VT (Fixation),1.241.54219,1080,1920,10.0,14.5,1.9,2.3,1.39,0.18,0.21,53,7,8,7.8,1.7,1.6,0.77,0.17,0.16,29,6,6,9688677150,,,,,,,,,,,,,,,,,,,,,Invalid,Invalid,,,,,,,,,,,,,,,,,Screen Recording,Screen Recording Recording38.mp4,1920,1080,0,0,960,540,EyesNotFound,248,1026,,,,,,,,,,,,,,,
280136492,1120613341395,Eye Tracker,LipReading,08/25/2025,Chenmingjie,Recording38,07/01/2025,07/01/2025,16:47:15.576,08:47:15.576,803474,Timeline1,Tobii I-VT (Fixation),1.241.54219,1080,1920,10.0,14.5,1.9,2.3,1.39,0.18,0.21,53,7,8,7.8,1.7,1.6,0.77,0.17,0.16,29,6,6,9688681150,,,,,,,,,,,,,,,,,,,,,Invalid,Invalid,,,,,,,,,,,,,,,,,Screen Recording,Screen Recording Recording38.mp4,1920,1080,0,0,960,540,EyesNotFound,248,1026,,,,,,,,,,,,,,,
280140493,1120613345396,Eye Tracker,LipReading,08/25/2025,Chenmingjie,Recording38,07/01/2025,07/01/2025,16:47:15.576,08:47:15.576,803474,Timeline1,Tobii I-VT (Fixation),1.241.54219,1080,1920,10.0,14.5,1.9,2.3,1.39,0.18,0.21,53,7,8,7.8,1.7,1.6,0.77,0.17,0.16,29,6,6,9688685151,,,,,,,,,,,,,,,,,,,,,Invalid,Invalid,,,,,,,,,,,,,,,,,Screen Recording,Screen Recording Recording38.mp4,1920,1080,0,0,960,540,EyesNotFound,248,1026,,,,,,,,,,,,,,,
280144492,1120613349395,Eye Tracker,LipReading,08/25/2025,Chenmingjie,Recording38,07/01/2025,07/01/2025,16:47:15.576,08:47:15.576,803474,Timeline1,Tobii I-VT (Fixation),1.241.54219,1080,1920,10.0,14.5,1.9,2.3,1.39,0.18,0.21,53,7,8,7.8,1.7,1.6,0.77,0.17,0.16,29,6,6,9688689150,,,,,,,,,,,,,,,,,,,,,Invalid,Invalid,,,,,,,,,,,,,,,,,Screen Recording,Screen Recording Recording38.mp4,1920,1080,0,0,960,540,EyesNotFound,248,1026,,,,,,,,,,,,,,,
280148492,1120613353395,Eye Tracker,LipReading,08/25/2025,Chenmingjie,Recording38,07/01/2025,07/01/2025,16:47:15.576,08:47:15.576,803474,Timeline1,Tobii I-VT (Fixation),1.241.54219,1080,1920,10.0,14.5,1.9,2.3,1.39,0.18,0.21,53,7,8,7.8,1.7,1.6,0.77,0.17,0.16,29,6,6,9688693150,,,,,,,,,,,,,,,,,,,,,Invalid,Invalid,,,,,,,,,,,,,,,,,Screen Recording,Screen Recording Recording38.mp4,1920,1080,0,0,960,540,EyesNotFound,248,1026,,,,,,,,,,,,,,,
280152493,1120613357396,Eye Tracker,LipReading,08/25/2025,Chenmingjie,Recording38,07/01/2025,07/01/2025,16:47:15.576,08:47:15.576,803474,Timeline1,Tobii I-VT (Fixation),1.241.54219,1080,1920,10.0,14.5,1.9,2.3,1.39,0.18,0.21,53,7,8,7.8,1.7,1.6,0.77,0.17,0.16,29,6,6,9688697151,,,,,,,,,,,,,,,,,,,,,Invalid,Invalid,,,,,,,,,,,,,,,,,Screen Recording,Screen Recording Recording38.mp4,1920,1080,0,0,960,540,EyesNotFound,248,1026,,,,,,,,,,,,,,,
280156494,1120613361397,Eye Tracker,LipReading,08/25/2025,Chenmingjie,Recording38,07/01/2025,07/01/2025,16:47:15.576,08:47:15.576,803474,Timeline1,Tobii I-VT (Fixation),1.241.54219,1080,1920,10.0,14.5,1.9,2.3,1.39,0.18,0.21,53,7,8,7.8,1.7,1.6,0.77,0.17,0.16,29,6,6,9688701152,,,,,,,,,,,,,,,,,,,,,Invalid,Invalid,,,,,,,,,,,,,,,,,Screen Recording,Screen Recording Recording38.mp4,1920,1080,0,0,960,540,EyesNotFound,248,1026,,,,,,,,,,,,,,,
280160493,1120613365396,Eye Tracker,LipReading,08/25/2025,Chenmingjie,Recording38,07/01/2025,07/01/2025,16:47:15.576,08:47:15.576,803474,Timeline1,Tobii I-VT (Fixation),1.241.54219,1080,1920,10.0,14.5,1.9,2.3,1.39,0.18,0.21,53,7,8,7.8,1.7,1.6,0.77,0.17,0.16,29,6,6,9688705151,,,,,,,,,,,,,,,,,,,,,Invalid,Invalid,,,,,,,,,,,,,,,,,Screen Recording,Screen Recording Recording38.mp4,1920,1080,0,0,960,540,EyesNotFound,248,1026,,,,,,,,,,,,,,,
280164494,1120613369397,Eye Tracker,LipReading,08/25/2025,Chenmingjie,Recording38,07/01/2025,07/01/2025,16:47:15.576,08:47:15.576,803474,Timeline1,Tobii I-VT (Fixation),1.241.54219,1080,1920,10.0,14.5,1.9,2.3,1.39,0.18,0.21,53,7,8,7.8,1.7,1.6,0.77,0.17,0.16,29,6,6,9688709152,,,,,,,,,,,,,,,,,,,,,Invalid,Invalid,,,,,,,,,,,,,,,,,Screen Recording,Screen Recording Recording38.mp4,1920,1080,0,0,960,540,EyesNotFound,248,1026,,,,,,,,,,,,,,,
280168494,1120613373397,Eye Tracker,LipReading,08/25/2025,Chenmingjie,Recording38,07/01/2025,07/01/2025,16:47:15.576,08:47:15.576,803474,Timeline1,Tobii I-VT (Fixation),1.241.54219,1080,1920,10.0,14.5,1.9,2.3,1.39,0.18,0.21,53,7,8,7.8,1.7,1.6,0.77,0.17,0.16,29,6,6,9688713152,,,,,,,,,,,,,,,,,,,,,Invalid,Invalid,,,,,,,,,,,,,,,,,Screen Recording,Screen Recording Recording38.mp4,1920,1080,0,0,960,540,EyesNotFound,248,1026,,,,,,,,,,,,,,,
280172493,1120613377396,Eye Tracker,LipReading,08/25/2025,Chenmingjie,Recording38,07/01/2025,07/01/2025,16:47:15.576,08:47:15.576,803474,Timeline1,Tobii I-VT (Fixation),1.241.54219,1080,1920,10.0,14.5,1.9,2.3,1.39,0.18,0.21,53,7,8,7.8,1.7,1.6,0.77,0.17,0.16,29,6,6,9688717151,,,,,,,,,,,,,,,,,,,,,Invalid,Invalid,,,,,,,,,,,,,,,,,Screen Recording,Screen Recording Recording38.mp4,1920,1080,0,0,960,540,EyesNotFound,248,1026,,,,,,,,,,,,,,,
280176493,1120613381396,Eye Tracker,LipReading,08/25/2025,Chenmingjie,Recording38,07/01/2025,07/01/2025,16:47:15.576,08:47:15.576,803474,Timeline1,Tobii I-VT (Fixation),1.241.54219,1080,1920,10.0,14.5,1.9,2.3,1.39,0.18,0.21,53,7,8,7.8,1.7,1.6,0.77,0.17,0.16,29,6,6,9688721151,,,,,,,,,,,,,,,,,,,,,Invalid,Invalid,,,,,,,,,,,,,,,,,Screen Recording,Screen Recording Recording38.mp4,1920,1080,0,0,960,540,EyesNotFound,248,1026,,,,,,,,,,,,,,,
280180494,1120613385397,Eye Tracker,LipReading,08/25/2025,Chenmingjie,Recording38,07/01/2025,07/01/2025,16:47:15.576,08:47:15.576,803474,Timeline1,Tobii I-VT (Fixation),1.241.54219,1080,1920,10.0,14.5,1.9,2.3,1.39,0.18,0.21,53,7,8,7.8,1.7,1.6,0.77,0.17,0.16,29,6,6,9688725152,,,,,,,,,,,,,,,,,,,,,Invalid,Invalid,,,,,,,,,,,,,,,,,Screen Recording,Screen Recording Recording38.mp4,1920,1080,0,0,960,540,EyesNotFound,248,1026,,,,,,,,,,,,,,,
280184493,1120613389396,Eye Tracker,LipReading,08/25/2025,Chenmingjie,Recording38,07/01/2025,07/01/2025,16:47:15.576,08:47:15.576,803474,Timeline1,Tobii I-VT (Fixation),1.241.54219,1080,1920,10.0,14.5,1.9,2.3,1.39,0.18,0.21,53,7,8,7.8,1.7,1.6,0.77,0.17,0.16,29,6,6,9688729151,,,,,,,,,,,,,,,,,,,,,Invalid,Invalid,,,,,,,,,,,,,,,,,Screen Recording,Screen Recording Recording38.mp4,1920,1080,0,0,960,540,EyesNotFound,248,1026,,,,,,,,,,,,,,,
280188493,1120613393396,Eye Tracker,LipReading,08/25/2025,Chenmingjie,Recording38,07/01/2025,07/01/2025,16:47:15.576,08:47:15.576,803474,Timeline1,Tobii I-VT (Fixation),1.241.54219,1080,1920,10.0,14.5,1.9,2.3,1.39,0.18,0.21,53,7,8,7.8,1.7,1.6,0.77,0.17,0.16,29,6,6,9688733151,,,,,,,,,,,,,,,,,,,,,Invalid,Invalid,,,,,,,,,,,,,,,,,Screen Recording,Screen Recording Recording38.mp4,1920,1080,0,0,960,540,EyesNotFound,248,1026,,,,,,,,,,,,,,,
280192494,1120613397397,Eye Tracker,LipReading,08/25/2025,Chenmingjie,Recording38,07/01/2025,07/01/2025,16:47:15.576,08:47:15.576,803474,Timeline1,Tobii I-VT (Fixation),1.241.54219,1080,1920,10.0,14.5,1.9,2.3,1.39,0.18,0.21,53,7,8,7.8,1.7,1.6,0.77,0.17,0.16,29,6,6,9688737152,,,,,,,,,,,,,,,,,,,,,Invalid,Invalid,,,,,,,,,,,,,,,,,Screen Recording,Screen Recording Recording38.mp4,1920,1080,0,0,960,540,EyesNotFound,248,1026,,,,,,,,,,,,,,,
280196494,1120613401397,Eye Tracker,LipReading,08/25/2025,Chenmingjie,Recording38,07/01/2025,07/01/2025,16:47:15.576,08:47:15.576,803474,Timeline1,Tobii I-VT (Fixation),1.241.54219,1080,1920,10.0,14.5,1.9,2.3,1.39,0.18,0.21,53,7,8,7.8,1.7,1.6,0.77,0.17,0.16,29,6,6,9688741152,,,,,,,,,,,,,,,,,,,,,Invalid,Invalid,,,,,,,,,,,,,,,,,Screen Recording,Screen Recording Recording38.mp4,1920,1080,0,0,960,540,EyesNotFound,248,1026,,,,,,,,,,,,,,,
280200493,1120613405396,Eye Tracker,LipReading,08/25/2025,Chenmingjie,Recording38,07/01/2025,07/01/2025,16:47:15.576,08:47:15.576,803474,Timeline1,Tobii I-VT (Fixation),1.241.54219,1080,1920,10.0,14.5,1.9,2.3,1.39,0.18,0.21,53,7,8,7.8,1.7,1.6,0.77,0.17,0.16,29,6,6,9688745151,,,,,,,,,,,,,,,,,,,,,Invalid,Invalid,,,,,,,,,,,,,,,,,Screen Recording,Screen Recording Recording38.mp4,1920,1080,0,0,960,540,EyesNotFound,248,1026,,,,,,,,,,,,,,,
280204493,1120613409396,Eye Tracker,LipReading,08/25/2025,Chenmingjie,Recording38,07/01/2025,07/01/2025,16:47:15.576,08:47:15.576,803474,Timeline1,Tobii I-VT (Fixation),1.241.54219,1080,1920,10.0,14.5,1.9,2.3,1.39,0.18,0.21,53,7,8,7.8,1.7,1.6,0.77,0.17,0.16,29,6,6,9688749152,,,790,554,,,790,554,,,,-0.13681,0.12291,-0.98294,,3.79,3.79,,,,Invalid,Valid,,,,285.2,89.6,496.2,,,216.2,151.7,0.4114,0.5131,,,0.4114,0.5131,Screen Recording,Screen Recording Recording38.mp4,1920,1080,0,0,960,540,Saccade,64,1348,,,,,,,,,,,,,,,
280208493,1120613413396,Eye Tracker,LipReading,08/25/2025,Chenmingjie,Recording38,07/01/2025,07/01/2025,16:47:15.576,08:47:15.576,803474,Timeline1,Tobii I-VT (Fixation),1.241.54219,1080,1920,10.0,14.5,1.9,2.3,1.39,0.18,0.21,53,7,8,7.8,1.7,1.6,0.77,0.17,0.16,29,6,6,9688753152,,,790,501,,,790,501,,,,-0.13703,0.09441,-0.98606,,3.688,3.704,,,,Invalid,Valid,,,,285.3,89.6,496.2,,,216.3,137.1,0.4116,0.4639,,,0.4116,0.4639,Screen Recording,Screen Recording Recording38.mp4,1920,1080,0,0,960,540,Saccade,64,1348,,,,,,,,,,,,,,,
280212492,1120613417395,Eye Tracker,LipReading,08/25/2025,Chenmingjie,Recording38,07/01/2025,07/01/2025,16:47:15.576,08:47:15.576,803474,Timeline1,Tobii I-VT (Fixation),1.241.54219,1080,1920,10.0,14.5,1.9,2.3,1.39,0.18,0.21,53,7,8,7.8,1.7,1.6,0.77,0.17,0.16,29,6,6,9688757151,,,784,467,,,784,467,,,,-0.14089,0.07581,-0.98712,,3.704,3.735,,,,Invalid,Valid,,,,285.3,89.6,496.2,,,214.4,127.7,0.4081,0.432,,,0.4081,0.432,Screen Recording,Screen Recording Recording38.mp4,1920,1080,0,0,960,540,Saccade,64,1348,,,,,,,,,,,,,,,
280216492,1120613421395,Eye Tracker,LipReading,08/25/2025,Chenmingjie,Recording38,07/01/2025,07/01/2025,16:47:15.576,08:47:15.576,803474,Timeline1,Tobii I-VT (Fixation),1.241.54219,1080,1920,10.0,14.5,1.9,2.3,1.39,0.18,0.21,53,7,8,7.8,1.7,1.6,0.77,0.17,0.16,29,6,6,9688761151,,,777,459,,,777,459,,,,-0.14459,0.07183,-0.98688,,3.735,3.735,,,,Invalid,Valid,,,,285.3,89.5,496.2,,,212.6,125.7,0.4046,0.4252,,,0.4046,0.4252,Screen Recording,Screen Recording Recording38.mp4,1920,1080,0,0,960,540,Saccade,64,1348,,,,,,,,,,,,,,,
280220493,1120613425396,Eye Tracker,LipReading,08/25/2025,Chenmingjie,Recording38,07/01/2025,07/01/2025,16:47:15.576,08:47:15.576,803474,Timeline1,Tobii I-VT (Fixation),1.241.54219,1080,1920,10.0,14.5,1.9,2.3,1.39,0.18,0.21,53,7,8,7.8,1.7,1.6,0.77,0.17,0.16,29,6,6,9688765152,,,785,448,,,785,448,,,,-0.14046,0.06595,-0.98789,,3.787,3.787,,,,Invalid,Valid,,,,285.3,89.6,496.2,,,214.8,122.7,0.4087,0.4151,,,0.4087,0.4151,Screen Recording,Screen Recording Recording38.mp4,1920,1080,0,0,960,540,Saccade,64,1348,,,,,,,,,,,,,,,
280224492,1120613429395,Eye Tracker,LipReading,08/25/2025,Chenmingjie,Recording38,07/01/2025,07/01/2025,16:47:15.576,08:47:15.576,803474,Timeline1,Tobii I-VT (Fixation),1.241.54219,1080,1920,10.0,14.5,1.9,2.3,1.39,0.18,0.21,53,7,8,7.8,1.7,1.6,0.77,0.17,0.16,29,6,6,9688769151,,,776,439,,,776,439,,,,-0.14536,0.0611,-0.98749,,3.787,3.787,,,,Invalid,Valid,,,,285.3,89.5,496.2,,,212.3,120.2,0.404,0.4068,,,0.404,0.4068,Screen Recording,Screen Recording Recording38.mp4,1920,1080,0,0,960,540,Saccade,64,1348,,,,,,,,,,,,,,,
280228492,1120613433395,Eye Tracker,LipReading,08/25/2025,Chenmingjie,Recording38,07/01/2025,07/01/2025,16:47:15.576,08:47:15.576,803474,Timeline1,Tobii I-VT (Fixation),1.241.54219,1080,1920,10.0,14.5,1.9,2.3,1.39,0.18,0.21,53,7,8,7.8,1.7,1.6,0.77,0.17,0.16,29,6,6,9688773151,,,777,434,,,777,434,,,,-0.14472,0.05845,-0.98774,,3.826,3.826,,,,Invalid,Valid,,,,285.3,89.5,496.2,,,212.7,118.9,0.4047,0.4022,,,0.4047,0.4022,Screen Recording,Screen Recording Recording38.mp4,1920,1080,0,0,960,540,Saccade,64,1348,,,,,,,,,,,,,,,
280232493,1120613437396,Eye Tracker,LipReading,08/25/2025,Chenmingjie,Recording38,07/01/2025,07/01/2025,16:47:15.576,08:47:15.576,803474,Timeline1,Tobii I-VT (Fixation),1.241.54219,1080,1920,10.0,14.5,1.9,2.3,1.39,0.18,0.21,53,7,8,7.8,1.7,1.6,0.77,0.17,0.16,29,6,6,9688777152,,,784,474,785,517,782,432,-0.01491,0.10096,-0.99478,-0.14202,0.05718,-0.98821,4.031,3.834,3.932,,,,Valid,Valid,222.3,91.0,497.4,285.4,89.5,496.2,214.9,141.4,214.1,118.2,0.4081,0.4392,0.4089,0.4786,0.4074,0.3999,Screen Recording,Screen Recording Recording38.mp4,1920,1080,0,0,960,540,Saccade,64,1348,,,,,,,,,,,,,,,
280236493,1120613441396,Eye Tracker,LipReading,08/25/2025,Chenmingjie,Recording38,07/01/2025,07/01/2025,16:47:15.576,08:47:15.576,803474,Timeline1,Tobii I-VT (Fixation),1.241.54219,1080,1920,10.0,14.5,1.9,2.3,1.39,0.18,0.21,53,7,8,7.8,1.7,1.6,0.77,0.17,0.16,29,6,6,9688781152,,,785,475,791,526,778,424,-0.01158,0.10616,-0.99428,-0.14414,0.0527,-0.98815,4.116,3.851,3.98,,,,Valid,Valid,222.3,91.0,497.4,285.4,89.5,496.2,216.5,144.1,213.0,115.9,0.4087,0.4398,0.4121,0.4874,0.4054,0.3923,Screen Recording,Screen Recording Recording38.mp4,1920,1080,0,0,960,540,Saccade,64,1348,,,,,,,,,,,,,,,
280240492,1120613445395,Eye Tracker,LipReading,08/25/2025,Chenmingjie,Recording38,07/01/2025,07/01/2025,16:47:15.576,08:47:15.576,803474,Timeline1,Tobii I-VT (Fixation),1.241.54219,1080,1920,10.0,14.5,1.9,2.3,1.39,0.18,0.21,53,7,8,7.8,1.7,1.6,0.77,0.17,0.16,29,6,6,9688785151,,,785,419,,,785,419,,,,-0.14075,0.05035,-0.98876,,3.844,3.985,,,,Invalid,Valid,,,,285.4,89.5,496.1,,,214.8,114.7,0.4087,0.3882,,,0.4087,0.3882,Screen Recording,Screen Recording Recording38.mp4,1920,1080,0,0,960,540,Saccade,64,1348,,,,,,,,,,,,,,,
280244493,1120613449396,Eye Tracker,LipReading,08/25/2025,Chenmingjie,Recording38,07/01/2025,07/01/2025,16:47:15.576,08:47:15.576,803474,Timeline1,Tobii I-VT (Fixation),1.241.54219,1080,1920,10.0,14.5,1.9,2.3,1.39,0.18,0.21,53,7,8,7.8,1.7,1.6,0.77,0.17,0.16,29,6,6,9688789152,,,785,412,,,785,412,,,,-0.14054,0.0465,-0.98898,,3.879,4.0,,,,Invalid,Valid,,,,285.4,89.5,496.1,,,214.9,112.8,0.409,0.3817,,,0.409,0.3817,Screen Recording,Screen Recording Recording38.mp4,1920,1080,0,0,960,540,Saccade,64,1348,,,,,,,,,,,,,,,
280248493,1120613453396,Eye Tracker,LipReading,08/25/2025,Chenmingjie,Recording38,07/01/2025,07/01/2025,16:47:15.576,08:47:15.576,803474,Timeline1,Tobii I-VT (Fixation),1.241.54219,1080,1920,10.0,14.5,1.9,2.3,1.39,0.18,0.21,53,7,8,7.8,1.7,1.6,0.77,0.17,0.16,29,6,6,9688793152,,,784,443,786,483,782,404,-0.01458,0.08238,-0.99649,-0.14246,0.04216,-0.9889,4.128,3.889,4.006,,,,Valid,Valid,222.4,91.0,497.2,285.4,89.5,496.1,215.1,132.1,214.0,110.6,0.4083,0.4106,0.4094,0.4469,0.4072,0.3743,Screen Recording,Screen Recording Recording38.mp4,1920,1080,0,0,960,540,Saccade,64,1348,,,,,,,,,,,,,,,
280252493,1120613457396,Eye Tracker,LipReading,08/25/2025,Chenmingjie,Recording38,07/01/2025,07/01/2025,16:47:15.576,08:47:15.576,803474,Timeline1,Tobii I-VT (Fixation),1.241.54219,1080,1920,10.0,14.5,1.9,2.3,1.39,0.18,0.21,53,7,8,7.8,1.7,1.6,0.77,0.17,0.16,29,6,6,9688797152,,,780,429,778,464,783,393,-0.0192,0.07231,-0.9972,-0.14183,0.03617,-0.98923,4.109,3.908,4.016,,,,Valid,Valid,222.4,91.0,497.2,285.4,89.5,496.0,212.8,127.0,214.3,107.6,0.4064,0.397,0.405,0.4298,0.4079,0.3641,Screen Recording,Screen Recording Recording38.mp4,1920,1080,0,0,960,540,Saccade,64,1348,,,,,,,,,,,,,,,
280256492,1120613461395,Eye Tracker,LipReading,08/25/2025,Chenmingjie,Recording38,07/01/2025,07/01/2025,16:47:15.576,08:47:15.576,803474,Timeline1,Tobii I-VT (Fixation),1.241.54219,1080,1920,10.0,14.5,1.9,2.3,1.39,0.18,0.21,53,7,8,7.8,1.7,1.6,0.77,0.17,0.16,29,6,6,9688801151,,,784,427,784,470,784,384,-0.01578,0.07555,-0.99702,-0.1416,0.03122,-0.98943,4.132,3.928,4.019,,,,Valid,Valid,222.4,90.9,497.2,285.4,89.5,496.0,214.5,128.6,214.4,105.1,0.4082,0.3954,0.4083,0.4352,0.4081,0.3557,Screen Recording,Screen Recording Recording38.mp4,1920,1080,0,0,960,540,Saccade,64,1348,,,,,,,,,,,,,,,
280260493,1120613465396,Eye Tracker,LipReading,08/25/2025,Chenmingjie,Recording38,07/01/2025,07/01/2025,16:47:15.576,08:47:15.576,803474,Timeline1,Tobii I-VT (Fixation),1.241.54219,1080,1920,10.0,14.5,1.9,2.3,1.39,0.18,0.21,53,7,8,7.8,1.7,1.6,0.77,0.17,0.16,29,6,6,9688805152,,,784,421,781,457,787,385,-0.01714,0.06845,-0.99751,-0.13988,0.0319,-0.98966,4.108,3.938,4.023,,,,Valid,Valid,222.4,91.0,497.1,285.4,89.5,495.9,213.9,125.1,215.3,105.5,0.4084,0.39,0.407,0.4231,0.4098,0.3569,Screen Recording,Screen Recording Recording38.mp4,1920,1080,0,0,960,540,Saccade,64,1348,,,,,,,,,,,,,,,
280264492,1120613469395,Eye Tracker,LipReading,08/25/2025,Chenmingjie,Recording38,07/01/2025,07/01/2025,16:47:15.576,08:47:15.576,803474,Timeline1,Tobii I-VT (Fixation),1.241.54219,1080,1920,10.0,14.5,1.9,2.3,1.39,0.18,0.21,53,7,8,7.8,1.7,1.6,0.77,0.17,0.16,29,6,6,9688809151,,,781,414,779,447,783,382,-0.01847,0.06297,-0.99784,-0.14212,0.02975,-0.9894,4.11,3.937,4.034,,,,Valid,Valid,222.4,90.9,497.1,285.5,89.5,495.9,213.2,122.3,214.2,104.4,0.4068,0.3835,0.4058,0.4139,0.4077,0.3532,Screen Recording,Screen Recording Recording38.mp4,1920,1080,0,0,960,540,Saccade,64,1348,,,,,,,,,,,,,,,
280268492,1120613473395,Eye Tracker,LipReading,08/25/2025,Chenmingjie,Recording38,07/01/2025,07/01/2025,16:47:15.576,08:47:15.576,803474,Timeline1,Tobii I-VT (Fixation),1.241.54219,1080,1920,10.0,14.5,1.9,2.3,1.39,0.18,0.21,53,7,8,7.8,1.7,1.6,0.77,0.17,0.16,29,6,6,9688813151,,,780,416,781,445,780,386,-0.01764,0.06189,-0.99793,-0.14368,0.03227,-0.9891,4.13,3.941,4.036,,,,Valid,Valid,222.4,90.9,497.1,285.5,89.5,495.9,213.6,121.8,213.4,105.7,0.4064,0.3848,0.4066,0.412,0.4062,0.3575,Screen Recording,Screen Recording Recording38.mp4,1920,1080,0,0,960,540,Fixation,160,505,783,385,0.4078,0.3562,,,,,,,,,,,
280272492,1120613477395,Eye Tracker,LipReading,08/25/2025,Chenmingjie,Recording38,07/01/2025,07/01/2025,16:47:15.576,08:47:15.576,803474,Timeline1,Tobii I-VT (Fixation),1.241.54219,1080,1920,10.0,14.5,1.9,2.3,1.39,0.18,0.21,53,7,8,7.8,1.7,1.6,0.77,0.17,0.16,29,6,6,9688817151,,,781,410,780,437,782,382,-0.01827,0.0577,-0.99817,-0.14264,0.0301,-0.98932,4.159,3.956,4.051,,,,Valid,Valid,222.4,90.9,497.1,285.5,89.5,495.8,213.3,119.7,214.0,104.6,0.4066,0.3794,0.406,0.4049,0.4073,0.3539,Screen Recording,Screen Recording Recording38.mp4,1920,1080,0,0,960,540,Fixation,160,505,783,385,0.4078,0.3562,,,,,,,,,,,
